SYMBOL,metap,metafc,idx,k_valid,FDR
RAMP1,1.6359466378351088e-79,0.8064801920774066,63.539534602252644,3,2.399115744385187e-76
COX8A,4.3363173936979494e-131,0.4346208498007049,56.658425226251154,3,1.2718418915716086e-127
ZNF891,2.4940290776488642e-58,-0.6353100100441021,-36.59582507862038,3,4.5718670529650745e-56
TMEM54,1.3600782235908132e-29,0.9028121421758009,26.06096902405196,3,2.7322667327341474e-28
AIP,1.381929915162165e-57,0.44833073972856297,25.491867964035748,3,2.3842355536297823e-55
TAC1,5.046598757529991e-17,-1.5293662503915832,-24.924083653908937,3,2.1091641559715695e-16
OCIAD1,1.9181287822285354e-42,-0.5917172675529144,-24.68474158076177,3,1.2786072086991576e-40
AP3S1,7.633264686314877e-40,-0.6189139094870666,-24.210234683169677,3,4.3898755539140263e-38
ABCA5,6.284402126170123e-34,-0.726163861885875,-24.109900859124526,3,2.0480168262285523e-32
RNPEPL1,1.8289814576216148e-37,0.6381691404113462,23.444924309983037,3,8.00657106746895e-36
UTP15,7.057853023278089e-39,-0.6005709727731231,-22.91257980312356,3,3.6316987574166025e-37
GK5,1.5661787687010636e-43,-0.5340113487588974,-22.858440513963433,3,1.2088427180526895e-41
NDUFA5,1.7882381912686233e-34,-0.6571403935344067,-22.176894475925028,4,6.475188413568977e-33
PPEF1,4.2347603381591256e-18,-1.267538889265626,-22.021170079072878,3,2.0033148502936637e-17
PYROXD1,1.2437727417141951e-29,-0.7572369630211241,-21.888130514247955,3,2.5333232301720378e-28
GLMN,2.5458896372360874e-30,-0.733663719062326,-21.712161801161773,4,5.65688962576776e-29
SYVN1,6.838691993713268e-45,0.48292115195899765,21.32822569385137,3,5.571634338211394e-43
CLIP2,3.766786582155652e-36,0.5960412435458124,21.114182287783233,3,1.5344423674253513e-34
CRB2,1.2017270650293298e-28,0.7493926811191994,20.92318915715787,3,2.1491862693481854e-27
GUF1,8.811436480881486e-43,-0.49727131365973176,-20.912721865996886,3,6.303400780103755e-41
NDUFB5,4.5880112127854205e-34,-0.6267194864440566,-20.89380959065432,3,1.5467398720804184e-32
CERS1,7.268287844735682e-28,0.7657690383217644,20.781875028225986,4,1.2181650427777005e-26
ATR,2.1779179153432207e-43,-0.4862603054891133,-20.744816969384086,4,1.6379059604363247e-41
VPS50,1.0484556199210361e-42,-0.4913968126233809,-20.62856790015999,4,7.321715079115235e-41
TMX3,1.333615438181339e-35,-0.5780301903805801,-20.15878519351974,3,5.215325440247824e-34
GYPC,1.7212742767111482e-26,0.7792324353938255,20.07626128913384,3,2.45072691922029e-25
ADCYAP1,4.912937441914581e-16,-1.305475251187566,-19.9850751476898,3,1.847390450914803e-15
FOXJ1,2.8457913142535293e-12,1.7268488047302575,19.937845663610094,4,6.582575650398739e-12
HSPB1,2.3833750684590856e-19,1.0672908017704965,19.875951263106213,4,1.3933262451877588e-18
TSNAX,5.680587035200681e-30,-0.6641517990796141,-19.423522359256296,3,1.225085424576735e-28
AP1B1,1.2620062292459363e-66,0.2943233259479364,19.39559475617493,3,4.626830337972914e-64
NDUFB7,2.471635354386828e-67,0.2876174594339866,19.15734060770988,3,1.035615213488081e-64
CHML,5.603133324454884e-26,-0.7575317512525283,-19.12886531942339,4,7.436194588518632e-25
FAM204A,1.5609748865736955e-46,-0.41311013818196013,-18.92317254276264,3,1.4768836588131125e-44
NLK,1.4399475534640426e-37,-0.5023263338050266,-18.506532646425388,3,6.39903965804551e-36
MAS1,7.285918957640143e-13,-1.5091999700071526,-18.317938275752205,4,1.8264615643383366e-12
SLC25A1,4.570442326912268e-32,0.581103549589987,18.211809515057595,3,1.229826361911347e-30
DHX36,1.6789370164490078e-35,-0.5124830727104288,-17.82158122186108,4,6.313233678519154e-34
CD37,5.022639583611036e-23,0.7934343944907809,17.692847504373713,3,4.73678517644089e-22
ABCE1,6.350571979850945e-32,-0.5612835987306553,-17.510469477837827,3,1.6932934197184386e-30
UBA5,3.5550378031875405e-38,-0.4672850565904764,-17.49943087640635,3,1.6817622381853315e-36
DNAJB14,6.130753616844156e-30,-0.5990340254727025,-17.49927316470012,3,1.3030072723336166e-28
MT1F,1.548479364270067e-16,1.1035480638330892,17.447199260428135,3,6.129136269101358e-16
RAB3IP,1.6332869983586716e-39,-0.4465607495590107,-17.32072388090346,3,9.212366858049968e-38
SELPLG,3.9311128150852607e-23,0.7693697205373978,17.238101342589708,3,3.7556853050961137e-22
MFSD8,1.372727234629698e-33,-0.5225797126311116,-17.17323177895633,3,4.2832010416690473e-32
TGFB1,9.354529753566364e-25,0.7083782409576312,17.0216051955106,4,1.0801903845358326e-23
RFX1,1.0516213819090019e-32,0.5303125223149141,16.958408396421717,3,2.994568459358352e-31
MDGA1,9.021879831996685e-22,0.8052306033889995,16.945838864102175,4,7.309716449515547e-21
ZNF540,5.804209145066422e-26,-0.6695792757631821,-16.89767464945863,3,7.668353793909826e-25
ARHGEF10L,8.95849317494878e-37,0.4683490844894749,16.882937751023288,4,3.8080087655253293e-35
LYRM9,2.842692805890547e-17,-1.016205522835587,-16.814411027036037,3,1.2243198237411122e-16
ACSL3,1.7196953909493213e-31,-0.5456713324539078,-16.78733215744752,3,4.348160846253758e-30
LRP5,5.536213508549917e-23,0.7542196627605506,16.78650651297072,4,5.122307325103125e-22
DDR1,1.886514633877113e-15,1.1396717596840134,16.780914274651707,3,6.463957267712116e-15
DPY19L2,2.883254314461279e-25,-0.6816999627796291,-16.728996879202278,3,3.538320043646415e-24
HMGN1,7.180000412334465e-37,-0.4604950797606023,-16.64407684542083,3,3.0969031190260276e-35
PPP1R2,4.593545453100187e-27,-0.6317170304622229,-16.638069642776244,3,6.980761043493704e-26
SCOC,3.1938274946244272e-27,-0.6257851776751994,-16.58060916358889,3,4.9756534168602465e-26
SF3B5,6.533791507793594e-66,0.25432306355902734,16.57800686558957,3,2.1292900547065125e-63
RPLP1,1.6102678991784492e-32,0.5203994779175911,16.545113611759568,3,4.498014998371801e-31
ASAH2B,2.8250821483769025e-21,-0.8027901669248013,-16.49651018873528,3,2.1246066515870398e-20
GPCPD1,2.1371233535164623e-26,-0.6409283510978986,-16.452739993211374,3,2.9899514351886955e-25
SCAND1,3.8768929292160576e-60,0.2729872400993979,16.218585835656686,3,8.746866893377458e-58
TSPAN4,1.7068401930202472e-27,0.6056139555021554,16.210957561470188,4,2.735607806627533e-26
BCAT1,1.2513481343418186e-27,-0.5993638490454044,-16.124458981157513,4,2.0390022655691967e-26
RAVER1,1.8546617066958336e-32,0.507665009881529,16.109091712014692,3,5.083853070784e-31
UBLCP1,1.899231439925578e-24,-0.6772538947217709,-16.06542551166484,5,2.070797700112164e-23
DNAJC10,3.499174312060754e-33,-0.4949603839147931,-16.064451258118606,3,1.058049304873628e-31
CDH23,2.789853597381401e-21,0.7807253773281203,16.04735620671914,4,2.1043552820460735e-20
NRAS,4.831532277401844e-40,-0.4070029734377923,-16.001694355142952,3,2.8341768339239217e-38
GDAP1,7.127837744263655e-27,-0.6119446924528582,-16.00054369456771,4,1.034947925936896e-25
ACTR6,4.879257787967484e-27,-0.6059361522859851,-15.943177680558323,3,7.376733552633315e-26
GAREM2,5.968155626387799e-18,0.9239624944025651,15.914477708852631,4,2.774104667542855e-17
NDUFA11,9.212284390359645e-70,0.2294739574321919,15.841879831126962,3,5.403926023384968e-67
DPP8,1.419745761636969e-35,-0.4532642650721815,-15.795257660456933,3,5.4790977880016184e-34
BCL9L,3.50412904735767e-27,0.5901781441066127,15.613410623069809,4,5.38094790361259e-26
ADAMTS2,5.5113184227933715e-18,0.9030011986960371,15.584666968223274,4,2.590496303534128e-17
ZWILCH,4.4549168180946235e-21,-0.7651581278301863,-15.571855791347394,3,3.2262397598695134e-20
PLXNB2,6.9887155726008285e-31,0.5160975971167052,15.563234059077535,4,1.6801559651178877e-29
PAK4,8.78059355760516e-30,0.5347935586253602,15.53921626816997,3,1.8136254158067558e-28
AIFM3,1.2145847385063426e-18,0.8664325610340184,15.52263508645786,3,6.338749178005521e-18
COX6B1,2.432908865768045e-73,0.2124927139824253,15.429919192820687,3,1.783930425824419e-70
FZD9,6.887169843525006e-20,0.8039211882997117,15.404705015687366,3,4.1995985761037093e-19
CNNM3,1.859787189658962e-31,0.5006731472562989,15.385954550528565,3,4.6621844677519106e-30
SMIM14,8.315599908966303e-32,-0.4915486838587713,-15.277385402082121,4,2.1776477261605504e-30
MATR3,4.177246414674612e-29,-0.538215929087849,-15.274089004238693,3,7.803734862573655e-28
TRIP10,1.094402678259864e-15,1.0188964921511237,15.243529924414599,3,3.890767339801432e-15
C5ORF22,1.5188744521146144e-25,-0.6125186879234266,-15.201781656024234,4,1.9538854245842826e-24
FGF9,5.309818606213308e-14,-1.1414382104197807,-15.152501287834614,3,1.5373838077022341e-13
HSPB2,1.138957791105666e-23,0.656800294830547,15.0692925532161,3,1.1559042219075843e-22
PCYOX1L,2.0002625175508651e-16,-0.954896054329987,-14.99083008394426,3,7.832803690222546e-16
DYNC2LI1,2.4060019825909837e-24,-0.6340405435735414,-14.975215934791258,4,2.5656030339853676e-23
TRAPPC13,6.681660324804484e-27,-0.5701937933515265,-14.924888458994438,4,9.847894338015854e-26
GRAMD1A,1.6475098351042896e-35,0.4283836659524658,14.900542728015736,3,6.275514735533613e-34
WDR75,8.162652822669092e-31,-0.49359785345256557,-14.851455472150924,3,1.946427701535646e-29
HNRNPH1,5.963262326011252e-76,-0.19540614025236328,-14.69933234061287,3,5.830082800730334e-73
KANK2,3.6823462665538483e-19,0.7947954665588948,14.651160579455336,4,2.0850041698460304e-18
STX12,9.631435805489817e-31,-0.4858688882378018,-14.583990666135714,3,2.241984223611241e-29
WFIKKN1,5.534823544396703e-16,0.9551863765892137,14.573179418664694,3,2.0653482768085917e-15
LRRC8B,3.629216117275195e-24,-0.6205846933852199,-14.54662136722653,3,3.801603882845766e-23
NEUROD6,3.9702154306942543e-13,-1.1726657906066311,-14.54244649958578,5,1.0259596350860131e-12
ALOX15B,3.186882221499104e-12,1.2574252615505808,14.456157997517563,3,7.296741261246583e-12
PCSK1,1.8964929403969136e-10,-1.4869169829947566,-14.455879425019063,3,3.531691297894697e-10
PIEZO1,3.5178265795058545e-25,0.5906880404155725,14.4445232401882,3,4.26354766846722e-24
TSPAN33,2.287826237038854e-24,0.6106912459207158,14.437093400294167,3,2.4489760413266274e-23
PRELP,3.845526714109815e-18,0.8256086803833691,14.378011633816556,4,1.8369592593622292e-17
TCEAL7,3.661206809106613e-24,-0.6119159866267442,-14.341092983046035,4,3.821466039540817e-23
OBSL1,1.3362413322940308e-42,0.3421301600865679,14.326397702264062,3,9.11440890143812e-41
PSMD12,1.4936164687489642e-27,-0.5330609250140196,-14.299764923003943,3,2.4203188413484596e-26
LRP4,2.922972059915499e-22,0.6621552095554574,14.258966382182399,4,2.5214932505094583e-21
MACROD1,3.2062683115805885e-27,0.5381592182620971,14.257990402472721,3,4.9756534168602465e-26
GAS2L1,2.72837057129557e-22,0.6604079480043062,14.241100814897349,3,2.3675475992928717e-21
EMP3,1.3420467724457422e-20,0.7152803902700438,14.214218109454421,4,8.845445356367105e-20
UBE2V2,6.191364560593124e-24,-0.606979878048066,-14.086918674638337,3,6.394109949373109e-23
FAM162A,9.856252185829379e-25,-0.5854757312985845,-14.055099135568954,3,1.1230890227236561e-23
SOWAHB,6.438537990840438e-13,-1.1452172639537104,-13.961587295392281,3,1.6293556451367561e-12
PRKX,1.0017773227651e-15,0.9294805838192677,13.941491945264795,3,3.5875615234066406e-15
OPA1,3.242647757425181e-26,-0.5460643132859574,-13.918688010825708,3,4.403095311355581e-25
SLC6A12,5.36714067007843e-15,0.9702582256292127,13.845834257363013,3,1.7394280204795616e-14
NEAT1,1.9948406386587772e-13,1.0870074646490304,13.805094580683527,3,5.353035309410973e-13
PLEKHH3,2.2523202605036122e-24,0.5827038748785657,13.779414046070613,3,2.4198004850025986e-23
BAX,1.1219334233792918e-30,0.4589924289261964,13.746838353511855,3,2.591047819505089e-29
VPS13A,1.424652128901869e-23,-0.6005679770967697,-13.720750871288221,3,1.426110817088458e-22
ID3,4.0577391611848026e-20,0.7075234573391103,13.720093858655844,4,2.559429883818285e-19
YME1L1,4.2495147316634344e-33,-0.4234020332156665,-13.706226942378189,3,1.2718190518335564e-31
UCHL5,5.132209210146046e-25,-0.5627581382649092,-13.66922390205343,3,6.094238709861681e-24
PPIP5K2,6.870741676216092e-27,-0.5218470345668682,-13.653082076081516,3,1.0025813600170049e-25
SLFN5,4.2422616814550603e-19,-0.7429425622606673,-13.649639822253315,3,2.3655044699064055e-18
MICU3,2.9166715526034017e-21,-0.6629968237192737,-13.614714345097562,3,2.1822953223943308e-20
APLN,1.2679212806038243e-14,0.9784466334985762,13.59738256387493,3,3.922798645581241e-14
RPH3A,1.8774074715297085e-13,-1.0670241189243352,-13.579419983873828,4,5.051776251373059e-13
FASTKD2,1.5858593270652697e-29,-0.47105634399907675,-13.566298037027195,4,3.1216949035452594e-28
MRPL42,9.559974478673108e-28,-0.5018560460664165,-13.559921150555184,3,1.5841471833869052e-26
MRGPRF,6.374147613347385e-13,1.10845317620304,13.51822704037232,3,1.6158491745849508e-12
MAK16,1.2078585676772724e-27,-0.5017192129181093,-13.505269703565249,4,1.9791336195516427e-26
COG6,1.5141584666329764e-32,-0.42408376874835224,-13.494272863591439,3,4.2702180602254995e-31
VPS36,1.9852758912361386e-30,-0.45351149633409377,-13.470279702247057,3,4.4448963274775534e-29
EPM2AIP1,2.2021165366264053e-21,-0.6512964360004666,-13.453934491655259,3,1.6952251448622697e-20
CCDC14,1.7833286005783164e-28,-0.4820284977245895,-13.37569725414418,3,3.1700016881795168e-27
FANCM,5.52626378425413e-26,-0.5267861965025304,-13.30533838444723,4,7.367514399644256e-25
PPP1R1A,3.933841686955522e-18,0.7619191081756724,13.261341601764961,3,1.873838002829658e-17
SEC22A,1.6815870141322104e-26,-0.5134918089232373,-13.234881997279155,3,2.4058998597315967e-25
CSNK2B,2.546319387586067e-22,-0.6124214231637626,-13.224681567937298,3,2.222724632080338e-21
AEBP1,8.874196110721815e-15,0.9362270940094986,13.155742331172805,4,2.810800992737266e-14
USP12,1.817197586451977e-32,-0.4134364240396179,-13.122719271435408,3,5.028151434965706e-31
ZNF423,5.389868391890835e-20,0.6808832704535768,13.11954607831937,3,3.363507232641664e-19
DNAJC24,3.0311677555399367e-27,-0.49133745539439183,-13.029478277304827,3,4.779793025268083e-26
TRAPPC6B,2.741831381479883e-22,-0.6038278436880959,-13.019711363956556,3,2.3722098648615036e-21
TXNDC9,2.99046223499059e-27,-0.4908418416158051,-13.01921744938124,3,4.7410949920148107e-26
MSMO1,1.6613840195657797e-20,-0.657061743764005,-12.996372453722127,3,1.0876873503094714e-19
EFNB1,6.428001079076412e-20,0.6766448193533711,12.986115987947796,3,3.9359764436181874e-19
PHGDH,1.646914695603773e-25,0.5239394025607542,12.984962534805364,3,2.1001742618286375e-24
SGTB,5.442130137837052e-23,-0.5817231984401249,-12.95161971300033,3,5.083365507731234e-22
HOMER3,9.195067996162238e-24,0.5618608374259025,12.943276309845519,4,9.364282789147169e-23
SMO,2.847348276521501e-19,0.6943488086969862,12.877087081841033,4,1.6279283616057626e-18
CCDC102A,1.8600427260773648e-13,1.0103888233780989,12.862731757614151,4,5.014251209177308e-13
TIPRL,9.87920108635197e-25,-0.5342808273491146,-12.825559883884122,4,1.1230890227236561e-23
BTF3L4,5.56699953326863e-23,-0.5762050094113046,-12.823084554599653,3,5.134594223609085e-22
ECHDC1,3.2760318995063374e-31,-0.42002649120700747,-12.804361364009392,3,8.142882679027193e-30
PYGM,1.499007108714367e-13,0.9983665419623652,12.803248521065095,3,4.0746875346239464e-13
CARTPT,2.5012225677672413e-9,-1.4869416499282,-12.790445554173118,3,4.102956259094697e-9
LIG4,1.28269448300106e-25,-0.5121247260232391,-12.74774557268028,4,1.6646650082487208e-24
UCKL1,2.6343759447169418e-23,0.5634832784323196,12.723070525055938,3,2.5584849820711223e-22
EIF4E3,3.088895376953817e-27,-0.4779590547729954,-12.670788604998874,3,4.8447754762596493e-26
CDK2AP1,3.476309614021869e-18,0.725459996721919,12.665720152393543,4,1.682510907248538e-17
RRAS,4.923214522876837e-18,0.7299895475524059,12.6344774968222,3,2.3177830169498815e-17
SMOX,1.5608040042279307e-21,0.6070642505987572,12.63097437889159,4,1.2240208942247382e-20
CLN3,3.797799037942062e-29,0.44383803917976533,12.614084798504798,3,7.1403490886436335e-28
RPS6KA6,1.187848300390502e-19,-0.6655919827310401,-12.596487362568052,3,7.124660664714402e-19
GSTA4,6.338121424068063e-21,-0.6188610275743383,-12.499779445898819,4,4.436684996847644e-20
ZNF449,2.693707531075915e-19,-0.6726973044175601,-12.491753202665764,4,1.5521894280246873e-18
UBTD1,1.362170794170192e-21,0.5985740862098029,12.48970827435098,3,1.0768859674666234e-20
SRP19,8.379902320814223e-31,-0.41426115159446786,-12.459633666167647,3,1.9821172183022673e-29
ZNF703,2.749742514673684e-20,0.6339467703478472,12.400447644257563,3,1.7609158942222526e-19
ALG14,1.7070079818101926e-23,-0.5430620767406127,-12.364309443958863,3,1.6914373008950321e-22
SAMD4A,1.9816636962344527e-14,0.9019516771431337,12.359416815511892,3,5.99055854396717e-14
MYSM1,7.939670755634483e-23,-0.5586075920475503,-12.345338112958256,3,7.1873624463814625e-22
MAF1,8.224439344603953e-29,0.4392478477904216,12.336229112260078,4,1.5076425373577121e-27
SLC25A18,1.4020335425143297e-18,0.6901961230708862,12.322238133877585,3,7.227002425649436e-18
HTR3B,3.8044031357470994e-13,-0.9910514404913954,-12.308574923976344,3,9.848468135168792e-13
ATAD1,3.611780476351788e-25,-0.5035712842350595,-12.308429651391014,3,4.359404171662467e-24
AMY2B,4.478231831958477e-28,-0.44980014636627674,-12.301536266573954,3,7.6364267227524485e-27
RAB3IL1,4.1346993433937857e-22,0.5722804485343066,12.237391056074143,3,3.52531196923662e-21
CSRP1,3.823619981717931e-18,0.7025798106345441,12.237201611185052,3,1.8294742914157735e-17
NDUFAF4,2.3902593491556954e-21,-0.5921141475664301,-12.210314445191232,3,1.8304518723429908e-20
DYNLT3,7.928099010692247e-20,-0.6388009974081393,-12.20162985245397,3,4.814309399246452e-19
NECAB1,4.9214954932354864e-18,-0.7027760304740651,-12.16357930169389,5,2.3177830169498815e-17
BAHD1,5.531733200246062e-33,0.3763658086407674,12.140484119270177,3,1.6388458056890606e-31
KIF7,7.005011487954821e-22,0.5690026124343035,12.037017628277535,3,5.8038696876190646e-21
FOXO4,4.5029996265223904e-13,0.9740681511396303,12.026330566657059,3,1.1565059461112234e-12
RAB11A,8.105327156716376e-22,-0.5701078495345399,-12.024275466325614,3,6.65908250718463e-21
DLD,7.850746364922332e-24,-0.5203031245976014,-12.02165002849713,3,8.02307982171331e-23
UBL5,8.08679793465654e-52,0.23527263069237503,12.020601809239903,3,9.552893356043832e-50
LHPP,9.345359127908703e-22,0.5695558037874308,11.977419101061491,3,7.550947196186288e-21
RFK,2.7924018466548604e-17,-0.7215371083627437,-11.944341225873064,3,1.204428620035104e-16
RAB6A,1.334485231565967e-23,-0.5220943018805471,-11.942743336988451,3,1.3450327093412305e-22
CFAP69,8.607306165723963e-18,-0.6996136388081683,-11.93899961907009,3,3.907930183292319e-17
CROCC,1.5071824590760807e-18,0.6694311726212954,11.930491345973993,3,7.71477513520095e-18
SLC26A2,4.756413035519854e-19,-0.6488321909122774,-11.888370846118981,3,2.6232464803230685e-18
BCAR1,2.7167824199948765e-25,0.483266447203496,11.871897030825176,3,3.348034805817216e-24
VGF,7.319355437380316e-15,-0.8385168868986228,-11.852878230909354,4,2.3385260890889395e-14
SSC5D,4.192102283565258e-17,0.7236435513321932,11.851521563413552,3,1.7716766567286604e-16
DGAT1,2.851540731563111e-29,0.4131106267750553,11.79220996617688,3,5.430888938749744e-28
FBXL7,3.1762366565168317e-20,0.6043807154890467,11.784267860223707,4,2.016429028909928e-19
GEN1,3.5296209148466703e-16,-0.7601826506518334,-11.746549038757543,3,1.3462130225286456e-15
PIM3,4.473099305978676e-20,0.6067903141720953,11.741023323097552,3,2.8093362450611254e-19
MYEF2,1.2044615760618633e-27,-0.435248932111445,-11.71655612180832,3,1.9791336195516427e-26
MTCH2,2.1625178994375339e-26,-0.45618731575566696,-11.708065838262563,4,3.0060023692181457e-25
ABCC12,2.0887154827221536e-11,-1.0927180542645483,-11.670360725930502,3,4.338670333444813e-11
CYCS,5.736115398968411e-25,-0.4795265543003784,-11.624386439545322,4,6.783881639183205e-24
RAB3C,8.25064942855648e-13,-0.9617077301309084,-11.620806768407226,4,2.061256795055891e-12
ARL6IP6,1.133807333091113e-20,0.5804756794313227,11.57785487372996,3,7.557856608991442e-20
SNRPD1,9.650651711816413e-33,-0.36140330156732214,-11.570486930582115,3,2.7750354383095624e-31
MROH6,1.8780170982365662e-14,0.8355647959724171,11.469213441692606,3,5.708004299614351e-14
ITGAX,9.268157173770093e-13,0.9528918101984039,11.4661534505888,3,2.2997889163001425e-12
SEC61G,1.9476885716120945e-20,-0.580221950031345,-11.436453422498507,3,1.2582754582683422e-19
CDK2AP2,2.891649347039795e-18,0.6509728675770311,11.41731832486258,4,1.4158944131665642e-17
NHLRC3,7.08013737492572e-21,-0.5664604566255714,-11.414154588482216,3,4.909230004883484e-20
PLCXD3,2.7540729990799013e-14,-0.8410892565766236,-11.405190970087553,3,8.200706706904923e-14
SIPA1,1.5250228855157938e-17,0.6776338550146362,11.395581268180262,3,6.756634627217255e-17
SLC15A3,9.94742007288791e-19,0.6298510461718396,11.338760901331826,4,5.2568978511315745e-18
IRAK1,8.799025776579086e-21,0.5637553635315955,11.306432568569061,3,5.992467248859283e-20
SKP1,2.115937548843503e-24,-0.47734005376264566,-11.300785744531387,4,2.2900534430841306e-23
NPRL3,4.0152693684118894e-23,0.5043792804260235,11.296222271054075,3,3.8236315121922314e-22
ITGB5,2.1988890197286728e-16,0.71973618709707,11.26948288756358,4,8.599121993152263e-16
MSANTD3-TMEFF1,6.350495159656451e-19,-0.6162573319087195,-11.214153243221226,3,3.4238974822191857e-18
YTHDC2,1.6724351982348327e-27,-0.41860980704716233,-11.208968583240058,4,2.6951936463861343e-26
LRRC40,1.2697821474425018e-20,-0.5621481018728508,-11.184650855124676,4,8.38888434589681e-20
RGL2,1.66433165778587e-19,0.5953528773883374,11.179988874731304,4,9.841703129608784e-19
CD47,2.1795068387072423e-19,-0.5967054808774943,-11.135503922718145,3,1.283633244563924e-18
RWDD2B,3.806279438680616e-18,-0.6391085804776853,-11.132951490113468,4,1.8241532015768374e-17
PPP1R13L,5.949245408735998e-18,0.6447330215329344,11.10587323698569,4,2.774104667542855e-17
ACTR2,2.817117445823589e-20,-0.5677713555248293,-11.100040742535864,5,1.7962185801305621e-19
TARBP1,8.681695357484897e-13,-0.9185930334603734,-11.079513841267234,3,2.1615800070885575e-12
NDUFB2,8.328803621096191e-57,0.19753175782511762,11.077465892428187,3,1.2857042642460595e-54
HIF3A,2.920023473214678e-14,0.8170193463246069,11.058041203101538,3,8.67723287430461e-14
NINJ1,5.208353947881236e-22,0.5191236798732346,11.04866476135723,4,4.389684519866571e-21
CROT,3.9667725497546534e-20,-0.5690670086064391,-11.040789248414987,4,2.507444803541034e-19
MSH2,1.3617609619340185e-24,-0.4617393641024334,-11.01982508342345,3,1.512895795966847e-23
REEP5,5.5096556667667226e-21,-0.5439450261936125,-11.019714587405817,3,3.94141952942117e-20
HLTF,6.880688012583206e-28,-0.4056954524385331,-11.01964922930074,4,1.1598309161440543e-26
PLIN4,1.7800058231727897e-14,0.8007807825471397,11.010398292521588,3,5.438288624339367e-14
FURIN,9.485138603422275e-23,0.49784085763137637,10.963927461188764,3,8.481680342633394e-22
FBRSL1,4.0240607791196707e-22,0.5103763993852928,10.919674279977176,3,3.4409825845941675e-21
RAB9B,3.1113623033036207e-17,-0.6608932966391101,-10.909398305284153,3,1.3322081219838714e-16
KLF15,8.436942803996241e-16,0.7230111136907077,10.898535694849562,4,3.045897806151833e-15
SCRN3,2.0154714681427655e-26,-0.42411354644757776,-10.897861945250414,3,2.8420085654147747e-25
CDC7,2.0859046681258417e-19,-0.5830245248917271,-10.891309474415014,3,1.2309775435841234e-18
SMTN,1.3075848230598892e-11,0.9995283692137367,10.878397120981067,3,2.7851461772219717e-11
NAP1L5,6.405967685153793e-13,-0.891406993286526,-10.869295631656193,4,1.6225132314815261e-12
HMG20B,8.849767108894237e-21,0.5406713798795053,10.842120031845003,4,5.994542016255612e-20
FXYD5,1.8042766740965077e-18,0.607519838157616,10.779647848017502,3,9.124040491594925e-18
NDFIP1,8.345189633485119e-18,-0.6311670055548069,-10.77942596657437,3,3.7947970844979614e-17
RRM2B,1.718972930861657e-24,-0.45346521621609964,-10.776478864097562,3,1.8882949836019628e-23
NT5DC2,2.458747371573839e-18,0.6100845586828988,10.743153533754617,4,1.2181598041935928e-17
UBE2N,5.765570187458712e-20,-0.5567248641439174,-10.710917477145083,4,3.5751410908702754e-19
C1QL1,2.8838853047193644e-16,0.6885581797321417,10.700209272318448,3,1.1144183924561127e-15
RGS9BP,3.39824163169335e-14,0.7939803792543271,10.693919853818189,3,1.0057560752529359e-13
MGAT1,3.8327146916050376e-21,0.5226444636010812,10.670567298390967,3,2.8315748590623615e-20
CEBPA,2.6785956444553057e-18,0.6064084453900006,10.65586550237619,3,1.322612967203268e-17
TMEM184B,9.009054749925636e-23,0.48332192069607965,10.654986778741723,4,8.085168136019224e-22
GLIS2,2.245709347826281e-17,0.6398312722048229,10.652324640665398,3,9.743588043157519e-17
CCDC88B,1.583350071968784e-16,0.6735066936366768,10.641690689064488,3,6.241889463823177e-16
CAPS,9.6401233978816e-14,0.8152392914007834,10.611087283730981,3,2.695374826118849e-13
PSMC6,1.2214948566593223e-25,-0.4255971477526008,-10.602947858547186,3,1.5922864064807966e-24
COL27A1,3.348412800985535e-12,0.9230708488784266,10.59238661122364,3,7.654633472556957e-12
NRN1,2.169107433204966e-13,-0.8347230921897675,-10.570698630036325,4,5.794164026949149e-13
ZIC2,1.2609791340262104e-12,0.8867224608113208,10.551369572672535,3,3.0846136781475186e-12
PHYHD1,1.6129493817505064e-15,0.712151899959157,10.534420996070251,3,5.5985568481351894e-15
FGF12,4.616079009521078e-13,-0.8524271128115537,-10.515307951861107,3,1.184510912941848e-12
VEZT,5.13334982987936e-27,-0.3994509838231218,-10.501406240081911,3,7.721084641557006e-26
PRKACB,6.706043425911983e-20,-0.5474615711079582,-10.496772849459584,3,4.0976719517083015e-19
VPS4B,5.486431013338503e-23,-0.4714986040506668,-10.495893726609765,3,5.108476876864073e-22
EVA1B,1.916546324839943e-14,0.7647411210350883,10.49032155219825,3,5.813061396851658e-14
NIT2,1.0025521815920813e-20,-0.5229126006125423,-10.457673155130705,4,6.728799882401772e-20
GTF2H1,6.1778955581748015e-27,-0.3989709286766365,-10.456692680827704,4,9.151397814205401e-26
ORC3,5.383123825230698e-22,-0.49144693663562045,-10.452568004378271,4,4.523983432493305e-21
SLC25A36,1.468478295553677e-23,-0.4577497064119248,-10.451859683721748,3,1.4649819186595014e-22
TRMT10C,4.622877887198992e-19,-0.5699175573113726,-10.449488325686586,3,2.558283177953706e-18
SLC25A46,5.626344934257272e-21,-0.5145814579573674,-10.420158046100529,3,4.005356721402082e-20
ZFP37,4.142088602907819e-17,-0.6359642867831183,-10.418863389599295,3,1.7530657824428044e-16
CAPN15,2.091011677255406e-18,0.588444462718426,10.403488345041849,3,1.044793398533238e-17
ADRA2C,1.0171701391651936e-15,0.6935700310104562,10.39842248424592,4,3.638243924599405e-15
MGAT5B,3.246506800327642e-18,0.5944339151123268,10.395807268509358,3,1.5764908022120816e-17
RCN2,7.439199021986179e-24,-0.4493049199262097,-10.39173707878528,3,7.629080675344568e-23
ZDBF2,1.185789832433143e-18,-0.5794120656133641,-10.38653621387104,3,6.199503705038162e-18
PLCB3,2.442043722552466e-19,0.5568797489419887,10.364783194183863,3,1.4211337774298379e-18
CLTB,3.609852374830799e-24,0.44168828616749406,10.354282311930143,3,3.7948734822145995e-23
ZNF365,6.768544932126728e-19,-0.5689632917802485,-10.337781194873102,4,3.637459194342637e-18
GOLT1B,6.7954668328293e-16,-0.6811664544203183,-10.331783402806922,3,2.4976321078556815e-15
BCL6,1.4829284141067034e-18,0.5790001013973276,10.322923219705304,4,7.609845716795704e-18
MPHOSPH6,1.7881849893162968e-20,-0.5226187243509998,-10.32045901703949,3,1.1629149830742126e-19
TMEM30A,1.160413777649366e-22,-0.4697977512381176,-10.3051955431293,3,1.0313616999532092e-21
C2CD5,3.7297383505583884e-19,-0.5569122292719819,-10.262957682846627,3,2.1077692836585267e-18
EYA2,2.957334299096639e-17,0.6203788348188344,10.25430353789162,3,1.2699650804173413e-16
PLXNA3,2.7909792182609023e-21,0.4987223460747404,10.250860488879145,3,2.1043552820460735e-20
CDC123,1.2325173237344384e-23,-0.44728910594573545,-10.247038702531166,3,1.2465425208665888e-22
YBX1,5.510419393467785e-23,0.46015697465975847,10.242549129169769,3,5.114575975012979e-22
GPR22,4.825280682560517e-13,-0.8315326452937003,-10.2415530489519,4,1.233875173666085e-12
DNM1L,3.8005702362461433e-19,-0.5549352025715316,-10.221990358158434,4,2.143667789021142e-18
RGS4,1.1199103553385672e-9,-1.1401968139638958,-10.205692728863914,4,1.9130443053046116e-9
NFATC1,7.079471175316871e-16,0.6724939877241519,10.188283364036304,4,2.589038523342192e-15
ZNF441,2.1142791935232657e-15,-0.692958318271281,-10.169050828582936,4,7.210675435585743e-15
DDIT4,4.819422696379554e-15,0.7096946800920609,10.16070227017075,3,1.5688531374562962e-14
ZNF205,4.0377152738702116e-21,0.49751141067011473,10.146180201535712,3,2.968074911844945e-20
COL25A1,1.3989664625466822e-11,-0.9331795161172507,-10.128910288582006,4,2.969007695115354e-11
TMEM160,1.9420866889042847e-46,0.22126097407918638,10.114222213842806,3,1.7800438307988334e-44
SLC16A6,1.3687939978255334e-12,-0.8492886558342051,-10.075673474987807,3,3.331678668566215e-12
CD151,5.989622859796216e-19,0.5527424129542171,10.072404183031658,3,3.265346440108235e-18
NUPR1,4.0123529825886394e-12,0.8823896743932704,10.056242928544002,4,9.052485613794215e-12
MSI1,2.32811701068982e-19,0.5394855980482816,10.052232556702108,3,1.3656734384706482e-18
ADAM33,9.502620673634261e-12,0.9119176618105762,10.051299280792344,4,2.0584332670435222e-11
RTKN2,5.893862457695811e-11,-0.9779143120565437,-10.003672249835354,3,1.157074872049653e-10
TCF7L1,4.31829146090762e-17,0.6107839572631428,9.99528892565506,4,1.8145485465389754e-16
PSMD14,1.294896695171222e-21,-0.47835221800133854,-9.99170865825876,3,1.0264681099830254e-20
PLGLB1,5.789582250546168e-27,-0.3807758245122721,-9.99054963470965,3,8.663696296353015e-26
VEGFB,3.664885597248827e-18,0.5723931444272811,9.980212280929603,3,1.7679456343307254e-17
GNAI2,7.543454433238417e-23,0.4510821411436301,9.979032969322176,3,6.84983029494993e-22
TTC19,2.987399394459256e-23,-0.44268449276053834,-9.971338365103446,3,2.8728007947373763e-22
PSTPIP1,7.8284147987252e-16,0.6598899596121787,9.96851296670277,3,2.8487271221663787e-15
CDK17,5.189034650577251e-24,-0.42791290160914114,-9.963914869218254,3,5.377893508884479e-23
ATP6AP2,3.9397582276303705e-16,-0.6435363373991485,-9.913375091530305,3,1.4968019276735593e-15
UBALD2,3.626271245089483e-18,0.5677200911630486,9.90134479625029,3,1.752199927816714e-17
MDH1B,4.666028436484752e-13,-0.8029542833371335,-9.901271518308755,4,1.1962815912770783e-12
ARHGEF40,1.8107716976115302e-20,0.5007153295294484,9.885190284147788,4,1.1724047216544411e-19
MFN1,1.903794666472989e-25,-0.39929117832074446,-9.87062961649187,4,2.386252032805674e-24
CLDN9,2.457171455043762e-11,0.9276434989844828,9.841893571215646,4,5.06101395901921e-11
PLXNB1,2.8075339600009174e-18,0.5601607820875729,9.83175998475076,3,1.3793127478530472e-17
TMEM242,2.4627490295322453e-21,-0.4768057913932668,-9.8262902217215,3,1.8810528394838736e-20
NUDT21,2.6340279682978067e-21,-0.47639044891690085,-9.80381989464072,3,2.001451821507116e-20
TBRG1,5.381249775655897e-31,-0.3233802858627158,-9.788435659541165,4,1.304397156363533e-29
SNX10,2.3408768231810084e-13,-0.774018525814395,-9.776334985758313,3,6.202160544164316e-13
TM2D2,1.482345370769911e-20,-0.4928111362973819,-9.771976957171248,3,9.74824881719316e-20
PLCD3,1.5069074980894935e-16,0.6169556698222917,9.761419183359969,4,5.972648232292547e-16
ABCA10,9.262590639479948e-18,-0.5729328422057456,-9.758918377546484,3,4.19894564846904e-17
PPDPF,7.378597908939795e-48,0.20702850948206072,9.757673123854358,3,7.462561264455317e-46
GFAP,4.277770274654488e-12,0.8578352518156633,9.752542434474407,4,9.614329667097022e-12
MTMR6,6.827326496747998e-21,-0.4831519694114998,-9.74312150238488,4,4.7564248491595913e-20
RFX2,8.088663635003308e-17,0.6049394312246292,9.734759870463877,3,3.290436954433385e-16
FGF14,3.510317296576356e-13,-0.7806720303375203,-9.722999733364597,3,9.111292593680046e-13
ACTR10,1.4094241131773084e-18,-0.5440880134181525,-9.712492440490529,3,7.25235249815622e-18
PPP1R14B,5.507321640324666e-16,0.6357203236623707,9.700494281615347,3,2.0577037415378658e-15
STAT4,3.5657395965219035e-10,-1.0199332507764778,-9.63617674707396,3,6.408280782229622e-10
TNS3,1.5027186027354988e-14,0.6970082760296848,9.63483066963961,4,4.6151556668305946e-14
COPS8,3.6607980921343445e-19,-0.5218765398568783,-9.621537281125251,3,2.076812534667318e-18
BRI3,7.1152312993395695e-25,0.39806445260740053,9.612385158411135,4,8.281338651175777e-24
YWHAZ,1.0530361704339368e-15,-0.6415882693967999,-9.609424690069089,4,3.757366286961966e-15
SEH1L,1.227150109391058e-19,-0.5075910413083362,-9.599106113602605,4,7.345369940497904e-19
CAMK4,2.4411853932954946e-15,-0.6557661958846199,-9.582317460582281,3,8.229881331650213e-15
LAMB1,2.657379002082165e-10,-0.9992634853252716,-9.56849397048357,3,4.850088744932788e-10
SLC16A7,1.3814606286115564e-13,-0.7439397095380371,-9.56681283205729,3,3.769138626714135e-13
KLHL21,4.260254786478712e-20,0.49195826583307956,9.529509283685936,4,2.68140070573864e-19
METTL6,6.752635529754889e-30,-0.32648728942278427,-9.523806190210577,3,1.4248546768900065e-28
RUFY3,4.893995369132185e-24,-0.408171328482573,-9.514610994510377,3,5.090102275767623e-23
AIG1,4.0527328712058725e-25,-0.3894277150446074,-9.499018969359682,4,4.8517002086721735e-24
MDH1,4.023649486879488e-11,-0.9133713901441359,-9.49484255298372,3,8.077593391524667e-11
GTF2H5,9.580817170995213e-22,-0.45069805376813354,-9.473040962442195,3,7.719927682013452e-21
C2ORF69,5.598485061499714e-23,-0.4251311174508209,-9.459987643690624,3,5.147447236795818e-22
SH2B2,4.758155907029909e-19,0.5157501689405776,9.449864102328082,3,2.6232464803230685e-18
USP14,3.2861472573762595e-21,-0.46026810160015413,-9.427815579350437,3,2.452485981141112e-20
GDF11,4.76800783763551e-12,0.8322404912629263,9.4223464098031,3,1.0650850714230731e-11
SUB1,3.881098151972233e-17,-0.5733307316071354,-9.408956650670635,4,1.6473604746359711e-16
HSPB7,2.7729168391104437e-11,0.8912098027971089,9.408558172388595,3,5.687388174203448e-11
ICA1,2.8854985269837287e-12,-0.815181869225416,-9.407018732286465,3,6.663911165073446e-12
LGALS8,1.0598560719663387e-15,-0.6267253679057839,-9.385057650752419,3,3.7771055395835615e-15
MT1G,6.690415872439464e-9,1.1475868414375774,9.381002440968235,3,1.0410074139981405e-8
FARSB,7.428533538287773e-17,-0.5815726265388016,-9.380241254551393,4,3.0387571642675084e-16
DDAH2,7.044787299154065e-17,0.5807228880731963,9.379912810281885,4,2.897946865135887e-16
NDUFA1,1.4282563548150378e-49,0.19173751128008865,9.365455903903806,3,1.4960985316687522e-47
STAU2,4.2050186014633164e-21,-0.4591631745360535,-9.356015406340168,3,3.0603770615612674e-20
FLT4,2.5103642306165613e-10,0.9727945259397536,9.339083548695882,3,4.598937094564881e-10
TRPC1,8.741084454069521e-22,-0.44219318340262287,-9.311896270263311,3,7.10182844980219e-21
PRKD2,8.090954060543103e-16,0.6169527759687101,9.311051458222174,3,2.9369762697491242e-15
ZBTB20,2.4916254021691754e-18,0.528909517833971,9.310667820950727,4,1.2323671677170643e-17
FAM181B,1.0237401083317627e-16,0.5818365102944243,9.303455414450951,4,4.1472786432832322e-16
ACSL4,2.8863930599535076e-18,-0.5299804794740315,-9.295669216941658,5,1.4156840877664947e-17
CBS,2.702000259114737e-18,0.5285875978008024,9.286393219046595,3,1.3319271865518528e-17
HSF1,2.674344722410031e-22,0.429046808548767,9.255733531627634,3,2.3275528400084925e-21
PIK3R5,1.2912003890035692e-12,0.7784866244971405,9.255432423422949,4,3.1559089507895575e-12
OLFM3,3.0151410824342766e-9,-1.0852032557200855,-9.246683092053553,3,4.872401539823545e-9
GIT1,2.8293919190389755e-19,0.49766382899586953,9.230821428856675,3,1.623993443941549e-18
RXRA,1.544833640470993e-15,0.6222213959063184,9.215794692285113,4,5.37484824140145e-15
BCAS2,1.5409173242318839e-18,-0.5170033280897407,-9.208977362985252,3,7.860018281690635e-18
BCAT2,9.675960732688401e-18,0.5411818647960558,9.2078337966744,3,4.37956679459492e-17
BCO2,1.8867107628879958e-25,-0.3721435714243831,-9.20098732058815,3,2.385225287737281e-24
PDE1A,1.3076974947843426e-12,-0.7736029745218325,-9.193105306818115,3,3.193569319069506e-12
SIGLEC8,7.014508922425091e-10,1.0033601722794505,9.184761754233401,3,1.2209824729657443e-9
ATP6V1E1,2.3368611952596687e-13,-0.722173065386551,-9.122033086381142,3,6.19711924565697e-13
ZNF618,3.152724279155077e-16,0.5877701736240927,9.111210026309756,3,1.2151038516112798e-15
MKNK2,1.6856430957178122e-12,0.7732668425907824,9.103851771417354,4,4.026051465586599e-12
RBM3,9.26405560819241e-13,-0.7563119284235498,-9.100851824869437,4,2.2997889163001425e-12
TCEA3,5.294504260623611e-14,0.6850088048532763,9.094296562811849,4,1.5344645253368626e-13
COA1,2.90800967048095e-27,-0.34267593836358495,-9.093387194123364,3,4.6354306323481666e-26
VANGL2,9.749252963012532e-16,0.6031153343120477,9.053381569163871,3,3.4956673521412903e-15
JMJD6,1.6303410494809067e-12,0.7680045491748687,9.053023764397171,3,3.907717254114767e-12
LMBRD2,3.3431482618739624e-18,-0.5173674749753122,-9.041433471093631,4,1.6207361738969143e-17
SCAMP2,3.1833210867952205e-20,0.46348044872473554,9.036533719683593,3,2.0165617165378795e-19
CIZ1,1.5640840165322507e-25,0.36374584568840984,9.02298484586664,3,2.0032569521786426e-24
SLC17A6,5.947806361536747e-9,-1.0947256421203466,-9.004822510911051,3,9.308919988467064e-9
LILRA2,2.8974783136179817e-11,0.8524711640948616,8.983323912309674,3,5.926292812999679e-11
THNSL1,1.1161527682868524e-18,-0.5003672360732913,-8.982730903110019,4,5.8563078164317316e-18
RND3,4.3073688681200693e-16,-0.5837093218227442,-8.969153654911779,3,1.6301306955091825e-15
ANAPC7,3.583222579224294e-26,-0.3521122814539917,-8.95975271043101,3,4.843129873209611e-25
KMT2D,3.117287362848562e-25,0.364656057369965,8.936342718932712,3,3.809584931347847e-24
FLT3LG,1.333611165133767e-15,0.5993166146587625,8.914817129342811,4,4.678805678633179e-15
ZNF461,6.1829046375661024e-21,-0.44097241858023667,-8.911526698650848,3,4.348791199515918e-20
EFHD1,2.062246128258016e-15,0.606713677499985,8.909990483629219,3,7.049612930280607e-15
ECE1,7.294979429391981e-17,0.5521217390379927,8.909575212405624,3,2.9966631185443525e-16
KLHL17,1.6148979861012464e-13,0.6964862133533105,8.909350585984619,3,4.3775377016958923e-13
EVC,2.641951137140464e-20,0.45475872082113533,8.903300442695691,4,1.6955892090225342e-19
ZNF483,1.0140593124911495e-17,-0.5235621149265601,-8.897381409373779,3,4.575747636210063e-17
GPSM3,3.1764861335878194e-15,0.6132684310507607,8.891198238778756,3,1.0575066776178291e-14
CSF1,2.2720091557881736e-13,0.702807196566526,8.886005988200129,4,6.047008034416255e-13
HSPA13,2.3284670978219284e-18,-0.5034664066593615,-8.87758785283209,3,1.1575244064257147e-17
PSD2,1.2669970907185612e-13,0.6883262692061952,8.877498342213563,3,3.4762417839827316e-13
DMPK,2.1065330425348576e-17,0.531318203356302,8.860491742123767,3,9.207841153136718e-17
ZNF467,3.8978493490708347e-16,0.5745031817354229,8.852620036847956,3,1.482800537071953e-15
SLC27A2,7.316055496041746e-10,-0.9660708187395712,-8.825755406924358,3,1.271207983998249e-9
RABGAP1L,6.425044856000039e-23,-0.3975535450560305,-8.822557503320109,3,5.870609521074179e-22
NUP37,4.71698521307224e-14,-0.6615323341744288,-8.815801819509119,3,1.372511669636992e-13
MXD4,2.6695145871320335e-16,0.5650771886497323,8.800267854104497,4,1.0329401430156008e-15
RND2,5.570910991693582e-16,0.5759904869936211,8.786201385382256,4,2.076173054464711e-15
HMGCS1,3.492931734692099e-14,-0.6523143774479678,-8.778070573699479,4,1.0327387880899118e-13
AGT,6.90390519077258e-25,0.36323171996526793,8.776007144916177,3,8.067392001807162e-24
SLC5A3,4.0208886730309388e-19,0.4769595720941625,8.773994683943155,4,2.250623373664073e-18
FGFRL1,1.1565696772325583e-13,0.6762965104729228,8.749131766996332,4,3.194179720643214e-13
FOXO6,1.2784962575950023e-13,0.6775737308440586,8.736161749035812,3,3.5012413851784705e-13
EIF5A2,2.690251638722831e-14,-0.643464331855919,-8.731944241780846,3,8.035140586938964e-14
BEX5,4.991090306424265e-11,-0.847346266491306,-8.729195642329378,3,9.864466218829089e-11
GABRA4,5.070587860870872e-12,-0.7721496634294582,-8.72138542255331,3,1.1275234416932729e-11
BEX4,1.7028494751265802e-14,-0.6322981460020577,-8.706001723546526,4,5.207984891080563e-14
TMEM128,3.402423842968198e-17,-0.5280349211531352,-8.695790806823537,3,1.4547097859221174e-16
PACRGL,9.730781310088391e-22,-0.413674351469426,-8.692064368278471,3,7.819282625339522e-21
ELOVL4,2.839733583841185e-13,-0.69216235175057506,-8.684368884793496,4,7.429918466910077e-13
MRPL24,8.14259576887473e-52,0.169969788721373,8.683626840037133,3,9.552893356043832e-50
ITPK1,1.0716647622161754e-20,0.4342291928260916,8.671531382596749,3,7.176239149726124e-20
RBM41,1.4705895993855289e-55,-0.1581396999399758,-8.671196442705842,3,2.0539234738084552e-53
NFATC2,1.6279856561930707e-15,0.5861422836422133,8.668076903795269,4,5.644068474721367e-15
AASDHPPT,1.7362021739795003e-17,-0.5170143624186339,-8.665367367007514,3,7.646067531954767e-17
GPSM1,1.0070055845565426e-18,0.48121147113446383,8.660347505452188,4,5.312135574648093e-18
CCDC40,1.0669197712349543e-13,0.6669988165903241,8.652220762928993,4,2.963329250977387e-13
GTF2H3,3.5387215712604184e-16,-0.5589909827739797,-8.637055539527767,3,1.3479312166891957e-15
MED12,2.3724632882784718e-26,0.33672925061999726,8.628619869369954,4,3.282280577604131e-25
PIDD1,6.667534817248878e-14,0.6545577839059411,8.624476078996581,4,1.9041752306709794e-13
AGFG2,1.3872299277383097e-16,0.5438367516850104,8.624082475878296,3,5.513205119317699e-16
ZBTB8OS,8.74022340094658e-36,-0.24571028512282647,-8.61422849429421,3,3.464199356077881e-34
NDUFA9,9.014149268592863e-23,-0.39056168716282463,-8.609961785054113,3,8.085168136019224e-22
NFKBIA,2.2886699605168805e-14,0.6308532610382883,8.60510143950149,3,6.87773462520083e-14
OLA1,1.3189703193202855e-16,-0.5418445898872052,-8.604364741595855,3,5.256168405660866e-16
NIPAL2,2.719093628153458e-12,-0.7429758214561402,-8.59294320873036,3,6.3094158317833e-12
CDC40,1.7749018911171695e-18,-0.4838491091801473,-8.588721176930068,3,8.990996971755887e-18
EHMT1,6.1802341892952225e-21,0.4249020158129368,8.586842741845109,3,4.348791199515918e-20
TRABD,8.396129406212075e-21,0.4264648080630058,8.561673743254588,3,5.754199083618019e-20
GMPR,2.49424392435142e-12,0.7366412564196978,8.547293490070114,3,5.829177235157541e-12
ARL6,4.325820343111401e-15,-0.5950462121767662,-8.547203043734708,3,1.4191981058552281e-14
TXNL1,8.135285513683377e-22,-0.4032621309195007,-8.504648005205022,3,6.665025813305404e-21
CHCHD7,1.5060017486632149e-21,-0.4081895318259989,-8.499393670494817,4,1.1842099541097076e-20
MAP9,1.0242624009410898e-17,-0.49897327356251453,-8.477350724676851,4,4.6146875913367386e-17
EOGT,1.2416878953641907e-20,-0.4248821828811648,-8.457699443751078,3,8.239526237789981e-20
NAPG,1.7322547415820909e-18,-0.47545628570384685,-8.444763682118449,5,8.790143870346492e-18
REEP1,9.756047246189667e-13,-0.7030835077302108,-8.4445434404094,3,2.4147246053227254e-12
FBXL19-AS1,2.9750516610245756e-12,0.7323091271719903,8.440965173593927,3,6.8545377233189944e-12
GADD45G,2.9911461252896604e-11,0.8011745129931246,8.43169066147117,3,6.109353471778951e-11
TYK2,2.2150950643213147e-21,0.40791160459579395,8.42525414089612,3,1.700752309857177e-20
SLC44A5,2.3844912920253746e-13,-0.6663302736081509,-8.41082334970447,3,6.306323678548624e-13
PSMA6,9.810405731408307e-21,-0.4200596951853818,-8.404685872985183,3,6.599522938123983e-20
EPOR,4.608636609483128e-16,0.5478035772934199,8.401349866355275,3,1.7396565219580454e-15
PRX,6.166025531351432e-10,0.9104593375429842,8.385325656351318,4,1.0809894132369247e-9
MAP2K2,1.8614666907481444e-29,0.29137311007489614,8.371191623080254,3,3.615683313883647e-28
RENBP,8.318818130927046e-16,0.5548942650442008,8.367771318902223,3,3.0085195533919886e-15
N4BP2L1,2.0533250563351043e-23,-0.36718799683289277,-8.330593207702474,3,2.0209403994063293e-22
ENY2,3.397509917508582e-19,-0.45087150300941864,-8.327073319090966,3,1.934931376320907e-18
ATP6V1G2,1.5987478592116564e-9,-0.94539501730184,-8.31590258182835,3,2.6825672031280254e-9
ZNF711,5.747612287158054e-18,-0.48167817638669574,-8.304378638053528,4,2.6972394941175318e-17
CLDN15,1.8105162257705914e-10,0.8520378756535917,8.3007213291536,3,3.3780178690745197e-10
TMEM67,1.5496622912681486e-17,-0.49291040715315637,-8.28570709231313,3,6.855444193498461e-17
SERTM1,2.445218124996772e-9,-0.9608231296993164,-8.274303629486441,3,4.022335816385605e-9
SIPA1L3,8.821712742908735e-21,0.4118054606109638,8.258530820390527,4,5.992467248859283e-20
ZFP36L2,2.0025941159626137e-13,0.6480492442390764,8.229193101005421,4,5.368929197548762e-13
PLEKHA7,6.472050320251733e-15,0.579326501123042,8.22003945919314,4,2.0814170602300803e-14
VMA21,9.347401318730557e-21,-0.41021617946679034,-8.216346660886678,3,6.31703411701307e-20
CXXC1,2.8363976625552384e-19,0.4429650640037178,8.215776200310296,3,1.624834832866116e-18
LRP10,3.2847877292136003e-13,0.6568666210102705,8.199989661909095,3,8.541030505127207e-13
MAPK6,4.4213378402210546e-21,-0.4026568924753632,-8.195858094737687,3,3.2098474963783053e-20
B4GALT6,3.5572327675888694e-14,-0.6092375204267202,-8.193567004481928,3,1.0496341757885466e-13
SCG2,1.4162539433073666e-10,-0.8318593095884033,-8.192864938094129,4,2.671300846122512e-10
PREX1,6.434186849091618e-16,0.5387232594018077,8.1840178060311235,3,2.376759449418856e-15
RLIM,6.163954203870594e-19,-0.4492666087330838,-8.181208110389461,3,3.347940311102306e-18
RPAIN,5.787238295665912e-22,-0.3851150811134493,-8.178892562814415,4,4.835888866435361e-21
ACADSB,5.863019193361344e-16,-0.5364455407981208,-8.171073398059637,4,2.176738644826433e-15
MYH9,6.156232528894137e-18,0.4738035866985018,8.154484275272045,3,2.847985805559385e-17
BLOC1S6,4.1252213533903964e-13,-0.6575843321546445,-8.143887844458913,3,1.0641402136758165e-12
SIX5,3.808313035432457e-12,0.7129750123440761,8.141652287465877,4,8.612013980665686e-12
MAFF,5.015926158123961e-9,0.9775004198006679,8.112910250311865,3,7.918036287286102e-9
PCED1A,2.8544263210480227e-21,0.39488696989508,8.112747914364807,4,2.1411847569396037e-20
DNAJB9,6.651841915126964e-17,-0.5012965200287913,-8.109502920103203,3,2.7440017351712215e-16
OTOGL,5.636573142096135e-10,-0.8761902530528654,-8.103870378895781,3,9.911312365568324e-10
ARL1,1.0814142403887846e-18,-0.4510560053642208,-8.103675762843643,3,5.684207826272948e-18
RRAD,1.1148090621748366e-7,1.159197357452803,8.059666818435145,3,1.498503656901373e-7
MAP10,1.2920255687049374e-11,-0.740104121439437,-8.058793130005897,3,2.7585432286624992e-11
SLC30A9,6.002715250037789e-19,-0.4411546786147364,-8.03856714558483,4,3.2664125841114727e-18
SAMD11,4.986441643400831e-6,1.51598026426938,8.038044593922056,3,5.681908834535601e-6
IL1RAP,8.214927759228407e-15,-0.5703521746463643,-8.033636382701191,3,2.610442374628052e-14
NUP210,4.0541594480765e-21,0.39390838137082057,8.032618778667576,3,2.9727124153020936e-20
TATDN3,1.4527884338221383e-17,-0.47680270692366183,-8.028307486893548,3,6.456103752121715e-17
HPRT1,1.832880149301431e-11,-0.7476224991390509,-8.027122541234048,4,3.834406189658415e-11
ZNF768,8.442942094788408e-16,0.5323328164382592,8.0241220033437,4,3.045897806151833e-15
TMEM120A,4.56875887992074e-22,0.37590761257232214,8.02194429601276,4,3.884107186900734e-21
EPHB6,5.97527197748575e-22,0.37786319080944475,8.019633208416893,3,4.9788274744220756e-21
MAPKAPK3,5.770217434310797e-16,0.5251631080119166,8.00285967787101,3,2.1449997129066625e-15
TRAPPC11,4.4533904852601766e-23,-0.3568935739751106,-7.97703863165162,4,4.2271178942615206e-22
SLC12A4,1.861827843707144e-14,0.5797000159904208,7.959316279279606,3,5.664669155179516e-14
TOB2,2.2944575365028778e-14,0.5832377874704971,7.954966805041345,4,6.888069554312119e-14
MCTS1,4.047253286593094e-16,-0.5165069128250157,-7.950508069459888,3,1.5356525083541456e-15
TTC28,1.305856841783661e-22,0.3632365384621955,7.949106340934727,3,1.1571232981726518e-21
LRPPRC,1.3167015344443179e-19,-0.4207243800116729,-7.943491982474796,4,7.832627556456407e-19
SNX33,2.546319030582428e-14,0.5840592241740028,7.939752014116928,3,7.620769098671695e-14
INHBB,6.125747774998481e-15,0.5577570713014325,7.9273125091485515,3,1.9809060886516586e-14
C17ORF67,3.0996416737355256e-11,0.7515393170429283,7.897692584907759,3,6.322148142605213e-11
DDX10,5.329470598883726e-21,-0.389261658802136,-7.891624588067981,3,3.8218428524513365e-20
MTA1,2.5058698048937373e-23,0.3491429210351562,7.890993646693479,3,2.441766158722037e-22
SPACA6,4.608360962487589e-12,0.6953586360821058,7.882900851381256,4,1.0309933411881081e-11
FEZ2,3.426709724145094e-21,-0.38511981408646656,-7.881524242935846,3,2.5508983809435432e-20
C9ORF72,2.233003877273305e-15,-0.537337806180773,-7.872595586455562,3,7.571561123748674e-15
PCOLCE,5.947100323670991e-14,0.5944520042222912,7.862040742557968,3,1.7084079578185127e-13
SALL2,1.3406681598439302e-18,0.4397040372204521,7.858688982427222,4,6.935061221908725e-18
PEX6,2.4046784649315397e-19,0.42160268877922913,7.849796425090448,4,1.4021713593726054e-18
TCF3,1.9627068545558202e-16,0.4996802560098259,7.848550015321494,4,7.696014979160722e-16
TMCC2,1.346803888438815e-16,0.49449608497469155,7.84799685901585,4,5.359804348427469e-16
RARRES2,6.663200541622502e-16,0.5169483090579791,7.84537147064812,3,2.4551717573591454e-15
ZNF214,1.2630279916542803e-13,-0.6079194358716179,-7.84130174738781,3,3.4685965351329627e-13
TLE3,3.853745705632604e-19,0.4256935421681722,7.8387706687332805,3,2.1653325966705797e-18
RASGRP4,1.9600843006864543e-11,0.7318111314235691,7.836032530027988,3,4.077253371569766e-11
MCF2,4.33534427890845e-11,-0.7561117010286922,-7.835567720004037,3,8.673645818580139e-11
CASKIN2,1.1462211366923683e-15,0.5240050297458001,7.829018499812609,3,4.06513493823303e-15
EIF4E,4.1062274925154687e-14,-0.5846489173292574,-7.826436053068824,3,1.2079804649496358e-13
SLC25A14,2.726562902545259e-13,-0.6226525889054668,-7.823246523585375,4,7.140186601040396e-13
CFAP221,5.796032173119574e-11,-0.7638809742850583,-7.8197496276538025,3,1.1393942603056107e-10
ITGA10,2.805040760952973e-18,0.4451086373093277,7.8125738751134595,3,1.3793127478530472e-17
LATS2,8.480529222805285e-13,0.6471044332038627,7.81157102157314,4,2.1132873585801105e-12
DCBLD1,1.393180758825539e-15,-0.5241071433111189,-7.7861318071023655,3,4.864522816232507e-15
SHKBP1,1.512172687574549e-14,0.5630382797464688,7.781413458956169,3,4.639333151313967e-14
SPN,8.050335392748383e-9,0.9613519160949661,7.781361245031976,3,1.238805546008972e-8
THAP8,1.5309738317751332e-18,0.4366212397373009,7.778421459284537,3,7.822902872119278e-18
DLAT,9.69544478318738e-16,-0.5176038826100018,-7.7710108304552135,5,3.4806290757758365e-15
AKT1S1,1.2549160744356537e-19,0.410732240390832,7.763408338033992,4,7.496270562769393e-19
VAT1,2.053713946912417e-14,0.5656827161465046,7.742759576849961,3,6.19069168170002e-14
ITFG1,7.462789756689887e-14,-0.5898227291406739,-7.74266123593063,5,2.1153848292159697e-13
PDE10A,3.7659339956309925e-12,-0.6775681012099068,-7.740624239930111,4,8.529331590104788e-12
DNAJC5G,4.261219185492268e-12,-0.6770370363513349,-7.698226688084347,4,9.589000728411957e-12
AURKAIP1,3.7244815872265073e-50,0.15572621245817303,7.697380703891231,3,4.045890553827906e-48
DLG5,3.187635052712864e-18,0.4395594671307593,7.690766021509409,3,1.550469918674433e-17
CREBBP,4.801540071651584e-20,0.39785839877745505,7.686074997922147,3,3.0027541642119606e-19
BOC,1.321251235763599e-17,0.4553502376671887,7.685863306733426,4,5.907362613558896e-17
RTN3,4.647317391447225e-14,-0.5754415954095371,-7.672246360250282,4,1.3570138166824444e-13
RBM14,1.745190654075024e-13,0.601281590957363,7.671245011659067,3,4.71330035764461e-13
JTB,7.344100476531505e-15,0.5402197296705926,7.635498823291946,3,2.3438788571998807e-14
SLC6A8,7.406262673395716e-18,0.44514250161515456,7.625469505469474,3,3.383577635680628e-17
ELAVL2,3.669195662585853e-10,-0.8080655491949287,-7.624445220651991,3,6.582110628968995e-10
SPTLC2,1.7095099933612554e-20,-0.3837600360763122,-7.585833891056167,3,1.1167021849729538e-19
TIGD5,6.042369656401088e-17,0.4677106677419818,7.585702368010878,4,2.503145508788756e-16
AGL,1.4723264060907117e-17,-0.4498394528774311,-7.571695825949706,4,6.533030785270888e-17
POLR3F,2.012035341389034e-17,-0.4526721951447823,-7.55797992169837,4,8.821075719423074e-17
FZD7,1.2154648229811756e-12,0.6325683554018026,7.537214907791797,3,2.975758201839556e-12
C1QTNF5,2.021210483049373e-9,0.8665175777542334,7.533840426637878,3,3.3549577514339625e-9
PLRG1,9.596713537207901e-20,-0.39524895415023564,-7.516796179674226,4,5.779704477336915e-19
FAM107A,6.639349505206198e-12,0.6719972157915552,7.511500521531747,4,1.4641512856217878e-11
FAM199X,6.304146145523304e-22,-0.354194100664126,-7.5090473061175835,3,5.237977519778994e-21
BLOC1S2,6.948534135029019e-18,-0.4373522200044397,-7.504136102086649,3,3.189366293902991e-17
E2F3,1.6607882358840317e-15,-0.5074195634400194,-7.499501686035129,3,5.737446284862032e-15
CNOT3,5.430078101884042e-20,0.38917700825746737,7.4975705347733985,3,3.3814053233175995e-19
ZRANB2,3.4000032024335574e-16,-0.48432478292402265,-7.491787917542056,3,1.3001576783230279e-15
BMP1,4.196989826894032e-14,0.5591212200055082,7.479399272202493,3,1.232209325553573e-13
NEK10,1.9797521000468017e-10,-0.7698235009806546,-7.469897035836789,3,3.6797293469184215e-10
NFIC,3.698073302180854e-18,0.4284701813520717,7.469102692261907,3,1.7810261076020437e-17
SLITRK4,9.791805365048846e-12,-0.6774395615649584,-7.458025096760287,4,2.118639872939155e-11
COL6A2,3.803846350039092e-10,0.7916544285830902,7.457208205210652,3,6.811160772078546e-10
FAAP20,1.438878998813056e-14,0.538026371800744,7.4473479784767624,3,4.433016915460813e-14
SMIM8,7.964169027583125e-17,-0.461863239178002,-7.435471410195838,3,3.244292744152959e-16
POU3F4,1.3414119424757817e-10,0.7524046844846561,7.4280684716977685,4,2.538297565988044e-10
GLOD4,1.1077328526653717e-16,-0.4654620294392124,-7.42670964898233,3,4.462885242949911e-16
SERINC1,1.2629689622516465e-16,-0.46653036368487316,-7.417183056108395,3,5.046713850523268e-16
CYP4X1,6.250355389577044e-11,-0.7243816459821149,-7.391659340741175,3,1.2213385981098913e-10
CLCN7,5.537616500723265e-21,0.3640813495248366,7.375078344179592,3,3.951783259518573e-20
LDHA,7.17365499906287e-13,-0.6070854628494939,-7.372603407767472,3,1.804488002765986e-12
DPH6,2.87498140701487e-13,-0.5878159295919931,-7.372014102091626,4,7.508744850200013e-13
GDPD5,2.3565442543666757e-18,0.41809369097157756,7.370040357850898,3,1.1694998812279966e-17
NIPSNAP3B,4.947858101594714e-10,-0.7915355206097694,-7.365699297592121,3,8.752755013255305e-10
STXBP5,2.6244735173142873e-16,-0.47241207484372283,-7.360632604804335,3,1.01819852199508e-15
ATP2B1-AS1,1.8606242009121146e-11,-0.6848585147708289,-7.348765629348142,3,3.8869022658655495e-11
CCNYL1,1.599673763292341e-20,-0.3706602443780109,-7.337578550866967,3,1.0496293395383525e-19
TMX4,1.219964460134681e-15,-0.4919161230128789,-7.33626627564585,3,4.311031038042192e-15
IFT140,5.8238383866942976e-18,0.4249434547254739,7.323811495295906,3,2.7286450460342453e-17
FAXC,2.4022967287768363e-10,-0.7607636336107534,-7.318069422874775,3,4.420286264430653e-10
COQ10B,1.2497655705275971e-16,-0.46014927298896624,-7.317832778070362,3,5.000767282888735e-16
SCG3,4.427834099506763e-12,-0.643968135412587,-7.311490992275146,3,9.928774781233437e-12
TRAM1L1,4.295552677929978e-13,-0.5911346506072637,-7.310550963349325,4,1.1071050970446946e-12
LRCH4,4.427293715383277e-15,0.5088628106910893,7.304146391181116,3,1.450866197454654e-14
PSMA7,1.0653569646879317e-54,0.13532810877474016,7.303997007268692,3,1.4203145351953197e-52
SPATC1L,1.735720712354579e-20,0.3691600176839794,7.294793969520378,3,1.131304188741329e-19
PER1,1.5589981498711042e-16,0.4607186426490526,7.282650719407111,3,6.162454950905591e-16
RIN3,1.8511655026390894e-14,0.529439116801647,7.270551659119377,4,5.6380772785466767e-14
NTNG2,2.1233539219217643e-15,0.4949736849715299,7.26273779778593,3,7.233213766546498e-15
USF2,8.154159413580328e-21,0.36123696907548003,7.256752491549838,3,5.614119615030775e-20
MORF4L2,1.183155239024498e-16,-0.4554095661812663,-7.253289155814529,4,4.753690843916237e-16
MLLT1,7.038772431843771e-15,0.5124058038037456,7.251824714286203,3,2.2537903430783605e-14
NAPB,3.3180749126655765e-8,-0.9668945134504976,-7.23151411132974,3,4.7334210694786656e-8
SSBP1,4.225322490737955e-18,-0.41608731356044115,-7.229159295710413,4,2.0020792997309244e-17
STXBP5L,2.5401418155245485e-9,-0.8404726083777859,-7.223981446495217,3,4.15749773712807e-9
ARMCX5,1.4584692473381753e-12,-0.6098364177231047,-7.2180864848814075,3,3.5265377596396276e-12
TRIM23,2.2289168710785283e-17,-0.4333952593955187,-7.216857175998115,3,9.699426087349145e-17
MBOAT7,8.47261727630753e-16,0.478812448346822,7.21665279966546,3,3.0528484608611775e-15
ISYNA1,6.7159533975244865e-12,0.6453290364010419,7.210191838629972,4,1.479931729146455e-11
SKI,2.044546628114581e-17,0.4319173564542669,7.208442816110582,4,8.950231731731442e-17
CCDC120,1.6525335960504217e-15,0.4875691525346327,7.207173932359111,3,5.715661600490433e-15
TPD52,2.737132698399458e-15,-0.49488580065548443,-7.206875501562827,3,9.153945501032622e-15
BEX1,4.530858144695529e-9,-0.863549806722195,-7.20530374660669,3,7.183246993725399e-9
ROBO2,1.2666558374114023e-9,-0.8073626789180973,-7.183381364604936,3,2.153682070218923e-9
CSRNP3,1.4945824838856723e-11,-0.6626701680588793,-7.173722725049182,4,3.162778084586347e-11
FBXO16,4.626577175412399e-11,-0.6929082529424032,-7.161026768986653,3,9.212322373037724e-11
FPGT-TNNI3K,2.8325173666171936e-10,-0.7493033436489855,-7.154219009435936,3,5.147319353338432e-10
PPP2CA,9.325715982862063e-15,-0.5096606645222097,-7.150701101169459,3,2.928514451577562e-14
NLN,2.903201433736796e-16,-0.4601367986735164,-7.1492019597464,3,1.1204065533092135e-15
BGN,7.829985444595183e-12,0.6433940705068566,7.14568834735517,3,1.7087311985861362e-11
SERPINI1,1.730547816159797e-9,-0.8152977861597909,-7.143489510695388,4,2.895434537818987e-9
C15ORF39,1.1052132698131618e-13,0.5497749641087267,7.123188960480183,3,3.0609919927875386e-13
SST,1.1879778429674562e-10,-0.7160464445950274,-7.106898199585175,4,2.2640279489431768e-10
TSNARE1,5.236289118289294e-16,0.46494502295889123,7.104813914843525,4,1.9664578724638284e-15
CDC42,5.946679470742719e-16,-0.46541919397849296,-7.0863448757890914,3,2.2050076975585835e-15
ARL8B,2.516885838921351e-13,-0.5614629800435157,-7.0739487155873615,3,6.634590489876037e-13
MTBP,3.153414676722369e-12,-0.6149114939869496,-7.072231705940552,3,7.242729245753099e-12
TOP3B,9.671096435332665e-14,0.5432187970624647,7.0697342270472285,3,2.701459604269591e-13
NREP,2.7178105428407848e-14,-0.5211388973242577,-7.069656058393704,3,8.10919463087693e-14
SLCO4A1,5.374966931682022e-8,0.972228371699995,7.0677349020517655,3,7.485649577693908e-8
ANO2,1.0298241178281987e-8,0.8839201203505976,7.060079438588943,3,1.5585521865790026e-8
NUAK1,1.0391235742225317e-10,-0.7065475004156754,-7.053698837341835,4,1.9906919942486514e-10
EMB,2.413917120620194e-10,-0.7322182030969111,-7.041945755935526,3,4.43762767078555e-10
MVB12A,1.5701697556242098e-17,0.4183700125909219,7.0303120292780426,3,6.925275027437304e-17
CNTN5,2.8457382054083484e-8,-0.9295280381996224,-7.014037369850745,3,4.081442619297157e-8
PRKRA,2.6030669334726876e-21,-0.34059369132930534,-7.010955833837514,3,1.983063718409193e-20
ZBBX,1.1149476484562372e-8,-0.880913165976222,-7.005678237850392,3,1.681306659600074e-8
UHRF1,1.7849978641503976e-10,0.7174834073482167,6.994288198501421,3,3.3325262479650646e-10
RADIL,2.2421394837066305e-15,0.47743445394913947,6.994098389586122,3,7.585000121927967e-15
AXIN1,3.3089169713909557e-16,0.4501087265128706,6.96782447915745,4,1.2686344414496306e-15
SLC4A11,3.253547669331469e-11,0.6635714125580189,6.95929996433393,3,6.626843968159166e-11
C12ORF29,3.952023233837517e-18,-0.39987941366702584,-6.959173618628672,3,1.878652211482243e-17
FEN1,7.079173568329326e-12,-0.623483254793416,-6.951849164144058,3,1.5518098711442386e-11
ZBED6,5.509683445813341e-19,0.3804453795743601,6.946504003173901,3,3.0092926529926497e-18
ERLEC1,7.672797872155431e-16,-0.4586839404417582,-6.933028970449389,4,2.795567224724457e-15
KIF1C,1.5152117810187126e-8,0.8864004491757139,6.931231945199,3,2.2547519805823868e-8
NAP1L2,6.423032656393643e-10,-0.754004965277108,-6.931009584031521,4,1.1229541099831762e-9
MZT1,9.530091809777725e-14,-0.530884931124809,-6.912601147473248,3,2.6697000265595095e-13
SLC35B4,2.132648554974957e-18,-0.3909080154756387,-6.907767090575942,4,1.0637854101601273e-17
TPM2,1.689560854711501e-11,0.6409637844389982,6.904606847090407,3,3.549772196897444e-11
MAMDC4,2.92965098849346e-9,0.8089652115592497,6.903049092371359,3,4.7499537585689986e-9
SSX2IP,5.38296782884768e-13,-0.5625712495605029,-6.902174405651019,3,1.3716980575160942e-12
IQCE,2.492436299508901e-16,0.4422911718341962,6.901235425694975,3,9.695378867983561e-16
PRR13,1.417133920238501e-14,-0.4977807372777487,-6.89356089576621,3,4.375214513746867e-14
GPR108,1.1342265315338676e-17,0.40672141106977594,6.892016407542467,3,5.086676478576198e-17
CHGB,1.7151872793239098e-7,-1.018499321854118,-6.890849101172996,3,2.2650357002508001e-7
LPIN3,1.9063515704019452e-11,0.6423587518129776,6.885955422847063,3,3.973936855713508e-11
ADAMTSL5,3.2416047193169413e-7,1.0591616180623804,6.873153879133072,3,4.119422288456061e-7
RPGRIP1L,2.4895985160284694e-14,-0.5050166639506902,-6.870181389427883,3,7.458623541891215e-14
ARL6IP1,9.181260774898626e-15,-0.4892721262845913,-6.8679606273823675,3,2.88933882540533e-14
RTCA,4.568526826141606e-14,-0.5136928931587763,-6.852778169785063,4,1.3359410948228643e-13
MSX1,1.5620867794599366e-8,0.8765233320159402,6.842399566651757,4,2.3209729099067852e-8
MBTPS2,6.9491728412444134e-15,-0.482531046288211,-6.8317068280770075,4,2.2299697968676e-14
ARPC1B,2.283082929762482e-13,0.5403852443741863,6.83126834746993,3,6.065473037131666e-13
SRCAP,8.916766511381029e-19,0.3781208736035292,6.8250033483014905,3,4.720735772180606e-18
ATP6V1D,1.2114081035467978e-13,-0.5279040316034297,-6.818783033567252,3,3.3362065424439046e-13
FBXO3,5.407740009357536e-19,-0.37299206563128984,-6.8134401682541625,3,2.959123404374189e-18
DGKI,9.800380854534904e-13,-0.5670414976731197,-6.8094635809964785,3,2.4236523647850653e-12
LAMB2,7.190707400441562e-13,0.5594838580282225,6.793940264590488,4,1.807227489759649e-12
LANCL2,2.4775360119883804e-13,-0.5388883400653937,-6.793215650112131,3,6.540605871432871e-13
MRPL30,1.0548802425326827e-14,-0.485018159904409,-6.779000285543141,4,3.2949560717234914e-14
FGD3,1.3802070825264628e-12,0.5711684178782734,6.774089277729829,3,3.3566727803068952e-12
DPM2,1.4200675761771652e-29,0.23464351495539884,6.768923611896013,4,2.833372925801106e-28
ADAT2,2.2817750848448597e-13,-0.5349607264724577,-6.762827548764656,4,6.065473037131666e-13
ZFP41,1.1961978163815758e-16,0.42409660944256783,6.752549760334423,3,4.799518735221835e-16
PLEKHA4,8.333119353409531e-9,0.8356729707683034,6.751562712500629,3,1.2782970221522048e-8
PAK1,1.7003627908090865e-8,-0.8685627949048803,-6.748262509146825,3,2.5136915652434732e-8
VIM,4.407517513647827e-9,0.8053555708788763,6.72939487368829,3,6.999051904455375e-9
MED6,5.851889586875776e-18,-0.3898669452299443,-6.718461618466445,3,2.7374150172737877e-17
SRRM2,9.245361883163492e-15,0.4782050490764467,6.711166042951228,3,2.906392969273154e-14
TMEFF1,1.807909884925484e-15,-0.4552155266179452,-6.711162036238523,4,6.209133129375228e-15
MRPS23,7.446861341284499e-17,-0.41584712439919325,-6.706793538958885,3,3.0420117428951857e-16
GPS2,1.272622719724246e-18,0.3746339667890502,6.704187348651699,3,6.618089427218463e-18
C11ORF87,1.7254284294845063e-8,-0.8603749300183137,-6.679179243772756,3,2.548178038105769e-8
BEX3,2.8500875215476367e-12,-0.5780000636060614,-6.673092696654316,3,6.587318125058486e-12
STX10,5.868526044588413e-18,0.38687350149059296,6.666399507549628,3,2.740825937703474e-17
FGFR1,1.1124862297355593e-14,0.47714440878786696,6.657932492477109,4,3.4601507018180226e-14
CLGN,8.002764213662801e-8,-0.9370435702516564,-6.6499733075518375,3,1.0937608312522364e-7
ZNF219,2.563893577281384e-12,0.5733695777786781,6.645984116189928,3,5.9681744937827774e-12
NDUFS1,1.967848649563397e-17,-0.3971462587181813,-6.634728697205908,3,8.640269594565035e-17
DDHD2,1.4840885612025716e-18,-0.3720444356226211,-6.633009170092353,4,7.609845716795704e-18
ACP2,1.6815003577537703e-29,-0.2304454152602432,-6.630906211943441,4,3.2878936995278725e-28
PAK3,1.412436836052876e-10,-0.6730349851689735,-6.629415444209391,4,2.6658154698475456e-10
LDB1,7.06541885335502e-59,0.1139519268333884,6.626402781851479,4,1.3815248997926849e-56
NDFIP2,1.8193067306629785e-11,-0.6154968232639632,-6.610493783965519,3,3.81144760073894e-11
PRR14,1.7235246629122274e-16,0.41913037059687164,6.606996174170378,4,6.767199245410392e-16
TOMM20,1.0054144061454634e-13,-0.5082547332292079,-6.606119621897194,4,2.8004562708686077e-13
DOT1L,7.956379015697933e-13,0.5452711959551153,6.597391349525314,4,1.991131369713485e-12
ZFYVE19,1.567187197991046e-19,0.3508221275896499,6.597167703577776,3,9.285979902439875e-19
ZNF382,1.5498512778206438e-10,-0.671935439437837,-6.591491782335421,3,2.9176596905314176e-10
TPRA1,9.518350000876191e-20,0.3464223046372662,6.589450503699643,4,5.744304640446475e-19
GSS,4.464748542427177e-28,-0.24086292941923404,-6.5876500137881004,4,7.6364267227524485e-27
CKMT1B,7.753174763052498e-7,-1.0775044891634304,-6.584113190741962,3,9.467136378032047e-7
GAD2,1.0356067573150214e-7,-0.941583368767947,-6.576776339280832,4,1.3997394558548192e-7
MPHOSPH9,5.125096913799337e-22,-0.30853163109348697,-6.568730343056526,3,4.3319623193583446e-21
TCAP,2.1115041056608875e-9,0.7568765520729003,6.566212947684516,3,3.4949444367400583e-9
XKR4,2.4236084654483127e-13,-0.5198646171429444,-6.558371592879541,4,6.404003269513425e-13
TSFM,3.1780576819026954e-18,-0.3746315219657348,-6.555241765188726,4,1.5483792659502667e-17
SCG5,2.9244728330208623e-10,-0.687398860383426,-6.553628020672114,4,5.30128480794202e-10
RAB18,7.556711119947644e-16,-0.4328360270905003,-6.545202345087286,4,2.7566957356724428e-15
PSMA4,4.844936025333273e-16,-0.42701495185384297,-6.539610987347223,3,1.824158839833439e-15
CAPG,1.5537456903424632e-11,0.6033303808108581,6.521168858625833,3,3.27851518688809e-11
BCAR3,3.1016978169372783e-13,0.5209338170821042,6.5160488261951315,4,8.09366521092263e-13
SERPINB8,2.3110687646269644e-9,-0.7530908643336317,-6.503833631880035,3,3.81021061644232e-9
ZNF25,1.2731675294018032e-13,-0.504186080619865,-6.501537211706298,4,3.4899068819957836e-13
GDPD3,7.919190339218065e-9,0.8017902000702236,6.495558357082036,3,1.2199046882839593e-8
PFN2,1.2966567660266031e-11,-0.5949417544431327,-6.477234977249549,3,2.7638766677006007e-11
MYLK,7.206302393706448e-13,0.5331966987948603,6.474227620306091,3,1.8095963117072784e-12
SYT16,4.389870760268115e-9,-0.7740551612779268,-6.469203370455149,3,6.974805492885363e-9
CISD1,3.714283290131268e-11,-0.6197286660876994,-6.463847438187703,3,7.502749924211439e-11
PLEKHM1,6.129059609638182e-18,0.3754919543783883,6.463195125008428,4,2.8398944447186075e-17
PREPL,6.445168141010796e-11,-0.6317127691545837,-6.437636850679716,4,1.258567121010963e-10
GPNMB,5.74003755140554e-7,1.0301939112476886,6.429528041056098,3,7.100603179364171e-7
STEAP2,9.389778678827241e-11,-0.640978853312866,-6.427315871763079,3,1.8059161222951017e-10
LRRC28,1.832341298806823e-14,-0.4672948342263497,-6.419226161007664,3,5.586545768607497e-14
FLII,4.969596312344015e-19,0.3495592114504286,6.398219558806907,3,2.7295554277350184e-18
HCFC1,2.0899821542560966e-18,0.3615156497195518,6.391545142930672,3,1.044793398533238e-17
CMTM3,5.859699794382581e-10,0.6923131675909278,6.391521448471649,3,1.0291317064026415e-9
CERS4,2.9208771878383625e-17,0.3861603668397715,6.3849634507883914,3,1.2561485032155304e-16
LCAT,6.365864676994132e-10,0.6940499147780165,6.382581986203051,4,1.1146914088133605e-9
PLAA,5.635331369994768e-17,-0.392764051534218,-6.382054707141124,4,2.3378255881463444e-16
RTN4,2.6528292073899726e-16,-0.40943820727422764,-6.3775285441059895,3,1.0278399029425085e-15
RMND1,5.5302322634176155e-15,-0.446863117314995,-6.371042141345338,4,1.7903058751218397e-14
WSCD1,8.025208931034855e-11,0.6310045917725987,6.370334400981932,3,1.553659260377903e-10
ABRACL,5.364699085069632e-10,-0.6867351446669236,-6.366347003739502,3,9.450247697603141e-10
TMEM150C,6.442961094814082e-14,-0.48229418463094,-6.361901349016791,3,1.84183283538886e-13
TMEM150A,1.9300193880960445e-14,0.4634631157166171,6.356136317912137,3,5.841844030222599e-14
TRIM47,2.1270256620218925e-11,0.5950869210052803,6.350902866618987,3,4.4119987741939254e-11
RHBDF1,2.745654044291233e-12,0.5480628650898526,6.336348899102363,3,6.366010523245996e-12
PPP3CB,1.1234210145757652e-10,-0.6366736196138355,-6.334557092039358,3,2.1437825866953279e-10
HCN1,3.006067888430816e-9,-0.7432362298524491,-6.333860054294938,4,4.8604173741827915e-9
ZDHHC23,9.546873249005176e-10,-0.7017543473074107,-6.329921646669164,3,1.6394015948086757e-9
CSRNP1,4.7691708939052883e-11,0.6129348600610779,6.326442166014164,3,9.476950021561119e-11
FBL,3.2524769581096413e-16,0.4081455714167744,6.321271173680065,3,1.2502640783926052e-15
NAGLU,8.416515854078956e-14,0.4829602715790252,6.314641633115511,3,2.371339193084878e-13
MCM4,9.142583307075285e-12,-0.5712058937067244,-6.305502489512542,3,1.984840624696655e-11
GFM1,1.6511866225049738e-16,-0.39944814649092053,-6.304172070863599,4,6.500577669539715e-16
TPD52L1,1.7200757457113156e-12,0.5357905916919276,6.303282927310615,3,4.099732244912219e-12
LIG1,7.464791333919293e-14,0.47856926553834706,6.282170291332882,3,2.1153848292159697e-13
IGF1,3.8042943019626497e-7,-0.9775203616752871,-6.275412776990254,3,4.788839136333241e-7
DPP9,6.187120004045255e-20,0.3265907373739614,6.273321921713514,3,3.804365402906653e-19
GHITM,1.6900608929403328e-12,-0.5326659283900923,-6.270595322484344,3,4.0333186322164336e-12
KIF3A,6.22772707653691e-15,-0.4413702973026596,-6.269960980268083,4,2.009452531956299e-14
EBF4,1.2514020776489438e-11,0.5745105231006918,6.263660226408918,4,2.6790965647768993e-11
ADCYAP1R1,3.5612873400005514e-12,0.547025451063404,6.262562336112769,3,8.103379184035389e-12
ARAP1,1.6660302815964744e-14,0.45417110573641767,6.257713516656599,5,5.100696050023444e-14
GABARAPL1,6.0475943109098315e-12,-0.5576799145069893,-6.2562860287553805,5,1.338436074077738e-11
ERICH3,4.884137893333393e-9,-0.752080789644576,-6.250702946410455,3,7.7141499413822515e-09
GPATCH2,3.422583481020629e-15,-0.43179340276060374,-6.2461704879187385,4,1.1355698359540165e-14
SOX12,4.0742004656285885e-16,0.40574057452699513,6.244330240974647,3,1.5438798405282492e-15
RGMA,2.5857799439979794e-12,0.5385371883303789,6.240250359898464,3,6.014347799957236e-12
CDC37L1,2.5181065119250173e-17,-0.3757958433674256,-6.237807359038064,3,1.0888019025871335e-16
DMXL2,2.252891722395641e-12,-0.5354689719810753,-6.236746167603282,4,5.286185137429133e-12
BEX2,2.5702774775811487e-10,-0.6501381115679197,-6.234837485757334,3,4.696961895168542e-10
RUNX3,2.8583049977010812e-8,0.8254117630638863,6.226816726701073,3,4.097462638444414e-8
RNF152,1.3029024490688376e-31,0.2013390092200292,6.218373037641336,4,3.322967724451218e-30
RINT1,6.100179676942666e-17,-0.3828485939723334,-6.207758776969744,3,2.5235299002077347e-16
DOK1,7.15565546786386e-14,0.47187520732800403,6.20296502944558,3,2.0336761131051068e-13
LETMD1,7.003616657189491e-16,-0.4090792972106068,-6.199464875576242,4,2.5644953377698845e-15
SYTL2,3.9376471208065156e-11,-0.5956773864028179,-6.197882153000175,3,7.915777248338253e-11
SMPD2,1.367160820164782e-13,0.4816818912166847,6.196442742116084,3,3.7335965414742133e-13
EZR,4.3763888841933027e-13,0.5012246910558605,6.194577861671619,4,1.125960403275347e-12
SOX13,1.1815406162294576e-11,0.5668358868942134,6.194128258009097,4,2.5369389658865295e-11
RBM38,1.044269571847152e-12,0.5169830103228503,6.194070317082195,3,2.5738173564938627e-12
TMPRSS5,2.0756066431197436e-8,0.8055041011218724,6.188571168927162,4,3.0332607295815684e-8
NINL,2.3652533391765664e-12,0.5321275799919591,6.186580343199087,3,5.545394119748096e-12
GCNT1,3.7646693377490695e-11,-0.5928666458839447,-6.180203866033166,3,7.588848912452247e-11
IKBKB,3.5989596695100935e-13,0.496373074679325,6.1767786932473845,3,9.324866352184722e-13
TTC3,1.0991728596937649e-16,-0.3868138333405306,-6.173136437947819,3,4.434489680167555e-16
DHRS7B,3.417817901557459e-16,-0.398916885305898,-6.169748708129152,3,1.3052682168317744e-15
CSNK1G3,7.784090697236596e-18,-0.3603067198255532,-6.164412766224116,3,3.550659100310255e-17
AHI1,6.696570247418873e-11,-0.6052158451454036,-6.157555320834952,3,1.305052527287678e-10
INTS8,9.465043842316817e-56,-0.11182401022335706,-6.152990625555288,3,1.3880486794757612e-53
C2ORF80,2.619190972387104e-9,-0.7163595133426156,-6.147677593139477,3,4.279714274101045e-9
RAB12,2.051823217808098e-18,-0.34713177739967843,-6.140018301075901,3,1.0304790236012245e-17
KIFAP3,1.0055967601920425e-12,-0.5114127151859711,-6.135712986605065,5,2.484764361957254e-12
RILPL1,6.249450474592968e-18,0.3566080785350413,6.135141787556672,3,2.8865572034616024e-17
RANBP3,5.752594204569941e-20,0.31826292707762793,6.123422083667164,3,3.574652288560093e-19
CIC,2.6978768838621077e-15,0.4195001848712576,6.111688911110175,3,9.03295993192644e-15
SPRYD7,5.806315660083352e-14,-0.4613532895494121,-6.10651797936843,4,1.674525450444884e-13
PLEKHF1,1.6638387604316287e-10,0.6238302501293116,6.100366622815215,3,3.1182358366427905e-10
DUSP1,4.116497985200118e-9,0.727346940091632,6.099147467933292,3,6.565355405433358e-9
CDKL5,2.1157345821883607e-9,-0.702795675200007,-6.0964283637041605,3,3.499971533873921e-9
GDPD1,5.432709696057438e-14,-0.4587223392991908,-6.084944262545483,3,1.5714139584355487e-13
DENND4B,4.1525346692185015e-19,0.3309005426745384,6.082510115212306,3,2.3198827018700695e-18
NCALD,7.577355880364471e-9,-0.7486284274754965,-6.0792239058711335,4,1.1711007609279313e-8
AZIN1,6.0900722579655435e-18,-0.35304521074085365,-6.077806596706669,3,2.8262946095906544e-17
CACFD1,2.3355410766357567e-11,0.5716316753814326,6.077366459720729,4,4.81387349105599e-11
MCM7,2.4714236962186576e-9,0.705837137497502,6.075177506115952,3,4.058614614226945e-9
NWD1,4.6380519535109517e-8,0.8283857075284567,6.075102765220607,4,6.518163095183336e-8
RAB2A,1.6148976048832362e-14,-0.4399608475505795,-6.067876219310854,4,4.949315230013095e-14
CCDC43,3.74585355176319e-18,-0.34818480983450584,-6.0676249028282,3,1.798132318710546e-17
BORCS7,7.301584250140493e-16,-0.40080008580785514,-6.066743724865313,3,2.666942292112337e-15
CALM2,4.259080016890375e-14,-0.45310517536116635,-6.058326209411958,3,1.2479402287252218e-13
L2HGDH,5.073476557326006e-17,-0.371428438478132,-6.052312874927615,3,2.1167150416269098e-16
KCNH5,1.0374493122005318e-8,-0.7574340522164027,-6.047378553733481,3,1.569282533617411e-8
BRD4,7.604287833816206e-19,0.33341419059655586,6.041112198948798,3,4.069959163610024e-18
VDAC2,6.989648547018599e-16,-0.3985427519102796,-6.040132475841372,3,2.5625798985506936e-15
NRIP3,2.054822150936059e-9,-0.6951051806178598,-6.038535631833344,4,3.408819778673904e-9
TNFRSF10D,1.285608828632383e-11,0.5538490159362033,6.0319093482080826,4,2.750321440101225e-11
HVCN1,1.5453985513015489e-9,0.683347215424342,6.02094463900195,3,2.6004899317082288e-9
PPM1E,7.629210996798657e-9,-0.741574846839282,-6.019748927989829,4,1.177709255453182e-8
FASTKD3,6.221681438376772e-14,-0.4545590288446651,-6.002948458602147,3,1.7855373443012791e-13
HDAC5,1.3285490106208572e-18,0.3357363566982921,6.001832081257171,4,6.884512805920449e-18
TRUB1,2.217910859723169e-12,-0.5147935314887763,-5.999432599419636,3,5.212445954782096e-12
KPNA6,6.4951406751251975e-16,-0.3949001745899523,-5.997511428559625,3,2.396257559766315e-15
LZTS2,4.18269086204219e-15,0.41702795118865954,5.99625484233328,3,1.3768610884814526e-14
COLGALT1,8.951707816595473e-15,0.42676619498323154,5.995251666507846,3,2.832293314571146e-14
FAM81A,2.982122399889583e-9,-0.7014945928820724,-5.980574288121574,3,4.824360175883148e-9
ZBTB46,2.0809126772522165e-13,0.47154153006073646,5.979969980583335,3,5.568719783194115e-13
ZC2HC1A,1.8183024402060891e-10,-0.6131259692220469,-5.972051649762522,3,3.390388466067679e-10
SLC38A2,2.1509608009910168e-24,0.25229089708292396,5.971061379201322,3,2.3194000107745046e-23
DGKB,3.9393889552367996e-10,-0.6339563313558563,-5.962087416016056,4,7.036679540626999e-10
PACSIN2,2.9600477102602694e-20,0.3052962044256979,5.962038380862936,3,1.8832581202154814e-19
SLC12A7,2.4076763749046614e-9,0.6915001938591715,5.959626576787232,4,3.962802922331859e-9
EPHA5,1.5849576928457788e-8,-0.763828061423036,-5.9578453791115,3,2.3537624876540096e-8
PGM2L1,4.911083419780776e-8,-0.8138381665914777,-5.9481988570515485,3,6.872236483882165e-8
SPIN1,1.3372819903682247e-11,-0.5462929740674095,-5.940267978940623,3,2.840150671795802e-11
IMPA1,4.827589113540589e-14,-0.4458490655421165,-5.937046402580031,3,1.401912759407381e-13
CEP41,1.4305828211900677e-13,-0.4619980601199734,-5.934128074640328,3,3.892300013497652e-13
DDHD1,1.8067086812079417e-17,-0.3535652265965996,-5.9197821417744345,4,7.944642521713482e-17
PCDH8,6.838377643575844e-17,-0.36543183344472885,-5.907222733452517,3,2.8169889927820156e-16
OPN3,3.345797071700407e-9,-0.6952573064816903,-5.892653581466145,4,5.383007576136749e-9
INPPL1,2.687115815020033e-13,0.4673546890647427,5.874981952868756,3,7.043173087983697e-13
NCR3LG1,1.9276407342377955e-9,-0.6734375990189427,-5.8689911020373255,3,3.2105453001246193e-9
MTMR7,7.088255384652653e-15,-0.414727005284078,-5.868163439074816,3,2.2671595466942458e-14
HMGCR,3.1794533227904074e-10,-0.6172461875094294,-5.862386738363054,4,5.745740354740767e-10
SVOP,5.8916971079293254e-8,-0.8108252287438847,-5.862071471970237,3,8.174242013981415e-8
MAML3,7.541679890219424e-15,0.414439102224499,5.852929443990704,3,2.404316857193435e-14
LRRC34,3.9693434978521255e-12,-0.5132332577611015,-5.851516752780435,3,8.962343709930935e-12
GABRB2,4.928909024095589e-7,-0.9276372163463178,-5.850839088660479,3,6.14124476111825e-7
ANAPC16,4.9692299340856965e-22,0.2746365728743627,5.850778153087245,4,4.2123558949922974e-21
PART1,7.273169154550232e-13,-0.48116952794666096,-5.84056868302423,3,1.8248250753033216e-12
INPP5D,1.738933378575394e-10,0.5975224319794912,5.831649870864989,3,3.25481276283448e-10
KLHL42,2.464903519425916e-17,-0.35093145798152225,-5.828339866799798,3,1.0678821303509915e-16
MRPL1,1.1824148184997916e-14,-0.41802516200101236,-5.821932633894247,3,3.6659859013318066e-14
TBX6,2.0494909642565037e-8,0.75394414325368,5.796589463566917,3,2.998083290855025e-8
MICALL2,3.6011185837236094e-12,0.5064818991032896,5.795957306612647,4,8.17498514401033e-12
ZNF554,2.8336032827639756e-12,-0.5018849055094543,-5.795596726260781,3,6.5595567705972695e-12
ITPRIP,1.5673422434437867e-9,0.6580661127243997,5.7941643056598835,4,2.63288361971399e-9
MOB3A,5.723514468883374e-14,0.4374765694744754,5.793212256624505,4,1.652270466263281e-13
SNCA,2.3046521169689823e-10,-0.6011039599482622,-5.793076070439398,4,4.2539613965198394e-10
STMN2,5.489121343648659e-7,-0.9250395638275714,-5.7912075701011885,3,6.798814569645912e-7
NLRP1,5.909616134971243e-11,0.5660705724659485,5.790019298466107,4,1.1593915801920171e-10
PSMB2,1.4010725710640936e-13,-0.449107280542367,-5.7726181113876445,3,3.8155486081067657e-13
MAP2K3,1.2214700005824293e-13,0.44689835307297465,5.770850807426919,3,3.3607612680190104e-13
COL8A2,7.901781629028623e-8,0.8123751195165541,5.769711482877293,4,1.0809666752770967e-7
PARD3,3.900644288561351e-11,0.553071652981606,5.756847425946893,3,7.852154906211697e-11
POLR3H,2.532447845850517e-13,0.45674832132414167,5.753411726636487,3,6.661587024107235e-13
SBNO2,4.47739255763723e-11,0.5552694001337439,5.746469044165747,3,8.921326339368203e-11
STAT1,1.5711378759713195e-10,-0.5860520652208417,-5.745528857383786,3,2.952048296107547e-10
SYT4,1.1133147508105037e-6,-0.9645260155007916,-5.742191854640676,3,1.3437663226860937e-6
GSKIP,3.6986357261316834e-11,-0.5503597275502815,-5.741329804679522,3,7.481447299823605e-11
AAGAB,2.261626888416138e-13,-0.45309382551557403,-5.729633783624824,3,6.024842564690766e-13
PSMD1,6.225113431158141e-15,-0.40330105760543417,-5.7292354304563835,4,2.009452531956299e-14
RASSF3,1.0035568722356623e-9,0.636571509632433,5.728162000249262,3,1.7202994192093498e-9
TMEM109,3.6577077888271725e-15,0.3966786102401729,5.726766187388078,3,1.2081145207916776e-14
NPNT,2.4680032304756635e-9,0.6645566946268513,5.7202742742633355,3,4.055268053212953e-9
PCSK5,2.4297972640073787e-14,0.4197820506466547,5.715093327538576,4,7.286907336741965e-14
SPR,5.023520200445482e-10,0.6122174085104659,5.693004690347157,3,8.870550721196025e-10
ZFHX2,1.720685439306833e-12,0.48390795668968595,5.692837656930926,3,4.099732244912219e-12
TMEM169,1.3080253780773966e-10,-0.575808038457468,-5.6909318563738855,3,2.479921418164838e-10
PJA2,3.567500462448233e-12,-0.49674748035297267,-5.686584320080126,3,8.111223919659432e-12
AMACR,2.1520530166565763e-11,-0.5330399169865635,-5.686015169413105,4,4.460757242299462e-11
TLE2,1.5963667234522495e-12,0.4816201166401,5.681608621263276,3,3.8315414074349e-12
TBX3,3.0903994522578773e-7,0.8714197459158454,5.6729298073567405,3,3.9340892332779316e-7
KLF2,1.85843232173669e-8,0.7337341873242027,5.672391326652827,3,2.7363363452076864e-8
ZBTB12,1.3203552215929494e-11,0.5208296965944109,5.666267316415439,3,2.808268212423583e-11
NBEAL1,3.6180319381204767e-62,-0.09211972507664477,-5.659976631144829,3,9.646988795006689e-60
MFAP4,4.23045623754922e-8,0.766670840873725,5.653133920440311,4,5.973966367227666e-8
ZNF592,5.158351309150436e-17,0.34611484198890086,5.637341710564751,4,2.149068805360544e-16
GSAP,5.150533369925787e-15,-0.3944365281061423,-5.635767409217447,4,1.6729251798441123e-14
ZFP36L1,1.7542872601924076e-11,0.5235858492575404,5.631636664545816,4,3.683124219144117e-11
CGNL1,2.8096676158110383e-9,0.658109406634645,5.6277206195294,4,4.562987329553585e-9
FAM20B,1.7192747460779877e-15,-0.3811356520695457,-5.627336302764309,3,5.925537990889233e-15
CIITA,1.1105197665732991e-10,0.5644448554693485,5.618751472747833,3,2.121924739647874e-10
LOXL3,2.414681852051582e-12,0.4835637461312253,5.617627777329862,5,5.647736740085558e-12
FBXW7,2.73526002272498e-10,-0.5872539057206846,-5.6159099119450335,4,4.982930215312029e-10
NDUFAF5,6.8693151907107214e-12,-0.502570082720657,-5.610233333896064,3,1.5103224478526645e-11
ACACB,1.278304912109617e-10,0.5664731673162436,5.604326114121226,3,2.4267108784579333e-10
ZNF853,2.850639264822422e-13,0.44661052243000376,5.602754789910226,4,7.451804780502821e-13
ESD,2.725369652731515e-14,-0.4124358207790698,-5.59451645219607,3,8.12348495067229e-14
FLCN,4.692511337645828e-11,0.540960365560755,5.587360348087515,3,9.330939493773026e-11
C17ORF75,3.197937225656626e-15,-0.38523460128245024,-5.584025651338897,4,1.0634410298016875e-14
PYROXD2,2.0118121440894383e-11,0.5219061396776304,5.5825233952125615,4,4.1818887445884634e-11
PWP1,1.3315758606739984e-15,-0.3751218803929612,-5.580175830566853,4,4.677259879469267e-15
ADAT3,6.131054707153566e-7,0.8944089707264097,5.556484255190631,3,7.574719231710787e-7
TNIP1,5.610267480239633e-17,0.34191388706285186,5.556448197134285,3,2.3307244361958706e-16
RAB3B,1.601666811758747e-7,-0.8175092167764708,-5.555324877546822,4,2.1198956493178724e-7
SNX4,4.4693801994041726e-15,-0.38710427719439777,-5.55485064661304,4,1.4630236746487095e-14
KCNQ4,1.55636231762575e-10,0.5662775980468454,5.553987990638198,3,2.9280376379707025e-10
CSK,1.449859706522528e-17,0.329653061120633,5.550920435766825,3,6.452865734796016e-17
ARPC5L,1.3328144924064394e-12,-0.4671376381985423,-5.547367032413706,3,3.2522004211548142e-12
LINC01094,4.2750487017961964e-8,0.7526523862266613,5.5463397904533895,3,6.031129313308438e-8
TUBB2A,2.1444014341851894e-8,-0.7226952509238593,-5.542128670260149,3,3.1260086513246324e-8
F3,5.156180042034189e-8,-0.7603841666075096,-5.541430344327089,3,7.194612779869779e-8
HERPUD2,5.81754363462121e-20,0.2880674115688971,5.541051660049208,3,3.599758540156964e-19
XKR8,4.718250128281271e-13,0.4480177542054461,5.522364971972974,4,1.2086137664846261e-12
PRMT2,2.5273163980097676e-19,0.2968774858473939,5.521131656884182,4,1.4678453456163659e-18
MBD3,4.794798303983378e-13,0.44784695734283086,5.51712951867819,4,1.2271503861765485e-12
MRPL12,2.4091992286027092e-46,0.12084001588283917,5.512495225611298,3,2.1412670719671957e-44
STRBP,1.153917403635641e-11,-0.5036117578164467,-5.5084174141742785,3,2.4849043648042108e-11
VDAC3,3.5023017192317976e-11,-0.5263100712278888,-5.502912023977844,4,7.10390798236989e-11
PMS2,2.647989857523794e-13,-0.43699359137133614,-5.496104967475542,4,6.946828490265909e-13
CMSS1,9.150792411105665e-12,-0.4975609595588335,-5.492347199695046,4,1.9851534128530262e-11
VWC2L,2.924501671848302e-7,-0.8405371544190523,-5.4920261649730175,3,3.7326211503616486e-7
COBL,3.113389088585325e-12,0.47657392190671033,5.48382488749393,3,7.162015840643732e-12
TLN1,8.894083141213524e-11,0.5452411458741561,5.480163587019201,3,1.7128263856322566e-10
YWHAB,3.396465351670034e-11,-0.5229666065455861,-5.474923185203633,5,6.898776230227293e-11
FSTL5,1.3206372629564498e-8,-0.6943013034390777,-5.470550253316379,3,1.9752315615763728e-8
PFDN4,1.0360137523646178e-12,-0.4560727806809551,-5.465865572553394,3,2.555616766766547e-12
PGPEP1,1.8425743582133887e-10,0.560570440311928,5.456914981048203,4,3.4334628924014416e-10
MRPS35,5.205262972181433e-17,-0.3349212779100574,-5.453709828160572,3,2.165537063462148e-16
TFRC,1.3996851073910947e-12,-0.459772780251126,-5.450132586787745,3,3.398407632432186e-12
GOPC,8.30948078516299e-16,-0.3607744096937017,-5.440631828521773,3,3.0085195533919886e-15
NAF1,4.716597439111477e-15,-0.37975541869689045,-5.440517089339638,3,1.537086698768218e-14
PANK1,1.9174925159249563e-13,-0.427666985790342,-5.438754955615255,3,5.154908844370208e-13
RDH11,1.0861423938177758e-14,-0.38916836483793743,-5.43439111399432,3,3.38363036798061e-14
RGL3,1.6146102994733736e-8,0.6971875006134554,5.432437792297406,3,2.3953727912773923e-8
KPTN,5.112966321140304e-12,0.480446361402882,5.424877005201936,4,1.1360856227200388e-11
DHX34,8.595963021270588e-12,0.4901130762465647,5.423446944552457,3,1.8703234081147355e-11
REXO4,6.475187032497644e-18,0.3154966538624792,5.422992377974952,3,2.9814322710071566e-17
SLC6A9,1.3205173205083747e-8,0.6881556353738699,5.42215434877175,3,1.9752315615763728e-8
CLTC,2.5212302013641794e-12,-0.4674862168412864,-5.422086293450736,3,5.882870469849752e-12
ADRB1,1.0476126182809911e-16,0.3392337030690033,5.420886483791418,3,4.238134909542272e-16
HMBOX1,1.630769150711379e-12,0.45915119114029534,5.412294030149813,3,3.907717254114767e-12
MRPL32,3.166984021979759e-12,-0.47058271976284854,-5.411397340937939,4,7.2634886041962406e-12
ATL1,3.926625028100298e-10,-0.5746111360318783,-5.404781180576134,3,7.018154300681399e-10
PDE9A,7.372634301973926e-14,0.4114294647094688,5.403046965976818,3,2.0933142698634582e-13
DYNC1LI1,2.760089697313408e-15,-0.37105083488784846,-5.402157603326522,4,9.209869649442593e-15
KIAA0930,4.376621713412765e-12,0.4755013823510429,5.401154102365636,3,9.821447196204776e-12
MAP3K11,1.5895773311701563e-12,0.45775349961378275,5.400904610767999,3,3.821500256001695e-12
TCEAL5,1.4321144790029236e-9,-0.610478996528027,-5.399089837255851,3,2.4181875457199623e-9
NUP133,4.346690077234579e-19,-0.29324244150443823,-5.384471180448311,3,2.419135103705696e-18
EEF1E1,4.002202460743109e-11,-0.5177085239868725,-5.382978409271527,3,8.040040970794205e-11
PCDH18,2.0241239302728017e-21,0.25993300786376017,5.3789920347811995,4,1.566426249997395e-20
TGFB1I1,7.467142360650317e-9,0.6605157541736327,5.367909529923871,3,1.156342584149281e-8
PLCG1,1.466663644801636e-14,0.38790268749674434,5.366117566533294,3,4.509460811984918e-14
EIF1B,5.320618699807143e-12,-0.4759398673475742,-5.3657640852329935,3,1.1804368113868646e-11
TRAF2,1.1066926381830209e-13,0.4136865020873541,5.359711142824551,4,3.0621976488592457e-13
IL33,4.59999221616201e-9,-0.6413929963998478,-5.347449207400372,3,7.281045423639058e-9
ZNF787,2.1664725421576626e-12,0.45789345641100815,5.340982288645161,3,5.103826478834075e-12
STMN1,3.279275948470153e-9,-0.6293357086419433,-5.33942388746321,4,5.284679316957669e-9
ITPKB,2.006804810193867e-9,0.6137237860357775,5.337859478596102,4,3.3348206845884486e-9
ENO2,2.5135719125600875e-8,-0.7022435606085167,-5.336846486696059,3,3.626318947141533e-8
FRRS1L,3.311323705999244e-10,-0.5627711430544828,-5.335069514182766,3,5.97300887435165e-10
USP5,3.3246339124850473e-34,-0.15933371045459027,-5.334214775031075,3,1.1471942665080758e-32
ARHGAP9,7.855734133112776e-11,0.5277007932377439,5.3323179533450364,3,1.521853910992059e-10
MECR,6.9801396102738485e-12,-0.47768270795908163,-5.329093202741253,3,1.5312452862328496e-11
CASC3,4.293957658868818e-11,0.5136494586519647,5.325077000523361,3,8.596708405093681e-11
LGMN,1.6556488431444931e-12,-0.450952261633067,-5.312682921052811,3,3.9640963730145294e-12
GPRASP1,2.6298193824443593e-9,-0.6189707313790107,-5.310814727400662,3,4.293613537398404e-9
ARHGAP42,4.323964030962185e-15,0.3692556205254747,5.30403127858197,4,1.4191981058552281e-14
PRKAR1A,2.8962247592063157e-12,-0.45964653716006854,-5.3034788459856,3,6.683420313731018e-12
KPNA1,4.950938908434744e-19,-0.28971589699968775,-5.303340011259923,3,2.724409722033603e-18
DCHS1,1.3158147812036417e-11,0.4871609852379158,5.30070380054218,3,2.800642056074224e-11
SLC43A1,1.9491856595983583e-12,0.45239883916742757,5.297656815378936,3,4.614173962552046e-12
ZNF319,2.2049783603143836e-15,0.3611966258338921,5.293912901618499,3,7.485186956946861e-15
MLXIP,2.4595960934638806e-15,0.3622912312119384,5.292761942800764,3,8.282428636199267e-15
PPIL3,5.895256517420018e-14,-0.3998434703447561,-5.289728108515245,3,1.698505635127005e-13
ZBTB40,5.329443875359924e-15,0.3702984024122222,5.285386892146441,4,1.7291215582334798e-14
CHM,1.0592362821815274e-13,-0.4072366167687604,-5.283898015006592,3,2.9447772660079807e-13
NUP155,1.813978615084589e-18,-0.2976385450079265,-5.280514909492191,3,9.157313731571598e-18
SLC8A1,3.897072403968921e-9,-0.6274736189537882,-5.276589762037781,4,6.226929505059838e-9
GAD1,1.8095983681182127e-7,-0.7821747156290051,-5.273748728544013,4,2.3768705838292515e-7
SCFD2,2.4134713734398233e-12,-0.453847411738604,-5.272507790578327,3,5.647736740085558e-12
PPP2R1B,6.716714584261835e-16,0.3472978592545808,5.269495929498194,4,2.4717846769937217e-15
NECAP1,1.1608972951078456e-9,-0.5885989878276331,-5.259253325769171,4,1.981904404278994e-9
NATD1,5.773935201093407e-13,0.4297059566894861,5.258968423261074,3,1.4687729353692075e-12
CDKN2C,8.126504774432192e-10,0.5778078674274038,5.252329103009023,4,1.408690218877637e-9
LPAR2,1.7848208056775426e-10,0.5383486373098078,5.248040752330515,3,3.3325262479650646e-10
LTBP2,3.1692712045176004e-10,0.5524308091973311,5.247562682644961,3,5.73087080323682e-10
PRMT9,2.1840705473341674e-13,-0.41378343184194377,-5.238801690092668,4,5.828825218681632e-13
ATOH8,1.179822693886142e-8,0.6599299604475837,5.232045661519437,4,1.7754848441088017e-8
FIBP,2.8815918862232326e-23,-0.23206951258876699,-5.230932105650195,3,2.7801674349647175e-22
TRIM8,1.096183378287884e-12,0.4373361699329129,5.230591667810217,4,2.6972364500992987e-12
HDAC4,1.0662061973065424e-14,0.374242877840562,5.22898091801198,3,3.326790187978818e-14
NHLRC1,2.6306251369604267e-9,-0.6082057312055447,-5.2183693104649835,3,4.293613537398404e-9
THAP9-AS1,8.37436351122881e-10,-0.5737453730198974,-5.207914400462088,3,1.447168871023598e-9
NUAK2,1.5618872712991904e-8,0.6661202978187947,5.199968396298776,3,2.3209729099067852e-8
AP3M2,5.562027807189263e-13,-0.42417915836637804,-5.198216685959278,3,1.416096142229697e-12
COA7,1.9832363948830966e-14,-0.3789272952850959,-5.192298825202521,4,5.99055854396717e-14
GPER1,2.054052391140017e-7,0.7762117403914883,5.190829453359149,3,2.676381902804829e-7
SPEN,1.3541860324927696e-13,0.4028285586240953,5.183727470224212,3,3.7050630907661317e-13
SUSD4,7.3781794263920354e-9,-0.636145674291367,-5.173168931638282,3,1.1431695857162093e-8
DCTN1-AS1,6.425957535306974e-8,-0.714882914794581,-5.141482352264878,3,8.873509157747341e-8
RBBP7,1.0922743248983435e-15,-0.3434283901741431,-5.138261649931645,3,3.887913343357817e-15
RRBP1,3.2133893391445024e-13,0.4112173569625295,5.13735351225756,3,8.362795857773581e-13
GRIA4,1.0963739918217516e-11,-0.4684991163355306,-5.134769652498591,3,2.3661993510030886e-11
MYO9B,2.6266665421176157e-11,0.4850604848680387,5.132228568940054,3,5.394967064447455e-11
SYDE1,7.186206599114779e-8,0.7183436810000666,5.131488301622789,3,9.87682472127631e-8
ENOPH1,3.0077015778250433e-14,-0.378975468583193,-5.124417324099478,3,8.92873353012232e-14
SEC61A2,8.528576806552268e-12,-0.46181916144918206,-5.111933302741111,4,1.857039032933764e-11
MAZ,4.798734007860248e-11,0.49492912019366003,5.107110894741796,3,9.529239570111108e-11
PCDHA9,1.9626138458064755e-10,-0.5258441823537593,-5.104456316872858,3,3.650187957990103e-10
DDIT4L,7.014102719574527e-9,0.6256968592386686,5.101949633588473,4,1.0902153299688442e-8
TXN,3.346208668850541e-11,-0.486955193422092,-5.101073310338013,3,6.806698052870206e-11
MYO1C,1.5986855638574568e-10,0.5197675690486165,5.091766263612644,4,2.999964656937889e-10
TAF9,1.7145089116619159e-9,-0.5807280242203913,-5.090580705415752,3,2.8702366654705476e-9
FAM47E,2.4341114682590905e-10,-0.5289916502430908,-5.08554562360117,3,4.46482109843897e-10
PSMD6,3.918683494116475e-15,-0.3526368706556086,-5.0803899602136875,3,1.2914043469936654e-14
LINC00472,6.563370576004452e-8,0.7072696102590037,5.080227839763472,3,9.050477620790343e-8
PSMA3,9.573543239184496e-14,-0.38977389419299197,-5.074437990716515,3,2.6793131985236766e-13
STK10,1.8382549789649076e-11,0.47182264940562024,5.0652965215332975,3,3.8429093751276364e-11
ZNF597,6.913298916179205e-14,-0.38467176727140545,-5.062401499937976,3,1.9705253373327122e-13
CSTF3,1.2496172898402187e-15,-0.3396352278703487,-5.061659530940028,3,4.403156401311204e-15
CCDC184,1.8539127868961436e-7,-0.751851020063681,-5.061393926851979,3,2.431809572435773e-7
SAFB2,2.5324448910238714e-13,0.40144458509733194,5.056780657039467,3,6.661587024107235e-13
SDHAF4,3.923001530936366e-11,-0.4852897351643373,-5.05011013301905,3,7.891744506334953e-11
NFATC4,1.2794849867730108e-8,0.6398008818007924,5.049925842692554,4,1.9195547141714786e-8
TUBGCP5,2.0129610959981064e-12,-0.4314942225499151,-5.046827458889469,4,4.761302334324553e-12
ELN,3.104757839978028e-8,0.6715917455682767,5.0422922008655195,4,4.4399096755999785e-8
DPM1,1.062916323589927e-12,-0.42085136955944813,-5.039064261983163,3,2.6175764711076877e-12
SMN1,5.387667520240039e-8,-0.6926764978627651,-5.034787847216789,3,7.496218613313109e-8
DHRS11,1.1970465054388963e-12,-0.4222674525578137,-5.034225687935382,4,2.9380229292487725e-12
EIF4EBP1,1.5739225101211863e-10,0.5126173364936649,5.025196286434858,3,2.955387146085429e-10
TTC8,4.610113210772712e-10,-0.5371260375425473,-5.0147635987431505,4,8.189861930464182e-10
RAB6C,1.2655832054539108e-10,-0.5064788237694323,-5.012980162748287,3,2.4041162834173063e-10
TAF10,8.23165893197739e-14,0.38304538015913464,5.011962115435104,3,2.3214861199509316e-13
SOS1,3.4160829661519405e-59,-0.08571537408531121,-5.011475483800267,3,7.156693814088315e-57
LIN7A,6.524304310802516e-9,-0.6114736812202436,-5.005196899429482,3,1.0173197524499617e-8
GALNTL6,2.2803227757187799e-7,-0.7535366543832327,-5.00499322767616,3,2.955451480858675e-7
AZGP1,1.0258711101989117e-5,0.997169003532131,4.974783621619808,3,1.144495993234465e-5
DGKE,5.000590126620666e-12,-0.4393506730777478,-4.965092616270012,3,1.1136469887151414e-11
DNAJA2,1.837124844688397e-12,-0.4230670219347741,-4.965055902524352,3,4.3629855623247525e-12
ZBTB47,4.927351499886027e-10,0.5334313224561932,4.964851465612309,3,8.721739257191139e-10
PODN,1.1056284008930915e-7,0.7134314286009328,4.962907836240062,3,1.4868446124802556e-7
OXCT1,4.040942321703222e-11,-0.4770915846850113,-4.958659662201868,4,8.106760485332113e-11
BBS7,3.4110581567652323e-12,-0.4321014669103321,-4.954955430758029,3,7.785707061317063e-12
ALKBH8,3.0113889000554715e-12,-0.43000868692569405,-4.954230340632699,4,6.932812907270563e-12
BCAM,7.522682514728284e-9,0.6097451399552611,4.9533422446428075,4,1.1637145472414586e-8
C5ORF34,2.4394977210051383e-8,-0.650604675707344,-4.952857943632305,3,3.528129593544414e-8
ELAVL4,2.0434534550361133e-7,-0.7402847463517774,-4.952234934250959,3,2.666124992713932e-7
G3BP2,5.208397379118933e-10,-0.5332317323219091,-4.95014794817932,4,9.191473834510127e-10
GREM2,1.8793108149762272e-7,-0.7357708181740377,-4.94879554353395,3,2.461821625871047e-7
SLC37A2,2.325028495438916e-8,0.6481079842975712,4.9473787804718015,4,3.374224926829461e-8
CREG2,2.2634163045191943e-7,-0.7444475882393686,-4.947029585922163,3,2.9361344631379024e-7
SNX15,9.625772647946104e-15,0.3526600138263043,4.943081795165059,3,3.013559126235669e-14
TFCP2L1,7.71725342412438e-7,0.806933441452675,4.932410709365901,3,9.431126788732003e-7
ANKRD24,1.5492328175016643e-15,0.3329869634352595,4.931498072859992,3,5.383767599208983e-15
ADAMTS10,5.590779082451589e-11,0.4804933541419056,4.926271407815774,3,1.099782364106674e-10
SASH1,2.511598530168227e-9,0.5726223611985057,4.92458081131682,3,4.117673833976193e-9
INPP5F,3.335467962759771e-9,-0.5803936972583996,-4.919906381249557,3,5.369334541588589e-9
CYSLTR2,6.0808023333881755e-12,-0.4386178444984498,-4.91955489991563,3,1.3440085338227218e-11
SZRD1,3.0577154418996266e-11,0.4678218493983123,4.918960990037158,4,6.240973828177874e-11
WDR45,1.4849890408343635e-15,0.3314210798536836,4.914403493322427,3,5.178921351685122e-15
EBNA1BP2,4.688027937575937e-11,-0.4755601925464673,-4.9120658935213255,3,9.328348670902459e-11
PPARA,1.3225182041042547e-9,0.5512481983817586,4.8943113398001605,3,2.2434620547355576e-9
ABI2,2.6126607684393294e-15,-0.3354780961284366,-4.8922492231144075,3,8.767659077611617e-15
GDA,1.5979325967482048e-6,-0.843341041630093,-4.88837704933344,3,1.9075035841524154e-6
EVI2B,1.0437999800869064e-6,0.8164241640539079,4.883345383605596,3,1.2619395472361487e-6
SGF29,1.1544653673089472e-13,0.3767027140713915,4.873636225166932,3,3.1913731595826034e-13
GLO1,2.935113932206106e-11,-0.46233172029612074,-4.869451069242527,3,5.999086524850529e-11
LYNX1,4.73235129397701e-20,-0.2517703851610249,-4.86544331298708,4,2.965809048127045e-19
NLGN1,1.904937549866168e-10,-0.500551792095984,-4.865423113658262,3,3.5451661381709843e-10
PYGB,6.284083065884402e-38,-0.13069681079123124,-4.8621511372607635,4,2.8355716357290694e-36
UCK1,7.801564102239349e-14,0.37065158784776614,4.858433673059506,3,2.2044303961337198e-13
ZIC1,6.8587655509829e-8,0.6780214183053672,4.857178676023788,3,9.448924077516602e-8
GJA1,3.765167096409351e-7,0.7558418618054878,4.855691189524828,3,4.7416209075863576e-7
RAMP2-AS1,6.246614699383608e-8,0.6738774008344727,4.8548522115606145,3,8.633987235293177e-8
FAM163B,6.610282218173585e-12,0.4333091899631178,4.844301415085477,3,1.45883805462025e-11
RAPGEF3,1.2296431985131444e-9,0.5436361303614028,4.843918004255633,4,2.0980474120064296e-9
CTDSP2,3.7095474483031716e-11,0.464046761209553,4.840322839439768,3,7.498347805563888e-11
SCYL3,1.531072727648576e-10,-0.4926732795525437,-4.835590297859015,3,2.884159479892918e-10
CACNA2D1,6.531140216481675e-10,-0.526351536917178,-4.834544652402842,4,1.140228229460759e-9
CACNB4,2.7720819309895937e-9,-0.5646076850703091,-4.831457460013147,3,4.511940235067968e-9
SUCLA2,2.8925650299452297e-11,-0.45802926489777246,-4.8270407402737945,4,5.920372109441283e-11
PRPF19,6.802626574045917e-10,-0.5261018043616413,-4.82294536544525,3,1.185508243712221e-9
CMAS,2.7075747299591372e-11,-0.45604989084446124,-4.819270531311782,4,5.5572545017285856e-11
NDUFS4,5.058314208126353e-13,-0.39181572254231617,-4.8177638506786735,3,1.2923375934176474e-12
TUBB3,2.4424965685180217e-7,-0.7285924099067796,-4.817573988149767,3,3.1461758609852256e-7
RELA,3.803189603613513e-12,0.42116418287882385,4.809632645779741,4,8.607064126079037e-12
PHLPP1,2.042104841892934e-12,0.4113634923242055,4.808807124498876,3,4.822458535645713e-12
GOT1,9.083266923740873e-8,-0.682869729754216,-4.808603330085139,3,1.2351053262555392e-7
SNRPA1,3.364996324995555e-12,-0.4183587569456126,-4.799836463565181,3,7.686553131785018e-12
DDX24,1.5556707692623908e-9,-0.5443920295738667,-4.795049804587215,3,2.616274292572587e-9
ABHD15,4.4030369154078973e-11,0.4618586387735673,4.783122453222794,3,8.785106988361471e-11
EAF1,1.8912409017211495e-15,-0.3245655409919441,-4.778660623221159,3,6.4725899238601304e-15
ZRANB3,8.892375718121452e-11,-0.47543574085734924,-4.7785961666512,4,1.7128263856322566e-10
PLCB1,5.399640567976439e-9,-0.5772898045746192,-4.772821479128601,4,8.487216391144103e-9
SLC35A1,1.7654256408531165e-6,-0.8291872031865637,-4.770438830696157,3,2.0946575261416628e-6
RAB3GAP2,4.507748289978195e-14,-0.357315426643878,-4.768746099057594,4,1.3194836062381285e-13
P3H2,9.398843573041424e-8,0.678203893473692,4.765688286416816,3,1.27565054140354e-7
ZNF112,2.804425673802327e-9,-0.55676971810446,-4.761581521877703,3,4.556997507624502e-9
RGPD6,2.5932033303699727e-12,-0.4109353203097697,-4.761163779988111,3,6.0268346814382964e-12
TRIOBP,1.0906080580859935e-10,0.4775167362639317,4.757179926906168,3,2.0852369194043147e-10
MAML2,7.886336006632132e-9,0.586307339780645,4.750921500394085,3,1.2154820550421462e-8
DYNC1I1,3.542091838579677e-8,-0.6366881644765323,-4.74379809091988,3,5.033408605888659e-8
NRXN3,7.216188675787206e-9,-0.582141254257392,-4.739614862616092,3,1.1192533784285499e-8
WWTR1,7.382886157682439e-8,0.664388102463476,4.738265680944181,3,1.0128159541853411e-7
ZNF511,9.482037671224567e-12,0.4296971378480927,4.736593799870485,3,2.0554927191205956e-11
CD200,1.645037929995292e-8,-0.6076478660290627,-4.729824094174113,4,2.434357340401711e-8
ANO7,7.0199095782324166e-9,0.5799286402853391,4.7285458760323404,3,1.090539978440449e-8
DSN1,1.0826211357273223e-9,-0.5267271021837554,-4.722384211949181,3,1.851503085182645e-9
ZC3H8,2.6433792681334777e-10,-0.49302464457265394,-4.722111418378318,3,4.827541340868923e-10
NYNRIN,4.722541557801975e-9,0.5666262709965122,4.7176307260195545,4,7.466961934788782e-9
SMG1P7,5.560193573368483e-9,0.5710506955738797,4.713972147974878,3,8.720881150101475e-9
TBC1D31,1.4420735159239004e-26,-0.1824034088922859,-4.713488787289003,3,2.0733341285317647e-25
NDST3,2.7149940372527394e-7,-0.717400463188604,-4.710617246808209,3,3.475808603781006e-7
ZFHX3,1.7996682907484625e-9,0.5381325091885816,4.7058652213562775,5,3.0059379822125516e-9
COPS4,5.02183825498643e-10,-0.5048573466181727,-4.694737772663992,3,8.870550721196025e-10
EFR3A,4.8077491027707865e-11,-0.45408166420866153,-4.685241040905242,3,9.540682082832691e-11
CDH8,2.123820870897136e-8,-0.6103933462510038,-4.683476189979281,3,3.100630470055401e-8
NOTCH2,6.388408775526583e-9,0.5712824590224628,4.681435410447223,3,9.966597307776313e-9
FYCO1,4.668169675633738e-10,0.5006763269688689,4.671737391215999,3,8.287979212248033e-10
POLR2B,1.0238248123345811e-10,-0.4675228461984615,-4.670447736785184,3,1.962665473579952e-10
FLRT3,1.6672029050835697e-6,-0.8082890157129333,-4.670303261759117,3,1.986151958005731e-6
CPD,4.0534912251749266e-11,-0.4482785511055746,-4.658587252384263,3,8.12637714520715e-11
TBC1D16,3.5964173853912454e-12,0.40663327749863876,4.653564054067911,3,8.170636863944634e-12
IMMT,1.5389810201812066e-12,-0.3932017780283167,-4.644800884094553,3,3.7120323455522034e-12
SALL3,2.5015766546406644e-7,0.7029257516750466,4.640565516274296,3,3.2194490250377663e-7
GAS8,9.367605283395878e-15,0.3306492060298281,4.638469870965652,3,2.9385225985240756e-14
GFM2,1.360679344775538e-13,-0.36028535889801505,-4.6355194120726235,3,3.7193592900527986e-13
MAPKAPK2,8.876664844300196e-11,0.4605100807548419,4.628932285940732,3,1.7117197888450018e-10
HYKK,8.372506504253735e-10,-0.5085893806863128,-4.616539302911443,3,1.447168871023598e-9
TWNK,3.2853657230082227e-10,0.48672036387199064,4.615771821707913,3,5.92983240958961e-10
METTL15,5.0245811907263743e-14,-0.347016462806078,-4.6149372829296444,3,1.4576752356479184e-13
R3HDM1,2.2927722930894416e-8,-0.6040530024910129,-4.614746921279012,3,3.330708833893676e-8
MID1IP1,2.1615949399490138e-7,0.691700894912322,4.610342571076287,3,2.8102650526908055e-7
MPRIP,1.6452461160514362e-15,0.3117635601319264,4.6090404948185055,4,5.69717456715332e-15
TMEM241,3.3668105897202087e-10,-0.48618667797487186,-4.605540078963357,3,6.061912498250075e-10
HES6,1.765414925550747e-7,0.6818347140847516,4.6045342854021465,3,2.3254845551702058e-7
NAP1L3,3.288692351828879e-7,-0.710163120208809,-4.603970998212584,4,4.1738358580329304e-7
RGS3,1.312438753983664e-9,0.5182928782462259,4.603436375683175,3,2.2289420182015558e-9
PELI2,3.687600065875977e-17,0.28010879171123104,4.603099534124117,4,1.5697722776798608e-16
RNMT,7.425181899204468e-11,-0.45391289057567674,-4.597816620954029,3,1.4413010264968036e-10
ALS2,1.1694387469785294e-13,-0.3553573843414224,-4.595489697233885,3,3.226682826799649e-13
VPS37C,8.967824728341976e-15,0.32640152906176795,4.585064405982516,3,2.834335121576187e-14
TC2N,2.4081156529255074e-7,-0.6892479322749252,-4.561665208084528,3,3.108716201597937e-7
RHOQ,1.3518160623452523e-8,0.5795470526349237,4.560503510443416,3,2.018776227524758e-8
ETFB,6.931945105355081e-52,0.08907853274105577,4.557181562656991,3,8.83973695391585e-50
GRIA3,1.8567596509458668e-8,-0.5890002042556377,-4.5537044777747395,4,2.7352466379830374e-8
NEGR1,9.537731709535312e-7,-0.7549986997150631,-4.545511119677101,3,1.1564351841284443e-6
STEAP3,1.1869912178243715e-7,0.6562933351650782,4.545193944307003,4,1.5882505665505847e-7
NRXN1,9.478365548802468e-9,-0.5658451424003323,-4.539926401254474,3,1.4456602264502153e-8
RBL1,6.417550770475557e-21,0.22462360436710366,4.535741486535367,4,4.481589621382097e-20
NUDT18,3.729458710365355e-18,-0.2596656643935615,-4.525545171760083,3,1.7931971143445225e-17
DDX1,4.802356467308216e-12,-0.3995579517685101,-4.522414899512936,3,1.0719415158763316e-11
FKBP5,2.0098848653760723e-13,0.3561698564588506,4.522227698328367,3,5.383554621139744e-13
ARL6IP5,2.0911301764951004e-10,-0.4671529936041183,-4.521862960448352,3,3.87691833606835e-10
NSF,3.266268135184158e-7,-0.6965663826557981,-4.517893452041938,3,4.1489668430035236e-7
PPME1,1.559917693597112e-9,-0.5129475694398463,-4.517477085419344,3,2.62191323514059e-9
KIAA1614,1.4188316472084812e-9,0.5104604519017424,4.516589368141123,3,2.398520588623905e-9
NICN1,2.587778075787124e-19,-0.24283963695334343,-4.513678052276509,4,1.4999907304908368e-18
ACTG1,1.9013981393032526e-25,-0.18247761354841438,-4.511015751880853,3,2.386252032805674e-24
MRPL15,1.4805760695018783e-11,-0.4163731469560019,-4.509141838952996,3,3.1354004417682373e-11
ZNF366,4.8449593120303305e-6,0.847567712065494,4.504576481250628,3,5.527135613451949e-6
LZTR1,4.305667402797967e-15,0.31330385739886524,4.500910533131297,3,1.4157536426464616e-14
VDAC1,1.027491438127457e-9,-0.5001484488327923,-4.495445185194577,3,1.7592716801096505e-9
JADE2,4.035986598533133e-13,0.36240975143871057,4.491724682926226,3,1.042037737103669e-12
MAP2K4,8.747602897643915e-10,-0.4958011053539094,-4.491021416584038,3,1.5074453172026793e-9
TMEM178B,3.453738444398412e-9,-0.5299025957328576,-4.483882387511974,4,5.547543733527131e-9
PTPRR,2.2668236982715137e-7,-0.6736397693129573,-4.4760548579245425,3,2.9392546008091736e-7
DCLK1,6.557816067778787e-8,-0.622812629052651,-4.473813068144238,3,9.047071743553707e-8
PAFAH1B1,1.6874147599567223e-13,-0.3502400679385633,-4.4735386892625675,3,4.561463125302365e-13
PCAT19,8.014161721602911e-6,0.876941155671479,4.469016565479373,3,9.012859022032722e-6
AMMECR1,2.378878339169201e-12,-0.3840706254001957,-4.464293986323256,3,5.572883521392386e-12
ORAI2,1.3095430857719005e-6,0.7586143804772462,4.462837524502399,3,1.5722021574166943e-6
NUDT11,9.934810680446143e-8,-0.6368865043020426,-4.460014545387818,3,1.3452816124537645e-7
ZNF75D,4.278673835034523e-17,-0.2723536854156949,-4.458073269900549,3,1.8015698710592678e-16
RFC3,5.30446956162881e-9,-0.5382284519695315,-4.454033146467577,3,8.35105165016495e-9
DIAPH2,1.0704042189412951e-8,-0.5576041420503466,-4.444357153945064,3,1.6157980309597628e-8
PPFIBP2,4.1799448239914935e-8,0.6023073679343927,4.444323345038984,3,5.9054808134716044e-8
RASL10B,5.301149439777385e-8,0.6107401258393172,4.443519152938793,3,7.386352164782456e-8
PDP1,9.826049307950324e-8,-0.6339917659781756,-4.442774051686269,3,1.331168712250268e-7
S100A16,7.0239309518340775e-15,0.31389156255466855,4.44263904596007,3,2.2514961182217867e-14
ZC3H7B,3.38966299536645e-14,0.3298135596815269,4.442537025754313,3,1.0042304611525049e-13
CDK14,6.239944778425554e-9,-0.5385002602481263,-4.4182973033911725,4,9.745345066625214e-9
LLGL2,5.6273925382025376e-8,0.60919559975955,4.416480947045841,4,7.822342329169689e-8
PTRH2,9.211548840229358e-13,-0.3666327200716944,-4.412669455071688,3,2.2896163346095514e-12
SLC8A3,2.2918027660370665e-8,-0.577166752691005,-4.40945169395579,4,3.330708833893676e-8
RASL12,3.2153199569397905e-7,0.6770449786030011,4.395901255215113,3,4.087790825186131e-7
S100A6,5.864126986020296e-10,0.4748795300100595,4.383991246579026,5,1.0292929054456929e-9
STARD10,8.357040869657747e-10,0.48283311356483377,4.383133643617517,4,1.446088546944317e-9
FECH,2.0984920198228445e-10,-0.45275803460255115,-4.381834219588532,3,3.8881093456351246e-10
GATB,2.1941330865222012e-11,-0.410574489473449,-4.376205515984594,3,4.541561286358233e-11
SAMD1,1.598409045175557e-9,0.49745038411161024,4.37572881873266,4,2.6825672031280254e-9
TEAD2,5.070527253628519e-6,0.8259209037223637,4.373207311174688,3,5.7709959002298986e-6
PDHB,4.502806041613472e-12,-0.3853648990195435,-4.372549285391073,3,1.0089175034417351e-11
PEX16,1.1345761515363357e-47,0.0931284718458527,4.37193160267085,3,1.1092372841520241e-45
ATP6V1B2,1.4952226710243667e-7,-0.6396685981716886,-4.365926326118553,3,1.9852820706720087e-7
RARG,2.723141511608227e-10,0.4564379973094476,4.365797397476093,3,4.963936639867576e-10
PSMB3,1.4033786093762113e-8,-0.5559304710229039,-4.365624783040383,3,2.0925823392478025e-8
ATP6V1H,1.9454174343870094e-8,-0.5658944121965847,-4.363604566959382,3,2.857240528321031e-8
PLEKHB2,2.1969318534890485e-10,-0.4511914023935937,-4.357689319239955,3,4.065363486614119e-10
DCTN6,6.80613228910304e-12,-0.389584638311273,-4.350530464061026,3,1.4975533386300987e-11
UCHL1,3.626199544699947e-7,-0.674755511739955,-4.345795464702677,3,4.576438582015897e-7
ZNF184,1.0090650164759347e-8,-0.5432902271013823,-4.344192581041309,4,1.529502683888329e-8
B3GALNT1,2.9651196983505445e-9,-0.5090646576839825,-4.3412819029259015,3,4.799501145288161e-9
RHOC,2.7377441860570384e-9,0.5066752537259958,4.33846114250178,3,4.458525095894111e-9
KDM6B,4.993869335038767e-10,0.46620862126609514,4.336468780348678,3,8.828823845490478e-10
THY1,3.580602424805946e-6,-0.7957619366784123,-4.333754439956326,3,4.129731384961006e-6
ZNF780B,5.41680885487107e-11,-0.421939479820753,-4.331738922788073,3,1.0677083582887668e-10
CDH7,2.228124773482458e-6,-0.764759322527605,-4.322465953220852,3,2.6224277530594095e-6
ATXN10,3.5403022204172468e-12,-0.376871684792286,-4.315542460507825,3,8.061883860624055e-12
ZNF358,3.337564443040869e-8,0.576267138449104,4.308501795252927,4,4.7589093395424735e-8
PTPRO,1.0146570530744513e-7,-0.615506045132725,-4.304652761762554,3,1.3726887161749842e-7
BLMH,2.0869928301405447e-13,-0.3390571214931466,-4.299406723456715,3,5.579899699910864e-13
TRIM36,2.0460608480229178e-7,-0.6425768610201786,-4.298248964398991,3,2.6676007267891177e-7
PRKCI,1.9077198109323835e-12,-0.36674111022793204,-4.298017090670938,3,4.5233162534071796e-12
AFG3L2,6.168664967153688e-11,-0.420643877356655,-4.294693567659359,3,1.2061796232441178e-10
UBR3,4.64984277451707e-14,-0.3219908342932759,-4.292962675254662,3,1.3570138166824444e-13
HOMER1,2.322938959571993e-8,-0.5623416259338007,-4.292894717052169,3,3.372861370507255e-8
EXT1,1.0793150080132034e-9,-0.47825495937960066,-4.2884413357088595,3,1.846925856769385e-9
TIMM8A,4.19424126397365e-12,-0.376669844122368,-4.285503367098305,3,9.455580036306468e-12
FAM193A,2.134707870725537e-15,0.2919020187837548,4.282395722945353,3,7.263454970809745e-15
FLNA,1.3707485822349338e-9,0.4830061412614401,4.280903810267963,3,2.3212503416253238e-9
SYCP2,2.39889525076132e-16,-0.2735213712182668,-4.272400731837534,3,9.343904077666603e-16
DDX25,2.399176996795093e-8,-0.5602253852160697,-4.268882539593599,3,3.473240933662393e-8
PXN,1.93174557294132e-9,0.48965779484183924,4.266902543558285,3,3.2155560530288827e-9
MLLT11,9.096865631707798e-7,-0.70605928666676,-4.265380560584197,3,1.104807739039295e-6
RSPRY1,2.5198810838223524e-16,-0.2728958728881797,-4.256799008090472,3,9.789153932252927e-16
SCN7A,9.561644310448853e-8,-0.606392867095067,-4.256554971826302,4,1.2965465909637764e-7
MAPK12,2.748946545751166e-12,0.3678718983528177,4.252905841631213,3,6.368609967368223e-12
GABRA2,2.7788412245448553e-9,-0.49692357682910376,-4.251745837596704,3,4.520433339761542e-9
XRCC3,4.8841198164574575e-8,0.5812915409082463,4.249946672090845,3,6.83776774304044e-8
FBXW4,1.770559702284431e-9,0.4852410712885029,4.246776200138804,4,2.9606907678450605e-9
ACP1,1.9546758089067983e-11,-0.39653006094605336,-4.2464107867431,3,4.068888678157302e-11
HSPB8,3.1397128067944026e-9,0.49889025067605414,4.2421187171095625,3,5.065334247705161e-9
MRPL3,3.8130067093824746e-11,-0.40707564928644363,-4.241212268903504,3,7.681008707842582e-11
SLC2A9,1.2695040263491547e-7,0.6148817775486306,4.240449733906284,3,1.6947907643523307e-7
SARNP,1.0978497618965359e-12,-0.35424452767277564,-4.2365722273531095,3,2.699072381930042e-12
PSMD13,4.825910101392713e-11,-0.410020972639964,-4.229948879315605,3,9.563779950935694e-11
VCPIP1,1.7374000244155452e-15,-0.2865782225348046,-4.229923273080051,3,5.973967493095889e-15
TBL1X,5.257157045757559e-10,0.4553671235412991,4.2254649481646895,3,9.271943244261529e-10
MED7,1.1928087634819492e-15,-0.28279155998720845,-4.220219817834978,3,4.2252513324789334e-15
NBEAL2,1.606449813259128e-8,0.5413232939583121,4.219145661197049,3,2.3844723189721772e-8
GLRB,1.0084527618950915e-6,-0.703091760570254,-4.215980369492325,3,1.2217232344643963e-6
ADAMTS8,2.3016799568068034e-10,0.4357775382602632,4.200004331712282,3,4.2511507010795683e-10
TSPAN11,4.076062165459034e-6,0.7791368334502093,4.199359916955151,3,4.6790960200748915e-6
KLHL6,8.296308398244437e-6,0.8257391659421304,4.195675754896927,3,9.323016295804955e-6
MFSD6,3.346491166804922e-11,-0.399939512926232,-4.189530499881941,4,6.806698052870206e-11
EIF2B1,2.517660830287088e-13,-0.33247118988371543,-4.1888054445483185,3,6.634590489876037e-13
SLC19A1,3.981602742600044e-9,0.49774406680054256,4.181021328360758,3,6.353667488599526e-9
SLC25A12,4.824205641569336e-8,-0.570621656197984,-4.174995680731264,4,6.766807817657991e-8
RBFOX2,9.489304171855222e-9,-0.5184483139003646,-4.15938931482587,3,1.4465763584226282e-8
USP11,2.637888636379185e-19,-0.22336499724674247,-4.149841000328435,4,1.5260211776134418e-18
HGSNAT,2.1611766706078587e-9,-0.4788836515054823,-4.149675164551973,3,3.5731291853961947e-9
UBQLN4,3.7136555733106616e-14,0.3089185579104212,4.14883751532187,3,1.0946886227658463e-13
PSMA1,1.331076419946268e-11,-0.38134803448937793,-4.147463813281838,4,2.8290196664510175e-11
PLOD1,4.58225144198747e-8,0.5651158783300977,4.147340834064477,3,6.442830047626678e-8
MAPK10,2.3149683975023575e-10,-0.43024307842545123,-4.145587792541999,3,4.2703159181600087e-10
ZNF385D,2.587186604732297e-7,-0.6286687664876248,-4.1411494505405235,3,3.322337264308156e-7
YAP1,3.739943206308897e-7,0.6442059073519477,4.140398329722603,4,4.7159301049458277e-7
RCN3,2.5026050905087114e-8,0.5440402513974503,4.135580551281592,3,3.6122739815265994e-8
FAT4,7.859285836531387e-8,-0.5814812979233854,-4.131201865543052,4,1.0756549397361903e-7
STON1,1.7249067901398696e-6,0.715050549501686,4.1210039018865885,3,2.050510320676708e-6
DOK3,8.496523858035025e-9,0.5093725923353312,4.111023290689074,4,1.302001278767854e-8
RNFT2,2.384758864930975e-19,-0.22070907658352662,-4.110167034237367,4,1.3933262451877588e-18
TUSC3,4.447551177919198e-8,-0.5584654000625,-4.105770072520333,3,6.2564353020801e-8
MAX,6.586011540139563e-13,0.3369733582256589,4.104799688250196,4,1.6623727923605281e-12
COG1,4.232198260459925e-9,-0.4896739469154083,-4.100252473885533,3,6.746216031483131e-9
SLC20A1,1.5987033066570852e-13,-0.3195063224085619,-4.088477067510951,4,4.337647362095496e-13
TP53I11,1.236646407350659e-10,0.412453521748536,4.086488219589153,3,2.350670066597202e-10
AGO3,5.1618877300797796e-30,-0.13942711098066238,-4.083428491983449,3,1.121467904616592e-28
PPP1CC,2.883418665936923e-26,0.15982797357542605,4.082021196350752,4,3.933519510322323e-25
CDC42EP4,2.597305556932404e-8,0.5377164052360104,4.078835400407623,4,3.7397629840366916e-8
FUS,1.2264558798273967e-14,-0.29308220100113425,-4.077168511354551,4,3.798516468356657e-14
PCDH11X,7.093787034455301e-7,-0.662223573235367,-4.072093446286086,3,8.709115685247969e-7
APBA3,1.1172960029468758e-10,0.4091726442210185,4.072017313991535,4,2.1334825368770745e-10
SLC4A1AP,7.350020475480487e-11,-0.401759714416581,-4.0713170185614205,3,1.4276562950055808e-10
ERGIC1,6.6429831017628856e-15,0.2868940328221378,4.067479412445072,3,2.1340492264480333e-14
FKTN,1.3389347248171452e-9,-0.45834578303299023,-4.067012408561775,4,2.2699974265252526e-9
ATP1B1,2.6965300078429725e-7,-0.6186681518714536,-4.064151570553079,5,3.455186768459344e-7
SERHL2,5.391750757202593e-7,0.648154074954579,4.062804867864779,3,6.683856707893155e-7
TMEM205,7.114481632465367e-34,0.12250093294169523,4.060643375363098,3,2.2681276769587957e-32
SV2B,4.417392583985574e-6,-0.758126893954989,-4.059643669779843,3,5.059044298644938e-6
PEAR1,2.763885528490183e-6,0.7301345150151299,4.058438061088584,3,3.2232509960483925e-6
POMP,2.2141967217546713e-11,-0.38038716449887683,-4.052942996724351,3,4.576630715226533e-11
CHCHD6,5.962750938652395e-30,-0.13867974656753657,-4.05285364943082,4,1.276550985625363e-28
SYCP2L,1.533857754253365e-7,-0.5944672154002607,-4.050827364942419,3,2.0338177184562023e-7
CCDC69,3.5253085985341935e-8,0.5422538316545333,4.041310907254193,3,5.011987454920402e-8
GNG7,5.842071988085127e-9,0.49057412818840695,4.039109262969027,3,9.14831667968696e-9
PHF21A,1.8224706034353404e-11,0.37600562145884164,4.0380520107794355,3,3.8153506637229506e-11
SMPD4,2.2393044973456238e-15,0.2754156295668769,4.034807809236741,3,7.58415714863131e-15
ARHGEF16,3.6831225688350793e-6,0.7420380470312814,4.032074339890608,3,4.239638341598621e-6
ANKRD31,2.9079575729125355e-7,-0.6167576866690233,-4.031382303604417,3,3.7131212718121316e-7
BANP,1.9695787660527054e-8,0.5229894766497081,4.029961647110236,3,2.8898321765045447e-8
ELMOD1,1.1377400672384821e-7,-0.5797389748753721,-4.025682482210375,3,1.5265286446525473e-7
FAM98A,2.1848331893054727e-12,-0.3446664116741503,-4.019010857931562,4,5.1429500354999605e-12
ZPR1,5.988904090144073e-13,-0.32833682079401355,-4.0131469101139725,4,1.5221365421484027e-12
BAIAP3,9.512537511987423e-14,0.307751490998469,4.007448703659591,3,2.6673300690878694e-13
SEZ6L2,9.627360727183162e-15,-0.2857567144391352,-4.00530691771958,4,3.013559126235669e-14
RGCC,7.202038229518224e-8,0.5606333327222833,4.004348570689438,4,9.889315602610932e-8
MAGEH1,1.7889170794581656e-9,-0.4569539458489827,-3.997163419289924,3,2.989683073533219e-9
INPP1,2.3860334146869086e-15,-0.2733184408558488,-3.996550654871841,3,8.053205989961683e-15
CGN,1.8844764968296268e-7,0.5940311214295304,3.9947459948477606,3,2.466385348148726e-7
GARNL3,2.3840984063549734e-10,-0.41504177668221043,-3.993812469834943,4,4.395072674946032e-10
MAEL,2.9667842214196857e-7,-0.6116166824113317,-3.9924588045144374,3,3.7816506394715075e-7
RBMS2,3.55456922682899e-7,0.6186518252040366,3.9898174079779034,3,4.4957100225482653e-7
DHRS3,1.753255019912014e-10,0.4089456485902697,3.9897370969907118,3,3.277435929510476e-10
FRAT1,2.1171074976321467e-11,0.3736891802624418,3.9888543818019997,3,4.394533822048893e-11
PTAFR,2.2841288375982134e-7,0.6003385376885559,3.9870159652416293,3,2.959076802418534e-7
CPM,1.7391564579162243e-22,0.1831266094257399,3.9847730045927117,3,1.5318155829033893e-21
CYP2R1,9.854732728415151e-11,-0.3979985205091092,-3.982514545303618,3,1.892857307952956e-10
C11ORF58,1.3957032625928836e-12,-0.33567683691847666,-3.979518355319276,3,3.3915473646933947e-12
ASCL1,3.948458627318982e-8,0.5374865067880017,3.9793202714597022,3,5.5919020540447e-8
PTPN20,1.0399597311777123e-7,-0.5683575410308853,-3.9688313180006607,3,1.4049755373303686e-7
ANKRD9,4.756557161849459e-8,0.5412894702777071,3.9637043444594013,3,6.678306441218029e-8
OTUD5,7.052147770656128e-43,0.09397764293667671,3.9613154002833793,3,5.170987352833606e-41
LEF1,8.52248195630929e-6,0.7808795133871853,3.9586170844620034,3,9.558867907401586e-6
B3GAT1,2.2088130902920295e-11,0.3714762999238403,3.958392399352715,3,4.568722703685841e-11
CLK2,8.46953946006611e-13,0.3274730004664832,3.953299974733603,4,2.112343472480774e-12
SOX21,1.8526126292101096e-7,0.5871012268168795,3.952491908617822,3,2.431191427952238e-7
ARPC3,1.2922735752411437e-11,-0.36290596083679016,-3.9515543705095046,3,2.7585432286624992e-11
SLC6A16,1.5865734591474788e-6,0.681191539911222,3.9505974573873277,3,1.8947149656675712e-6
ENPP5,3.5240826934367746e-7,-0.612049415424559,-3.949526667959297,3,4.4590744347929507e-07
ADK,3.4770678142957956e-15,-0.273146768701809,-3.949370904437123,3,1.1523434914496688e-14
PPFIA2,8.012179311639294e-8,-0.551212556360786,-3.911541739170103,4,1.0945375836533791e-7
SNX8,2.1396656961856274e-18,0.22084209850262518,3.9022034859630237,3,1.0654735970988872e-17
FAM133A,5.0214470833253485e-9,-0.4700917199328361,-3.9013716209288303,4,7.922487517694055e-9
UBIAD1,6.051027051575454e-12,0.3477572419331124,3.9012001736368105,3,1.338436074077738e-11
KYAT3,1.0754733180111222e-7,-0.5584599753404953,-3.8915726930884413,3,1.447619661187068e-7
GLUD2,3.978456550154508e-32,-0.12392220335264884,-3.8911925502695706,3,1.0804456538521456e-30
PEX14,6.844626039856507e-57,0.06920042621996432,3.8866177375124082,3,1.1152937874943964e-54
MRPS9,8.259254515903691e-11,-0.3853194371302951,-3.88519867643351,3,1.5937100983648373e-10
EXOC1,9.315698034991926e-10,-0.4301792822006305,-3.8848564358218924,4,1.6025186121191389e-9
TP53I3,4.1478661555526596e-8,0.5243946447891733,3.8711731763784893,3,5.865810720460921e-8
ZSWIM8,1.0813957403543675e-11,0.35289648147937086,3.86986823125956,3,2.3373129745463226e-11
XRCC6,1.433441666339872e-9,-0.4372775595347847,-3.867116560513116,3,2.419035907580463e-9
ATP6V1A,1.6510427640008183e-6,-0.668319929614379,-3.864387351147451,3,1.9691445887257064e-6
RWDD2A,3.6158606159271716e-10,-0.4091534027991315,-3.8631398192455455,4,6.490403418919457e-10
ZFP69B,5.381187284117829e-8,-0.5297474507736987,-3.850798792034459,3,7.490755721080965e-8
TRIM26,1.7101801996850877e-6,-0.6673330066214589,-3.8484815053475407,3,2.0348716128504513e-6
CRTAP,1.569153937914757e-7,0.564835476287963,3.8433294892959915,3,2.0778006771575544e-7
MYBPC1,4.3750456435887667e-7,0.603977406448823,3.840702843911081,3,5.476743010092127e-7
HIPK1,1.1632527517489307e-11,0.3509244364727962,3.837122158682696,3,2.503169714511822e-11
SREK1,2.6614042141377394e-30,-0.12973097709833742,-3.8367792682736006,3,5.869096661703752e-29
DHX57,6.734627414910926e-10,-0.41809901291147467,-3.834673041482459,3,1.1743556604003415e-9
PLEKHB1,6.996359487842885e-7,0.6229245110157715,3.834180027159183,3,8.600302756849615e-7
TSPYL5,5.107813165402456e-9,-0.46163755182800664,-3.8277900934685247,3,8.05441721189538e-9
LAMA5,2.333607080045197e-6,0.6792035678108943,3.8252556570537313,4,2.741077118851647e-6
LCLAT1,5.4842368114956035e-11,-0.37274002400504913,-3.8246420741008182,4,1.0795480918199063e-10
PLEKHO2,1.3360525865144818e-8,0.4856162516795482,3.823828051673525,3,1.9972692335611494e-8
DPP10,3.703104581775271e-9,-0.4528204356649349,-3.8179256273873534,3,5.935085102921787e-9
SUFU,5.5301216596122544e-14,0.2876810069442676,3.8138634349601674,3,1.5980144657776099e-13
MAP3K3,2.6770540281601527e-12,0.3290670037662484,3.8080761927519164,3,6.2167850075959836e-12
DTD1,2.174849633598987e-15,-0.25932585034859035,-3.8023836317360766,3,7.391464629601192e-15
GRIN3A,5.446088274743368e-7,-0.6062345323717138,-3.7974017769772117,3,6.748363713486396e-7
ABTB2,6.161017155814633e-8,0.526238157371521,3.7943600254963803,3,8.527731627184671e-8
NKAIN4,4.759413997045212e-12,0.3350052539085112,3.7930790701275194,3,1.0639757052845737e-11
UQCRC2,2.519157569504448e-10,-0.39473788427251033,-3.7889881615977656,3,4.612165512706957e-10
SMIM10L2B,5.909625211092584e-14,-0.2863660102046871,-3.7881756015681303,3,1.7009745578149702e-13
GALNS,8.23693737330228e-12,0.3416806087587538,3.787267901384959,3,1.794869042785705e-11
MIER2,9.023243556067804e-12,0.3427813948432326,3.7858961860751754,3,1.9603832111071755e-11
CALD1,2.2063999533525048e-13,0.2991287308257172,3.785867670323029,4,5.883064602893543e-13
CD82,4.655494859202688e-9,0.4529670335957493,3.7741367921016815,3,7.3649225577354285e-9
VCAN,8.569229845823675e-7,0.6218306059652007,3.772682482073456,3,1.0420211914511126e-6
ACTR1B,7.267298407361937e-44,-0.08734012235927158,-3.7677329611662613,4,5.760807088862855e-42
NDUFB6,4.3314629298480133e-10,-0.40176844003497597,-3.7619047094684395,3,7.718214321533549e-10
SPARCL1,4.266731369812156e-6,-0.6997544124829457,-3.757614507831146,3,4.890317744298185e-6
LRRC3,2.0423054572326284e-6,0.6581292677936186,3.744676098975064,3,2.409526108633668e-6
LRRK1,3.5116044536746823e-12,0.32685369598062414,3.7439438331195647,3,8.002747368009203e-12
NRSN1,6.105078561103676e-7,-0.6020358259577463,-3.7412364969170646,3,7.545805065198938e-7
CDK7,4.3910416627671625e-8,-0.5083890823016683,-3.740438327403993,3,6.185843034051915e-8
ARL4D,1.0827860467612947e-10,-0.3753372754405859,-3.740407610031054,4,2.07163175156613e-10
OXR1,7.152774130605152e-9,-0.4575407955163221,-3.72691021206011,3,1.1100045780457625e-8
ING5,1.92329624960919e-12,0.31781925667217753,3.723555732772034,3,4.556565347418218e-12
NFKB2,3.6113133779934394e-6,0.6837937004008876,3.7214342676309773,3,4.161879032477312e-6
STRAP,4.250988712289846e-12,-0.32724380410492526,-3.7212562065967627,3,9.576151991663686e-12
TRRAP,7.504899394331161e-14,0.28347774583247076,3.7205476497325987,3,2.1246978690707814e-13
UQCRQ,5.052450146485102e-36,0.10536430762971938,3.7189910696316386,3,2.029977572553535e-34
NETO2,7.735762987410425e-9,-0.4569972094960793,-3.7069314229445913,3,1.1935293446646384e-8
ELAC1,2.791452995133791e-11,-0.350910952770072,-3.7035737383770084,3,5.7214057545264915e-11
BCL2L1,2.2199690390592824e-11,0.34604375401949866,3.686630106663057,3,4.585330416592166e-11
NELL2,3.313535106614042e-6,-0.672585240725653,-3.6855710092852263,3,3.827726848246941e-6
C1QL3,1.6856295528287676e-5,-0.771881580927696,-3.6843743879804496,3,1.8551412677098595e-5
RREB1,1.643684366847689e-8,0.47256616204552726,3.6785408117614407,4,2.4335821544494053e-8
FAM43A,8.375561915155696e-8,0.5196782461471828,3.6777556966864378,3,1.141520590016341e-7
RTN1,9.800459292603877e-7,-0.610360391531666,-3.6675051821408684,3,1.187799467157321e-6
PHLDA1,3.8728624963402645e-17,-0.2233012721047931,-3.6648133147491624,3,1.6462472031544922e-16
GSK3B,1.085657452748341e-11,-0.33350502716651564,-3.6566515645862028,3,2.3447962510389428e-11
NUP54,2.5500829295422604e-12,-0.31524995765013747,-3.6548332646629498,3,5.940741248885981e-12
GNRH1,2.3757342754134036e-16,0.233740673362626,3.6520115281570695,3,9.265995518334459e-16
SWAP70,4.502743793826198e-15,0.2543532446757103,3.6490846147597833,4,1.4723018447371503e-14
ZIC5,1.6697963450199154e-5,0.7637979357322013,3.6489197523380206,3,1.838405660639419e-5
ANXA6,2.0464035578845943e-7,-0.545497315723927,-3.6488363004132007,3,2.6676007267891177e-7
CCDC157,2.6391776827107517e-13,0.28974027909769073,3.644507189756087,4,6.929908812346136e-13
CHST6,1.2275993052195639e-6,0.6161125581361157,3.6418064382463875,4,1.4762397549032312e-6
ATMIN,1.466766319343202e-14,-0.2632183624773675,-3.6412678233963995,3,4.509460811984918e-14
AHNAK,2.656355779238191e-6,0.6522446395093834,3.6367294101854184,3,3.104020518129727e-6
MRAS,1.1555672178517454e-6,0.6125083812811913,3.636587693482371,3,1.3924727403283358e-6
GABRB3,7.92694145213009e-6,-0.7128383233061574,-3.636112975434717,3,8.921611388755776e-6
NUFIP1,3.612532128885302e-11,-0.34820987831822015,-3.636073110953793,3,7.317373435097093e-11
FIZ1,3.134887560361706e-9,0.4273209354563227,3.6338423833253235,4,5.060333084502412e-9
COPS7A,1.0692006694792447e-17,-0.21397203659845104,-3.6313067612565595,3,4.8023974940009564e-17
ADGRB3,8.969886984437279e-9,-0.4502133793491719,-3.6229629720338625,3,1.3716724987150437e-8
CXCL16,2.469880804520476e-8,0.4762183315534762,3.622747145303091,3,3.5685519210140664e-8
FBRS,7.847855875270337e-11,0.3581679202611901,3.619376011357224,3,1.521332536825373e-10
RTEL1,2.6469816224951253e-6,0.6484011740470308,3.616294847478954,3,3.0942993618087694e-6
TMA16,5.683398546515494e-9,-0.4384867474433275,-3.6154950704195223,3,8.909357529091365e-9
SLC41A1,9.029858806915023e-11,0.3598718133032708,3.6146673064539243,4,1.737833063036861e-10
LRRC37A2,4.0045222582587846e-5,-0.8217430060517252,-3.613573196933386,3,4.313354309024244e-5
ZNF524,7.1431605823904586e-9,0.44357959911006106,3.6134480247191294,3,1.109099522930186e-8
KCNAB1,7.259351532312295e-8,-0.506087938218768,-3.613013499205568,3,9.963349576168442e-8
OSGEP,2.8679108987206883e-7,-0.5522125398006638,-3.612814286468722,3,3.6651776322212546e-7
RSPO3,1.866426480535439e-4,-0.9680878752830934,-3.6099891468504373,3,1.9234816821540556e-4
GAS2,9.202449977782865e-7,-0.5974024089505322,-3.605978610422679,3,1.1171682857962393e-6
PARD3B,8.5388681611704e-8,0.5095638272283145,3.6019027121151077,4,1.163237357952289e-7
DISC1,2.9328990267109215e-7,0.551364188459027,3.6018984266002185,3,3.7417106765302887e-7
NECAB3,1.6663262906532421e-13,0.28145639724475174,3.5965173804400177,3,4.5086116332896303e-13
NDUFV2,1.3405322137007632e-8,-0.45682391719414867,-3.5964480434588664,3,2.0029449734000706e-8
HAUS5,6.232554992448931e-8,0.49792647456759936,3.5877264973715137,3,8.618615649624099e-8
ALG5,1.9445025636838138e-7,-0.5341293634501416,-3.5846444331674343,4,2.5415445718737195e-7
NDUFV1,1.0775397140550813e-20,-0.17949681554921484,-3.5841146395037238,4,7.199143465429506e-20
OPCML,9.246617892963824e-6,-0.710770304796138,-3.5780298605383627,3,1.0343375392853888e-5
SYT1,1.4597264192804011e-5,-0.7394900751638427,-3.575973255380276,3,1.6137872550883588e-5
NOXA1,6.407987365069354e-17,-0.2207713821652073,-3.5750124438311395,3,2.6471305551758333e-16
SLC7A4,6.126558515629787e-13,-0.29272407049683075,-3.5749756730786686,3,1.5557745563932613e-12
PALLD,7.612786075205898e-7,0.5831815746936997,3.5681710228981567,3,9.315102861317853e-7
THYN1,9.251263045040429e-10,-0.394890511213753,-3.567361493620072,3,1.5923682224826044e-9
RCC1,2.805912295854211e-10,0.3732258467476315,3.565025635008804,4,5.102133145530317e-10
EHD2,1.3906193230554196e-7,0.5195629672486772,3.562535062376617,3,1.848905926800338e-7
PDXP,1.9973860466113296e-8,0.46262827831213993,3.562024003351215,3,2.9291666373555146e-8
BHLHE22,6.469118341529273e-10,-0.3875028016428433,-3.5608232700715923,3,1.1300729062361739e-9
SGIP1,1.4508827401572837e-9,-0.40201487721107093,-3.5531552999026244,4,2.4470609987816634e-9
TJP2,2.3831543181957376e-8,0.4658609369629134,3.551187034526209,3,3.451748945811407e-8
GPALPP1,7.776585591636296e-12,-0.3194314499797582,-3.5486313918051184,3,1.698341440079617e-11
PRKAG1,1.191607904011998e-11,-0.32483724417984455,-3.548478730170074,4,2.5566832351625385e-11
PTCD2,1.3192006893784895e-9,-0.3993270670164436,-3.5459002164656037,3,2.239129410849022e-9
RNF128,4.627283574425361e-7,-0.5596669934633657,-3.5453078876539292,3,5.775243712250887e-7
ENGASE,9.949562948387116e-9,0.44301871997965336,3.5451226271587593,3,1.5104590128167398e-8
TTC39C,3.8944757655093805e-7,-0.552579605378252,-3.541787159102978,3,4.898154982949834e-7
MYO10,1.0063952581267199e-7,0.505981718746045,3.5404711794329624,3,1.3621399594303967e-7
ZMIZ1,1.3179277198778985e-10,0.35776907014049986,3.534797197815246,4,2.4954693366054724e-10
CAPN2,1.222671141240892e-10,0.3561866569205063,3.5307680327028845,3,2.3256124884951596e-10
OVGP1,7.278802599022538e-7,-0.572242561618722,-3.512390542148369,3,8.921323870845425e-7
PGAM2,1.84720490456632e-6,0.6123124396647319,3.5106841434211375,4,2.1881470052879713e-6
GNA12,1.313730933269013e-7,0.5097781237445966,3.508034882722836,3,1.7514421942172796e-7
S1PR3,1.7364784296171944e-6,0.60783985114795,3.501358498775162,3,2.0619802567073812e-6
PINLYP,1.2840206998457945e-7,0.5079043619815645,3.5001863287331334,3,1.7133906790935922e-7
PPIH,4.2565201173940504e-9,-0.417852235919021,-3.4978182144059833,3,6.781300110981396e-9
PNRC1,1.4594410891102114e-10,0.35506410640242714,3.4923443065418365,3,2.7509901763240683e-10
ORAI1,2.8423116380835034e-6,0.6289506657170296,3.4883668807690347,3,3.310762523629434e-6
ZNF391,6.823257624717543e-7,-0.5656641306024304,-3.4878896851735077,3,8.405130034983853e-7
SNRPB2,2.601548108724287e-9,-0.40592659349943544,-3.4847856864723883,3,4.253255631487365e-9
DUS4L,8.486149984854742e-9,-0.4316641484532212,-3.4840862212003887,3,1.3010913698682153e-8
ZNF609,2.3756402715674607e-13,0.2751925516302796,3.474091127348162,3,6.288585664717835e-13
ZNF596,2.371443679843362e-7,-0.5242457904067223,-3.473121643279255,4,3.066774388439409e-7
ECM2,7.958411316028038e-10,0.38163701280546414,3.4725814389108596,4,1.3803678527445437e-9
SYS1,4.9045149408255546e-11,0.336101475647202,3.4650058766448115,3,9.699893675955059e-11
SEMA4A,6.937734193446668e-14,0.26330347368735557,3.4647531005054946,3,1.9736541599785721e-13
TBCC,2.0218533015930973e-8,-0.44944969161340165,-3.4581784508008546,3,2.9606069563517496e-8
DNM2,6.605927429315242e-11,0.33957516925475406,3.4568977034478134,3,1.2882436934961172e-10
KIF5C,3.1389050874600844e-13,-0.2761276569729302,-3.4524853446832995,3,8.18347433024038e-13
KPNA2,2.2528991107943586e-8,-0.45087823060959104,-3.4479822716568886,3,3.279281931493724e-8
SIRT2,1.7407370821548473e-10,0.35310097056290396,3.4460065857707765,3,3.2561108813521475e-10
A4GALT,3.39575604753823e-7,0.5319211308519414,3.4410315816195745,3,4.3059889699220187e-7
MRPS26,5.099040526354284e-35,0.10026555542352573,3.4383577160563967,3,1.8930994764300147e-33
GATA2,2.2150610068814703e-5,0.7371280997594131,3.4310469999705133,3,2.4232651746301203e-5
ST8SIA3,3.555449612242107e-5,-0.770972198587172,-3.4301366273340483,3,3.840933227516059e-5
CUX2,1.3152908170948425e-8,0.4349578851698527,3.4278936161474456,3,1.9692434744967702e-8
POU3F2,2.036718955525179e-7,0.5119908795150082,3.4257662482698805,4,2.6585210042524925e-7
RAPGEF1,3.3621807571735053e-10,0.36140735102207944,3.4237487885767433,4,6.05729493906013e-10
ABL1,1.2479636849722815e-9,0.38441607992630794,3.422763143678432,3,2.1255966829405935e-09
YWHAG,1.0716493776446373e-6,-0.5726963443679507,-3.418966985568853,3,1.2945418552848933e-6
IDI1,3.653006225261298e-9,-0.40495423077585546,-3.416740412068208,3,5.857991940235859e-9
MLIP,2.388011954931994e-10,-0.354415563578919,-3.4101736177791557,3,4.3995220250097603e-10
COX6C,1.428364411822985e-7,-0.49763839005139066,-3.40641488920067,3,1.8982296419922132e-7
NFATC3,5.459953502930332e-9,0.4122248622736437,3.4061361494454485,3,8.57282849255603e-9
PGAM1,6.200186154407875e-35,-0.09954505621835999,-3.4051969943512943,3,2.273143248859787e-33
VASP,1.7625457812568944e-7,0.5026655564565513,3.394932590848977,3,2.323391809629875e-7
MST1,4.768049089865815e-6,0.6379019560661618,3.39469686545954,3,5.4457507712525055e-6
SPIN2B,1.8764700610328496e-7,-0.504041803139297,-3.3905170090467944,3,2.459198699289253e-7
ZNF26,1.3796494771318565e-9,-0.3812664579358342,-3.3781089811048606,3,2.3349751393120227e-9
THOC7,2.8703755747555816e-10,-0.35399115777054546,-3.3778053179773533,3,5.209660619281015e-10
VWC2,8.172240144065107e-8,-0.4763603607531595,-3.376279740953339,4,1.115364371453837e-7
DNAH11,6.974947614092558e-12,0.30249830042150594,3.374809901300514,3,1.5312452862328496e-11
EPHA7,1.185803953026362e-6,-0.5685505668154374,-3.3692233281786352,3,1.427735219304729e-6
DPP6,3.5586769279358307e-7,-0.5224551396622267,-3.3691624346346205,3,4.4989652713947374e-7
HLA-A,2.772169989069429e-6,-0.6052005915816375,-3.3632087096867442,3,3.2316274157156735e-6
HSP90AA1,4.2812621893225696e-17,0.20544295922291828,3.362778322031506,3,1.8015698710592678e-16
SLC38A1,3.199989092884171e-8,-0.4482472979175843,-3.359546934048882,3,4.571635659731746e-8
NOS2,1.8907751881605847e-9,-0.3849454379015582,-3.3580176757437563,4,3.1527252000426352e-9
EID1,3.134733707326298e-8,-0.44744849799847697,-3.357563746727163,3,4.480591600189099e-8
GPRC5B,3.424171115348912e-7,0.518787351506634,3.3541908495050157,3,4.3401442875187375e-7
SMG5,1.4189161832279527e-11,0.3088011179085301,3.3498878851862584,4,3.0091693169975306e-11
ZNF395,3.4214223638307683e-8,0.4485833888209463,3.349030863334141,3,4.8713746568522546e-8
GNA13,1.860635033921974e-7,0.4966149277405444,3.342386719793902,3,2.4395362335686856e-7
LNP1,6.943270548395995e-8,-0.466634280912329,-3.340371594200789,3,9.55636439157459e-8
TMEM145,2.435934365171464e-7,0.5048254494810699,3.3385795199803168,3,3.139101710477989e-7
TBC1D14,2.546787488974703e-12,0.2870244032136195,3.3277630239161287,4,5.937780369763755e-12
ATP6V0E2,4.956494134789942e-8,-0.45478581941125634,-3.3221310067426626,3,6.929169350495186e-8
POGK,7.473943689461599e-13,0.2738424164687512,3.3207364200836906,4,1.871996314363012e-12
ANKRD16,5.641879807288494e-16,0.2176384531757772,3.3186765308035495,3,2.099953486646847e-15
CCDC85C,1.8509122239729693e-8,0.42876647814333874,3.315485747237761,4,2.7280027904084013e-8
GREM1,4.030327410999698e-10,-0.35286400838928117,-3.315037269216689,3,7.194735420853386e-10
ELK1,3.63709137704473e-6,0.6093895933483039,3.314619778713334,3,4.189940694765198e-6
VAMP1,8.266072889554795e-5,-0.8113465504822913,-3.3124851859561737,3,8.730425561780415e-5
MAPK7,1.6716995771024113e-9,0.37659111196865525,3.3052806007600357,3,2.8017684912236413e-9
KCNQ2,1.3661205020993952e-14,0.2383939714647476,3.305215837543572,3,4.222161678248183e-14
MMP14,1.0356428300698188e-5,0.662942729599551,3.304630287206216,3,1.154958334826912e-5
NBPF10,4.7052814538313266e-7,0.5220286347872652,3.303091497546169,4,5.870093791615177e-7
TEP1,6.537950729839349e-8,0.45867765034081065,3.2953963457405426,3,9.023910348526498e-8
RBX1,4.894560948389776e-11,-0.31840015541047595,-3.282796747246554,3,9.686739042933342e-11
MRTO4,3.439219083586588e-9,-0.38765478909685436,-3.2809318749874894,3,5.527249080635322e-9
DNALI1,2.9043382506115408e-8,0.4345866307913755,3.2754589261278215,4,4.161418704955373e-8
HP1BP3,2.2440134030744923e-17,0.19633321867972314,3.268746761795253,4,9.743588043157519e-17
FANCE,2.2721741157458862e-8,0.427448087652651,3.2672244174715637,3,3.3056977586719664e-8
ARF3,1.0114401987131379e-8,-0.408131785488296,-3.2630380270747255,3,1.5323110035256373e-8
PPP1R7,1.6403105262181185e-11,-0.30202869754835054,-3.2574018314778916,3,3.451241587803258e-11
PTCH2,2.819916151893472e-11,0.30839337086462754,3.253477221622333,3,5.775708151887957e-11
NCAN,5.325576222076101e-11,0.3161632903064242,3.2481457376011407,3,1.0504314095056627e-10
POLR2A,7.779290432313077e-19,-0.17915973692148857,-3.244414428047093,3,4.156039861197496e-18
PDCD5,2.000550332690064e-9,-0.3727603640315629,-3.2425866855778573,4,3.3263118626870506e-9
RNASEH2C,2.1998702526487043e-10,0.33536073835703606,3.238780850341227,3,4.068234206190826e-10
UNC119B,1.0082089093183492e-8,0.40404302762591726,3.2309096537596798,4,1.528995207358179e-8
FOXN3,1.3890203902515193e-13,0.2511545089564402,3.2291667027900917,4,3.786242383464411e-13
MRPS27,1.0477604039735662e-10,-0.32331497840726575,-3.2265987818152175,3,2.0059277185734136e-10
HHIP,3.2843165656527625e-9,-0.3799735300898031,-3.2235263369429106,3,5.2898959291925054e-9
CHST11,2.5182575915421333e-7,0.48828737733000704,3.2221595001167893,4,3.23949540175135e-7
BBS1,5.926716879816911e-14,0.24336777500707313,3.219070782272955,3,1.7042216282846079e-13
AUP1,1.1893654116088773e-10,0.32401277113119165,3.2157245908043617,3,2.265200488473271e-10
GABARAPL2,5.4723417962322694e-11,-0.31318727500989296,-3.2138735673871057,3,1.0779300529448788e-10
FMNL3,1.4807623563254674e-8,0.4097617829387147,3.208235876247588,3,2.2046071020825358e-8
CAMK1G,4.0981107647289344e-11,-0.30869806968804436,-3.206575363189852,3,8.210217809392053e-11
LINC01561,9.443433607401605e-10,0.35509075094329756,3.2046478898483786,4,1.6235399044846957e-9
PDHX,3.145204594733704e-10,-0.33694582910272053,-3.201777569328677,3,5.694373503922193e-10
PTCH1,3.2724958863959423e-9,0.3769213889120715,3.198223551207672,3,5.276652245629081e-9
MITD1,1.9868223794134541e-25,-0.12945135947143133,-3.197686893303527,3,2.4797234207743238e-24
CENPB,4.6757198751240354e-6,0.5992333442359538,3.1940045179445375,3,5.344460792571627e-6
SYNE2,4.00456043986276e-7,0.497741841305756,3.1842761272446993,3,5.030139516110268e-7
CRLS1,2.0192672961423993e-10,-0.3282073573275279,-3.1819067189163666,3,3.750798593784457e-10
GPHN,2.718770594084137e-9,-0.371404283403787,-3.1813107197730575,3,4.432548167008768e-9
CTNS,3.566995265262686e-7,0.49329386249165463,3.180609587739465,3,4.507538609657673e-7
MIPEP,1.8978871577431962e-7,-0.47301382377081796,-3.179471026547601,3,2.4828291853973214e-7
FRG1,7.175847308411776e-8,-0.44452132474739164,-3.1757167141980682,3,9.867210574576531e-8
SLIT2,1.7715622227538708e-6,-0.552007358351476,-3.1749495839060415,4,2.1010885561411657e-6
PPP2R2B,2.9509107019947726e-10,-0.33293392708683633,-3.1728749517771377,4,5.345905552162241e-10
NAALAD2,2.1853756455259537e-11,-0.2972754272573347,-3.1690969337267108,3,4.526629073677699e-11
PDCD6IP,1.196728056848463e-10,-0.31929999646287144,-3.1680960103683478,3,2.2777439265000272e-10
CCT8,2.2524482645989465e-9,-0.366271422640682,-3.167275419435157,3,3.7219328225739213e-9
CDC25B,8.214854691255504e-11,0.31397344176658326,3.1665477854466166,3,1.5871602433802594e-10
FOCAD,9.553052747201767e-8,-0.45066496290042735,-3.163603965949787,3,1.295980745029731e-7
STMN4,1.9340565378058997e-5,-0.668602547308547,-3.151478722725399,3,2.1221802564102895e-5
PIP5K1B,4.72886540994684e-7,-0.49822429424276304,-3.151389752721825,3,5.89700775823728e-7
TDRKH,4.398797954680074e-11,-0.30426911261044665,-3.1512135690269276,4,8.785106988361471e-11
PHF2,4.3071941130968654e-10,0.33636653698369035,3.150343580721847,3,7.679635461223773e-10
PPIA,2.6285201196029256e-13,-0.2503485307481851,-3.1494567910291726,4,6.908108880641022e-13
CACNA2D3,4.398761291865096e-7,-0.4953777448004918,-3.1489526535139647,4,5.499389117237991e-7
ATP2B1,2.132378655978293e-5,-0.6733120602482057,-3.145131983815365,3,2.3371698796652962e-5
SIGMAR1,2.2346157624872385e-25,0.1274045577873228,3.1406239089995522,3,2.7771728946504534e-24
PROB1,5.266390307008464e-7,0.5000496722309722,3.139555345079668,4,6.533977483272346e-7
PCMTD1,1.2699163483048701e-20,-0.15744947439001203,-3.1326501506253552,3,8.38888434589681e-20
PLOD3,6.301971430383451e-6,0.601748939517317,3.129409543185939,3,7.136556836028826e-6
ZSCAN2,4.483891647382948e-9,0.37421499652761636,3.1240758542531815,3,7.116479546414603e-9
MCCC2,7.747046017934272e-10,-0.3426526428447782,-3.1218615816977624,4,1.3445021284379418e-9
PPCS,2.7322832065382454e-9,-0.36434998739036334,-3.120101748551208,3,4.452103691542597e-9
CD99L2,8.132743260873197e-9,-0.38540430530066466,-3.1178294649904297,3,1.2501748419361157e-8
TTC30A,9.132950447089652e-8,-0.4425037331601673,-3.1149558668452744,3,1.241285619152639e-7
FBF1,1.628842305198191e-9,0.35349087220623215,3.1065205430130476,3,2.731500560975583e-9
NACC2,1.6833171753637231e-6,0.5375420098678287,3.103678357366867,3,2.004534825554933e-6
THOC3,3.2482934615577045e-6,-0.5649473896599043,-3.1006260355809174,3,3.7553191654508263e-6
NOP14,1.1465028292054264e-11,0.2832738346458099,3.099192760128563,3,2.4707515048196294e-11
STOML1,7.809790959753033e-20,-0.16202323952402292,-3.0958364616234295,3,4.752306407667146e-19
STK38,5.840569848568836e-20,0.16066986000845862,3.0902509469291948,3,3.606398182284715e-19
DLG2,3.9759263402943896e-8,-0.4166165943018782,-3.0831967989284257,3,5.6280849208896934e-8
SH2D5,1.5270425142265334e-13,-0.240404335120948,-3.081057748295121,3,4.1470515687281686e-13
NDUFA2,6.129824528816053e-38,0.0827565587757218,3.0795827432517444,3,2.8091836473464816e-36
MAVS,3.225573900105443e-8,0.41101391346412897,3.0790667557370917,3,4.603702310953413e-8
TCEAL8,1.9075143236737775e-9,-0.352712985412273,-3.0754922309127086,4,3.178829267804085e-9
PROCA1,4.249540076508277e-7,0.4824377433451107,3.0739283409786293,3,5.331009856457988e-7
DVL1,5.499129252119364e-9,0.37155046137246395,3.068897602036244,3,8.629719687782822e-9
MXI1,2.8213140746271414e-8,0.4060133364099433,3.065217401092665,3,4.0503740484001005e-8
ANTXR2,9.138416873973806e-16,0.20330054459529118,3.0574631229106917,3,3.2846785160986732e-15
ERMARD,1.1484485683689715e-8,-0.38507057477394935,-3.057417408810056,3,1.7291579317382926e-8
STX1B,2.1351769137303168e-20,-0.15522483613662252,-3.0533604050101895,3,1.3763678874661581e-19
DIO2,6.448288062691903e-5,-0.7278940112087957,-3.050280302782557,3,6.857443396619054e-5
TCF7,1.9090936516428235e-6,0.5331504448961305,3.049179504912365,3,2.2596334464359974e-6
GRIA2,2.101612615510939e-6,-0.536851046224324,-3.0479435407341584,3,2.4785001211474e-6
ZXDC,1.2885721076779677e-11,0.2797363241084791,3.0462981548148678,3,2.7546515975360638e-11
GSDMD,9.140417970546481e-6,0.6032439480283537,3.0397667309364076,3,1.0228479934228473e-5
DTYMK,2.521703062506668e-8,0.3998419716543198,3.038121673914612,3,3.636261102424807e-8
HERC6,1.8810052461057186e-7,-0.4513867241038385,-3.035851062432735,4,2.4629412441196754e-7
TKFC,8.609234565106621e-19,-0.16801693815457153,-3.03523194553196,4,4.574435684684369e-18
ANGPT2,3.258646339870687e-10,-0.319890867244072,-3.0347927482814883,3,5.885227656921629e-10
ACTB,2.988487359907531e-18,-0.1724671584848694,-3.0224090967563346,3,1.4584415019315787e-17
TDRD6,1.360816825113596e-15,0.20328070490375544,3.0220116822727325,3,4.761240611787999e-15
CCNA2,5.353707903919225e-16,0.19771480949336082,3.019371132120022,3,2.0079827726592184e-15
KCNQ3,5.632255465388913e-7,-0.48191710011781896,-3.011653041954542,3,6.9731554579931115e-07
SERTAD1,1.5226058963534465e-5,0.624309463332001,3.0075562079766236,3,1.6807689476871128e-5
POLR2E,5.329257356472807e-34,0.09031591794939557,3.0051116408246155,3,1.7762172530153115e-32
NRIP1,3.604935971887037e-12,-0.26258268409231933,-3.004760554215507,3,8.177321891372528e-12
TAF4,8.331245940919226e-9,0.37160585328496265,3.002311471047756,3,1.2782970221522048e-8
CARHSP1,1.985917573714774e-6,0.5260615140255087,2.9996231541801834,3,2.347721178438304e-6
LYRM1,1.869556877929719e-9,-0.3429751831902648,-2.9935770243619615,3,3.1191184999817216e-9
ACOX2,6.967012275483289e-7,0.48523459298449473,2.9875667888464257,3,8.571412333889467e-7
ANKRD46,7.10472384494167e-8,-0.417766204259863,-2.986381991791047,3,9.773993919893958e-8
LDLRAD3,2.6782275532681833e-6,0.5353125527630823,2.9828431932413104,3,3.1283319051117408e-6
PHACTR4,6.198778085731211e-9,0.3633455683396822,2.982229208840778,3,9.691373201199169e-9
SLC39A3,8.992385960880615e-41,0.07440544921898122,2.979649924649541,3,5.382585310869968e-39
GNL3,3.3166721555123296e-10,-0.3136518652463625,-2.9731993280637226,3,5.97897936823458e-10
USP21,1.0172128212912746e-9,0.33044003988245935,2.9715111950179516,3,1.7426899561023997e-9
CNTNAP2,1.1545247087200859e-5,-0.6013591394528708,-2.969268943390189,4,1.2860694913315654e-5
MDH2,2.4772277332650696e-28,-0.10751893591246135,-2.9681714076024526,3,4.2992360601576624e-27
DEK,1.3474024664546502e-24,0.12428196114111949,2.9666728842571093,4,1.5026355262781326e-23
TCOF1,3.1674060432209312e-12,0.25773257633437907,2.9637432508660995,3,7.2634886041962406e-12
NBEA,1.1364266921501977e-6,-0.49736894986336,-2.956589118562174,4,1.3705343289788364e-6
GRB2,2.0189222685136464e-8,-0.3819911159203525,-2.9393759515239433,3,2.957791715060202e-8
YWHAE,9.882960128942733e-10,-0.3262767395045628,-2.9381588943875716,3,1.6959597237821169e-9
UQCRHL,4.3741521265187744e-13,-0.23734901600859273,-2.933421675596322,3,1.125960403275347e-12
TFCP2,1.80357484686031e-11,-0.2729299831149811,-2.9323231196017723,4,3.781190154282552e-11
CHST3,4.850619345278826e-6,0.55168408050368,2.931761088366876,3,5.531441111859564e-6
PRRX1,1.4458385777902878e-12,0.24753490582973658,2.9307836282659188,4,3.499263715584055e-12
TRIM5,2.963565112062132e-8,0.38879295990976226,2.9269055335972403,4,4.242135907114803e-8
CCPG1,2.0554316677528235e-12,-0.25023409468772573,-2.9245101264728444,4,4.8500250052445945e-12
API5,3.766984114223411e-8,-0.3938991416921992,-2.9243096745326116,3,5.3426326919812694e-8
DZIP1L,1.1697828159467869e-5,0.592821347678315,2.923732499826016,3,1.3020770395339378e-5
BPGM,3.4519580100072746e-8,-0.3917378247899955,-2.9231219880827086,4,4.912466202499435e-8
ZMYND10,1.8709966393435043e-5,0.6174627369396196,2.9193187408845915,3,2.0560633732463462e-5
SYNJ1,8.823112319832029e-7,-0.48152882953110504,-2.9153576443757294,3,1.0720044918834856e-6
MEAF6,1.620099570405774e-8,-0.37400093033836035,-2.9136386493977593,3,2.4023013346815645e-8
KCNH4,3.621787141020222e-5,0.6558824954057676,2.9128247159089113,3,3.9111567321842084e-5
KY,1.9183595789369174e-5,0.616462048518363,2.9078946259645355,3,2.105744253376489e-5
PREP,1.7254208903614442e-6,-0.5038749903766336,-2.9038844502579537,3,2.050510320676708e-6
ATP11C,1.6877779513941944e-10,0.2966949266878879,2.899505967911021,4,3.1610809268449373e-10
INHA,4.3664069372554565e-11,-0.27956813295537064,-2.8962911327283165,3,8.72983745533078e-11
CCDC106,2.2113155184705932e-33,0.08865649972981797,2.895108965177756,3,6.827145700709737e-32
KIF5B,1.2819540052293302e-16,0.1821419594576732,2.894623253080272,3,5.115606935153232e-16
HSD3B7,1.2791430726349656e-5,0.5915078117056185,2.8942955619363353,4,1.4194955096626387e-5
SCARF1,3.86933516149588e-5,0.6545239110481191,2.88799751322793,3,4.1723382458336086e-5
RCAN2,6.22099932960504e-6,-0.5543428579009096,-2.8859864405631557,3,7.05030565445579e-6
MAF,1.1924118256465003e-7,0.41671865799488733,2.8851823514349153,3,1.5947760531788351e-7
EMC1,4.821374723920251e-10,-0.30940927718487166,-2.8827133615815272,3,8.554804637179732e-10
SLC25A17,2.1456446654919625e-8,-0.3758845767277599,-2.8824491500458413,3,3.126267165369064e-8
TMEM167B,2.2462182998497822e-10,-0.29849873954451983,-2.880079428045463,3,4.15132846468772e-10
RPL7L1,1.253435408372602e-9,-0.3235230658833059,-2.879969346421639,3,2.1336773376418116e-9
SLC39A9,2.526322989516316e-9,-0.33394055823608493,-2.8710576648014237,3,4.139500183380645e-9
EDA,7.68239918089805e-7,0.46926454946147467,2.8693195566909235,3,9.39636230090658e-7
KLHL36,1.260524069634726e-9,0.3221630703707088,2.867073768404041,4,2.14449947577648e-9
KLHDC9,7.40605320082716e-17,-0.17770266156891573,-2.866417352969066,3,3.033792463411461e-16
BCL7C,1.68365825692968e-7,0.42305668564729615,2.865678555642632,3,2.2264065228019617e-7
MICAL3,3.797703657973604e-9,0.3398865521422708,2.8620075499185984,3,6.076740223042325e-9
DCC,5.491477971427648e-6,-0.5439092775203187,-2.861131821845333,4,6.237995697210414e-6
ILK,5.294041955389973e-13,0.23189924289177885,2.8468444124413765,3,1.3502108743616341e-12
SRD5A3,1.0300822084741035e-6,-0.47497090273188697,-2.8437116450188835,3,1.2463824741974199e-6
ZC3H15,4.854400014826744e-8,-0.3883371672494502,-2.8402453981078986,4,6.799405560404412e-8
MPST,7.731529292272742e-7,0.46233310958361895,2.825657259966407,3,9.444637823505186e-7
TSC22D3,2.329428492454943e-8,0.3697079837410532,2.821888840916903,3,3.3789385600249e-8
HMG20A,2.794219487974179e-9,-0.329893569106161,-2.8218236471635136,4,4.542930021190835e-9
GABRG3,4.594317393064787e-6,-0.5281994029293771,-2.8194116836087035,3,5.2534631243115085e-6
RCE1,2.0832006302867995e-8,0.3666254553824716,2.8161487090057733,3,3.042842354896007e-8
MAP1B,1.4605548082897175e-6,-0.48252074265961736,-2.8157411765466454,3,1.74920671813546e-6
PAXIP1-AS2,1.521022580643416e-6,0.48372201949413535,2.8142290869592217,3,1.820138404335838e-6
MRPS28,5.188485534422274e-9,-0.33961279939523303,-2.813678251228135,3,8.177231634852514e-9
PEAK1,3.38890146844539e-10,0.2971013100271527,2.8135318942100245,3,6.097943562546214e-10
DVL2,1.0065926218335168e-8,0.3512549387484613,2.809037118748564,3,1.5273337609093146e-8
EPHX4,4.9953524594013434e-11,-0.27253580753734136,-2.807509596819543,3,9.866241591531407e-11
MRPL55,7.047621251186145e-13,-0.230673915020128,-2.8031395986614025,4,1.7743067064145034e-12
LGALS9,2.031126214333888e-6,0.4924273315651145,2.8030259233180463,3,2.3973010811433776e-6
LRRC7,2.7616907153924473e-5,-0.6138747339146733,-2.7985474593594435,3,3.0055802850634687e-5
ZNF444,6.177681951609246e-7,0.4506844815409194,2.798378569795528,3,7.62590116332909e-7
TRAPPC1,2.0592012737581323e-18,-0.15819864835827616,-2.797948944581876,3,1.0324166386209576e-17
SLC27A3,3.3246907381705253e-15,0.19286149943169092,2.7922967623828088,4,1.1043395169936751e-14
ABHD10,4.199044479516183e-7,-0.4377381617793939,-2.7913903889979284,3,5.269917611647824e-7
EMILIN1,3.037510998856767e-6,0.5056400771742173,2.789860095484641,3,3.5255321565678265e-6
ZNF385A,1.5666253952742395e-6,0.4803693611372509,2.788560876387592,3,1.8731807111045024e-6
GDI1,6.909099076818055e-16,-0.18338629639595766,-2.7802423569084116,4,2.536218722441471e-15
SV2A,8.082883647990042e-6,-0.5458945053304843,-2.7799315607231208,3,9.086660689748868e-6
HSF2,1.0750468070199916e-7,-0.3986043812129716,-2.7777035796695673,3,1.447619661187068e-7
SMARCC1,1.427303681562729e-11,0.2556648624718309,2.772809076612372,4,3.0247700130227486e-11
SRPRB,9.802733804252755e-9,-0.34589113220654943,-2.7701219811827955,3,1.492030007673759e-8
NFKBID,2.688763873004122e-6,0.49663523666360526,2.7664804309389286,4,3.1381394506649783e-6
CCND1,2.0223699483366e-12,-0.23581201945785468,-2.7576186269819716,3,4.779702706262085e-12
TBX18,7.478937273584486e-12,0.2474438688999623,2.7531001034263505,3,1.6361324816746247e-11
HSPG2,1.898302694038199e-5,0.5829711992914095,2.7525769480202573,3,2.0845083495372662e-5
NUP188,6.055133888580181e-10,0.2985389645868479,2.751895231208674,3,1.0621834745936405e-9
GIGYF1,3.837361069825135e-9,0.32638109725800163,2.746812653184943,3,6.1368484284608086e-9
POU6F2,1.415753882465095e-4,0.7136304609796481,2.74677237823462,3,1.473006788673332e-4
RASA1,4.903293076313011e-10,-0.2945920865170282,-2.7425086080236913,3,8.684717981170272e-10
CHPT1,1.5621929169256654e-5,0.5704687768259397,2.7418243071249195,3,1.7231710512760346e-5
ANKS1A,5.783746244034481e-10,0.296709168524548,2.740937218228867,3,1.0164007030409305e-9
GGNBP2,3.443029988019158e-11,-0.2619388603798377,-2.7406818015389827,3,6.988516923778678e-11
KCTD9,1.2155954454545081e-30,-0.0916017054562592,-2.740284340801791,3,2.763830574820211e-29
SGPL1,2.3643217752819918e-9,0.31731587684623297,2.737259859842183,3,3.895817846574203e-9
KHDRBS1,3.736301894856105e-9,-0.32466589676645036,-2.736140688554903,3,5.985021003611664e-9
OSBPL7,5.989267609639265e-8,0.3785235663715523,2.7339342586575817,3,8.30568411303639e-8
ARF5,6.476766263890442e-11,-0.2683216011104243,-2.7338326743842543,3,1.263895904989399e-10
TCEA2,2.135871193359109e-39,0.0706590116390881,2.732414006035442,3,1.1600944833559752e-37
CHRM4,3.488747434469187e-17,-0.16598732723328732,-2.7317082980889356,3,1.4894463210040938e-16
IL16,1.4119587469513363e-5,0.5632144300496497,2.7316902333104682,3,1.5621557920815804e-5
DAXX,1.3621286265360183e-9,0.30804879095479765,2.7310933889494033,3,2.307985708625154e-9
CCKBR,8.413414146602173e-10,-0.3007362151651722,-2.729189492822243,3,1.4524157558554545e-9
TM7SF2,1.0540420476985343e-13,-0.20988742961235926,-2.723738991519606,3,2.9331170074950673e-13
SIAE,1.2211132059134283e-8,-0.3440169638227723,-2.7222901996342745,3,1.8347976603197158e-8
CLEC2L,3.386346800020304e-11,-0.25960315404285667,-2.718114743748739,3,6.882990411960881e-11
RPS16,1.1119882287222442e-8,0.3404398879569858,2.7078247601651784,3,1.6777065199806287e-8
TRAPPC6A,6.218508969305529e-19,-0.14871913895006988,-2.7076273021133175,4,3.3713284301244208e-18
TSPAN5,8.658404039520524e-9,-0.3358005453141285,-2.7074127672518395,3,1.3254227060497754e-8
TMEM204,5.037036278091828e-5,0.62868610749802,2.701982820433058,4,5.3839750013277454e-5
ZCCHC14,4.310198404298148e-9,0.32229621121886265,2.6961698374671115,3,6.863090075899277e-9
MRPL2,4.241411269119534e-14,-0.201407135645066,-2.6933148296121954,4,1.2440059252327592e-13
TMEM216,4.831874751566623e-8,0.3676294285720308,2.6895343763673982,3,6.771088698683662e-8
ITGB1,6.257209397248525e-19,0.14770481809600328,2.6887622790397585,3,3.3798149469852534e-18
TRIM41,3.5742887179212435e-6,0.49329387423272897,2.6868781894800793,3,4.124071128899688e-6
ANKRD42,4.4052834670825636e-7,-0.421915774407397,-2.6817076913389393,3,5.505196595207993e-7
ZNF528,3.5195500156379804e-14,-0.1993157853057111,-2.6814974805608047,3,1.0395609462100903e-13
NAA20,2.6419096416894156e-8,-0.35380762128448023,-2.6811831805279467,4,3.798392636801498e-8
COPG1,1.137943652933841e-11,-0.24497586633412777,-2.680986298409493,4,2.4541093632757026e-11
TXLNA,2.091834890126015e-9,0.3087413663543656,2.679712229016732,3,3.4682598828375364e-9
RABEPK,7.972960561258471e-21,-0.13331683898416685,-2.679452541518368,3,5.502280782628494e-20
SLC37A1,4.903475273378101e-10,0.28763374885692955,2.6777252374294664,3,8.684717981170272e-10
GOT2,4.3606225676478587e-7,-0.42099387679016,-2.677711135931565,3,5.461018783480431e-7
AKAP6,5.159672054544809e-8,-0.3674132821997069,-2.6774794332268543,3,7.19606188111266e-8
HMGN5,2.581676455865327e-24,0.11347057742264507,2.6765551214520187,3,2.7335946011021676e-23
FANCC,3.141789304230372e-11,0.25455209035825266,2.6735155348357083,3,6.403660895974761e-11
NEDD4,4.051444170723437e-18,0.1537164292620499,2.6734961088583247,3,1.9227970473676118e-17
ARF4,6.691635831032684e-8,-0.3726270589453229,-2.6734007993059064,3,9.223011227640444e-8
MLKL,3.902266311032267e-7,0.41695123353669367,2.67210832197554,3,4.905849588623078e-7
RASGRF1,8.73827802431854e-6,-0.5274738288373096,-2.66826547089146,3,9.789675112806064e-6
PHF21B,7.775833978764365e-6,0.5221026866274172,2.6675547286993706,4,8.76162929685589e-6
KTN1,1.1587654540822014e-21,0.1274146628915761,2.6675539506646495,4,9.260651435485276e-21
YTHDF2,3.051094821463598e-8,-0.35387424865584666,-2.659557590707035,3,4.365298103098894e-8
DHX35,2.4938927654467083e-8,-0.34773309176891276,-2.6438571982657577,4,3.601470940942981e-8
POLDIP3,1.8418453051997965e-8,0.34144928468941127,2.641023778701197,4,2.7160041629718468e-8
MGMT,7.358102562046298e-12,0.2364005948688373,2.631903178943042,3,1.6117486791995365e-11
COQ3,2.0671004292031834e-7,-0.39340576543301503,-2.6297752953825766,3,2.692187193096331e-7
MRC2,1.7280712940275994e-6,0.4559200401127329,2.62721112096818,3,2.0528283132373223e-6
CDK11A,4.056044205656466e-6,0.48689308216766963,2.62527750506046,3,4.657939567419895e-6
CCDC74B,8.630699437576615e-7,0.43257886692861486,2.6231383536055004,3,1.0490609801248325e-6
EFR3B,9.789271884663217e-14,-0.2015821959383903,-2.622433103762253,3,2.731868167242361e-13
CHDH,8.189551525260884e-7,0.4301717989049397,2.6183438437941295,3,9.9792084019901e-7
AADAT,2.6263462226220722e-8,-0.3447725761705505,-2.6135995478812846,3,3.7797220171494296e-8
GALM,1.9271949129920693e-6,0.4567682654851413,2.6104646022472924,3,2.2801382330801688e-6
CSMD3,4.089455987164059e-5,-0.594265478284888,-2.6078356776666665,3,4.401605288202637e-5
PLCL2,1.2713548682350834e-6,-0.44138247628153565,-2.60227332356209,3,1.5276050096409255e-6
KRI1,3.622292799725107e-8,0.348679311380925,2.5945284908554327,3,5.1448836714739656e-8
GTF2IRD1,2.63681507402238e-8,0.3417674587691916,2.5902283404485895,3,3.792927225163139e-8
PGBD1,4.901660643562452e-7,-0.4096353518682711,-2.5846584668590333,3,6.109889786472024e-7
NUP93,2.3538897273329237e-8,-0.33823077347098635,-2.5800966830021377,3,3.4110467244404474e-8
C2CD4C,5.848139670717473e-8,0.3566082151084043,2.579340894969194,3,8.121493207487854e-8
MTR,2.550040327397383e-7,-0.3908737709485135,-2.577207818684672,4,3.2775058195690286e-7
IDNK,1.108102895609904e-6,-0.432712189107771,-2.576982786423188,3,1.3380262629987026e-6
SORCS1,2.4021096944787415e-7,-0.3892468711355683,-2.5765835273733497,4,3.102328372481792e-7
ACAT2,1.663931589435614e-6,-0.4448683491252467,-2.5708339246934804,3,1.9830602811111967e-6
CTBP2,2.4302463229958966e-7,0.3882248050624524,2.5678546249519196,3,3.134526150108604e-7
SYNGR1,1.7279752976015254e-15,-0.17372321407943397,-2.5645824280678124,3,5.948534680593045e-15
JADE3,4.533405524370164e-9,0.30718691356224104,2.5630371845644007,4,7.183402702851265e-9
SLITRK3,5.529879755976619e-6,-0.487473852596874,-2.562788637803765,4,6.279185955973452e-6
HELZ2,1.0039497694750475e-4,0.6369468559146103,2.546696980617387,3,1.052765346396251e-4
PHF1,4.263231145533308e-12,0.22396457789018864,2.5465357322345135,3,9.589000728411957e-12
TUBG1,8.859257858679729e-34,-0.07701393195504462,-2.5455108920019227,4,2.7940003547857683e-32
ANGPT1,6.648298482491193e-9,0.31120928096593753,2.544848382641622,3,1.0355528119568066e-8
PDLIM4,3.519713285013402e-15,0.17603517375720362,2.544323101061669,3,1.1651601653436015e-14
ZNF23,1.4220933201649918e-8,-0.3241141584071441,-2.543347105974232,3,2.119410420754025e-8
MTCL1,2.4269907006801885e-8,0.33380731560400523,2.541919971946737,3,3.5117729280192365e-8
ASXL1,3.691415514217253e-12,0.22204406800776058,2.538586989875121,3,8.367018317773727e-12
STIP1,5.4125359880887204e-5,0.594459995204493,2.536322541751295,3,5.770617249387211e-5
ZNF347,6.245402102258524e-19,-0.13922670047802477,-2.534544058848419,3,3.3796613221262454e-18
ACIN1,2.9533228365609206e-9,0.29659803825013603,2.529889046946809,3,4.7830457645682944e-9
BCHE,4.809364726524032e-6,-0.47560032203300057,-2.529200795860548,3,5.490800600581934e-6
ITPR3,4.875402989633308e-5,0.5861882667486403,2.527637639927311,3,5.216912429257385e-5
LONRF2,4.5431698013827e-6,-0.473003070688849,-2.5270856132921287,3,5.197525343391359e-6
NFU1,3.491857908176646e-8,-0.33884688988484,-2.5267620916949243,3,4.966837655034967e-8
BPNT1,1.7581448127570815e-7,-0.3734442371999063,-2.5225954159267476,3,2.3186325250973562e-7
MTF2,3.1356717110508246e-7,-0.386984621109971,-2.5168200432430416,4,3.989989209766624e-7
EGFR,5.2930979310045766e-5,0.5862702426072235,2.50706161725109,4,5.647383132643297e-5
MTHFD1,1.6336369677659673e-8,-0.3217536063459517,-2.50544528302015,3,2.4211506955318758e-8
ALKBH3,1.7966423697932745e-7,-0.3712943414399197,-2.5045802240252257,3,2.361968655582104e-7
PSMD10,2.645538319036744e-8,-0.3304976302681903,-2.5043411477473887,3,3.801746148816644e-8
TRMT6,3.622838693543377e-7,-0.38644245985805564,-2.4890569492098638,3,4.574165255343403e-7
CARD8,1.3474015720738595e-12,0.20957638590256158,2.4877771071637405,3,3.282332899412483e-12
STARD3NL,3.734748075209393e-11,-0.23852918686429236,-2.487320030055195,3,7.53889614906342e-11
REPS1,1.0750610256176773e-7,-0.356759244794263,-2.48610065826756,3,1.447619661187068e-7
NDUFAF1,4.0128323515431904e-8,-0.336024650495046,-2.485422787177617,3,5.677586727967283e-8
ZNF765,2.080887445502521e-15,0.16926367794066993,2.4850872422663013,3,7.105055736506279e-15
ZNF70,5.4114577530918715e-8,0.34186919784037206,2.4842560206914697,3,7.525749449890213e-8
IGF1R,1.0275280764330299e-8,0.31061403081959477,2.4812489586439783,4,1.5558801487754655e-8
EEF1D,2.1558734783631706e-6,0.4364396477320903,2.4730314640263975,3,2.5414698199514387e-6
RBM19,8.18533646804023e-9,0.3055137299841632,2.470678372037971,3,1.2569419822388478e-8
SCPEP1,3.572262213523028e-7,-0.3824282778951493,-2.4655367798947587,3,4.512250246452645e-7
TAL1,1.8744687859526014e-8,0.3189189580675913,2.464325629217675,3,2.75856344666281e-8
VPS35,2.9004803731504306e-7,-0.3769198765118921,-2.464125026282253,3,3.7051868181403365e-7
CDH20,2.3119380530308724e-7,0.37127874871710725,2.4638146154275207,3,2.9924599777314867e-7
LOC730098,2.620970849401356e-6,-0.4392288085860907,-2.451572202046701,3,3.06633725620031e-6
PARTICL,1.4008100472203493e-5,-0.504911216260733,-2.4506475571425184,3,1.550405988112183e-5
SOX8,6.548591460901075e-6,0.47268216007745484,2.450314409347628,3,7.410115260348322e-6
NEDD8,3.650052645985819e-7,-0.380184416053046,-2.447513546561935,3,4.6045610368500675e-7
ABCD4,2.297369470591315e-7,0.36857957905124433,2.446914740386396,3,2.974915963463279e-7
ZNF620,1.1198500134396295e-7,-0.351469729202981,-2.443009901898071,3,1.5045900547038172e-7
XPO1,8.840068293635173e-33,-0.07616554488341394,-2.44137567313576,3,2.5671208223001943e-31
AKT2,1.637214544588559e-8,0.31318785406523475,2.438447560946775,3,2.4252274036758807e-8
ARMCX4,7.390989502371927e-8,-0.34114185226773575,-2.4327840090756467,4,1.0134535862766182e-7
M6PR,9.455624512940535e-7,-0.40364432036896136,-2.431678427707073,3,1.1469539576697514e-6
KIAA1958,8.190230142811096e-11,0.24048623282123907,2.4257134211798053,3,1.583516480478902e-10
DPH2,2.497238152609115e-12,-0.20897650018665667,-2.424658210536531,3,5.831528265607114e-12
PGK1,6.578167210421572e-6,-0.4677423170785623,-2.4237916169012004,3,7.440711310515414e-6
LTBP1,7.057195791862702e-7,0.39380933725277,2.422466089714881,4,8.667820459603562e-7
KCNF1,2.2584410413661653e-19,-0.1298983358498854,-2.4221092123527717,3,1.3274564277208342e-18
RAB13,1.6322073155083127e-5,0.5053100783616303,2.419032878175322,3,1.7983711706934188e-5
ASS1,1.3192355993486072e-19,-0.12773005647469576,-2.4115022909056827,3,7.832627556456407e-19
ZNF81,1.4279795218398659e-24,0.10091533823580667,2.4063542967738845,3,1.5804769575684253e-23
DUSP7,2.5329633575684713e-8,0.31675842164009216,2.4062145175376286,3,3.650703453438981e-8
GKAP1,3.8287854868883073e-13,0.19362162239045705,2.4041878675134414,4,9.902846413618524e-13
ATP1A3,8.835299865270488e-10,-0.265133283415321,-2.400458075687513,3,1.5216637994620283e-9
MRPS21,1.7780038644670253e-7,-0.35524857844660535,-2.3979518125420194,3,2.3406128072180366e-7
WBP1L,4.324285590181512e-9,0.28663645616423017,2.397451864473524,3,6.8817849354326506e-9
MAFG,8.39773920828684e-6,0.472296902616728,2.397302384458316,3,9.426164981976769e-6
CDAN1,1.3929590983604839e-8,0.30491342826031315,2.3954186859455717,3,2.0781022560993385e-8
IL1RAPL1,3.7854547645869255e-9,-0.28440019681272677,-2.395184881036139,3,6.060446956623064e-9
AGPAT1,1.7967441956030503e-22,0.11004783558256052,2.3930467217589775,3,1.5777996184741757e-21
ENSA,6.168292146575906e-9,-0.29145367986546256,-2.392786640823124,3,9.64885379515047e-9
CCDC57,1.1709766233084445e-7,0.34478124831563434,2.389834595569575,3,1.5675373966972469e-7
HINT2,6.399826083504538e-29,-0.08465037787905746,-2.3866185180895876,3,1.1880183482860005e-27
GAS7,1.2063371098639933e-6,-0.40297804268422277,-2.3850381636819833,4,1.4518616098609323e-6
SFT2D2,2.1545124015178688e-12,0.20425531668397826,2.382975495001908,3,5.079730605829509e-12
ZNF136,5.22466723680306e-7,-0.37912910059701915,-2.3816667796761637,3,6.48770067973894e-7
CNTN4,8.684235850429597e-5,-0.586149124924456,-2.380508913051987,3,9.158886641247755e-5
PAK1IP1,2.714936323796193e-7,-0.36250862326490585,-2.3803187499982434,3,3.475808603781006e-7
RNF216,4.40253748238706e-11,0.22980898182620882,2.3799700547754292,3,8.785106988361471e-11
NT5M,1.2211202541061776e-16,0.14913708514957064,2.3732544623260337,3,4.892822001766966e-16
SLC1A6,6.764864028404926e-13,-0.19475467049727113,-2.3701138845006215,3,1.7060486840336756e-12
PARP2,1.1990761473187733e-11,-0.21680409877986903,-2.367750785002225,4,2.5689483857457723e-11
CNTLN,1.1726667060154786e-13,0.18274761250126745,2.36307747043914,3,3.232548354082142e-13
TLR5,2.2323786364176037e-7,0.35508805980611763,2.361773116721932,3,2.8971533365543504e-7
COX15,9.847977658800755e-9,-0.2947733949486537,-2.360148270867462,3,1.4973622847725566e-8
LINC01355,2.6867769298540065e-6,0.4236659965083637,2.360145141033147,3,3.1370687640373412e-6
MSC,4.831851552902136e-9,-0.2834790999624043,-2.357379996836121,3,7.635679205098041e-9
TCEAL4,6.284965887970679e-6,-0.4527270531549043,-2.3549489882285313,3,7.120048261652376e-6
MPV17L2,6.335425271357672e-28,-0.08657104148852318,-2.354578598002499,3,1.0740926197047431e-26
AMOTL1,3.019477868475893e-7,0.36091488295640656,2.353189632951815,3,3.84714534675925e-7
ZNF37A,2.206185998657708e-28,-0.08497808557992088,-2.3501843464110523,3,3.851633055989915e-27
TUBB4B,7.003494744551132e-11,-0.2307873058814904,-2.3435724377462708,4,1.3630557455718957e-10
SCN1A,5.8607770355209124e-5,-0.5532623488591747,-2.34143104673927,3,6.241706261867406e-5
TAF3,2.454745010086096e-7,0.3541823698833907,2.3411432031620336,3,3.160565019570905e-7
SLC7A14,1.620531481319672e-4,-0.6158580357481837,-2.3343129039287103,3,1.6789186982375833e-4
ARV1,1.1811990650114262e-6,-0.3934506614995857,-2.3322483996155317,3,1.4227748902170485e-6
AK5,2.154812674756873e-5,-0.4987798389672,-2.3276012474262417,3,2.3608761953910755e-5
ZNF710,4.764870146234302e-21,0.11451427911604778,2.3271533319974997,4,3.4337504026794124e-20
GTPBP4,2.231079385470829e-8,-0.30404466071493275,-2.326393153654439,4,3.2491339809264855e-8
LSM4,2.5576583621902843e-28,0.08421990940400159,2.323809002100526,3,4.4127129272377084e-27
FBXO9,4.3217194325772436e-8,-0.31543150765160133,-2.3229459513284025,3,6.091111530874126e-8
PEX3,5.221514272030194e-8,-0.31867338529017825,-2.3206444514670754,3,7.278850456209391e-8
TSN,8.41492373258437e-7,-0.38108344914001185,-2.3150628291705275,3,1.0241066932643136e-6
FZD1,2.0658100127295977e-4,0.6278638976235723,2.313621717618153,3,2.1237366867633752e-4
CSNK2A1,5.075367248111073e-7,-0.367556442453746,-2.313595982605735,3,6.307649211317703e-7
ASH2L,1.377824396639266e-8,-0.2942258365960538,-2.312852259806878,3,2.0565694429226295e-8
ASB8,2.528888511245383e-9,-0.2683999700030979,-2.3074534150819836,4,4.1413902867016795e-9
IDH3G,9.830050274527666e-25,-0.096083447775581865,-2.306718016878804,4,1.1230890227236561e-23
MLLT6,1.2528857914317532e-8,0.2910786013929162,2.3001288732989145,4,1.8806110676915722e-8
NIPSNAP1,3.7560428317214006e-11,-0.22062193674581848,-2.300043140230769,4,7.576666867564559e-11
TNFRSF1A,4.769856648432525e-5,0.531329325002574,2.2961368475514914,3,5.105835602135984e-5
IBA57,2.73219175292931e-7,0.3494578805706967,2.2936628935524337,3,3.494774710572031e-7
CCDC117,2.5206153830776124e-17,0.1380098719133896,2.2907559505198822,4,1.0888019025871335e-16
MANSC1,6.138685013386451e-8,-0.317576721344816,-2.2903393850769866,3,8.504847966113586e-8
LHX4-AS1,2.011798881686895e-8,0.2974214419676984,2.289078977434001,3,2.9488286456709962e-8
KBTBD8,7.810272860487334e-6,-0.4480754064791052,-2.2884706654580174,3,8.793677658276143e-6
LRRC4C,2.4192148876639285e-6,-0.4072542211731123,-2.2872722891679107,3,2.839358649667188e-6
EP300,6.663227551944698e-9,0.27954099532083165,2.285615332434099,3,1.0373273041323673e-8
SRRT,1.7930927723333074e-7,0.33878648708649267,2.285588221434312,3,2.3583592382303098e-7
ITSN2,1.7565017377202283e-21,0.10980885917270396,2.2791214607437915,4,1.3665303970115196e-20
USP51,2.5474920501869376e-7,-0.34526748920241457,-2.276654864714047,3,3.275666016307886e-7
KDM2A,4.4112021895976585e-11,0.2197340702824378,2.275443647804943,3,8.795415378715114e-11
SLC2A11,4.159455264462615e-8,0.30828279926013025,2.2754241020389365,3,5.879364959358482e-8
ATG4B,1.058115732184956e-8,0.28514106512716564,2.2741331063435197,3,1.598070773686136e-8
EIF3K,6.703307114871872e-42,-0.05523031999965451,-2.274037227628297,3,4.369066615093156e-40
PHKA2,7.716644472864408e-8,0.3193560822077536,2.2714429713566333,4,1.057119020967366e-7
NMRAL1,4.614780383855471e-17,-0.13901005833014812,-2.2708473170943835,4,1.9363592082758362e-16
HLA-C,3.5562269707237806e-4,-0.658360544504067,-2.2706924496350664,3,3.6191581211425565e-4
TENM1,9.749160593719239e-6,-0.45307136909262746,-2.2703554802113772,4,1.0885544520869697e-5
RTF1,1.4433388385753963e-6,-0.38849651939056634,-2.2690650872145586,3,1.7300011497922507e-6
MED10,1.5397094990098505e-7,-0.332774334483407,-2.267045523085554,3,2.0406542976032045e-7
CPSF3,1.524983339292925e-9,-0.2568404755045145,-2.2644943843787444,3,2.5705609966357177e-9
PLEKHA8,1.0194392070821859e-24,-0.09438540416028575,-2.2644605121178873,3,1.1500058439892505e-23
MSS51,1.2125039281059514e-6,-0.3826974144816093,-2.2641591601244273,3,1.4586849963637226e-6
PCYT2,3.873332608635357e-21,0.1108656795637698,2.2629808507242704,3,2.8543931007858046e-20
AGAP1,1.2858907090414588e-8,0.286599980393517,2.261501962146274,4,1.9271933825337754e-8
FAM174A,3.3913185540608583e-16,-0.146186946524303,-2.2614581802783853,3,1.2985296761175584e-15
RFXAP,2.2047070925867224e-14,-0.16533094311498006,-2.2578666756197268,3,6.632211182109596e-14
ZNF586,3.872950990564025e-23,0.10073124434161085,2.2575844173375903,3,3.712210867753034e-22
GPR161,3.992426652126102e-6,0.41788082500393364,2.256039558950646,3,4.5866773876560345e-6
LARP4B,1.872773525261034e-11,-0.21025847217613966,-2.2555508592136495,3,3.9094980424132474e-11
SMC6,7.723670557708462e-28,-0.08308235146902036,-2.2525433570167692,3,1.287132144645393e-26
TUBB,2.6001578254106202e-14,-0.1656868846511396,-2.2508563760764257,3,7.77396829962217e-14
SH3BP2,4.705481763723939e-5,0.5197856686954107,2.249318374381658,3,5.042447209719515e-5
NGEF,1.1702567332734533e-11,0.20563537644098487,2.247948121155742,3,2.5163951603306735e-11
COPS5,1.7824971952203182e-7,-0.3330626515098093,-2.247830224464564,3,2.345475223679315e-7
ZNF785,5.851833845980147e-8,0.3104180645276585,2.24516322284753,3,8.122777411386545e-8
MAGED1,5.198583664708796e-11,-0.21796846432964295,-2.241612745302112,3,1.0260730746023485e-10
CNPY2,6.821234705145691e-14,-0.17013996324817143,-2.2400860664914957,4,1.9461752325089799e-13
WDR77,1.1192302017208294e-8,-0.28150753653099986,-2.2382891066088084,4,1.6868973184209623e-8
TOM1,3.4698313261911507e-46,0.04919772962429099,2.236513617931995,3,2.993239788152543e-44
APEX1,6.236950811056323e-15,-0.15733120448075869,-2.234894114747546,4,2.0102172229481535e-14
ATF1,1.0864881406462516e-16,0.13997335611871162,2.2345311591135943,3,4.389352226605311e-16
POLR3A,5.051454548170345e-7,-0.35475714461714836,-2.233758001161689,3,6.283255381587626e-7
TUBA1B,5.964273875355596e-18,-0.12932042459809442,-2.2274722075117244,3,2.774104667542855e-17
HMGN4,4.048635595579046e-10,-0.2369138665610928,-2.225258815879031,3,7.223022020579891e-10
LSAMP,4.604110804682755e-7,-0.3509667835397584,-2.224025347910159,3,5.748768407890388e-7
DDX39A,3.333434701309332e-7,0.343135364933583,2.222524833714866,3,4.228790648330568e-7
GSG1L,1.1759568142410253e-5,0.4507500386670375,2.2220212792193608,4,1.3079565173185161e-5
DNA2,8.305877773307531e-20,0.11624911344575767,2.21810451545431,3,5.033293287006403e-19
SIRT5,3.663681528197739e-8,-0.298114407930816,-2.2168032677642233,3,5.1986346986956786e-8
TMEM9B,1.0579409280015324e-7,-0.31764640449546855,-2.2157547497447694,3,1.4266394215303422e-7
BRPF3,7.478577323928963e-8,0.31078871681943054,2.214736652432206,4,1.024984452854376e-7
ALPK1,2.6462782019172044e-7,-0.3366727902976887,-2.2144196592167567,3,3.393762119030678e-7
IPO5,8.430928356167724e-10,-0.24353642908098627,-2.20987990241319,3,1.454583109919996e-9
ATG14,2.0667235586505787e-8,-0.287026163818224,-2.2057150156139533,3,3.021784744527491e-8
NDUFS8,1.9590035205235365e-39,0.05692083551199629,2.203289696447702,3,1.08410515579161e-37
ZNHIT3,9.223298642267465e-9,-0.2739280555479805,-2.2010430799090126,3,1.4082214949385985e-8
NDUFS3,4.30210842445343e-12,-0.19353011488667668,-2.1997249538724897,3,9.66162634680085e-12
SLC7A2,1.155503284252671e-6,0.369768843254764,2.195402231357517,4,1.3924727403283358e-6
ACAT1,1.4461167830737939e-8,-0.2797659467240137,-2.1933081273228066,3,2.154119108560405e-8
NFKB1,9.53519413320407e-13,0.18214166735012213,2.1894649603317804,3,2.362054425058069e-12
HEMK1,2.3277118722125295e-5,0.47192661844772976,2.1864694254510773,3,2.544606381363902e-5
STRIP2,2.296571433731169e-11,-0.20522134236176198,-2.183333452199884,3,4.736880460712742e-11
METTL4,1.4573230974561057e-29,-0.07557159810699293,-2.1792161682752096,3,2.888059895161323e-28
ATXN7L3B,4.6602168754250695e-8,-0.2970716866675869,-2.1780089574591486,3,6.546176291006574e-8
ZCCHC17,3.695840482055922e-11,-0.20853550365564802,-2.1755021783311426,3,7.48095247334025e-11
SMG9,7.938433429112533e-8,0.3061508007418252,2.173751874259458,3,1.0854743705168792e-7
GBGT1,1.2297888730438278e-5,0.442394289599696,2.1722309215364963,3,1.3662768047869496e-5
SNRPD3,9.249110152265684e-8,-0.30861795738055026,-2.170787865323277,3,1.2559092628053355e-7
RIOK3,2.2027436491178773e-6,-0.38342307115556024,-2.1690381329487805,3,2.593595794003506e-6
CAPZA2,7.725752599699522e-6,-0.4239073293817063,-2.1670393645111456,3,8.71189249324056e-6
ATRN,2.42549532675082e-7,-0.32751891206163536,-2.1666029622415177,3,3.1297746561197337e-7
RNF34,6.742675398879457e-9,-0.26473921104678083,-2.16322850275602,4,1.0485825527525687e-8
TMEM209,4.817758138053188e-6,-0.4068317922918892,-2.1631877011145013,3,5.498243042377432e-6
PRKCD,7.74819557811582e-8,0.3042113624606559,2.1631859814024863,3,1.0609457343890617e-7
ATP1A1,3.76476320778549e-5,-0.487830863061471,-2.15829171300711,3,4.061070426051799e-5
AKR1C2,5.1508296280203636e-8,0.2957434704666985,2.1554147344574117,4,7.190567967150751e-8
DDB1,3.251368714292396e-14,-0.15877072388657246,-2.1414890095884607,3,9.642330069787257e-14
CCDC17,4.7027287384168487e-4,0.643304028444505,2.140690696181066,3,4.767750912470314e-4
PILRA,1.6865646230535865e-6,0.3704768875114214,2.138761965197514,5,2.0075868666461727e-6
ANKS6,4.3826589758997964e-7,0.335622229757836,2.1339741776992027,3,5.481594360901536e-7
RIN2,4.914212097101084e-6,0.40180273149670626,2.13298832459318,4,5.601781609326652e-6
SMIM10L2A,1.5383230232083393e-9,-0.24176483457778358,-2.130661993650646,3,2.5900697055511246e-9
REPIN1,4.3583790024792715e-7,0.33468262560502376,2.1288074117670823,4,5.460540629761513e-7
COL11A2,2.6273247729595553e-4,-0.594458058637155,-2.128448898737857,3,2.6887451357607734e-4
NDUFC2,5.76867858961707e-12,-0.18912449152329913,-2.1255557220357377,3,1.2779104458721198e-11
RFLNB,1.2757475580267447e-4,0.5448427189004587,2.121745723990875,3,1.3306428121239125e-4
MCM8,4.3462113471658525e-16,0.13804788364535409,2.1206762871488825,3,1.6427110671697738e-15
BAZ1A,2.2893788680221456e-13,0.16775553374750643,2.120477309026593,3,6.076695221637061e-13
COX11,5.7206007745662e-7,-0.3385604418053773,-2.1134833161636606,3,7.079545177975808e-7
PMEPA1,1.7531576513452007e-6,0.36406652084260166,2.0956320722731436,3,2.080943501171782e-6
SLC25A43,2.3228491592230764e-5,0.45113844217453364,2.090566063260566,3,2.540237354213752e-5
YPEL4,2.58389722132297e-8,-0.27528602472577296,-2.088794587296705,4,3.722284160186773e-8
TRPM7,5.498057525935086e-68,-0.031037673344053735,-2.087587413571198,3,2.687633787261268e-65
PARL,6.894906114151912e-7,-0.3386723532230683,-2.0867201006873324,3,8.489823523428864e-7
METRNL,9.132872937285948e-15,0.14855074661879736,2.0855622505032256,3,2.877198316332942e-14
HBP1,1.4362063835163136e-14,0.15060308801959624,2.084765888767938,3,4.429435670718557e-14
MYOM2,3.4141307391791687e-10,0.22013156279975957,2.0839238356580814,3,6.139574161871552e-10
HECA,6.680279307227578e-6,0.40221505378388167,2.081545509850589,3,7.550388904854907e-6
MAP2,4.6505395645230075e-5,-0.48006697742529597,-2.079888574594869,3,4.9853920112375667e-5
GRIK1,1.358656674222272e-4,-0.5376647380845647,-2.0790905460802596,3,1.415106543144149e-4
PWWP2A,3.926120857145925e-26,-0.08178203117363927,-2.0777572556059063,3,5.258133549775799e-25
MAP1LC3A,4.469064521300023e-21,-0.1020512033488213,-2.076719881331834,3,3.228513852456396e-20
ABCA1,3.4114903718289756e-5,0.46454273903623133,2.0751383600247735,3,3.689491615256042e-5
YBX3,1.4212344034427257e-9,0.2341148281498508,2.0712921464673015,3,2.4011984477520245e-9
SLC22A17,2.799189355767804e-23,-0.09182978146309725,-2.0710340972533055,4,2.7095783433884387e-22
SPAG7,5.9208771690139106e-21,-0.10233518962414283,-2.069996709057443,3,4.184562105233205e-20
ACOT7,1.347010626133673e-12,-0.17433456810303255,-2.0694609760352516,3,3.282332899412483e-12
ROCK1,3.935507022649401e-18,0.11886279350349192,2.068806838710594,3,1.873838002829658e-17
TPMT,2.865304703401841e-6,-0.37306294142406865,-2.067824160432694,3,3.334896307570476e-6
ANTXR1,1.947186000936677e-5,0.43886428315059267,2.0673108276784027,3,2.1357877863677166e-5
HINT1,1.039628571797655e-19,-0.10881229013262876,-2.065596956208982,3,6.2484233628740205e-19
ORAI3,4.2158963819208733e-4,0.6111223938082084,2.0626053464025835,3,4.2815872881488647e-4
STAM,3.837616538103323e-6,-0.37974496767699967,-2.0566753613667896,3,4.415743156632815e-6
UQCRC1,8.405366290294427e-29,-0.07320298191941968,-2.055206172373572,3,1.5312384676666802e-27
NADK,8.825430830619653e-8,0.29108591485958113,2.053396914694983,3,1.2017172064163158e-7
PDS5A,1.1735001103008055e-38,-0.05407459298852252,-2.051077261332398,3,5.934268661228039e-37
MICALL1,6.838125001440037e-10,0.2235889156602279,2.0492064901972054,4,1.1909869732318068e-9
DBNDD1,2.7827044459734624e-10,0.21390959523384698,2.0440201787544057,3,5.066214860360128e-10
CHCHD2,1.0082797672105175e-41,-0.049781681132883795,-2.0408706556373217,3,6.428879472235756e-40
PLPP4,7.319046073240991e-11,0.20103370227014128,2.0375862402037854,5,1.4225819836193393e-10
ARHGAP20,1.1686003824281984e-4,-0.5179734793928507,-2.0368447116324093,3,1.221491418981435e-4
ZNF223,5.400435337928038e-6,-0.3863355574599923,-2.0350500674389105,3,6.136953446781455e-6
HSD17B8,1.5101468560003899e-15,-0.1373082238298938,-2.0350425514235617,3,5.26040466585409e-15
PRKACA,1.0458604539603562e-17,-0.11959840398902033,-2.0308438393767756,3,4.704767962370744e-17
IDH2,1.8296028653008582e-13,-0.15914927343851168,-2.027186655547876,3,4.936729718424487e-13
SYPL2,0.00152468603728595,0.7168378998429167,2.019203029705354,3,0.0015283336115378303
CTSO,1.6822511628207027e-4,-0.532462582882459,-2.0095719129199168,3,1.739176122859754e-4
TENM2,4.442900045737864e-8,-0.272264531898188,-2.0017796270841894,4,6.252891475119556e-8
WDTC1,6.092414081140834e-8,0.2773645066623309,2.001243324867065,4,8.444730860106836e-8
BNC2,1.6778927441732713e-4,0.529557387713553,1.9992040103675686,3,1.735281882461285e-4
FAM156B,1.3340709916309739e-6,-0.34025540483988237,-1.998939617837906,3,1.6003395576497532e-6
PEG3,1.1070320994723344e-5,-0.40325592267989574,-1.9984717456167849,3,1.2341030588188357e-5
NBPF1,4.197185388699333e-5,0.45612337169562034,1.996471085616134,3,4.515900493417147e-5
CYB5B,5.668826380046982e-6,-0.37993617168453697,-1.9933377250277173,3,6.431979796006885e-6
DNAJC30,8.725975121366065e-12,-0.18001737478650076,-1.9908456363177895,3,1.8972042276476405e-11
CASP8AP2,9.713148220832749e-25,-0.08287557599455199,-1.9900613698205556,3,1.1172024992824491e-23
DCAF8,3.815642748456512e-8,-0.2681934225358026,-1.989574746845086,4,5.409028603781029e-8
VPS39,2.858006184285804e-10,-0.20826278900326373,-1.9876469034941857,4,5.19042237678654e-10
GULP1,1.5264644526131422e-9,-0.22519197667271268,-1.9853630200820611,3,2.571579689554478e-9
TMEM59,1.7789959574901903e-6,-0.34472101700623015,-1.9820855349782165,3,2.109052200209672e-6
STXBP4,7.601494550877574e-22,0.0938058010058547,1.9810941869058247,3,6.262691999360654e-21
FXYD7,3.8979347327957255e-9,-0.23547540490180963,-1.9801516361650429,3,6.226929505059838e-9
WDR7,2.9757807105005093e-6,-0.358135347508731,-1.9791988534560259,3,3.4593598192223516e-6
ZNF521,3.209410950001703e-5,0.44018411892814246,1.978000206940695,3,3.4773558612319894e-5
CFLAR,9.937497474911124e-6,0.39495012115636036,1.9758260425951941,3,1.1090821953544264e-5
WWC2,1.2721302590927393e-6,0.334715358843844,1.9733038267691783,3,1.5279107493525816e-6
CIRBP,8.340117105247865e-8,-0.2787092481497636,-1.9729347882185448,4,1.1376728875900198e-7
CHP1,1.2465660741994168e-17,-0.11637285283298858,-1.9671998352657163,4,5.581951596376932e-17
PPP1R3D,1.5055052844625458e-4,0.514206959744456,1.9654623717853748,3,1.5630608847181052e-4
PAPOLA,6.642442229261385e-34,0.059143760210857696,1.9622522897823937,3,2.1409102262004006e-32
ATP1B2,2.144138331093769e-8,0.2555802204245613,1.9599800995415255,3,3.1260086513246324e-8
AP2B1,6.356265570441993e-7,-0.3159791229167433,-1.9580587861494314,3,7.83975059634414e-7
DCN,1.6574634210172046e-8,-0.2516033106541205,-1.9576136602490024,3,2.4515079242780944e-8
DAPK1,4.681199885089576e-14,-0.14655931361618801,-1.9535833016129518,3,1.3634517639491286e-13
SLC4A8,9.610740935557156e-5,-0.485583538560522,-1.950707133989127,3,1.0103334467379618e-4
FSTL4,2.5635113292200496e-9,0.226418318468996,1.9451970783983912,4,4.1934069875083135e-9
UQCC1,9.595032031855365e-8,-0.2770039451348053,-1.9440008259638346,3,1.300472687127162e-7
RHOBTB2,1.5732971390886149e-16,-0.12199416791171913,-1.9278969225471687,3,6.210606337748193e-16
GXYLT1,4.83127981953211e-21,-0.09486731576080192,-1.9273184870259292,3,3.473074438894039e-20
TRAF3IP2,3.3979870465244563e-5,0.4305713091820475,1.9241277149112526,4,3.676243455350878e-5
ELAC2,1.2341607056704251e-13,-0.14902762521072677,-1.9237422180659638,4,3.392496110338666e-13
ARHGAP11A,1.0176482658221309e-6,0.3197866914812795,1.9162905065481786,4,1.2318457959786667e-6
LONRF3,1.0428389575766037e-4,0.48022038344014567,1.912133240498361,3,1.0916460513934064e-4
PFKFB4,3.951223719490793e-6,0.35292404130264166,1.906943312819384,3,4.542900497556446e-6
POLA1,1.2234881713812582e-15,0.12779291425288386,1.9056990832616776,3,4.318280152420253e-15
KNOP1,7.78568802451203e-5,0.46376759249460764,1.9054832997979858,3,8.23788707644076e-5
JAKMIP1,1.1365713167232747e-14,-0.13662189097387953,-1.9051107484823784,3,3.5313174490989034e-14
SLC6A17,3.549395652185268e-11,-0.18202783637647155,-1.9021627826733623,3,7.194455734526185e-11
SRP72,9.868909747271226e-9,-0.2375567763065861,-1.9018156062188563,3,1.4997674761008554e-8
ZNF883,5.192189257766892e-5,-0.443655246185987,-1.900907222389506,3,5.543753583192681e-5
ZNF513,2.5564047391104973e-6,0.3396373148568006,1.8993776615923774,3,2.9919932561097717e-6
ADH1B,3.8367556076804e-8,0.2560725825222821,1.8990434556338087,3,5.4363305301094745e-8
DNAJC6,9.836421525541346e-5,-0.473324341103237,-1.896687724414769,3,1.0329475236094797e-4
CCDC115,1.6597839032164272e-12,-0.16094118715501332,-1.895878888420257,3,3.9707554552477826e-12
SHROOM1,6.273921938937633e-5,0.4509417631267793,1.895065122829447,3,6.676855241982612e-5
IGSF8,4.98079944172486e-12,-0.16756775120423714,-1.8939681799445705,3,1.1100824287674022e-11
RNF187,7.802034173215698e-61,0.031492412169023376,1.8929393650142599,3,1.9069471858368034e-58
NDN,6.453985139108029e-15,-0.13322214184246003,-1.8904451121397474,3,2.077885665532805e-14
FAM171A1,1.0213247513317591e-7,0.2699688266263045,1.887307830673099,3,1.3810721510631856e-7
ITGB8,8.362845787524996e-7,0.31025932522753047,1.8856463195094175,4,1.018191228510204e-6
ALG12,1.5838084033908592e-6,0.324931191684187,1.8846975323583737,3,1.8921833185928268e-6
CRY2,1.4459964620824667e-12,-0.15878568829197445,-1.8799959955872392,3,3.499263715584055e-12
ANKRD36,6.217260563606059e-10,-0.2036821605385982,-1.8751796324296504,3,1.0893205037668203e-9
MTHFD2L,7.8969542136707475e-21,0.0931818541347883,1.8731919854285435,3,5.462680827522712e-20
TMEM38A,4.787777464447002e-14,0.1405594195833909,1.8722326400412328,3,1.3917295642441088e-13
CTSH,1.3830230683922198e-4,0.484487481358092,1.8697198324655935,3,1.4394629735963024e-4
UPP2,3.064169529611656e-4,-0.5313648763226203,-1.8670499699928453,3,3.127073496990601e-4
ZNF106,2.47592497498816e-6,0.33261512467247933,1.8647277068242591,3,2.9012736522733814e-6
NDUFS6,7.111651865754197e-18,0.10853766910570979,1.8612071529217358,3,3.2540522499620995e-17
APOL2,2.598606589024815e-5,-0.405533356058126,-1.8594756591123622,4,2.8322977055406102e-5
NDUFA7,6.323014102550459e-21,0.09198616721440298,1.8580355686736585,3,4.436684996847644e-20
TMCO6,8.210777650619839e-5,0.45427650787486235,1.8559992365697087,3,8.675148000456768e-5
PKM,1.5860578641907608e-11,-0.17095308175253057,-1.8462387441678054,3,3.341887726775504e-11
STAG3L5P-PVRIG2P-PILRB,2.9516905162207626e-7,0.28271609117849905,1.8461160534690118,3,3.7640470800328245e-7
KMT5B,6.361780959545895e-24,-0.07955379335899265,-1.8453633058157768,3,6.547053878718635e-23
ST3GAL4,1.1353069713163013e-6,0.30994033112420727,1.8425601508577039,3,1.3697471603746244e-6
FAHD2B,1.628339750455503e-10,-0.18789501898445204,-1.8391643543806346,4,3.053657601077999e-10
CEP68,1.3637334384951939e-7,-0.26779468548646734,-1.838482957151603,3,1.8156287676379496e-7
AP2M1,1.1990564057192456e-11,-0.16810626148514332,-1.8359154436449823,3,2.5689483857457723e-11
FAM131A,3.8492019440986897e-10,-0.19483923846210438,-1.8343392039029442,3,6.883969086610645e-10
FAM161B,5.072146904692553e-7,-0.2913867229172553,-1.8342235259326973,3,6.306319148564332e-7
IL34,2.0782059066092653e-7,0.27447807105491384,1.834147950170083,3,2.705449589030171e-7
NUDCD3,2.072699611074403e-14,-0.13392963194864446,-1.8326212482961126,4,6.241507145052591e-14
IKBIP,8.238096461855173e-23,-0.08295506908616652,-1.8319941074687096,3,7.434565206960375e-22
EID2,2.2309954560600765e-12,-0.15709790027198114,-1.8304263914859635,3,5.2389989372491635e-12
PAGR1,1.3381924657678263e-5,0.37517390980233833,1.8284030785386314,3,1.4839011350083306e-5
NIPBL,5.7629337640886926e-21,0.09023382440568203,1.82627452894838,3,4.092659740937563e-20
FAR2,2.946816868405474e-5,-0.403003534145589,-1.8258666936386425,3,3.199044879482467e-5
CLK3,2.583872606048667e-7,0.2763293691294888,1.8203829715921864,3,3.3195349774598074e-7
KCNS1,6.7056391668639344e-6,0.35184726340449524,1.820302864669774,4,7.576132386907519e-6
NOL6,8.082103247219458e-11,-0.18008832966382912,-1.8175370740276886,4,1.5636417430141602e-10
ZFAT,2.8577738668456626e-7,0.2774788092900268,1.8158135973036584,3,3.653814625744694e-7
PRDM2,2.511251161366641e-6,-0.323492805369498,-1.8115952455589541,4,2.940319224067209e-6
FCGBP,1.9364314491731213e-4,0.48646485668510164,1.8062429780098168,3,1.9942252248682463e-4
DCAF4,2.0685053694037238e-10,-0.18617304831264425,-1.802963721897342,4,3.8373980066167754e-10
PTPN5,1.398693673828978e-10,-0.1828502614743801,-1.8018571972912942,3,2.641576655080742e-10
HPCAL1,9.474166363678176e-13,0.1498418285863592,1.8016170815121033,3,2.3489205363202106e-12
SUPV3L1,4.0926585425109264e-6,-0.3343746961069655,-1.801609019475211,4,4.696309665565159e-6
DNAH1,4.9942467829151365e-8,0.24620429020782514,1.7976680114430625,3,6.978621159738016e-8
EIF6,3.405045044065455e-36,0.050674838351574776,1.797328940671774,3,1.406619311865349e-34
DNAH6,4.827068783247435e-8,-0.24552621722746132,-1.796347517393258,3,6.767587352420997e-8
TUBA1A,2.4433123541130112e-6,-0.3196229428101533,-1.79373067003523,3,2.8642026916920307e-6
TLN2,8.623744656114467e-15,-0.127447680707146,-1.7924629397279594,3,2.737385614327244e-14
ADRA1A,1.2132822173386234e-4,0.45669119848329404,1.7884201640950697,3,1.2672922875549083e-4
SURF2,2.6628180206976975e-19,0.09627788686601951,1.788328870852012,3,1.5374104832099108e-18
GFRA2,3.836876621329934e-10,-0.18987787874223278,-1.787894315023959,3,6.866112953240204e-10
NALCN,8.072199435530968e-7,-0.2934253564551246,-1.7878430785431558,4,9.844391245077891e-7
MGAT3,6.672658748483494e-10,0.19455563561569345,1.7851843568440289,3,1.1642420053124384e-9
IRAK3,1.794004720040153e-14,0.12976564873673074,1.7837815006167466,3,5.4753546762515796e-14
OSTF1,2.542773940958728e-5,-0.38776489820064364,-1.7816603718040214,3,2.773505380748215e-5
PTTG1IP,8.404578880390366e-5,0.43659618373782166,1.7793407798081549,3,8.87351686687723e-5
EFNA3,5.350760242293848e-9,0.2150358537312265,1.7786872365007038,3,8.41489533010609e-9
PARVG,0.0014127560651724608,0.6236811945145639,1.777449505173903,3,0.0014175893052175256
LSM12,1.3977007469129761e-5,-0.36495658332411424,-1.7717130480256738,3,1.5475486186091956e-5
BMI1,3.083929200738303e-17,0.10712631552445143,1.7687514117243088,3,1.3223924482113222e-16
SLC25A11,1.1993607516762647e-21,-0.0839804046543076,-1.7569582588411234,3,9.559035556158925e-21
TFAP2E,4.543625973561352e-6,0.3287383304190282,1.7563165580832383,4,5.197525343391359e-6
KHSRP,9.369810397770395e-21,0.0874240645825555,1.7509526997695795,3,6.317621585439211e-20
ZNF222,9.772335497796937e-5,-0.43651141744024935,-1.7504114961091368,3,1.0265852440916337e-4
NYAP2,2.3913587282661065e-4,-0.482507993639432,-1.7473328657682587,3,2.448971770252965e-4
ZNF471,6.58288939180825e-9,-0.21297506792029916,-1.7424732892611658,3,1.025909382899766e-8
DAB2,2.335577615079592e-15,0.11889828859038165,1.7396728765619887,3,7.891992102567332e-15
HAUS2,1.4776487630957295e-5,-0.36003864006744735,-1.73914101084226,3,1.632370554485791e-5
ZNF18,1.1726623071170678e-5,-0.351736510841637,-1.734351896555778,3,1.3047870056048406e-5
ATP6V0D1,5.963560525245814e-11,-0.16910487485641928,-1.7290118406815977,3,1.1684116914192365e-10
NUDT17,4.435924454322283e-4,0.5154691511793144,1.7283762385642507,3,4.503484397551837e-4
B4GAT1,1.3562974149766895e-10,-0.17511251729290128,-1.727948167257521,3,2.564810005239607e-10
NAV3,5.395508418305533e-6,-0.326689251646141,-1.7209884012773087,3,6.13373108174036e-6
SYNPR,9.610347348991558e-4,-0.5680255088614503,-1.7138811667484275,3,9.682977936994931e-4
CHMP4B,2.0453821327891408e-14,-0.12507703366335263,-1.712207723954796,3,6.171919542665175e-14
TIPIN,4.156934389149413e-6,-0.3178294809186782,-1.71031253012072,3,4.7682004549766244e-6
CHORDC1,2.113596104349188e-21,-0.08244537951350961,-1.7045564076594386,3,1.6313624668568866e-20
ASMTL,4.0173277928504735e-17,-0.10378997783297936,-1.7017469873647484,3,1.702720002374341e-16
ANO6,2.9170818875212478e-8,0.22583340782645228,1.7016663311373887,4,4.17763729301749e-8
DRAP1,5.339675208166244e-23,0.07636034349106416,1.7007346171122482,3,5.003599803690606e-22
ZBED4,8.067381966771141e-7,0.2789897215275523,1.6999589695407542,3,9.842608697395905e-7
RNF150,5.045663740510743e-5,-0.39555069828208356,-1.6997136652914515,3,5.391231967547544e-5
TCEAL6,3.628639673159549e-8,-0.228324374527008,-1.6987918330138456,3,5.1514037567168235e-8
RYK,1.5535835406944936e-17,-0.10066981175921191,-1.692125180584556,3,6.862440549483358e-17
RCC2,1.4328483792504076e-7,0.24712291555722,1.6912597509776104,3,1.9033262211691328e-7
PSMD11,7.874461718080236e-9,-0.208461120254509,-1.6893228744834023,3,1.2142900220362423e-8
LINC01000,1.6667084777081094e-4,0.4468814245003983,1.6883807440450624,3,1.7249315332102627e-4
CPNE5,6.151340168845275e-8,0.23375524670769227,1.6856161564719403,3,8.518357278197919e-8
ST3GAL5,1.749290905503021e-7,-0.24937688110269163,-1.685073990077809,4,2.3079938037968334e-7
ZC3H12C,1.4052674504311728e-12,0.1420799399464106,1.6839656913557624,3,3.4063218447228347e-12
RASSF8,8.783460723933404e-15,0.11969221168587311,1.6824337449139724,3,2.785069221978019e-14
NOL12,3.6721566593730043e-6,0.30924523951602234,1.6807722451279419,3,4.228675100879867e-6
ANKRD13C,1.5390636494488628e-8,-0.21477909107915003,-1.6780139303961155,3,2.2890840181711535e-8
KCNJ10,6.339949409694451e-4,0.5246552485140783,1.677802473317067,3,6.407674575683606e-4
BSCL2,2.1357384347466532e-17,0.1005333182137426,1.6759358493201648,3,9.321608376654663e-17
CLK1,8.0040097041049e-12,0.15082386963866365,1.673646086976767,3,1.745409699787336e-11
LIMD1,6.159938948853212e-7,0.2690936877858455,1.671185787112097,4,7.607200394520618e-7
SLIT3,1.0488815119188165e-7,-0.2393148966272977,-1.670244132842643,3,1.415724562566907e-7
TUBD1,7.00988127844477e-13,0.13734212396112322,1.6692959128254334,4,1.7663214595943737e-12
IAH1,2.397867524129329e-7,-0.25186593562509396,-1.667396523580587,3,3.0995793073033585e-7
ZNF704,1.4788987381856753e-21,0.08003521920450203,1.6671385431261951,3,1.1660241933060715e-20
BACE2,6.865783500337147e-8,0.23253650481706892,1.6657310459885206,3,9.454151646238899e-8
SLC45A1,2.321928054548612e-16,-0.10649241318804732,-1.6649184938115373,3,9.068195717697843e-16
ZNF438,1.0336632580939701e-6,0.277954641411031,1.663731116606249,3,1.2501997261812843e-6
CYB561D1,1.9137149690723668e-4,0.44738201453762605,1.6634212444334202,3,1.9715230081802782e-4
CES2,5.0370179187427425e-12,-0.1466588286806559,-1.6569260017396616,3,1.1209084640115679e-11
POP7,9.059651958113283e-20,-0.08689893356297829,-1.6548067014061438,4,5.478754472813661e-19
PCDHGC5,3.3909181550500486e-4,-0.47639468055878464,-1.652938377910575,3,3.4557202740659456e-4
POLN,4.91807065497523e-12,0.146156079420955,1.6527629426256771,4,1.0969354548321178e-11
MCHR1,6.227788622388266e-9,-0.20139298157291333,-1.6525635689731653,3,9.73154183775428e-9
PHYHIP,8.859757707537589e-13,-0.13689464951438163,-1.6499334622502255,3,2.2040432023925147e-12
IMP3,6.224896337008826e-20,0.08584327499682293,1.648694597671907,3,3.8195859741520686e-19
PSPH,1.8514629355961625e-5,0.3452786627429877,1.6340260845380976,3,2.0361232808787192e-5
BTBD3,1.5318611316526024e-4,-0.428175515481236,-1.6333956512100611,4,1.5892991507382678e-4
RGS11,1.3170350407786272e-10,0.16517827860516554,1.6320279049779256,3,2.4953900352737166e-10
PPP1R15B,5.968442393108239e-11,0.15946445771123596,1.630386780170852,4,1.1685875526693233e-10
HDAC7,2.8107267925448897e-5,0.356710765650432,1.6234553898610597,3,3.057812196785668e-5
TMX1,1.2818058947699798e-15,0.10881407813817354,1.6204785917597393,3,4.507837757026799e-15
HACL1,6.679733539718106e-6,-0.312564902938833,-1.6175986575776822,3,7.550388904854907e-6
TNFAIP8L1,2.2105440434590827e-7,0.24302077708690212,1.617424983044046,3,2.871357696840341e-7
ELK3,7.56453235333229e-5,0.3921359815500077,1.6160778324029839,3,8.015452815145813e-5
STRADA,1.6515839373560305e-6,-0.2788052120161585,-1.6120794350500605,4,1.9691445887257064e-6
ZNF507,3.356739884911168e-8,-0.2153676873426315,-1.609675822349581,3,4.783925210128501e-8
EBP,8.470166608545164e-6,-0.31719232482925536,-1.6088337432111848,3,9.503825043176346e-6
RAB29,1.5678675458171543e-7,0.2361606586178085,1.607000220753776,4,2.0770350098833396e-7
POMT2,8.369697729615223e-6,0.31640417027972695,1.606475801291426,3,9.401885653374742e-6
ZC3H11A,3.6941546507831585e-15,0.11122170144902874,1.605205529758962,3,1.2187801564394829e-14
PACSIN1,4.7668471165672405e-18,-0.0924103248945428,-1.6007102803977766,3,2.25139494249464e-17
TMEM79,2.7517178450288144e-4,0.4471831168892123,1.5921490252396624,3,2.811141915524038e-4
HAP1,2.310192442513136e-6,0.28207738559550355,1.589887391666585,4,2.714661231526854e-6
CYP20A1,8.10344395087699e-18,0.09276835395819594,1.5855345851412457,4,3.6905902341494113e-17
GOLGA3,5.000031657820341e-7,0.25122959022429225,1.5830044929819065,3,6.227215648572e-7
CKAP5,4.998713696570903e-6,-0.29807372797344434,-1.5801310800435902,3,5.693680493997072e-6
MGA,2.021235102391503e-18,0.0889487715717688,1.5738936465192683,4,1.0168580712374405e-17
EMX1,5.048984616096982e-6,0.2971143040326323,1.5737538430499298,3,5.748708027566944e-6
MYCBP2,4.52248427805531e-5,-0.361981181416737,-1.5726717425482462,3,4.8498889899584004e-5
STAMBPL1,2.655172399210433e-8,-0.20720177831184078,-1.5697414597287551,4,3.813722158121547e-8
QSER1,1.6748118630148478e-16,-0.09948532217014464,-1.5694838222296326,3,6.584749590110656e-16
TACC3,2.6860614172694725e-4,0.43916023298141,1.5681902763248752,3,2.7459805287038556e-4
ATM,5.461971197096296e-34,0.04698484030250831,1.562840326215006,3,1.799995676526229e-32
MAPRE3,1.2085739264638756e-12,-0.13101096328114278,-1.5613528654867626,3,2.9613595040255196e-12
SDHAP1,9.317861170479833e-5,0.38721989041007066,1.5607609255747876,3,9.798955472577035e-5
TOX4,8.343451691804066e-8,-0.21889718694313892,-1.5494975014108652,3,1.1376728875900198e-7
SAR1A,1.5800423594961323e-6,-0.2669732233252261,-1.5488001086893128,3,1.8884532356977003e-6
SND1,5.048186967241875e-17,-0.09501048271416462,-1.548372969400775,4,2.1091641559715695e-16
DDX51,3.3986600688590104e-8,0.20730350697838876,1.5482861003240178,3,4.84131616413962e-8
AQP6,0.0014612914698928117,0.5459537713093573,1.5479226098561965,3,0.0014657892890545883
TGFB2,1.003518350504367e-4,0.386937573620653,1.547160091451877,3,1.0526893140305108e-4
PYGO1,1.1631795725067123e-18,0.08620556207991906,1.5460410010249146,3,6.092153011003905e-18
TFB1M,1.930394073430816e-8,-0.19994453114750999,-1.54244289852249,4,2.838017953570217e-8
BMPR1A,1.879336543364894e-11,0.14359345397527484,1.5401827327507556,4,3.92040830845607e-11
MRPL28,2.4958167828254956e-15,-0.10526065151231132,-1.5370989050146964,3,8.394759889939424e-15
ZNF652,4.5244484048273735e-9,0.1835856872168187,1.5319187164088373,3,7.176964397706158e-9
OTUD4,3.645538660538856e-22,0.07115469542136305,1.5254313160206945,4,3.1264224828539372e-21
NLE1,5.175534682616018e-6,-0.2879932205715974,-1.5223450593411718,3,5.885941537073588e-6
MAPRE2,1.570254268294141e-4,-0.40011946979624236,-1.5220664736570828,3,1.6279801233321723e-4
NFIA,2.12894408505662e-4,0.41405850956584533,1.5203548358603187,3,2.1871078814259426e-4
MRPL37,2.1955804751038343e-17,-0.09104838198012805,-1.5167249770655304,3,9.568555027458463e-17
MAP4K4,3.9313265797225314e-7,0.23611092670396766,1.5123993037171306,3,4.94026600613804e-7
STAG1,1.376777876566355e-18,0.08452668786897935,1.5097426779104173,3,7.109312521072393e-18
BRF2,1.188828284390336e-5,-0.3056658007627853,-1.505367655035564,3,1.32177155349388e-5
ATP2B2,1.2482749872094185e-6,-0.25493762420060634,-1.5050726342280925,3,1.5004879251988624e-6
INVS,2.637384759115093e-5,0.3286060865194063,1.504630259591303,3,2.8734953560492448e-5
MAGED2,1.415973451322867e-9,-0.16982029136006427,-1.5027303993365968,3,2.3950692806977907e-9
EPB41,6.467230252064247e-5,0.358491653761642,1.5018225163321999,3,6.875094718849016e-5
GID4,9.227311277308753e-7,0.24860664745620933,1.5003224292639925,3,1.1197229613713933e-6
EDF1,6.145572365290683e-64,0.02367501999921734,1.4965320508522357,4,1.8024963747397574e-61
MAN1B1,2.0661613796848125e-10,-0.15437146441883373,-1.4950622789995092,4,3.835475523174402e-10
FARSA,4.485314246154137e-45,-0.033704493174788144,-1.4947338443382534,3,3.758693338277167e-43
BRINP2,7.669897708491373e-12,-0.13422225059448134,-1.4919085594894008,3,1.6762898643073917e-11
SRSF4,4.100239577363522e-25,-0.06112752785608344,-1.4907286829214637,3,4.888618975775288e-24
RNF169,7.040847878229506e-21,0.07370007162892295,1.485231483850632,3,4.8935561201059577e-20
PAWR,8.307196230996069e-16,0.0981849557838293,1.480682696117263,3,3.0085195533919886e-15
UST,7.763138534773372e-5,-0.360156203042796,-1.480228547603969,3,8.216992177008408e-5
BAALC,3.5853067049612278e-6,0.2717920128523249,1.4800362542419605,3,4.1335316688880814e-6
SLC24A4,7.65739504601047e-5,0.35957486343178097,1.4799809932706567,3,8.11092079088072e-5
TXNL4A,3.036053149842291e-6,-0.2676914719922523,-1.4770387267027438,3,3.5252351102483922e-6
CPNE2,4.5534972688966955e-12,0.13019581115554638,1.476635962099689,3,1.0194967549369473e-11
CACNB1,1.0867302443360841e-14,-0.10553730775694874,-1.4737101159394994,3,3.38363036798061e-14
FCHSD2,4.517931349527767e-10,0.1576965823929181,1.4736840830016973,3,8.030965241312085e-10
ZCCHC2,6.8490709373655635e-6,0.2853187545668617,1.4734911416611374,3,7.735204104464073e-6
SFMBT2,3.3805598111492128e-6,0.26915031334639666,1.4725244261259038,3,3.903614931535686e-6
RALBP1,2.892672479018637e-6,0.26583274625197034,1.4723680273936284,3,3.364416956329966e-6
ZNF589,4.241028862705353e-5,-0.33631225829603867,-1.4705350257420504,3,4.561399946576751e-5
ZBTB1,3.559855952141269e-15,0.10169088913052311,1.4692876833834043,4,1.1771203503529136e-14
FAM76A,2.274913041138001e-4,-0.4024908242445564,-1.4662882402612873,3,2.3329790033768381e-4
MTCH1,1.161381994225378e-28,0.05248022850729076,1.4660364907093897,3,2.089775085314745e-27
FLT1,2.3461217792465314e-5,0.31632794675327036,1.4644875043508994,3,2.5637761469933222e-5
AK8,1.3077708583236702e-7,-0.21272029919247268,-1.4642534457143181,3,1.7442891893875965e-7
DSE,4.8250926863433825e-11,0.14185358717957489,1.4634317292148542,3,9.563779950935694e-11
ZMAT5,2.0056853113527593e-28,-0.052828870876410486,-1.4632401824268157,3,3.522559891136314e-27
UBXN2A,9.081706204797672e-15,0.10419026558805276,1.4630222629077396,4,2.864155300932427e-14
ASIC3,2.636832372995484e-6,0.26167781988593886,1.4598789629711377,3,3.083664015149822e-6
EDC3,3.151273110509557e-7,0.22452179692189092,1.459731596184799,3,4.0081023560817564e-7
HECW1,3.8867945061177566e-7,-0.22757751476048,-1.4588648167790235,3,4.890591285475495e-7
HSPA14,5.264585655923506e-5,-0.34013744266261337,-1.45532424040857,3,5.6190064515369876e-5
CEP250,1.813274691816319e-6,0.252653702207682,1.4506204278022412,3,2.148822089332228e-6
MLLT3,2.452888956929435e-9,-0.1682400304518222,-1.4486008543227484,3,4.032692438718629e-9
CIPC,2.5911278977950885e-5,0.315637231371503,1.4476736809635318,3,2.8251963287111503e-5
FAM86DP,9.706920557248406e-5,-0.3587445995096687,-1.4396128490034639,3,1.0200787529347751e-4
PSME3,1.1533296736783609e-7,-0.20747002234511866,-1.439436669439162,3,1.5460310479427024e-7
HAAO,3.286316825202328e-4,0.4116798986904163,1.4340007088386262,3,3.351448973685128e-4
ANKRD40,7.707288318739585e-7,0.23446855483108103,1.4333293460678225,3,9.422874797358567e-7
DNAL4,6.0223910576289255e-25,-0.05913395571273158,-1.4322380701121675,3,7.09384456707857e-24
WSCD2,1.520434320019702e-7,-0.20999961747028675,-1.4317841824267659,3,2.016930737502391e-7
MINPP1,3.498479212605279e-5,-0.32095839137680193,-1.4302293323754682,3,3.780780961890671e-5
ALDOA,2.140776683905987e-26,-0.05571174052290806,-1.4300885474270044,3,2.9899514351886955e-25
ATOX1,1.8471857479720664e-18,-0.08062142923049886,-1.4296992631625085,3,9.308927489350636e-18
ARHGAP27,3.609540060006485e-4,0.4124089161298473,1.4197375446115164,3,3.672140477280271e-4
ZNF844,1.8260308693360288e-4,0.376836779927864,1.408801243701157,3,1.88383698197769e-4
ME3,1.8286236923125287e-8,-0.18178356554295874,-1.4066186267765328,3,2.6978638277427798e-8
RNF181,4.1567764134210476e-21,-0.06886117427532512,-1.403476349231981,3,3.032792343423864e-20
GOLPH3,5.925659942186465e-11,0.1370691905821937,1.4018426989947663,3,1.1617620728898998e-10
FRAT2,7.055332867571116e-5,0.336933602545138,1.3987739517976328,3,7.49485378507283e-5
SWT1,2.4577919310939735e-23,-0.061852248082917415,-1.3984456126217983,3,2.402901244632875e-22
PURA,6.0148702175180004e-27,-0.053332226668298954,-1.3984122484648311,3,8.955134186792029e-26
BECN1,2.108474718177032e-9,-0.16114454450489135,-1.3980951606237102,3,3.4919008178504995e-9
VSTM4,2.9470914641532987e-5,0.308202929158521,1.3963461588566906,3,3.199044879482467e-5
NUDT2,2.2812780330610827e-9,-0.16140072398577002,-1.394796292077127,3,3.7653283460709936e-9
GPI,5.996395166195873e-11,-0.13615177920235252,-1.3917584302908392,3,1.1732773197099732e-10
BZW1,1.4463051911561863e-4,-0.36224800514950933,-1.390938175216953,3,1.5037267372070522e-4
PRDX2,1.2922593781161205e-29,-0.04812943263774835,-1.3903943489659571,3,2.613928797251435e-28
FDXACB1,1.676146419157931e-4,-0.3667466127117144,-1.3847208016780301,3,1.734087283030057e-4
GPSM2,3.8519308657905206e-14,0.10291752375307892,1.3805687532715767,3,1.1343085571650198e-13
RALGAPA2,2.4307880908567847e-10,0.14358688089070645,1.3804805860133909,3,4.4615153131933353e-10
WEE1,3.6126974431963e-9,0.16333657019805173,1.3789148328424146,3,5.796521663509162e-9
OPRL1,6.824894896490274e-27,0.05253070864054325,1.3745134810413115,3,1.0008708365702986e-25
ARF1,2.7470700884480955e-19,0.074021640975727,1.3739253202017097,3,1.5798346214545616e-18
PPM1D,8.219899112494423e-11,0.1359783217087789,1.371359529275546,3,1.5871602433802594e-10
SULT1A1,7.291117982896731e-11,-0.1351751593736004,-1.370298419630694,3,1.4180934379201666e-10
RAB31,1.2315905983160702e-9,0.15355218559518208,1.368078362297555,4,2.100148386547113e-9
PBX3,6.747136795616234e-7,0.22156793382180545,1.3672692388343535,4,8.314853874597654e-7
INPP5A,3.9267970787575795e-6,0.252068725484042,1.3626738355950823,3,4.516586600782737e-6
HECW2,1.7162000170256557e-4,-0.36156476847794633,-1.361447584752999,3,1.7730238287905065e-4
COL18A1,0.0012776729554352345,0.47027552076487,1.3607799814423507,3,0.0012829218686379812
ARFIP2,4.390159303034944e-5,-0.3121319374927067,-1.3601210730200888,3,4.713154185871703e-5
NFS1,2.5534409324852425e-15,-0.09319145423410224,-1.359931166663791,3,8.57874256011365e-15
POLR2C,1.3681277685295565e-5,-0.279278816550077,-1.358376790873933,3,1.5165225794018099e-5
CYB5D2,9.388636988815824e-9,-0.16910626726315603,-1.3574832190453279,4,1.4327196820081588e-8
SLITRK1,1.0538829397850213e-4,-0.340483501699898,-1.3541735794107808,3,1.1023675686125063e-4
CBLB,2.9470072942298993e-22,0.06276013769761311,1.3512645999258175,3,2.5347719630429016e-21
SH3BP5,1.3143494763671838e-4,-0.34741564076840004,-1.348420554812083,3,1.3694447652522025e-4
VAPB,2.6381906083060324e-4,-0.37663625298750836,-1.3478658347352896,3,2.698923283628041e-4
LHFPL2,4.217077647787104e-6,0.25061264883230006,1.3470400809626817,3,4.83529661491774e-6
TRAP1,3.6061424002230066e-19,-0.07292543912103228,-1.3449607472315044,3,2.0497704767159066e-18
CLIP3,3.499892596170929e-25,-0.05478101497733763,-1.3397215048310949,3,4.2594128566677736e-24
FNDC5,7.608394456633681e-9,-0.16500855089407251,-1.3396560738245953,3,1.1751143202373138e-8
RPL15,4.0851759026546225e-5,-0.30522812306317165,-1.3395819018000845,3,4.398612673453013e-5
PRRT2,5.420464795834145e-9,-0.16169312109620207,-1.3365494326283494,3,8.515384706042606e-9
RORB,1.3843171578837423e-7,-0.193642546352291,-1.3281486029014054,4,1.841361552867581e-7
BCL2L11,9.644190619575818e-9,0.16546684492365665,1.326338250183944,3,1.4686610117972937e-8
TRNP1,6.083808493176513e-7,-0.21257423840008802,-1.321324151713323,3,7.522685628367079e-7
GNG3,1.5686353305567665e-10,-0.13454721135642483,-1.3191651747213067,3,2.949235528540382e-10
SAP30L,1.1838218090742644e-8,0.1662933112021297,1.3181594620475043,4,1.7796767637185123e-8
RRM1,3.3413853805009644e-5,-0.294354698302371,-1.3175532446210947,3,3.616340708859531e-5
HLCS,7.126849334100705e-5,-0.3176972169026031,-1.317522897791797,3,7.565345311949826e-5
PM20D2,1.0437391794002523e-14,0.09406316167060536,1.3151354423923551,3,3.2636322102142215e-14
PSMB4,1.1811676239709321e-8,-0.16497714917210798,-1.307887442585578,3,1.776597251849612e-8
CELF2,7.84398640163039e-5,-0.31757167433281136,-1.3037788121411955,3,8.296578476733478e-5
PHYH,3.1600817757930656e-6,0.237016146877642,1.3036603105439262,3,3.6591077174895624e-6
VWA7,2.4161612770346384e-10,0.13533431621444006,1.301493077769351,4,4.43762767078555e-10
TRA2A,2.591075811321279e-29,-0.04545833328162202,-1.2994955480652957,3,4.96707539516687e-28
TMEM248,1.0083963430443211e-10,-0.12992824227046995,-1.298810619211191,4,1.935619420254577e-10
YES1,6.319868149271636e-7,0.20950320225329974,1.2987715219871143,3,7.798137686922048e-7
SDHAF1,8.180490134113387e-19,-0.07159963480217779,-1.2950383949015607,3,4.362432284246285e-18
PIN1,5.623247335660898e-10,-0.13956325609999107,-1.2909619072674903,3,9.893811898916266e-10
TBC1D2B,2.416260276251116e-10,0.13420552140245134,1.2906352121048312,3,4.43762767078555e-10
TSG101,2.6589697921351603e-5,-0.28184096876467,-1.289503206746861,3,2.8959370220320924e-5
HNRNPD,5.3084008069977746e-5,-0.3011324638804431,-1.287352212232763,3,5.661650751608899e-5
SIRT1,1.621411341087353e-18,0.07230485924407863,1.286311167648497,3,8.256249068418761e-18
CFL1,3.2880521860256e-41,0.03172266670557642,1.2842306607845781,3,2.0091368878360594e-39
NRBF2,1.194168780604574e-4,-0.32689576066706166,-1.2823905877480726,3,1.2477723667663753e-4
SEMA3A,2.6005499177722076e-7,-0.19462840724669966,-1.2816153730159523,3,3.3380362839500594e-7
CCNDBP1,4.678640550291767e-6,-0.24026005096477496,-1.2805573171800486,3,5.345715907287009e-6
FBXO32,6.359577816057028e-16,0.08405588436825,1.277361274807989,3,2.352161631083892e-15
CARS2,3.1211965562487203e-6,0.23182224664928414,1.2763388475072055,3,3.615509280994272e-6
CAND2,1.1815300947547445e-30,0.0426316542543654,1.2758611864753646,3,2.7073654436841135e-29
BRD1,1.098798260141346e-4,0.32196859566971303,1.2747000835687403,3,1.1489394998198103e-4
VARS2,1.2341034483263733e-7,-0.1842970001090703,-1.2732431812277865,4,1.6482811538894593e-7
HAUS3,1.2117465605878028e-25,-0.05101314597981022,-1.271073551384855,3,1.5866306527696543e-24
CTC1,5.010496439771252e-7,0.20165224785063376,1.2704332069010071,4,6.237600194333227e-7
KHDRBS2,6.269591998185582e-9,-0.15470713821872922,-1.2690256365654653,3,9.786436046130022e-9
ALKBH6,2.845684742593825e-8,-0.1680952351808603,-1.2684152469440175,3,4.081442619297157e-8
IFI6,1.921838038634745e-14,0.09231898014291146,1.266273277755134,3,5.823089842268293e-14
VCP,9.880108909998116e-14,-0.09721212432597837,-1.2642668394064829,3,2.754596904279893e-13
C2CD2,1.8133520907820445e-4,0.33778799181177466,1.2638398051436004,3,1.8714150887627504e-4
ANKZF1,2.0549862517437568e-4,0.3424740542111513,1.262767277576471,3,2.1133501670282044e-4
OXA1L,2.185091094999274e-5,-0.270850694429439,-1.2623079095685978,3,2.393156154455889e-5
EIF4H,3.1508487298705628e-12,-0.10971919228226684,-1.2619432388072336,3,7.24250730776674e-12
GRB10,7.761114881974982e-6,0.24688475599995865,1.2615998387452234,3,8.748405053356118e-6
TRAPPC2L,1.0116202551685873e-10,-0.12611168890804358,-1.2604841216103895,3,1.940537742583039e-10
MTFMT,3.698870320461626e-5,-0.28408522081234433,-1.2590460667740326,3,3.99292846886785e-5
MCL1,2.432649931359056e-7,0.19034334063635472,1.2589157004774156,3,3.136247142275214e-7
RAI14,2.6289326115778034e-7,0.19120582667481986,1.2581765092360109,3,3.3729918415388004e-7
LPP,1.375117755876732e-10,0.12727384059762017,1.2551313568896743,3,2.5987244703520974e-10
TUBB4A,1.374884449100302e-5,-0.257899069954418,-1.2538366254325153,4,1.5228610608803571e-5
NFYA,1.79285376177754e-21,0.060312825660523615,1.2512773315235954,3,1.391121715157017e-20
SUMF2,1.7508844517170294e-8,-0.160919669312287,-1.2482124402779429,3,2.5844711106623288e-8
ZNF436,1.6330261765578754e-5,-0.26068465634093396,-1.2478992365567871,3,1.798597737831111e-5
DNAJC8,6.545580585195692e-6,-0.24070856644599706,-1.2478456834186584,3,7.409566907131982e-6
MAGI1,4.722406352666162e-5,-0.28845862049661264,-1.2478248712735767,3,5.058735512187675e-5
HIBCH,8.396853759933558e-21,-0.06212022149663647,-1.247118324197485,3,5.754199083618019e-20
CTTNBP2NL,6.364249521805544e-5,0.297085275146342,1.2466449180870376,3,6.770527329508764e-5
PHACTR3,1.0100821413771989e-4,0.3116618438656513,1.245289560585724,3,1.0588173411934684e-4
SSBP3,2.1807871572432723e-7,0.1858197861715315,1.2378174557457378,3,2.8339604484689933e-7
QSOX1,1.959315665693691e-13,-0.09731347592567471,-1.2366494914765938,3,5.262520922600362e-13
IFITM1,1.0428885905231247e-4,0.30994195876843084,1.2341151396067278,3,1.0916460513934064e-4
ZMYM5,8.826272933880701e-21,-0.06149005211072339,-1.23313519560654,3,5.992467248859283e-20
PPP1R11,0.001583204821768014,-0.43985819983856994,-1.2318065682035937,3,0.001586450202338772
APPL2,8.518840038596452e-5,0.3022863533135913,1.2301904490885989,3,8.990916816553938e-5
MAGEF1,1.1135052692223584e-12,-0.10280821331010263,-1.2288982101987387,3,2.7352688062220914e-12
CEP135,1.4605197560094318e-12,0.1038164925856007,1.2287193260257923,3,3.528586856981601e-12
DIP2A,4.3632410237690164e-5,0.2811330632744037,1.2257937949653916,3,4.689404881903454e-5
RNASEH1,1.2405718859622926e-5,-0.24974306142734926,-1.2253338785006322,3,1.3777346995560032e-5
TIMM23,9.47602775186845e-10,-0.13575596321609268,-1.2249767848516453,3,1.628189185485071e-9
SDE2,1.9039146718667698e-7,-0.1822650525788857,-1.2248854052934455,3,2.4896039824276577e-7
RUFY1,5.9989866094858705e-6,0.23443349638634467,1.2241934575096831,3,6.801324980913049e-6
PIGZ,7.320830792475767e-23,-0.05528856732844045,-1.2238367443802902,3,6.668321960972492e-22
SNAP23,1.5454490981842245e-11,0.11319147979221945,1.2237068958419735,3,3.263356519059993e-11
VAMP2,2.400710856726791e-7,-0.18403604903359122,-1.2182560987586601,4,3.101887639991048e-7
MAP3K6,4.77044835592296e-4,0.36653720535314366,1.217431629087073,3,4.8347356696344304e-4
DDR2,5.789544838134222e-6,0.23239082488497437,1.2171133830457401,4,6.566409516723772e-6
SOX6,2.2586186815835678e-4,0.33318819474906397,1.214856496597962,3,2.317078906290523e-4
ECHS1,1.0772879810271293e-21,-0.057734263241832555,-1.2105528745843253,3,8.63302089713817e-21
C1ORF74,0.0011254262253669843,-0.409964172101567,-1.2088543721226677,3,0.0011323756840484957
MRPS25,1.8087492350448546e-5,-0.25488070741957103,-1.20880275851045,3,1.9898955387796543e-5
KMT5A,1.0011406819490362e-4,0.301914081557179,1.2075068456841214,3,1.0505708837769314e-4
SORT1,1.8552207206528067e-5,-0.25509462762451135,-1.2070068659996724,3,2.0394911445557277e-5
SDAD1,1.948565764034902e-5,-0.2561110649207483,-1.2063560900655044,3,2.1365022003418194e-5
LRRN1,8.185664075057423e-4,0.3906971548620384,1.2060610514460444,3,8.256036015179993e-4
REV1,1.9252543697358676e-8,-0.15611068654441765,-1.2044738569750864,3,2.8318811767478934e-8
MAT2A,4.461669362904913e-13,0.09744064079409198,1.203440889104983,3,1.1468953761086862e-12
L3HYPDH,1.7351157968556913e-4,-0.319944188812609,-1.203205004067937,3,1.7919347296400503e-4
LAYN,1.4702042149523312e-4,-0.312651175159573,-1.198273877449157,3,1.5280329420464873e-4
RFNG,4.3129207588690764e-5,0.27437916439724097,1.1977277540106053,3,4.637022208857405e-5
DCTN3,2.774302741550625e-20,-0.06108736141890353,-1.1946761289150785,3,1.7727734076182968e-19
HNRNPH3,3.0901336408547653e-30,0.040456770077196426,1.1938802048831427,3,6.76370296166196e-29
COMMD1,1.0513755984934774e-4,-0.299303037561153,-1.190699946717443,3,1.1001372209708772e-4
EFCAB2,2.4906746078690666e-9,0.13805099003252444,1.1877469570150423,3,4.087939913195284e-9
PPP4R2,1.798386618142468e-20,0.06010854301219735,1.1868502107305703,4,1.1669619360645705e-19
WDR6,1.2774100819230847e-4,0.3043229393149647,1.1849329958071564,3,1.3319032244153597e-4
DNMBP,4.737882678725818e-5,0.273751271544543,1.1838142959181024,3,5.073461079482593e-5
RASGRP3,2.6535812988824884e-9,0.13785492518665715,1.1822669431851978,3,4.328672941947908e-9
STIM2,1.9785981613541125e-4,-0.31807205054384236,-1.178025132278224,3,2.0362204937724953e-4
INPP4A,2.287776616955416e-11,-0.11027162059277949,-1.173354704531064,3,4.722061096080391e-11
CCDC96,1.7097473610377612e-8,-0.15086309571964246,-1.171763931882904,3,2.5262916926568026e-8
NOS1,2.3364707272835518e-4,-0.32241497181893103,-1.1708305142576165,3,2.394433488163053e-4
UBXN8,7.146881527778689e-5,-0.2814762461754253,-1.166967701309227,3,7.583865239137083e-5
PNPT1,3.871978691016486e-38,-0.031133178826854697,-1.1647565734836192,3,1.802621190595453e-36
ZNF227,2.533813646499204e-5,-0.25303603421664567,-1.16301062966219,3,2.764760202820746e-5
ATP6V0C,1.595052471905732e-12,-0.09823094978336991,-1.1588526190661501,3,3.831522440703941e-12
TRIM56,3.469286377400846e-7,0.17922656065503567,1.1577605404286546,3,4.3935306325201556e-7
ZNF552,1.3097664534730199e-8,0.14460204440612615,1.1398698830928824,3,1.9619739571176544e-8
PTK2B,2.308753819102286e-6,-0.20159329423019967,-1.1363052725346272,3,2.7140580967643304e-6
CBFB,5.218722379031504e-9,0.13719340362103732,1.1362955584626369,3,8.22046870982782e-9
CAMK2G,2.899003049188069e-12,0.09846491261524633,1.1360636762733236,4,6.684572282443873e-12
ITM2B,1.2362316075432327e-4,-0.290103898288975,-1.1336970695858883,3,1.2903442366278653e-4
CCDC71,1.5989982270600887e-11,-0.10500410503352893,-1.1336402804340984,3,3.3667349604933525e-11
DCT,8.610414236835841e-6,-0.2237027781626123,-1.1330491923821124,4,9.652555960693154e-6
BPHL,2.1815783551933684e-10,-0.11724171060638935,-1.1326990360870082,3,4.039500830670549e-10
UTRN,4.777488589718135e-4,0.33978002796278967,1.1283416328991263,3,4.840198284505454e-4
PSMD8,7.208155771713201e-10,-0.12341713060856847,-1.128301109274005,3,1.2532021860364446e-9
LCOR,9.118569678703424e-17,-0.0702177392174588,-1.1262976825285722,3,3.699137602716064e-16
EFTUD2,1.8926296044341403e-5,-0.23738488099313068,-1.1211532135923632,3,2.0790571647210988e-5
TTC23,3.497094191644292e-4,0.324318431217855,1.1209394166072144,3,3.5626874831860746e-4
CCNI,9.98225650795692e-5,0.2798876900137304,1.1197666303003988,3,1.0478868410106532e-4
PDZD11,6.793177679792045e-12,-0.10017509582180831,-1.1187481599623283,3,1.4958250851974528e-11
PSEN2,6.913686774664975e-12,-0.10019694835680322,-1.1182270308467421,3,1.5189395737896906e-11
DTX3L,2.673413295592769e-7,0.1698843446328542,1.116638567307924,3,3.427063459778668e-7
PPP2R1A,1.633697500010336e-23,-0.048987265427434735,-1.116264408902146,3,1.6242829720441748e-22
LMBR1,2.1986000131131637e-12,-0.09572507256499475,-1.1159488984468304,3,5.1712059650849316e-12
JUNB,2.0411213568814215e-4,0.30215352625124237,1.1149861462848027,3,2.0998277585875864e-4
RAB37,2.5255743715123318e-5,-0.24182673147502554,-1.1118322145555193,4,2.7578219030698695e-5
TBC1D1,6.91607497061051e-5,0.2671577198216033,1.1114135987158102,3,7.349582568406023e-5
PRPS1,2.2851017318217896e-8,-0.14511876842039104,-1.1088662174982842,3,3.322857401801343e-8
PTPN12,1.151946502620016e-7,0.15898315852293626,1.1031154068941686,4,1.5448829868241916e-7
TRAPPC4,8.605794202756955e-9,-0.135750280086423,-1.0948543866460736,3,1.3180571486520182e-8
CMPK2,2.2710584548610403e-9,-0.12657478978487832,-1.0940835842702532,3,3.750571198258689e-9
GATAD2A,9.795007390744952e-12,0.09933177936177066,1.0935430853773929,3,2.118639872939155e-11
WDR54,6.422301680396329e-7,-0.17653767501771955,-1.0931758864234518,3,7.917869200757643e-7
PTRH1,6.9882277652769045e-19,-0.060091627228813026,-1.0910015272519036,3,3.747069841966574e-18
RANBP17,1.280276245474616e-10,-0.11001143544351843,-1.0883097217371538,3,2.4288811306449214e-10
EBF1,2.846141380481032e-9,0.12726947433808639,1.087612286939621,3,4.619663900913596e-9
SLC39A11,0.0016705822502704624,0.389559558123265,1.0818583682295249,3,0.00167343502050658
NSRP1,1.9252278104893418e-11,0.1008463847770121,1.0806212385494953,4,4.010435488753721e-11
ZIC4,1.4490896035966205e-6,0.18504095958243932,1.080436539581834,3,1.736184561825526e-6
MIEF2,1.2402072022907466e-9,0.12090985731963427,1.0768843395567307,3,2.113612855501894e-9
ZNF304,0.0019466855492859016,-0.3970275145494033,-1.076224149212266,3,0.0019486787426810748
OTUB1,9.15815082306567e-8,-0.15273436711006663,-1.0749738325601437,3,1.2441341530362024e-7
SLC25A45,4.286474561443271e-8,-0.145873500683629,-1.0747813291161565,3,6.044341292650536e-8
UMPS,9.472033381283652e-6,-0.21358806684020518,-1.0729717813193849,3,1.058745194638146e-5
CIAO1,1.9026052818555386e-6,-0.18729235935262278,-1.0714342793730869,3,2.252862854938351e-6
COMMD4,2.3398822226651067e-8,-0.1403812108534271,-1.0712217863672082,3,3.3924243989504486e-8
PAXIP1,1.1088190060394109e-9,0.11951106186873395,1.0702382115284867,3,1.895201716033562e-9
CATSPER2,9.825619622149534e-9,-0.13363731344476226,-1.0701195036698694,3,1.4947376738467105e-8
ZBTB44,9.078245375497161e-32,-0.03444151966107597,-1.0691335872915575,3,2.356326874896741e-30
ZNF701,8.119592617342284e-32,0.03433760410395354,1.0675721046737274,3,2.14547433753738e-30
MRPL20,1.9331277183846692e-23,-0.046633472901458785,-1.0592205532229706,3,1.909044982499069e-22
PITRM1,8.149486959338828e-5,-0.258838329012191,-1.0583562086843792,3,8.616598865083194e-5
NQO2,4.380096253216012e-7,-0.1661033456507667,-1.056170838397555,3,5.480726241758773e-7
BTBD7,3.647210340563386e-17,0.06403396213537758,1.0525927790398804,3,1.5548354547779667e-16
ARPC2,1.443792547265553e-4,-0.27358374894147264,-1.0506970757863583,3,1.5016466457907327e-4
BABAM1,5.8783334335772884e-21,-0.051851544562761344,-1.0489954165211985,3,4.164529459101978e-20
HIVEP3,0.0024255166424584306,0.4006077447889043,1.0476676680461392,3,0.0024263438991577683
NEK7,2.9506286613452605e-5,0.23119931561290868,1.0473526541639395,3,3.201699542628801e-5
MPHOSPH8,7.108079412737859e-5,0.25219290595995597,1.0461586493738615,3,7.548152395930536e-5
THAP2,8.201248474452343e-13,0.08645667277683007,1.0449257245768897,3,2.050661702947035e-12
MSANTD2,1.155182108025829e-28,0.03722997357086204,1.040106785247507,3,2.089775085314745e-27
SOWAHC,3.1084837012983746e-6,0.18872830960190834,1.0394119939604354,3,3.6036295240743607e-6
KATNB1,4.051975810783418e-51,0.02056837884972947,1.0364885994728783,3,4.570940405010679e-49
MTMR3,5.5588337922502514e-6,0.19723544730084608,1.0364754926860407,3,6.309620554438849e-6
APRT,1.2245746372625486e-20,0.05178395384564061,1.0311228522534632,3,8.144393222428697e-20
BLVRA,3.893045212592173e-12,-0.0903686787423592,-1.031080467461654,3,8.7968425335384e-12
CRY1,3.4263297936203625e-9,0.12165644722482692,1.029842609220303,3,5.509553335903795e-9
ZFX,2.0143726526087023e-7,0.15343192071710168,1.0273586887670474,3,2.630523147863457e-7
CHN2,8.393303586171436e-6,-0.20181725296124542,-1.024437911541417,3,9.424793039142733e-6
BEND7,3.1704601508728107e-6,0.186261845221306,1.0242311072414676,3,3.669676251977093e-6
C2ORF74,1.4824971340569202e-6,-0.17564253563050833,-1.0238214182024448,3,1.7747608547709986e-6
LRRC1,1.1218055298150433e-7,0.14701995407653673,1.021800798733334,3,1.5065272980528946e-7
DXO,3.5475451857588307e-4,-0.29574926233612375,-1.0203562679769702,3,3.611575852075894e-4
ERC1,9.887797912265325e-10,0.11265127600428827,1.0144135224148045,4,1.6959597237821169e-9
KDM1B,1.59533172557404e-4,0.26688081958409,1.013386236701076,3,1.6533950357274416e-4
ZNF846,2.0231394352496295e-22,0.046569000904894874,1.0102667034296324,3,1.7713038697275113e-21
GRM2,7.730586956300483e-4,0.32412820486384664,1.0086181061384745,3,7.802412781427845e-4
UBXN10,4.4321179541951067e-8,-0.13651351293554798,-1.0038369220561518,3,6.240711454466753e-8
GPR176,7.151515570289376e-7,0.16208714712221436,0.9961230811800728,3,8.776315969731691e-7
MXD1,5.294301722943278e-7,-0.15864384569937098,-0.9956791260537561,3,6.565829578601536e-7
MRPS18A,4.596255689902475e-23,0.04441271636078485,0.9920733073129047,3,4.348650947898051e-22
SOAT1,6.155363727609418e-25,-0.040952455279377374,-0.9914895042714198,3,7.221472725231369e-24
SMAD4,6.339029507976155e-13,0.08123753921610533,0.9909336533028036,3,1.6083368120150575e-12
TM9SF4,1.7123064238878085e-15,0.06645677172624974,0.9813285044004283,3,5.9084644014858146e-15
LRRTM1,1.1115936068116257e-16,-0.06135928883414858,-0.9789294049873895,3,4.472296363207816e-16
MYCT1,5.955522970674912e-5,0.23161629254362057,0.97859738751837555,3,6.340308120867339e-5
MTMR11,2.852923877525487e-6,0.17625900284699367,0.9773050232704186,3,3.321804578317687e-6
NCOA6,3.462257042109038e-5,0.21848333436218104,0.9745756519373735,3,3.7430150772229295e-5
FMO2,2.966327626920029e-5,0.21478851180342032,0.9725153177203968,3,3.217543982898094e-5
ARHGAP35,2.367209819074699e-4,0.26805801049559036,0.9719148823608735,3,2.425087809761122e-4
TXN2,2.559219782004848e-34,0.02882958531100252,0.9684403281634846,3,9.043604362193035e-33
MKLN1,1.0368850476490404e-29,-0.03336420936917499,-0.967037232280477,3,2.126701989338906e-28
COX5B,1.209771559983395e-21,-0.046185909588438434,-0.9660843709580336,3,9.615880719326009e-21
ZFP2,2.579614245744878e-4,-0.26733344753196037,-0.9593114355154229,3,2.6408406920662225e-4
SNU13,3.063434178130197e-7,-0.146735430072443,-0.9558039893210878,3,3.9014556858253876e-7
LIX1L,1.606520331390765e-6,0.1641279768552379,0.9509761713701179,3,1.9169748299304776e-6
SEPHS1,3.7503187190082146e-4,0.277241099871935,0.94980910652817,3,3.814037726370005e-4
PBLD,2.9127680589152995e-5,-0.20917863613525534,-0.9487703050267653,3,3.166474691178122e-5
PGBD2,1.4265243707619774e-5,0.19504413246168428,0.9451294104556065,4,1.577675708689623e-5
IQGAP1,6.994058386140586e-7,0.1530930487423305,0.9423291644218879,3,8.600302756849615e-7
SEC31B,1.302600241866478e-4,0.24247001951507233,0.942041815193519,3,1.357685326721528e-4
PRPF38B,5.700140845881037e-22,0.04429429753025313,0.9409931245818615,3,4.77671802884831e-21
STOML2,6.321327202489613e-18,-0.054642681660670406,-0.9398099584838946,3,2.91516551649403e-17
ITPA,8.568543894203491e-10,-0.10343259474888238,-0.937832953146832,3,1.4774567455437295e-9
ATPAF1,6.499363324754754e-4,-0.291667806063508,-0.9295829769137041,3,6.566528636412571e-4
UROD,1.1197193780624763e-24,-0.03880020253863999,-0.9292994142439096,3,1.2582900137384071e-23
CA12,3.1495725851218224e-4,-0.26484548412571335,-0.9274222445739005,3,3.213111788578193e-4
ERI3,3.8303977593106488e-25,0.03791145215644785,0.9256746816609251,3,4.604326486909071e-24
BAG2,1.3928683199213383e-17,-0.05488883225609108,-0.9252110931722639,3,6.2180864266808e-17
PGR,0.0010141640595918453,0.3079742162914191,0.9220414759130088,3,0.0010207766598431306
AIMP2,2.255336837960016e-4,-0.25258941806765534,-0.9211402068559741,3,2.3145216745055027e-4
MSL2,1.1600730477016756e-7,0.13238333718478873,0.9181465762050112,4,1.554360095435822e-7
GABPB2,2.604457819046787e-11,0.08662110016245114,0.9168222094674655,3,5.35310075911999e-11
OGA,3.0083318274563457e-4,-0.259840375768421,-0.9150731634515352,3,3.071158109965006e-4
KLHL35,2.477290288352985e-6,-0.16308658218706798,-0.9142671470238815,3,2.9017142235380613e-6
PTPRN,7.50076083204185e-7,-0.1492686772040682,-0.9142549272195296,3,9.185691657778182e-7
ATP10D,3.745520479637219e-7,0.14167282488313804,0.9104586840982103,3,4.7209332044589436e-7
GNG12,4.638412053469004e-4,0.2726724160555133,0.9089891299585834,3,4.7041710072007566e-4
NUP160,1.0917943878103774e-22,0.041281656846267376,0.906621932824422,3,9.733230818990385e-22
L3MBTL4,7.578415425302467e-9,0.11106804757488067,0.9019193716781073,3,1.1711007609279313e-8
RPS6KL1,2.161329828481779e-7,-0.1347744533664488,-0.8983093273988403,3,2.8102650526908055e-7
CPSF4,1.0960311984532272e-13,0.06929894360906894,0.89812658087391,3,3.038430534086309e-13
ZNF234,7.87279293447787e-16,0.05910463182024569,0.8927087446202028,3,2.8613261061739274e-15
SNX17,1.8399590850201933e-12,-0.07592423479159488,-0.8909854601475903,3,4.366181226831899e-12
SRSF2,7.712633530721094e-14,-0.0677656284607463,-0.8885969501735336,4,2.181403485593536e-13
IVD,1.543950371030092e-11,-0.08216475737995257,-0.8883133188770161,3,3.262540661549899e-11
METTL17,1.837467012725312e-4,-0.23732262228024337,-0.8865852123915811,3,1.894968617553917e-4
EXOSC5,1.0022919356208868e-17,0.05197278140835149,0.8834856107282889,3,4.529618254508569e-17
NUCB1,8.813270571363606e-33,0.02744360759871034,0.8797010789657824,3,2.5671208223001943e-31
UHMK1,7.570689278325761e-7,-0.14277023786892662,-0.8738772917754621,3,9.267458953810291e-7
PYM1,1.2823549572641549e-8,-0.11013247832026601,-0.8691646097583638,3,1.9228768352023344e-8
CLEC2D,7.385840269343536e-22,-0.04111608306439892,-0.8688486245388336,3,6.102160425347772e-21
ZNF789,5.668847712403879e-4,0.26758258179046235,0.8687082458114836,3,5.735332990852217e-4
DHX33,4.385664810455154e-5,-0.19929832848806267,-0.8685350531839927,3,4.7100530534840594e-5
MKX,5.153327903730039e-6,-0.16409566592688135,-0.8677234775492454,3,5.862959946330567e-6
TMEM41A,1.957856995254515e-4,-0.233446618363373,-0.8656711933765691,3,2.0155825086281125e-4
C21ORF62,1.8039391495330512e-7,0.128159644643763,0.8642802069242755,3,2.3704988913890855e-7
PAG1,2.6336661331077013e-34,-0.025718163443840925,-0.8636015077789164,3,9.195884248101056e-33
RIMBP2,1.4964731427285102e-5,-0.17875658983860304,-0.8624882248259182,3,1.6525435721471086e-5
TRIM66,1.774397112525251e-4,-0.22839861372049466,-0.8567115923732634,3,1.8318573498896733e-4
OSBPL2,1.1140618226884191e-5,0.17267997138828864,0.8552995617700779,3,1.2414678290065094e-5
SDHA,2.1813987254240517e-6,-0.15092274195524452,-0.854413628427809,4,2.5694949645255997e-6
NEXN,6.31633560581588e-8,-0.11822547115263132,-0.8511683941272006,3,8.726242266536965e-8
ARFGAP2,4.079922885251384e-21,-0.041700922740850896,-0.8502546275794619,3,2.9841430978659124e-20
AP2S1,3.9372632473449754e-19,-0.04619020887961863,-0.8501218126092062,3,2.2080292742758725e-18
CNOT6,1.4039140985014124e-12,0.07169095508480593,0.8497284773145519,3,3.4058561215092166e-12
OTULIN,1.0378987723485822e-31,0.02736981237500476,0.8480220243539106,3,2.670313244998589e-30
CCDC18,3.4553153963520647e-6,-0.1545425779737526,-0.8440361912018757,3,3.988366807359546e-6
POLR2H,4.634568795969848e-4,0.2521010791337863,0.840502644909593,3,4.70189909324786e-4
SPATA13,2.977101419986169e-6,0.15208833733268232,0.8404715385898183,3,3.4595239559506478e-6
CEP95,1.4196408772758877e-23,-0.036691860542639225,-0.8383290803288849,3,1.4259611962500612e-22
TNFRSF21,4.4653117678669407e-10,-0.08944329169541101,-0.8363080340371266,3,7.942243429444352e-10
TRAPPC9,3.623579282415518e-31,0.02722577159379841,0.8287759622483001,3,8.931057172541776e-30
ITGA8,1.3455223542142515e-6,0.14112087321688202,0.8285360404833808,3,1.6134166250655764e-6
ANO4,8.698870723989007e-5,-0.20378808021219963,-0.8274890649801977,3,9.171023664076117e-5
ZNG1B,8.918746019551754e-4,-0.26973653088454835,-0.8226144741481116,3,8.989237826579139e-4
CLTA,8.16281700274586e-10,-0.09030853006839404,-0.8207383651696271,3,1.4133141835332707e-9
CMTR1,3.4775979562792977e-12,-0.0712944766368943,-0.8169434901047864,3,7.931411201996252e-12
SYN1,3.016665375893584e-6,-0.14795633456732538,-0.8167889296423607,3,3.504110711879557e-6
ZNF28,3.760345140533685e-10,0.08642835683273488,0.8145675827064991,3,6.737380755763774e-10
OAZ2,1.3833208945745428e-7,-0.11838418870034208,-0.8120062733537011,4,1.8408712267636724e-7
GABRE,1.7078039459062876e-18,-0.045084219160847,-0.801036658590921,3,8.681090075118097e-18
FBXO36,9.048937150067398e-6,-0.15829749997852033,-0.7983579957687994,3,1.012997429814797e-5
CAPNS1,4.880509401178738e-11,-0.07713004499161474,-0.7953291466294224,3,9.665451771544388e-11
FBXW9,1.3387918013497706e-24,0.03324084258596042,0.7935681737101882,3,1.4987314325797243e-23
NDUFA13,7.568702839970279e-17,0.0490643755953651,0.7909657463242451,3,3.0874833699072086e-16
NDUFS5,4.798620049405929e-17,0.0483615110745811,0.7892058716760207,3,2.0106218007010844e-16
TECPR1,1.239821410474364e-18,-0.04406465961791692,-0.7890500347526146,3,6.4589630495938004e-18
TRMT10B,8.194754835519993e-14,0.05980963573020523,0.7826966469174081,3,2.313302784656414e-13
XPNPEP3,2.5298794322831967e-5,0.17018066234738763,0.7823035166485416,3,2.7614947431658413e-5
NCOA3,7.114576059675622e-10,0.08541527471152092,0.7813662039098631,3,1.2376661674394186e-9
TUBA8,6.424538003926934e-10,-0.08402713037374132,-0.7723906668746787,3,1.1229541099831762e-9
PEMT,7.566378835318724e-11,-0.07582530301183732,-0.7674363780093683,3,1.4677373759252525e-10
ADAM11,3.701281572721992e-5,-0.17073761337963636,-0.7566489815099826,3,3.994061388077116e-5
TBC1D12,1.507745791936392e-7,0.10963932819065467,0.7479235215071941,3,2.00100380441151e-7
EGLN1,2.424813926257469e-6,0.13312788107007897,0.7475558637895132,3,2.844791698285263e-6
RBM17,1.0557066829538577e-7,0.10679691015225368,0.7450640224912085,3,1.4242813712528356e-7
SNURF,3.675885616217511e-10,-0.07872067650597024,-0.7427010868278283,3,6.590080997778704e-10
ADAM12,4.4358416018099037e-5,0.17026646319172403,0.741173995619024,3,4.75871375936666e-5
GPR179,0.002806825294651774,-0.28946104845880966,-0.7386422510641816,3,0.002806825294651774
COL28A1,6.729368125462637e-4,0.232851038891649,0.7386094827250334,3,6.79422950498517e-4
PLEKHF2,5.029366610229037e-7,0.11653241352860463,0.733977857404653,3,6.258435412728792e-7
SNRNP48,1.2607413910280614e-41,0.017886233819031927,0.7315357662146066,3,7.867562765713413e-40
KLRG1,3.3128659300561265e-6,0.1333269418222553,0.7306044610798628,3,3.827726848246941e-6
RAB27A,5.699300155817691e-9,0.08825302871298962,0.7275737192402086,3,8.929512477037013e-9
TMEM208,2.548710669310256e-10,-0.07571466118021755,-0.7263821900143126,3,4.660454110403354e-10
ELP6,1.1275410537580049e-7,-0.10451356817848301,-0.7261464379228959,4,1.5135368012229877e-7
ZC3HAV1,4.873051117694903e-10,0.07714183405012612,0.7183601124377305,3,8.641269001329595e-10
SZT2,2.825480789957721e-6,0.12895397283289328,0.7155536851978073,4,3.292465298746919e-6
USP53,1.6298539614036786e-13,0.055856214278001,0.7142809627935985,3,4.413999694180046e-13
MEA1,3.427737966013742e-24,0.0303737489954296,0.7127197888874954,3,3.6163868540713334e-23
EPN2,1.2198197698061315e-7,0.10265912324233865,0.7097548251049263,3,1.6299459612033638e-7
GLUD1,1.6945186367201819e-7,-0.10476111955287047,-0.7093326848487496,3,2.239758071879357e-7
NTPCR,8.258014113968907e-4,-0.22946958858732167,-0.7074832828580202,3,8.326144859494948e-4
KDSR,1.0945643904472478e-13,0.05443193478354272,0.7054791714817964,3,3.037234964221171e-13
ACTR1A,2.401314463780966e-10,-0.0729078395132527,-0.7013406778181145,3,4.420286264430653e-10
EDA2R,1.566601049054811e-5,0.14576849720649399,0.7004236911478258,3,1.72738378829991e-5
VSX1,1.3310209168540217e-6,0.11860459528819918,0.6968986742460075,3,1.5973340217401168e-6
ARFGEF2,0.0012301088970257071,-0.23842194014638002,-0.6938213024466418,3,0.0012360086998891397
TP53INP2,2.9865775390665707e-4,0.19662966782087835,0.6930854058927893,3,3.050011114931146e-4
KAT7,1.0281250454033187e-4,-0.17315078238729156,-0.6905173658197865,3,1.0773457513997621e-4
PSMB5,1.0353457474582037e-15,-0.045983697311870214,-0.6890617770251684,3,3.6987443085199895e-15
BMP7,7.942282126524265e-6,0.13499553284589436,0.6884846004125937,4,8.935448207554918e-6
PSMD3,1.5739715023603372e-11,-0.06334717842368454,-0.6843397671077451,3,3.318805475501703e-11
RCOR2,7.357069987470811e-9,-0.08369177863506372,-0.6806899341301905,3,1.1405013886496771e-8
PLD3,3.708962567046882e-27,-0.025516486792227917,-0.6744198207630652,3,5.665826671431513e-26
ZNF577,6.380591914633529e-10,0.07284393209980808,0.6698100832069764,3,1.1166035850608675e-9
ACP6,3.452209826782793e-7,0.10363359806261269,0.6696702391064898,3,4.3737932708224326e-7
SH3RF1,1.494651104605181e-4,-0.1744141197888027,-0.6672142687869481,3,1.5523412499316558e-4
USF1,2.50584354473788e-11,-0.06291620769072805,-0.666977614906109,4,5.157641485414878e-11
LYPD5,1.3740322042736542e-5,-0.13683706372162624,-0.6653022264023986,4,1.5224920495408494e-5
SYT2,1.0293071452491752e-4,0.16616585132579537,0.6625788567631138,3,1.0781992346485112e-4
KIAA0513,3.120146716965556e-6,-0.11991104950817133,-0.6602092522286833,3,3.615509280994272e-6
DUSP18,3.204650753594018e-8,0.08767209447029731,0.6570339018775547,3,4.576066533734788e-8
ALDOC,1.4993779335736008e-30,-0.02200329425006925,-0.6562282034763979,3,3.3828272916702857e-29
HARS2,8.070947730313989e-4,-0.2116099744186358,-0.654525620085544,3,8.143133709326085e-4
MFSD11,2.1422875389296408e-8,0.08514186981738882,0.6529634072324542,3,3.1260086513246324e-8
COA3,1.4802382400392989e-22,-0.029781403556223236,-0.6501181635395604,3,1.3076923969985732e-21
RUBCN,1.6984121937334615e-4,0.17156831617870721,0.6468051575396331,3,1.7552653150881755e-4
STRIP1,1.8505037919443707e-15,-0.04367803224649708,-0.6434957833596758,3,6.347985522541333e-15
CCDC50,8.492722103945814e-17,0.03986916268316554,0.6407354430801335,3,3.4500213200655226e-16
HERPUD1,8.378086406403237e-10,-0.07039407890505088,-0.638956858688177,3,1.447168871023598e-9
INO80D,1.7686502113364225e-12,0.05431550464324282,0.6383352582166327,3,4.207178483252009e-12
SETD2,1.9351961915513504e-8,0.08261158115592335,0.6372058435853494,3,2.8436525199499552e-8
GLTP,3.0776651797280953e-6,0.11557763096558542,0.6370383163446413,3,3.5707246725247243e-6
S100A9,0.0011749108440866972,0.2172510062377394,0.6365443810889952,3,0.0011813553327755513
CBR3,4.372808157736446e-9,-0.07589778708458476,-0.6344477854864022,3,6.951461423653657e-9
BLM,4.010834717008305e-7,0.09853143738414974,0.6302824731687225,3,5.035863966175239e-7
ZNF605,4.332909882440353e-9,0.07514363861235955,0.6284428071274009,3,6.89177043665811e-9
EMD,4.410944657334322e-10,-0.06701526309690614,-0.6269591756268236,3,7.85030381065629e-10
SMAD5,1.2015472235193555e-12,0.052273488757737706,0.6231135329685017,3,2.946603684433336e-12
TP53INP1,2.205920525414309e-5,0.13370020511892464,0.6225629906102571,3,2.414166007850809e-5
ZFAND4,3.4782018905641415e-9,0.07352400721204412,0.6219134916584331,3,5.583780046537836e-9
FMN1,1.3664384786039792e-4,-0.16081621763919499,-0.6214597862346904,3,1.42270644577404e-4
ENTPD1,3.265604393577027e-5,-0.1384297625823267,-0.6210009577084832,3,3.5356285294800376e-5
SF3A3,3.514937492575453e-4,-0.17669575093187184,-0.6103216823519501,3,3.5796221061540985e-4
TUFM,4.400078949655097e-10,-0.0648607999807729,-0.6068726390319262,3,7.835720436756769e-10
SEZ6L,9.388145355842765e-6,-0.12010897466747245,-0.6038382848292786,3,1.0497685981199707e-5
PRKD3,7.221367311461962e-7,0.09790689185012258,0.601283482715284,3,8.854628062089438e-7
PSMD2,1.3586596782222562e-7,-0.08680218885005744,-0.5960610229794497,3,1.809695202645721e-7
CCAR2,5.286219267599842e-13,-0.04831876397292724,-0.5932024507006256,3,1.3493891307110824e-12
TMEM141,3.03002724760471e-9,-0.06913723754045123,-0.5889492544850523,3,4.8937609676347e-9
ELK4,3.5328642569436893e-29,-0.020666644542736663,-0.5880047468812005,3,6.685090881042477e-28
PTPRJ,7.785993795346474e-6,0.11500599606081298,0.5875295158628833,3,8.769708065188637e-6
PRR29,5.252532967009458e-4,0.17843724477584574,0.5852083575476089,3,5.317804346647822e-4
ALDH1B1,5.722287559495997e-8,0.08066210242023597,0.5841896563707628,3,7.950482904785295e-8
PDIA4,5.6982948535319806e-5,0.1374072294066687,0.5831913317551213,3,6.0730736938260526e-5
WDSUB1,1.2951438958837077e-11,0.05347248931190267,0.5821914581452118,3,2.7626596702741195e-11
LRCH3,3.30360735973328e-16,0.03758191007249565,0.5818059848445076,3,1.2682565950389672e-15
LDOC1,1.3960742903882436e-25,0.023400609157979292,0.5816242810904473,3,1.8038263848937085e-24
SEMA4F,7.02459334770174e-7,-0.09444227447675266,-0.5811390907143621,3,8.631391826061669e-7
ENO1,6.421594615439456e-14,-0.04373467591034012,-0.5769634628825988,3,1.8375158055691633e-13
LRCH1,1.0436127690783073e-8,0.07221328595881307,0.5763674978140294,3,1.5777918823230284e-8
SUPT7L,4.020839819562073e-4,-0.16957832451801966,-0.5758342723615377,3,4.086321271925003e-4
UPF2,1.0068781487966612e-24,-0.023994641699874725,-0.5757999707659117,3,1.1402214712048677e-23
TEAD1,6.485284524013133e-13,-0.04711151857119805,-0.5741985316470226,3,1.6397706473215962e-12
UIMC1,1.8634940309110205e-13,0.04504675834670298,0.573430458147734,3,5.01894214202206e-13
DCLRE1C,3.8236321887981854e-19,-0.030998281985978454,-0.5709115990564869,3,2.1525361247111473e-18
EXOC3,1.0929564162682467e-25,-0.022648188238995393,-0.5653304214980871,3,1.437507250634425e-24
TOX2,5.2684134665786143e-23,0.025280898544087622,0.563215951414996,3,4.952646377395858e-22
BBS9,1.1392292933491475e-15,0.03760846591417935,0.561997930448909,3,4.045229439943159e-15
SEMA6A,1.6384566861262834e-4,-0.14830446916778253,-0.5614162130219383,3,1.696291373246872e-4
WBP11,7.06598772018774e-18,-0.032309062585876215,-0.554127146872952,3,3.238209684892288e-17
SLX4,9.508578103402714e-11,-0.05526586719976277,-0.5538681335501877,3,1.8275661584063014e-10
XPNPEP1,3.306270928827559e-4,-0.1584872785947643,-0.5516405785932104,3,3.3706265673448836e-4
PCDH1,1.5952826772903346e-21,0.026507678478019603,0.5512844928463894,3,1.2477237579980137e-20
PRMT7,1.3336011451331908e-7,-0.07986924010559553,-0.549098952341344,3,1.7771250153001582e-7
ZNF839,7.195892781300102e-7,-0.088653406416256,-0.54459036811303,3,8.827082194710665e-7
POLR3K,1.1401341412229372e-14,-0.03888540811108813,-0.5421809581647953,3,3.538638556832672e-14
TWF2,1.32392806064509e-18,0.030109512597858223,0.5383019494618482,3,6.872709737826636e-18
CALN1,2.4940859262734067e-5,-0.11648867820150904,-0.5362077052934057,3,2.724452149631248e-5
DUSP4,5.386636460800525e-4,-0.16393507234143934,-0.5358516748207103,3,5.451692456703913e-4
MED13L,7.935956239470274e-7,0.08705159553224935,0.5310496174234196,3,9.686291989332632e-7
LYVE1,1.2138748180275075e-4,0.13559881390716533,0.5309813743521299,3,1.2674598936542113e-4
MRPS6,1.0444393609485317e-7,0.07598067029473003,0.5304299315624849,3,1.4103778294944953e-7
ABT1,0.002050358306302696,-0.19687626275549766,-0.5292369101159775,3,0.0020517573907832846
DNTTIP1,4.916289149107501e-8,-0.07180460292604532,-0.5247740732558669,3,6.876240378794612e-8
MANBAL,1.206253481547623e-15,-0.035126009907733555,-0.5240295362538273,3,4.2677219075744005e-15
CIT,9.703395997321306e-4,-0.173193455625377,-0.5218450868688788,3,9.773372410763527e-4
POLR2G,9.134740666875821e-9,-0.06446400438953795,-0.5182457140115112,3,1.3954267904138949e-8
LRP2BP,6.302615026771504e-14,-0.03899371217010167,-0.5147356871897061,3,1.8052314329610177e-13
PLXNA4,1.5175078417616175e-4,-0.1344934264422757,-0.5136127844783429,3,1.5749647911842972e-4
PCF11,1.783734117478324e-11,0.04754539120010218,0.5110497143660268,3,3.7422690747953674e-11
INAFM2,2.307316682705408e-4,-0.140321442059014,-0.5103340414419099,3,2.3653826740213077e-4
AKR1A1,4.669363267010503e-14,-0.0381214977261628,-0.5081878637079543,3,1.3613561095568394e-13
MIDN,1.6589071355872612e-7,0.07425217504955833,0.5034429581382021,5,2.1946660481179236e-7
SETD4,7.948255565014985e-9,-0.061198566297682916,-0.4956917518460432,3,1.223739295128029e-8
ZNF800,6.256161586756413e-14,-0.03751079419700323,-0.4952809748529763,3,1.7936776084024006e-13
CPNE6,2.4699965474383874e-38,0.013088171980931632,0.49221085796001124,3,1.1942093465981303e-36
DCP1A,2.2393460078828039e-4,-0.13483055656131934,-0.4921151895982857,3,2.298915590171601e-4
COPZ1,5.081850970740831e-7,-0.07749747515088001,-0.48776740947715785,4,6.313032146201973e-7
NBPF11,1.3281281401743408e-5,-0.09867489456455432,-0.4812137809321721,3,1.4732979709271336e-5
ALYREF,6.0773733125258e-23,0.021654594816775737,0.4810846302078221,3,5.570292476761929e-22
ZNF761,3.407534524603324e-13,0.038536903209540035,0.4804611427771692,3,8.852346112189149e-13
BPTF,2.3048555939655217e-6,0.08517665982548331,0.480171178113454,3,2.7105619314758923e-6
SRPRA,2.86542772999925e-5,-0.10412983495474934,-0.47304211182004824,3,3.116165936999555e-5
AZIN2,2.892962687986421e-6,-0.08446094641528945,-0.46780022624811607,3,3.364416956329966e-6
MED27,2.69751384721135e-5,-0.10229356728567306,-0.4673830239508556,3,2.9368255805014436e-5
PDP2,7.236444437027319e-5,-0.11264938971669103,-0.46642195576943435,3,7.6761271369986e-5
BCL2,5.110867251734167e-8,0.06380068852496185,0.46520306484887447,3,7.138177928255388e-8
SLFN11,2.6800157091128183e-15,0.0317832057243899,0.463140508720319,3,8.983412656946167e-15
PPP5C,3.9695734007056565e-6,-0.0838106077829071,-0.4526825618272931,3,4.562209554964612e-6
MRPS12,7.328861480239373e-17,0.02804886277827707,0.452567376769517,3,3.0063707302856055e-16
HABP4,1.9666579821496796e-6,-0.07915731371960666,-0.451693096449631,3,2.3258902667923427e-6
TMEM14A,3.5135400668105674e-7,-0.06983974410460798,-0.45076352384367196,3,4.447653438047214e-7
KANSL1L,8.116133491671433e-30,-0.015482985008243522,-0.4504101105019176,3,1.700329966505165e-28
SMC5,9.164247212267508e-14,-0.0343009173887068,-0.447212040719393,3,2.5721279496249377e-13
PSMC5,4.267349907310481e-8,-0.060647954628962254,-0.4469658277793696,3,6.0231651964108e-8
TIAM2,1.5359226175240105e-6,-0.07682553597052899,-0.4466352917173398,3,1.8372190200644058e-6
ZNF629,6.547722033020467e-13,-0.03648247577342608,-0.4444991928543156,3,1.6541316729413465e-12
MORC3,1.750252373128262e-21,-0.021189766614429895,-0.43983385233226746,3,1.36528994957053e-20
ZBTB5,3.7570870482011295e-7,0.06839581856529868,0.4394533076554413,3,4.7334777974114745e-7
ZNF808,1.774084093831441e-12,-0.03711715951015101,-0.43616469894886045,3,4.216684479098555e-12
SNRPD2,3.338233693385487e-12,0.037517804348262115,0.4305724536959895,3,7.637316242355407e-12
ZNF286A,1.9508288079638105e-8,-0.055729753961315937,-0.42966418929715616,3,2.863754201080008e-8
ZNF235,8.306737902954591e-19,-0.023703789254771075,-0.42857800885236574,3,4.421717290266028e-18
SARS2,5.61999917053591e-12,-0.03788502311070906,-0.42621650211459755,3,1.2459151600288603e-11
LIMCH1,1.0548884546419796e-8,0.05336388570355455,0.42567269452486695,3,1.5940174330061444e-8
NHSL2,8.525578276695841e-5,-0.10425591166322135,-0.42424609522571305,3,8.994791757391691e-5
GPBP1L1,3.199832815241595e-6,0.07691103457184965,0.42261634512754165,3,3.7007530154194e-6
TMEM178A,2.2133801431557697e-7,-0.0634108809135188,-0.4219958608707612,3,2.8737689065408913e-7
SLC32A1,1.1448081010282977e-8,-0.0531025407669415,-0.4217014708596771,3,1.724561972427323e-8
PITPNA,5.21339336935413e-12,-0.03700615932550856,-0.4175360366032879,3,1.1575232969201865e-11
HPS6,8.71912112524218e-22,0.019741039457736493,0.4157369591756956,3,7.10182844980219e-21
KAT6B,1.8430289178247187e-7,0.061406630397416326,0.41354097821782243,3,2.4196973213876006e-7
NEK4,1.7223352793756925e-6,0.07148179738036098,0.41201266686944543,3,2.0485033959484614e-6
HSPBP1,8.67123436136576e-22,0.019381851022868046,0.40821897778179156,3,7.084326011667347e-21
MIR124-2HG,1.4874112193429125e-4,-0.10642790468656994,-0.4073601430737908,3,1.5453691485415384e-4
CHMP2A,2.0087692547628345e-9,-0.046825059254774974,-0.40724081562724174,3,3.336194917451525e-9
MRPL9,9.721753081356014e-6,-0.08089115405643302,-0.4054471248301707,4,1.086243877623512e-5
VWA3A,7.271810126656493e-5,-0.097866391827643,-0.4050061136278576,3,7.710852892799528e-5
APEH,2.4836948565457193e-38,-0.010728347062382487,-0.40343843735019774,3,1.1942093465981303e-36
GCNT2,3.1614632704495416e-16,0.02594757383941556,0.40219029699122716,3,1.216872935987993e-15
N4BP2,8.604165699217836e-16,0.026408216135802486,0.39784746707083546,3,3.0964439258657563e-15
COPS6,7.473230086507603e-10,-0.04359228680679178,-0.3978446413913504,3,1.29774919145807e-9
CUEDC2,8.482375332010669e-14,-0.030388247715307147,-0.3972194486596947,3,2.387601425027571e-13
ERMP1,9.064688349736206e-15,0.02814518485935232,0.3952328991818301,3,2.8618655468004623e-14
CACNA1C,9.306903654881309e-5,-0.09781370413964699,-0.39430609372437075,3,9.794455837734796e-5
NDUFB8,1.3619777951892707e-15,-0.02624470750620036,-0.39014935947366336,3,4.761240611787999e-15
PEF1,2.1985928767767513e-20,-0.019751237475522827,-0.38826696598746946,3,1.414138795523292e-19
FOSL2,7.280182976804183e-5,0.09358358871653998,0.3872355736500689,3,7.716941333923624e-5
ZNF718,6.941947624822194e-7,0.06269772190013363,0.3861250907185575,3,8.544159623836967e-7
UBL7,3.320007851942194e-27,0.014480886929433834,0.38343739055630943,3,5.125043699866556e-26
MLEC,1.630650160411472e-4,0.1010279243456497,0.3826573267966429,3,1.688805409776429e-4
C11ORF96,0.0014107353897781462,0.13388720446564967,0.3816527649863677,3,0.0014160461663994877
SLC16A4,8.180088368710978e-5,0.09190080138809457,0.3756208156954881,3,8.645837544298847e-5
DECR2,4.34385300247929e-7,-0.058996202205879075,-0.3753412058706429,3,5.446994808153808e-7
CCNG1,8.176045434460413e-7,0.06159460121402847,0.37495446807938787,3,9.96689162895777e-7
GLYR1,4.5975175869357635e-9,-0.04487836179694215,-0.3741722913631261,3,7.281045423639058e-9
ZMPSTE24,2.789193805240611e-26,-0.014494068561047641,-0.3703889838833086,3,3.840706775009724e-25
BARD1,8.435312243752524e-13,0.030606610829975317,0.3695411228989718,3,2.1055975158235023e-12
DNAJC11,1.7392136909081898e-12,-0.03131608769345408,-0.36826613840353023,3,4.1405144118780206e-12
PRAF2,3.791975969401358e-26,0.014360376368811083,0.3650570580442654,3,5.101773173511093e-25
CUTA,3.201369153545917e-13,-0.028920237229336093,-0.36134865403662836,3,8.338912724112055e-13
MICA,2.5375194439700163e-10,-0.03753771591421644,-0.3601965547694375,3,4.642884921499724e-10
CKLF,4.789797246280159e-8,0.04919895786312978,0.3601207690939342,3,6.721758527913736e-8
ZNF251,8.156092228103248e-9,0.04450331680538888,0.3599658733399597,4,1.2531073077541553e-8
SAE1,1.6975404910605231e-9,-0.04101216414095318,-0.35968405587348856,3,2.8434530327130294e-9
NDUFS2,9.15244958246947e-5,-0.08880716842770936,-0.35864443317480404,3,9.635367776519366e-5
NPL,4.51338186584468e-4,0.10616822464058202,0.35518557474398443,3,4.5805359904921956e-4
TIMM8B,7.197503627625383e-8,0.049662196128190714,0.35472803376565487,3,9.887718098278805e-8
ERH,8.207634289300854e-7,-0.05797227720217572,-0.35280664125986627,3,9.99708943958447e-7
TMEM170A,5.316422562800537e-10,0.03793649202320386,0.35183746214392897,3,9.370833760032436e-10
SLC6A7,2.429518553880813e-6,-0.06263618199325564,-0.3516695772940478,3,2.8491714988134446e-6
EIF3I,2.279952228163854e-6,-0.06231742291598152,-0.3515995273273771,3,2.6823505355814616e-6
CFAP46,8.917572587269797e-5,-0.08600001999464432,-0.34827886880715536,3,9.391468724762052e-5
RBM48,8.77346467388639e-30,-0.011942925053640068,-0.34702352946998155,3,1.8136254158067558e-28
DYNC1H1,9.313563070965176e-5,-0.08579979731224334,-0.34584904220703183,3,9.797948524799449e-5
FAP,1.8477478979690506e-4,0.09232716499200871,0.3446902938518411,3,1.9049014357621177e-4
NME9,3.949742410667904e-5,-0.07810720875521535,-0.34393972206474827,3,4.255912744485291e-5
ASB13,5.45812503723862e-16,0.02252341413420893,0.34377389060189817,3,2.0419235630383767e-15
DYNC1LI2,1.289689294504097e-19,0.018156408692003412,0.3429657526116749,3,7.688330692643326e-19
RBSN,3.1766532703720186e-5,-0.07543869593924998,-0.3393255314928865,3,3.4431352705103957e-5
PFDN6,1.7334471258049654e-7,-0.0498901198558421,-0.3373115605621683,3,2.288119000893773e-7
TBC1D20,2.71337376230673e-6,0.06054478903281154,0.3370219856401517,4,3.1656027226911854e-6
ARHGAP44,2.1788749299272547e-4,-0.09146816822106765,-0.33493518379354814,3,2.237619106959607e-4
HDDC3,1.6626889569646972e-12,-0.02836099512247477,-0.3340695214253535,3,3.974463496966143e-12
DBNL,7.330382397357623e-6,-0.06478539513324336,-0.3326648001908688,3,8.272416918603273e-6
ENPP1,5.01845583332864e-5,0.07714649229107169,0.3316859351470488,3,5.366070346027307e-5
NR2C1,1.996134070833235e-6,-0.05807472068215562,-0.3310148906825041,3,2.3578018111448257e-6
TPT1,3.182850837856274e-12,0.028613412563167594,0.32897366091801034,3,7.293204302681603e-12
KIF22,1.677779016642279e-11,-0.03052978878085788,-0.3289665718796442,3,3.527545416352548e-11
MYDGF,4.1920956792604654e-14,0.024439084931891224,0.32693554042001755,3,1.2320056740752448e-13
TRIM52,9.517898764990539e-9,-0.04027431782113504,-0.3230587858844938,3,1.450181666374922e-8
ABCC8,3.148822520216306e-10,0.03399362626380123,0.32300239948743814,4,5.697406817886753e-10
SYT12,2.412943728063137e-25,-0.013045682353251245,-0.32115146965448776,3,2.986145128442692e-24
PCMTD2,1.1737135114216202e-11,0.029268752513781693,0.3199202816431404,3,2.5219792886444046e-11
TIMM17B,4.8391160759818206e-15,-0.022247296829230184,-0.31847525909545615,3,1.5735174557488556e-14
MPI,4.594084638833273e-19,0.017355203411782205,0.31825626661636597,3,2.5471550558975403e-18
NUTF2,6.326646124020841e-16,0.020831620838108734,0.31661618993189944,3,2.3429359951708492e-15
PLEKHH2,1.245558613762029e-4,0.08106601505027364,0.31653326700314005,3,1.299617009663476e-4
ARNT2,4.0717186829865e-4,-0.09319164727712101,-0.31594039473853025,3,4.1365953921715983e-4
CBL,4.5385308974255025e-7,0.04966881697591613,0.3150535132066918,3,5.66929775219293e-7
MX1,6.233906905075149e-4,-0.09781292342097427,-0.313513864109911,4,6.30267113153582e-4
RIMS3,1.4708832463349212e-5,-0.06486714303783966,-0.3134653960361065,3,1.6255088777318477e-5
SHROOM2,1.0644352183103556e-7,-0.04484673179741705,-0.312710913507616,3,1.4347373599743902e-7
BCAP31,1.1687975720290544e-7,-0.043822122857424595,-0.30378638004192554,3,1.5653348304845737e-7
TMEM231,8.612594254733715e-6,0.05948415515963801,0.30127927573337576,3,9.652555960693154e-6
ZNF431,6.691722933220625e-18,0.017505699622107573,0.3006509738017848,3,3.0763046023724284e-17
METTL21A,1.9774521468737365e-7,0.04460084760139693,0.2989993554043056,3,2.5834597535771355e-7
CD164,5.531520690986253e-10,-0.03219923094895005,-0.29807328654710324,3,9.738265418164874e-10
PPP4R3A,7.356338021804191e-29,0.010576931884243329,0.29756440312147064,3,1.3569899005001062e-27
PIGS,7.67762563417265e-15,-0.02097406938519422,-0.29604422968812866,3,2.442350974515009e-14
CREBRF,3.6676078043704785e-21,-0.01438390350521616,-0.2939439446056496,3,2.723314858283193e-20
SCML2,4.581098054421121e-15,0.020451211174038197,0.29325053899553366,3,1.4962539636544708e-14
MCRS1,5.073026102452475e-19,-0.01587384659639348,-0.29040778362553765,3,2.7811561791575902e-18
SMURF2,7.480578445024453e-12,0.025922956522613092,0.2884204945571429,3,1.6361324816746247e-11
JMJD4,2.403928461616509e-9,0.032982961249557796,0.2842827308736648,3,3.958855798945099e-9
TLK2,4.4427202406222986e-6,-0.05233597570476621,-0.2801205136551054,3,5.086064974920063e-6
MPDZ,7.66198342748346e-5,0.06751177006142066,0.277855409997247,3,8.112851044335375e-5
ASXL3,8.890715086865007e-5,-0.06844813915068199,-0.2772877449454099,3,9.366547180235298e-5
APBB2,6.19054682347287e-8,-0.03812413182669973,-0.27480907335778454,4,8.564563128889588e-8
NPIPB4,2.0927173347022847e-7,0.04066414054966768,0.27160756408283443,3,2.723132183975954e-7
ZNF284,5.748422459935286e-5,-0.06334555320863035,-0.2686137348736732,3,6.124272820555828e-5
ARL16,1.714064173570351e-7,-0.03944730311294818,-0.266899384722905,3,2.2645721716584862e-7
ATF5,0.001200896979518561,-0.09137828880489168,-0.2668697668016321,3,0.0012070701990842835
SNRPN,2.0906664066975263e-34,0.007892640776260654,0.2658218939864002,3,7.477956793712005e-33
LATS1,1.765719094566672e-7,0.03932217438082999,0.26554572592055625,3,2.3254845551702058e-7
EFCAB13,1.5071642449764912e-11,-0.023757855726764622,-0.25710369957585616,3,3.1871036269041443e-11
SAV1,2.7027491389222225e-21,0.012475704211896078,0.2566027077898137,3,2.048362590299452e-20
ATL3,2.9247380168653807e-18,0.014333520192435011,0.25132269646399463,3,1.429709433911027e-17
FUCA1,1.0453927663192908e-6,0.04160934362334303,0.24885385478930364,3,1.263344451427474e-6
MCPH1,1.472066608867599e-12,-0.020966941732945703,-0.24808237549182008,3,3.5535566780318255e-12
STX2,4.537015755737691e-19,-0.013489624736724066,-0.24744328528186404,3,2.5202778809808042e-18
PRCC,1.010053021583818e-12,-0.020616591317886,-0.24730953379227333,3,2.4936746736576923e-12
SLMAP,8.113042221984748e-8,0.034853067600571996,0.2471366985874114,3,1.1078004114097423e-7
UBOX5,2.4142735676098243e-24,-0.010456177848454762,-0.2469457848543831,3,2.5656030339853676e-23
KIAA2026,2.3473973271201892e-6,-0.04286516164550664,-0.24130571511456594,3,2.756171481362496e-6
B3GALT6,1.0795841412387613e-18,0.01324162417761173,0.23790886517183282,3,5.684207826272948e-18
TMEM203,1.8098181905670469e-9,-0.0270964685155005,-0.23688721935507603,3,3.0211706049704886e-9
ICAM5,1.7929881796407236e-24,0.009933698807199817,0.23588980959399009,3,1.962251616002329e-23
POLR1A,2.760134818227085e-15,0.01604985521173478,0.23367096077302246,3,9.209869649442593e-15
SLC27A4,3.822958408239069e-21,0.01143031955889845,0.2333796975047856,3,2.8314992452942396e-20
MANBA,1.5661240087506765e-12,-0.019650712250985747,-0.2319800744509562,3,3.771298618773181e-12
GRAMD1B,3.181530730932087e-6,-0.04216048963275787,-0.231771552764212,3,3.6810373308969673e-6
AP1M1,4.889438618099104e-5,-0.053732529704252664,-0.2316270189171198,3,5.2300231462015574e-5
ADHFE1,3.092164259669235e-6,-0.041877933538293666,-0.23073641848782617,3,3.5861280243613547e-6
NPM3,6.804873518025488e-11,-0.022641699606112675,-0.23020223410172888,3,1.3252784879394926e-10
COX4I1,5.433756298630785e-16,-0.014976098895900819,-0.22860864969049477,3,2.0354032214411354e-15
PSMB6,6.933188445493318e-14,-0.0168026776574077,-0.22110756099639445,3,1.9736541599785721e-13
ELF2,2.9425090357489102e-9,0.025855675398684413,0.2205820631650545,3,4.768165194393123e-9
NIT1,4.3533406261117534e-7,-0.03467307083816122,-0.22056155287910567,3,5.456558998455458e-7
BMP2,3.214034658103231e-5,0.048923812990252356,0.21981221839210546,3,3.4810796352351474e-5
ZFP62,1.9929950488735845e-6,0.03837339932310499,0.21874732416650783,3,2.3551387906310328e-6
MRPS16,3.201165942157138e-19,0.011811073812950509,0.21844217014283612,3,1.826657530806787e-18
TSR2,8.831386889509711e-5,-0.053310103349232356,-0.2161176177316589,3,9.307386901520655e-5
MLLT10,4.667612518087188e-15,0.014794736266285672,0.2120219629516856,3,1.5228150740322272e-14
ABHD3,1.8819003536404292e-14,-0.015446459310246316,-0.2120088847661377,3,5.713885856343042e-14
GLRX5,2.3484609384437605e-7,-0.03174155182497218,-0.21042162413959578,3,3.0383925595304584e-7
ACO2,9.94159462211268e-37,0.005725830850862423,0.2061444768561652,3,4.165528146665213e-35
LDHB,3.2745278659758246e-7,-0.031709701646246674,-0.20563270024158095,3,4.1576581086177896e-7
HS3ST2,2.933742381183487e-5,0.04506818029110467,0.20427504362492574,3,3.18809425861844e-5
CREB1,1.5544150224559262e-12,-0.01682298562662544,-0.19865309888770438,3,3.746178521662474e-12
DDX41,1.250538452878361e-15,0.013304398653742056,0.19827416193927144,3,4.403156401311204e-15
NFIL3,2.698036941935065e-4,0.05519217236078329,0.19697821990298076,3,2.757262143099493e-4
MCUR1,7.475737969633104e-9,-0.024222341385644577,-0.196839125319337,3,1.1570627685980947e-8
DUS2,1.244471873522454e-5,-0.039991694988539994,-0.19615986037464114,3,1.3815427725364713e-5
RBM28,2.967912804942963e-5,0.04324073053016542,0.1957745203234629,3,3.2180732927533125e-5
ZNF641,6.570054382633527e-4,-0.06145332303010899,-0.19557096245289665,3,6.635664429843021e-4
NBPF9,2.11033439374584e-4,0.052831033495230995,0.19418832080000725,3,2.168749396235651e-4
PTPA,4.313891888109952e-6,0.03607537048323206,0.1935490792481887,3,4.942439417119723e-6
DENND4C,5.958862039105956e-20,-0.010067131103766652,-0.19353895119875522,3,3.671710579978523e-19
BRWD3,2.85028546432021e-26,0.007304882893435588,0.186604049044305,3,3.9064893770332597e-25
SLC22A9,4.393465983129035e-5,-0.04274380933921601,-0.18624301538314286,3,4.714978312666469e-5
PCID2,1.2073854251161724e-5,0.03631911072348223,0.17862298226022255,3,1.3418952072246054e-5
CHST9,2.0319439184809942e-8,0.02309145479712856,0.17762150887599618,3,2.9738979605313156e-8
ABCF2,5.257221018007619e-7,-0.02814200335469055,-0.17671049908523379,3,6.525361509020883e-7
RAB23,1.9934236918440156e-9,-0.02030232706976941,-0.1766383742431273,3,3.3163424209747577e-9
LRRC47,3.8839481803918287e-31,0.005807717103439339,0.17661689684648912,3,9.493016677574361e-30
NSD1,2.8045482354262453e-10,0.018238562351041793,0.17421724783161432,3,5.102133145530317e-10
GEMIN8,0.0018323028781753422,-0.06349416812024032,-0.17378371187845168,3,0.0018348051695760595
LRRC58,1.9333383497959147e-24,0.007247861612783281,0.17187355891744313,3,2.1001782888708953e-23
MRPL40,2.0941863324123467e-9,-0.019499572825643817,-0.16923649380341355,3,3.4701968999804592e-9
CCDC51,8.966250196758284e-14,0.012970807342715468,0.16923517094632534,3,2.518966650104602e-13
MPDU1,8.510768258146931e-7,0.027292318203190676,0.1656652239644874,3,1.0353414890561986e-6
PGAP3,4.7352002940849005e-16,-0.010720083686283707,-0.1642816553097868,3,1.7851339926158114e-15
CD101,4.373034917399897e-5,-0.037666169564029024,-0.16419500875730153,3,4.6982093086937354e-5
SLCO2A1,0.0010042118232745235,0.05456781742353395,0.16360384797922323,3,0.0010111065148177747
LAMTOR2,8.913346906838443e-19,-0.008786252515292811,-0.1585914993379085,3,4.720735772180606e-18
TRNAU1AP,2.561168703925654e-11,0.014941325704707492,0.15825197477936767,3,5.267817537597436e-11
DOCK11,1.8504670550251047e-25,0.0063735198909083595,0.15763447422424684,3,2.349532412289451e-24
NAA16,6.772581635064027e-39,-0.0040858294270632225,-0.1559530274998061,3,3.547139631364784e-37
ZHX1,2.71643138273668e-7,-0.023565565532862764,-0.15473153300032086,4,3.476131433493317e-7
HS2ST1,1.21827592005928e-7,-0.022224909932533676,-0.15366867995249744,3,1.6286250107264672e-7
ABHD11,0.001274146128362843,0.053079417381553334,0.15365327624589856,3,0.0012798186967425407
SLAIN2,1.2418660634384017e-8,0.019372775790292302,0.1531597171038745,3,1.8650246615795352e-8
DOLK,2.1586374837631874e-6,-0.026174120589785337,-0.14829786340274698,3,2.5437058014774725e-6
ATP6V1G1,9.74985525275305e-6,-0.02943504777560464,-0.14749907832354037,3,1.0885544520869697e-5
PRPF4B,8.8299191769609e-6,0.02881847090707083,0.14564979898679986,3,9.888565462400275e-6
KDELR1,5.079300830688197e-5,0.03336729120580734,0.14328569058037782,3,5.4251964080147426e-5
ZEB1,7.72437743955452e-6,-0.02780239496294401,-0.14212963844606877,3,8.71189249324056e-6
VPS54,1.8216428320585717e-28,-0.005051418839214783,-0.14012401863491525,3,3.2186014617034883e-27
TMEM9,4.506430657032447e-34,0.004171146201176683,0.1390917390875549,3,1.5369024554739728e-32
LIN7B,1.4179196864439014e-17,-0.008250352885600684,-0.13900481957295646,3,6.320301581063773e-17
SLC22A3,3.917943085834592e-5,0.031076764469934647,0.1369534947470972,3,4.2231999525001316e-5
PHB2,8.584860250995487e-25,-0.0055753730226855884,-0.1341784145069168,3,9.952330085442594e-24
ZSCAN18,7.549866435305672e-15,0.009230539497006696,0.1303542393603791,3,2.404316857193435e-14
OGFOD3,2.846969019992243e-14,-0.009566880455470328,-0.12958930100965063,3,8.4687222470966e-14
PSMC3,2.4445084491004e-38,-0.00337186950313866,-0.12682210989512877,3,1.1942093465981303e-36
TM4SF18,6.4250932360682165e-12,-0.011262950333720174,-0.12605629806160903,3,1.4190360287189817e-11
MRPL54,6.77140375080491e-19,0.006770147523152368,0.12300898553052156,3,3.637459194342637e-18
SLC38A7,3.956064965177195e-9,0.01454799703160701,0.12224298689853658,3,6.316351955832724e-9
MAP4K5,1.296343728050629e-26,-0.004633992236459633,-0.11996145375144539,3,1.87299317949384e-25
PKP4,8.926717807460081e-9,-0.014636589017155088,-0.11781441590772755,4,1.3657831679332507e-8
NOL8,3.5195737260018763e-13,-0.0091711061073962985,-0.11421246100519389,3,9.127241147978342e-13
MRPL11,1.0869411259856756e-7,-0.016146998105884686,-0.1124443681850774,3,1.4623845516128378e-7
PDE5A,8.699135498946264e-14,-0.008572282258568653,-0.11195849735392091,3,2.4462669624553585e-13
FXR1,1.3443423655018331e-15,0.007332233620477821,0.10904123980655099,3,4.710819782576913e-15
NME6,5.814501832334541e-11,0.010380134804916027,0.1062457399224277,3,1.1422594691384601e-10
DMKN,1.1568839445435023e-5,-0.02107048516706636,-0.10401887917187178,4,1.2882082799339758e-5
BTG1,1.629560515098007e-5,0.020191084809353343,0.09667349073722654,3,1.7961296470433875e-5
PORCN,9.945790752894779e-9,-0.011901359529476333,-0.09523897156132588,3,1.5104590128167398e-8
FAHD2A,5.709765009817647e-4,-0.029187059170801,-0.09466477549267066,3,5.7747381978604e-4
OMA1,1.7694130079826536e-26,0.0036526319828553326,0.09406320263469366,3,2.5070958224217985e-25
GPRASP2,2.901055520794571e-10,-0.009573056972735325,-0.09130249439886085,3,5.262087719536474e-10
COQ4,7.26057712084934e-6,-0.016829240490032336,-0.08648595252305023,3,8.196794724961938e-6
TBCCD1,2.3036817985498794e-9,0.00962621779978499,0.08314720236463836,3,3.8001680062692894e-9
RNF217,8.161556159256963e-10,0.00836660008540524,0.07603756101751669,3,1.4133141835332707e-9
MYADM,5.247818327851625e-4,0.02243341933009433,0.07358209117159008,3,5.314865730521001e-4
SEMA5A,1.0152190826864334e-6,-0.012175385124755744,-0.07297244299285217,4,1.2294127041780797e-6
LAMTOR5,2.9249591796890982e-9,-0.008469829318354011,-0.07228050863674139,3,4.7449697312102465e-9
SLC35C2,1.2721877774229874e-9,-0.007340802392098482,-0.06529973169207885,3,2.1618347341724346e-9
ZNF345,2.506087370708514e-10,0.006758575723467117,0.06488911115019465,3,4.5939714114300444e-10
POLDIP2,1.5716420492343561e-24,0.002692324406905755,0.06408713806883734,3,1.732942154287356e-23
KLHL24,8.664673035545441e-21,-0.003104409207062527,-0.06228142684955465,3,5.923889513579203e-20
SPG7,9.039385672577439e-9,-0.007711076925117947,-0.06202683159131378,3,1.3815798946154053e-8
IMP4,5.315908299064415e-9,-0.007325502975113886,-0.06061430678298307,3,8.364570301049318e-9
QRICH1,2.6795779268173415e-4,-0.015566753774333994,-0.055603410980119776,3,2.740307552076451e-4
NHP2,4.266719638449717e-17,0.003108850082552711,0.05089158328753464,3,1.8006170790752547e-16
SLC25A5,9.616238704936162e-31,0.0015676542628820789,0.047056269801741636,3,2.241984223611241e-29
FKBP9,2.460437331410081e-8,0.005646163520624183,0.04296158873652334,3,3.55665977970713e-8
EYA3,2.20200056114673e-5,0.00918634999405997,0.04278250911734735,3,2.4107755303633292e-5
PDCD2L,8.121486199624423e-9,-0.005229404564089157,-0.04230778898562589,3,1.2490990573412917e-8
MPP2,2.140722607833986e-23,-0.0018621204321595346,-0.04221322667295463,3,2.0999128457448432e-22
RIC8A,1.57564006860609e-12,-0.0035531363038362324,-0.04193604395258825,3,3.7911011658914374e-12
CASP2,9.000634256137154e-8,-0.005520376322870113,-0.03889506387692782,3,1.2244369328965804e-7
KBTBD11,2.9430634922364604e-5,0.007451439063142662,0.0337639634290581,3,3.197038971381311e-5
RNF25,8.950323757513946e-8,-0.004708728189192712,-0.03318787558240208,3,1.2181577531688354e-7
C1ORF50,1.5361122792348665e-4,-0.008268717994815322,-0.031533393088704224,3,1.5931461509886363e-4
ATP6V0B,2.965282169331749e-15,0.002140612235897177,0.031098673226802084,3,9.88315068482957e-15
EMCN,1.172309836561367e-10,0.0028971720128397696,0.02877169239317365,3,2.2356207741446614e-10
CSTF2,7.419112465544773e-7,-0.0044918566815046745,-0.02753350052820335,3,9.089497435857484e-7
TUBG2,5.5224614920968723e-39,6.462875647122515e-4,0.024725583890834124,4,2.944978101149114e-37
PSMD4,3.0090643482604418e-33,6.080788826065182e-4,0.01977567904920631,3,9.193318472341537e-32
RPUSD2,1.549828225072025e-5,0.003729046832475491,0.017935657833730266,3,1.7101753890655562e-5
PLD5,1.4731174779056336e-16,-0.0011040975317160306,-0.017479810028959392,3,5.846621871038192e-16
MRPS7,2.7190466305685483e-10,0.0011767084409219364,0.011255902663663591,3,4.959554581752209e-10
PODXL2,1.9134848770381558e-29,-3.8438579816346685e-4,-0.011038858606031743,3,3.6922704897058627e-28
ERAL1,4.0015512704081035e-4,-0.00291741165328833,-0.009912698502708506,3,4.0681282066228655e-4
KANSL1,1.9968563582965384e-6,8.110187808796123e-4,0.004622525769027545,3,2.3578018111448257e-6
TNRC6C,0.0011639557716599548,0.0013174181984133189,0.0038653886789521527,3,0.0011707415220434318
ZNF250,0.0015101201580417654,-4.005741308958274e-4,-0.0011300150147151486,3,0.0015142504012090592
SMYD5,3.568856288038472e-10,-7.951127318282329e-5,-7.51180442798344e-4,3,6.409954374045829e-10
