"","logFC","AveExpr","t","P.Value","adj.P.Val","B"
"COX8A",1.75922999687887,4.64898564055822,10.4698473364707,1.17107881142017e-11,9.06489498127903e-08,16.460341201839
"LONP1",1.02684276040898,6.00644597180209,10.3679085109747,1.48330573104327e-11,9.06489498127903e-08,16.3178187514813
"PCSK1N",2.27002351403845,6.14598661625421,10.2492827730705,1.95617069082413e-11,9.06489498127903e-08,16.035634959183
"MZT2B",1.43804595258911,4.45724841381066,9.88518000181414,4.62595277180268e-11,1.60774988584002e-07,15.1680348000165
"VPS51",1.07460575251811,5.68583177551166,9.66622924198437,7.82688768909432e-11,2.17618785307578e-07,14.7266704529111
"LCORL",-1.05866515333393,4.14245862325722,-9.47786118453926,1.23668307069458e-10,2.86539467479935e-07,14.2522730372532
"UBXN4",-0.8686463952994,6.17570372719459,-8.92360070815226,4.88174533360337e-10,9.14085401014943e-07,12.9767637941435
"CHPF",1.27319643733504,6.07264650304536,8.89392259968621,5.26016631284674e-10,9.14085401014943e-07,12.8996411494252
"LLPH",-1.01094700053566,3.4852598209222,-8.81485679068029,6.42134699030976e-10,9.27059811307289e-07,12.6401926381191
"ZNF891",-1.19558616233126,5.05762956780661,-8.77926702493356,7.02643749756965e-10,9.27059811307289e-07,12.6200619881387
"RAMP1",1.42614775537543,4.58038510716558,8.69971783969637,8.59825500733795e-10,9.27059811307289e-07,12.3995592712699
"ROMO1",1.88870629080411,2.09643129367943,8.68908269932618,8.83403277832853e-10,9.27059811307289e-07,11.8190483043957
"MT3",1.71830316793275,6.80676094262106,8.68641553790882,8.89419065766491e-10,9.27059811307289e-07,12.3916723261401
"TATDN1",-1.09251578409639,2.97608369366117,-8.66737585791964,9.33594976140271e-10,9.27059811307289e-07,12.2254957559598
"MZT2A",1.34996007261005,4.28824080351627,8.53903835586621,1.29596871408229e-09,1.20110380421147e-06,11.9985115005242
"SENP6",-0.894834217652232,6.74836819013093,-8.50631936270589,1.40947130783029e-09,1.22465438259105e-06,11.9516774064262
"TBC1D23",-0.907526208834285,4.64736216168705,-8.37002295336804,2.00257689555695e-09,1.58394084129929e-06,11.606104028273
"HNRNPH1",-0.992814048609918,6.44318371701824,-8.34641217912184,2.1287177886542e-09,1.58394084129929e-06,11.5540514521991
"CUL5",-0.983610067939561,5.19902440120428,-8.32850199610591,2.22978264402952e-09,1.58394084129929e-06,11.5077152383922
"ADIRF",1.59173064762311,3.75819497210259,8.31108184362661,2.33277534749297e-09,1.58394084129929e-06,11.3966901296789
"PMS1",-1.04707516821922,4.34476030418662,-8.3013098081812,2.39265988111676e-09,1.58394084129929e-06,11.4295314561743
"AP1B1",0.964348397843655,6.75829548270029,8.21987882022346,2.95676936258064e-09,1.86840943993618e-06,11.2348394499371
"FAM73A",-1.10089837525123,5.68458730489911,-8.19488318090456,3.15581312164254e-09,1.90748321813368e-06,11.1731844017739
"FBXO2",1.12754831206477,6.97223383683734,8.16946475282597,3.37224375265497e-09,1.9122453403653e-06,11.1071067865579
"EHD1",0.999863400373038,5.07776704397996,8.14996536154015,3.54848060259904e-09,1.9122453403653e-06,11.0548661644769
"SOS1",-0.939402889313294,6.33217522674643,-8.1469726996955,3.57634720540193e-09,1.9122453403653e-06,11.0521219677335
"RABAC1",1.2261560861478,4.01913623126799,8.09635556207801,4.08294994454858e-09,2.04162328854209e-06,10.8929047889541
"DDX21",-0.731094865837164,5.04905706423543,-8.09364731260643,4.11203079263261e-09,2.04162328854209e-06,10.9155101826622
"LYRM2",-0.737861397117636,4.96876878947577,-8.02720156118151,4.89558429839093e-09,2.34684182469761e-06,10.7465542094231
"CHCHD10",1.48666430728054,3.30350799671411,7.98870260883731,5.41755160112705e-09,2.51049341196228e-06,10.5537914704709
"UFM1",-1.08802604023844,5.48697112751921,-7.92134335078874,6.47108488248049e-09,2.90196845278206e-06,10.4775278305498
"DERL2",-1.0282756120726,3.53865546626974,-7.86371977653874,7.53685590033261e-09,3.27429283520075e-06,10.3058261952
"LTN1",-0.922200950848456,5.56372391692673,-7.84608971725283,7.8973918097134e-09,3.32695578601927e-06,10.2844905236418
"KCNH2",1.10754611152847,5.05972003938482,7.82281738667882,8.40034530997793e-09,3.43475295586215e-06,10.2230320386972
"S100A1",1.23365225917985,5.5328114672927,7.7927533804125,9.09867638175808e-09,3.57760849316879e-06,10.1469693499706
"NAA38",1.60114691103457,3.0076646088324,7.75641821301988,1.0022066908875e-08,3.57760849316879e-06,9.93132816170776
"LRP1",0.940808410617167,10.168683215003,7.75283120797674,1.01182461801593e-08,3.57760849316879e-06,10.01220747615
"ICE2",-1.11813192627759,4.76704381171713,-7.74932192333905,1.0213250077177e-08,3.57760849316879e-06,10.0349667704416
"POC1B",-0.934622090299125,4.66115657244685,-7.71273260373623,1.12595356607237e-08,3.57760849316879e-06,9.9404504889223
"GNPTG",0.858520307675846,5.55462515458619,7.71024201209451,1.13345997192139e-08,3.57760849316879e-06,9.93442151639471
"KIAA1033",-1.03403759037557,5.82731018576961,-7.71001783464447,1.13413811288877e-08,3.57760849316879e-06,9.93338875894459
"7-Sep",-1.2705133032966,7.5784233161673,-7.70699188947217,1.143332128375e-08,3.57760849316879e-06,9.92583913473511
"IFI27L2",1.09834500169952,3.21911623227888,7.70244664135443,1.15728503145485e-08,3.57760849316879e-06,9.84873178548862
"GPT2",1.14833115735107,6.18576882903725,7.69672229473721,1.17510417854582e-08,3.57760849316879e-06,9.89940505096113
"POLI",-0.965538348252427,4.72460894383035,-7.67799289867655,1.2353802269206e-08,3.57760849316879e-06,9.85092612150385
"RPL27",1.47796960659247,3.91562330136367,7.67223278217053,1.25454283036671e-08,3.57760849316879e-06,9.81405186336103
"PLEKHA1",-0.973156535921629,6.09340298121258,-7.66868232535971,1.26650468394853e-08,3.57760849316879e-06,9.82623434571247
"NBEAL1",-0.797179451863357,6.25293176281583,-7.66456499367455,1.28052171160399e-08,3.57760849316879e-06,9.81558086799335
"MED16",0.911544447721388,5.25812407801043,7.66205477601327,1.28914478158393e-08,3.57760849316879e-06,9.80981324212377
"TBK1",-0.965186662871601,4.17751022696374,-7.65521231158811,1.312950970948e-08,3.57760849316879e-06,9.78949548190707
"INTS6",-0.922605099522437,5.87394864669908,-7.65093779998061,1.32804913627349e-08,3.57760849316879e-06,9.78018407410135
"PNPLA2",1.2247812987085,5.26619215570395,7.64809347947866,1.33819336530555e-08,3.57760849316879e-06,9.77358568912804
"AC007325.2",1.80801732243662,4.09612706275174,7.62457726475571,1.42514050093421e-08,3.73817042339385e-06,9.69369301824151
"NDUFA11",1.12553684198151,4.14385508505852,7.60562091141236,1.4993955142087e-08,3.86011045157952e-06,9.65510149711131
"TRAF7",1.04180703696946,5.76991415678062,7.59471220356011,1.54389760423296e-08,3.90241172619029e-06,9.63495399737311
"BOP1",0.923699979178724,4.48431354228668,7.58680389261634,1.57699708306325e-08,3.91489525870453e-06,9.61274525677326
"C19orf52",1.09751900594172,2.51176061677445,7.56549897221009,1.66980195902994e-08,4.07255909376038e-06,9.40057677392469
"UBE3A",-1.04636621745582,6.54489321634092,-7.54415561361723,1.76834551930519e-08,4.18409338914558e-06,9.50260720311347
"AIP",0.784908946317945,4.83621184998542,7.5374840321465,1.80034566462239e-08,4.18409338914558e-06,9.4866660181368
"NAA15",-0.747737313248118,5.42796454410741,-7.5363540408511,1.80582364658851e-08,4.18409338914558e-06,9.48237111592924
"CAPN7",-0.815862690125706,5.2063993570422,-7.50299689888437,1.97539589647108e-08,4.42056989300196e-06,9.39580652894793
"TTC13",-0.85752582663096,4.32421370928789,-7.49200430650299,2.03475287421702e-08,4.42056989300196e-06,9.36811955261094
"SCAND1",1.48346487265735,3.56368450622651,7.49075508052634,2.04161204145574e-08,4.42056989300196e-06,9.33183359590548
"BLOC1S1",1.14473219202778,3.48485974931611,7.48721384149557,2.06118401003189e-08,4.42056989300196e-06,9.32595535300924
"SF3B5",1.20891930346431,4.05237737027141,7.48619045199136,2.06687557937798e-08,4.42056989300196e-06,9.34520904319331
"PPIG",-0.887961033918887,5.82251270856455,-7.45454452735727,2.25098394540997e-08,4.68941150359673e-06,9.26788126286392
"KATNB1",0.788908586488424,5.44104137611347,7.45305674397427,2.26003863286564e-08,4.68941150359673e-06,9.2658429000852
"SCAF11",-0.831992838764439,5.58273335700373,-7.42883358384029,2.41277862496696e-08,4.78754774593703e-06,9.2007740396238
"IBTK",-0.839081546463799,5.73424571813627,-7.42814918359433,2.41724327736568e-08,4.78754774593703e-06,9.19874610496415
"PCNXL4",-0.944198768592277,5.42055574858343,-7.4227303600747,2.45289028033657e-08,4.78754774593703e-06,9.18515413051431
"THOC2",-0.748080128551466,5.59743939693513,-7.41194615315814,2.52542980010479e-08,4.78754774593703e-06,9.15642605557431
"GIN1",-1.11516483387325,2.95837627598683,-7.40707880785625,2.55887982340545e-08,4.78754774593703e-06,9.11140866757407
"FNIP1",-0.829972144800948,6.38678266327761,-7.40676717873034,2.56103670885572e-08,4.78754774593703e-06,9.14273122870683
"POLR2L",1.35537376911238,3.36815131398077,7.40640936172614,2.56351555292009e-08,4.78754774593703e-06,9.1052222463334
"ZNF654",-1.02585841311253,4.19554774184094,-7.4036322453579,2.58283758412658e-08,4.78754774593703e-06,9.13771880265785
"TIMM13",1.16056831056164,4.05295007124395,7.39372267576865,2.65299805002248e-08,4.84774079575147e-06,9.10663304183209
"N4BP2L2",-0.990879146551825,6.85375808358849,-7.38928346509053,2.68505280731451e-08,4.84774079575147e-06,9.09783684564478
"FRA10AC1",-1.03833605564707,4.35610714122916,-7.38207059321046,2.73797676672175e-08,4.87991705268792e-06,9.08165014065784
"CST3",1.38860333181992,8.84009023642857,7.36340783965207,2.87988467472967e-08,5.06786794279644e-06,9.03201701918439
"DTX1",0.996123978475252,5.21988907776507,7.34942755467722,2.99106341418333e-08,5.19772044799708e-06,8.99519152975907
"SNX14",-0.842698694639669,5.37635008416964,-7.34121280079629,3.05841460653099e-08,5.24914566172763e-06,8.97107309538627
"SLC25A6",1.04589327206096,7.59839985851122,7.32978223316796,3.15470236520235e-08,5.27311484352793e-06,8.94375330878701
"SUPT20H",-0.800059922873068,4.83356992762028,-7.32780871150211,3.17163571326647e-08,5.27311484352793e-06,8.93812046165968
"FAM208A",-0.830678831289734,6.56857951645106,-7.32493696861684,3.19644103840692e-08,5.27311484352793e-06,8.92781021233564
"ETFB",0.887785414830787,4.92687151676459,7.31916451352349,3.24689949262677e-08,5.27311484352793e-06,8.91650422519769
"FAM96B",1.24141134093045,3.6009322444395,7.313371040602,3.29835499698598e-08,5.27311484352793e-06,8.88413607260564
"TSEN15",-1.57380902422854,3.05454648422521,-7.30816449492053,3.34530373236977e-08,5.27311484352793e-06,8.86224745337946
"TBC1D32",-0.846116849493106,4.23835435406644,-7.30781272080296,3.34850013049419e-08,5.27311484352793e-06,8.88736941681572
"ERGIC2",-0.999185818165173,4.91534400560328,-7.30481934597806,3.37582521273188e-08,5.27311484352793e-06,8.87728416258791
"C12orf57",1.20208226943034,3.80312070628564,7.29348367611828,3.48137125060543e-08,5.29555806723854e-06,8.84054056817642
"NDUFS7",0.863840710308347,5.46467427412801,7.2929250416807,3.48665846002369e-08,5.29555806723854e-06,8.84564849664915
"ZNF326",-1.10449011320721,5.73899034491544,-7.29104948167769,3.50446944458312e-08,5.29555806723854e-06,8.83802320301765
"NFKBIL1",0.95264517074125,3.59126883354233,7.25363835590642,3.87969151442354e-08,5.79951305736732e-06,8.7328284806965
"OBSL1",0.885104541577219,6.2463131525498,7.24849536424913,3.93437092394115e-08,5.81868346644999e-06,8.72681529467006
"TRPM7",-0.786738172103849,6.14852338059544,-7.23664830976496,4.06332222316278e-08,5.89585049092991e-06,8.69394142926341
"MAP3K2",-0.955041752903676,6.36542513305182,-7.23592177850275,4.07136848747857e-08,5.89585049092991e-06,8.69236813911126
"FAM135A",-0.678456780727585,5.72862701499599,-7.18034251731599,4.73739342770996e-08,6.73008967286019e-06,8.54495003535079
"C19orf53",1.23485972215285,2.97022949212515,7.17981080685293,4.74427267976046e-08,6.73008967286019e-06,8.49438896754567
"COX6B1",1.16935109262847,4.32080466659249,7.16905175696443,4.88567147136657e-08,6.82219366189105e-06,8.52291235501774
"SENP2",-0.765439479407525,5.78769759109986,-7.16463894167376,4.94489571057616e-08,6.82219366189105e-06,8.50318165290457
"AURKAIP1",1.04084332836223,3.96434902805117,7.16378647090996,4.9564203700978e-08,6.82219366189105e-06,8.5068868739761
"ATG12",-1.1108366522189,4.44334392239547,-7.13867939820003,5.30834884039915e-08,7.17362145130447e-06,8.44159594217158
"PANK3",-0.940748406994362,7.05523505667474,-7.13822542726966,5.31494036458323e-08,7.17362145130447e-06,8.43576795069853
"RNASEK-C17orf49",1.45081971480262,2.92050574822323,7.13098019439742,5.42126989966864e-08,7.19059682212976e-06,8.35390666356716
"NDUFB2",0.858648020109021,3.67264968939375,7.12666860999263,5.4855674243707e-08,7.19059682212976e-06,8.40585360854175
"DENND6B",0.86784518957434,5.37802686806451,7.12569622341687,5.50017495422239e-08,7.19059682212976e-06,8.40387342931566
"PMVK",0.874306524001316,4.39458600147909,7.12342742186297,5.53441130749449e-08,7.19059682212976e-06,8.40292633425712
"AGO3",-1.12675012688374,6.3132492764566,-7.119838305987,5.58901333664392e-08,7.19430216722443e-06,8.38444355963805
"PLEC",1.17397055221892,10.2630287173587,7.09171631357046,6.0361995489493e-08,7.69864643389846e-06,8.31055877422085
"TRIM24",-0.627836162042272,4.89298042634064,-7.07515905597384,6.3162924249746e-08,7.98264520836335e-06,8.2699872585868
"STXBP3",-0.861431733536534,5.46637757816552,-7.05058384924986,6.75652374814355e-08,8.46208947267492e-06,8.20071090481918
"NRAS",-0.960580573285466,4.68562833556436,-7.04091107948293,6.9382192110468e-08,8.59082280217198e-06,8.18056849857737
"SIKE1",-1.03212824683952,4.04519103315725,-7.03857171085145,6.98290157276244e-08,8.59082280217198e-06,8.17884691904802
"CSGALNACT2",-0.803421794181037,5.41080483217704,-7.03188128618953,7.11230706231927e-08,8.67327129652302e-06,8.15110748335768
"LDB1",0.886961793137548,5.40366324390109,7.02790354180715,7.19039406717367e-08,8.69224854972595e-06,8.14382233926157
"RAD17",-0.925291919583734,3.83112803087216,-7.01144821280618,7.52277487282774e-08,9.0156565760389e-06,8.10758917136821
"ZNF644",-1.05073191593374,6.04274591398711,-7.00804885580928,7.59335704293073e-08,9.02246577870282e-06,8.08610369040044
"TMEM160",1.48078054007068,3.23348479781397,6.99702276771429,7.82695040760074e-08,9.22120886156487e-06,8.03976180161943
"MED23",-0.773390598130715,5.19711440688745,-6.99082547479955,7.96142785525714e-08,9.30082101208275e-06,8.04288243292483
"IFT80",-1.14321390445225,5.2831694491762,-6.98214986019051,8.15362788321886e-08,9.44597790270905e-06,8.01924969977314
"FAM204A",-0.751376216141741,4.99722622810965,-6.97647491800897,8.28188899143025e-08,9.5058679876777e-06,8.00618285881432
"ARL13B",-0.819411266198951,2.96654630211836,-6.96900002363904,8.45395830375845e-08,9.5058679876777e-06,7.98080207021287
"ZNF708",-1.04866139752422,5.12287911495941,-6.96834790634624,8.46914059987306e-08,9.5058679876777e-06,7.98347514134617
"SLC38A9",-0.938586526137931,3.90624558355388,-6.96492566401735,8.54926993820192e-08,9.5058679876777e-06,7.98433241016612
"CNOT10",-0.673820447965286,3.88081409622755,-6.9644152397902,8.5612868325029e-08,9.5058679876777e-06,7.98307255178916
"TRMT13",-1.13514309584566,3.2552012361399,-6.96211768789103,8.61559032115803e-08,9.5058679876777e-06,7.97225040711847
"THOP1",0.728204889848858,5.4967509249665,6.95601296521446,8.76158008812579e-08,9.59082569961612e-06,7.95083245673035
"PRKCSH",0.790638558162313,6.39662961269691,6.95051035690946,8.89531849030046e-08,9.62955541110747e-06,7.934212516461
"STX7",-0.863754149452948,6.57023294010171,-6.94887364174947,8.9354959576526e-08,9.62955541110747e-06,7.92884496816159
"FBXW5",1.13216935559546,6.39136568654692,6.94128700519874,9.1241455591282e-08,9.68345523325833e-06,7.91036214653547
"RPL41",2.2417360561554,3.72077928452953,6.94126012282265,9.12482114484852e-08,9.68345523325833e-06,7.90482105371735
"TMEM161B",-1.22074680058643,3.74896739453802,-6.9197213780644,9.68274241398034e-08,1.0197688260542e-05,7.86491279539722
"ETF1",-0.697611552269578,5.65324164356933,-6.9117136019747,9.89887804804575e-08,1.03469325281152e-05,7.82864198019222
"FAM98B",-0.906809012260972,4.54436223002397,-6.89707253752509,1.03067745437001e-07,1.06928940079491e-05,7.79854956647208
"RPTOR",0.732537662659248,6.62135143851629,6.89112981938636,1.04771588496294e-07,1.07891453575961e-05,7.77551836216625
"TECR",0.844594903963006,5.39447692921944,6.88745667720694,1.05838962229332e-07,1.08189209772954e-05,7.76853845823658
"DDTL",1.29059750397643,2.70857441613207,6.88283449889504,1.0719778581845e-07,1.0877836631008e-05,7.7052875969233
"UBA6",-0.895108231899527,5.958793875289,-6.86138111812125,1.13739790866826e-07,1.14450277923914e-05,7.69298827190771
"CLUH",0.873536781213529,6.33638007458757,6.85917894522581,1.14433812627133e-07,1.14450277923914e-05,7.68955651741949
"PC",0.831997596637532,6.57620208306887,6.85544254538389,1.15621179895431e-07,1.14811831636163e-05,7.67987114305855
"FAR1",-1.00748307261523,6.33570093998976,-6.84232514353484,1.19889389140306e-07,1.18205836016208e-05,7.64229815345278
"ARMC1",-0.852721709250302,4.90092867673245,-6.8380479698764,1.21315350106001e-07,1.18769436420677e-05,7.63659497715842
"ANP32E",-0.973496939081463,5.73879110729675,-6.83178024973506,1.23436031451255e-07,1.19852091642824e-05,7.61379475470852
"G3BP1",-0.718920415466592,6.41013692627717,-6.82970785312539,1.24145455305471e-07,1.19852091642824e-05,7.60843546500402
"SCFD1",-0.911572388855801,4.633336143607,-6.82299579931165,1.26471602655986e-07,1.21255739318863e-05,7.59927378093939
"CCDC91",-0.905101739958388,5.03599712359913,-6.81995885036589,1.27538554140105e-07,1.21441162990119e-05,7.58662566460357
"IREB2",-0.795114984547247,5.50109285931118,-6.81338174040312,1.29880605750119e-07,1.22829944295112e-05,7.56516645658577
"TIAL1",-0.804198863552304,5.3686787342111,-6.80871548759132,1.31568589182635e-07,1.23434614213686e-05,7.55345378789612
"CTSF",0.619996016379081,5.82236465100088,6.8067239368627,1.32295766924465e-07,1.23434614213686e-05,7.54852939321697
"KRR1",-1.11029932253705,4.85064373628165,-6.79774304117964,1.35625875778572e-07,1.25027875778569e-05,7.52900722288182
"CA13",-0.921178644772151,2.13464108600263,-6.79623099233542,1.36194834881738e-07,1.25027875778569e-05,7.46015187384507
"TCEB2",0.889585914447865,5.55034309736353,6.79488997168958,1.36701461072813e-07,1.25027875778569e-05,7.51901851815989
"PUS7L",-0.976547223931258,5.24206637463325,-6.7876565710049,1.39467273384034e-07,1.26700430835881e-05,7.49783035101063
"ATP11B",-1.0204288292296,5.12946282190371,-6.78419863318018,1.4080942680932e-07,1.26700430835881e-05,7.48958437044376
"PNPT1",-0.923960303744906,4.99833006911915,-6.78123886825176,1.41968605434147e-07,1.26700430835881e-05,7.48293241999531
"ENPP4",-1.23202347951651,5.3233617297547,-6.78063288659783,1.42207124579688e-07,1.26700430835881e-05,7.47849914561384
"INTS1",1.01794435107191,7.82165676136034,6.77840610770888,1.43087092801275e-07,1.26700430835881e-05,7.47999048882
"NDUFA3",1.08991579601188,3.6465220669791,6.77232033489192,1.4552027102421e-07,1.28039418213833e-05,7.47230104529578
"TMCO1",-0.902691125438954,4.31331174994363,-6.76354482975167,1.49102806469233e-07,1.30366491543099e-05,7.44391306810421
"RASA2",-1.0120081282723,4.73897278546814,-6.75991068612704,1.50612446891056e-07,1.30863389792466e-05,7.42860865422928
"LRRC8C",-0.848130290242151,4.8108138461272,-6.75651542758139,1.52036834699886e-07,1.31280501614771e-05,7.41858071555126
"HAGH",0.658780985359656,5.13554875375289,6.74880007108927,1.55324524127526e-07,1.32977506376364e-05,7.39769874838905
"POLRMT",0.804233471319424,5.63760117878817,6.7474314045232,1.55915217517964e-07,1.32977506376364e-05,7.39042560324406
"RAB11B",0.838958548245398,6.50723707230114,6.74363364188472,1.57566206053235e-07,1.33261538072014e-05,7.3788465259526
"OCIAD1",-0.896071905090771,5.71894637856864,-6.74226527580356,1.58165399092809e-07,1.33261538072014e-05,7.37262744086814
"COPE",0.848923003942923,5.34037679984945,6.73319059915123,1.62197909922694e-07,1.35835864081042e-05,7.35453174214687
"PLEKHO1",0.894123825278555,5.04045153855201,6.72488717193259,1.65978846268791e-07,1.36911307790735e-05,7.33580474566056
"VPS28",0.812881439802336,4.70157425713165,6.72428838106295,1.66254928245131e-07,1.36911307790735e-05,7.33756797569868
"CBR4",-1.05326494442031,4.42531959960217,-6.72202487067335,1.6730276193472e-07,1.36911307790735e-05,7.33096118893833
"ADAM10",-0.720694840917822,6.37598604391988,-6.72001848653512,1.68237153674133e-07,1.36911307790735e-05,7.31268927117796
"NDUFS8",0.797746084414706,4.83435412118027,6.71832977458495,1.69027695648132e-07,1.36911307790735e-05,7.31969080037182
"MBIP",-0.75422585662662,3.22377810528441,-6.71748809678668,1.69423115933388e-07,1.36911307790735e-05,7.32650703156597
"ZRANB1",-0.662689970468881,6.03012176584324,-6.71546819501004,1.70375890143843e-07,1.36911307790735e-05,7.29977065719149
"HOOK3",-0.727404127740498,6.9163235416158,-6.71151794627191,1.72254900430161e-07,1.37625725619546e-05,7.29259362206111
"PSME4",-0.777969830440373,6.35413077235608,-6.70839303647114,1.7375617247958e-07,1.38031903417778e-05,7.28123532322762
"STRN4",0.806516393549479,6.05256391506634,6.70620643524733,1.74814530807618e-07,1.38083614050427e-05,7.27749977471906
"PDS5A",-0.685751675349902,6.55959686531405,-6.70307396754994,1.76342087295665e-07,1.38503259750527e-05,7.26765210734325
"TBRG1",-0.798881473448697,5.67583393089168,-6.69997461974857,1.77866790193539e-07,1.38915961644415e-05,7.25852972297188
"SMARCA4",0.751473132203518,7.03524244216794,6.68501812515636,1.85414233773563e-07,1.4400160211844e-05,7.22286604527555
"TRA2B",-0.891220515755408,5.89976829596926,-6.68003434207065,1.88000531034321e-07,1.44468646968412e-05,7.20412256897839
"XIAP",-1.58644210377875,4.38560034806519,-6.6791247385193,1.88476488182874e-07,1.44468646968412e-05,7.21680289790546
"PPP4R3B",-0.685709365550776,5.82877796930384,-6.67673278584113,1.89733923988085e-07,1.44468646968412e-05,7.19525054095066
"C4orf48",2.30049328579529,1.99469565035281,6.67590253039076,1.90172366531573e-07,1.44468646968412e-05,6.9813623911633
"FBXL15",0.840351011616814,4.3487926962974,6.66895157475177,1.93883497220645e-07,1.45580187003742e-05,7.19369339641604
"FAU",1.01335126923543,5.1275232564558,6.66700571897935,1.94935463984292e-07,1.45580187003742e-05,7.17900160967603
"TMEM198",1.16802621889561,4.07096009300981,6.66675919231295,1.95069152596524e-07,1.45580187003742e-05,7.19210135267248
"ZNF397",-0.834571955308736,5.76598067076555,-6.66355742401851,1.96813886040951e-07,1.45580187003742e-05,7.1597746315704
"KIRREL3",1.0102614222665,4.98880170856343,6.66345219703133,1.96871494437516e-07,1.45580187003742e-05,7.17158785353858
"SGK3",-0.972271305509196,4.53363661878023,-6.66009434153472,1.98718799906541e-07,1.46168717264589e-05,7.16271807621083
"ULK1",1.04181229772312,7.2848272983512,6.65487505813517,2.01625044585783e-07,1.47525861570082e-05,7.14354576410402
"FER",-0.615239144262759,6.33650332373379,-6.64788915692397,2.0558242329954e-07,1.49633866424618e-05,7.11750079928881
"DAGLA",1.03733705596777,6.60469947866711,6.64357325243914,2.08066484367766e-07,1.50653138837535e-05,7.10942560783972
"F8A3",0.971739835464294,3.6788536584669,6.63918294225079,2.10624535505442e-07,1.51126242091935e-05,7.11932901769502
"PPP1CA",0.723347755958055,4.44349612234083,6.63872352556648,2.10894050969899e-07,1.51126242091935e-05,7.11070210078736
"IRF2BP1",0.77120967328147,4.65012691153702,6.63675544482372,2.12052574577508e-07,1.51177173937257e-05,7.10282126209318
"UQCR11",0.963299824134151,4.69011130048484,6.63433779070828,2.13484560069538e-07,1.51421548677894e-05,7.09650993385171
"POLR2J",0.911336360285808,3.33288067778718,6.62245810932779,2.20664383788554e-07,1.55002237751393e-05,7.07112216513319
"CHERP",0.71977601466718,5.71469306354137,6.62229801760729,2.20762790064564e-07,1.55002237751393e-05,7.05167173369
"EPN1",0.951291017371867,7.19737261494452,6.62042344158182,2.21918376203106e-07,1.55030616380682e-05,7.04966846202111
"ZNF781",-0.992577897765549,3.05283860132366,-6.61631931941295,2.24469781854987e-07,1.56028945367401e-05,7.0558346602364
"RICTOR",-0.894340076667023,7.2203745115223,-6.60817124190439,2.29623479317099e-07,1.58817194500812e-05,7.01578101613312
"NXPE3",-0.80584441169844,6.79188279000478,-6.60361242466991,2.32559007125744e-07,1.60051253319905e-05,6.99995119462532
"SMC6",-0.831648206982563,4.74704332107865,-6.59832145018835,2.360136239743e-07,1.61628640418262e-05,6.99277423370114
"APPL1",-0.878973419980082,6.19756741435528,-6.5948642009458,2.38298949698712e-07,1.61987266588867e-05,6.97355386979586
"DNAJC27",-0.956188171913788,3.99553107697591,-6.59228905031508,2.4001572153812e-07,1.61987266588867e-05,6.9883445853806
"PRDX5",1.01324949821365,4.94320418221802,6.59226334298346,2.40032922725554e-07,1.61987266588867e-05,6.98008588289297
"UTP15",-0.920167687347181,3.61855398612647,-6.58696285834891,2.43606328752535e-07,1.62615844660131e-05,6.97877880022623
"NT5C2",-0.686897623211783,5.737108057769,-6.58601155140611,2.44253339987933e-07,1.62615844660131e-05,6.94972222504456
"PIAS2",-0.898011932762267,6.23220700334052,-6.58568837037227,2.44473540022783e-07,1.62615844660131e-05,6.94874718214739
"FKBP3",-0.960832249652321,4.21351231430209,-6.57471248910347,2.52072398338867e-07,1.65619029994089e-05,6.93758656068671
"CUL4B",-0.754656205813033,5.68664684318565,-6.57401615585138,2.52562468412795e-07,1.65619029994089e-05,6.91735348449704
"TRNT1",-0.912115819292331,3.61544660652816,-6.56843578043278,2.56524829142056e-07,1.66682005886351e-05,6.92915682477662
"PTBP3",-0.886006750539198,5.23890838040493,-6.56633737667856,2.58031020586114e-07,1.66682005886351e-05,6.89979049567811
"ATP13A2",0.88529119290644,7.05194663178566,6.5637717553752,2.59884729924779e-07,1.66682005886351e-05,6.89518569700236
"LARP4",-0.864366812047345,5.46405103287246,-6.56364916123029,2.59973642871685e-07,1.66682005886351e-05,6.89047931043886
"ILVBL",0.794308270665759,4.3469429491988,6.56317158738626,2.60320302755845e-07,1.66682005886351e-05,6.909242948957
"SMARCAD1",-0.714982204431932,5.21900861176686,-6.56171933228813,2.61377336233812e-07,1.66682005886351e-05,6.88748628098418
"PDE7A",-0.838250127531863,4.59817932040199,-6.5528458262487,2.67930934865099e-07,1.70081089337653e-05,6.87211266098034
"USP16",-0.674400608618479,5.02166841354634,-6.54922142099517,2.70655339531578e-07,1.70303120263297e-05,6.85600183624817
"AGPS",-0.875133539597452,5.0241539730828,-6.54788817784682,2.7166454916679e-07,1.70303120263297e-05,6.85231098291164
"SKIV2L2",-0.748113931458438,5.49947571921473,-6.54750436916958,2.71955781171429e-07,1.70303120263297e-05,6.8463867884256
"PICALM",-0.899171693694806,7.35043525275611,-6.54445971463568,2.74277263115192e-07,1.70986659723202e-05,6.8443947425399
"ACTR1B",0.677356019767989,6.17065330522037,6.53935266324256,2.78216366039108e-07,1.72668032173022e-05,6.82504204802783
"ZDHHC20",-1.15812978398167,6.29176206617131,-6.53758064602228,2.79596461978763e-07,1.72753333974612e-05,6.81857610992791
"MLST8",1.04359880988055,4.67825405897244,6.53459874863899,2.81934490061185e-07,1.72919473364201e-05,6.82771220973672
"DENND4A",-0.62418028535538,6.927532236555,-6.53406756636352,2.82353045991035e-07,1.72919473364201e-05,6.8122605936294
"RAB21",-0.977011048105436,6.18178694476682,-6.53021055363033,2.85411162340393e-07,1.73992956762529e-05,6.79806121376293
"SLC4A3",0.946796913478689,6.90832487942083,6.52751240700323,2.87570334806393e-07,1.73992956762529e-05,6.79606283641677
"THAP5",-1.17826671914077,4.28026596237116,-6.52698405158616,2.87995077295909e-07,1.73992956762529e-05,6.80766139331984
"FKBP8",0.831391255818857,7.88069257941853,6.52559821177691,2.89112163804806e-07,1.73992956762529e-05,6.79857041803192
"TICAM1",0.972210799030171,3.61123557047856,6.51961651170144,2.93984330862686e-07,1.76162507226425e-05,6.80032931367513
"GUF1",-1.05320928325579,4.54932544625635,-6.51613973460118,2.96854270964317e-07,1.77118801499825e-05,6.77355680029523
"RNF187",0.8988791827849,6.69760106038716,6.51282423160888,2.99617469555275e-07,1.78003506912711e-05,6.75501036812024
"PPDPF",1.59746061326928,4.73210605436958,6.51015502367629,3.01860918742692e-07,1.7857321244089e-05,6.76520756895017
"PFKL",0.917560739183526,7.5072997279381,6.50148953883695,3.09261935078247e-07,1.8217624667194e-05,6.72985996454105
"DDX18",-0.633793852007871,4.81305983879195,-6.49739393520619,3.12823485000204e-07,1.8349671259379e-05,6.71848913190109
"CEP70",-0.715568793627173,4.66635697695619,-6.49280617210529,3.16862283210127e-07,1.85084851310386e-05,6.70838592568588
"ZDHHC6",-0.712834219876092,4.01530564390703,-6.48291789135742,3.25747521726197e-07,1.88895932213109e-05,6.69332473868233
"MRPL4",0.767786643388797,3.64112372995565,6.48252652102186,3.26104328378263e-07,1.88895932213109e-05,6.70088610683057
"HIST1H4C",1.4104745131033,4.64249998128861,6.47678885484885,3.31380856508628e-07,1.91155878306346e-05,6.67506371801876
"GPC1",0.920334491015566,7.25711898820713,6.47240815903215,3.35467504623076e-07,1.92713605341735e-05,6.64879256452396
"FAM133B",-1.25568605729824,2.29242150592139,-6.46492632839078,3.4256528424437e-07,1.959811761961e-05,6.62022763795427
"PIGA",-0.971080519381762,3.56593249117989,-6.46227363338286,3.45118100343182e-07,1.96632452088972e-05,6.64470893718907
"VPS4B",-0.65536312186697,4.63298316823787,-6.45877289780599,3.48516481875248e-07,1.97758209429784e-05,6.61666444840202
"WDR36",-0.918405605146747,4.00040479133102,-6.45524203184618,3.5197837543334e-07,1.98910706311963e-05,6.618754534511
"ENTPD4",-0.672653257203967,5.8407578850883,-6.44965474750152,3.57527672102995e-07,2.00615064495569e-05,6.5786804672844
"ZNF701",-0.820776251651243,4.08648230982197,-6.44930255307134,3.57880420046764e-07,2.00615064495569e-05,6.60112910150498
"KNDC1",0.809943895620537,7.75290140434138,6.44662159560825,3.60577145363226e-07,2.01314998989541e-05,6.58310554563171
"TRIM28",0.591191066511883,6.03864886789387,6.44396759525328,3.6326698271857e-07,2.02005503750142e-05,6.56547786401152
"ARMC6",0.794053510257657,3.89442441660193,6.43526478656594,3.72230404555096e-07,2.05718085115374e-05,6.57152035763654
"ANAPC1",-0.678096638218055,5.30466768429936,-6.43462043372118,3.7290287332092e-07,2.05718085115374e-05,6.54109018770253
"DBT",-0.768454006289285,5.45797510811632,-6.43186041255168,3.75797245609843e-07,2.05742166341172e-05,6.53210359411155
"TANK",-0.770299377511942,3.583950209774,-6.43175672843246,3.75906418146005e-07,2.05742166341172e-05,6.5623997959421
"C16orf13",0.882686233610837,3.61911749862814,6.42675543697682,3.81210681706573e-07,2.07827094003324e-05,6.55165698194746
"PEX14",0.817224365044779,4.24142289101892,6.42455046359249,3.83573190685269e-07,2.08298222535414e-05,6.53696716898232
"FAM173A",1.55414937494804,3.2379743855059,6.42179818912005,3.86542872977391e-07,2.09094125296953e-05,6.5316003958245
"HEATR1",-0.657554196120347,5.46515592932943,-6.41745239041405,3.91279331394624e-07,2.10835862986359e-05,6.49282331066515
"PMM1",0.853849657594578,4.14421066699072,6.40947781320423,4.00123851964403e-07,2.14769181081434e-05,6.49841175362812
"WDR75",-0.826148107929223,4.22880334506879,-6.40526217077188,4.04880715155505e-07,2.15490624731292e-05,6.47910797975893
"NUFIP2",-0.93341121495561,7.32646059426474,-6.40472269520787,4.0549356034696e-07,2.15490624731292e-05,6.4645112923679
"THRA",0.896254319974887,8.03004853698103,6.40197620533126,4.08628139321738e-07,2.15490624731292e-05,6.46482472695552
"PLPPR2",1.11059748870214,7.16614201684271,6.40153779525635,4.09130759266484e-07,2.15490624731292e-05,6.45566674836795
"DDI2",-0.926819354716835,5.80105654324246,-6.40136479813331,4.09329265494969e-07,2.15490624731292e-05,6.44718932550138
"NR3C1",-0.723413377750802,5.79057494018879,-6.40011317527181,4.10768346668051e-07,2.15490624731292e-05,6.44372405333154
"WNK2",0.885914837675254,7.84405921557762,6.38974987102193,4.22881876670975e-07,2.20325886803284e-05,6.42956907304074
"LMTK3",1.053148472791,7.04583618783602,6.38951965981799,4.23155026445668e-07,2.20325886803284e-05,6.4219117622785
"PPP1R1B",1.28002870894438,7.25266061507884,6.38670373757699,4.26510628633824e-07,2.21244431315949e-05,6.41635650070891
"SLC39A3",0.775190485674816,4.24518984649692,6.38051377066463,4.33981723041165e-07,2.24283045119638e-05,6.41737445307121
"CHML",-0.993204190497254,3.44791766397647,-6.37602429333828,4.39482970262992e-07,2.25265965982027e-05,6.41418576470562
"RBMS1",-1.00375684649783,3.77337364984094,-6.3759515946885,4.39572629817178e-07,2.25265965982027e-05,6.40874520852814
"SAR1B",-0.668833638117347,5.99102154564793,-6.37500253575543,4.40744804683581e-07,2.25265965982027e-05,6.37484501432522
"CHID1",0.731222598539465,4.64381649912297,6.37333216391118,4.42815541368004e-07,2.25495298758168e-05,6.38975977766898
"UFL1",-0.927376280672927,4.96504424213248,-6.36785701108797,4.49672162142893e-07,2.28151182412792e-05,6.363633424215
"CNOT2",-0.816024204374568,5.17154148974326,-6.36241795925828,4.56589763791659e-07,2.30818578044787e-05,6.34580070839918
"NLK",-0.664553411246756,5.91439268169734,-6.35971771047481,4.60063875184103e-07,2.30986054721119e-05,6.33315522227053
"TUG1",-0.704839103426796,6.80892181087472,-6.35957818018653,4.60244117089267e-07,2.30986054721119e-05,6.33624493324711
"EIF5B",-1.10932057951227,5.91212795712084,-6.35667872409095,4.64005747592034e-07,2.32036255504477e-05,6.3251969436632
"LTBP4",0.77897899373339,5.38152944322337,6.35072415171441,4.71828613221818e-07,2.3510255845913e-05,6.31677522732352
"ZFP14",-0.760952781925795,4.79288791036881,-6.34655722323669,4.77382045406921e-07,2.37020185544536e-05,6.30847129171275
"HERC4",-1.1097709406423,6.01601807485162,-6.34145958993413,4.84265729895438e-07,2.3936541498288e-05,6.28352618177719
"SBF1",0.928917238970179,9.26290699561437,6.33999915117352,4.86256272190161e-07,2.3936541498288e-05,6.31109184245441
"FAM69B",0.823321674521092,4.2853212323114,6.33844752767035,4.88380150873988e-07,2.3936541498288e-05,6.30285079174243
"ATN1",0.892566504773722,8.35178290449524,6.33800122239495,4.88992791361947e-07,2.3936541498288e-05,6.29460322820408
"UPF2",-0.672254250676475,5.70998649696739,-6.32977505383124,5.00424821554788e-07,2.44101960324725e-05,6.25189160700785
"ZBED5",-0.955134245118252,4.82398584425308,-6.32788065983879,5.03095499229302e-07,2.44546630429572e-05,6.25696147726137
"NT5C3A",-1.02082205700505,2.64622153616699,-6.32596705285694,5.05807876080695e-07,2.45008400462503e-05,6.27553482260967
"NDUFB7",1.24986355977093,4.03312106843409,6.31951254256101,5.15065980330409e-07,2.48626640921991e-05,6.25968519240926
"G6PD",0.877307772795346,4.65579964670415,6.31292796748337,5.24687009445605e-07,2.52394422329162e-05,6.22637574277295
"SHARPIN",1.04985649644039,4.29330395817975,6.3101225430922,5.28841080975675e-07,2.53515472680132e-05,6.22745496847954
"EPHB6",0.7378372428506,5.09851225401345,6.30573588335033,5.35403194038249e-07,2.55779216615799e-05,6.19775904012331
"THAP4",0.842790117505402,4.74133312472286,6.30424348635519,5.3765440036144e-07,2.5597505047345e-05,6.20088665480411
"CEP78",-0.738854151473956,5.3487898080349,-6.29823048125078,5.46821963425986e-07,2.59190213280769e-05,6.16833395185486
"TMEM147",0.989811619044132,3.603387544015,6.29737669271196,5.48136402708575e-07,2.59190213280769e-05,6.20460567790199
"NUDT1",1.22695204485368,1.21879315320309,6.29431216724327,5.52880682761543e-07,2.60277972975455e-05,5.93144091524325
"UBR1",-0.73207493835982,5.99517885173891,-6.29258777231654,5.55568472712938e-07,2.60277972975455e-05,6.14952903455924
"TIA1",-0.828515734022385,5.34631193961317,-6.29227749062501,5.56053502903972e-07,2.60277972975455e-05,6.15207517635871
"RB1",-0.775480249620282,5.17823594909775,-6.28748900541696,5.63593268114156e-07,2.62921933332987e-05,6.1410519077945
"RB1CC1",-0.81049788709009,6.84842758376033,-6.28502128156374,5.67519065849905e-07,2.63855622452946e-05,6.13291774243532
"YME1L1",-0.76767309279756,5.55038842721472,-6.28368399610743,5.69658018351124e-07,2.63855622452946e-05,6.12672501263174
"CAPN1",0.629847729879746,6.00733629609076,6.28266794225484,5.71288608533568e-07,2.63855622452946e-05,6.12538909861552
"PPP2R3C",-0.770457990652674,3.4432160073413,-6.28052636511847,5.74740916645183e-07,2.64571133218587e-05,6.15686383555774
"DHX36",-0.874618209612392,5.28162848407781,-6.27817170698746,5.78561033225244e-07,2.65450676036216e-05,6.11424321535018
"FNTA",-0.78984503252489,4.78796654787622,-6.27536461786512,5.83148666074538e-07,2.66675419597639e-05,6.11430045605513
"ATM",-0.759604644791557,7.56645681395154,-6.27371876605923,5.85855544618416e-07,2.67034878074925e-05,6.10985456909694
"MEGF8",1.02263066913662,7.89195325780217,6.27050944294482,5.91170347532597e-07,2.6825462430572e-05,6.10544146892988
"INTS8",-0.798901790398041,4.97487597077415,-6.26952294146495,5.92813803587695e-07,2.6825462430572e-05,6.0950297770678
"DUSP23",1.47118147675679,1.93395431006315,6.2686210038731,5.94320416387295e-07,2.6825462430572e-05,6.01179440763973
"SEC63",-0.890862459750892,5.8935617028751,-6.2660500029737,5.98636307613357e-07,2.69328218396145e-05,6.07704494377421
"TVP23B",-1.09242927019935,3.01694452007975,-6.25970609618327,6.0942153731501e-07,2.73296071346879e-05,6.10459866440551
"PTBP2",-0.981967624369602,5.58897864164854,-6.24955572226932,6.2708761226044e-07,2.80314211757062e-05,6.03311037670274
"SYNGR3",0.963940831687865,4.77986355416515,6.24680399451693,6.31965261407621e-07,2.81589136669511e-05,6.04433272868054
"XRN1",-0.689679782637812,6.36656456444562,-6.24425464785059,6.3651833938817e-07,2.8271175572442e-05,6.01794420664028
"PGP",0.8859794209666,5.01850852726594,6.24127094526404,6.41889234351432e-07,2.8418930369279e-05,6.02408996725587
"UHRF2",-0.727131653397276,5.05006039507597,-6.23730140929292,6.49105676734719e-07,2.86471971998923e-05,6.00570125866951
"CUL3",-0.697571327499337,5.39090809674997,-6.23576885395122,6.5191365328738e-07,2.86800747088644e-05,5.99694507237051
"FAM126A",-1.05294411086147,5.83610595129478,-6.23389914534332,6.55355974268463e-07,2.87405638936283e-05,5.98924076161645
"ZNF506",-0.894453091465604,4.64369112694458,-6.22865579964931,6.65107667250775e-07,2.89985829536653e-05,5.989559882372
"VPS13C",-0.760594473137188,8.38774873211463,-6.22849378599575,6.65411305007857e-07,2.89985829536653e-05,5.99681242843126
"RPS18",1.12796803740557,5.54615995680233,6.22546465581299,6.71114173850223e-07,2.91490996702645e-05,5.97496348233327
"FAM91A1",-0.709390115396803,4.91611086944876,-6.22314478425371,6.75515068526352e-07,2.91490996702645e-05,5.96925087873561
"ABCA5",-1.08928283667175,5.72327522285196,-6.22209994867993,6.77506666163591e-07,2.91490996702645e-05,5.95730060639792
"ZNF181",-0.93869944084454,3.91675880671281,-6.22153893740327,6.78578473049613e-07,2.91490996702645e-05,5.98705505299234
"ABCE1",-1.18620052424768,4.66075362046377,-6.22113623251226,6.79348891754114e-07,2.91490996702645e-05,5.96879354729342
"GK5",-0.913489463287946,4.95017257560954,-6.21705416388162,6.87208330780712e-07,2.93138572626416e-05,5.95193820110438
"SMCHD1",-0.668054735782096,6.32368418740954,-6.21633717794525,6.88598227640456e-07,2.93138572626416e-05,5.94122920984619
"CYLD",-1.00486548029786,6.42742477881084,-6.21586528438052,6.89514553652986e-07,2.93138572626416e-05,5.94067136667682
"CCDC85B",1.23014342696297,5.33976818075632,6.20993008072379,7.01145174663147e-07,2.96479043840769e-05,5.93575724537439
"SH3GL1",0.783293612362094,5.59478440754818,6.20968118432586,7.01637213520449e-07,2.96479043840769e-05,5.92899987195957
"PUS10",-1.11790423658928,2.70116864107825,-6.20520843552732,7.10538934992557e-07,2.99330674977773e-05,5.95581033396625
"RNF115",-0.586652560928255,5.80945376776372,-6.20054079440953,7.19950071010652e-07,3.02379029824474e-05,5.89762012051268
"TMEM68",-0.981215093379483,2.65319314583578,-6.19782427920363,7.25485039972762e-07,3.03785934509076e-05,5.93514244996644
"EPC1",-0.741990336999605,5.15335282076489,-6.18977068628676,7.42148052964117e-07,3.08039130987598e-05,5.87391663910855
"ELK4",-0.710695473643146,6.16824169293256,-6.18955433876337,7.42600965916158e-07,3.08039130987598e-05,5.86729904415663
"U2AF1",-1.02273723127889,2.78752126209733,-6.18921775396647,7.43306144132786e-07,3.08039130987598e-05,5.91452255973526
"MYO9A",-0.655851123459212,7.01058665363812,-6.18734950371769,7.47232611374651e-07,3.08039130987598e-05,5.86698804185751
"DEK",-0.763066058224918,4.58973208763452,-6.18709874617275,7.47761214198052e-07,3.08039130987598e-05,5.8772038363555
"PSMA7",0.717140121553301,4.53664664319883,6.18654160448566,7.48937032612633e-07,3.08039130987598e-05,5.88335579564305
"ZBTB8OS",-0.89238446092799,3.21101834206333,-6.185282580785,7.51601010914936e-07,3.08222927838922e-05,5.90327340740395
"NAE1",-0.956258963862935,4.30867842692019,-6.18083747895465,7.61083124896999e-07,3.10404168803674e-05,5.8665980939055
"NDUFA1",1.33289918053971,2.93440201627436,6.18069661860517,7.61385567271277e-07,3.10404168803674e-05,5.88503461980691
"PTPRS",0.683362104717309,8.79831347352049,6.17604794687573,7.7143508360908e-07,3.12691382587793e-05,5.85934391454209
"BBIP1",-1.10070344108166,4.03319528425113,-6.1725773859306,7.79024900762104e-07,3.14825702627755e-05,5.85096433438572
"HMGN1",-0.98962958723588,4.5367772018607,-6.16517218461717,7.95472229051749e-07,3.20540722558766e-05,5.81834840457199
"ST3GAL6",-0.983405384514432,3.41107586442054,-6.16345198147216,7.99342755134579e-07,3.21169450343379e-05,5.84106429829297
"FAM172A",-0.75030947717641,4.91825908538645,-6.16193120505378,8.02780380443762e-07,3.21621119565683e-05,5.80156543651323
"EHMT2",0.711436967618627,6.68198747251771,6.1596645326814,8.07931755141316e-07,3.22754806321108e-05,5.78992381337282
"PIGM",-0.941526756726117,3.54661259965391,-6.15747435155084,8.12940962311269e-07,3.23825365560208e-05,5.82194463407914
"ANKRD12",-0.697265547884074,6.29749790568643,-6.15620243074426,8.15864363617814e-07,3.23905182067624e-05,5.77612455501708
"POMGNT2",0.993688858051496,5.55367521105869,6.15536228831434,8.17801171815106e-07,3.23905182067624e-05,5.78204940626301
"TAS2R13",-1.48541431217987,1.63369745235546,-6.15029595266743,8.29579462065492e-07,3.27107066478146e-05,5.72426048204766
"MYEF2",-0.782391308574641,5.96648602049764,-6.14986413256875,8.30591242028381e-07,3.27107066478146e-05,5.75820379140235
"TUBG2",0.827498490121293,6.28301458886763,6.14658238110113,8.38321359718886e-07,3.2921874414723e-05,5.75306480645411
"EIF1AX",-0.978899021565917,5.86855459341994,-6.14518097229482,8.41644426525486e-07,3.29592699086121e-05,5.74562334961343
"PNPLA6",0.659204847305824,6.95415618880011,6.14136351995235,8.50764033611723e-07,3.322281346986e-05,5.74160533058197
"SVIP",-1.13872730067842,4.28301915379743,-6.13889102030864,8.56723759205165e-07,3.33618310937541e-05,5.75273283378101
"ATP1A2",1.05322629750314,9.78570633201938,6.13403808211441,8.6854400687306e-07,3.37276502333779e-05,5.75976038713435
"C1QTNF4",1.32010284545896,3.87784776681889,6.13246073104953,8.72421250186069e-07,3.3783844624197e-05,5.75742961421878
"TMEM94",1.11064494040097,6.52209633258608,6.12785860206879,8.83833659475188e-07,3.41242771904093e-05,5.70344357009411
"LSM1",-0.704521991598947,2.50169686608407,-6.12618684374529,8.88016477869573e-07,3.41242771904093e-05,5.7400734686202
"LY6H",1.09601002930998,5.78145593011821,6.12596368303266,8.88576344621504e-07,3.41242771904093e-05,5.70003831839036
"EIF2S1",-0.877043865058755,4.76785671065776,-6.12107117836665,9.00940525695101e-07,3.45037883972818e-05,5.69249447278191
"LSM4",1.09703903885093,3.57238041772314,6.11947475663147,9.05012374767688e-07,3.45645110824736e-05,5.72620419630905
"CARM1",0.59959059478256,5.27563406953327,6.11699844151054,9.11365236127027e-07,3.47117794866793e-05,5.67755884758099
"METTL6",-0.62177020387791,3.81937558478175,-6.1139436381723,9.19264165038888e-07,3.4777823026569e-05,5.69701644961403
"KIAA1841",-0.736910550387277,4.65180936835917,-6.11372989431797,9.19819428235196e-07,3.4777823026569e-05,5.67497786743992
"CEND1",1.10297210215895,5.82265530640323,6.11342804461668,9.20604148595697e-07,3.4777823026569e-05,5.6651450117106
"MRPS10",-0.75926521491911,3.80930629145654,-6.11040152006333,9.28509632389289e-07,3.49814116787965e-05,5.6874541749905
"DR1",-0.668670991850022,5.45575322984615,-6.10883507107987,9.32628146476445e-07,3.50416121413934e-05,5.6480186442095
"RHBDD2",1.13404667504159,5.69870678327138,6.10027239344944,9.55468889050039e-07,3.57360357173929e-05,5.63060831990099
"RHBDL1",1.12930349623704,3.1211654400115,6.09998275429911,9.56251279446854e-07,3.57360357173929e-05,5.67515430231094
"SRSF4",-0.593982988096964,5.53502676525703,-6.09728515672709,9.63569282625493e-07,3.59129763191947e-05,5.61560055889206
"DGKQ",0.899308473254518,5.72317956053164,6.09585428831263,9.67473811131955e-07,3.5962088027691e-05,5.61626710338273
"CEPT1",-1.01172264289095,4.01038848514048,-6.09196463449837,9.78168635558809e-07,3.62476832427109e-05,5.63168962798892
"TESK1",0.896024737135859,5.37478176097639,6.09116867840948,9.80371809758258e-07,3.62476832427109e-05,5.60744031009506
"CRAMP1",0.947656092416896,5.3977255315279,6.08283698713297,1.00373601276968e-06,3.68214615778819e-05,5.584908442754
"CCDC82",-0.906686937967024,5.8100789833467,-6.082005074283,1.00609951512935e-06,3.68214615778819e-05,5.57205248185687
"FXYD1",1.32145991352658,5.18684865575845,6.08159166844029,1.00727610577436e-06,3.68214615778819e-05,5.58783285737343
"MED4",-0.828782432078515,4.02740622646115,-6.08088286326487,1.00929665847516e-06,3.68214615778819e-05,5.60098862470333
"KIAA2013",0.791387909110153,4.937659668644,6.08001284572704,1.01178235669334e-06,3.68214615778819e-05,5.5837079363583
"PELP1",0.950672255814713,5.9206213599247,6.07767591968034,1.018489702686e-06,3.69376166351348e-05,5.56521900758058
"C1GALT1",-1.31786885584551,4.53036078502219,-6.07665209530508,1.02144234229706e-06,3.69376166351348e-05,5.57651019573678
"AP2A1",0.680556283197856,6.94712978161595,6.07542845731392,1.02498255149129e-06,3.69376166351348e-05,5.56055175624179
"PLPPR3",1.26977845943409,4.85719831368753,6.0752147638762,1.0256020731666e-06,3.69376166351348e-05,5.57636121351248
"PTPN23",0.694868170695091,6.15182887044518,6.07031706367386,1.03990498836611e-06,3.7355966791384e-05,5.54291668194466
"SYVN1",0.618514101773011,5.56220216349431,6.06885766876188,1.04420566333788e-06,3.74137812673279e-05,5.54183245978269
"PTGES2",0.83973092457224,4.64416756681964,6.0578499311441,1.07722713307682e-06,3.84977162057429e-05,5.52971821420423
"MRPL24",0.93521050312596,3.44806038550856,6.05652748870162,1.08126442659927e-06,3.85429180989307e-05,5.55681105533073
"IRF2BPL",0.798994003446987,5.84813544227988,6.05274638293355,1.09289212411739e-06,3.88577654973912e-05,5.49631200173231
"CCDC186",-0.87252609081281,5.2695453647993,-6.04899597021853,1.10454992800796e-06,3.90606215920026e-05,5.48569226388994
"OTUD5",0.616228868596695,5.61226709227311,6.04872730437641,1.10538984508716e-06,3.90606215920026e-05,5.48589610380965
"LRRC14",0.875716281566126,5.36780038067612,6.04820431751209,1.10702668013588e-06,3.90606215920026e-05,5.48928080732859
"HIST1H4B",1.79965396105718,2.55533038570172,6.04504709043134,1.11696012774288e-06,3.93113410022318e-05,5.49656424281862
"MROH1",0.900069173598992,6.93235318554158,6.04187683010994,1.12702496949599e-06,3.95572264104645e-05,5.46887678890788
"SHISA4",1.27955851540888,5.00103894378722,6.0402442502118,1.1322436330524e-06,3.95572264104645e-05,5.47770096401063
"ATR",-0.715843473963751,5.85058602456089,-6.0401696072179,1.13248281623974e-06,3.95572264104645e-05,5.4567100706141
"USP45",-0.776521246194545,4.81548559496426,-6.03801358473326,1.13941351225652e-06,3.9699565532306e-05,5.46360170637466
"EDF1",1.02872132928566,4.42604575277448,6.03654189692181,1.14416889306245e-06,3.97500544320672e-05,5.48012457266189
"CLPTM1",0.787591641789708,6.34203259101589,6.03579769495513,1.14658119891087e-06,3.97500544320672e-05,5.4484894932771
"BLZF1",-0.867557436107534,4.42732517680928,-6.03433424172608,1.1513398925672e-06,3.97879117670426e-05,5.46279709598983
"CTB-50L17.10",0.876842339649424,5.15584993156098,6.03370342636573,1.15339724083716e-06,3.97879117670426e-05,5.45318244982711
"GDAP2",-0.72181302442834,5.90251748145663,-6.03118698179673,1.16164133293375e-06,3.99731133921907e-05,5.43186864149857
"ATRX",-0.67474806411822,7.0349529937789,-6.02501707350569,1.1821066448931e-06,4.04581419341577e-05,5.42148800523643
"SPTLC2",-0.920952249798844,6.58011281147418,-6.0243123280776,1.18446725415064e-06,4.04581419341577e-05,5.41524081523438
"GSTP1",0.995094198500019,5.94732201872023,6.0209429443242,1.19581912081088e-06,4.07457779841002e-05,5.40965056608307
"CCDC106",0.981487616255354,5.02221805926596,6.01454271729263,1.21768504170723e-06,4.11879743304475e-05,5.40365711172663
"DENND6A",-0.701573393876015,4.46466974700137,-6.01298632983271,1.22306294472745e-06,4.12694685864102e-05,5.40345062490757
"C18orf54",-1.42663129494439,2.31584002487785,-6.01167381362963,1.2276167762442e-06,4.13196835290919e-05,5.42827111899277
"MFSD3",1.26279662046563,2.70698191926935,6.01084661796062,1.2304955388465e-06,4.13196835290919e-05,5.42629255414046
"NELFB",0.920035331484261,6.02666565477438,6.00754076854625,1.24206844680094e-06,4.15706031312088e-05,5.37165374696117
"PAPOLA",-0.867628658400859,6.73974377352477,-6.00700667853339,1.24394841767968e-06,4.15706031312088e-05,5.36889337214702
"PPA2",-0.83880219725157,3.94819952767095,-6.00557803384555,1.24899127958396e-06,4.16390330186479e-05,5.39751271495071
"SRPK1",-0.644749478686312,4.80269348340379,-5.99578643998803,1.28411264545792e-06,4.26131894638042e-05,5.34802521526322
"RUVBL2",0.67044926876299,5.13686533370494,5.99572331099382,1.28434228063113e-06,4.26131894638042e-05,5.34753176712026
"DPP8",-0.829389515829117,5.88686561158818,-5.98745681107201,1.3147723147438e-06,4.35189636180198e-05,5.31146710049737
"CNTFR",1.47737795516376,5.53779904575499,5.98517610610589,1.32329499289088e-06,4.36970237319928e-05,5.31897475576161
"RTN4R",1.75984815921314,3.69638170980247,5.98059563517372,1.34058006500087e-06,4.41629006247442e-05,5.35281560749927
"STRADB",-0.6087975168051,4.22485784528112,-5.97967390273956,1.34408574850994e-06,4.41737117630855e-05,5.31891677227148
"KATNBL1",-0.875927800697221,4.30554374552127,-5.977513068106,1.35234042908486e-06,4.43401807668341e-05,5.31035788505869
"LYRM7",-1.21176063490318,4.55606999005915,-5.97379252425041,1.36667324283331e-06,4.47046856985146e-05,5.293498307323
"TCEA2",0.753055702355937,4.80144060444888,5.97165766744649,1.3749664281349e-06,4.48703832956135e-05,5.28893447281199
"NBN",-0.755759728241139,5.24076099593766,-5.96174932172905,1.41412546370906e-06,4.60402159168229e-05,5.24593715495706
"CRAT",0.849237678815541,5.45636155278816,5.95963395599688,1.42263009034341e-06,4.61113634276857e-05,5.24440863198368
"ZFYVE16",-0.962341871740694,6.90606269375367,-5.95926191424494,1.42413116640434e-06,4.61113634276857e-05,5.2392189002024
"EXOSC3",-0.83238093347557,3.19950261556505,-5.95873460792814,1.42626142093978e-06,4.61113634276857e-05,5.29098660815618
"RPS6KB1",-0.664233261589609,5.17574771519632,-5.95781800678175,1.42997202022415e-06,4.61240627033786e-05,5.23622194232934
"ALKBH7",0.997969307025804,3.6407924619798,5.95652714232354,1.43521421085364e-06,4.61859906464985e-05,5.28263157090342
"RBBP4",-0.689889598703888,6.4095928171499,-5.95158022986069,1.45548341033371e-06,4.67300932343169e-05,5.2135253079372
"SECISBP2L",-0.937169350438388,8.0491332337395,-5.94637015249244,1.47714267033729e-06,4.73162152143525e-05,5.21986718781522
"CSTB",0.900112824012498,2.83586013209633,5.94405696141771,1.48686279656678e-06,4.75180841330376e-05,5.2554154311371
"OSBPL9",-0.70086653265691,5.46423680557927,-5.94083204561021,1.50052161413174e-06,4.76751052521009e-05,5.18543686864364
"LAGE3",1.171247919989,2.41206541861077,5.94046969937519,1.50206417065316e-06,4.76751052521009e-05,5.22489262206615
"APOE",1.1388972468867,8.38460477190603,5.93790274634341,1.51303785427368e-06,4.79140142371588e-05,5.20224814461673
"RNPEPL1",1.21245688324606,4.59802664797178,5.93339181309674,1.53251796883761e-06,4.82962938437298e-05,5.19342665705492
"UTP23",-0.866635565863501,3.56726272058634,-5.93243430089139,1.53668529324976e-06,4.82962938437298e-05,5.20947036318484
"ZNF865",1.14087597770377,4.69150279792215,5.93196374740836,1.53873743513514e-06,4.82962938437298e-05,5.18659303649592
"SLC35B3",-1.14734036977027,2.43229046976694,-5.93190226597558,1.53900576699556e-06,4.82962938437298e-05,5.22087416311649
"ZNF22",-0.694223656864363,3.53369008873819,-5.92893560011469,1.55200973518372e-06,4.85371436941232e-05,5.20110007584337
"EEFSEC",0.768844292585801,3.24954454747845,5.92856012961991,1.55366342568586e-06,4.85371436941232e-05,5.21351372453516
"UGGT2",-0.872455431117124,5.55081602558963,-5.92735587737023,1.55897931177529e-06,4.85940143325114e-05,5.14746919019923
"MAK16",-0.889859896115872,3.34408254936744,-5.92643988052737,1.56303502155456e-06,4.86114381871398e-05,5.19971148903335
"RAD54B",-0.937456710684591,2.97881313652201,-5.92492622998157,1.56976022448662e-06,4.86283957706897e-05,5.20370690556103
"RBM41",-0.913607553985325,4.15699003893972,-5.92474303175677,1.57057615458493e-06,4.86283957706897e-05,5.16993329028551
"GTPBP10",-1.22904374293924,3.65728607483948,-5.92293432310363,1.57865475317688e-06,4.87699075081443e-05,5.18096258391985
"FAM13B",-0.632601565413144,6.34629571379671,-5.91686797259018,1.60605683595173e-06,4.94009392913624e-05,5.11742405189436
"CEP57L1",-0.828493560283739,3.37687842966557,-5.91663599500044,1.60711414683352e-06,4.94009392913624e-05,5.17214731806436
"GTF2A1",-0.719526513986974,5.50085903866688,-5.91606022256032,1.60974144000771e-06,4.94009392913624e-05,5.11673660248671
"PWWP2B",1.02878561949608,4.65140564463774,5.91442333583561,1.61723432219903e-06,4.9431401893489e-05,5.13809862481584
"CACNG7",0.930744810835599,6.16129343693476,5.91359935376876,1.62101939261161e-06,4.9431401893489e-05,5.11252567504263
"MAP4K5",-0.820547010893899,6.46381946326536,-5.91300810629387,1.6237408603024e-06,4.9431401893489e-05,5.10754714428246
"PAFAH1B2",-0.705018056832965,6.58088371860578,-5.9127442426877,1.62495688860052e-06,4.9431401893489e-05,5.10758565688802
"METTL14",-0.801671443062672,4.25043630062286,-5.9103380863537,1.63608816218191e-06,4.96428361057272e-05,5.1276982824379
"MGAT4B",0.925925262749728,5.70319904381348,5.90851278466119,1.64458348254484e-06,4.96428361057272e-05,5.10096088218293
"TMEM165",-1.07252800176673,6.20737567568561,-5.90786503397613,1.64760890780606e-06,4.96428361057272e-05,5.09243731351799
"ZMAT5",0.772493975399231,3.18109276295285,5.90740197140612,1.64977515078265e-06,4.96428361057272e-05,5.15725157746787
"ARHGEF10L",0.812815991463071,6.11443303373882,5.90601668130752,1.65627277972572e-06,4.96428361057272e-05,5.09106314791689
"NCKIPSD",0.654266414576455,5.72040603461631,5.9058242666873,1.6571773254816e-06,4.96428361057272e-05,5.09161916023083
"NDUFB11",1.00740228718114,3.89066331883752,5.90521115724746,1.66006288579719e-06,4.96428361057272e-05,5.13657414292051
"ANAPC4",-0.891886701331138,4.22013029580675,-5.90512375199513,1.66047466473624e-06,4.96428361057272e-05,5.1142325701074
"DDX26B",-0.672566593913225,4.33593470161484,-5.90209403429498,1.6748118390208e-06,4.98581024322048e-05,5.10271566953895
"GPS1",0.656586483939709,5.71726519990265,5.90208647216007,1.67484777987625e-06,4.98581024322048e-05,5.08143528180414
"LBR",-0.851229894628802,4.16191884376969,-5.8956978040628,1.7054905402591e-06,5.06261146765441e-05,5.09016676199652
"AES",0.969194689692696,7.24917871713865,5.89481073245453,1.70978969958343e-06,5.06261146765441e-05,5.0672944623803
"CMPK1",-0.868613602981902,5.98851733751932,-5.89394705832014,1.71398594426275e-06,5.06261146765441e-05,5.05343170617025
"NRXN2",0.770362556697918,7.16617873766411,5.89369477564663,1.71521363923553e-06,5.06261146765441e-05,5.06279192730803
"CTXN1",1.4031662354229,7.11605941164127,5.8913052188872,1.72688603687327e-06,5.08006510365973e-05,5.05772363948275
"ARPP19",-1.03173323503957,7.85938459844479,-5.89098927278411,1.72843532875202e-06,5.08006510365973e-05,5.06474255525922
"BAHD1",0.764656295600267,5.01279735977709,5.8877881258628,1.74421177580487e-06,5.11561858802516e-05,5.05358237382445
"PTGR2",-0.835960456992645,3.58504649331306,-5.88643857213254,1.75090623723138e-06,5.12444179157697e-05,5.08344869603793
"XAB2",0.72649017594235,5.39639816746075,5.88471422783102,1.7594974922337e-06,5.12858770961882e-05,5.03814558989014
"COG6",-0.753620611857732,4.27464525849202,-5.88419041248396,1.76211570645491e-06,5.12858770961882e-05,5.05522789018426
"ZNF142",0.666947705156126,5.81738108640126,5.88393573200073,1.76339010588246e-06,5.12858770961882e-05,5.03050041963733
"NOC4L",1.05966511441311,3.31342583991149,5.88282642242032,1.76895182504718e-06,5.13402260371731e-05,5.09040132714006
"RAB2B",-0.743729545246368,4.33100857074376,-5.88021512204552,1.78211383575431e-06,5.16144719680343e-05,5.04264342866695
"CRIPT",-0.90440112623717,3.97052269325131,-5.8788580416524,1.78899294650042e-06,5.17059874059226e-05,5.04999025338829
"SRSF10",-0.858684792279979,5.2641242204211,-5.87440832172557,1.81173683903224e-06,5.2254700282627e-05,5.00477172408909
"RNF123",0.743554810074255,5.61371391983877,5.87276217567472,1.82022434586556e-06,5.23230474950949e-05,5.00234954225029
"RIC8B",-0.796160131188063,4.42416195844337,-5.8721960144865,1.82315270386533e-06,5.23230474950949e-05,5.01778029679098
"MBOAT2",-0.692862482990709,6.87900400869534,-5.87176260307564,1.82539764315358e-06,5.23230474950949e-05,4.99740511483085
"MBNL1",-0.782689483675458,6.52894785682095,-5.86952497977952,1.83703218423185e-06,5.25481922329036e-05,4.98795042244141
"PSMB10",1.32624992348257,2.55192005921021,5.86360429722748,1.86817806859778e-06,5.33293870834627e-05,5.02625118070567
"MIF",1.05883510062702,5.83662560763258,5.85871911866412,1.89427641057461e-06,5.38532324331456e-05,4.9637979190724
"BCLAF1",-0.899784913854585,6.30303047356717,-5.85736965741107,1.90155016267148e-06,5.39496946152223e-05,4.95313085733941
"COMT",0.955704518563283,5.21415046861985,5.85581521015489,1.90996365295379e-06,5.40780340190705e-05,4.96339035717708
"ZNF124",-1.07051042259727,3.72772354260552,-5.85326986255211,1.92382138339628e-06,5.43596846991365e-05,4.98829718465632
"PYROXD1",-1.08572595612652,2.7125703770829,-5.8508282275451,1.93720953130854e-06,5.46269511242421e-05,5.00655438237818
"RAP1B",-0.83863969823051,4.8078856559072,-5.84906489860485,1.94693660590938e-06,5.47098692310353e-05,4.94384405077327
"CD46",-1.00341641733013,5.53271799644023,-5.84780811500223,1.95389939892742e-06,5.47098692310353e-05,4.92818929395158
"C19orf70",0.827799587042621,3.5072841830202,5.84725950644979,1.95694663295968e-06,5.47098692310353e-05,4.98770961415823
"ROM1",0.905722507415033,4.40529317879787,5.84688907497247,1.95900689027903e-06,5.47098692310353e-05,4.95868489092066
"NAT8L",1.03070762591718,8.48385077564328,5.84647319500969,1.96132252249167e-06,5.47098692310353e-05,4.95267986928769
"AGGF1",-0.603890321030505,5.18783767929095,-5.84603553694175,1.96376239003644e-06,5.47098692310353e-05,4.92782958865797
"RBPJ",-0.763727244138681,6.24870712800615,-5.83483893780002,2.02723065938362e-06,5.61526237094615e-05,4.89055022597443
"ERBB2IP",-1.01876873141789,8.28618684338105,-5.83439306881332,2.02980037672136e-06,5.61526237094615e-05,4.91605055847643
"SLF2",-0.740021047747971,6.3316470760009,-5.83406288095178,2.03170549027903e-06,5.61526237094615e-05,4.88875074242787
"FLYWCH1",0.863076230421492,6.08963770298512,5.83165958104064,2.0456263233769e-06,5.64251927531461e-05,4.88633682896327
"RNF208",1.23611029390032,5.08149314630102,5.83006882365171,2.0548933377452e-06,5.65685686759085e-05,4.89765308199643
"SLC30A7",-0.929149384507207,4.16638989372106,-5.82847696170044,2.06420906518289e-06,5.66879109265903e-05,4.90543202716742
"FOXN2",-1.00624678199388,5.40621384227065,-5.82793610162925,2.06738389007203e-06,5.66879109265903e-05,4.87464953625973
"MYEOV2",0.903481342958705,3.46486309997571,5.82551776964826,2.08163958652267e-06,5.69664439603113e-05,4.93050124201552
"KATNAL1",-0.709438790151251,5.78147494430108,-5.81711594152128,2.13194010275852e-06,5.82283522761277e-05,4.84158522207308
"HIST1H4J",1.99983636356853,2.18863803212667,5.81524384287598,2.14331362988179e-06,5.83284712121027e-05,4.85234290818517
"DIS3",-0.581962869697613,5.32113696538206,-5.8102646774009,2.1738613892514e-06,5.88343495351969e-05,4.82698677136344
"GATSL2",0.777885497886848,5.64253010398366,5.80986340538158,2.17634222629189e-06,5.88343495351969e-05,4.82829915566915
"ADRBK1",0.630144776927369,6.31233932156949,5.80867067004779,2.18373305635742e-06,5.88343495351969e-05,4.82130969676765
"UBA5",-0.971729738735983,4.42476521733867,-5.80805414639536,2.18756326069302e-06,5.88343495351969e-05,4.84120527270449
"RPS6KA5",-0.68248469422629,5.93576858986565,-5.80798642938895,2.18798436985303e-06,5.88343495351969e-05,4.81592392001821
"CCDC124",0.679013196609678,4.29914442451633,5.80683652438359,2.19514770099385e-06,5.89130180293756e-05,4.85056733529307
"PACS1",0.658617997124107,6.88585530391538,5.80498878108655,2.20670765325694e-06,5.91091518219228e-05,4.81485402789907
"RNF138",-0.942438628975213,3.83808806969375,-5.80412157315717,2.21215421955167e-06,5.91410922311678e-05,4.84966863511999
"HGS",0.645720837708072,6.2349115063822,5.80334257248181,2.21705832052465e-06,5.91584352628287e-05,4.80657245190106
"PCDH9",-0.923780674807433,9.65766176602746,-5.80231963248125,2.22351472196283e-06,5.92170529975619e-05,4.85404607776976
"SELO",0.854985162904813,4.49781647275082,5.797207054901,2.25606789112876e-06,5.98542799792269e-05,4.81949663189223
"SNRPD1",-0.647312964609139,4.0579810238002,-5.79660279586949,2.2599469119404e-06,5.98542799792269e-05,4.82173724657743
"ARHGDIA",0.690043059750606,6.39791460578183,5.79653881846495,2.26035800525781e-06,5.98542799792269e-05,4.78832455790066
"KPNA5",-0.867630249508938,4.9648806551274,-5.7921111658624,2.28899180812174e-06,6.04972701834761e-05,4.7832128117433
"ABHD13",-1.10859970669812,4.31142889187581,-5.79043939855119,2.29989781938248e-06,6.06701698008638e-05,4.79627430428785
"AP5M1",-0.972576453459772,5.77127718830251,-5.78936895917103,2.30690840993791e-06,6.07398498389334e-05,4.76507688728544
"PYGB",0.62337930772705,7.73560207682573,5.78448792626593,2.33914900141394e-06,6.1472305137347e-05,4.76915083148962
"TEAD1",-0.742711011294582,5.83086180668299,-5.77937970049462,2.37337565013856e-06,6.22540911098608e-05,4.73707713695817
"SEC22B",-0.651085827880823,5.01744768225974,-5.77863423995878,2.37841239593764e-06,6.22687177557911e-05,4.74498739522047
"SLC12A2",-0.933178428765027,6.67481166925055,-5.77458713760313,2.40594504060559e-06,6.28711427716144e-05,4.72709050038244
"GABPB1",-0.648919014916885,4.56166024368962,-5.77182754673569,2.42490223015084e-06,6.3140895438116e-05,4.73770052784202
"OR9A2",-1.51379475515885,0.760503597857302,-5.77110458077039,2.42989347283787e-06,6.3140895438116e-05,4.5884052416558
"NUMBL",0.638984106184256,5.61690153940504,5.77026263092575,2.43571918319494e-06,6.31538614803878e-05,4.7185193183561
"ADGRB2",0.970071555833278,8.46004609216594,5.76972046423278,2.43947803301455e-06,6.31538614803878e-05,4.74113834499127
"SNX13",-0.768167319901852,6.42788174775245,-5.76833112007529,2.44913702253185e-06,6.3286064846167e-05,4.70762531603922
"FBXL19",0.991486484686964,6.04448817112223,5.76701734546811,2.45830600927862e-06,6.33184995819298e-05,4.70870566373034
"MRPS24",1.00760993132129,3.16452868614367,5.76684641404744,2.45950149433478e-06,6.33184995819298e-05,4.77906734683383
"FAM188A",-0.849470789781063,4.83647998898449,-5.76410715077011,2.47873969330304e-06,6.3695821102216e-05,4.70884286915318
"DMXL1",-0.58959126024092,7.01407431494555,-5.76310696280232,2.48580178876742e-06,6.37594399768352e-05,4.698998559578
"ZDHHC17",-0.859868630811383,5.86085650035477,-5.75439924139559,2.54814606091702e-06,6.50284107222581e-05,4.66795581438872
"RAB3IP",-1.24709424944108,6.41715172069472,-5.75399996725577,2.55104212355118e-06,6.50284107222581e-05,4.66870420585347
"ALDH2",0.586618477561,7.06299824881651,5.75327799714486,2.55628720706341e-06,6.50284107222581e-05,4.67374559117493
"CDYL",0.626436665005048,4.92062058914577,5.75295139077037,2.55866354949469e-06,6.50284107222581e-05,4.68359304068912
"RNF44",0.842201586872711,5.92442030979367,5.75165248278172,2.56813622257915e-06,6.5030475702586e-05,4.66570058188673
"PVRL3",-0.665199002273415,4.36989029471363,-5.75145554994465,2.56957548863764e-06,6.5030475702586e-05,4.68739780366464
"FAM35A",-0.733087863293568,3.78848332712714,-5.75101773374692,2.57277813526272e-06,6.5030475702586e-05,4.70601264370911
"FAM83H",1.0594226456985,4.06332228858933,5.74965583736141,2.5827661523226e-06,6.51264064323804e-05,4.70539232947042
"VPS26A",-0.920451426876824,4.66306118057298,-5.74922380583737,2.58594276727622e-06,6.51264064323804e-05,4.67223543170197
"FASN",0.795974561385716,8.75270146864318,5.74810101642083,2.59421672478907e-06,6.52166381700138e-05,4.6869554650956
"CYCS",-0.880886911330877,5.5967759014655,-5.74624736185408,2.60793478630651e-06,6.54431577603485e-05,4.64680660353783
"FAM73B",0.682154673601684,5.19041254535237,5.74098643431201,2.64726703061545e-06,6.63104617290377e-05,4.64467506581584
"TNK2",0.956517640926261,7.61142069708138,5.73939325631111,2.65929532805357e-06,6.64900396973979e-05,4.64338748110861
"MED25",0.716290561645135,5.07224491743625,5.73877185186784,2.66400173438718e-06,6.64900396973979e-05,4.64156237357266
"VPS50",-0.853631817843812,5.20467023458522,-5.7358284702513,2.68640839079522e-06,6.68130049362577e-05,4.62301744925129
"WAC",-0.609857545493791,7.07958670637192,-5.73491361256141,2.69341131377137e-06,6.68130049362577e-05,4.62199447383957
"ARRDC1",0.844782522504239,4.15160256521227,5.73472801759485,2.69483421716709e-06,6.68130049362577e-05,4.65934240130911
"CDC27",-0.852501023288389,5.52090515075577,-5.73455443422067,2.69616571495041e-06,6.68130049362577e-05,4.61512965104105
"MTRF1",-0.772095347389774,2.80546849785668,-5.73220546445591,2.71424900421719e-06,6.70221841147912e-05,4.68577277339504
"TLE1",0.727704760202861,5.91652653259061,5.7279703936122,2.74716084790752e-06,6.76720415192721e-05,4.59932437402147
"RBBP8",-0.734489972483795,3.56845198679466,-5.72756881532202,2.75030236357278e-06,6.76720415192721e-05,4.650004503734
"C2orf69",-0.899823857982798,4.06718794653498,-5.72663999398239,2.75758230177035e-06,6.77312882671579e-05,4.6289370760442
"CAMSAP3",0.916873345752065,4.95185937023304,5.72343873268122,2.78282196264021e-06,6.80483887217999e-05,4.60367352509246
"ATL2",-0.736753265644942,3.95812728172242,-5.7234044962445,2.78309314363418e-06,6.80483887217999e-05,4.6240781643525
"RHPN1",0.820429040209218,5.96803567082157,5.72314149951282,2.78517718189499e-06,6.80483887217999e-05,4.58669476009588
"ZNF317",0.819441791005334,4.59014666798701,5.72066971306729,2.80484091550559e-06,6.84085936971204e-05,4.60517594132992
"MOSPD2",-1.11350766848258,4.6073616830082,-5.71942785590608,2.81477282789291e-06,6.85305986924119e-05,4.59170373786282
"SCAP",0.691458168245933,6.78246906636601,5.71740717418495,2.83100909537401e-06,6.88053993774292e-05,4.5719831125534
"C1orf101",-1.17728543471607,1.98837093113389,-5.71475334795996,2.85247578209896e-06,6.9101173623721e-05,4.626168491783
"CENPC",-0.781370318334457,5.57740269166131,-5.71467402200419,2.85311995828053e-06,6.9101173623721e-05,4.55958053635041
"SYAP1",-0.616949573031136,4.45073209715029,-5.71250868265454,2.87076043939698e-06,6.94074984843423e-05,4.57772142944283
"TIGAR",-0.917704989256767,3.20091428123383,-5.71084893594107,2.88435615893416e-06,6.96151377109421e-05,4.61750136294176
"LINGO3",1.64550058470564,2.73185103557519,5.70851955845564,2.90354632739705e-06,6.99568475623463e-05,4.62007779178312
"CDH22",1.10005510003103,3.88516507225897,5.70268974598546,2.95213851999745e-06,7.10045496626375e-05,4.5843124549724
"ZUFSP",-0.779857729919839,3.28452405471131,-5.70199913948275,2.9579486838274e-06,7.10214207298246e-05,4.59054887192407
"KIAA1715",-0.875231843164497,5.44115325503144,-5.70135068316401,2.96341469263369e-06,7.10299845810234e-05,4.52415818095168
"TOR1AIP2",-0.623215952719854,6.51052298411638,-5.69660186602492,3.00375427696618e-06,7.17440888711813e-05,4.50971041720653
"CSNK1D",0.606296433554347,6.86033490763659,5.69654251400542,3.00426192799182e-06,7.17440888711813e-05,4.5147388455022
"DDX54",0.764956853588037,4.5161592204856,5.69602527124616,3.0086896714069e-06,7.17440888711813e-05,4.53912747797553
"OSTC",-0.899491460265218,2.24846745220345,-5.69291375691581,3.03546381996381e-06,7.21350735472426e-05,4.57908991830951
"GRAMD1A",0.589304534353498,5.70073285153737,5.69115811253157,3.05067641446471e-06,7.23450716814282e-05,4.49841293933873
"INIP",-0.722266777274423,4.38728374800491,-5.69069425918528,3.05470846475315e-06,7.23450716814282e-05,4.51931320615257
"DNAJB11",-0.820924208533952,3.67604984352944,-5.68849285267995,3.07391734575069e-06,7.24423770032466e-05,4.53886776112666
"FSCN1",0.715240724805199,6.65692973323436,5.68783731296468,3.079660826422e-06,7.24423770032466e-05,4.48938342315093
"C2CD2L",0.741115330016788,5.39186531948054,5.68575782267715,3.09795163420397e-06,7.2749533139702e-05,4.48898014382814
"SACM1L",-0.819082461668569,4.9217730137524,-5.68067278156049,3.14313982751603e-06,7.36634896026337e-05,4.47641062066904
"PUF60",0.680200163125818,5.94122989431152,5.680189489382,3.14746891267188e-06,7.36634896026337e-05,4.46701077298261
"SNRNP25",0.72280288536587,3.75705393229112,5.67889326549929,3.15910942871001e-06,7.38116626519774e-05,4.51956036068698
"TPP2",-0.651868109886234,5.31859733375766,-5.67718962329539,3.17447450261909e-06,7.40462156634406e-05,4.45906047086923
"FZR1",0.82481554032444,6.05761010985583,5.67512568595479,3.19318967582373e-06,7.43579947626492e-05,4.45322814812939
"THADA",-0.593716811298907,5.55374943980105,-5.67427164715901,3.20096623411285e-06,7.44144357636068e-05,4.4480677545643
"MTMR2",-0.788293602755392,5.07865800799622,-5.67005629420474,3.23962928075781e-06,7.51289362149776e-05,4.44359040382371
"QRSL1",-0.702139072031087,3.67831657071364,-5.66974433691927,3.24250911588164e-06,7.51289362149776e-05,4.48748217392066
"RPP21",0.807139581563215,2.22092128549769,5.66751670019731,3.26314844308503e-06,7.51478328932713e-05,4.49994253751741
"GTPBP6",1.02960098715184,5.7353976439884,5.66647656937878,3.27283052976453e-06,7.51478328932713e-05,4.43328240983229
"TSPAN4",1.19195038442597,3.19120858722647,5.66598770602875,3.27739109206823e-06,7.51478328932713e-05,4.50655460374811
"CYB5R3",1.02937739815622,6.24428464611179,5.66544806665023,3.28243275276206e-06,7.51478328932713e-05,4.42762191512722
"ZNF277",-0.795130696755836,3.64109152615218,-5.66493076751989,3.28727301012793e-06,7.51478328932713e-05,4.47564637589895
"LGALS1",0.983309540567781,5.03139739122134,5.66326584550977,3.30290005648671e-06,7.51478328932713e-05,4.43638419226829
"PPP2R2A",-0.985903949815425,5.02404241366369,-5.661786423885,3.31684859277767e-06,7.51478328932713e-05,4.42195054054621
"ZNF660",-1.14748896684246,3.39058388574118,-5.66174196893118,3.31726864509632e-06,7.51478328932713e-05,4.47719762542566
"TCF4",-0.761582988374615,7.90462226357147,-5.66133603393158,3.32110677437312e-06,7.51478328932713e-05,4.43227498125641
"VAMP4",-1.01897633331227,4.8215347031337,-5.66129976166185,3.32144994695236e-06,7.51478328932713e-05,4.42535593862883
"BCKDK",0.796969709834728,4.668655593272,5.66100983141452,3.32419426267704e-06,7.51478328932713e-05,4.43845706917272
"C19orf60",0.903527699856775,4.05933607532876,5.66077923562086,3.32637857813354e-06,7.51478328932713e-05,4.46032844719655
"LGI4",1.10227662065607,5.74247769957636,5.65909434128979,3.3423825313528e-06,7.51478328932713e-05,4.41333485620055
"CCDC14",-0.952304223255536,5.24342732896111,-5.65882154812621,3.34498092002055e-06,7.51478328932713e-05,4.40943557136904
"PITPNB",-0.797027416222465,5.30832330678935,-5.65876913840881,3.34548036138489e-06,7.51478328932713e-05,4.40815173632356
"RNF13",-0.854731165003533,5.06599445939588,-5.65770751993103,3.35561325646488e-06,7.51478328932713e-05,4.40971313200436
"NDUFA2",0.878796571002297,2.47471026832354,5.65762911564894,3.35636282796636e-06,7.51478328932713e-05,4.48370048646123
"ATG4C",-1.08955058234089,4.92780779140288,-5.65757910376508,3.35684104637617e-06,7.51478328932713e-05,4.41262223691378
"TSNAX",-0.865068217849756,4.34249209059629,-5.65699593118159,3.36242245304127e-06,7.51517635726362e-05,4.42778976814839
"ZBTB37",-0.807674010977542,6.76889610406868,-5.65286739598211,3.40220318412636e-06,7.5798288011127e-05,4.39125607734062
"ADRM1",0.714033491615592,4.83976886473807,5.65286217841481,3.40225375621805e-06,7.5798288011127e-05,4.40994064482366
"ZYX",0.810149469171421,4.89328510824574,5.65079681135985,3.42233207544275e-06,7.59316901219299e-05,4.40373234336857
"TAOK1",-0.60614396357129,8.35042842501853,-5.65056148019338,3.42462737062653e-06,7.59316901219299e-05,4.41053955642955
"CPTP",0.996340896165498,4.53059525944314,5.649911691563,3.43097309580342e-06,7.5951254741814e-05,4.41465533548117
"WDR83OS",0.816219319252017,3.8934068504954,5.64190699530262,3.5101213339494e-06,7.7419757348557e-05,4.41360182984608
"MNAT1",-0.637619603906694,3.97056029676394,-5.6415460519848,3.51373313900079e-06,7.7419757348557e-05,4.39895607314786
"PHF20L1",-0.63989736981009,5.84893406182404,-5.64151768198067,3.51401718363829e-06,7.7419757348557e-05,4.35548339086791
"ZDHHC8",0.876653202930232,5.92060407260102,5.63742921511145,3.55519358383304e-06,7.81864233821741e-05,4.35001267526093
"TRA2A",-0.697403567495604,5.63556835524072,-5.63694879898457,3.56006373190305e-06,7.81864233821741e-05,4.3439655643654
"TFAM",-0.774026334439717,3.73271426649786,-5.63486706132348,3.58124458005707e-06,7.8527542826425e-05,4.38962628743374
"POLD2",0.766534272263362,4.46483936650548,5.63182182190499,3.61245686060836e-06,7.89628542078262e-05,4.36425186330801
"PEX1",-0.741166589518452,4.69727018306413,-5.63089790144731,3.62198052107492e-06,7.89868510249356e-05,4.34477558930747
"RPLP1",0.924548296816217,6.63244907613817,5.63061341316372,3.62491806602711e-06,7.89868510249356e-05,4.33168935269999
"TMEM65",-0.870928925919631,4.69795839981404,-5.62826278152763,3.64928175483091e-06,7.93104349854592e-05,4.33736994069473
"AK9",-0.854269782531263,4.17889979023301,-5.62808047885662,3.65117813197338e-06,7.93104349854592e-05,4.35381290690786
"MIER3",-0.736964944933655,4.36931400505865,-5.62580862340704,3.67489395582191e-06,7.97010542493545e-05,4.34105551464972
"DPP7",0.821993689049095,5.67307312637793,5.62439702516579,3.68970743821198e-06,7.98976834984781e-05,4.31581117405659
"TMEM168",-1.10532356245052,3.74343402437384,-5.62304663011791,3.70393476344407e-06,8.00810281203724e-05,4.35686555259265
"G2E3",-0.92635142860247,3.90306558229549,-5.62047622261233,3.73116814904866e-06,8.05445646088112e-05,4.34321349875239
"CCDC7",-1.10016996133153,4.1215021163083,-5.61698680825709,3.76846041994621e-06,8.11062553446905e-05,4.32543384723382
"PSMC6",-0.760119490010099,4.08443387127189,-5.61694994780669,3.76885634819954e-06,8.11062553446905e-05,4.32669191533552
"GLMN",-1.06769381063053,2.14001771956227,-5.61161588712464,3.82659355392241e-06,8.19277028928746e-05,4.35960752163352
"RCOR3",-0.74860802182234,5.41461546743296,-5.6112487173207,3.83060040860081e-06,8.19277028928746e-05,4.27508646983893
"NUDCD2",-0.658176941537146,3.69105674003035,-5.60973322349303,3.84718333262614e-06,8.20671628184405e-05,4.32255053745487
"ZBTB6",-0.832705836969159,3.42513157508547,-5.60957420711045,3.8489275037853e-06,8.20671628184405e-05,4.33286763859413
"SMIM15",-0.785040838739518,3.46872737994005,-5.60827538468986,3.8632033951443e-06,8.22454113312345e-05,4.32755366552502
"TMOD3",-0.730882035016997,5.05376794943237,-5.60744296366712,3.87238081967061e-06,8.23147372401541e-05,4.27096036995754
"ZGRF1",-0.987397342212829,4.43398301886258,-5.60535747178015,3.89546955711544e-06,8.26791111191128e-05,4.28228826130127
"TNRC18",0.76881956524485,7.73565072753104,5.60376470833723,3.91319628485623e-06,8.29122592607586e-05,4.27053548111611
"IGSF21",0.944959643340252,5.27174154794837,5.60330008616665,3.91838255893529e-06,8.29122592607586e-05,4.26461715731899
"TBC1D17",0.698156021718305,6.08047806245351,5.6014562695932,3.93903200128108e-06,8.32225271760024e-05,4.24852661786521
"NR1D1",1.23589870650611,5.2084430272291,5.60020384545408,3.9531205406928e-06,8.33934472787728e-05,4.26148480936973
"HNRNPH3",-0.696418124562438,6.39429013974893,-5.5986678413566,3.97046816241937e-06,8.3492258620571e-05,4.23775830700396
"H2AFX",0.842902477277675,4.40639536654055,5.59793469570201,3.97877523039397e-06,8.3492258620571e-05,4.27456466608717
"THEM6",0.953200492706265,4.71696711747396,5.59766569176932,3.98182761224562e-06,8.3492258620571e-05,4.26352333556568
"ROGDI",0.824830313968223,5.95269669479326,5.59682740821365,3.99135468358814e-06,8.35659831494613e-05,4.23716942738076
"BRAT1",0.768638604759721,5.00096358447633,5.59318241399819,4.03304674795641e-06,8.42824121011965e-05,4.24121297491407
"RWDD1",-1.04960513642315,4.69622726703876,-5.59277806326255,4.03769863756272e-06,8.42824121011965e-05,4.23953209107501
"TRAPPC8",-0.623043611738289,5.71770755547865,-5.58955859813663,4.07492996367998e-06,8.48249226865867e-05,4.21216379258974
"NOSIP",0.73200881118296,3.59877928975884,5.58947581467924,4.07589183963746e-06,8.48249226865867e-05,4.28124438942285
"AMD1",-0.906968968458698,6.37292737938437,-5.58744860035914,4.09951767081696e-06,8.49085803106912e-05,4.20672008182438
"AP3S1",-1.04439700648997,4.51627374763717,-5.58720034059687,4.10242040535994e-06,8.49085803106912e-05,4.22950425800293
"GCA",-1.13068274938676,3.11760521826612,-5.58712519754984,4.10329940918901e-06,8.49085803106912e-05,4.28375794959757
"LNPEP",-0.770917856799196,7.34748008363785,-5.58666731991314,4.10865963010126e-06,8.49085803106912e-05,4.21632463431602
"SAV1",-0.656240093519509,4.61540781967803,-5.58651452586138,4.11044990282658e-06,8.49085803106912e-05,4.22472272257862
"RNGTT",-0.62464983316062,4.51796435443137,-5.578942904666,4.20015367228754e-06,8.65345489738891e-05,4.20705751596187
"NEURL4",0.588056897365099,6.02069056029011,5.57778951428602,4.21398972739114e-06,8.65345489738891e-05,4.18251632262741
"TMEM179",0.856492973325261,4.92178283620223,5.57694237606589,4.22418111787842e-06,8.65345489738891e-05,4.19961091151357
"REEP6",1.08728035952436,3.21818407689082,5.57664848005756,4.22772257425221e-06,8.65345489738891e-05,4.2629591684909
"POT1",-0.817436740868986,3.42950504769186,-5.57613978588718,4.23385940002085e-06,8.65345489738891e-05,4.2411936684319
"RIF1",-0.636529623388598,7.1731461226223,-5.57589046666624,4.23687042154125e-06,8.65345489738891e-05,4.18361499195391
"PGGT1B",-0.913420387048635,5.13320785837343,-5.57557086927948,4.24073333428024e-06,8.65345489738891e-05,4.18109478131672
"FBXL14",0.890153777995228,4.84302798918931,5.57507722338857,4.24670688623506e-06,8.65345489738891e-05,4.19692724714625
"PRMT3",-0.634585536218832,4.29915892716004,-5.57367792784008,4.26368554047407e-06,8.65345489738891e-05,4.19999713083037
"PYCRL",1.17749054837906,3.66046667070313,5.57357063803895,4.26499017325723e-06,8.65345489738891e-05,4.24056958481937
"LSM8",-0.778640447864523,3.35756519801869,-5.57267139243838,4.27594067041155e-06,8.65345489738891e-05,4.23477238290588
"EIF3G",0.659353419638833,5.0518953536761,5.57210483402176,4.28285437976589e-06,8.65345489738891e-05,4.18068321488621
"ERCC2",0.691256543378688,5.16647730810862,5.57200553503597,4.2840672798105e-06,8.65345489738891e-05,4.17809363209092
"TRIP12",-0.583176415076542,7.513892524903,-5.57200111799421,4.28412124033482e-06,8.65345489738891e-05,4.17844260054468
"FBXO11",-0.735360213700605,6.14747583993292,-5.57162183129526,4.28875731858794e-06,8.65345489738891e-05,4.16173503145076
"SAP130",0.67267182435782,5.19735301942028,5.57071432121774,4.29987039837026e-06,8.66330409828165e-05,4.17427829098199
"IMPAD1",-0.913444096936481,6.50751654456114,-5.56752788942098,4.33911982611322e-06,8.72453669715578e-05,4.15250848867851
"C1orf35",1.10296467550122,2.93012543976632,5.56690891396506,4.34678577125388e-06,8.72453669715578e-05,4.24384213665663
"USP48",-0.675769416000266,5.94029052099642,-5.56672313377684,4.34908929012297e-06,8.72453669715578e-05,4.14805736885868
"TGFBR3L",1.63265700675177,1.29251770780455,5.56564748112003,4.36245058553167e-06,8.73873026513851e-05,4.10036863718016
"REEP3",-1.24254479937714,5.3870535344821,-5.56429041240987,4.37936630083026e-06,8.74740665433078e-05,4.14609989435857
"ARHGEF4",0.765241720430467,8.19495499092384,5.56144107914041,4.41509744781721e-06,8.80612406306382e-05,4.16192745694807
"FGFR1OP2",-0.794491885079063,4.93318485734093,-5.55892845021582,4.44684894588087e-06,8.8567469979421e-05,4.13951795574129
"NCOR2",0.890319757890089,8.55502703602431,5.55733928198517,4.46704908786473e-06,8.88425127603655e-05,4.15799438647859
"SLC25A32",-0.848470870716677,3.64467453830566,-5.5549626977156,4.49743014796236e-06,8.93189627385325e-05,4.17400665851334
"ADCY3",0.583717516221615,6.38688233012728,5.54870966824281,4.57835993687131e-06,9.07965190333595e-05,4.10206437050908
"BAX",0.896253846313008,2.96991417572788,5.54602636259671,4.61353519125907e-06,9.13464834038009e-05,4.18564361982215
"MOB1A",-0.8742266564413,5.16182051846254,-5.54511150762374,4.62558984269244e-06,9.13464834038009e-05,4.09617195734074
"RP11-507M3.1",-1.32964558290777,0.974906689209616,-5.54509529213913,4.62580379199222e-06,9.13464834038009e-05,4.06725698139927
"SETD1B",0.701833062288387,6.08800952065985,5.54280154968864,4.65616800296697e-06,9.18156703223359e-05,4.08611992943892
"TXNDC16",-0.69782567747584,4.11366299979601,-5.54090407869267,4.6814375276723e-06,9.2183207520822e-05,4.11633099981955
"SIVA1",0.749472601425359,3.67974316416899,5.54001584761931,4.69331376252264e-06,9.22863478452473e-05,4.14355681556231
"PHOSPHO2",-1.31434414541787,0.899581726098794,-5.53945352291186,4.7008480368006e-06,9.23039398412457e-05,4.03920349015809
"OAF",1.36748432399557,5.16978256838334,5.53781414614934,4.72288246253418e-06,9.25115730791128e-05,4.09061042949707
"FASTKD1",-0.820904558614991,4.15059851431728,-5.53767692792773,4.72473146929723e-06,9.25115730791128e-05,4.10589840810059
"PTP4A1",-0.901479558006819,5.6826894749263,-5.5339373802414,4.77540221014737e-06,9.33185378128119e-05,4.05830820695361
"CEBPG",-0.695521475326608,4.7341986682235,-5.53357727589364,4.78031029889098e-06,9.33185378128119e-05,4.07488665272563
"ZNF12",-0.61791358917633,5.23181726433076,-5.53315425402088,4.78608239537728e-06,9.33185378128119e-05,4.06183216616107
"ODF2L",-0.929073720154028,4.89370927538478,-5.53198898638564,4.80201855724676e-06,9.34264319771068e-05,4.06596998863661
"DSEL",-0.966993211298887,5.9026716652021,-5.53176727157944,4.80505674461454e-06,9.34264319771068e-05,4.0514308324062
"PEPD",0.789498819653434,4.79894731812005,5.53039555140105,4.82389653073968e-06,9.36617452099762e-05,4.07401491671065
"AP3D1",0.62338113921132,7.32544555363976,5.52360260474293,4.91829164148823e-06,9.52953779536291e-05,4.04218273921282
"HAUS6",-0.650988842648288,4.60852851997503,-5.52335666814214,4.92174373260723e-06,9.52953779536291e-05,4.0504715995129
"SF3A2",0.757744475722146,4.31396062902652,5.52272498152336,4.93062155081985e-06,9.53173545842313e-05,4.06913763158312
"ACO2",0.607807817805716,7.68219734005711,5.52230083949673,4.93659151925238e-06,9.53173545842313e-05,4.04428475863204
"MITD1",-1.28902240988102,2.61752678504716,-5.51959348183737,4.97486990555001e-06,9.59232197322556e-05,4.11521242536103
"PLGLB1",-1.21650610618806,3.04954667566987,-5.51811274454636,4.99593134761057e-06,9.61900558695684e-05,4.09859995821518
"MGAT1",0.881875431799474,5.79092379569659,5.51764890925325,5.00254714384247e-06,9.61900558695684e-05,4.01952030958257
"YTHDC2",-0.846453121085283,5.4738294202432,-5.51163879669859,5.0890697799162e-06,9.75837904557173e-05,3.99841037633409
"ARHGAP39",0.721654392147039,6.18837849589199,5.51075815831878,5.10187308283073e-06,9.76945449001553e-05,3.99726589422772
"RAB11FIP3",0.828490758979603,7.55135190626185,5.51026844212827,5.10900687496344e-06,9.76965798841013e-05,4.00918015479677
"FAM89B",1.19390905186575,4.42131849692954,5.50927378487085,5.12352705733155e-06,9.78357342191551e-05,4.03320975691173
"TUBE1",-0.920117113058128,4.23135403578807,-5.5088067657239,5.13035895883787e-06,9.78357342191551e-05,4.02317753775334
"DBN1",0.815837616676745,6.59693470522602,5.50630795905155,5.16706889869907e-06,9.82791298180286e-05,3.98689982605905
"CARNMT1",-0.907275294296605,3.84265966224317,-5.50598513067258,5.17183074539393e-06,9.82791298180286e-05,4.03096715958099
"FBLN1",1.0619841759687,4.85162862454308,5.50547386574015,5.17938111317776e-06,9.82791298180286e-05,4.00665662193523
"LTBP3",0.859589737891151,7.38885317230693,5.5048265140007,5.18895707714235e-06,9.82791298180286e-05,3.99170782331237
"EOGT",-0.739427805621912,3.5335879762406,-5.4988263576488,5.27856394909545e-06,9.97832181613364e-05,4.02504066494347
"ATG2A",0.765277842344824,5.98504693426474,5.49855019103463,5.28272540402414e-06,9.97832181613364e-05,3.96441157826156
"SMC4",-0.78305676407177,3.35960356116954,-5.49723126368682,5.30264527180937e-06,0.000100023574720073,4.02847068822855
"ABCA3",0.645430870629782,7.77303096496536,5.49567133332321,5.32630229138238e-06,0.000100333678123032,3.9723082092478
"YIPF4",-0.821887213352885,5.70083636166919,-5.49387063408349,5.35374232627222e-06,0.000100714108010604,3.94707858775422
"USP12",-0.941311716958597,6.06298754906593,-5.49132830390109,5.39272530093513e-06,0.000100917931593041,3.93925606791447
"CLEC11A",1.68483112084108,1.31063113964842,5.49121222597512,5.39451196879627e-06,0.000100917931593041,3.91291994685481
"HSPB11",-1.0636771721269,2.45393419912069,-5.49085873789392,5.39995650384066e-06,0.000100917931593041,4.03987019360163
"RPS11",0.929061544541475,6.51466942184489,5.49079924750924,5.40087333514765e-06,0.000100917931593041,3.9439414141899
"C4orf33",-1.05647362181754,2.39555730970465,-5.48944388370272,5.42180376267362e-06,0.000101173041488173,4.03642697457556
"TM2D1",-1.14713415037193,3.27739381322379,-5.48791503693106,5.4455108767792e-06,0.000101479212076387,4.00680096339192
"U2AF2",0.69946176384607,5.76268783488179,5.48605510374379,5.47449220240274e-06,0.000101860088619172,3.93110704135029
"KITLG",-1.08130094358549,4.5182116025419,-5.48566417649385,5.48060324321252e-06,0.000101860088619172,3.94905471695657
"MBTD1",-0.648072328556037,4.50055892890259,-5.4833305876743,5.51722486228544e-06,0.000102403818471952,3.94352154243637
"ESCO1",-0.889153973467272,4.82641236683342,-5.4817020360581,5.5429274369584e-06,0.000102743702971461,3.92862736249373
"FBXL16",1.35436687928537,9.23075473576247,5.48014888600688,5.56755184352871e-06,0.000103062724006306,3.96282157161643
"ZNF777",0.738602744490385,4.24333404454535,5.47653115038206,5.62533539567247e-06,0.000103993899827977,3.944372503218
"RLF",-0.804940861742442,6.06803208217592,-5.47348680448814,5.67442629548177e-06,0.000104762117343675,3.88962550113793
"PLXNA1",0.925017534795161,7.9220176512468,5.47291337629533,5.68372094397069e-06,0.000104794547165889,3.91253791792874
"FAM171A2",1.14885204384706,4.9832300207442,5.46968547570389,5.736327259819e-06,0.000105624399425171,3.90514040979595
"STRN",-0.724937332392004,6.53737428530729,-5.46368508886877,5.83541857556824e-06,0.000107181288301748,3.86480904934254
"HBS1L",-0.776506246295564,5.78546120045781,-5.46338241067414,5.84046227382213e-06,0.000107181288301748,3.86208203426788
"ZNF33A",-1.02469578778927,4.92948602249867,-5.46316970968504,5.84400924562834e-06,0.000107181288301748,3.8747144914745
"PEX16",0.776051856981318,4.05463624429638,5.46190176288019,5.86519820411947e-06,0.000107295305905687,3.91263120774189
"CEBPZ",-0.793155067348464,4.47399509126985,-5.46187406346643,5.86566195427434e-06,0.000107295305905687,3.88494097427084
"H3F3A",-1.10268104339608,2.27138337556316,-5.46091527438215,5.88173690824117e-06,0.000107436667157947,3.95996412718476
"CCDC138",-0.786426699813897,3.46154795153394,-5.4604920767852,5.8888462361067e-06,0.000107436667157947,3.92327347983685
"PCMTD1",-1.07258557238257,4.66255531285214,-5.45919838848391,5.910632468826e-06,0.000107692808101729,3.87128574971607
"SMIM14",-0.698598565173996,5.2770617032859,-5.45551271007718,5.97314484075477e-06,0.000108689344994991,3.84586219999462
"COG2",-0.649070620729348,4.76952170474499,-5.45259204615214,6.02315228630314e-06,0.000109456030175407,3.84991814332229
"SETDB2",-0.730526225605287,4.5058408879341,-5.45172920606616,6.03800594225746e-06,0.000109582713589116,3.85581700157765
"ELL2",-0.996228831759395,6.23215640109533,-5.44901534549942,6.08496443518221e-06,0.000110192027177416,3.82246743848382
"C1orf122",0.937114607663702,4.66497547652121,5.44854500351236,6.09314000425967e-06,0.000110192027177416,3.85336821241983
"C1orf233",1.4461559544962,3.8537533148568,5.44841750270676,6.09535814267249e-06,0.000110192027177416,3.89382357970884
"PRKAA1",-0.713466096697351,4.87730515205043,-5.44775541464694,6.1068895466e-06,0.000110257114904978,3.83342391650097
"CAND2",0.722473302838102,4.55347346102107,5.44701017755043,6.11989529732933e-06,0.000110348617929277,3.85177034293965
"EIF4E3",-0.852138594596945,6.04977192352683,-5.44396191929801,6.17338267261386e-06,0.000111025052929726,3.80779837479491
"SENP5",-0.643908777424588,6.25936244428113,-5.44039045260163,6.23664717578112e-06,0.000111999580519671,3.79831816706362
"BIVM",-0.629971566936676,4.47118158505156,-5.43998955955824,6.24378898970259e-06,0.000111999580519671,3.82487141786953
"ARL5B",-1.16052118867128,4.54252527028554,-5.4391930827291,6.25800236602049e-06,0.000111999580519671,3.81987584328876
"RTN4RL2",1.50365850068315,4.44817959647718,5.4390704795071,6.26019313711709e-06,0.000111999580519671,3.84446581189054
"FAM107B",-1.14111007187662,6.62524634439225,-5.43864221998225,6.26785165043189e-06,0.000111999580519671,3.79688425532045
"ADSS",-0.595747778064795,4.54100312912601,-5.43763886645931,6.28583129581636e-06,0.000112176670955634,3.81609791142824
"ZFPM1",1.23874874125464,3.55190136642684,5.43659855913378,6.3045277263713e-06,0.000112234008685423,3.87291924336647
"RBM10",0.596314575003278,5.77290366778997,5.43656172804149,6.3051906764002e-06,0.000112234008685423,3.79294217309897
"CGGBP1",-0.811737247116472,5.47026309390179,-5.43426758846142,6.34662261197163e-06,0.000112682660754003,3.78401400663533
"ATF6",-0.658806674066977,5.76077546038443,-5.4336070687376,6.3586020490119e-06,0.000112682660754003,3.77965396470207
"SNX7",-0.74562451525892,3.01611703128169,-5.43298113251024,6.36997518068166e-06,0.000112682660754003,3.86792933394157
"FSD1L",-0.83472978303894,4.41820356183848,-5.43292901928622,6.37092298609167e-06,0.000112682660754003,3.8068816957744
"CEP44",-0.803661432315267,4.17284594301714,-5.43028466850711,6.41920293900949e-06,0.000113392324343215,3.80906095543807
"LRPAP1",0.630733245978789,6.0272380584446,5.42934169830138,6.43650802953295e-06,0.00011355372414539,3.77160587399137
"INTS7",-0.785716309220637,3.79445123014214,-5.42886493148194,6.44527529183112e-06,0.000113564280237055,3.82115149076096
"JMJD8",0.792445405085985,4.37395329288684,5.42606431533257,6.49701799619194e-06,0.000114186528676435,3.80053463661576
"CAMK2N2",1.46091379625912,2.96698072109258,5.42486884183645,6.51923152350239e-06,0.000114225977583467,3.86198535454646
"CERS1",1.35327404522131,7.46490117619758,5.42461746559837,6.52391211345653e-06,0.000114225977583467,3.77238374574073
"PLEKHA8",-0.654833840891598,4.44995280002817,-5.42378014508997,6.53952720942385e-06,0.000114355355050831,3.78083739535415
"PHF6",-0.837238339481824,4.50765694474963,-5.42211134665417,6.57076025189458e-06,0.000114613185723762,3.77385359108622
"RAB22A",-0.703152469091491,6.4773655352414,-5.41087145009228,6.78505506251341e-06,0.000118054862927486,3.71788389637918
"MAPK6",-0.662286884589834,5.27662583487967,-5.40893408979646,6.8226932668053e-06,0.000118561352243909,3.71684692524155
"ABTB1",0.697591755941578,5.6093325394088,5.40553345549721,6.88926595906221e-06,0.000119419670028532,3.70959776737583
"TCEAL7",-0.969202126125524,3.76566711803833,-5.40278719420243,6.94350306534748e-06,0.00012007440171092,3.75074421582246
"RUFY3",-0.719291729366784,7.34177517581742,-5.40274642058553,6.9443115361516e-06,0.00012007440171092,3.70723260936445
"CHMP6",1.04183957502321,3.93841404318294,5.40205995077737,6.95793722422204e-06,0.000120160550672217,3.75854651283309
"UEVLD",-0.826296894022094,3.71437479332933,-5.40121846946198,6.97467627440936e-06,0.000120300185566798,3.74880495624824
"SCOC",-1.02459908249602,5.10158158753759,-5.40052315754771,6.9885381105296e-06,0.000120389909309272,3.6971649193356
"ZNF213",0.92370128887407,4.44133747201591,5.39504794245019,7.09866167521718e-06,0.000122120371032134,3.71457383691445
"PLD3",0.986816100637996,6.91926806101315,5.39465858385309,7.10655878039104e-06,0.000122120371032134,3.681267729626
"MATK",0.990893009997353,5.07404769877032,5.39239440341028,7.15265639710791e-06,0.000122760776830363,3.68661115832668
"ECHDC1",-0.874645211218055,3.69595834028715,-5.39001958605401,7.20132845894361e-06,0.000123172776539598,3.71892264234381
"STK11",0.79877662637055,5.64133897919641,5.38998396231963,7.2020610905206e-06,0.000123172776539598,3.66674215042567
"PRKAB2",-0.838503367963748,4.93950990411968,-5.3899265593465,7.20324178727472e-06,0.000123172776539598,3.67164036975296
"LYPLAL1",-1.04618208571535,3.74207133483733,-5.38396658465449,7.32689116036456e-06,0.000124916129455382,3.70021869308541
"IKBIP",-0.976602943240265,1.37777233540886,-5.38363834216817,7.33376253338449e-06,0.000124916129455382,3.71063991094368
"APOA1BP",0.616755374718846,4.43955423474654,5.38328643992467,7.34113636635357e-06,0.000124916129455382,3.67783431396897
"C1GALT1C1",-1.40114458345979,2.1805734982008,-5.38210442569924,7.36595895459386e-06,0.000125092262705131,3.74878696943323
"SBNO1",-0.591833109553483,6.93090183009993,-5.38127156083712,7.38349979869634e-06,0.000125092262705131,3.64096953251555
"XPO1",-0.848439925310059,6.72187388089078,-5.38111656869348,7.38676868046769e-06,0.000125092262705131,3.63798354406333
"NTSR2",1.65135795299739,3.87222769799277,5.37962816681922,7.41823391474934e-06,0.000125248509347805,3.7108305349153
"TMEM256",1.10419547401288,1.74501430744688,5.37959560669867,7.41892374349253e-06,0.000125248509347805,3.70622073203521
"CYB5R4",-0.905279118729691,4.08013999066915,-5.3793685720389,7.42373555622148e-06,0.000125248509347805,3.67233727222251
"ZNF428",0.889247857767633,4.50417946815456,5.37724653256423,7.46886187910808e-06,0.000125857112537407,3.66242939383362
"PINK1",0.687068679263247,7.72979764034825,5.37410713626315,7.53612729946972e-06,0.000126579926846647,3.63546677567135
"DENR",-0.751650792844991,4.19926107160351,-5.37380143916865,7.5427095692005e-06,0.000126579926846647,3.65223032169977
"JRKL",-0.690079031040287,3.12658801223205,-5.3737439469449,7.54394813495941e-06,0.000126579926846647,3.70189655148067
"RAB4B-EGLN2",1.09437933426164,3.43469075314312,5.37354771206548,7.54817719435121e-06,0.000126579926846647,3.70501514392334
"AMPD2",0.68586948231547,6.47843201239351,5.37196761759031,7.58231648107006e-06,0.000126915510071368,3.61316612201348
"CTD-3099C6.9",-1.07021109128825,2.69941782797752,-5.37177691621524,7.58644719244041e-06,0.000126915510071368,3.71362620646125
"TAPT1",-0.650823397638434,4.86333566178392,-5.37072112956384,7.60935701123228e-06,0.000127096507638037,3.62067694899879
"PHF11",-0.836098619713356,3.48432263339561,-5.36954790395242,7.6348964699065e-06,0.000127266583602686,3.67300457962626
"EIF3E",-0.790398242111137,5.48498593708039,-5.36805015829017,7.66762507561711e-06,0.00012753545887582,3.60028668094215
"ELOVL6",-0.997574554302276,4.24972403059116,-5.36797028272013,7.66937445117144e-06,0.00012753545887582,3.63394374443269
"BROX",-0.744527066233257,5.04298035933828,-5.36200111225031,7.8012443901045e-06,0.000129418734500278,3.59176008877004
"D2HGDH",1.18837068139077,4.4100510578565,5.36080943784101,7.82784137353133e-06,0.000129705185667262,3.62591379835244
"CDH4",0.894272211532178,5.5832272743223,5.35871553926045,7.87479527344777e-06,0.000130003922692977,3.58192960021938
"ASB6",0.590744497488084,5.44860914497335,5.35860298019553,7.87732728905442e-06,0.000130003922692977,3.58105229007609
"EIF2S2",-0.593584394643426,4.04361675590889,-5.35833866433086,7.88327627896557e-06,0.000130003922692977,3.6165161896982
"ZMPSTE24",-0.827526812293804,4.56026580129999,-5.35289542781216,8.0067932737157e-06,0.00013188440769099,3.58078594647038
"GRID1",0.646132904639692,6.34857336401576,5.34414428420952,8.20944838072306e-06,0.000135062427679067,3.53548216698087
"SRM",0.945913494676521,4.552099280781,5.34128832231246,8.27669091057114e-06,0.000136007750636832,3.56176070566755
"CACUL1",-0.848958808641482,6.09723056872171,-5.33943970988859,8.32050952712699e-06,0.000136566379511357,3.51802129031775
"LAMTOR4",0.72344333327224,3.12490533483155,5.33836136005991,8.34617740430282e-06,0.000136826130040823,3.61640610235914
"ARID4B",-0.77717561599777,6.37738316307987,-5.33669951145559,8.38588958906918e-06,0.000137315238006172,3.5115708390778
"SDF4",0.649414583736698,5.72972864417898,5.33214465189238,8.49570690248167e-06,0.000138786506884019,3.50424865006264
"CNPY3",0.587124988199677,4.92850118044545,5.32989033312178,8.55058986333703e-06,0.000139379493878395,3.51383574290697
"LACC1",-1.20723185327598,4.48249951879454,-5.32970625081312,8.55508712134907e-06,0.000139379493878395,3.51960613340968
"CLPP",0.893037207471915,3.35175043237397,5.3294200580194,8.56208371257007e-06,0.000139379493878395,3.58424762914103
"LEPROTL1",-1.15513243430811,4.45002243709124,-5.32653988566639,8.63281537129296e-06,0.000140366548879199,3.51195145099905
"ZFP82",-0.676737688487452,3.87455142998308,-5.32466731572556,8.67911570980406e-06,0.000140887913799851,3.53115628119919
"SLC25A1",0.856693684888753,4.56932041587134,5.32442404018235,8.68514905240052e-06,0.000140887913799851,3.51387141443488
"STAM2",-0.691445349916704,4.82308900164893,-5.32349588783637,8.70820624172501e-06,0.000141097299734803,3.49113307305411
"ECH1",0.739605293134068,4.85003886340499,5.32245133847234,8.7342282686364e-06,0.000141303254998789,3.49742044192085
"TXNDC9",-0.749251197003066,2.9135812306781,-5.32217018079115,8.74124581347708e-06,0.000141303254998789,3.57091962637442
"PIK3R1",-0.809774605381022,7.3175130082683,-5.320780332393,8.77601868904681e-06,0.000141700594442658,3.47998884708375
"ACSL3",-1.14707224664977,6.16685594633108,-5.31959930991613,8.80567572213467e-06,0.000141897392974488,3.46371783811545
"TMEM87A",-0.731799310168783,4.44276584766399,-5.31948223565794,8.80862107157122e-06,0.000141897392974488,3.49286189953092
"ANKRD13D",0.705718508613824,5.60513382368933,5.31906028013629,8.81924479681793e-06,0.000141904098571022,3.46990518229272
"CDH6",-1.17162434117829,3.62087999574679,-5.31842255420303,8.8353253984185e-06,0.000141998489813658,3.52668421773766
"EXOC5",-0.656344503921119,5.72005585249954,-5.31759963505276,8.85611912971688e-06,0.000142168323488827,3.45823853165501
"CKB",0.724158249922917,7.44452298767192,5.3167644558907,8.87727274105329e-06,0.000142343535924017,3.47190275253661
"DNAJB14",-1.11220348980664,5.37424186012222,-5.31593607886257,8.89830403082405e-06,0.00014251638552594,3.45781822402802
"SCRN3",-0.650752692622363,3.97779144098281,-5.31466974946473,8.93055073925631e-06,0.000142868258201543,3.49888114380262
"APLF",-0.839184244591606,4.71599168630887,-5.31377318631048,8.95345216420289e-06,0.000143069990789366,3.46733711484708
"RBM12B",-0.586283577378016,5.94902286315838,-5.3131891088674,8.96840320313885e-06,0.000143119036434288,3.44514821839527
"SNAPC1",-0.947993682659373,1.99722447159828,-5.31284937154769,8.97711119052645e-06,0.000143119036434288,3.56204702423112
"SCAF1",0.640571153565075,6.96290201706937,5.31166221578251,9.00760632345611e-06,0.000143425939995711,3.45045944964326
"MAP7D1",0.582068284000146,7.51138179779714,5.31129751083414,9.01699550829027e-06,0.000143425939995711,3.45764209259462
"TRDMT1",-0.90620781813594,3.86379077808994,-5.3078017803914,9.10749017494852e-06,0.000144534621475039,3.48492029359053
"PSMD12",-0.9577238997854,4.89308364144091,-5.30360663059953,9.2172917686244e-06,0.000145943952354688,3.43399223119566
"UBE2S",0.802915062832731,2.36185462601797,5.30264822832436,9.24256183274975e-06,0.000146002037168705,3.53645466957324
"DNPH1",1.03032164586766,2.27067182344039,5.30189604161172,9.26244319728904e-06,0.000146002037168705,3.53195505434818
"TM9SF3",-0.821601156114131,6.50077836403361,-5.30187616571794,9.26296912550694e-06,0.000146002037168705,3.41602721556917
"CCDC22",0.777798014317319,3.21958965349032,5.30079647697902,9.29158330148285e-06,0.000146287192590277,3.51163053229217
"TBL1XR1",-0.845807316970973,6.90336754388985,-5.29923864357034,9.33302537105259e-06,0.000146773437452911,3.41350966311916
"ZC3H14",-0.587171826729332,6.00209965281865,-5.2984711682962,9.35351000690311e-06,0.000146929374142336,3.40428763273553
"KIN",-0.655532625548341,3.65663228435515,-5.2960850015293,9.41748693249223e-06,0.000147663100322257,3.4631693636999
"DNAJC3",-1.00016790566361,5.22138345823798,-5.29573614489019,9.42687695827957e-06,0.000147663100322257,3.40434163993034
"SMAD2",-0.598274187190488,6.83999353891448,-5.29514886055401,9.4427058111413e-06,0.000147663100322257,3.40107059915964
"ORMDL1",-0.865628028855804,3.79987850568999,-5.29442011591365,9.46238437826437e-06,0.000147804570367001,3.45118423038137
"SLC35A5",-0.938192808495094,4.45335587022075,-5.29380479569996,9.47903205777052e-06,0.000147898432847504,3.42128915972883
"MTERF1",-1.32064851469896,3.1694385016577,-5.29236822609405,9.5180130895607e-06,0.00014823559674466,3.47848760844889
"IFNAR1",-0.74255999542025,6.24839120216502,-5.29222283448191,9.52196719126612e-06,0.00014823559674466,3.38750338282992
"SREK1",-0.758154277067233,5.8765545894507,-5.29167087612428,9.53699334308599e-06,0.000148303446818324,3.38562732555235
"GAMT",0.959428718855812,3.87973461206768,5.28997348451604,9.58335087823799e-06,0.000148857814423759,3.45185269146297
"ZNF540",-1.1372347017518,3.62412555635455,-5.28616571260001,9.68816712276334e-06,0.000150317968014125,3.43754136284039
"SESTD1",-0.673296987130205,6.75490350586009,-5.285626477507,9.70310305504197e-06,0.000150381871428309,3.37359227664606
"HCN2",1.00483147797599,7.6553293201946,5.28437719041258,9.7377948622742e-06,0.000150421804144339,3.38658719884335
"FAM175A",-1.23252848529828,2.09091425260542,-5.28415965954676,9.74384821408171e-06,0.000150421804144339,3.48703669541841
"ACTR6",-0.94650596384304,3.25263931858585,-5.28397606038063,9.74896025996615e-06,0.000150421804144339,3.45052344067794
"GCC2",-0.786586908813331,6.18967362049859,-5.28254604856836,9.78886878314423e-06,0.000150870126189879,3.3604710372378
"SDHC",-0.734899215448932,6.95910737220929,-5.28114240090299,9.82820052577996e-06,0.000151308575536426,3.36410127355902
"WDR18",0.892720795378527,3.21587748589536,5.27992865978391,9.86233835155969e-06,0.000151666181154184,3.45717097385174
"ZER1",0.639299744443454,7.41465884190483,5.27656594249288,9.95753955963678e-06,0.000152941385846168,3.35998146216603
"PTEN",-0.748965124006689,6.6480015714365,-5.27591837840258,9.9759779331587e-06,0.000152941385846168,3.3454895626089
"WDR81",0.743706191801448,5.47159739382723,5.27583814681313,9.97826477934644e-06,0.000152941385846168,3.35292136052983
"RPL31",0.640918127581417,5.15019869449529,5.2745548171786,1.00149149862974e-05,0.000153334083854082,3.35487844548649
"GAS6",0.648407017593565,6.012417147043,5.27391443500052,1.00332538053296e-05,0.000153394655193225,3.3408289096334
"ZNF480",-0.948111886236575,3.61919339943081,-5.27145849637224,1.01038973393148e-05,0.00015413455235988,3.39718933205153
"SRP54",-0.937338242408408,3.99025041222266,-5.27119362226661,1.01115459467854e-05,0.00015413455235988,3.37825864627538
"DNAAF5",0.650821131999224,4.45816199922072,5.27032293087509,1.013672921407e-05,0.000154349188974809,3.36665927974462
"PIGQ",0.771309672125665,5.25456293159285,5.26568822223601,1.02718401486311e-05,0.000156155763675526,3.32935540728636
"LINC00634",1.09564840384346,4.04427975901635,5.26548384579192,1.02778394305212e-05,0.000156155763675526,3.37824847188111
"HMGN5",-1.0513571227306,2.55900438536154,-5.26423636686724,1.03145341013103e-05,0.000156542197681677,3.42751857824364
"GCFC2",-0.805319696472252,3.72931767379126,-5.26329830468039,1.03422135732079e-05,0.000156623901337021,3.369187042546
"CEP95",-0.681717025982496,4.79595686062812,-5.26329029923992,1.0342450109868e-05,0.000156623901337021,3.32546159493833
"SLC25A18",1.00624391951538,6.66755599040945,5.26279525057303,1.03570878281431e-05,0.00015667490205315,3.31374930159581
"RPP25L",0.993019567358477,2.56829159310874,5.26124046807955,1.04031949155901e-05,0.000157201321431014,3.42574740525517
"FBLL1",1.14066861411875,3.19223809168046,5.25798006891354,1.05005499795306e-05,0.000158166623076385,3.39979635434705
"SEC11A",-0.660455329897574,3.74343724020338,-5.25795813624099,1.05012079628473e-05,0.000158166623076385,3.35405990810594
"FAM110A",1.17461512477962,0.712905236289812,5.25587631136691,1.05638511434737e-05,0.000158937942204081,3.23890891406154
"CTBS",-1.18787422420459,3.35640103900945,-5.25392035527845,1.06230474398546e-05,0.000159655789739307,3.36348769056299
"LMF2",0.823131372978614,4.53339611006851,5.25347783145523,1.06364862265981e-05,0.000159685131233442,3.31964607300739
"AIG1",-0.788416505689886,4.40783222842209,-5.25024719376679,1.07351125201691e-05,0.000160991946338069,3.30286773199245
"OPRL1",0.901513778194256,3.64174448330274,5.24924432232281,1.07659142828984e-05,0.00016127989263023,3.35135270869962
"MAPK3",0.758806644421493,6.69935101805155,5.24652837969777,1.08497752013906e-05,0.000162188065770124,3.26761730090567
"LIG4",-0.968738789979977,4.34596476134011,-5.24629658899092,1.08569624588878e-05,0.000162188065770124,3.29431795513463
"DLG1",-0.896757844077723,7.21102231349587,-5.2461491346027,1.08615371336488e-05,0.000162188065770124,3.27159019597068
"AP1S2",-1.00962833494821,3.89908943659014,-5.24424424178799,1.09208088054871e-05,0.000162898158813177,3.3084185461661
"PNCK",0.732496668547366,5.20637394329204,5.23730169819563,1.11395808954176e-05,0.000165805624848067,3.25170174628228
"HDAC2",-0.885200593382147,4.5916762133354,-5.23685060222256,1.11539464688218e-05,0.000165841886427338,3.2588828078561
"OGFOD3",0.60224876913411,4.00770251349529,5.23539320544562,1.12004853887319e-05,0.000166036474897504,3.29009150222145
"NISCH",0.595521248910419,8.25232861058931,5.23513509546487,1.1208747811855e-05,0.000166036474897504,3.26201111188984
"TPRKB",-0.903451744707146,1.9576694822312,-5.23454906472399,1.12275300283595e-05,0.000166036474897504,3.35355822543952
"TBCB",0.748523127924722,5.08599885955335,5.23344177262103,1.126310458027e-05,0.000166036474897504,3.24470927828011
"ARL5A",-0.878144232381087,5.66853750921146,-5.23342432694756,1.12636659676683e-05,0.000166036474897504,3.22532965348185
"ZNF703",1.16712752872413,4.63349705570722,5.23330586027171,1.12674788680021e-05,0.000166036474897504,3.26424585854744
"CREBZF",-0.843513533809123,4.97110744724769,-5.23313913882062,1.1272847055595e-05,0.000166036474897504,3.23682137319142
"PHPT1",0.838971657486943,4.48322011624075,5.2328523594603,1.12820869175575e-05,0.000166036474897504,3.26453900860492
"RPF2",-1.09599508305368,3.11677631310193,-5.2327164859264,1.12864673268696e-05,0.000166036474897504,3.31773377735504
"PCIF1",0.630670952958833,5.1632100053307,5.23224667507755,1.13016266111453e-05,0.000166083734828902,3.23754426587894
"SLC35F5",-0.845446732285164,5.44378211622951,-5.23167824231916,1.1319995333759e-05,0.000166178009640885,3.22290855984686
"CEBPB",0.873797006858935,4.64645861588854,5.22932763084507,1.13962721575615e-05,0.000167059685778145,3.24956696835047
"ZDHHC21",-0.972215352711349,5.64086509112047,-5.22884419026581,1.14120233136595e-05,0.000167059685778145,3.21296858302763
"LARP7",-0.697887903968442,3.7506054770277,-5.2287190008679,1.14161057034411e-05,0.000167059685778145,3.27330307206399
"BBS10",-1.17202797684924,3.77383029469706,-5.22785275809234,1.14443936725042e-05,0.000167141379228976,3.26988560275563
"MRPL42",-0.81406497082954,5.84300022503348,-5.22781176961987,1.14457339250457e-05,0.000167141379228976,3.20875515425525
"UBE2J1",-0.645084040444502,4.86780168504196,-5.2253646155231,1.15260367469007e-05,0.00016797566158162,3.21841037350522
"IFIT5",-0.724390585525242,4.44978696076295,-5.22445110003764,1.15561577651352e-05,0.00016797566158162,3.23015600204949
"DYRK1B",0.759815556627326,4.44168393610076,5.22430189184167,1.15610850266729e-05,0.00016797566158162,3.24157086464148
"IPO7",-0.652354407841375,6.9910812704125,-5.22423546645112,1.15632792500079e-05,0.00016797566158162,3.206938161126
"FARSA",0.614209685443787,4.9585174638798,5.22351792339001,1.15870083426701e-05,0.000168144665949687,3.21896631132561
"SFXN5",1.08775933830525,7.11346051535613,5.21990982829293,1.17070678542593e-05,0.000169709757361744,3.20009915361968
"USP34",-0.597372319464615,8.19523530608242,-5.21905125408455,1.17358196945383e-05,0.000169949338951533,3.21640610427913
"TMX3",-0.919619717630425,5.07520576854941,-5.2176302413692,1.17835616427807e-05,0.000170385981387852,3.19124866107626
"ZMIZ2",0.76645767686506,7.59871765410439,5.21742466745719,1.17904843975768e-05,0.000170385981387852,3.19990510409488
"ATG4D",0.754570358955958,3.75599048620111,5.21483891980972,1.18779081936893e-05,0.000171471110808587,3.24843323663957
"CRYBG3",-0.755396899600576,6.73360850259791,-5.21179394896747,1.19816897002792e-05,0.000172789886113363,3.16885268460037
"MANEA",-1.17415224779579,2.83700787080243,-5.21071101262405,1.2018817497313e-05,0.000173145700360254,3.27200930332118
"TMEM151A",0.800254643080227,5.89943954365685,5.2098027454618,1.20500455547118e-05,0.000173415872983026,3.16531253389812
"C9orf172",1.15656555728362,6.5101276133405,5.20783235268711,1.21180708186075e-05,0.000174214498986848,3.16156667226299
"ORC2",-0.739891150652416,4.46791118675014,-5.20701531366373,1.21463905259822e-05,0.000174441240797732,3.18130800846397
"DMTN",0.84072242020319,7.23374402520944,5.20602999802937,1.21806309662789e-05,0.000174752457887728,3.16245268150794
"PPWD1",-0.71256935267407,3.93662474696146,-5.20443082453133,1.22364089567227e-05,0.000175371708573566,3.19731898350006
"CTSD",0.919786131807143,7.52394373279003,5.20341913282043,1.22718278233789e-05,0.000175555955271601,3.16024543584812
"JAK2",-0.666464566085455,5.03069006847511,-5.20334233032584,1.22745208260679e-05,0.000175555955271601,3.15289466539613
"SLC35D1",-0.708453810108584,4.36127050070794,-5.20042358994164,1.23773026096812e-05,0.000176844050236165,3.16743000974602
"NOC3L",-0.81322850556536,3.49820912801263,-5.19895502467951,1.24293422326964e-05,0.000177286556316578,3.20478148374285
"PRIM2",-0.924868024170297,1.84768438463793,-5.19883010959435,1.24337787662684e-05,0.000177286556316578,3.25664262889842
"PPP4C",0.641028757214863,3.83089457786441,5.19841651927578,1.24484793053259e-05,0.000177314302564181,3.1987082989841
"CCM2",0.718541304342625,5.20724067013872,5.19761972292273,1.24768494139482e-05,0.000177536500053949,3.14151855289996
"PTPN2",-0.816087369301404,4.02941249890555,-5.19571306944345,1.25449988968027e-05,0.000178323695974797,3.1687104238927
"C3orf14",-1.09935182120533,3.15376528834148,-5.194113812965,1.2602447978962e-05,0.000178957335856517,3.21061283163221
"P4HA1",-0.935615920798704,4.76849907678527,-5.19341027018333,1.26278041304519e-05,0.000179134421450554,3.13283662643058
"SLC25A46",-1.00645189993602,5.16947263135416,-5.19218786496016,1.26719817785562e-05,0.000179451466054909,3.11869920414437
"CASP8AP2",-0.862963418411988,5.47135436190021,-5.19207771034579,1.26759703399454e-05,0.000179451466054909,3.11285679731629
"STX12",-0.742522284407672,5.69365276905488,-5.19161114711015,1.26928779331395e-05,0.000179508025459314,3.10920730437706
"ALDOC",0.84107824253879,8.29009747399316,5.18776902091444,1.28329711434377e-05,0.000181120776483321,3.13252757741513
"RYBP",-0.794663466491088,5.43369784001593,-5.18682687695926,1.28675593135645e-05,0.000181424756163462,3.09880499622366
"PAK2",-0.59538595150245,6.21649084995673,-5.18495500138403,1.29365567117005e-05,0.000182212777513739,3.08999865161643
"HAT1",-0.820964675836175,3.74866914154532,-5.18448019178904,1.29541169314054e-05,0.000182275438846557,3.15162706363951
"GRIK5",1.09211860975759,7.24715249610869,5.18400035258969,1.29718873707224e-05,0.000182340928440629,3.10252944319966
"FAM96A",-0.727929936092879,2.76270018723792,-5.18009539897279,1.31174130067595e-05,0.00018420027840401,3.19233906510714
"PLEKHA3",-0.647514493411792,5.73496807445596,-5.17923099911392,1.31498464859562e-05,0.000184469390361013,3.07463939541236
"PPP1CC",-0.724887543421197,5.75514793225305,-5.17681018291091,1.32411060616655e-05,0.000185562355311768,3.06780272778497
"CASD1",-1.04952672476371,5.3722815462753,-5.17573680899146,1.32817722556727e-05,0.000185944811579417,3.06928721039172
"PAK4",0.737530895467229,4.62490247206121,5.17509564468375,1.33061231429546e-05,0.000186098313816252,3.0978586835082
"PRPF38B",-0.740460601054752,3.93109944829149,-5.17378242430799,1.33561375388515e-05,0.000186610074437301,3.1130434148976
"DNAJC24",-0.824574484142382,3.11257354692962,-5.17304240898405,1.33844039712497e-05,0.000186817253020394,3.15514392873674
"YOD1",-0.91946056712727,4.67551180963323,-5.17081187538242,1.34699660777339e-05,0.00018782293722433,3.07344530806953
"FAM134B",-0.779628045411642,4.71037422234159,-5.17001376657617,1.35007137262122e-05,0.000187826618004735,3.07018091821259
"USO1",-0.731408412956671,5.62701635061931,-5.17000429766964,1.35010789425764e-05,0.000187826618004735,3.04990275844841
"DUSP15",1.11410305486832,1.97240681467405,5.16975333118112,1.35107623366951e-05,0.000187826618004735,3.17350069601547
"MCOLN1",0.669750925081549,3.70648307354876,5.16887840022935,1.35445753436515e-05,0.000188108577849594,3.12495883771876
"ARMC5",0.903642073347687,3.69908576598785,5.16781008290985,1.35859767509896e-05,0.000188495258275706,3.12605797578508
"KLHDC1",-0.937276314855164,3.47080997161381,-5.16698864527398,1.36178966089534e-05,0.000188749749409442,3.11879003573117
"CPLX1",0.94934428579926,4.594645224411,5.16525016302203,1.36856988427398e-05,0.000189110550353104,3.07427658882171
"TMEM205",0.74391377194551,3.88241945067775,5.16519745093244,1.36877599186122e-05,0.000189110550353104,3.1052970802907
"NYAP1",0.797966043115528,6.54772388197671,5.16492698697092,1.36983401097378e-05,0.000189110550353104,3.04067213271795
"C5orf28",-0.798184548055895,2.01283539428425,-5.16410295748705,1.37306254575942e-05,0.000189368209435986,3.16717518510776
"SMC2",-0.772916743487715,3.66400186535592,-5.16311411018742,1.37694687345135e-05,0.000189582519181185,3.09750620679552
"LZTFL1",-0.864433355869089,3.97929945279824,-5.16301320319655,1.37734386687525e-05,0.000189582519181185,3.08098727428057
"PIK3R2",0.874746397922785,6.45186887538356,5.16236989620179,1.37987748844251e-05,0.000189743391140729,3.03358830589631
"GFPT1",-0.666244834050304,5.48389229779227,-5.16169567442972,1.38253786440941e-05,0.00018992135761877,3.02855565324994
"SPATA2L",1.04951752899938,3.77451511500594,5.16122569948534,1.38439534472183e-05,0.000189988786597462,3.10701318198344
"CELF3",1.06010355950536,6.52057591291548,5.15832756683473,1.39590485602302e-05,0.00019111001906788,3.02395133159441
"SNRNP48",-1.04696392292572,3.52039160960882,-5.1571578884508,1.40057710148564e-05,0.00019141173303952,3.08918986974741
"RAC3",1.07778004230305,1.97222546306631,5.15689027192662,1.40164828250778e-05,0.00019141173303952,3.13994943520413
"MRE11A",-0.644814844321829,4.70721965574275,-5.15609839053401,1.40482272100523e-05,0.000191656972202303,3.03204911772751
"ZNF711",-0.676234844439664,4.17907271216656,-5.15547122645869,1.40734194937297e-05,0.000191812429217481,3.05125510330122
"CAPZA1",-0.742701963598651,5.18200590470188,-5.15373266217935,1.41434913980584e-05,0.000192499405510056,3.01188413306662
"XPA",-0.755589220089797,3.18758980523457,-5.1532745501629,1.41620133198651e-05,0.000192499405510056,3.09715923203306
"ZMYM1",-0.734430849526049,3.17038891924108,-5.15319173737295,1.41653641085302e-05,0.000192499405510056,3.09793904414464
"INAFM1",0.842029108200297,3.4186526018751,5.15074357802908,1.42647807229125e-05,0.000193661114853447,3.09317991893112
"BCO2",-0.788765166734808,3.7473803677155,-5.15031608292533,1.42822121113525e-05,0.000193708597826364,3.0579731971007
"NOL11",-0.820831216473565,3.37138588160753,-5.14876384510122,1.43456847407522e-05,0.000194198946449897,3.07444344070613
"ZNF579",0.982861788679148,3.84616036967986,5.14874873515612,1.4346303985329e-05,0.000194198946449897,3.06659893404329
"RPL37A",0.942076972033324,6.52084977219476,5.14676936843642,1.44276548805088e-05,0.00019511017329653,2.99108842089842
"SLC26A11",0.619095747501568,3.95951704974291,5.14559941073509,1.4475956063451e-05,0.000195573120693971,3.04609893169933
"ARL17A",-1.15624254891702,2.31643425134487,-5.14441409906707,1.45250558841563e-05,0.000196045948448099,3.11182108651692
"RSF1",-0.594432815978643,6.24247818826707,-5.14345689807099,1.45648279609186e-05,0.000196368951527752,2.97514551429301
"LIPT1",-1.03395974582598,1.45519666421232,-5.14256492714005,1.46019876305225e-05,0.000196368951527752,3.09118251194615
"SLC2A6",0.656478819427234,4.09599352910018,5.14256078887897,1.46021602517797e-05,0.000196368951527752,3.03130733479275
"SAC3D1",1.29044653227399,1.69113290222385,5.14238396346578,1.46095381596271e-05,0.000196368951527752,3.08204661048911
"CLDND1",-1.1103974957643,7.80582169528957,-5.14214263659201,1.4619613352843e-05,0.000196368951527752,2.99624378273516
"ACER3",-1.31166355979747,5.02769293805189,-5.13985115210114,1.47156274628065e-05,0.000197467811764417,2.97798460170783
"PBXIP1",0.909081434900826,7.35471236010136,5.13913318311815,1.47458400670712e-05,0.000197571608164022,2.97954670349464
"NPDC1",0.690965034840414,6.8539690760455,5.13899205719639,1.47517860217418e-05,0.000197571608164022,2.97122809869554
"TMEM240",0.910008597998204,2.4771748078002,5.13800970362826,1.47932412205408e-05,0.000197801634686504,3.09686084795311
"PURB",-0.65574118521574,6.52296196045266,-5.13768207222407,1.48070930896541e-05,0.000197801634686504,2.96117418094993
"GTDC1",-0.858785808262909,6.10178266903141,-5.13726128454869,1.48249025054827e-05,0.000197801634686504,2.9577065734338
"TMEM8A",0.9818654114943,5.24079368131713,5.13723834023642,1.48258742154609e-05,0.000197801634686504,2.97668170613026
"IGLON5",0.885522967473674,4.17136342141626,5.13466557342256,1.49352375026697e-05,0.000198879354198893,3.00884462575237
"TCEA1",-0.765720948050882,4.57635874472257,-5.13466494282183,1.49352644068224e-05,0.000198879354198893,2.97724552775791
"CELSR2",0.71293616910236,9.61704462564354,5.13419338859149,1.49553965088487e-05,0.000198956863412454,3.02135303696648
"ZNF800",-0.765406365861211,4.77105121092081,-5.13144838844278,1.50731283965825e-05,0.000200331387159933,2.96151292920482
"CALY",1.2137682737291,5.09948662342105,5.13108282142247,1.5088877111558e-05,0.000200349159125959,2.96785427452389
"POLK",-0.68389343751094,5.21784596254772,-5.13030133945121,1.51225986908077e-05,0.000200605312022527,2.94630421857714
"DCLRE1A",-0.742857588020889,3.38744420093982,-5.12986695511958,1.51413752679129e-05,0.000200625383311445,3.02189462373595
"TMEM87B",-0.817925674797246,3.92729474162418,-5.12926564029368,1.51674059747035e-05,0.000200625383311445,2.99071686885949
"IFT88",-0.82028759752784,4.12884600482787,-5.12832080523396,1.52083978849638e-05,0.00020097637585244,2.97846999844217
"MFN1",-0.598387790852124,4.90389786600382,-5.12657118844648,1.52845978778886e-05,0.000201600075615187,2.94422548091201
"NDUFAF3",0.72622662921206,4.57139240422969,5.12303154096319,1.54399261796886e-05,0.000203455785545053,2.95646484606004
"ZNF138",-1.18933005052824,4.16322869004,-5.11949163188526,1.55968427970998e-05,0.00020532889068682,2.95280027814482
"ASTN2",0.712873586183902,5.80425152267115,5.11771545054656,1.56761762337169e-05,0.000206178052981204,2.9105648269812
"MYH14",0.78071778108363,6.9643803151175,5.1171391697063,1.57020024107224e-05,0.00020632253073144,2.91250854467953
"MORC3",-0.64555220864395,5.82850461110346,-5.11670405888166,1.57215301683355e-05,0.000206384053257979,2.90095946198604
"RAD18",-0.740352895322484,3.35648928511279,-5.1149648402143,1.57998287854747e-05,0.000207026687279998,2.98298542276717
"LPGAT1",-0.957255382112432,6.59709438734743,-5.11495512518669,1.58002672424167e-05,0.000207026687279998,2.89934522227417
"SYNCRIP",-0.718125005639854,6.467531525326,-5.11372582715834,1.58558458762351e-05,0.000207559293193428,2.89437788675642
"ZBTB25",-0.73760092082842,4.71695179424442,-5.11140233345946,1.59614287817502e-05,0.000208744856936869,2.90808329009412
"JOSD2",0.99042871751893,2.68597313210729,5.11072156195196,1.59924968157087e-05,0.000208866348000551,3.02022081106058
"CD81",0.967709064157974,7.63755044184042,5.11054056941335,1.60007668407845e-05,0.000208866348000551,2.90569859288692
"SUCO",-0.718718887939168,4.53161066097395,-5.10924715927582,1.60599905988386e-05,0.000209406212682977,2.90888891544887
"MAGOHB",-0.865858761698929,2.61116667094235,-5.10898000190759,1.60722506785165e-05,0.000209406212682977,3.006617062898
"NAA16",-0.744904149587169,4.41153221872952,-5.10683264345952,1.61711348902937e-05,0.00021049730079107,2.90702254390419
"FOXG1",0.758648850331329,6.62307256238575,5.10447719526255,1.62803003320615e-05,0.000211720051652309,2.87383971898955
"SGTA",0.629987415013942,6.11330480789192,5.10308742017672,1.63450556370809e-05,0.000212363517258597,2.86729130524633
"MAPK8",-0.672408506370673,4.77210658010857,-5.09961044985165,1.65081908052755e-05,0.000214282790452791,2.87372729281068
"BTAF1",-0.706351710827163,6.60955795114809,-5.09906632589107,1.65338671484208e-05,0.000214415877889316,2.85518742083259
"NUCB2",-0.580762545523083,4.47910387178676,-5.09761513351599,1.66025417783345e-05,0.000215105811558626,2.87933912340825
"TTC9B",0.921371873620802,3.85468846704556,5.09703628019204,1.66300141943707e-05,0.000215261133454508,2.92335073512122
"METTL4",-0.751675795948787,2.9687637419396,-5.09294755582915,1.68253622922375e-05,0.000217587150313196,2.94518984287198
"PLOD2",-1.02720390313053,4.49252673473159,-5.09165136033466,1.68877680130453e-05,0.00021819121832468,2.86164849916962
"FGFR3",1.34286703273471,7.45701525995883,5.09104081929181,1.69172427085248e-05,0.000218369088332323,2.84982019764397
"CCDC50",-0.736295434913571,5.87946004256655,-5.08940871721602,1.69962870636613e-05,0.000219185883820982,2.8251999318625
"TAS2R14",-1.36904670213717,2.28100817352169,-5.08838439694241,1.70460841598619e-05,0.000219420983324445,2.96276027697033
"PPP1R16A",0.904456639077157,5.86895652247813,5.08672652160457,1.71269902539322e-05,0.000220258481508016,2.82548114796568
"PPP1R37",0.70165249714991,5.73460036357892,5.08620503988064,1.71525182994136e-05,0.000220382910719453,2.82377201722974
"SAMD14",1.05719202835567,6.28740932511302,5.08366351375576,1.72774781640293e-05,0.000221783473163744,2.81666263616981
"ZNF706",-0.81560404556553,6.15421933003677,-5.08231485666979,1.73441566189106e-05,0.000222434008594184,2.80563038474463
"GK",-1.07407460652732,2.82117190959569,-5.0787135617335,1.75234685036715e-05,0.000224526506118011,2.91458158991289
"TMEM115",0.637016621684497,4.2281145112525,5.07568547557568,1.76756712324124e-05,0.000226268122903312,2.84080679073776
"SPCS3",-0.978201368292632,5.70918935622805,-5.07242786477826,1.78408845301646e-05,0.00022798400128794,2.77919935478763
"GAL3ST3",1.22623969393437,3.07828672767363,5.07211440863486,1.78568628736822e-05,0.00022798400128794,2.90268039921074
"GTF2H1",-0.598651329172554,4.4414172710275,-5.07207425431734,1.78589107612262e-05,0.00022798400128794,2.81031251221574
"KCNH3",1.07905125276806,7.49064499973491,5.0695070508071,1.79903270431614e-05,0.000229450941792688,2.79001581299288
"KBTBD2",-0.660746652852089,5.14064581272728,-5.06732861827305,1.81025987608784e-05,0.000230460007301952,2.7738864699566
"COX5A",0.591661743864082,3.79210326901846,5.066170193781,1.8162586016658e-05,0.00023101214163182,2.83696313052898
"NPHP4",0.64801551503268,5.97450030173218,5.06346353712373,1.83035206430052e-05,0.000232588269155005,2.75847295261213
"KANSL1L",-0.675534726792248,5.36267789897559,-5.06297921376111,1.83288540738069e-05,0.000232588269155005,2.75721313777225
"PCNXL3",0.737884806265761,6.70555695138213,5.06282943418391,1.83366956548616e-05,0.000232588269155005,2.75916308573723
"PAXBP1",-0.751426765045657,5.64144245646639,-5.06147276520781,1.84078755919899e-05,0.000233278292142063,2.74927372589496
"ZBTB44",-0.733947584269154,6.3229745427704,-5.05777693483954,1.86031856355975e-05,0.000235339736073313,2.73844099147786
"ARFIP1",-0.985274765507158,3.40060899884434,-5.05747848949185,1.86190472516112e-05,0.000235339736073313,2.82329022322495
"PPP1R3F",0.594174163863765,5.55454890993384,5.05701942918816,1.86434714987468e-05,0.000235339736073313,2.7444982839104
"MAP3K10",1.00150409450058,7.2162462501318,5.05648184962717,1.86721140043781e-05,0.000235339736073313,2.74920378120503
"FAM8A1",-0.990369013041861,5.4782442647693,-5.0553241538007,1.8733945825914e-05,0.000235691687666838,2.73430457715316
"ERP44",-0.799059646266249,4.6753280986785,-5.05255957501035,1.88824281629685e-05,0.000237344951466174,2.74700242118271
"ACTR2",-1.0113716578321,6.93802034784961,-5.05142636034054,1.89436306647106e-05,0.000237899144987178,2.72834157204342
"PRDX2",0.840584761318477,6.1076524271703,5.05096319100274,1.89687024064752e-05,0.000237999007991713,2.72510260030135
"DCAF10",-0.67569035999755,4.78568442948337,-5.04925331156391,1.90615467164797e-05,0.00023894826190487,2.73419687923806
"ELFN2",0.844944805160401,7.66543467246515,5.04855694879692,1.90994881698333e-05,0.000239141728478098,2.73479203070069
"FAM177A1",-0.888517236905441,4.87875843652606,-5.04833890160482,1.9111383997926e-05,0.000239141728478098,2.72848547440076
"TXNL1",-0.855839520431915,6.03571104648416,-5.04672138048641,1.91998609852654e-05,0.000239793781537739,2.70696544502771
"GTF3C3",-0.6518917352811,4.25750210997052,-5.04608695539138,1.92346749774279e-05,0.000239821032767895,2.746583747049
"POLR2E",0.609093927763747,5.48684893738772,5.04438143382666,1.93285778560073e-05,0.000240775886518112,2.7106465836338
"ITGA7",0.667224425003305,6.54664504002348,5.04194605513825,1.94634588487307e-05,0.000242239037524667,2.69980849399663
"REXO2",-0.854986918310985,3.24563690302055,-5.03801828419216,1.96829761234091e-05,0.000244533274412541,2.77925437207354
"BCL9L",0.855825328708599,5.89825958474654,5.03520344123559,1.98418114328506e-05,0.000246136712664464,2.68238814214545
"PLAG1",-0.936709876675827,2.32320982321422,-5.03413705629735,1.99023186195274e-05,0.000246597177761738,2.81605780997589
"RPS6KC1",-0.656329746267609,6.3124657676837,-5.03318692274622,1.99563847182086e-05,0.000246661212602751,2.67029632270409
"WDR24",0.635271090716097,4.16651855400835,5.03311093006184,1.99607153055744e-05,0.000246661212602751,2.72660579045706
"C8orf59",-0.788935512813621,2.28682641177319,-5.03148795245063,2.00534279386593e-05,0.000247367129727809,2.81014399004301
"FASTKD3",-0.782755805255699,1.91763568704222,-5.03097964561145,2.0082553237054e-05,0.000247506786437521,2.8137312943933
"ARMCX3",-0.840229368742754,5.48772845576222,-5.02882343215299,2.02065713245363e-05,0.000248814663023652,2.66073417755547
"GOPC",-0.728025954703829,4.99159110006132,-5.02686450544795,2.03199044292912e-05,0.000249988771129209,2.66593352878946
"PDZD8",-0.60172641654792,6.70510677144395,-5.02623890449383,2.0356231812932e-05,0.000250214265838532,2.65481318269269
"DYNLRB1",0.88044024841462,4.6992498964926,5.02579654818792,2.038195764731e-05,0.000250309165382423,2.68570099421552
"INCENP",0.668151946209295,4.82539382541063,5.02483468277043,2.04380082385599e-05,0.00025077598458293,2.67541389964138
"ADRB1",1.13027668853255,3.38562309183075,5.02175476423134,2.06185202933235e-05,0.000252767785818151,2.74929163236988
"TRMT61A",0.858695782673418,4.79285740538746,5.02101563425596,2.06620763428959e-05,0.000253078577373515,2.66823317354165
"DDX52",-0.607432745836529,3.92645794573322,-5.01962519098601,2.0744262409719e-05,0.000253861563397811,2.68997321371353
"AKT3",-0.667775460674114,7.71838348316745,-5.01890919815236,2.07867102996829e-05,0.000254157296909579,2.65345256671507
"RPL29",1.01306477620853,6.02730171264604,5.015708631254,2.09775188647035e-05,0.000256264909716263,2.62914976617019
"AMN1",-0.8901907228687,3.7907166566214,-5.0130939723397,2.11346931961051e-05,0.000257732021765134,2.67881214455886
"FOXJ3",-0.68776266367111,6.1899752252534,-5.01219049135288,2.11892765510702e-05,0.000258171185462733,2.61162646829533
"PANX2",0.99474301905149,5.38274956114769,5.01098912103785,2.1262074598942e-05,0.000258831314426,2.6245529214749
"TAF6",0.734274701858198,5.48964402228944,5.00925879901307,2.13673635424579e-05,0.000259885466288057,2.61510696037067
"HIGD2A",0.708678085276014,3.73936304317173,5.00891196987831,2.13885303484742e-05,0.00025991551477665,2.68497058866823
"CRB2",1.24249875322177,6.57181693796424,5.00778978891783,2.14571598936932e-05,0.000260294447506215,2.60933845818529
"EMX2",0.82436811154175,4.13489382735925,5.00706685230965,2.15014890196384e-05,0.000260544756909551,2.65954570360576
"IRS2",0.641275214088744,7.90488018858811,5.00446835746752,2.16615794232828e-05,0.000262088143727135,2.61787089302821
"NUDT5",-0.921932609508975,4.1571735951767,-5.0039489504784,2.16937217984482e-05,0.000262248800384372,2.63476968027536
"OTULIN",-0.628810274421988,4.83584269205629,-5.00051549775921,2.19073933680488e-05,0.000264372033509214,2.59808930488264
"PRR12",0.729788506685324,6.83816427819008,4.9962891106355,2.21732950980658e-05,0.000267019657799304,2.57666823782387
"FAM49B",-0.843097729262764,4.81186562369839,-4.99611350477972,2.21844126570419e-05,0.000267019657799304,2.58643720760607
"CORO7",0.914198410446156,5.51527418942499,4.99523607839908,2.22400456176306e-05,0.000267457711225173,2.57847267974138
"MAPK8IP3",0.664066504098841,8.0838357975933,4.99433274185933,2.22974667596831e-05,0.000267916493425337,2.59404119871865
"ZNF280D",-0.611227944641076,6.36758022294327,-4.99354548353773,2.23476298728795e-05,0.000268254641190654,2.56102900292094
"MEA1",0.682972722961897,3.58726851557395,4.99328579626676,2.23642014918693e-05,0.000268254641190654,2.65215457380745
"CCDC122",-1.70896788895388,1.50525812584446,-4.99233097020058,2.24252379564659e-05,0.000268754877647232,2.701656000453
"SLC10A7",-0.70606990227459,2.72570470358111,-4.99141130667645,2.24841837310695e-05,0.000269229218113117,2.68355831661114
"MED17",-0.626791359636271,3.89485008123852,-4.98357990540197,2.299243764647e-05,0.000274841675117134,2.59255966714744
"TMEM39A",-0.807609858201671,3.01587912003701,-4.98283853416086,2.30411418228667e-05,0.000275187245379289,2.6431846723757
"SLC30A4",-0.742598668135435,4.46490753382154,-4.98177641951013,2.31110964526489e-05,0.000275676949848503,2.56013998185312
"ZNF770",-0.906488339479033,6.00492577045638,-4.9811920157525,2.31496776265621e-05,0.000275676949848503,2.52576041139381
"GABPA",-0.816881464646559,4.39662454543145,-4.98116722915383,2.31513154073672e-05,0.000275676949848503,2.56125371836286
"TSR3",0.789008318821741,4.38561584402744,4.98050747284782,2.31949514613142e-05,0.000275676949848503,2.57312592619097
"NAP1L1",-0.971397755462107,7.40631567962362,-4.98033630988819,2.32062855110193e-05,0.000275676949848503,2.54067221041681
"TMEM161A",0.7636213738278,3.18201430153483,4.98011490880313,2.32209544146596e-05,0.000275676949848503,2.64227033043431
"RAVER1",0.785689347103295,4.68586673359556,4.97639452334237,2.34688356200584e-05,0.000278382041629737,2.5485862256163
"GSE1",0.781890890818748,4.77584337258505,4.97548440679719,2.35298752606537e-05,0.000278868137999665,2.54215403926114
"RAB14",-0.674238062506341,6.2724861705297,-4.97477855673384,2.35773241270606e-05,0.000279192470199656,2.50856755626138
"MRPL12",0.83342988317511,3.02991836104617,4.97281608605923,2.37097478243706e-05,0.000280082826888742,2.63189698516739
"GYPC",1.15427599152894,2.12495052731578,4.97281089192122,2.37100992967325e-05,0.000280082826888742,2.65933359938849
"NIPA2",-0.899377580751974,3.69974909918843,-4.97276870652794,2.37129540532333e-05,0.000280082826888742,2.573463219968
"TTYH1",0.954957881097852,7.55709092867053,4.96894400737653,2.39732068771163e-05,0.000282436883055654,2.51330841635386
"AP4E1",-0.683598152477367,3.87719538310437,-4.96742080571686,2.40776446765473e-05,0.000283427109477867,2.54907556323692
"KTN1",-0.699595633418692,7.09809651559446,-4.96708636667533,2.41006360311623e-05,0.000283457734437578,2.49769900254311
"CDK17",-0.819186879849432,6.23780021417276,-4.96676321983751,2.41228718810379e-05,0.000283479429323913,2.48635061482163
"CXADR",-1.09565924963459,4.47067943391226,-4.9661635452928,2.41641899062603e-05,0.000283725141956783,2.51669658547373
"NLGN2",0.645674584446396,7.86126939726071,4.96205348073434,2.4449281484184e-05,0.000286588458004322,2.50000767429602
"ADORA1",0.877646371928272,5.35546148745457,4.96002232991565,2.45914061689622e-05,0.000288011565763195,2.48388377389689
"SNRPN",0.681141058311552,7.25980175937194,4.95870695982468,2.46838849308964e-05,0.000288611128289133,2.47895472410788
"KLHL5",-0.777646464107935,6.30364994727674,-4.9587036273901,2.46841196616155e-05,0.000288611128289133,2.46442492306291
"EXOC6",-0.736402564081708,4.57405205320411,-4.95474681443451,2.49644060603887e-05,0.000291398130185998,2.48114093302641
"GPATCH11",-0.682433968001333,4.1260153149086,-4.9540635817088,2.5013123974107e-05,0.000291548841248281,2.49946522352283
"AAED1",-0.965605912646274,2.40092735994487,-4.95397760734108,2.50192610853978e-05,0.000291548841248281,2.59831654534884
"UBL7",0.603156141474292,4.39883663531115,4.95063400495694,2.52591053141434e-05,0.000294097221170202,2.48832201772405
"PRRT3",0.851234719122442,4.58245589855465,4.95008808873767,2.5298482169308e-05,0.000294104681204918,2.48183985677194
"TPM4",-0.695815954322288,6.41101619726448,-4.95003856733369,2.53020571659532e-05,0.000294104681204918,2.44117345075429
"RPL12",0.697504583652632,4.95653038736649,4.94933425712297,2.53529565184663e-05,0.000294450126582889,2.46293017577435
"EPM2AIP1",-0.886012641260345,6.02972772258091,-4.94759546346338,2.54790536897042e-05,0.00029542102117954,2.43288877786774
"SREK1IP1",-0.832094326706465,4.38737605249997,-4.94552011023937,2.56303766120034e-05,0.000296347659165882,2.46348575136546
"FAM199X",-0.702895933171838,6.54383735085188,-4.94534825424069,2.56429474538005e-05,0.000296347659165882,2.42945527617071
"GNAI1",-0.94839041499143,5.49704708757839,-4.94511457916959,2.56600500661733e-05,0.000296347659165882,2.4293708480387
"TTBK1",0.689110370816936,7.25984985561523,4.94503936222207,2.56655575914057e-05,0.000296347659165882,2.44124236748692
"BTBD2",0.943724174892591,7.64526749869699,4.9442117921353,2.57262316581862e-05,0.000296801719927058,2.44681369739766
"BORCS8",0.849225108359278,3.69419413515488,4.94374737699369,2.57603432792144e-05,0.000296948832726068,2.51237317678808
"ZNF283",-1.00808953725121,4.00216357196813,-4.94098084528601,2.59644830440474e-05,0.000299054054083137,2.46948945161884
"CHURC1",-0.71063281733028,4.00819191105653,-4.93954702886204,2.6070916463775e-05,0.000300031358178312,2.46542876726466
"HSP90B1",-0.835611314462479,6.98239505642327,-4.93770235483604,2.62084879297474e-05,0.000301365094457691,2.41467013180234
"ADGRB1",0.953107903263744,7.12232761905296,4.93671460028179,2.62824494860672e-05,0.000301965795665542,2.41702570826476
"NACC1",0.803198155493986,6.67124853819922,4.93603735330357,2.63332808630912e-05,0.000302299975688434,2.40885982416117
"PIGF",-1.17583322165316,2.69380944475529,-4.93424337537777,2.64684034171205e-05,0.000303600449096377,2.53118299332703
"PPP2R3A",-0.626454858277104,4.91650213919921,-4.93337922024347,2.65337379803225e-05,0.000304098949218833,2.41031885214604
"RABGGTA",0.744860270017188,3.60406590247303,4.9320568843509,2.66340245802802e-05,0.00030474585161733,2.48570694613581
"CTDSPL2",-0.734646062475288,4.57679708280076,-4.93131974780485,2.66900932367364e-05,0.000305136246856176,2.41660085147488
"KMT2D",0.613217035825873,8.76296794199246,4.92987116166673,2.68006196084152e-05,0.000305822220413981,2.43407781751012
"ZNF574",0.684190114453616,3.82255870210316,4.92983227788545,2.68035926974149e-05,0.000305822220413981,2.46439802057196
"PURA",-0.95434776697424,8.29661630027019,-4.92966887460767,2.68160902520963e-05,0.000305822220413981,2.42173847825341
"TMED7",-0.775737335358981,5.83795529216774,-4.92921603235622,2.68507552850653e-05,0.0003059665573549,2.38238121218241
"GRIN2D",1.02193821308831,2.2456682927547,4.92837967907695,2.69148954750098e-05,0.000306446254622102,2.54223878442612
"ATF6B",0.613183909658912,5.89938842013733,4.92796459457472,2.69467850941432e-05,0.000306558270359066,2.3840758991043
"CHCHD6",0.826177723374636,3.69632582284024,4.92698455088983,2.70222281810337e-05,0.000307165180844424,2.46597755583255
"SCAMP3",0.661919288325745,4.00033533947205,4.92636772304521,2.70698190341127e-05,0.000307203774867131,2.44361795378936
"SPEG",0.70435429470043,7.00182240982464,4.92600716118833,2.70976765572475e-05,0.000307269086051269,2.38475058292888
"DCAF15",0.951492528414076,3.72274981983038,4.924654776495,2.72024184475335e-05,0.000308170805209209,2.4606599968953
"NSUN3",-0.863949643904273,3.18556962949809,-4.92440853980777,2.7221532786427e-05,0.000308170805209209,2.47344591602843
"ADAM32",-0.922108104161317,3.17106960930307,-4.92355890721287,2.72875890656262e-05,0.000308667260529158,2.47208224109124
"DACT3",0.699866556440139,6.29790892078177,4.9214616126797,2.74513316251479e-05,0.000310008131094602,2.36579233495511
"TTLL12",0.653817492866846,5.66030258953872,4.92141996105064,2.74545933963921e-05,0.000310008131094602,2.36897664554431
"IVNS1ABP",-0.759374890289847,5.8151352763726,-4.92118466680599,2.74730267233887e-05,0.000310008131094602,2.36030150125976
"CCDC94",0.79301723434772,3.55825090928801,4.91919427370708,2.76294514233185e-05,0.000311349990434338,2.45410570865074
"SLC33A1",-0.810037835222444,4.58603124687164,-4.9190374492383,2.76418138791562e-05,0.000311349990434338,2.3822907125909
"LPAR6",-1.35565917610601,2.7731961502606,-4.91881789049437,2.76591309298235e-05,0.000311349990434338,2.48549650339271
"KBTBD3",-0.9374000604591,3.38920747686353,-4.91782843636695,2.77373054168112e-05,0.00031197736238229,2.44240098145868
"SRGAP2C",-0.596181085152363,4.4845149588054,-4.91629345099439,2.78590168978688e-05,0.000313021218082651,2.37943689255039
"VAMP5",1.26947394181261,2.81259805477285,4.91609054812218,2.78751451579861e-05,0.000313021218082651,2.49624596946696
"CNNM3",0.809773253393182,4.5876163288681,4.91565883788344,2.79094917200684e-05,0.000313153957943818,2.38646312659266
"MKL1",0.600774177163339,5.66974825626725,4.91481121170807,2.79770509588049e-05,0.000313605937197615,2.35007503137063
"SLC25A5",0.607659891380192,5.40697697498077,4.91376811856732,2.80604133445351e-05,0.000314086848885449,2.35185261372257
"UCHL5",-0.784868669029498,4.64173430376121,-4.91321329509221,2.81048547392624e-05,0.000314331207228662,2.364106285024
"NEDD1",-0.70952248170792,3.22804429522108,-4.91264980381298,2.81500621928043e-05,0.000314361468240372,2.43895331771957
"ERMP1",-0.63389044260536,5.56365400336965,-4.91261588423705,2.81527857832875e-05,0.000314361468240372,2.33873161023798
"CCNYL1",-0.680508802205166,3.14993740794794,-4.91106677427184,2.82774525464454e-05,0.000315500116613711,2.43963486249056
"ZBTB26",-0.777337854149136,3.43347552679212,-4.91062042962512,2.83134746916368e-05,0.000315648697003316,2.41996336533784
"HOMER3",0.742733550665352,4.73759514752297,4.90914708148886,2.84327057116785e-05,0.000316723938144034,2.36107290157805
"B3GALT4",0.836404145739386,2.61350251527699,4.9076174444793,2.8557021109276e-05,0.000317599765968924,2.47635279341526
"FBXO28",-0.903453802575047,4.62766362389652,-4.9045814785857,2.88053635555803e-05,0.000319811675733304,2.34074724949568
"ZBTB11",-0.6477293080267,5.3826805258197,-4.90434351826231,2.88249194140289e-05,0.000319811675733304,2.31858299822456
"RGS5",-1.7241173606357,6.45794258682945,-4.90376822549957,2.8872252295684e-05,0.000320081380713396,2.31692928464572
"ARHGAP33",0.941250688374518,5.28974263938272,4.90236077682856,2.89883784074176e-05,0.000321112698501928,2.32721790078892
"UBE2A",-0.87394636779525,3.71152357077603,-4.90097380843593,2.91032698145569e-05,0.000322128707772269,2.3761921861341
"RPRD1A",-0.650999571478989,6.3356765543593,-4.90042633672243,2.91487451189906e-05,0.000322375381578526,2.3035981814881
"STX10",0.671292918373875,3.53612658240535,4.89845281575614,2.93132622483888e-05,0.000323937179473054,2.39604238653726
"AKT1S1",0.719431556600785,4.95655505474099,4.89671025984755,2.94592942144385e-05,0.000325292381389297,2.31826521385101
"RRM2B",-0.866768688040489,4.716846494267,-4.8961067950897,2.9510035285729e-05,0.000325361200603858,2.31405394534224
"PTOV1",0.674066332224394,6.36307066569406,4.89607947518032,2.95123344814749e-05,0.000325361200603858,2.2959197609505
"ACADS",0.893156681446512,3.20484242100109,4.89536663747869,2.95723887529565e-05,0.000325391738566276,2.41454573007401
"YAE1D1",-0.723058546096957,2.71149239189217,-4.89525969859918,2.95814085003085e-05,0.000325391738566276,2.42468890394611
"ELMOD2",-0.850487562454742,3.82027977963546,-4.89521330045358,2.95853227987177e-05,0.000325391738566276,2.35401707965141
"UBTD1",0.784240489425114,3.76214894579108,4.89460051699158,2.96370676239685e-05,0.000325636853322685,2.37305076100072
"STARD4",-1.1339650678911,4.11299600778436,-4.89439482822065,2.96544566469946e-05,0.000325636853322685,2.33596540089613
"UBL5",1.00065504248261,3.06545050716007,4.89364566238159,2.97178774155935e-05,0.000326075715731319,2.42035963445547
"HLTF",-0.612188618800887,5.40116761050775,-4.89156046558532,2.98951122346399e-05,0.00032776171158199,2.28305396597781
"PKN1",0.847976983863741,6.17144061575564,4.89030524603826,3.0002308881387e-05,0.00032867777625614,2.28079937201422
"STX1B",0.844963764434234,7.26049059243842,4.8897133084233,3.00529935140206e-05,0.000328973791993634,2.28927618148229
"DALRD3",0.678682853635822,3.47541631573028,4.88841011084317,3.01648804593875e-05,0.000329573109154571,2.37280161670819
"MMP24-AS1",0.711230237461319,5.02064292694586,4.88747076432916,3.02457858838261e-05,0.000330044674534498,2.29030892592553
"SLC22A17",0.847802489667433,6.91355728099059,4.88557846841778,3.04094250356442e-05,0.000331570060271001,2.27281971635693
"ERO1A",-0.923779442989171,4.85601168944174,-4.88528690567408,3.04347166293591e-05,0.000331585760643691,2.27944763266495
"DNAJC10",-0.716627203324193,5.95074185066941,-4.88410280415789,3.05376469028868e-05,0.000332446646236439,2.25751706246945
"ZNF431",-0.847949832212052,4.39863866766503,-4.88322043310088,3.06145740138552e-05,0.000332987311267787,2.29166341455772
"MATR3",-1.08853336146613,6.7859252150782,-4.88016982644578,3.08820226389286e-05,0.000335407717754989,2.25328403669466
"UBA3",-0.626506786324946,4.33447994329957,-4.87818716449385,3.10570899159498e-05,0.000337045795481291,2.28128188293665
"VAPA",-0.673073247756621,6.52932982672707,-4.87426154537962,3.14066390403772e-05,0.000340307946951929,2.23308876333269
"TMEM184C",-0.740754700820429,4.25412717947135,-4.87363531157009,3.14627619461872e-05,0.000340650558080915,2.27220341937877
"NPAS1",1.40383766665526,2.60359654820381,4.87267430082123,3.15490817199586e-05,0.000341319326125186,2.3889421186868
"USP14",-0.797540300436719,5.47468509409189,-4.87079869862815,3.17182315295647e-05,0.000342882468681189,2.22447890090701
"MOB1B",-0.90303894044058,6.54583977427546,-4.87048482899947,3.1746625689664e-05,0.000342922758615159,2.22309075500997
"NHLRC3",-1.08017043357146,4.11823345098985,-4.8699987750106,3.17906464231784e-05,0.000343131651067566,2.26874753458865
"TRIQK",-0.96160001919278,4.11620442377283,-4.86971104205276,3.18167343308063e-05,0.000343146811999123,2.26799526295764
"CSE1L",-0.79698320159711,5.23435020480218,-4.86858601953295,3.19189415835064e-05,0.000343982268134811,2.22288936407897
"MEMO1",-0.61754786070873,3.96370633102811,-4.86751007575946,3.20169958503669e-05,0.000344771708994423,2.27053919171638
"PLD1",-0.721400646407867,5.67992136292391,-4.86723691889926,3.20419372198305e-05,0.000344773228506257,2.21229084194787
"PTAR1",-0.708936022863559,6.96638127584885,-4.86610443917231,3.21455480229385e-05,0.000345290963786042,2.216789575814
"CLIP2",0.766273424039953,7.04613963174256,4.8660897512073,3.21468940165422e-05,0.000345290963786042,2.2204081322947
"ECT2",-0.841658421525037,2.55936385221212,-4.86589696371934,3.21645661129999e-05,0.000345290963786042,2.35404843663274
"HNRNPC",-0.608999773720478,7.33631088980938,-4.86449352108256,3.22935061643306e-05,0.000346407656401639,2.21946455602767
"GLIPR1L2",-1.27291551615655,1.39825623917798,-4.86296332086687,3.24346783911547e-05,0.000347653738622847,2.36171993296415
"TP53I13",0.983490339485923,3.51865567561,4.86251337842176,3.2476305651815e-05,0.000347831742042783,2.30547283870188
"UGP2",-0.750722134416053,6.15997209605758,-4.86176979021637,3.25452166996334e-05,0.000347923994790371,2.196103722525
"GAS2L1",1.04794438323016,5.78124413285923,4.86123665161707,3.2594714185769e-05,0.000348027432112566,2.20536545401099
"NAMPT",-1.17931881149121,5.30048783879013,-4.86068267708139,3.26462255045057e-05,0.000348309920923744,2.20026727856665
"SCNM1",0.779838856079596,2.3438720729142,4.85901080786375,3.28021760848908e-05,0.00034970540792343,2.35520562952329
"PMP2",-1.11975616393217,7.9603585141828,-4.85670315634156,3.301865080716e-05,0.000351743512276734,2.21311098936836
"RIN1",0.886707516870355,4.80794890193503,4.8561850918547,3.30674441966778e-05,0.000351993575208434,2.21410614931401
"TRMT1L",-0.640106666367754,4.22876253776381,-4.85518723953269,3.31616282714015e-05,0.000352726056793438,2.22308869554342
"SEL1L",-0.868673600807922,6.45046086619989,-4.85414223559001,3.32605490868464e-05,0.000353507762542308,2.17703240945202
"MFHAS1",0.667477793233046,6.31499440965995,4.85258678777649,3.34083330822228e-05,0.000354807216584462,2.17559741130395
"TMEM259",0.899794603654841,6.15035113375679,4.85188107250578,3.3475598855706e-05,0.000355250210146584,2.17560666720602
"OSBPL8",-0.736964158530371,6.16450162374654,-4.85132235844774,3.35289486936915e-05,0.000355285368088509,2.16729981193518
"TAS2R30",-1.41650866333284,1.79464911877562,-4.85131109925475,3.35300246678265e-05,0.000355285368088509,2.33935597011537
"TAX1BP1",-0.584342012175032,6.00514216512813,-4.85033539588484,3.36233974889006e-05,0.000356003405857346,2.16433881058643
"HCFC1",0.654742476000678,7.41867290593195,4.84855906585193,3.37940536070354e-05,0.00035702292206463,2.17821206954495
"RPP30",-0.865310954237931,3.15033474319765,-4.84853126025089,3.37967317966518e-05,0.00035702292206463,2.26948298059576
"GRINA",0.84935357057433,5.93583903106686,4.84765130898678,3.38815964618793e-05,0.000357647649212639,2.16459542991413
"C5orf22",-0.901873651221341,3.69516803502666,-4.84678627918952,3.39652287839951e-05,0.000357929826616059,2.22897223715025
"SLC36A4",-0.992879108771534,4.24948188254444,-4.84657622255096,3.39855683450725e-05,0.000357929826616059,2.19787643706198
"N6AMT1",-0.782204969378253,4.76947050498901,-4.8459488340086,3.40463899114343e-05,0.000358126420317308,2.17416484423416
"TRMT10C",-0.921499302883339,2.31726115931122,-4.84585231401789,3.40557565572926e-05,0.000358126420317308,2.31238329002324
"LRCH2",-0.651301165346979,4.18789833653139,-4.84520598293032,3.41185449639803e-05,0.000358515504224682,2.19769110629251
"PALM",0.890691324246927,7.75361976368984,4.84328031321668,3.43062996462109e-05,0.000359944285042735,2.17111351923574
"HSPB2",0.861375267259913,1.87820971137033,4.84065611875431,3.45638176240436e-05,0.000362372694275606,2.31007948628311
"PLXNB2",0.779183512689996,7.27579478308381,4.84012180887049,3.4616485876074e-05,0.000362431785082026,2.15272300008317
"ZNF467",1.12054864454827,3.28999229160873,4.84000180843045,3.46283255960684e-05,0.000362431785082026,2.26155311688757
"RPAP3",-0.62383025796571,3.94458554130302,-4.83855022269542,3.477186441863e-05,0.000363457488081048,2.19232978282258
"GP1BB",2.85276504357479,4.82220498827164,4.8374184477475,3.48841896830877e-05,0.000364357629582483,2.20423000279302
"SART1",0.728572509960236,5.22332378684165,4.83545445491237,3.50799676917835e-05,0.000366074342626437,2.14198324598873
"BUB3",-0.590316406496617,5.01789051359679,-4.83524195842313,3.51012155604259e-05,0.000366074342626437,2.13693888623473
"CXorf23",-0.656890440116287,5.26096244371832,-4.83444989381852,3.51805282796448e-05,0.000366411773415174,2.12831838928816
"CEBPZOS",-1.1806626841723,4.48301230145808,-4.83439248480648,3.5186283808751e-05,0.000366411773415174,2.1538758393066
"NDUFS6",0.940468838306321,1.74523005837102,4.83361824437347,3.52639967188051e-05,0.000366946169449722,2.28819572009348
"ZBTB45",0.867138929024446,3.77235499558661,4.83193942216678,3.54330924700476e-05,0.000368309578266116,2.20356422655651
"HIBCH",-0.799862265670406,5.10093257910321,-4.83179171405228,3.54480086117151e-05,0.000368309578266116,2.12484914972397
"SOAT1",-0.841941761696595,4.22921491738051,-4.83067071793252,3.55614150028983e-05,0.000369211942770943,2.15532981293326
"C21orf33",0.636168693298856,4.58072877652435,4.83020129991075,3.56090111913424e-05,0.000369430204165703,2.14936126530057
"LIN7B",0.801821044622271,2.51007987110564,4.82745485561775,3.58887573009226e-05,0.00037205481282433,2.26616097429513
"CXXC4",-0.85342331084001,3.50192409586065,-4.82302821966768,3.63442531875203e-05,0.000376496131008127,2.17648591919188
"ZNF484",-0.657869744999452,4.86882820871714,-4.82265010850129,3.63834260081588e-05,0.000376621286943726,2.10685209711356
"VRK1",-0.743162510857648,3.03999288424537,-4.82114404789255,3.6539873214979e-05,0.000377678302925382,2.20285798655073
"GLTSCR1",0.904573459826418,5.06759433441178,4.82078680781567,3.65770808503448e-05,0.000377782004443903,2.10810544886924
"CRTC2",0.674142745187962,4.27627670768727,4.81896876887961,3.67670199407775e-05,0.000379461849455597,2.13477992004327
"MYBBP1A",0.635331610794285,5.68135007966,4.81815520957145,3.68523338077065e-05,0.000380060196286896,2.08393229049041
"NLRX1",1.0053074932709,3.4602045575944,4.81694184235451,3.69799395478503e-05,0.000380811199699419,2.18682854949252
"ZNF512B",0.654687517046515,5.8542954772657,4.81609882427041,3.7068855617298e-05,0.000381444286300279,2.07653818768415
"OARD1",-0.709637425844484,3.28744747156138,-4.8147849713853,3.72078565040247e-05,0.000382591435738869,2.16856879528335
"RALGAPA1",-0.587485858609332,7.00626533198144,-4.81422251919039,3.72675202989601e-05,0.000382638897486073,2.07452477612441
"USF2",0.613612082186716,6.22057741162571,4.81323289057583,3.73727292480805e-05,0.000383397538911747,2.06660311529452
"B3GAT3",0.593980674267496,4.98361431843752,4.8130090581512,3.73965661605761e-05,0.000383397538911747,2.08608305268935
"CHCHD2",0.744580792575495,5.27166134388024,4.81268749105075,3.74308377483474e-05,0.000383466106394639,2.07873088932834
"PIGN",-0.695562039134421,4.1362708546641,-4.81185410216778,3.75198031375429e-05,0.000384094479542063,2.10869465080682
"MRPS30",-0.809585368727444,5.74314787464376,-4.81082767498633,3.76296647457301e-05,0.000384935687487225,2.05636872174822
"PGM1",0.654870986154822,4.9292714376389,4.81026866308506,3.76896320156942e-05,0.000385265635501604,2.08102432055886
"RBM7",-0.699794415369845,3.37367756570374,-4.80743602645317,3.79949637953705e-05,0.000387816436624993,2.14283285107024
"MICU2",-0.677755811903777,4.31053966237328,-4.80425155650687,3.83411585972274e-05,0.000391062939705543,2.0793218547629
"CCNC",-0.959221701176497,3.92433620406642,-4.80356225218939,3.84165073572955e-05,0.000391544197420177,2.09712779897012
"SDHAF1",0.673099860232238,2.80636769480195,4.80045361090719,3.87581510224222e-05,0.000394303630809215,2.17725567434914
"RBM48",-1.03512137907616,4.28931448332006,-4.80032509932754,3.87723394703062e-05,0.000394303630809215,2.06906972481301
"KCNJ4",1.03865702688885,5.14325350221731,4.79976364860435,3.88343876029824e-05,0.000394525493612631,2.05087412324883
"TIGD2",-0.615277432229422,2.59076817721231,-4.79961426147062,3.88509135919789e-05,0.000394525493612631,2.17477160494557
"MSMO1",-1.31005357463397,4.7285947303718,-4.79912383347986,3.89052165005e-05,0.000394788554591205,2.04751626604925
"ABHD17A",1.183021818999,6.45190100685408,4.79690053835565,3.9152340421184e-05,0.000397006445321153,2.02653369504714
"SEMA4B",0.637811587367867,4.88544230423496,4.79582054507839,3.92729466864528e-05,0.000397939143465792,2.04265706471197
"SLC44A1",-0.951457383269343,8.0679773456913,-4.79363972275687,3.95176135103201e-05,0.000399894087664711,2.04224825389771
"FOXP4",0.884150088381228,4.71993573057369,4.79358819952211,3.95234122033745e-05,0.000399894087664711,2.04656102067625
"DNAJC21",-0.724463099537642,5.08593464063863,-4.79302756131119,3.95865640721186e-05,0.000400241755440431,2.01860784454691
"NT5C3B",0.587298602870648,4.20050075688353,4.79192633243159,3.97109018878806e-05,0.0004012070916027,2.06251296566144
"C9orf16",0.886361530345372,6.28214882964561,4.79105566239561,3.9809482566358e-05,0.000401910985212425,2.00769492734883
"ZWILCH",-1.06609338624975,1.3078079662375,-4.79006826345741,3.99215742741515e-05,0.000402458104103883,2.16912760027884
"LRP2BP",-0.836033030761539,4.14335105716664,-4.78730454731794,4.02369888953178e-05,0.000405343927262831,2.04091017201599
"KLHL28",-0.797389585289655,4.48032987810676,-4.78637824440639,4.03432585687111e-05,0.000406120188719929,2.0220832721667
"TAF1D",-0.753498448737544,4.86259373086647,-4.78576286727534,4.04140116738754e-05,0.000406538053755583,2.00551272037169
"RNF141",-0.838132764117777,6.43271555607893,-4.78375811475928,4.06453653371194e-05,0.000408569681067703,1.98296886126955
"DGKZ",0.86069120324633,8.29893532936283,4.78175150872334,4.08782516227985e-05,0.000409743003375058,2.01535234722068
"PIGZ",0.810833907377635,3.80791235290483,4.78173661974981,4.08799845835998e-05,0.000409743003375058,2.06288869560336
"CAPS2",-0.638510808338509,4.31806446157781,-4.78126664156209,4.09347239533051e-05,0.000409996060806086,2.01601348597068
"ZNF493",-0.89958504038211,4.95745676817377,-4.78041914186906,4.10336183380986e-05,0.000410512489807775,1.98768284327057
"EEF2",0.715444867567382,9.89968377750757,4.78018008906722,4.10615562391486e-05,0.000410512489807775,2.06367215443269
"NSA2",-0.584006342216176,3.87237041677409,-4.78006620692862,4.10748721998716e-05,0.000410512489807775,2.03667730733552
"ARX",0.981429301183166,2.72119134901883,4.77937956827785,4.11552502202775e-05,0.00041102032224303,2.13068220755836
"MPG",0.864701792668982,3.01538459310145,4.77818909490959,4.1294978003765e-05,0.000412119730228529,2.11089796955492
"LYPLA2",0.609582788890813,3.98107438547835,4.7773751084489,4.13907883245558e-05,0.000412405719493199,2.03543626256899
"MRPS2",1.22619268917111,3.20176406468868,4.77718980659701,4.14126301548343e-05,0.000412405719493199,2.09941792058107
"GGT7",0.766614410335711,5.44586442102446,4.77588897296737,4.15662844648344e-05,0.000413639575254208,1.97365300016833
"HIST1H2BK",1.1356058283874,2.3284894025645,4.77338594822566,4.1863537854066e-05,0.000416175937973315,2.13092562333075
"RGPD3",-0.711392095072013,2.75127275837714,-4.77323917137267,4.18810341839065e-05,0.000416175937973315,2.09316097871098
"SCN1B",0.758721934013575,4.90867635422495,4.7728003449854,4.19333872421169e-05,0.000416398535314221,1.97961794474055
"ATP13A3",-0.626285666663587,6.07063513259024,-4.77212637367646,4.2013920391682e-05,0.000416900443458361,1.94889345252613
"SPATC1L",0.949430906745681,3.81463966768622,4.77135532915905,4.2106241460905e-05,0.000417518522674395,2.03758164548792
"SLC35E3",-0.591767288321479,5.14031596171748,-4.77106675366997,4.21408459105997e-05,0.000417563820277375,1.95698128589554
"NUDCD1",-0.821209986974894,3.98170050163978,-4.7702172744621,4.22428751739164e-05,0.000418139584297799,2.00281844746471
"GLUD2",0.668335697097335,4.75559773647579,4.77008231275541,4.22591077498495e-05,0.000418139584297799,1.97789624076602
"MON2",-0.61762350660467,6.81596942966003,-4.76978333027123,4.22950900824574e-05,0.000418197967515166,1.94902852206304
"EPHB2",0.794772088787587,4.69105167593999,4.76912820413376,4.23740405805843e-05,0.000418680818870848,1.97992765340816
"RABGGTB",-0.73155416054834,4.52537811997784,-4.76800110803676,4.25102120817666e-05,0.000419238205259378,1.96971589233691
"TMTC3",-0.753904671680656,5.07680515900552,-4.76755711090372,4.25639735021256e-05,0.000419238205259378,1.94883104227434
"METTL25",-0.959611574322331,2.86317780331154,-4.76754502315679,4.25654380924501e-05,0.000419238205259378,2.07006408966991
"BLOC1S6",-1.36203194238248,4.36466787553964,-4.76488402008845,4.28890762717988e-05,0.00042155928719648,1.96920545702515
"ZFP37",-0.945148683382986,2.94147080098168,-4.76472941245858,4.29079550699913e-05,0.00042155928719648,2.05688008391706
"ITCH",-0.594684179095891,6.51366449431214,-4.76310618694417,4.31066629135648e-05,0.000423212449028515,1.92672085167622
"SLF1",-0.880014605701501,3.3144738709554,-4.76166211883324,4.32842078595918e-05,0.000424655651139058,2.02217224092979
"FAAP100",0.795617482192165,4.36762937451714,4.76127936141275,4.33313887734064e-05,0.000424818735351125,1.97343824091502
"ICAM5",1.30120535381126,6.8969579883514,4.75862221972216,4.36603358435042e-05,0.000427742064056656,1.92589001744348
"SWT1",-0.825210781331763,3.92856941548022,-4.75785591197822,4.37556630168931e-05,0.000428279397852578,1.97191934317216
"CTC-260F20.3",0.921891088584805,4.11897106223691,4.7576862510614,4.37767964572374e-05,0.000428279397852578,1.981997964033
"RALA",-0.741623966237137,4.80701148653943,-4.75613290876526,4.39707574199927e-05,0.000429821186206275,1.92604550183513
"SP2",0.673784981499142,4.3029474799152,4.75546325920996,4.40546377233763e-05,0.000430089588223579,1.95816992024738
"CLEC2B",-1.60247294876973,1.73928139179883,-4.75346823166677,4.43054787599506e-05,0.000431501045540291,2.082539489238
"MPHOSPH10",-0.601593148408626,3.63947694906183,-4.75342126839846,4.43114006682745e-05,0.000431501045540291,1.97825977504063
"SPATA5",-0.661890244628084,4.21945429242545,-4.75332636363984,4.4323370236767e-05,0.000431501045540291,1.9441693927308
"MTMR6",-0.889760016628567,4.96434058566277,-4.75246256416589,4.44324621082627e-05,0.000432260383645254,1.91066214049189
"MAP2K2",0.660910466175869,6.02790871984392,4.75020016634677,4.4719453675798e-05,0.000434153905545529,1.89388205044957
"PODXL2",0.717780619029077,5.91116209561122,4.7501896825554,4.47207878536324e-05,0.000434153905545529,1.89546183947564
"ST7L",-0.673273090274255,3.78953116577784,-4.74969510282285,4.47837735429595e-05,0.000434172893388998,1.95831240379136
"RPL23A",0.754551868713476,3.58412116587044,4.7487229990957,4.49078299014706e-05,0.000434595977913272,1.98591413761543
"FRMD3",-0.837908961013962,3.34619103910051,-4.74869554757711,4.49113381190023e-05,0.000434595977913272,1.98472094052276
"CMC2",-0.742691393846446,3.85582053322143,-4.74748892559407,4.50658100043088e-05,0.000435677949012449,1.9479767544137
"TXN2",0.629126996832643,4.39256788068334,4.74545848467947,4.53269400315408e-05,0.000437897929338763,1.92604653117484
"SNX24",-0.726169109024295,3.45586984567249,-4.74458457025896,4.54397943917481e-05,0.000438683348357001,1.96608554938074
"KLHL8",-0.595960368328671,4.79090463868612,-4.74378412641916,4.5543405999111e-05,0.000439369237255698,1.89296615913646
"TFPT",0.747154681887993,3.60827407892577,4.7435477368408,4.55740497858378e-05,0.000439369237255698,1.97061373841629
"GNB2",0.62632845689491,6.19675770458884,4.74076383673152,4.59364791132907e-05,0.000442391639788683,1.86745228772393
"PRDM16",1.27910492528046,5.20656195191988,4.74063247223101,4.5953651731118e-05,0.000442391639788683,1.88973369771211
"TYW5",-0.73434609230171,3.32548292207818,-4.73998051168045,4.60389736848601e-05,0.000442623659866477,1.96258414845461
"RNF152",-0.988710018570668,5.1289773324314,-4.73918456248957,4.61433528430414e-05,0.000443311300656223,1.86957672354431
"SLC9A3R1",0.656445740756388,5.65391231091453,4.73894911155055,4.6174274446138e-05,0.000443311300656223,1.86688437174731
"UFSP2",-0.644815192498754,3.43049349321891,-4.73834326581528,4.62539344215225e-05,0.000443669442986675,1.95104894310291
"SLC22A15",-0.770230706385425,5.06640952254125,-4.73818014435943,4.62754058646727e-05,0.000443669442986675,1.86840508878201
"DIXDC1",-0.582734022115309,6.2106408953503,-4.73790471070702,4.63116832843196e-05,0.000443711248117582,1.8551406111154
"CLK4",-0.682881467377743,4.62120745883504,-4.73718417161115,4.64067193465558e-05,0.00044400978138735,1.88140819093839
"MMS22L",-0.914489126762895,3.11084542708008,-4.73473818502392,4.67307824690194e-05,0.00044680284586266,1.96362016391722
"CD164",-0.652943243271197,5.47293718137625,-4.7327161694371,4.70003716307409e-05,0.000448575736375008,1.84445088459175
"PPP6R1",0.739303856603926,7.79836242414447,4.73262166934553,4.70130087684065e-05,0.000448575736375008,1.86797515891478
"MFSD10",0.823847080016162,4.07201124948849,4.73225418973832,4.70621825163788e-05,0.000448736941936007,1.91171546092654
"RBMX",-0.580627881022967,5.75867311225632,-4.73144553677409,4.71705712700843e-05,0.000449462153390481,1.83785010457304
"ZC3H3",0.663653403601417,4.53774969010357,4.73067948130698,4.72734791815862e-05,0.000449961444660596,1.87898555795523
"TUBGCP6",0.712762519083894,6.48937513948574,4.73033318979209,4.7320071363386e-05,0.000449961444660596,1.84047895402863
"XYLT2",0.59458654032654,4.6651511819115,4.72530602538378,4.8001618227539e-05,0.000456130209568864,1.85701285970865
"UBE2L6",0.823281332861427,4.41515043728234,4.72259911768247,4.8372631651412e-05,0.00045934175219804,1.86556491716839
"TIMM10B",-1.00261404940803,5.1401117771522,-4.72107541430731,4.85827247536142e-05,0.000461021869982761,1.81954660486086
"RAB12",-0.674381405993048,4.62486160322585,-4.720368428635,4.8680513841035e-05,0.000461634722658983,1.83514520503774
"SCYL2",-0.780652221939111,4.65816999005681,-4.71988289449495,4.87477853523878e-05,0.000461957540537761,1.83225820714582
"LRP4",0.698795138965289,8.69409219652454,4.71928881028256,4.88302222855004e-05,0.000462423535567457,1.85516303740547
"SRP19",-0.974099475902002,3.28627606381306,-4.71426488902061,4.95329172649269e-05,0.000468439874705452,1.89556084437086
"SF3B6",-0.925062663698562,2.56685190903461,-4.71107698088205,4.99840091957781e-05,0.000472174436830861,1.93794592816449
"GLRX3",-0.625104258966244,4.10942840094654,-4.71099446324625,4.9995739534961e-05,0.000472174436830861,1.83454747020288
"TRAPPC13",-0.848334018814512,3.66134901728893,-4.70933218562048,5.02326247226695e-05,0.000474089578339817,1.8561038109035
"C3orf17",-0.705992973846025,4.21396949337286,-4.70753501024325,5.04899880200643e-05,0.000476195260145816,1.81906339187841
"LRRC58",-0.884680890435597,6.0151061075937,-4.70552567996568,5.07792837631382e-05,0.00047859905279671,1.76590461151181
"TRAF3",1.10777222787551,6.25085225122394,4.7051814933322,5.08290033419088e-05,0.000478671672533516,1.77408204409658
"LRFN3",0.94955559729236,5.02487423157486,4.70291438874755,5.1157708868137e-05,0.000480861709726058,1.78651747676255
"SPRN",0.978295516094035,5.11617268895664,4.70231942191028,5.12443217566102e-05,0.000481350379094861,1.78275839708341
"FAM210A",-0.716820995591628,3.0963147456057,-4.70089919353408,5.14516621086439e-05,0.000482971645262908,1.87333920060129
"ATP5I",0.885602280378728,3.04708628419943,4.70042932839025,5.15204413716113e-05,0.000483290941935317,1.89602325970685
"MSANTD3-TMEFF1",-1.43434813159694,2.29107415520233,-4.6998618550856,5.16036303441994e-05,0.000483744888095118,1.92556157452553
"HIST2H2AA4",1.17998260353126,4.56993468141017,4.69920291086899,5.17003959293983e-05,0.000484325407149929,1.80160889533154
"AZI2",-0.746868235587583,4.27022295492322,-4.69713212567078,5.20056640555606e-05,0.000486529435868374,1.787804728926
"AIFM3",1.049828663121,5.80458161333748,4.69598421609789,5.21756554459281e-05,0.000487791501014992,1.75093804278803
"SLC52A2",0.793099174822498,2.98770501182163,4.69500870529978,5.23205503150503e-05,0.000488721699254056,1.88415328799143
"KIAA1324L",-0.675660052138669,5.77329365595314,-4.69484125787326,5.2345461817673e-05,0.000488721699254056,1.73715727552929
"VCPKMT",-0.979040710614294,1.80167491863602,-4.69335274330461,5.25674296065103e-05,0.000490300532211017,1.92418136760848
"CRIP2",0.794004747898452,6.0295282021262,4.69323449806541,5.25851023972541e-05,0.000490300532211017,1.73848059877578
"DGAT1",0.679274382846618,4.50826192866669,4.69155214635816,5.28371847071514e-05,0.000492320738471058,1.77325715104732
"FZD3",-1.02125985241547,6.12658281979537,-4.69128989523683,5.287658817752e-05,0.000492357889379693,1.72722627784477
"C11orf54",-0.702349518789481,3.78935931513597,-4.68998160931977,5.30735956247537e-05,0.000493478010141836,1.79547315944826
"PPP6C",-0.655456194397628,5.20981416149967,-4.68852680154887,5.32935229315288e-05,0.000494591802347268,1.72838174554083
"RCHY1",-0.645118982570398,3.75970235140027,-4.68852112041262,5.3294383535909e-05,0.000494591802347268,1.79335361208139
"ZZZ3",-0.735076587801476,5.62903626633497,-4.6874339381545,5.34593291041543e-05,0.000495791589863878,1.71798776714654
"UNC5A",0.985524670385018,6.68643264863835,4.68697044727862,5.35298032271095e-05,0.000496114216308851,1.72471822204684
"NR1H2",0.717227062563855,5.39659469293038,4.6856841103352,5.3725875323606e-05,0.000497599679379594,1.72572526156089
"IPMK",-0.856022096434209,3.67596989010749,-4.6846986621273,5.38765661916091e-05,0.00049854478838523,1.78809447063393
"PSMD14",-0.801827713821298,4.37143996193405,-4.68454800162373,5.38996415582651e-05,0.00049854478838523,1.74816410918856
"ATP5F1",-0.639348515383697,5.24951444290698,-4.68314851344029,5.41144585377623e-05,0.00050004774255314,1.71270699669354
"BCAT1",-0.9439668813987,4.62827089025823,-4.68302101837733,5.4134070820204e-05,0.00050004774255314,1.73233578067597
"CCDC90B",-0.615084611518069,4.3124410871655,-4.68158580697689,5.43553336582581e-05,0.00050175819954655,1.74339161763029
"MYL6",0.597145215525911,5.09857751798005,4.68075327177929,5.44840947101403e-05,0.000502279764363641,1.71871807781725
"RTN4",-0.774926708629498,8.7686785658343,-4.67964373133546,5.46561686246316e-05,0.000503532177746606,1.7491817399982
"CLU",0.885933661877284,9.66030369874975,4.67555127842832,5.52955277414753e-05,0.000508411657845231,1.77038350678078
"SS18L2",-1.05417502137612,1.66154192036599,-4.67280897746939,5.5728103238816e-05,0.000512050291623279,1.87175683791089
"TMBIM4",-0.812935796644073,3.4501860679967,-4.6720306325395,5.58514916718742e-05,0.000512845070820605,1.76919283195741
"MEN1",0.632785227369926,4.31533709215111,4.67143380677232,5.59462881461965e-05,0.000513376434196979,1.72786002182101
"ZNF141",-0.864072908788375,4.86006586850808,-4.67081566160028,5.60446392575013e-05,0.000513907541425068,1.69013093067056
"DNAJC2",-0.863197963450979,3.25619711834647,-4.67029616785048,5.61274269706503e-05,0.000513907541425068,1.77850379583817
"LRRC75A",0.855523258226177,3.52137684822238,4.67014191470089,5.61520324719234e-05,0.000513907541425068,1.78115867753778
"C20orf27",0.820681866312011,4.20114374781863,4.66976150909229,5.62127581770222e-05,0.000514124844853265,1.7325847006997
"LHPP",1.05112854849394,5.59145197045672,4.66900319802988,5.63340050434559e-05,0.000514895028345907,1.67973593313982
"LRRC24",0.954530355832879,3.22828031471928,4.66872339096124,5.63788091203169e-05,0.000514965968719216,1.80124246870677
"RABGAP1L",-0.637764082013888,6.5416745351585,-4.66789619442476,5.65114708365801e-05,0.000515602419616234,1.66549411692452
"LINC00116",1.36568993904263,1.24755178480529,4.66668503796482,5.67062693262353e-05,0.000516938069621851,1.82905295844072
"RINT1",-0.611474336988186,3.79210487431572,-4.66390256027183,5.71563222099313e-05,0.00052069933903176,1.72460410651833
"ICAM3",0.988685573965813,1.54259422875418,4.66361809571098,5.72025323152e-05,0.00052077904665744,1.84267777434867
"RNF31",0.621950176404151,4.66505542903401,4.65950328520722,5.78751289666065e-05,0.000525568807498276,1.67724213641055
"NUDT12",-0.76609513209809,3.59692576848066,-4.6578044944171,5.81550929100439e-05,0.000527379061732179,1.72033347626587
"ATXN3",-0.66034527647974,4.72264080893067,-4.65752819569051,5.82007543745929e-05,0.000527449079084479,1.65908617480248
"FBXW9",0.950386696244598,2.46068476874674,4.65688271999479,5.8307565180181e-05,0.000528072815071581,1.81653123169658
"CPNE6",0.806000676085881,6.15203500169757,4.65508693800241,5.86057487819804e-05,0.000530414992459599,1.63387648436217
"DOCK11",-0.81966752533597,4.61568773099462,-4.65486631802336,5.86424862185588e-05,0.000530414992459599,1.6559177461581
"ZNF37A",-0.72638985956637,6.52176871111613,-4.65447434641728,5.87078133540383e-05,0.000530608993384866,1.62852789137876
"MRPS18A",0.677171237263198,2.75439897337269,4.65427975995955,5.87402705236159e-05,0.000530608993384866,1.7890120525261
"SLC38A2",-0.961447151231685,6.50240376887267,-4.65396499652159,5.87928110112941e-05,0.000530738739401955,1.6272628404918
"MTMR10",-0.709200024080941,6.29982203944608,-4.6536637842877,5.8843133193549e-05,0.000530816325140142,1.62434949630164
"ZSCAN18",0.625569705470626,5.8994282618735,4.65345660173733,5.88777710664724e-05,0.000530816325140142,1.62898080867359
"UQCRQ",0.657367005243048,3.56183057986148,4.6531131826779,5.8935230251697e-05,0.000530990000621575,1.72787231182931
"CAMKK1",0.826771448687979,6.47560851061813,4.65074848561245,5.9332393379644e-05,0.000534222106712313,1.62285019033743
"GLIS1",1.15041008922353,2.77988431188477,4.64867553792614,5.96827396910488e-05,0.000536918767577684,1.78128969361338
"MMP15",0.801705358200194,3.51507864876984,4.6483409023935,5.97394881524628e-05,0.000536918767577684,1.72037411648462
"PTS",-0.819326310175623,2.61774235817816,-4.64817791688984,5.97671470927346e-05,0.000536918767577684,1.76619649577472
"TMSB10",1.03349647236401,5.33639698462826,4.64806462856146,5.97863798165915e-05,0.000536918767577684,1.62885786054736
"TMED5",-0.972548424115329,4.90325709247219,-4.64653063835428,6.004740752833e-05,0.000538914822116748,1.62218537280492
"GINM1",-0.612415843151101,4.10732712292756,-4.64532292981349,6.02537096919126e-05,0.000539610143317706,1.65526047059653
"RUFY2",-0.668930966008399,5.47106850389,-4.64516848192446,6.02801433299092e-05,0.000539610143317706,1.60416635948402
"CAMTA2",0.67247034365233,7.58058586336929,4.64430424147273,6.04282699070619e-05,0.000540588036195608,1.62102122873436
"VKORC1",0.77872600843868,3.01872651202889,4.64287660675497,6.0673750990612e-05,0.00054231071175594,1.74184548886604
"SNTA1",1.10266121316619,6.87006821489827,4.64273093964864,6.06988539413209e-05,0.00054231071175594,1.60605209871577
"POLR2I",0.789258892081702,3.27882350464096,4.6419486086709,6.08338501835841e-05,0.000543167749038013,1.71916084863776
"APPBP2",-0.699041875220428,5.74083886977091,-4.64083839135593,6.10259368178369e-05,0.000544533102465705,1.58920180997855
"HTATIP2",-0.73682245872996,2.96303731384167,-4.63990183297801,6.11884453535634e-05,0.000545632948880846,1.71865534160135
"PTPRF",0.716074859760493,7.71454249047477,4.6391539929246,6.13185163551403e-05,0.000546442316903308,1.61002775517821
"STX1A",0.789375574681208,5.4133626215757,4.63882954906903,6.13750318114392e-05,0.000546595574787078,1.59832464245
"DPY19L2",-1.28273637882048,3.17541971876378,-4.63691641555518,6.17093363690433e-05,0.000549220995007964,1.69550094254874
"SLC25A39",0.786332044851134,4.56193565703548,4.6342586276469,6.2176763464524e-05,0.000552736410794945,1.61570734729569
"OMA1",-0.776640197143809,4.30254604426972,-4.63421854186967,6.21838402016468e-05,0.000552736410794945,1.61418219826163
"STPG2",-1.03594481537279,1.17630204246906,-4.63375203419134,6.22662561835375e-05,0.000553115331286606,1.76149615112998
"FAM228B",-0.758421611372434,4.63746960387589,-4.63333198163687,6.23405578438457e-05,0.000553421733809159,1.59613922093735
"ACY1",1.09543503739596,2.26815652757067,4.63261327960896,6.24678906464079e-05,0.000554198223207634,1.76153440592494
"ELOVL5",-0.827898751064673,5.70222071834733,-4.63195969898927,6.25839098509368e-05,0.00055487341501768,1.56519697300607
"SSSCA1",0.631080601521207,3.27298862451788,4.62877565085066,6.31521850919204e-05,0.000559554924887111,1.68149476732622
"KHK",0.77596610867173,2.86735105575683,4.62841288369485,6.32172541710737e-05,0.000559774692666412,1.71290613203415
"CFL1",0.903397474042221,6.88505029569315,4.62716534462848,6.34415317033912e-05,0.000561403038663618,1.56276140606005
"ATF7IP2",-0.899171192867426,3.45870284686877,-4.62505468229802,6.38227767824508e-05,0.000564417457270758,1.64114264041498
"TMEM63C",0.619155959669359,5.03634313340861,4.6247667811954,6.38749556658851e-05,0.00056451979254109,1.56832099547943
"ERO1B",-0.984520234774799,3.87975192408788,-4.62292857028995,6.42091100758119e-05,0.0005667524116025,1.6069009884522
"PGLS",0.845763713857172,3.85664395493366,4.62198784494685,6.43807875658917e-05,0.000567577548344255,1.62488916153199
"RP13-582O9.6",3.19465655427,0.806846795044325,4.62112127893355,6.45393342083471e-05,0.000567577548344255,1.61550593205052
"FGFR1OP",-0.80049481588335,3.56306178344543,-4.62099457425033,6.45625484868284e-05,0.000567577548344255,1.62275847913982
"ZMYM6",-0.825787042502182,4.58913236131842,-4.62085362876263,6.45883816343412e-05,0.000567577548344255,1.56403802448324
"ZNF83",-0.741900535587585,5.40063018884862,-4.61865359602463,6.49929454708765e-05,0.000570771906466282,1.53270437367643
"TBL3",0.616741875499236,5.00359161398643,4.61832890787023,6.50528648120647e-05,0.000570828288863331,1.55203850706877
"CD320",0.80525395333122,3.48540725605977,4.6181739137859,6.50814874009768e-05,0.000570828288863331,1.63942661375926
"SGOL2",-0.937612887593463,1.92872987113186,-4.61735821646748,6.52323273110117e-05,0.000571430254743342,1.72148336556443
"LCOR",-1.05720749502065,4.98303211166442,-4.61695349210523,6.53072981706904e-05,0.000571465036862406,1.53878720128632
"HSD17B12",-0.787082987328079,5.96212256166725,-4.61495473545297,6.56788014792054e-05,0.000573894844854754,1.51739143156557
"PPP1R35",0.981577305885861,2.08523584130618,4.61433699670133,6.57940422884751e-05,0.000574540688375867,1.71698643511489
"NPHP3",-0.90934369859389,4.78225589994222,-4.61006812097966,6.65959122811921e-05,0.000580813282643119,1.5267027970736
"EEA1",-0.631804146076569,5.7140050546914,-4.60773103686196,6.70390102854587e-05,0.000584249088995053,1.4987415203406
"NFYB",-0.841272655419145,4.82238037727593,-4.60754759386928,6.70739135402176e-05,0.000584249088995053,1.51833897233233
"ZBTB17",0.675660645201101,4.89788869749191,4.60702249528771,6.71739224299459e-05,0.000584753831948095,1.5252887598657
"ABCA6",-1.33205059025286,4.65608948660493,-4.6055119311194,6.74624458023125e-05,0.000586236630666352,1.52001998226474
"KLHL15",-0.713493653066207,4.37095801898308,-4.60546845825424,6.74707674482926e-05,0.000586236630666352,1.53246688922041
"HSD11B1L",0.785952124325642,4.10676274412076,4.60497090463636,6.75660824895356e-05,0.000586617461582049,1.5611707817769
"LRRC4B",0.720551111241144,7.70758813716806,4.60479928048113,6.7598991041177e-05,0.000586617461582049,1.51598471100099
"TRIM46",0.748761013362295,4.23489416424305,4.60411357035884,6.77306331287709e-05,0.00058717100001398,1.55188988800422
"RNASEH2B",-0.70633419922333,3.90273552028685,-4.60358515076246,6.78322521099474e-05,0.000587541413602797,1.55297021026595
"KRAS",-0.959926679173157,5.14599988761334,-4.60271049618489,6.80007869607333e-05,0.00058863445848575,1.49494380629663
"MYO1B",-0.847673570166409,4.17081433620096,-4.60246337176862,6.80484798900361e-05,0.000588680751357363,1.53426508259837
"ADGRA1",0.919460649747924,5.46172519837852,4.60220415356617,6.80985424617573e-05,0.000588747473447357,1.49846986320241
"SSBP1",-0.698320565515435,4.1193048556862,-4.60196513174907,6.81447368871432e-05,0.000588780691239941,1.53604711343743
"RNF126",0.668664489285398,4.19313926834099,4.60046923196727,6.84345477378194e-05,0.000590184294448614,1.54152041085079
"SHFM1",-0.761657445845393,3.80262763288221,-4.5995635618465,6.8610602982034e-05,0.000591335773500457,1.5483848509385
"SNRPC",0.683920573209205,2.57636428845914,4.59796477892142,6.89224908100098e-05,0.000593655803742724,1.6484925161617
"IKZF2",-0.797390784662752,5.02865506694542,-4.59691196802209,6.91286385784117e-05,0.000594694513315024,1.48242215124963
"EVI5L",0.643871304278621,6.84462878778536,4.59642790067085,6.92236274200693e-05,0.00059494106708279,1.47661200048731
"SSB",-0.869295050276025,4.18117434148718,-4.59632982178211,6.9242889263412e-05,0.00059494106708279,1.51708738826127
"SSBP2",-0.71728007388836,5.07328291082332,-4.59536830836041,6.94320038021378e-05,0.000596197477984756,1.4769002608352
"ISOC2",0.592278254191514,3.74843474751233,4.59401448106157,6.96991487520466e-05,0.000597384442633139,1.55233744006999
"MYSM1",-0.722426006134239,5.21471587629988,-4.59272905639098,6.99537391674065e-05,0.000598828129252023,1.46580140684695
"KIF20B",-0.876687923029618,2.47469360896951,-4.59069069732601,7.03593467934136e-05,0.000600623412413551,1.62229327145724
"HDX",-0.717753060792674,3.15424856837473,-4.59068576401351,7.03603312829869e-05,0.000600623412413551,1.571316982579
"SCRN2",0.694385430574387,3.63229146124182,4.59064883903672,7.0367700448048e-05,0.000600623412413551,1.55422978749347
"SCAMP4",0.745596443318468,5.6816351008536,4.59021222959528,7.04548931911468e-05,0.000600623412413551,1.45939993927965
"ME2",-0.617344153297176,5.03184311249538,-4.59001080142727,7.04951553425916e-05,0.000600623412413551,1.46360873449931
"KCNG2",1.6182602624048,1.81207148763717,4.58994109972695,7.0509092868574e-05,0.000600623412413551,1.65481226627082
"SPHK2",0.735116438835245,5.81854008977314,4.58713423776635,7.10726277547679e-05,0.000605053074737773,1.44887393284066
"RPAIN",-0.67792900699923,4.63644254044566,-4.58570171711863,7.13619541423415e-05,0.000606450221669461,1.46641844433179
"MACROD1",0.763244501486654,2.75843116639191,4.58567375388259,7.13676134837605e-05,0.000606450221669461,1.60648122478914
"GATAD1",-0.746544032973822,5.01556224987822,-4.58486158666293,7.15321782623411e-05,0.000607189225822172,1.44991226172226
"TAF1A",-0.733125185283191,1.70417099852076,-4.58481350306436,7.15419329518571e-05,0.000607189225822172,1.64183306835429
"FASTKD2",-0.730395970388187,4.78289800702566,-4.58293487324905,7.19240833714408e-05,0.000610060162922374,1.4527221762741
"MRPS31",-0.60206790489995,3.15229848869341,-4.58265757679848,7.19806620715424e-05,0.000610167782999136,1.55008628078117
"ST18",-0.942891780834785,7.1648990983443,-4.5822754634972,7.20586995669681e-05,0.000610206975222979,1.44180719990726
"SGTB",-0.849159692226223,5.45470817224179,-4.58188614721529,7.21382943506658e-05,0.00061038744252158,1.43114028373588
"FXR1",-0.614025140695441,6.23734157163036,-4.58038766663053,7.24454692425625e-05,0.000612613694288384,1.42324178716548
"CYHR1",0.615810215930107,5.46533019472984,4.58007073984871,7.25106022699318e-05,0.000612791728119509,1.43388015259823
"SORCS2",0.849463947951666,5.44912369239126,4.57867618072182,7.2797894633269e-05,0.000614612194949044,1.43331270528453
"TUBG1",0.70510013770909,3.78901207754865,4.57813252556831,7.29101981423053e-05,0.000615047071950442,1.50988158264151
"ENTPD6",0.63538964763259,6.7771909971843,4.57730355189323,7.30817708889885e-05,0.000615832799900405,1.42345634283048
"ADGRL1",0.719910326185381,8.59616240075514,4.5772544896529,7.30919378388482e-05,0.000615832799900405,1.4647176828386
"CPM",-0.912182630264516,4.75509764701631,-4.5768573330901,7.31742904513953e-05,0.000616153231892973,1.43702949395573
"SLC26A2",-1.08532407165216,4.23276498097443,-4.57661660695129,7.32242511087554e-05,0.000616200689415205,1.46058909432119
"POLR3G",-0.992801972117792,2.17241296464081,-4.57550141820773,7.34561404961256e-05,0.000617778139853078,1.60043344092137
"NT5DC1",-0.811699194971247,4.51216447039376,-4.57419500486495,7.37287185409403e-05,0.000619655946513046,1.44019229861357
"USP1",-0.606399019708421,4.49358007001192,-4.57330460332473,7.39150715925168e-05,0.000620511669854571,1.43904612821245
"ATAD1",-0.874764251218857,5.15968416872288,-4.57246958386358,7.40902578272923e-05,0.000621606979067603,1.41183178970288
"PIK3CA",-0.706495831687518,5.58255144781509,-4.57084196076245,7.44329151754773e-05,0.000624105178992452,1.39910410428461
"UNC93B1",0.87698035234759,3.36827983099311,4.5705169310359,7.45015303637093e-05,0.000624303963300956,1.52523769211783
"TFPI",-0.956438962880992,2.29887329744738,-4.56997124481354,7.4616868095922e-05,0.0006246771850158,1.57852924366411
"WDR5B",-1.08765576810445,2.20429469262512,-4.56980179901529,7.46527186171014e-05,0.0006246771850158,1.58360047062833
"TTLL7",-0.829112450319733,7.81711435646859,-4.5687055494501,7.48850706244519e-05,0.000625632362873276,1.42006564226408
"U2SURP",-0.59942279564808,6.28321466570013,-4.56846487343135,7.49361781960555e-05,0.00062568333290184,1.39089379312509
"KCTD17",0.651978704931972,5.76207286422564,4.5677948316321,7.50786437757882e-05,0.000626213410084002,1.39604193775437
"MIOS",-0.636889737231419,3.94577561279576,-4.56774263304024,7.50897536045195e-05,0.000626213410084002,1.45318368696618
"SPNS2",0.821511159082814,6.5784170547766,4.56702708061979,7.52422144923686e-05,0.000627108672585677,1.39422912043925
"FBRSL1",0.895606167467891,6.43404347393993,4.56601594642569,7.54581773867571e-05,0.000628155438341735,1.39097977558445
"LRFN1",0.837081201553634,4.60151414596452,4.56560625019494,7.55458570493034e-05,0.00062850897947302,1.42738125013218
"PGAM1",0.646914834779428,5.31686192661724,4.56405392580538,7.5878989124587e-05,0.000630902934694981,1.39463160318694
"ZNF292",-0.760541916227625,6.96079541165742,-4.56323604423861,7.60550933628213e-05,0.000631742463872661,1.3854303252161
"SASS6",-0.797129210495943,2.38754479926205,-4.56295227999633,7.61162873677678e-05,0.000631742463872661,1.55460398025159
"CAPN10",0.606551881131191,5.0697481287472,4.56140094577996,7.64516974525792e-05,0.000633944789926585,1.39371859796018
"GRPEL2",-0.923296840119014,3.31468495493313,-4.56130338662286,7.64728393545448e-05,0.000633944789926585,1.47933263881374
"LUC7L2",-0.651859431934382,6.07702671958875,-4.56008579452567,7.67371898243015e-05,0.000635757099485959,1.36720652792892
"PHB",0.627060703666865,4.98947799294458,4.55845621229092,7.70924045666867e-05,0.00063831959993215,1.38865499524748
"CCNH",-0.712276256440049,5.58174367150729,-4.55789692397647,7.7214692855233e-05,0.000638951583377053,1.36373023345601
"MTX3",-0.789599867765929,5.37033215512798,-4.55758085068294,7.72838872097798e-05,0.00063914372396809,1.36623088605381
"NEURL1",0.8966598439087,6.94504326935189,4.55667538467419,7.74824509544506e-05,0.000640404894868474,1.37057524006241
"RASGEF1B",-0.821022143925447,4.25714392478462,-4.55604802382106,7.76203241310789e-05,0.000641163247813582,1.40344853531815
"ZNF92",-0.797000012865243,2.74517734439932,-4.55575805249152,7.76841323615317e-05,0.000641263865944178,1.50919552702611
"ZNF680",-0.745134370053658,5.1277401902271,-4.55330010376374,7.82270959426596e-05,0.000645025556224706,1.36036240328663
"ZNF808",-0.872829591249282,5.02475802109999,-4.55115047940464,7.87050314176873e-05,0.000647605115199878,1.3575170304743
"IL6ST",-0.905254722983424,7.83682372252696,-4.55087578210658,7.87663141783183e-05,0.000647605115199878,1.37207906585821
"PIGK",-0.851956981888854,3.73413813157028,-4.55084646935184,7.87728564093651e-05,0.000647605115199878,1.42053256134223
"ACADM",-0.603789544532762,4.28130066549026,-4.54949885996111,7.90742075684356e-05,0.000649339154098294,1.38478498220067
"DCUN1D4",-0.643109153838341,5.47904790231529,-4.54948551859713,7.9077196654324e-05,0.000649339154098294,1.34226660285095
"QSER1",-0.983537297660073,6.1439024591335,-4.54893270615789,7.92011508147564e-05,0.000649973080653331,1.33725319783631
"PPIP5K2",-0.755658435387175,5.19234230067726,-4.54806566732676,7.93959500996189e-05,0.000651065858569203,1.34432215373488
"ENHO",1.44236562240187,6.39219297617292,4.54782842955384,7.94493334252337e-05,0.000651065858569203,1.34599858102105
"ZNF470",-0.816794885990822,4.68946988593836,-4.54771528112839,7.94748066459457e-05,0.000651065858569203,1.36016167158103
"CBWD1",-0.754675058558652,3.45937145115762,-4.54690567531214,7.96573102607451e-05,0.000651824231241345,1.42959675839385
"SPPL2A",-0.85784840181274,4.79780932461298,-4.54562106761124,7.99477425451257e-05,0.000653649702753087,1.35019247836547
"MGRN1",0.65659029392028,6.17074945725186,4.54548623602996,7.99782868927493e-05,0.000653649702753087,1.33236122333454
"LDHD",0.909465085032553,3.98486954846464,4.54484728790353,8.01231895851159e-05,0.000654064933418838,1.41031503536896
"TMEM59L",0.956801041067327,6.19872077253884,4.54424081358814,8.02609683402685e-05,0.000654805153677472,1.33215200204087
"GLI3",0.792055218340597,5.19087812690942,4.54376776727188,8.03685978499728e-05,0.000655298678774383,1.34411538546523
"BAG2",-1.01035739838639,2.92816258521716,-4.54268912420033,8.06145503149546e-05,0.000656292674839191,1.45966995772235
"TMEM126B",-0.721795148333927,3.01684718343744,-4.54261214658031,8.06321312491252e-05,0.000656292674839191,1.45245988878219
"TMEM50B",-0.73036824444757,4.54054312423653,-4.53992702023237,8.12477704954644e-05,0.000660144070968992,1.345717246088
"MPND",0.638442955749843,3.6535404601587,4.53781346907071,8.17356333972881e-05,0.000663440810700362,1.40801819237241
"HSF1",0.752982996156072,5.29879877079501,4.53696348366823,8.19326494018959e-05,0.000664543577587606,1.32195593326824
"PHRF1",0.756030387905913,6.35927073768888,4.53667607957996,8.19993724405168e-05,0.000664696953742311,1.30965213901494
"RDX",-0.642294070666917,6.70171941800452,-4.53586680112717,8.21875418579657e-05,0.00066579434853317,1.30623431102671
"PDS5B",-0.816596237932925,6.47898388907908,-4.53568215428344,8.22305349181019e-05,0.00066579434853317,1.30310322343214
"ATP5D",0.782001173214033,4.3093321307612,4.5341139346281,8.25965774132826e-05,0.000667979999534296,1.35671573948142
"ENOPH1",-0.653028259455595,4.78542394877932,-4.53352832936125,8.27336786254408e-05,0.00066869976758772,1.31791664162442
"TSPO",1.15663866576024,3.0669087732215,4.53276449193625,8.2912846140046e-05,0.000669758504961603,1.45174949214948
"CRTC1",0.80496095162227,7.63229476994977,4.53229592650772,8.30229440807594e-05,0.0006700954802616,1.31664200375283
"LRRC49",-0.687012299795781,4.39346412915292,-4.53217677152778,8.30509647885726e-05,0.0006700954802616,1.33167471816375
"CCNT2",-1.08840635400475,4.54784988284103,-4.53091493514774,8.33482760156699e-05,0.000671540531888394,1.32059070812395
"CISD3",0.748470441693913,3.51886962455954,4.53080182168428,8.33749789986597e-05,0.000671540531888394,1.40156890334323
"AKAP11",-0.631854032014124,8.62621114640517,-4.52891190255335,8.38223925481864e-05,0.000673843696362237,1.33393852359783
"CCBL1",0.617629713749272,4.37198657625419,4.52877534854779,8.38548118764689e-05,0.000673843696362237,1.3364888398102
"HHIPL1",0.875557655750808,5.82332065232418,4.52762338927706,8.41287935870053e-05,0.000675165525774993,1.2877908216225
"OGFRL1",-0.852232344529034,8.45265772255041,-4.52742300869921,8.41765424941314e-05,0.000675165525774993,1.32518869059607
"C5orf51",-0.656606617377599,5.34112132768148,-4.52726770705559,8.42135679538079e-05,0.000675165525774993,1.28416742088439
"DICER1",-0.626110668175548,7.39214387050341,-4.52448100506653,8.48806934371258e-05,0.000679730069218274,1.28874617532554
"HSPBAP1",-0.72245584953822,3.6230485010699,-4.52380952479278,8.50422240805827e-05,0.000680631548168256,1.35527990106293
"SCHIP1",-0.655607670965426,5.3577979579008,-4.52188873163355,8.55059710094479e-05,0.0006831632235479,1.26914098155715
"MFSD12",0.707707861099196,5.95935452925142,4.51933448898696,8.61265362497673e-05,0.000686378484956705,1.26232165386687
"SIAH1",-0.633522663874038,3.95165887523935,-4.5192166945909,8.61552622823658e-05,0.000686378484956705,1.3213419499852
"NUP58",-0.590376078889033,5.70440977717365,-4.51629258111197,8.6871402589512e-05,0.000691687421992782,1.2489580157057
"GDAP1",-0.811551665579499,5.68227310695528,-4.51575440813416,8.70038465168767e-05,0.000692345434617985,1.24758473818861
"BCAR1",0.670877381900206,6.23402753470796,4.5151503774426,8.71527361225912e-05,0.00069313348831594,1.24984977966682
"MPLKIP",-0.767256316468303,3.63117458725913,-4.51172842114367,8.80010013944575e-05,0.00069907995507757,1.32189908212298
"CHCHD7",-0.580302329366146,3.72551081813351,-4.51068294544693,8.82617898503091e-05,0.000700095453758686,1.31328272985587
"ABHD8",0.824802456766093,5.7823088088828,4.51062965147097,8.82751042322259e-05,0.000700095453758686,1.24165306488992
"STAU2",-0.589672259063862,5.58404968187704,-4.50896751034609,8.8691354961562e-05,0.00070295736412522,1.23021528030303
"LSM7",0.969604195955955,1.88785047113423,4.50797690694712,8.89403557865993e-05,0.00070452924566684,1.44327741985872
"B3GALT2",-1.04507876796592,3.49844839208622,-4.5073119287468,8.91078946727364e-05,0.000704890890934031,1.31982639330021
"SPAG16",-0.749640694588565,4.60530065265064,-4.50728117393958,8.9115650791704e-05,0.000704890890934031,1.25369794858402
"LLGL1",0.774189526557545,7.20683758209809,4.50719208130125,8.91381230227325e-05,0.000704890890934031,1.23941277615974
"SLC43A2",0.911017937471166,5.42944937335978,4.50573893787743,8.95054488365077e-05,0.000707393263061473,1.23587183033915
"KIF2A",-0.640780161537688,6.20732232033951,-4.5049656552756,8.97015298333551e-05,0.000708137801103522,1.21708026441983
"EBLN2",-0.985668670039362,1.96233202092026,-4.50455881499392,8.98048628449324e-05,0.000708551193683456,1.42393148921636
"HPS6",0.751178654595683,3.77501916549133,4.50420554566799,8.98946850000343e-05,0.000708857578485807,1.31025597549025
"ZNF503",0.852543460204129,3.16786673934358,4.50072469610983,9.07844940173392e-05,0.000715468274279506,1.35071023235248
"TMEM39B",0.59313713611478,3.4454122356883,4.50035246692312,9.08801614149705e-05,0.000715816432856045,1.32212597596134
"MGAT5B",0.868637541544402,5.55015320565444,4.49963337920912,9.10652583476115e-05,0.00071646249097255,1.21584418962321
"C7orf43",0.60948677955877,3.94387972328219,4.49877590470296,9.12864646374426e-05,0.000717796624089212,1.2807879807898
"RNF14",-0.599360193317987,5.08008357141351,-4.49570388279651,9.20833421333494e-05,0.000723112381265646,1.20482352728907
"NR2F1",0.930903605214911,6.02845432205294,4.49556877675484,9.21185460524715e-05,0.000723112381265646,1.19946202992486
"LHX2",1.03201822200221,5.50095775412643,4.49369124535117,9.26091463269178e-05,0.000726553246183302,1.20267668310217
"CDH19",-0.959608110334332,4.25905643513853,-4.49328414520139,9.27158625727969e-05,0.000726664481399746,1.23255465277071
"SSBP4",0.774712689805966,5.6456995046562,4.49323838451682,9.27278657749352e-05,0.000726664481399746,1.19549530801166
"F12",1.52696283702259,1.12559311218908,4.49233172644528,9.29660030301365e-05,0.000728120210774624,1.38053286723045
"MAST3",0.581884952873618,8.83598924055099,4.49210721930214,9.30250641424784e-05,0.000728172546007171,1.24072821485112
"OST4",0.5943569386513,4.03270096360575,4.49049934648038,9.34491341577534e-05,0.000731080395644957,1.25214807725672
"CNOT7",-0.809424863072025,5.50842561872957,-4.48962476871681,9.36806033872204e-05,0.000732479048531574,1.17840070113296
"PSD",0.919200862532918,8.65780636063143,4.48772155275264,9.41862789599127e-05,0.000735943392747881,1.22389176398172
"TUBA8",1.13438532504296,3.83035869025867,4.48755915368156,9.42295525169924e-05,0.000735943392747881,1.26980226301879
"ST6GALNAC4",0.939697600408825,3.4492888948386,4.48705288016091,9.43645826708113e-05,0.000736584182082885,1.2932044209867
"CELSR3",0.644491595444761,7.02363865086327,4.48104928205837,9.59804992512702e-05,0.000748088976414508,1.16451173478682
"SCARF2",1.12751768396571,2.66025101122497,4.48097777909788,9.59999089284622e-05,0.000748088976414508,1.34044835695627
"PAPOLB",-1.2307761185567,1.04083223585845,-4.47751880782129,9.69435095648689e-05,0.000755018862728744,1.35802874228915
"DOHH",0.830594107369828,3.94269694516658,4.47585426484819,9.74008588653226e-05,0.000758156069398496,1.22350326922901
"NAA50",-0.693695576466443,5.50159448200661,-4.474521238797,9.77686596388895e-05,0.000760593120481165,1.13740147638285
"TAS2R4",-0.914275347439108,2.8405388148605,-4.47432188749814,9.78237814850414e-05,0.000760596314432352,1.28361554492035
"NDUFB9",0.796236868442666,3.69451281190386,4.47400826535803,9.79105621618921e-05,0.000760845519941098,1.23668274033056
"CHST1",0.905853720606352,6.25649145569123,4.4737479218981,9.79826582433296e-05,0.000760980399384787,1.1390424149303
"SLC30A5",-0.673679234288579,4.24798035489569,-4.47250819283252,9.83266937132269e-05,0.000763225960916404,1.17727954680612
"EMC2",-0.719860016720412,4.86459168563834,-4.4717905460503,9.85263927769912e-05,0.000764349281465252,1.14678389230852
"IMPDH1",0.614275152392284,4.98530002365117,4.46975956687689,9.90937293708504e-05,0.000768321821368412,1.1470418307557
"SGK1",-0.907256922702362,6.40198228350438,-4.46907435294761,9.92858662498894e-05,0.000769382448498307,1.12088094423529
"TAX1BP3",0.86827227185405,5.13053355546189,4.4677578822878,9.96560450999912e-05,0.000771402277420559,1.14002849715524
"TIGD7",-0.738577472276552,3.30760823935267,-4.46775273685074,9.96574946228833e-05,0.000771402277420559,1.22790106127265
"DUSP9",0.945772522180338,2.53398365704597,4.46654113404982,9.99993970651956e-05,0.000773618040066972,1.30996432917462
"UBE2D3",-0.759401787086024,6.47707084235689,-4.4648535720584,0.000100477545145372,0.000776884778982738,1.10990324455423
"LANCL1",-0.804318802295416,7.42170532792411,-4.4637305610734,0.000100796987946019,0.000778921471053669,1.12428778874139
"COMMD2",-0.819165464556889,3.60846342009016,-4.46314116986723,0.00010096504330897,0.000779786684489614,1.1922694915752
"ZNF738",-1.06301111815191,1.75891493831385,-4.461069982592,0.000101557810325638,0.000783929305467529,1.31794426491847
"HSD17B10",0.758919732629657,3.50419713662747,4.46064758253672,0.000101679121822317,0.000784084189147791,1.21384645163321
"PQLC2",0.734451515825226,3.80297472779572,4.46060737369723,0.000101690677099228,0.000784084189147791,1.19103346235473
"GNPDA2",-0.882427458262576,3.75041723894445,-4.45987250943576,0.000101902092469842,0.00078527876358966,1.17320603828603
"RBM42",0.69742049749067,4.17212212165081,4.45898956939652,0.00010215668332474,0.000786804549352094,1.16043357138082
"RFX1",0.7272338390214,4.17378509556399,4.45875550762541,0.000102224279177568,0.000786818549096574,1.15962579554006
"IMPA1",-0.660727378435775,3.8155898235132,-4.45846568793152,0.000102308038948117,0.000786818549096574,1.16543981001271
"GXYLT1",-0.820259499216568,4.69830919822783,-4.45791585278,0.000102467131486964,0.000786818549096574,1.11546594682594
"MSI1",0.842044750302394,4.44339882079186,4.45787885744711,0.000102477844716902,0.000786818549096574,1.14304804329115
"RGS19",0.920876305970023,2.39652141544236,4.45780896971113,0.000102498086060559,0.000786818549096574,1.29410416207307
"PSEN1",-0.649923734834176,6.25864478651722,-4.45702736059338,0.000102724730429061,0.000787688473483072,1.08672580477447
"APAF1",-0.658963409639886,4.37527924532416,-4.45523671774332,0.000103245836292446,0.000791247858951257,1.12380690007951
"PCYT2",0.717278847256996,5.32911568097712,4.45440612065694,0.000103488440308781,0.000792233643817555,1.09590377344621
"KCTD9",-0.695978761842492,3.76403909887329,-4.45141569394985,0.000104366574442517,0.000798376129517438,1.14972295057059
"HEXIM2",0.952989216544907,1.643299243547,4.45128309231956,0.000104405682884671,0.000798376129517438,1.29826635330133
"MAPK8IP1",0.647627008947908,8.47846934255799,4.45044738920989,0.00010465249208686,0.000799823499170717,1.11653470114473
"ALCAM",-0.843876085153227,6.3478648049426,-4.4500722395542,0.000104763473065379,0.000800231759645545,1.06856988920804
"BTBD10",-0.625259073165214,5.23456605646871,-4.44827137768041,0.000105297846894367,0.000803871865747111,1.07144135152792
"EIF6",0.670188706223925,3.93848657759326,4.44641855354089,0.000105850453166434,0.000807647091064637,1.14105304190497
"TMEM144",-1.25169781509583,7.2735079924693,-4.44567637012588,0.000106072613647861,0.00080889823090102,1.07261875636786
"NUMA1",0.707109332502285,7.74456710073943,4.44537544701187,0.000106162821398855,0.000809142293359035,1.08271050450908
"TRPT1",0.826492218825681,2.63427496703571,4.44475618096565,0.00010634869762419,0.000810114846230953,1.24153988698365
"CISD2",-0.770940110547174,3.20624523821162,-4.44222278932962,0.000107112466911446,0.000814593826588031,1.16726894321675
"PRR36",1.03237347689099,5.86405519791758,4.44111235729972,0.000107448948517435,0.000816706004532192,1.05417510471655
"CACYBP",-0.881308502680488,4.7975344890343,-4.44021699426009,0.000107721021243357,0.000817968987570449,1.0633982988381
"ZFP30",-0.870442362752679,3.87247229481861,-4.44017832215466,0.000107732787817688,0.000817968987570449,1.11170814588231
"AP5B1",0.710081145475991,5.39443770268468,4.43947135070248,0.00010794811873709,0.000819156521115186,1.05359086576207
"TRIP11",-0.708467312578624,6.37768680714485,-4.43919817585965,0.000108031436882338,0.00081934153602742,1.03911772930911
"RBCK1",0.660139390459054,5.47969150729374,4.43854599001049,0.000108230610359589,0.00082040455028299,1.0487151954983
"ARHGAP5",-1.4237354947432,7.57769807862878,-4.43794382417409,0.000108414830424455,0.000821350704912247,1.05946133701311
"CLIC4",-0.937709252920161,6.77593323853476,-4.43766929208038,0.000108498920657194,0.000821350704912247,1.040253640025
"STMN3",0.736263342084514,7.86175465732355,4.4375591530488,0.000108532674789512,0.000821350704912247,1.06449310017428
"GIT1",0.817767148746392,8.42942385873041,4.43563873554705,0.000109122893793512,0.000825368046527421,1.07528788158712
"CD47",-1.07744354245513,6.77000113101702,-4.43525049115976,0.000109242601504506,0.000825824168632758,1.03391114811113
"SERINC2",1.56627911193755,0.896035723419733,4.43489299986187,0.000109352941912272,0.000826209020904566,1.21720726593542
"CALM2",-0.587266166901479,7.71338741139141,-4.43401683272309,0.0001096238388919,0.00082780587087191,1.05061089588955
"PWWP2A",-0.796657908208259,4.91054882594177,-4.43380437855861,0.000109689626242213,0.000827852977209147,1.04186015280198
"TMEM260",-0.702651992820531,4.03964570254745,-4.43300576322516,0.000109937270282418,0.000828822088647601,1.08214792669978
"MTCH1",0.627788474773419,7.45890170859455,4.4304558598806,0.000110731680556436,0.000833906729737581,1.03538631991256
"SUMO1",-0.818399846838952,3.82149602907643,-4.42864886409854,0.000111298075021037,0.000837265064362802,1.08400091372853
"ZSWIM4",0.67557026047534,3.37003482007246,4.42844857874926,0.000111361029600259,0.000837285577881447,1.13648129118958
"H1FX",0.661913759374749,4.61690147338738,4.42782197184579,0.000111558214918964,0.000837861860509691,1.05023170296145
"CIB1",0.733407588149183,4.55116818304818,4.42586570662621,0.000112176050785024,0.000841928341218634,1.04921587945256
"SIRT6",0.622352303366396,2.89484787542675,4.4257245087359,0.000112220775160274,0.000841928341218634,1.16671411326761
"C5orf42",-0.609336127918203,6.97238100411392,-4.42507999261628,0.000112425149373278,0.000843006702582153,1.00914878199215
"SPTBN2",0.869038498430192,8.56342260866646,4.42415142098876,0.000112720243884616,0.000844763790018289,1.04848754063657
"SCRT1",0.963113874739084,5.38776396832379,4.42279598438865,0.000113152368680891,0.000847198023722291,1.01141461602091
"EPRS",-0.585033983074495,5.86344585124186,-4.42256494086403,0.000113226190527251,0.000847198023722291,0.99265268355878
"TRIM23",-0.691001519891923,5.05096972540276,-4.42255966842109,0.000113227875706806,0.000847198023722291,1.00672807233456
"FBXO45",-0.630979451099195,5.03880064595718,-4.42132189961504,0.000113624178616587,0.000849705933904137,1.00379425166575
"ARF6",-0.609727531918146,4.9293059312574,-4.41750180262776,0.000114855945434373,0.000858281895177928,0.997174624868802
"APC",-0.702858808081871,8.93050921590137,-4.41647909792122,0.000115187944143415,0.000860012244619635,1.03938813718338
"STARD3",0.697040926988418,5.31548599833356,4.41620713758802,0.000115276389666252,0.000860013813990426,0.992557102751481
"MFSD6",-0.582847091846227,5.69290157328049,-4.41572271351698,0.000115434097845361,0.000860463714877325,0.975206446578367
"RRP15",-0.679932000461521,3.33655257730449,-4.41532676509837,0.000115563160440064,0.000860964124564724,1.0845828807072
"CEP97",-0.755732804304678,5.42034805970794,-4.41368528766573,0.000116099736356865,0.000864498411801361,0.973282613294965
"SYT12",0.907311737189335,4.75470320907023,4.41341252870513,0.000116189135710087,0.000864700944668966,1.00820154623731
"CRYL1",0.750613708338382,5.1902542338677,4.41309318495019,0.000116293890142077,0.000865017474989378,0.988691855390013
"SIPA1L3",0.786174120256054,8.08085880224416,4.41060860622199,0.000117112102035185,0.000869707501331806,0.997381448570511
"DUSP11",-0.655660127235642,3.38410346993618,-4.40617737972447,0.000118585523192845,0.000880179361146254,1.05644612405607
"RIT1",-0.739585976846768,3.86927490957107,-4.40464135561394,0.000119100528432577,0.000883530174103353,1.01613701420939
"TELO2",0.759761920341532,4.82524159432261,4.40377581616382,0.000119391703511397,0.00088479583983796,0.976565258861031
"NME4",0.651057565513962,4.68113684706465,4.40375584121126,0.000119398431559201,0.00088479583983796,0.980951605948379
"STYX",-0.685821475986662,3.85781968587181,-4.4026097633265,0.00011978508646312,0.000886715799792489,1.01167384004029
"AMY2B",-0.615706074762593,4.97706752148874,-4.4015190086229,0.000120154225969478,0.000888975013000367,0.952174102232688
"SNAPC2",0.724788979640359,2.93156049200268,4.40001276684458,0.000120665825640471,0.000892285270241401,1.09910068677373
"B3GALT6",0.609062356437063,4.17363483358974,4.39974948001792,0.000120755472575354,0.000892473460788186,0.998770704245616
"ECSIT",0.68754328063752,3.54617698072054,4.39848966879817,0.00012118533932187,0.000895174594714476,1.04209200529033
"MAF1",0.743863310633748,5.00301648683395,4.39773242253538,0.000121444450497181,0.000896136279624102,0.952960754228751
"CBS",0.927275264864419,3.64561689097637,4.39696968326675,0.000121705994640159,0.00089711385868902,1.03621479908261
"DMWD",0.892574096556254,6.05944217918088,4.39518789085641,0.000122319143901476,0.000900201555594666,0.925958026455701
"SETD3",-0.614147181700856,6.05608541957461,-4.39126011864319,0.000123681566785718,0.000909265542810707,0.907279609972418
"TCP11L2",-0.644006367657813,5.14659890491032,-4.3910420150828,0.000123757658016385,0.000909344060118283,0.918471229181325
"RCN2",-0.717601112004004,5.1033420256814,-4.38989971598278,0.000124156935548494,0.000911795941888621,0.916505318971638
"STK16",0.614342898663217,3.5394491031464,4.38898080626422,0.000124479053364811,0.000913678880611195,1.01504673963401
"PHB2",0.612467322983735,4.87610625379909,4.38778102526942,0.000124900871835214,0.000915807974817058,0.929238761893875
"MRPS33",-0.638260358157711,3.41159074320988,-4.38712031467773,0.000125133766815691,0.000917031959025692,1.00297889427616
"ZNF829",-0.697942064651477,2.56582697702665,-4.38661253801411,0.000125313045371425,0.000917726403732941,1.0733679460206
"BVES",-0.846130223695952,3.30740761232429,-4.38647809415946,0.000125360555365333,0.000917726403732941,1.00939093710558
"CEP83",-0.840354318361766,3.71820955837759,-4.38541509864856,0.000125736825589668,0.000919631214815819,0.974728278266247
"POGLUT1",-1.06008405022331,3.24077760637438,-4.38423149089277,0.000126157102003354,0.000921995088255349,1.00917436415628
"SLC29A4",1.10961585770207,4.55270202539382,4.38408577779135,0.000126208937775135,0.000921995088255349,0.943084536240023
"NUDT21",-0.791903893799405,5.9014011567953,-4.38296242532804,0.000126609264565419,0.000924433821422508,0.884968990290723
"FANCM",-0.753924331694558,3.69224329983567,-4.38043321962302,0.000127515189543874,0.000930559666687107,0.963274258854481
"AHDC1",0.694393627815343,6.99191767191339,4.37981959662883,0.000127735943872645,0.000931681580124609,0.889199174835149
"CCDC117",-1.06106217016953,4.22464142883733,-4.37900844100837,0.00012802834112107,0.000933324592692773,0.925003057637868
"MTRF1L",-0.780051002721711,3.69407635841123,-4.37776974141322,0.000128476131289959,0.000935710344001341,0.955895632238203
"UCKL1",0.85971738916772,4.53572065344362,4.37773083611118,0.000128490220594055,0.000935710344001341,0.923219531741093
"VMA21",-0.785305571008817,5.22315173392819,-4.3767456068204,0.000128847524154144,0.000937330340549926,0.877434705672925
"BET1",-0.795619935562191,2.55217990539951,-4.37598877246456,0.000129122664287474,0.000938840627052542,1.04579557628371
"EEF1G",1.18451170158611,5.6693526417925,4.3747613100459,0.000129570131220441,0.000941601654065117,0.878675655112402
"OGDHL",0.725279876720349,5.7943695657979,4.37415048812772,0.00012979337449699,0.000942731187177197,0.869679612184607
"C8orf76",-0.64998415529989,2.50725928374863,-4.37256915714076,0.000130373085935708,0.000946447331946846,1.04097694838853
"VN1R1",-0.939304714496189,2.66656562010935,-4.37033407060536,0.000131196826356126,0.000950580860716877,1.02112565328515
"PAMR1",0.972004357074881,4.68960997763377,4.37028224242009,0.000131215988470413,0.000950580860716877,0.897085082058045
"MFSD8",-0.793594918428652,3.08047701740119,-4.36956740427503,0.000131480563297576,0.000952001453626508,0.983379650084002
"STK17A",-0.744470497245564,3.01883099519696,-4.36812261881799,0.000132016914703889,0.000955387375436476,0.98503075102129
"KLHL24",-0.724295602756478,7.02552482835565,-4.36662503833861,0.000132575146000929,0.000958454511272218,0.851785106763207
"PEX10",0.697192776395555,4.41893012798268,4.36629076834938,0.000132700064837854,0.000958454511272218,0.894382239680103
"FANCB",-1.24936134752704,3.75526395025597,-4.366284090909,0.000132702561423947,0.000958454511272218,0.921910465241862
"FAM200B",-0.627198821200178,3.69872617040561,-4.36624678358945,0.000132716510876062,0.000958454511272218,0.925141231879836
"DAP",0.669687702614563,5.20714914692328,4.3659761316284,0.000132817752792375,0.000958687642429695,0.85873789200331
"POLB",-0.677496436804739,2.92567432222991,-4.36449388583099,0.000133373565855786,0.000962199954606716,0.983615412283475
"ATG5",-0.697271668315136,3.99775036046424,-4.36337628954324,0.000133794160755945,0.000963234812443886,0.896842635451788
"GRIN1",1.02867615943374,8.36059930482439,4.36225211756825,0.00013421855164762,0.000965573274680124,0.875350923697682
"KLHL23",-0.949106140139437,4.5581198055131,-4.36214810065973,0.0001342578866319,0.000965573274680124,0.862147363888998
"CREBRF",-0.654377455926996,6.27065389782834,-4.36046412305514,0.000134896284997673,0.000969662954517915,0.824539371905227
"ADGRA2",0.851652876785136,5.17036331266117,4.35995178150494,0.000135091108471591,0.000970561545205196,0.845513723050178
"NHLRC2",-0.640476759627078,6.11508653692046,-4.35937556290957,0.000135310553859807,0.00097113439326744,0.820913984761687
"RAP1A",-0.747156508168223,5.08970080628942,-4.35836273820496,0.000135697128440998,0.000973406336216075,0.831426934703456
"ATAD3A",0.682371459916834,3.22840302378734,4.35788095957223,0.000135881396084477,0.00097408401661985,0.960156971069882
"TEX10",-0.663348953992932,3.37056962790911,-4.35774945538567,0.000135931735882787,0.00097408401661985,0.927572503151175
"TPRA1",0.587844070945293,3.6489581864576,4.35596488493293,0.000136616692621319,0.000977464612797854,0.917059112391673
"PRR7",0.98275772990232,4.30137077794554,4.35593637871475,0.000136627661531353,0.000977464612797854,0.878797874655417
"VMP1",-0.891623344137384,5.43714220153085,-4.3557880875423,0.000136684736532803,0.000977464612797854,0.816000193689715
"MRPS26",0.616985049878017,3.48157849849759,4.35377561855118,0.000137461636535715,0.000982010108488958,0.926596451555636
"EXOSC5",0.811589157390965,2.18136576200901,4.35346154529801,0.000137583275047143,0.000982374262817354,1.03097918315804
"BRAF",-0.626160853562845,6.81255103160547,-4.35200414292194,0.000138149109578117,0.00098540221721651,0.808047877566425
"LINGO1",1.05213257826956,7.01943205151632,4.35178498924261,0.000138234394185003,0.000985504896389697,0.815521925879676
"PIK3CB",-0.666624732867389,5.52064720111464,-4.34990586001421,0.00013896780237117,0.000990225724533066,0.798689962348259
"KIF7",0.835372454846675,3.47286861472567,4.34883539651635,0.000139387311291444,0.000991475940770428,0.918728331162106
"SPATA20",0.72493149331524,5.22705211399299,4.34873889382025,0.000139425191559401,0.000991475940770428,0.812478538396375
"RAB6A",-0.924298653405444,6.82120440502804,-4.34764596415968,0.000139854909932241,0.0009939994672178,0.796784730852602
"CBX7",0.596226364447421,7.48074910309747,4.34639465974981,0.000140348503701556,0.000996624624973883,0.808072090376269
"MDK",1.37801833030417,1.63100574688297,4.34634621967713,0.000140367646072426,0.000996624624973883,1.02958874701411
"KCNMB3",-1.05321775943757,1.85153387681793,-4.34600418193431,0.000140502884668866,0.000997075601157003,1.01495057358001
"ATE1",-0.608633603569048,5.448764144796,-4.34445486774675,0.000141117081959782,0.00100092330275759,0.785216549882042
"CDC37L1",-0.807899389387082,3.97893157523024,-4.34402810497114,0.000141286729340285,0.00100161555904571,0.84556946528497
"MT2A",1.39085407542273,6.15588015138094,4.34242559634978,0.000141925560212087,0.00100551305697281,0.788754304246996
"PPIL4",-0.611162405807607,4.43664566625831,-4.34225045321668,0.000141995552623788,0.00100551305697281,0.815120566308488
"CPSF3L",0.61142185883373,5.62421732191631,4.34210553538458,0.000142053491864091,0.00100551305697281,0.784033808777004
"MTCH2",-0.69199572771312,4.76031386700304,-4.34171136161557,0.000142211203592601,0.00100611712587498,0.798254223641856
"ORC4",-0.715472381441538,4.56945318337843,-4.34111829273583,0.000142448820379657,0.00100728560575686,0.80510081793512
"CYP46A1",0.731590819619318,6.16638374951672,4.34047752562363,0.000142705988219568,0.00100859107688278,0.776013352653965
"IQCE",0.660081582075959,5.32215511966678,4.33946617381888,0.000143112820655314,0.00101068772838802,0.783670256686129
"ZNF668",0.756117720211447,3.36381000428896,4.33908628180464,0.00014326593388551,0.001011006605521,0.901112156882545
"CHD5",0.777633028198614,8.28119086467938,4.33879975286962,0.000143381524635515,0.00101130895762706,0.809013974456706
"WDR89",-0.644627263262843,2.88145382906872,-4.33791441792641,0.000143739266084955,0.00101331809184232,0.916762788634693
"BBS1",0.594203427147714,5.15634299653985,4.33664181811556,0.000144255035290455,0.00101643867238109,0.780429602084328
"FBXL4",-0.623360324226568,5.56562746846096,-4.336250284494,0.00014441408623678,0.00101704388392286,0.761100994030311
"NDC1",-0.684265961709338,3.58031000994614,-4.33268388701555,0.000145870839450743,0.00102678299242746,0.843569197462136
"PAPOLG",-0.741080038165542,4.27936035313218,-4.33203391161206,0.000146137890570326,0.00102814218355702,0.795647938031143
"BRIX1",-0.668677404672619,2.46302703741642,-4.33178656933915,0.000146239641156143,0.00102833762840299,0.936651789608415
"LRRCC1",-0.752484072481873,3.55120366988599,-4.3281887604088,0.00014772762133128,0.00103775108223722,0.833515502726713
"GPR137C",-1.02408821103053,3.27190255704325,-4.32752078774836,0.000148005521047774,0.00103872348451963,0.854552697284305
"DGCR2",0.740645675040631,6.72614237983473,4.32749686949407,0.000148015481429534,0.00103872348451963,0.743963302154169
"PPP2R5E",-0.669768062181933,5.4143736252969,-4.32619775852356,0.000148557470633613,0.00104168981038376,0.736371356213438
"DHRS4L2",0.997951989433481,2.20178614652788,4.32612463180769,0.000148588037260179,0.00104168981038376,0.962095113940955
"ZNF282",0.817913315511088,4.07271541665416,4.325320458604,0.000148924587582631,0.00104352299222467,0.807742813100395
"TMEM106B",-0.994885809306447,6.00576666974697,-4.32440315359681,0.000149309402560208,0.00104532169888934,0.726414252539
"METRN",1.71193753298617,5.84582162705468,4.32393085023963,0.000149507919154281,0.00104602873280464,0.745361869879468
"ZSCAN30",-0.702835681857647,4.75513730182879,-4.3233931110474,0.000149734256553697,0.00104708532928043,0.749102716446302
"NOP10",1.15951717226562,1.66146799608633,4.32273255912371,0.000150012749309835,0.00104850540015351,0.969478743470015
"TMEM54",1.31007581769148,3.87715443015538,4.3225450426755,0.000150091900496071,0.00104853145763637,0.827099358163074
"ASNSD1",-0.886585152982826,3.21753425069647,-4.32069903528527,0.000150873308061156,0.00105295825909743,0.840904351669335
"TBC1D8B",-0.692269402503308,3.45411220490724,-4.32051177401651,0.000150952798905278,0.00105295825909743,0.820928227163233
"KLHL42",-0.587214044185189,5.91479670508821,-4.32025686902823,0.000151061070358462,0.00105318505522735,0.715079805460693
"BRCC3",-0.719898775255397,3.21134412913115,-4.31985306194991,0.000151232745159088,0.00105385344521386,0.839338125564542
"KIFC2",0.643725948894805,7.24527855768218,4.31841694708181,0.000151844857126318,0.00105758877944392,0.727580630501607
"PRKRIR",-1.11152355277261,4.34564370008091,-4.31481403071974,0.000153391299645687,0.00106754866362266,0.745320274481513
"VKORC1L1",-0.688661699798421,4.9748690111403,-4.31441999775694,0.000153561366069116,0.00106754866362266,0.71648309449632
"UGT8",-1.15760076316932,6.44211810238386,-4.31433029522209,0.000153600108079501,0.00106754866362266,0.702004393148725
"ARAF",0.586096775909526,4.47454550353079,4.31136081749117,0.000154888065975859,0.00107527966920845,0.741380941131535
"PPID",-0.970903186502072,3.45349822410243,-4.31109556969442,0.000155003629484516,0.00107527966920845,0.795561592470518
"RPS21",0.758621494440041,4.30510585177232,4.30987000283588,0.000155538691490947,0.00107845331127539,0.750368261525045
"NOP58",-0.864930175394941,4.05400401161151,-4.30953413396624,0.000155685644046068,0.00107858330992023,0.748009959665946
"RFXANK",0.637087615983692,3.24296323638159,4.30868699132573,0.000156056902651557,0.00108042981108662,0.825866955823684
"UQCC3",0.898709501658514,1.56657435545765,4.30738269162561,0.000156630217571821,0.00108278134494454,0.930324051124171
"SH3BGRL2",-0.729392457039438,6.15473589505411,-4.30682649604405,0.000156875329041045,0.00108393679141581,0.678861149085762
"CHST7",1.11081421240682,1.96475929590244,4.30613075445595,0.00015718247018828,0.00108498048687064,0.920022448531812
"CNOT3",0.711895226062323,5.55064569158821,4.30374571638784,0.000158239874774265,0.00109155347546232,0.683226770803779
"ATP5G1",0.692466576542318,3.42813389121162,4.30345271336086,0.000158370260394728,0.00109155347546232,0.79808424477836
"RHOBTB2",0.614782186786027,7.29004728723104,4.30056382599512,0.000159661494585852,0.00109990787796457,0.680216146551905
"ARVCF",0.858303447436057,5.19440409926219,4.29974732687207,0.000160028320265887,0.00110085282610678,0.683581235555635
"RNF219",-0.642140245466217,3.48867168124089,-4.29955375177682,0.000160115408889938,0.00110085282610678,0.762211799558209
"SLC6A15",-1.0239211435207,4.5939428562597,-4.29752285546014,0.000161031923169943,0.00110660691839276,0.686117988354012
"NKAIN4",0.901404958717853,4.31930224083861,4.29552489342549,0.000161938623086923,0.00111184046022861,0.713655869054141
"PAWR",-0.733681694034712,4.16888968482373,-4.29549230221446,0.000161953455039774,0.00111184046022861,0.703470615150742
"GPR37L1",1.14452767467076,7.5792269722394,4.29345788611711,0.000162881955419879,0.00111711146731483,0.669123906235526
"TMEM167A",-0.588139839593302,6.06615638511266,-4.29284651845455,0.000163162005916384,0.0011184803778351,0.640861301242538
"RNF26",0.610092145090324,4.41566688938008,4.292652734578,0.000163250871981505,0.00111853800999846,0.694808499509954
"PITPNM1",0.743345247669604,6.40084628858275,4.29209366379829,0.000163507520131336,0.00111963920342806,0.645402507050755
"NR2E1",0.637338546370118,4.13728637970608,4.29151377557196,0.000163774145172029,0.00112046661721533,0.709203254616731
"TAS2R19",-1.11318473859676,1.44866061225955,-4.28819544291854,0.000165308138078001,0.00112984942751247,0.879705572718477
"CARF",-0.625533881747878,4.91342017984316,-4.28553139358856,0.000166549915890135,0.00113610251751946,0.64084316227882
"UBB",0.619243836383855,6.35305977871656,4.28415500346451,0.000167195083663069,0.00113994411627464,0.623148896712169
"SEMA6B",0.897591920547372,8.08418542073153,4.28355374824068,0.000167477688216901,0.00114131118705459,0.654736011774768
"MESDC1",0.771915721476176,4.39909297018933,4.27804236918432,0.000170090213099606,0.00115741269824314,0.659284191260613
"AP5Z1",0.672096068571075,4.65052677120197,4.27735986066089,0.000170416521415202,0.00115793278627279,0.642487439345402
"FEZF2",1.07639846118053,3.72945364518766,4.27577475977545,0.000171176743424996,0.00116139535729346,0.711414800563655
"PNPLA8",-0.605811728858256,5.21983567909755,-4.27549533410721,0.000171311103520529,0.00116173998104507,0.604004769440386
"ATAD5",-0.829144419213173,2.4778378106832,-4.27305739449796,0.000172487790907895,0.00116869277553225,0.780379282146697
"METTL9",-0.603506866931352,4.54744499724383,-4.27220891999771,0.000172899178758692,0.00116998583274646,0.620751217116338
"CMTM6",-0.784995999864157,3.97113058663518,-4.27176220406887,0.000173116160117931,0.00116998583274646,0.651935543972735
"AXL",0.768430149326098,5.6466110884196,4.27099156183162,0.000173491111911218,0.00117084600658299,0.5931967295127
"ZBTB33",-0.876700445877145,4.65232524636616,-4.27098132210757,0.000173496099378576,0.00117084600658299,0.611994201387894
"MMP28",1.23445928159211,3.4978850165449,4.27003167325389,0.000173959260192946,0.00117340205492593,0.716982579884035
"HSD17B4",-0.588864296717412,6.47867286878155,-4.26934208008366,0.000174296350825643,0.00117453604904415,0.579977039468796
"ITPKA",1.06908927433886,3.9699736692062,4.26845604760375,0.000174730411233352,0.00117689058961534,0.670455608767702
"POLD1",0.700910675996018,3.45715636260786,4.26795850398196,0.000174974620952395,0.00117780914916966,0.702191866349637
"FMNL1",0.745826113476906,5.68680362055485,4.26708309199191,0.000175405117079111,0.0011797203375103,0.581687120541056
"RRAS",0.905421262175401,2.90802418107896,4.26573342983769,0.000176070878736775,0.00118362541402255,0.748616980577296
"QKI",-0.807751643329297,7.93950171951439,-4.26543801631347,0.000176216932294713,0.00118369146668038,0.601663869768711
"SSR3",-0.637420726516606,5.60168301037479,-4.26536915397116,0.000176250995254524,0.00118369146668038,0.56916434330632
"SNAPC3",-0.796023844467421,5.62138433429504,-4.26427659300396,0.000176792302862029,0.00118587291130939,0.565928630477044
"CLCN7",0.583572110176648,6.38949632578307,4.26420872178856,0.000176825983553017,0.00118587291130939,0.569098269384626
"TGFB1",0.991034961808621,4.6940342759179,4.26419716714155,0.0001768317181085,0.00118587291130939,0.610220822440521
"PLEKHG5",0.845868427652215,6.58782386310558,4.26394596778849,0.000176956433322309,0.00118613709549023,0.571873857701229
"NCLN",0.64159377595726,4.71484501666816,4.26358827996495,0.000177134167452082,0.00118675623899703,0.601028322028276
"MFSD1",-0.920799015871087,4.02149863295118,-4.26141486825865,0.000178217918716634,0.00119286735965269,0.620756804745174
"NOTCH1",1.01418805549928,7.74576624547388,4.26045260953503,0.000178699824626575,0.00119436777017243,0.583784677086322
"SLC7A10",1.0316810962536,2.4371698088343,4.25980944852423,0.000179022639983475,0.00119595038012988,0.775781095178926
"UBE2F",-0.63020138923106,3.91303913283239,-4.25940227050998,0.000179227307787996,0.00119674257102244,0.623038681306073
"TMEM30A",-0.757893975460157,7.07086141691286,-4.25872545473101,0.000179568019201438,0.00119844196012404,0.561358022506122
"MTA1",0.73181167183154,6.24012697875217,4.25844791524939,0.000179707918010423,0.00119880013252443,0.554255024757449
"LMAN1",-0.737704447079362,5.28103175341062,-4.25822516590702,0.000179820276550416,0.00119897433314335,0.5557557581421
"ADAMTS13",0.678134378427665,4.26907597362419,4.25496679857603,0.000181471787139342,0.00120824750230418,0.603797614184103
"KIAA1211L",0.842051980286091,6.38527696439168,4.25019636328442,0.000183916686655664,0.00121982514320959,0.53349459653318
"KXD1",0.734222729867749,4.2964429405904,4.25008585938688,0.000183973704027245,0.00121982514320959,0.589437533061078
"VEGFB",1.01648194435827,5.53839778123353,4.24828805591078,0.000184903778115888,0.00122522989674312,0.537035011374348
"DESI2",-0.685239785574015,3.93065389756954,-4.24781502492604,0.000185149264437196,0.00122627206965503,0.590826283302389
"RPS24",0.646200944713911,5.6359815388529,4.2467827591285,0.000185686089366371,0.00122811400852125,0.526831597724939
"EFEMP2",0.913106003373054,4.58660569430494,4.24660107157574,0.000185780733701639,0.00122811400852125,0.56650006402525
"CYB561D2",0.862534690123074,1.96520765563135,4.24618202399535,0.000185999204440452,0.00122838999531172,0.764883614103724
"FAM169A",-0.677926274915229,5.72562513137652,-4.24589059356882,0.000186151291104133,0.00122881065951076,0.515360193540646
"UBE3D",-0.762754999855951,3.23915723078602,-4.24569259931758,0.000186254686805405,0.00122890966111473,0.639158541420603
"NTNG2",0.707109901172262,6.64647507644625,4.24497542487371,0.00018662968043087,0.00123021612961117,0.520263317842825
"CDC123",-0.617483971580956,4.19135686254045,-4.24286442873815,0.000187737793029747,0.00123692276634335,0.561241494992875
"ZDHHC1",0.804702031901846,3.05354985260339,4.24269870701389,0.000187825058247073,0.00123692276634335,0.672042331626008
"LRRC8B",-0.913412608880045,6.28411132523766,-4.24162908781334,0.000188389257039622,0.00124005087659319,0.503887699916724
"ZNF580",0.763963911828638,4.43165020169312,4.24007711043987,0.000189210858340675,0.00124486954692478,0.555292849949224
"LIPA",-1.01148113648691,5.5471447766427,-4.23949864208492,0.000189517995909305,0.00124595966010669,0.500394163436972
"WBP1",0.910206162759094,4.63420766715187,4.23942751186234,0.000189555796369274,0.00124595966010669,0.544851586426544
"INPP1",-0.739344137034739,4.03808951799772,-4.23883034643067,0.000189873438759452,0.00124686846746996,0.559571692162872
"CDADC1",-0.6791275183867,2.94363923857669,-4.23731885870687,0.00019067976975998,0.00125157231312712,0.644083817285031
"HSP90AA1",-1.0180461130123,9.53884225055711,-4.23689691704274,0.000190905463946827,0.00125246236894233,0.582547328417236
"CMTR2",-0.716723138227373,3.26837394591865,-4.23657759870608,0.000191076440413826,0.00125292042502591,0.612694156636874
"SHISA7",0.614159035484554,7.0170000568966,4.23638859475792,0.000191177712132281,0.00125292042502591,0.502120142092455
"MPHOSPH6",-0.76609185385187,2.86768743846622,-4.23515488656297,0.000191840055363414,0.00125622253870098,0.645177244766407
"RNF170",-0.607652753218226,3.94310380739652,-4.23418062509794,0.000192364705833121,0.00125847253670214,0.553716598507757
"KDM7A",-0.597668728199358,5.38122687634172,-4.23196664132499,0.000193562221254893,0.00126452161648756,0.482932118683298
"ZNF316",0.68650203226313,6.17259709201481,4.23159363141604,0.000193764699038612,0.00126524981025589,0.481552609384432
"KIAA1586",-1.51623252375929,3.36372761120668,-4.23126301120243,0.000193944341183029,0.00126582827752417,0.594269641600683
"UGCG",-1.04306939096285,4.38439165117798,-4.2307505526959,0.000194223109212608,0.00126645856673249,0.517157704795642
"TOM1L2",0.612837611014218,8.46128829971373,4.23031372478012,0.000194461047152324,0.00126741560127126,0.522532305774975
"FGD1",0.746152106206447,4.7323643741029,4.2299200026592,0.000194675751576979,0.00126764734502461,0.511675140431105
"VASN",1.01083179603148,3.6703494989228,4.22991409864799,0.00019467897292674,0.00126764734502461,0.590682327646533
"GPR89B",-1.17113942369859,1.73536991887467,-4.2275776556096,0.000195957914392343,0.0012747809667208,0.714225288366635
"ZNF566",-0.773014752813276,3.1962637181664,-4.22698591556528,0.000196283137039757,0.00127629942522297,0.593466178780007
"OSBPL1A",-0.615143109965818,6.93220516877496,-4.22541663159366,0.000197148198122898,0.00128132503520548,0.46871579691778
"SRCAP",0.682332423474451,7.93780653096376,4.22483727496486,0.000197468514063034,0.00128280714135715,0.492415312013827
"ORC5",-0.760472188033827,3.49382688405188,-4.22451299673782,0.000197648025377754,0.00128337358654906,0.561112491212215
"SELK",-0.609116871602173,3.47207722171656,-4.22417600481825,0.000197834744922061,0.00128373044704637,0.562403767634284
"ZNHIT2",0.862278222673471,1.73712315351455,4.22408054770482,0.000197887667099724,0.00128373044704637,0.714718025618843
"ZNF624",-0.740453533189282,3.55263304128857,-4.22358756396614,0.000198161203189223,0.00128430631549491,0.55402890502203
"GGA1",0.700912839752592,5.64013288414814,4.22103912988262,0.000199581171422041,0.00129170272118678,0.458451767035984
"ETHE1",0.857348424990325,2.1588901051058,4.21959620456501,0.000200389596435251,0.00129633139583195,0.683545899286965
"SMNDC1",-0.671898974834617,3.60523830753002,-4.21924497536224,0.000200586866432774,0.00129700400797601,0.538311828870897
"KLHL9",-0.721821539057629,4.86766710725276,-4.21856021246358,0.000200972017652172,0.00129856156874662,0.462255555782009
"WSB1",-0.756062617945992,7.07050703699172,-4.21848464482885,0.000201014565957613,0.00129856156874662,0.453112485834313
"ENDOG",0.692943373342609,3.11626353099233,4.21789718779973,0.000201345635889427,0.00130009615891073,0.599075849551761
"DCAF13",-0.695345425334801,3.2026297875069,-4.21709094883184,0.00020180087781696,0.00130095716887103,0.566644702273196
"GNB4",-0.691572885118242,4.96853419879224,-4.21707156642787,0.000201811834536199,0.00130095716887103,0.454526543070765
"SHC2",0.712019754917494,6.23804365903566,4.21707068474397,0.000201812332959043,0.00130095716887103,0.442526249277274
"PLTP",0.932389719459344,5.70526858617454,4.21699821886156,0.000201853302636657,0.00130095716887103,0.449394318735015
"SMIM13",-0.705049955684113,5.57920643133212,-4.21434180738902,0.000203360810684813,0.00131006579709929,0.432051941741311
"SMC5",-0.604940738290476,5.31721190285937,-4.21384870806937,0.00020364186089346,0.00131126871243209,0.43572040276927
"DDX10",-0.593024735966033,4.49705456334677,-4.21362989611869,0.000203766698902325,0.00131146511487969,0.466170415966864
"ACSL4",-0.999425337148565,5.39398744648672,-4.21266626742397,0.000204317371791314,0.00131318543811504,0.430792166935852
"KIAA1456",-0.852945135684491,4.3852249124613,-4.21169203120423,0.000204875595917567,0.00131616475713771,0.466087120552781
"SELPLG",0.904514668831937,3.57818544125316,4.21120515840582,0.000205155129881748,0.00131735178550396,0.545006097610996
"ATP8A1",-0.700208083379319,8.42602113254624,-4.21084080687355,0.000205364564904919,0.0013180878030047,0.469510210514631
"SRPK2",-0.585263280477611,6.68296959744772,-4.20982247924531,0.00020595103270787,0.00132124192741339,0.422423161390445
"TOX2",0.831608444925163,2.74540847287448,4.20918394594097,0.000206319612940847,0.00132299596822124,0.611219069493242
"DCK",-0.832665934913499,3.77040867596088,-4.20751508333652,0.000207285999062831,0.00132796772302833,0.493964394726468
"CACNA1B",0.817445119175708,7.04329011518804,4.20643471583983,0.000207913980860155,0.00133137732009114,0.42309589251904
"ATP13A1",0.66036915132382,5.73047518695587,4.20530930987052,0.000208570133715005,0.00133434974639024,0.414302903828241
"AGTPBP1",-0.951961383126474,7.40810295280738,-4.20511555248162,0.00020868330687633,0.0013344596744226,0.42550743164022
"SURF2",0.832659101645872,2.09558207670982,4.20318303151713,0.00020981540067267,0.0013398501149065,0.645162873490191
"FBXO6",0.848002201925591,1.81973459663583,4.20205897486806,0.000210476665159017,0.00134345573876982,0.656721046909241
"TCAIM",-0.717365262202571,4.23853883927549,-4.20167421721599,0.000210703482870357,0.00134389742123138,0.447849234292936
"KMT2B",0.678639405452255,6.48258305142468,4.20161366391753,0.000210739201430328,0.00134389742123138,0.402028768203778
"PLS3",-0.673485824175031,5.24350129018156,-4.19986520875877,0.000211773136937439,0.00134987168716382,0.399836753305006
"S100A16",0.892862461280243,3.84036951165366,4.19845574295971,0.000212610247292191,0.00135334599718683,0.487899773516808
"JUND",0.862920854843734,6.50734733101426,4.19784497821501,0.000212974003577451,0.00135504100582779,0.393406369768569
"NUBP2",0.729178503673622,3.62822847911676,4.19709194716054,0.000213423333453937,0.00135727867414301,0.497615938098385
"SLC16A7",-1.34799752971751,2.52150016448552,-4.1968919783832,0.000213542810535058,0.00135741753637786,0.577839713143251
"TAS2R20",-1.2857722191503,1.01413063354374,-4.1949224333385,0.000214723094640525,0.00136429637188875,0.645368339543699
"AGPAT1",0.676485470942237,6.3533002799259,4.19360997864487,0.000215513168431017,0.00136869075720785,0.379677240546758
"TMUB1",0.815348973198383,3.98747570310361,4.19281519824216,0.000215993001944741,0.00137111174111223,0.46059513041343
"C6orf203",-0.590924580636105,2.68636381334279,-4.19057482692245,0.0002173512498746,0.00137881044460108,0.545188335263397
"FKBP5",-0.671372680968264,6.51766108308061,-4.19040711598384,0.000217453263852528,0.00137881044460108,0.368098402520106
"C4orf3",-0.980693225455287,6.13370973905611,-4.19029317751952,0.00021752259638408,0.00137881044460108,0.365319475082401
"HECTD2",-0.732894595578967,4.86139499163488,-4.19016189229831,0.000217602511541849,0.00137881044460108,0.386287410192772
"OPA1",-0.673583193276539,6.31825011261816,-4.18964950465224,0.000217914685637898,0.00138015943496039,0.364102870331602
"CCT6A",-0.629966809556852,4.74645943369472,-4.18939796267476,0.000218068099784326,0.00138050215082045,0.389144210905377
"MDH2",0.630252737531351,5.71190144140834,4.18894868867491,0.000218342374167958,0.0013811765117255,0.370360678048264
"ANGEL2",-0.684968639124287,5.5934289554444,-4.18758165262436,0.000219179016911365,0.0013856419704874,0.36000322975307
"EFCC1",0.891915992307261,2.08652665984144,4.18659974367218,0.00021978190321843,0.00138819083077811,0.603991371700509
"FAM69A",-0.945667205869016,4.44766492472969,-4.18526113551565,0.000220606430288732,0.0013921337239555,0.391930753561
"SLC15A4",-0.580180573136374,3.73211961985109,-4.18288194748781,0.000222079430843611,0.00140079321578398,0.432068285574283
"KDM8",0.729254483022402,2.73484022806918,4.18249402044772,0.000222320519748981,0.00140167794356024,0.541641871036107
"SGSH",0.630577895377904,3.72481815731357,4.1805413889212,0.000223537957251512,0.00140807643031741,0.444195275893676
"CBX3",-0.770207009955762,4.14703965047352,-4.17976652851793,0.000224022887449155,0.00141049192994482,0.39461197430686
"MLLT1",0.792724880530482,7.28411703012556,4.1763665788356,0.000226162938282288,0.00142267745158388,0.346773880441084
"RBBP9",-0.58683663180505,2.90630074306712,-4.17561588620761,0.000226638155178639,0.00142378001332638,0.484813922132909
"HSPBP1",0.596642325903566,4.81622422595826,4.17560436073739,0.000226645458890179,0.00142378001332638,0.359831698207273
"SIGMAR1",0.667450130608907,3.49501316023548,4.17339783411729,0.000228048013152677,0.00143052064727437,0.445118577457105
"PEX5L",-0.594680553558525,7.87353905488788,-4.17326914964514,0.000228130073011601,0.00143052064727437,0.352235871423435
"NAPG",-1.022269441559,5.85059834690802,-4.17239041453806,0.000228691204156426,0.00143339275030777,0.317397330027087
"PPP1CB",-0.671871797588464,7.14740577940782,-4.1699751787316,0.000230240497927659,0.00144180333431996,0.324611620158682
"ZNF365",-0.595586751564674,6.00882040353844,-4.16935575665315,0.000230639497381074,0.0014436516400683,0.308527166093415
"PACSIN1",0.81187217219727,8.49020164325437,4.16881126514518,0.000230990792154098,0.00144519981661848,0.359401135029771
"PDE8A",-0.748252629036126,6.54322989441575,-4.16794046222029,0.000231553710690022,0.00144807003419374,0.308216941882827
"MPHOSPH9",-0.645246309051625,5.52525762323435,-4.16765542426936,0.000231738262520482,0.00144857253847111,0.307567730393139
"ZNF581",0.771649820813518,2.16250270869519,4.16679832921248,0.000232294072866775,0.00145074222865854,0.54775963966751
"ANO8",0.764710195329822,5.77293632142822,4.16590336227317,0.000232875841910163,0.00145372247608221,0.309375815492799
"MESP1",1.00034087851231,1.76833502383781,4.16427426177107,0.000233938512071026,0.00145949337159052,0.562538766747394
"AKT1",0.60576575431419,6.42758093619399,4.16416452284677,0.000234010266528217,0.00145949337159052,0.300567723499132
"ALYREF",0.824373782136183,2.56049935549807,4.16384731258257,0.000234217801011798,0.00146013267698028,0.51205993982334
"CHORDC1",-1.4663313157018,5.42920403310271,-4.16134516481485,0.000235861186925027,0.00146774495104374,0.294317457554638
"TARS",-0.657535489631114,4.54068524564394,-4.1605945982151,0.000236356359155583,0.00147016827963352,0.321769712430108
"UTP11L",-0.717789723349309,2.8175269451467,-4.15903831034881,0.00023738635106862,0.00147591460311089,0.44929243853144
"ZNF267",-0.93002473009741,2.55089974508428,-4.15838969028083,0.000237816926902744,0.00147764510732613,0.47256218398516
"SPSB3",0.668339292133114,4.19474199202022,4.15815403336362,0.000237973554046507,0.00147764510732613,0.349220918294279
"DERA",-0.599148168666353,2.38698256422152,-4.15812245199945,0.000237994552009325,0.00147764510732613,0.487721448067224
"ANKRD13B",0.634773036992757,5.23607680774904,4.15797916218144,0.000238089846094844,0.00147764510732613,0.298019650399227
"SLC25A22",1.05225863655078,6.36343127632738,4.15559684310549,0.000239679703316074,0.001486848387104,0.281262222053131
"SELENBP1",0.778286946049024,4.71274841374321,4.15514714040091,0.000239980984806703,0.00148805336787814,0.313472624150054
"PSMD6",-0.703350055943524,4.67023042652368,-4.15426045692633,0.000240576116158297,0.00149035119586548,0.298415148223844
"ETAA1",-0.687185406479712,3.14871619505888,-4.1523980557298,0.00024183086728397,0.00149552167125523,0.400551195287635
"DNA2",-0.823294709940012,3.13262236791509,-4.15214628317938,0.000242000986448347,0.0014959082763917,0.400893979096678
"PLEKHM2",0.621321533897478,7.45738972745656,4.14714424399131,0.000245405291179676,0.00151396514160556,0.271871072796511
"TAS2R31",-0.862330143182848,1.61611149339525,-4.14705470872801,0.00024546665437915,0.00151396514160556,0.513676712399744
"ZFAND1",-0.764849767696623,3.44875821896452,-4.14683578647775,0.000245616756798214,0.00151421913658926,0.358429527394159
"TLR10",-1.75407510174995,0.464016393138425,-4.14611790381472,0.000246109601197575,0.00151658496269889,0.504073721759193
"SARDH",1.13570055972841,2.53280162519513,4.14586520934264,0.000246283313536546,0.00151698299724637,0.473701810494434
"LENG9",0.973503169069291,1.01594983190659,4.1446238650972,0.000247138415724094,0.00152022931654706,0.514787260839222
"NUDT18",0.627910233980467,2.94739910340739,4.14368992611001,0.000247783684863582,0.00152352445244295,0.41612389646289
"DMPK",0.688857400144441,5.49109774922252,4.14349944265154,0.000247915495295147,0.00152366101485107,0.253166168482178
"ANLN",-1.18790358501606,7.21237240882483,-4.14233379262792,0.000248723602883089,0.00152727717636074,0.253112547213168
"KIAA0408",-0.821601932552799,4.56700568972708,-4.1419052532437,0.000249021346016802,0.00152843035422763,0.270024167390441
"SERINC1",-0.72462793485928,8.33405710349428,-4.14003615173151,0.00025032407381824,0.0015337176175501,0.277430800263354
"AKIRIN1",-0.665175073353204,5.4585005268887,-4.13870925151546,0.000251252961895361,0.00153873069439176,0.231155612404408
"CDKN2D",0.759141509598339,4.50290957553063,4.13786659068205,0.000251844619646441,0.0015409964358824,0.278714219960699
"SLC25A42",0.581916416089815,5.19980163420247,4.13676112433475,0.00025262287852364,0.00154482615382721,0.241786147592009
"COPS2",-0.780966130610246,5.30761178086985,-4.13666203380226,0.000252692754553522,0.00154482615382721,0.228820532593086
"CANX",-0.848769920393548,7.83406689403458,-4.13497170647336,0.000253887659377661,0.00155095394908534,0.2491928784025
"SETD1A",0.646595043815204,5.56670147153261,4.1346138341855,0.0002541413534755,0.00155095394908534,0.227109784808563
"CLHC1",-0.758397821324983,3.1445374679888,-4.1308728255909,0.000256808300378212,0.0015651683436466,0.343525974341023
"RNF166",0.826970255132198,4.22938581669818,4.13070059219305,0.000256931744896346,0.00156523449498203,0.277821778273666
"MMGT1",-0.582808522575142,4.71651272811832,-4.12968883910327,0.000257658075262047,0.00156897177498598,0.231001551371746
"EIF5A2",-0.810124171325694,2.84139594663999,-4.12913494351859,0.000258056567443249,0.00157071033301053,0.3680292194281
"APC2",0.687145101667334,9.14055253458203,4.12537975950538,0.00026077419992156,0.00158378459034929,0.26727757553196
"HRAS",0.640722847864053,4.41625989491188,4.12454206858232,0.000261384264574016,0.0015867965266847,0.245167679655769
"MED22",0.789855298326111,4.98065892453358,4.12241996950642,0.000262936008545255,0.00159517530191979,0.215246031101096
"PPA1",-0.848393228926892,5.02630516921964,-4.12231689252041,0.000263011611709406,0.00159517530191979,0.198678390944689
"ROCK2",-0.689916632494302,7.13165919078253,-4.12184121627787,0.000263360779530784,0.00159600765345988,0.195534124237936
"LIN9",-0.894990503275807,0.863425574526458,-4.12139315331436,0.000263690094575884,0.00159730705655509,0.459772742174694
"LYRM5",-0.807756633995192,3.60923100176578,-4.12023007865769,0.000264546814999174,0.00160179870301329,0.274422104147178
"ALG8",-0.593816997683413,3.06477867557611,-4.11980039160032,0.000264864013777235,0.00160302112300005,0.322650595967411
"FAM195A",0.879377867777783,3.85660446400586,4.11912096134142,0.000265366338050204,0.00160430316898084,0.276778702147477
"GNAQ",-0.607325437676477,7.98460573794039,-4.11904568963512,0.000265422046371453,0.00160430316898084,0.210675476197399
"RP11-162P23.2",1.03693949607291,1.68794343682653,4.11887722847351,0.000265546765519884,0.00160435946730006,0.451420273045316
"SEPSECS",-0.755046201451087,3.59924962271598,-4.11852813520563,0.00026580539784075,0.00160522443126938,0.270780660521406
"GLCE",-0.5953129805074,4.13467183858604,-4.11833818241875,0.000265946231910379,0.00160537755797572,0.232156120176882
"TMEM121",1.56279275688691,2.31684998578298,4.11811701226852,0.00026611030342968,0.0016056707631421,0.42730278514959
"TMEM134",0.608839292169161,3.48390119086846,4.1169393534575,0.000266985606902758,0.00160955503346147,0.295566125121093
"C18orf32",-0.661454696888388,4.57442493815427,-4.11570810039213,0.000267903769744141,0.00161439020675468,0.200095744276373
"C9orf85",-0.711770575838648,3.51546613578835,-4.11482878284432,0.000268561387656168,0.00161765182460834,0.268219808298269
"SGSM3",0.600532784093867,5.59264852693688,4.11312505773875,0.000269840074672369,0.00162464994287366,0.169009944724228
"MFSD13A",0.658377591693338,4.14108866372755,4.11205745641988,0.000270644381962484,0.00162878709871968,0.230613096614849
"TAF1B",-0.603522552866046,3.40052350478802,-4.11062619728155,0.000271726357639457,0.00163388400687877,0.26729477848941
"TMED2",-0.838788022229885,4.44079632574162,-4.10964110392887,0.000272473517403686,0.00163723991907598,0.190483078774348
"ERI2",-0.852877363276496,3.05113409227974,-4.10957989406379,0.000272520009548398,0.00163723991907598,0.29615687358817
"KCNJ2",-0.729674829860746,5.24970386830558,-4.10683350465589,0.000274614077326617,0.00164839589939319,0.150581873471185
"SLC39A13",0.734824283403699,4.44998510084524,4.10376895413963,0.000276969400144432,0.00166109948266087,0.190602313768085
"RPL38",0.602221105497333,5.00069365260896,4.10235777147306,0.000278060655512209,0.00166692506810294,0.156801035573546
"ORC3",-0.608664881211779,4.48941250584453,-4.10215367241419,0.000278218832740816,0.00166715440205294,0.168831967512895
"CDK6",-1.06526262400501,6.17509621313895,-4.10114583441842,0.000279001206193793,0.00167040257041607,0.127056667259632
"C4orf27",-0.74007430282171,2.55502771575443,-4.1008551903427,0.000279227231164776,0.00167054461304309,0.322097068954001
"ABCC8",0.815492807980196,5.79595387930214,4.10080630867188,0.000279265262603377,0.00167054461304309,0.135656878205725
"FANCF",-0.72135849565839,2.47234256004648,-4.10041323893715,0.000279571267924796,0.00167165581363033,0.328984190141771
"CBX5",-0.580605300913457,8.25546615020014,-4.10009010760519,0.000279823072751514,0.00167244211409783,0.168346955925674
"UBE2W",-1.01167296531184,5.3635392517544,-4.098749302477,0.000280870296886531,0.00167725896362395,0.126499137470266
"ICK",-0.722186271835107,4.98753345028984,-4.09754812213123,0.000281811736755026,0.00168215833592459,0.133989276063284
"INPP5E",0.613212754693106,4.82974392835291,4.09654826519476,0.000282597750079692,0.00168612614661283,0.149207208880047
"FAM126B",-0.871055727375315,5.57625583908583,-4.09544908500547,0.000283464328759335,0.00168890842839,0.113712634285738
"CUL2",-0.647528616207084,4.53346470581488,-4.09512285769299,0.000283722023799592,0.00168890842839,0.147451457453498
"PPHLN1",-0.602144599798715,4.6212953927558,-4.09496282324038,0.000283848523087005,0.00168890842839,0.142956525111161
"FURIN",0.782630839501501,6.16269022310687,4.0948794182667,0.000283914472532544,0.00168890842839,0.115965593034787
"REEP5",-0.796878200536396,6.6274031234373,-4.09335728025548,0.000285120694543274,0.00169463355944446,0.109978148796368
"ZNF425",0.607224899239056,2.71428682847654,4.09218985959654,0.000286049228898368,0.00169869986336826,0.303706787824255
"MTHFD2L",-0.616906611936223,3.55801034350056,-4.09189494914814,0.000286284262040288,0.00169936968867809,0.20424703152822
"FAM98C",0.67859691420196,3.93686527112851,4.09160653372882,0.000286514302305353,0.00170000931739181,0.19138598898039
"IFRD1",-0.690762524899339,5.03392930690184,-4.09143288794686,0.000286652889795373,0.0017001060042386,0.116156625239583
"FAM111A",-0.711854582800147,4.00420819443485,-4.08987350628931,0.000287900393132924,0.00170676284378824,0.164608128746731
"RGS9BP",0.986778314299265,1.72110867355866,4.08972330661714,0.000288020833802848,0.00170676284378824,0.373978895564157
"ZNF234",-0.589412324283684,4.01776488628632,-4.08914820066235,0.00028848245184213,0.001708769938436,0.162250585790894
"CITED4",1.45568263700294,1.63371935847467,4.08885238903884,0.00028872017267863,0.00170944967656657,0.379337494876584
"ALDOA",0.639576024069028,7.88492630856315,4.08833746604035,0.000289134435269078,0.00171063945287129,0.126168100628377
"ZBED6",-0.859071808802231,5.80180689636032,-4.08829674404086,0.000289167221568662,0.00171063945287129,0.0924778138424491
"ALDH4A1",1.08282631420509,5.747004821242,4.08623997777094,0.000290827932863469,0.00171827026037737,0.100159144848857
"RLIM",-0.752412430817908,6.61379187609089,-4.08541000118642,0.000291500736530855,0.00172078269182673,0.0885416951878337
"5-Sep",0.602971497566745,7.41022395797043,4.08509856173352,0.000291753592748439,0.00172154433208353,0.105241981703461
"RPL13A",0.950871375783369,6.96502430713011,4.0848721675818,0.000291937536259078,0.00172189886681107,0.0972250080575314
"HIST2H2AB",1.09902003460506,2.32056308394572,4.08382468002912,0.0002927900952536,0.00172546329131647,0.33195003103924
"SEPN1",0.906158681612412,7.1527562195296,4.08359879194151,0.000292974267671675,0.00172581706320832,0.0968892078500998
"AGFG2",0.634568022476775,5.59389625691402,4.08287866421812,0.000293562166171168,0.00172781593315478,0.0885706715741144
"PXMP2",0.784906507821333,2.55560961461319,4.08043660808534,0.000295564451299354,0.00173882925853281,0.292326794004516
"ATL3",-0.716151402716734,5.67467607113101,-4.07958436118675,0.000296266375060524,0.00174152014633886,0.0701811228116869
"FASTK",0.645970119623753,5.00502151803,4.0777546669525,0.000297778872815751,0.00174786545721754,0.0916383965262444
"DNAL4",0.682563033974677,4.09697378404394,4.07767036071286,0.000297848746090372,0.00174786545721754,0.142792384226915
"C11orf57",-0.718041502276483,3.271666070995,-4.07611749707398,0.00029913864686621,0.00175374065828848,0.187363570605495
"BRMS1L",-0.721120381886905,2.7006665077308,-4.07595607350817,0.000299273049130118,0.00175374065828848,0.242784906095641
"PGRMC2",-0.633971739125779,4.21461910832356,-4.07585111607711,0.000299360469141606,0.00175374065828848,0.114271242573381
"SLC15A3",0.77182258985641,3.5820894931471,4.07552095496625,0.000299635626868129,0.00175390925672452,0.181615249702027
"ACTR3",-0.687978437057838,6.24253162760691,-4.07489506858763,0.00030015792497613,0.00175622705093357,0.0566674921217967
"ARF1",1.2124996011739,6.63910962020298,4.07459487733052,0.000300408749661366,0.00175695516945407,0.0680647881691518
"ARL2",0.59464396529477,4.52692841022061,4.0727157469189,0.000301983538212449,0.00176468060034866,0.100145510488716
"ABCD1",0.852219432948992,3.25499574842821,4.07147438415052,0.000303028293278728,0.00177004173662221,0.203852591888007
"PLA2G6",0.589858001882347,5.29071377654594,4.07102963141822,0.000303403468487433,0.00177074518006394,0.0641972450054595
"SGK223",0.723926235293415,4.58813652874291,4.070629329362,0.000303741536781494,0.00177197433669171,0.0940472289159908
"SGCE",-0.590500676731538,3.98457222243194,-4.07027905511488,0.000304037658256344,0.00177295785447974,0.114568683981676
"SLC38A6",-0.721847567242313,3.38851169976501,-4.06976152289217,0.000304475698174455,0.00177476778030242,0.160075305623137
"TTYH3",0.787746015936687,6.62830948852947,4.06869494619643,0.000305380404815524,0.00177918553811356,0.0485595160177601
"SLC27A5",0.76474742655505,2.66513730548999,4.06846359721478,0.000305576990861536,0.00177918553811356,0.251906976560556
"TMEM132A",0.896320840135627,6.32496294370575,4.0682996111534,0.000305716411291239,0.00177918553811356,0.0465963270487402
"PRIM1",-0.755402206016844,2.11292958954661,-4.06811492831444,0.000305873502811927,0.00177918553811356,0.27774643192928
"RAB3GAP2",-0.683399007300783,5.58346673873916,-4.06576259109037,0.000307881349622535,0.00178936727527278,0.0344792254747599
"DYNC1LI2",-1.0375495988576,8.69618850208405,-4.0654222352501,0.000308172930942358,0.00178970201672877,0.0921103323005044
"TMEM201",0.687870343117004,5.12074814427412,4.06358372264647,0.000309752668812987,0.00179798814272991,0.0502321996034141
"LRRC8A",0.836299438352352,7.64114320431621,4.062963209869,0.000310287634822041,0.001800341694197,0.0525672050382013
"DBP",0.614309101055014,4.10482223606834,4.06192960840656,0.000311180753070461,0.00180378163066609,0.0998746572275868
"CNIH4",-0.865089092349279,3.78026554498002,-4.0617112294901,0.000311369773331227,0.00180378163066609,0.105895837724303
"ZNF423",1.14750227792365,5.82965826057758,4.06061979074982,0.000312316170301069,0.00180683287537472,0.0316128122433179
"PIGB",-0.866859192114885,1.91952349482496,-4.06010112106113,0.000312766902718343,0.00180868780432213,0.272555400968634
"UBXN11",0.690659764376714,4.81639928368515,4.05985746807476,0.000312978861459689,0.00180916096965181,0.0531646282202107
"TIMM9",-0.597494705442506,1.82469200370422,-4.05958401788578,0.000313216909281517,0.00180978448579869,0.278933614745788
"PRKAA2",-0.757955981828011,4.5307263457497,-4.0593677537165,0.000313405300522604,0.00181012068461373,0.0522886287889266
"UBA52",0.807445534599714,6.24439867755885,4.05674215199953,0.000315701394077464,0.00182262490883094,0.0146533786269547
"TMEM63B",0.591723457184262,5.81712036653971,4.0552762831295,0.000316990471380887,0.00182930740271361,0.0114371072718003
"IDH3A",-0.609532659720657,5.61661324666402,-4.0545477049362,0.00031763309932084,0.00183202329178478,0.00424873436975037
"GBAS",-0.64397171479145,4.84919774358645,-4.05444402137573,0.000317724655193002,0.00183202329178478,0.0247752319938508
"NDUFB5",-0.652048637021092,4.435456604424,-4.05360525468323,0.000318466265483654,0.0018355381520538,0.0423744107230899
"PAG1",-0.590445366423168,5.46779143988928,-4.05317003765157,0.000318851739305015,0.001836596314464,0.00297597503253222
"C19orf68",0.916183555472088,4.76586628031423,4.05189532159053,0.000319983397531045,0.00184199138404828,0.0377559784888835
"RHBDL3",1.00575216024955,4.9158997601852,4.05163182831302,0.000320217810720479,0.00184257781648845,0.0313251808438739
"SLC8A2",0.845760002800216,6.50399517638127,4.05143648266705,0.000320391706057436,0.00184281567960714,0.00234962006889194
"LGALS8",-0.966603807441849,4.9568976697964,-4.05092707455562,0.000320845613595238,0.00184466324243217,0.0110136904505502
"MRPL54",0.81845490870111,1.87536737932345,4.05046960035819,0.000321253783183049,0.00184624642158361,0.26761209821596
"RARA",0.610925954182224,4.47297112480404,4.0503063595603,0.000321399553886099,0.00184632090831593,0.0446810305310894
"NEMP2",-0.747550088036615,2.433500856095,-4.04981792144678,0.00032183610687036,0.00184806507960006,0.200902917356613
"GTF3C5",0.628679320121477,4.8427285922945,4.04811356600095,0.000323363976109153,0.00185530581752763,0.0213149435376625
"SH2B2",0.919848203609435,2.60102586958117,4.04772104484731,0.000323716858577819,0.00185656426070496,0.206619659420213
"RSG1",0.87895038567683,3.15144247515101,4.04632565079095,0.000324974400573421,0.00186197333976099,0.147716775032674
"ANKRD49",-0.915819758756553,2.51214827339104,-4.0462288554909,0.000325061810933673,0.00186197333976099,0.183652871520058
"LRRC63",-1.27158682386992,1.96381305477439,-4.04469515416768,0.000326449891946659,0.00186915420009985,0.229557686088141
"IPCEF1",-1.00581768222293,2.90711057581508,-4.04453536769366,0.000326594841214891,0.00186921427853825,0.139648415181663
"RAB28",-0.609612433543084,3.73720646569548,-4.04419914408204,0.000326900050532102,0.00186954774660775,0.0638486715876025
"FBXO3",-0.658762114373028,5.31862895880901,-4.04417490255998,0.000326922066753232,0.00186954774660775,-0.017899315632711
"GPR162",0.668306859724784,6.01397619918458,4.04356657362287,0.00032747502937839,0.0018714419961415,-0.0209771347402832
"GNAI2",0.677345608358142,7.17046055783371,4.04351435092123,0.00032752254183659,0.0018714419961415,-0.0102919016157612
"NR1D2",-0.742244800930503,6.0449568046157,-4.04092615519328,0.000329885786260565,0.00188187793458072,-0.0343684031772256
"SGCB",-0.801720077411811,5.75203219168567,-4.0405665335965,0.000330215472362508,0.00188295959671189,-0.0343140594539202
"ELFN1",0.99773486415859,2.04461038248522,4.03972364227927,0.000330989467076878,0.00188659925022663,0.230351732878222
"HDAC5",0.585902658778248,7.22980508133616,4.03951729317105,0.000331179220525798,0.00188690718186461,-0.0200399787365209
"TOMM7",0.787462113913033,3.68398200157949,4.03924064782476,0.000331433784063334,0.00188720845006646,0.0772674743513555
"CYP11A1",1.4909083406711,0.977143639146261,4.03916481315625,0.000331503599126909,0.00188720845006646,0.251011762727718
"GTF2H2",-0.661293995082479,4.69269204576413,-4.03823149392385,0.000332364015506537,0.00189055832388375,-0.0114841433417556
"2-Mar",0.867236603489756,5.05526681128737,4.03752423921577,0.000333017484124915,0.00189313847905144,-0.0139548765850277
"LIMK1",0.676517708998566,6.09550833902409,4.03735505345715,0.000333173990151316,0.00189313847905144,-0.0379420037517004
"TERF1",-0.667071234424353,4.52408150458136,-4.03729869121051,0.000333226144312968,0.00189313847905144,-0.0055281803305931
"GPSM1",0.699575957872259,5.61321842407291,4.03699831938262,0.000333504225040554,0.00189394433681118,-0.0331624294336406
"ZC3H7B",0.598502001305257,8.12202894012996,4.03680024451771,0.000333687724962448,0.00189421263880276,-0.00383933195028341
"EPHB3",0.769044033275461,3.11942344907171,4.03538554300711,0.000335001211114262,0.00190089258649407,0.123140242069694
"RAP2A",-0.605257765681063,6.65076243473859,-4.0326757217194,0.000337531332137128,0.0019144678006407,-0.0513453649541242
"TWISTNB",-0.763177446834578,2.95524234901137,-4.03237884568312,0.000337809657496517,0.00191526503202144,0.103203266491542
"RPS6KA4",0.706608580844663,4.3708829481378,4.03192602817688,0.000338234613667923,0.00191611149112122,0.00293872703138387
"PLCL1",-0.788153526532165,6.88905425154801,-4.03144288592598,0.000338688606873648,0.00191790183819041,-0.0502721038623779
"MRPS22",-0.64384565696388,3.52263800335452,-4.02751193853614,0.000342404670796825,0.00193736659886751,0.0373874432665122
"MKLN1",-0.61860144660919,7.54573859842074,-4.02655262709805,0.0003433175941083,0.00194095209162,-0.0476170661317514
"EVC",0.920275804986008,4.5237277873407,4.02485749970806,0.000344936591231563,0.00194931239483788,-0.0199093765694025
"MAPK8IP2",0.583456485562715,7.84950758433812,4.0243080183448,0.000345462999661388,0.00195149395420261,-0.0449078109203844
"DCUN1D1",-0.667888215480255,5.55813521381205,-4.02297938910288,0.0003467390965808,0.0019563177437769,-0.0789010936953893
"SYPL1",-0.749484854974329,4.70054001677497,-4.02201601075497,0.000347667273763103,0.0019599636820173,-0.0549962710937022
"MOSPD3",0.94753191475388,2.57287945306366,4.02123294280156,0.000348423523517153,0.00196313367799607,0.14276034926899
"TMEM222",0.718252242451596,4.94586164872546,4.02114143073085,0.000348512006710854,0.00196313367799607,-0.0547344202928546
"IGDCC3",0.723087643824456,2.70404230863048,4.02059750033333,0.000349038388886295,0.00196470554923823,0.121217672707672
"GRN",0.72722316712285,5.29453362055925,4.01906496401696,0.000350525678467887,0.001971281546141,-0.0724777837932304
"SNX6",-0.739455843023988,4.85795389026028,-4.01811675529434,0.000351449001909188,0.00197407839375416,-0.0722065923314004
"SUN2",0.647812784090082,8.29197586422591,4.01668517600431,0.000352847529532836,0.00198033361145155,-0.0517076487339034
"RMI1",-0.655772702728453,2.56348425662371,-4.01645211531157,0.000353075725269661,0.00198081466210606,0.102194122539162
"JPH4",0.863649425880429,8.4489332647844,4.01582600229192,0.000353689485384583,0.00198345753360891,-0.0483283165274688
"ZNF33B",-1.56160372210374,3.75673297952887,-4.01489580748861,0.00035460325969008,0.00198778004685947,-0.0134448519356649
"THAP8",0.779596703020494,2.00701359201912,4.01386493658062,0.000355618636704837,0.00199106334573929,0.167567678473438
"HDAC10",0.594408753381118,3.55578022773518,4.01206048967907,0.000357402828348943,0.0019999621374764,0.0128836413773632
"CCDC74A",0.682641936522886,3.00838839706359,4.00752417304195,0.000361927073516141,0.0020214986645325,0.0585152025671523
"GALNT4",-0.594824317056307,3.2385767651445,-4.00662640943465,0.000362829079354367,0.00202572283581703,0.00849811429764369
"DPH3",-0.62246601604251,4.03096557666275,-4.00483096405977,0.000364639623504478,0.00203419745022442,-0.0618658518166697
"CHRNA4",0.603340365582442,4.68707478104093,4.00393498178965,0.000365546449712477,0.00203762098793218,-0.08955186208249
"ZNF81",-0.624558451578978,5.04866215647109,-4.00366165887312,0.000365823520333822,0.0020380865283447,-0.117402158125556
"HMG20B",0.767099352293978,3.68330566749242,4.00300122633456,0.000366493858313344,0.00204044758441014,-0.0179761268086898
"SPOPL",-0.935774497526371,4.9547695562076,-4.00120329629324,0.000368324860111602,0.00204982073869956,-0.120747233788378
"GABRE",-1.16272129479195,2.16665378596179,-4.00073558387389,0.000368802643375957,0.00205136955399924,0.0995533647272051
"AGT",0.920568722309621,7.4905486311875,3.99987505646976,0.000369683287093143,0.00205409154962785,-0.118008658226465
"LSM2",0.789991303866726,2.28834089710524,3.99913965664116,0.000370437511022157,0.0020574599593408,0.107212735672683
"PPP1R14B",0.961362876820458,2.12938764196336,3.99833584766766,0.000371263620131305,0.00206122477917947,0.120059096450063
"BTBD8",-0.731650609224306,3.02572687172694,-3.9974439644232,0.000372182360022104,0.00206491389057535,0.00485551183011879
"DHX37",0.613755182964651,4.67291219461201,3.9973295188482,0.000372300412986194,0.00206491389057535,-0.10610654844159
"DUSP8",0.874160279935856,7.51482997866141,3.99725849292857,0.000372373696135262,0.00206491389057535,-0.124598847381842
"FAM57B",0.856922158177161,4.66836403410583,3.9939598440429,0.000375792794842294,0.00208138304139346,-0.111497738584752
"FAM65A",0.591524523775034,6.7490198140553,3.99056053843943,0.000379348407244178,0.00209933830134648,-0.158457934455278
"DPYSL4",0.687310741149571,5.62701126748852,3.99042806384559,0.000379487638561624,0.00209933830134648,-0.156397998572658
"PTGES3",-0.88529492690234,5.86397280496597,-3.99003275320407,0.000379903409289888,0.00210080238502308,-0.168966913713167
"UBXN2B",-0.785554630108487,5.36989982625834,-3.98907806847651,0.000380909346954141,0.00210385448603753,-0.165340107031568
"DEAF1",0.696690299645831,6.98326430438903,3.98859888233728,0.000381415241769471,0.00210581202981699,-0.159365153253523
"NT5M",1.01027480552098,2.18789931845513,3.98677682911933,0.000383344869137312,0.00211526474106041,0.0868547512969116
"LHFPL4",0.600693023635486,5.77370228627324,3.98669507381361,0.000383431675116691,0.00211526474106041,-0.170185616653598
"PPFIA3",0.703545002324967,6.43921013105803,3.98616178153963,0.00038399838579005,0.00211543405386593,-0.1725506311083
"RBP1",0.863779729632482,2.96007997010434,3.98610775489971,0.000384055843729423,0.00211543405386593,0.00996284521888935
"CUTC",-0.62401090633961,3.03288855159357,-3.98609347057027,0.00038407103668232,0.00211543405386593,-0.0251602761216452
"FIGNL1",-0.609324491624097,3.12479867125226,-3.9851419720155,0.00038508438689892,0.0021201755036312,-0.0362500726361468
"RBM34",-0.759690289393359,3.16837975949917,-3.98456599016225,0.000385699082369408,0.00212187916228711,-0.0430839639422906
"PTPN18",0.619420787149038,4.76205327185485,3.9840642773413,0.000386235300197303,0.0021230961065218,-0.145852838788406
"YAF2",-0.709844673938074,4.13307779010455,-3.98393045865856,0.000386378445511449,0.0021230961065218,-0.123974644665267
"KIF5B",-0.990305889385172,8.35149176805539,-3.98297637664262,0.000387400530539408,0.00212787126651871,-0.137901975658414
"BRSK2",0.616078894539271,6.35560768771357,3.98211969119801,0.000388320533517874,0.0021314687770136,-0.184445569928074
"C1orf27",-0.591880009724372,4.72127755055843,-3.98208099910134,0.000388362135820419,0.0021314687770136,-0.161041808522536
"PPP2R1A",0.644731434583919,7.49034250587114,3.98187593496674,0.000388582696647292,0.00213183766724177,-0.166514524725391
"SLC25A23",0.720290355191503,8.28558623368274,3.98074245610491,0.00038980404789486,0.00213685168526591,-0.146672917939502
"KCNQ1",1.13646451185721,2.11436257163832,3.98029625347754,0.000390285872997468,0.00213696502812556,0.0785588642962303
"RBM25",-0.608215819913166,6.55922125752122,-3.97774042004746,0.000393057012690878,0.00214959818663595,-0.198252979155167
"HIST2H2AC",0.77773458932657,4.83813072419707,3.97370362878423,0.000397473172267135,0.00217118744238024,-0.174013791327405
"AGAP2",0.748544624649948,9.71109096489381,3.97346106226327,0.000397740076892647,0.00217140496474703,-0.107482848386468
"TMEM184B",0.842462490532258,6.96556823082195,3.97306663651476,0.000398174452485163,0.00217245731493279,-0.200024398131313
"ACE",0.883754311748411,2.24384602542795,3.97242088352064,0.000398886614483888,0.00217548909947235,0.0403335922087624
"FAM213B",0.964519387038279,4.62117601366288,3.9722297585715,0.000399097633799985,0.00217578639415192,-0.164945642485407
"SNCG",0.812254683636725,4.45386254881879,3.97118114967696,0.000400257340232965,0.00217954467055177,-0.15913581894045
"GDPD5",0.691410616140108,3.48369386524377,3.96935290318604,0.000402287183050163,0.00218917745681243,-0.0903541740983318
"KCNF1",0.816888189356739,4.71553071162451,3.9693043073071,0.000402341274791811,0.00218917745681243,-0.178012079216479
"PDLIM4",0.841398385398192,3.71142387798866,3.96887079656062,0.000402824127935093,0.00219094719348735,-0.102993433698224
"MRPL22",-0.803434004054799,2.74795834487684,-3.96808693253961,0.000403698652874377,0.0021948450028391,-0.0431867438198541
"N4BP2L1",-0.591769746443293,4.25822337450727,-3.96533356247696,0.000406785234815464,0.00220989774693419,-0.180336787412027
"ZRANB2",-0.71182361194051,6.14903910985794,-3.96184215132821,0.000410732421956469,0.0022287283879933,-0.243780742216762
"CCDC43",-0.595648214229789,3.74474619465253,-3.95780987827008,0.000415337754930421,0.00225108205420768,-0.164382644394323
"UBLCP1",-0.772270262994919,3.44812478040694,-3.9559755692514,0.00041744944654292,0.00226113215570467,-0.144166454178619
"EPHB1",0.683483459225702,4.53311850279585,3.95574503652027,0.000417715582613791,0.00226132477784148,-0.207310563984424
"HNRNPDL",-0.621956772437036,7.00992780738653,-3.95534438800079,0.000418178502297289,0.00226206908129841,-0.24936703484904
"BCAN",0.841644877884199,7.82817662848598,3.95449912219515,0.000419156792432279,0.00226647908533393,-0.229404249469989
"SOX12",0.610234959465067,4.89293316526852,3.95424944604518,0.000419446189943447,0.00226706214215272,-0.230523614637388
"RAB5A",-0.718536216002877,4.81708393151847,-3.95412477309302,0.000419590770519275,0.00226706214215272,-0.239612067231546
"SLC38A10",0.589669615076438,5.67827191200231,3.95319694428234,0.000420668287531043,0.00227111865369187,-0.257159950003178
"ID3",0.767803142506297,5.71201375904189,3.95297767774147,0.00042092332416197,0.00227161337441759,-0.256579646549091
"CGRRF1",-0.647339165555124,2.84168542779227,-3.9519550434251,0.000422114786664126,0.00227581443841097,-0.0941192450094643
"TSPAN33",0.889254955345084,4.27268036546025,3.95188811332111,0.000422192881359652,0.00227581443841097,-0.19592790359064
"TBC1D10A",0.83414947734884,3.70471801146518,3.95162741339153,0.000422497203427062,0.00227657214032675,-0.154323504793134
"TEX9",-0.954400621668575,2.84734123557377,-3.9479091629218,0.000426861059536447,0.00229652571581876,-0.106018367794451
"CTNNBIP1",0.732537280110445,5.13211879539284,3.94739787570697,0.000427464562273283,0.002298882918655,-0.257155179267879
"CEP41",-0.735306465627316,3.66283993457176,-3.94716336214599,0.00042774165189262,0.00229948354393318,-0.185838392006397
"SLC35A3",-0.998883142655932,3.25541745517172,-3.94374838546576,0.000431796594235312,0.0023194885058189,-0.158044607643239
"RFC4",-0.692413771883045,1.6799255224775,-3.94334350893581,0.000432279832063078,0.00232118741805365,-0.00702778253366887
"CCDC97",0.710516437663418,4.86958471170085,3.94295216735053,0.000432747418365529,0.0023228010077674,-0.258258178684877
"HID1",0.601588951424891,6.39857301532799,3.94224047851313,0.000433599033840629,0.00232647385891641,-0.289596494913183
"CTU2",0.583155979999834,3.46074580042721,3.94120584498021,0.000434840014974533,0.00233043403553429,-0.163193656703808
"CCNE2",-1.3589811309328,2.23871563657478,-3.94088206287107,0.000435229085874987,0.00233162032825975,-0.0595477605909265
"IQSEC2",0.677757165763887,7.69911739965229,3.9398899265807,0.000436423403271539,0.00233711793231161,-0.271796196424511
"HFM1",-0.881940745738206,2.12969945718851,-3.93891060931331,0.00043760543447435,0.00234211719689182,-0.0557365394476195
"KPNA6",-0.581002733100504,6.56089322811776,-3.93883742660563,0.000437693891348363,0.00234211719689182,-0.300995054680147
"CHMP1A",0.768466500098907,5.58651171584555,3.93734778131979,0.000439498252341472,0.00235086752753026,-0.29554621633675
"TMEM67",-0.813608147320788,4.05165196957127,-3.93643207409493,0.000440611030320162,0.00235500751384502,-0.243659891038308
"MAN2A1",-1.00127055023791,8.48203824494755,-3.93593382430509,0.000441217666899926,0.00235689336337022,-0.257290788091376
"LRRC40",-0.681306430386855,3.40245867992897,-3.93526624234547,0.000442031752593524,0.00235987919529769,-0.193814958516684
"MICU3",-0.909176507968286,4.70618540798445,-3.93497578825843,0.000442386406759213,0.00236086596037105,-0.285321599972067
"ALS2CR11",-1.04664965473949,1.53515033642008,-3.9346746039914,0.000442754456880143,0.00236192343037135,-0.0205540056924232
"PRKACB",-0.764675715820522,7.48771052305954,-3.93435042269374,0.000443150944405616,0.00236258441913457,-0.292616152591759
"MRPS12",0.739930311530299,2.07406900212647,3.93429541644492,0.000443218253855773,0.00236258441913457,-0.0439024872693565
"DDX60L",-0.670564874738749,4.05862762372693,-3.93202434430758,0.00044600604445872,0.00237653354927755,-0.255522466218097
"GDAP1L1",0.672209981588199,3.20701520670855,3.93171398330161,0.000446388349402319,0.00237765932313833,-0.161520863342147
"MRPL53",0.744545951557308,1.89251052629833,3.9288854170603,0.000449887407111348,0.0023944619960421,-0.0445563333631007
"GPAA1",0.63812896957335,5.0464441734361,3.92872793996952,0.000450082999612419,0.00239458624592876,-0.304040479311205
"PTCHD2",0.886655456514176,4.50525180748879,3.92706027763173,0.000452159411401515,0.00240248143033336,-0.276107330213576
"TRAM1",-0.769091766110716,5.31338238603147,-3.9270217829109,0.000452207451793083,0.00240248143033336,-0.327898487829004
"ALDH1L1",0.748505666138949,6.53555717920063,3.92698109932251,0.00045225822926071,0.00240248143033336,-0.327573340116961
"ITGB1",-0.725214145562636,6.05325129115383,-3.92647653848406,0.000452888438882933,0.0024030889685508,-0.337302734001643
"LIAS",-0.700748891373509,2.32108412462927,-3.92637747381996,0.000453012274086223,0.0024030889685508,-0.106265275488538
"PHGDH",0.650575149215674,6.45279574588701,3.92596724914794,0.000453525425729438,0.00240315220745445,-0.331619917349369
"USPL1",-0.837275813894847,4.13766354938051,-3.9259120267956,0.000453594546997588,0.00240315220745445,-0.277047053220157
"RAB33B",-0.760970950188368,3.20549105080153,-3.92538282430398,0.000454257467303484,0.00240574754683925,-0.201168003267674
"FBXO4",-0.705138422987281,1.53543913040614,-3.92516833689738,0.000454526420788727,0.00240625525582821,-0.0437645860610694
"CTU1",0.847882748848274,2.60008267308301,3.92337762181467,0.000456777950574,0.00241679196908731,-0.113181524973891
"SEC22A",-0.724503386728017,3.29353939689808,-3.92330901485523,0.000456864429201658,0.00241679196908731,-0.2150533739994
"ATP6V1F",0.744875641867321,4.8721583406946,3.92276004753616,0.000457556975975817,0.00241953483454386,-0.309903541556396
"RMND5A",-0.673393269653688,6.77052128735337,-3.92223486360896,0.000458220480042273,0.00242212209640596,-0.341430238022897
"SPTBN4",0.840981203468707,7.13352568636725,3.92163841057988,0.000458975165127756,0.00242518918495099,-0.33239864995106
"FAM195B",0.659865303779394,4.65583150796419,3.92001795851714,0.000461031648219091,0.00243328093148891,-0.308426231909016
"GTPBP1",0.587705476288638,5.92760401906511,3.91844097356565,0.000463041620307988,0.00244101885378137,-0.352182122706608
"ZCWPW2",-0.812835780180521,1.98505639959694,-3.9181795229726,0.000463375683723854,0.00244101885378137,-0.0953166890151085
"CSNK1E",0.646469989616218,6.65317796480285,3.91786161429683,0.000463782202952285,0.00244223491872828,-0.351232024057218
"SBK1",0.836401948672407,5.78998997710045,3.91746000506398,0.000464296251258266,0.0024440160867067,-0.350614140885571
"AQP1",1.08932482489974,8.73289220166985,3.91475785323404,0.000467769445449681,0.00245950485273883,-0.303171043379165
"CEP57",-0.637622746069092,3.95073276148124,-3.91460275603218,0.000467969567940196,0.00245962681796015,-0.293103388726669
"MOCS2",-0.678553651121317,4.33674422594046,-3.91423276626717,0.000468447305286124,0.00246120727063027,-0.319703729356029
"NAA25",-0.607169293188953,5.77936638573645,-3.91377515885295,0.000469038835911509,0.00246338416956622,-0.369917896049142
"PEX6",0.602393717142912,5.20172619701253,3.91150731331284,0.000471981186036761,0.00247603111255964,-0.35475440785854
"PLXNB1",0.69784937953576,8.18249572253159,3.90881115172503,0.000475502733832522,0.00249074566908053,-0.33924119499251
"REXO1",0.715658625015833,6.87517308930321,3.90743662260631,0.000477307928055662,0.00249831883126123,-0.375156983484978
"DPY19L4",-0.761098605083608,4.85689654539732,-3.90681778063556,0.000478122850610265,0.00250164240466086,-0.36582419936868
"MRPL41",0.708667076983316,5.75218113144907,3.90641959662546,0.000478647918695325,0.00250256242453676,-0.380571268710828
"CACTIN",0.65164365439568,4.62163565309462,3.90641141207275,0.000478658717223654,0.00250256242453676,-0.342778809363891
"ADCYAP1R1",0.793203813043206,6.5193238933707,3.90588033568082,0.000479359917797519,0.00250528630722598,-0.383146674950157
"TMEM181",-0.626735333662543,5.8961353140282,-3.90448754921133,0.000481203641845227,0.00251397708715984,-0.395027613547329
"SKA2",-0.841500274584566,4.32729752525138,-3.90372834086107,0.00048221157443212,0.00251829650929952,-0.347162440401076
"SOD3",1.42078931389158,3.05791746567644,3.90100258567061,0.000485847352030744,0.00253442772530259,-0.199657569259614
"CSTF3",-0.611542326836518,3.61938767811837,-3.90069062116242,0.000486265174566739,0.00253565583526887,-0.303140200666903
"FAM181B",0.893688965416391,4.80698657856868,3.89875798239482,0.000488861450349719,0.0025482384262324,-0.366984287298081
"ABCC9",-0.764985682521478,5.41124599719725,-3.89789654695675,0.000490023050684617,0.00255237933706165,-0.406745297883869
"RYK",-0.649536729176509,5.00135944403103,-3.89767298915417,0.00049032494733354,0.0025529952875771,-0.395361278955807
"PARP3",0.757251281528944,3.5900560691394,3.89708456645665,0.00049112043376833,0.00255522315503268,-0.288587619372957
"NIFK",-0.749220368559795,2.742150452091,-3.89518939265419,0.000493691096934305,0.00256643309632703,-0.231168525515924
"ZBTB38",-0.672750389395407,6.64819194137486,-3.89497934918966,0.000493976813761304,0.00256643309632703,-0.415148450887004
"ASPSCR1",0.688194391201362,5.33906780811591,3.89495242566378,0.000494013448839817,0.00256643309632703,-0.401670660308623
"FZD8",1.1720150667929,3.49992407778249,3.89437512821066,0.000494799621890746,0.0025695570950785,-0.27382450158157
"RPS27L",-0.62505154237248,3.24413160658534,-3.8941500239326,0.000495106503850268,0.00257019067084631,-0.285431469670818
"FBXO44",0.722029103084656,5.81596972454007,3.89393081865456,0.000495405522572066,0.00257078296931574,-0.413785982606397
"RLTPR",0.903161467776083,5.13157407368,3.89311694138487,0.000496517280769885,0.00257559076017274,-0.396550297394086
"BCAR3",0.807570015301243,4.65608984102038,3.89291575115823,0.000496792482799578,0.00257605710402079,-0.37638613034221
"ANKRD24",0.867762702228535,3.8750678222954,3.89251580363039,0.000497340001804612,0.00257697379988361,-0.319940906235038
"TGDS",-0.753169054304365,1.59129995670815,-3.89222497900102,0.00049773850440257,0.00257807775268425,-0.129739395592473
"DDT",0.606142106659251,2.51987703927143,3.89151551053548,0.000498711963792008,0.00258215781029292,-0.194937150020937
"PCDH1",0.599070204410328,6.70796580475839,3.88939819978976,0.00050162819588903,0.00259435832561358,-0.425580955162827
"UBE2V2",-0.90328408382326,4.57797412659663,-3.88795649461896,0.000503623428666591,0.00260274085699738,-0.402431034385669
"AVL9",-0.67799994248422,5.9995345165938,-3.88751112334742,0.000504241362218616,0.00260325671928619,-0.439859145090749
"PPP4R2",-0.825173862705204,5.99048387105807,-3.88747967764133,0.000504285019784038,0.00260325671928619,-0.43984550959113
"ZNF347",-0.752422769093628,4.43243137468628,-3.88650150384393,0.000505644911172778,0.00260873075870619,-0.398215540370183
"NPEPL1",0.720142269291299,5.13634243051619,3.88644705284921,0.000505720716063386,0.00260873075870619,-0.41662199924196
"RPS2",0.826538992296386,5.6744108787934,3.88559313906849,0.000506910960685198,0.00261293147031725,-0.432863666997902
"CLCN3",-0.625066784923603,6.45390288342605,-3.88536324000553,0.000507231877522458,0.00261361659055494,-0.443018616135954
"CDC42",-0.68171437803811,5.43903819024015,-3.88485739433325,0.000507938688335174,0.00261628886448151,-0.441496425520426
"RND3",-0.709944203344361,2.22459594963337,-3.88344362046533,0.000509919242308038,0.0026245454670738,-0.206161128674627
"VPS37D",0.763757940310998,2.33093707290186,3.88311381175282,0.000510382355408575,0.00262595688559956,-0.193391174131018
"FXYD5",0.881064647663506,2.6947676561782,3.88186431321383,0.000512140616257193,0.00263305430739922,-0.232788601057454
"ZNF846",-0.617010510637856,4.28431888831855,-3.88123868357304,0.000513023207969641,0.00263661687142105,-0.402868118120915
"SPTY2D1",-0.587690533212914,3.93924183081018,-3.88050228775702,0.00051406396478101,0.00264098937116985,-0.381379923411822
"CASKIN2",0.763347450310079,5.92441923258749,3.88010059599292,0.00051463254980639,0.00264293376705151,-0.451220926249933
"RAP1GAP",0.76279463644813,7.17322223343444,3.87961561987871,0.000515319840712544,0.0026454861246624,-0.442374262039145
"DCHS1",0.704519014137312,6.6753757940493,3.87826242213644,0.000517242290511626,0.00265339569103049,-0.454713373155983
"GAREM2",1.06487944348014,5.70455874540807,3.87771644877536,0.000518019921968147,0.00265640463120663,-0.450819184736586
"SYNJ2BP",-0.724696869822709,6.06702262559088,-3.87741922656763,0.000518443736515844,0.00265759764935224,-0.466300572995891
"ZNF709",-0.967160885179072,3.11349497873806,-3.87676197406527,0.000519382128098208,0.00266044596345663,-0.318145026515251
"KLF16",0.67141518301966,5.99078180652604,3.87635680686214,0.000519961431796417,0.00266243234800508,-0.462366265419292
"TMEM104",0.709028669792397,4.46131990434734,3.87597312985487,0.00052051059099769,0.00266373577218552,-0.411738109858534
"ZNF408",0.724112052165662,2.84306506654415,3.87591125838176,0.000520599201052226,0.00266373577218552,-0.265735756832644
"KCNN1",0.930287760821184,6.91536138878723,3.8736565675728,0.000523838360460366,0.00267833795039353,-0.461996265194557
"DYNC1LI1",-0.635591406925135,4.14640065289409,-3.8724015286152,0.00052564991074673,0.00268562479206213,-0.417073002472391
"NAT14",0.926840435004822,3.17988617006625,3.87200615494153,0.000526221868350824,0.00268755929971093,-0.304934517474975
"PCGF5",-0.661352639195284,6.63580696269905,-3.8709467267646,0.000527757463065817,0.0026934229998315,-0.478427241081487
"DCP2",-1.01842723830789,5.36762297612435,-3.8707836469888,0.000527994228526444,0.0026936424825595,-0.476682978688932
"CDK16",0.628648199208352,6.4689728368271,3.87038185578937,0.000528578007231193,0.00269554063745798,-0.478041584109969
"DNAJC4",0.798201120984747,3.49932421881367,3.87026075227877,0.000528754087062863,0.00269554063745798,-0.346048108543
"ZNF653",0.673187079198712,3.15796477273982,3.86823600220005,0.000531706497273825,0.00270761308611748,-0.32160011786099
"TP53I11",1.07499127860468,4.91010009312002,3.86702124269631,0.000533485534066589,0.00271567773511304,-0.452118400261032
"NKAIN2",-0.754700844728207,5.52950673310205,-3.86606093347053,0.000534896037900519,0.00272186117089788,-0.492488814192657
"SLC2A4RG",0.964578463171808,3.48114955275756,3.86560181082999,0.00053557168452408,0.00272429385939589,-0.35210763251831
"SLC35E4",0.601430851494831,3.39641286702998,3.86533683813293,0.000535961998665499,0.00272429385939589,-0.35370836726213
"SLC25A40",-0.770168737400857,3.36309442879472,-3.86504570076932,0.000536391174646835,0.00272547884135245,-0.37328322540358
"TPGS1",0.581222461026168,3.61781495374838,3.8648157173788,0.000536730438681347,0.00272620626910782,-0.377917513920692
"TMED10",-0.683869712963481,6.65889242723516,-3.86384827685815,0.000538159872270029,0.00273246842377573,-0.496668645048382
"PPP1R2",-0.642957182066279,4.81355697147644,-3.86199302389515,0.000540911495670153,0.00274343364203082,-0.481289151603935
"PDZD4",0.67517605209224,8.76007414268504,3.86119219301792,0.000542103491719427,0.00274640874705974,-0.443732657577472
"SMIM10L1",-0.729389765102954,4.5315171037577,-3.86110576981368,0.00054223228153446,0.00274640874705974,-0.470177690472288
"RILP",0.71618077045304,1.75537534987727,3.86091740296757,0.000542513093630383,0.00274640874705974,-0.206045955727045
"ABCA2",0.821503260671338,10.5281457485996,3.860803199285,0.00054268341448519,0.00274640874705974,-0.357234445924898
"MAPKAPK3",0.852400507425589,4.37402016254774,3.85984002617133,0.000544121948726761,0.00275068484770889,-0.44566632538774
"STK3",-0.651951280283171,3.84017932143296,-3.85947000710103,0.000544675575334837,0.00275089526041905,-0.428875601702041
"ZNF569",-0.741448528349943,3.10351303999008,-3.85936520615753,0.000544832479609911,0.00275089526041905,-0.361971720928294
"DBR1",-0.593412546853536,2.54915288599913,-3.85933870855761,0.000544872157872639,0.00275089526041905,-0.301416865968356
"ITGB4",1.077407355628,7.94218284230574,3.85928333708947,0.000544955081800752,0.00275089526041905,-0.475292737333368
"BNIP2",-0.607348986931124,5.46240903520728,-3.85889261832618,0.000545540569956493,0.0027528511809565,-0.509961245048697
"PTGDS",0.761056987217441,8.80163036182647,3.85613083529566,0.000549696627982293,0.00277181085317731,-0.455093592342022
"B4GALT7",0.71628785201038,3.5567953552143,3.85456700935859,0.000552063639206895,0.00278273702402257,-0.394206573264201
"PLPP7",0.686099587728706,3.38444227528466,3.85412927147489,0.000552727981484879,0.00278507589655773,-0.377474681501301
"LFNG",0.928679569261359,4.06724169346066,3.85348943326631,0.000553700450384349,0.00278795496604246,-0.438758827756731
"CXXC1",0.617418366974624,4.8337663742743,3.85304231656931,0.000554380999713843,0.00278936107782187,-0.493507353350119
"C21orf2",0.586004977728165,4.84215139141332,3.85135040825898,0.000556963627768323,0.00280134166180725,-0.49898328105521
"TEFM",-0.639583113850451,2.77733095291248,-3.85097911976265,0.0005575319542476,0.00280318597755882,-0.348064876249301
"OGFR",0.616718035236988,5.48558132004843,3.85079572023572,0.000557812890413898,0.00280358452730803,-0.521881932672199
"SEPP1",-1.06647544141959,6.19739254567698,-3.85023698673333,0.000558669625202455,0.00280687572445411,-0.53651630391049
"C14orf28",-0.823368160760283,1.34205812263243,-3.85001997772311,0.000559002722565057,0.00280753462756482,-0.221041955656119
"MEPCE",0.720484175339129,4.83046237295283,3.84976698620075,0.000559391296000118,0.00280847157710135,-0.500657309355064
"PVRL2",0.642270708612238,4.43830622145362,3.84854150208462,0.00056127727116057,0.00281692296883547,-0.483183066492699
"ZNF710",0.65094008065763,4.59745660095099,3.84815521409811,0.000561873040067205,0.00281787842821583,-0.493068866130942
"MRPL50",-0.746646601986079,4.20798972916562,-3.84420250489992,0.000568004863716211,0.00284555085239019,-0.495050981052986
"RPL8",0.698010228930507,5.69766930370665,3.8437537515892,0.000568705128995775,0.00284700709517438,-0.544349752905485
"PLCXD3",-1.25814668047729,3.95827623470105,-3.84097459787519,0.000573060719735717,0.00286571587257768,-0.485673171952715
"BIRC3",-0.9918000404337,2.7191732410325,-3.84067900322715,0.000573525897916336,0.00286701079929267,-0.369153255832606
"TPT1",-0.825584771502698,7.55200203082788,-3.84009656062301,0.000574443568539664,0.00286900030156324,-0.53790039319772
"TFB2M",-0.793659951554526,1.42868977199179,-3.84003350389751,0.000574543003852112,0.00286900030156324,-0.250633558158694
"AGBL3",-0.749221506220351,1.88294993421457,-3.83934571444842,0.000575628683392302,0.00287338957146132,-0.285542303112278
"CBWD2",-0.727136827557559,3.57917441925175,-3.83695573573477,0.000579416870163387,0.00288920951532308,-0.465997109471924
"KIF17",0.618721243508859,3.94890006655999,3.83695289486174,0.000579421387478114,0.00288920951532308,-0.477699914461931
"CASKIN1",0.764200699284476,7.85796264550196,3.83634902510608,0.000580382390487754,0.00289043427149343,-0.53856074700218
"WIZ",0.780177954476381,6.3885511454217,3.83631194627131,0.000580441448700742,0.00289043427149343,-0.566664869499437
"PTPN5",0.703976755624141,5.55787801343974,3.83627602532672,0.000580498668249868,0.00289043427149343,-0.560304949861507
"ALG14",-0.679734385612488,2.75691388353754,-3.83583970738146,0.000581194131917515,0.00289286101751425,-0.38516852827168
"SIMC1",0.752325386652204,4.00184008528584,3.83567108461084,0.00058146312394597,0.00289316404763668,-0.481514929088918
"AC024592.12",1.51239404188318,1.52096233647589,3.83514066815485,0.000582310052479313,0.00289634144886133,-0.24881847831931
"KIAA1211",0.624699247443198,4.84066576901609,3.83482031979932,0.000582822143346711,0.00289681567279442,-0.540735123300441
"IRAK1",0.745861187855306,5.13462525974339,3.83333825644509,0.00058519701272147,0.00290654121859731,-0.556003702421109
"TM9SF2",-0.872803387675895,5.58226682245291,-3.83022297391907,0.000590219796201461,0.00292626091540396,-0.587038359152749
"SNX8",0.739157751504886,5.27939194036933,3.82970047781273,0.000591066328776009,0.00292941322732409,-0.570711213982884
"DNLZ",1.00601937771713,1.89768795633349,3.82899269299746,0.000592214950469599,0.00293405995774354,-0.290071985721975
"C10orf54",0.817029526897812,6.27405439380885,3.82843638065955,0.000593119285145961,0.00293644740103246,-0.587110514090154
"ACSF2",0.605839359888848,3.74967030429185,3.82783147790364,0.000594104137139353,0.00294016186200843,-0.484854880250091
"SRRM3",0.76108854817651,5.62210707258735,3.82769623996458,0.000594324538393374,0.00294016186200843,-0.583568287260853
"OGFOD1",-0.602700735235537,3.87960626134824,-3.8275861416529,0.000594504027773393,0.00294016186200843,-0.514820309292483
"PDE4A",0.682136660422585,5.85175208698549,3.82733068882926,0.00059492068724223,0.002941176171423,-0.58906661889743
"HSPB6",1.29712379438229,2.53354314992571,3.82678477151046,0.000595812067807716,0.00294453585732772,-0.334468173893596
"GPR180",-0.740597572827543,4.30647574501947,-3.82597336412686,0.000597139352393616,0.00295004665137742,-0.548721395740436
"DYNC2LI1",-0.638041949100072,3.68569112113656,-3.82447662006992,0.000599595271302221,0.00296007580314044,-0.507347352270026
"FAM207A",0.638710453504747,2.34958851428847,3.82382032513633,0.000600675252595473,0.00296330282525985,-0.347167743433221
"MAST1",0.663215254894033,6.91377351601531,3.82354804579228,0.000601123865023159,0.00296446398423269,-0.594449608401223
"BLOC1S2",-0.60565909670901,3.21772492795494,-3.82271007456927,0.000602506573969512,0.00297022921678161,-0.468157828444981
"SLC44A2",0.756310423820119,6.7820993866691,3.82049580364809,0.000606175221060967,0.00298703013442644,-0.604036860107986
"AASDHPPT",-0.80809521200119,4.25333343619791,-3.8203940436556,0.000606344341774667,0.00298703013442644,-0.56009334140144
"SMO",0.890829433080764,4.60285371049717,3.81976748323786,0.000607386672940765,0.00299008205099148,-0.562885570381185
"FHL5",-1.16739311972079,1.58168034014055,-3.81976306855244,0.000607394023305995,0.00299008205099148,-0.311313052675326
"RNFT2",0.6222808085542,4.52650402663371,3.81962522835574,0.000607623568210125,0.00299015321956006,-0.564904298967181
"SLC43A1",0.589969995484972,2.05356192368973,3.81930665125451,0.000608154417686418,0.00299170655154868,-0.335316850805341
"IDH3G",0.72693083236812,4.62864239827084,3.81863555890394,0.000609274149145149,0.00299509519852046,-0.570085789739871
"ZNF205",0.759228362061415,3.19372370426263,3.81849978439399,0.000609500936229263,0.00299515094219131,-0.449635283610594
"TRAPPC2",-0.66571507173357,3.39643183653102,-3.81759820164598,0.000611008959757677,0.00300044032446176,-0.499138763865947
"FBXO30",-0.594307725385095,5.43072628086846,-3.81627548501049,0.000613227978250464,0.00301027378306425,-0.620726873668324
"ATG4A",-0.614221654782701,2.42087779651888,-3.81534750911341,0.000614789461547959,0.00301687366552761,-0.399552186829458
"PRELID3B",-0.655117468047186,3.58893441835772,-3.81328644877205,0.000618271446300078,0.00303288978350871,-0.527808125240999
"TRPM4",0.672918544207559,3.50423151645445,3.81248372188533,0.000619632783379993,0.00303742417297202,-0.501512025065965
"STH",0.769160545047135,1.69146596718827,3.81226668706921,0.000620001352561569,0.00303765996539676,-0.322534145609562
"PI4K2B",-0.663843071679991,2.21682385123278,-3.81133087007968,0.000621593010226085,0.00304381332446743,-0.388657475305777
"JUP",0.645118342550119,4.83063514033923,3.8101534181721,0.000623601308725585,0.00305257232179686,-0.604458006467002
"SLC25A28",0.856253072765186,4.27206940647054,3.80978167586772,0.000624236677405764,0.00305460693041004,-0.567034660875945
"RPS5",0.884456105985782,6.46745272590633,3.80760563770094,0.000627968569245401,0.00306962695135358,-0.640254564312043
"OFD1",-0.59890834633836,5.01593532908815,-3.80636725250483,0.000630102098327521,0.00307789155690414,-0.634532003725409
"PLIN1",1.07684072213635,4.33873300106513,3.80614943984246,0.000630478083210098,0.00307864640421032,-0.575332436856397
"MAP9",-0.765938883842884,5.64007630102551,-3.80583675122926,0.000631018224057511,0.00307912086726835,-0.651525370731406
"ERRFI1",-0.608856599880124,4.37496271866234,-3.80523132266565,0.000632065329415951,0.00308213006373889,-0.606100223766568
"IDUA",0.871146875990321,4.30734580734453,3.80507100899779,0.000632342879957185,0.00308213006373889,-0.581560296242877
"PPP1R13L",0.845822507070203,3.32040580305781,3.80496774203352,0.000632521728661131,0.00308213006373889,-0.49602318192707
"SHTN1",-1.08722631232115,8.44427043852648,-3.80387770852125,0.000634412575719863,0.00308707114447912,-0.603341668595493
"PLSCR1",-0.77368549371715,3.8252852613099,-3.80372065344904,0.000634685468184527,0.00308726290367435,-0.57309447406602
"MANBA",-0.637044622448511,4.40580755719334,-3.80348622771836,0.000635093009707946,0.00308816475024829,-0.612863987632946
"RAB18",-0.73515997428142,4.36998853610865,-3.80309789782638,0.000635768670199701,0.00309036924934134,-0.612053558524476
"TM2D3",-0.661138577589967,4.12430542001554,-3.80290245996263,0.000636108980335173,0.00309094269298132,-0.596708991720166
"SCRIB",0.793387776466974,6.94607255856867,3.8025379060787,0.0006367442419459,0.00309294844567851,-0.648092267863726
"SEC61G",-0.844273667923911,1.97473283987622,-3.80205183032344,0.000637592226707609,0.00309598572675137,-0.388161142622412
"ZNF780B",-0.926608856910022,5.53539363037591,-3.80176684621972,0.00063808990849389,0.00309623940938291,-0.660554531272549
"ZNF414",0.738178289035946,3.13800778929145,3.80151579488611,0.000638528645646651,0.00309630565234545,-0.48916398511517
"BAD",0.603783076143318,4.68658439237277,3.80150414751934,0.000638549007716472,0.00309630565234545,-0.621093751310966
"LRP3",0.994361050042208,6.79612646333445,3.79938742280369,0.0006422600248251,0.00310996129053241,-0.657501161663989
"ZNF598",0.812379288017911,4.22992226897981,3.79831141869796,0.000644154516616059,0.00311699220469059,-0.596347535798403
"IRAK1BP1",-0.948930139348215,3.11060936381203,-3.79830805244664,0.000644160452026764,0.00311699220469059,-0.52037236804661
"FAM43B",0.759445381739191,3.27092771973477,3.79653135984225,0.000647300588669126,0.00313000792475763,-0.513130201914149
"NDUFS5",0.803766781296029,4.36324347902757,3.79548194310959,0.000649162339916343,0.0031355246117489,-0.611523526198903
"HIST1H4E",1.080074768904,4.88057932537233,3.79537990320821,0.000649343645319024,0.0031355246117489,-0.634867996839532
"ANAPC11",0.684051770754354,3.1041805925445,3.79500326254873,0.000650013291323558,0.00313766832499309,-0.502191875291006
"6-Mar",-0.651444282305412,7.69247428427798,-3.79484683891668,0.000650291601625555,0.00313789278543928,-0.652010120327533
"MEX3D",1.09661061962642,4.25628118421516,3.79472344791002,0.000650511221956266,0.00313789278543928,-0.600808469758006
"IPO11",-0.649827288649734,4.72668902035076,-3.79103060823238,0.000657117578339695,0.00316646397715024,-0.662409452965368
"DNTTIP2",-0.612545874242822,4.38594680487991,-3.79043094897083,0.000658196501937213,0.0031683683413889,-0.645599494482047
"TMEM69",-0.583553617468151,2.64038771131568,-3.79000982986811,0.000658955223162658,0.00317092264188552,-0.489190491195294
"TSPAN9",0.649696013176606,3.68252839643208,3.78852023366168,0.000661645844523887,0.00318276834967857,-0.582236202153172
"FAM127A",0.658890086637895,5.74160732663826,3.78624598739944,0.000665774429286562,0.00319930733354365,-0.695028927039254
"CCNL1",-0.646088985947266,5.40900485190972,-3.78575481698746,0.000666669374126746,0.00320250091192468,-0.699894050818569
"DUSP19",-1.39698681347838,3.77712326519176,-3.78545611835021,0.000667214195992494,0.00320290461073469,-0.61392418515101
"ALG2",-0.682645376745247,3.44857271899531,-3.78488215240941,0.000668262319793578,0.0032035112999208,-0.58851669099711
"ZNF35",-0.715033786412635,2.86288329712575,-3.78428084524073,0.000669362092967406,0.00320767728935984,-0.529293778371162
"SORBS3",0.840325749426438,5.6582626645961,3.78103823776275,0.000675323201877702,0.00323401417585388,-0.705386734047924
"LAMTOR1",0.699966028436924,4.88825624164261,3.78078562153127,0.000675789770092353,0.00323486044301909,-0.683291779280936
"PTP4A2",-1.00295854914626,7.89180682800218,-3.78069062807649,0.000675965299019597,0.00323486044301909,-0.682048723129252
"ACSS1",0.774159991522859,6.87606689925071,3.77871625081131,0.000679623629212965,0.00325124834594585,-0.711329852921563
"PCDH18",-0.85195034103213,3.10709862871937,-3.77824177938317,0.000680505650426058,0.00325434797118096,-0.571702056949491
"SHISA5",0.795202618350854,5.91354873698111,3.77777372218522,0.000681376840866535,0.0032571072778086,-0.717948245834553
"GPCPD1",-0.773712261578505,5.07088402526889,-3.77768010460845,0.000681551220770048,0.0032571072778086,-0.711463483099426
"PTPN4",-0.682790786472052,6.55166421666886,-3.77726696225469,0.00068232129376814,0.00325895071035309,-0.72429068827703
"PIK3CD",0.635755201731874,4.76601215653424,3.77696298124274,0.000682888437852907,0.0032601356672497,-0.68842452702981
"FAM60A",-0.997586118142446,1.51533128780951,-3.77558843872354,0.000685458692497133,0.00327016017264761,-0.416486447465483
"SAMD8",-0.669584839404088,6.69975128573798,-3.7751952924261,0.000686195568197908,0.00327255258630783,-0.7274280242299
"SLC38A11",-0.863848686277904,2.43296090121296,-3.77465346970574,0.000687212373843891,0.00327403235818292,-0.50605093429521
"CSDC2",1.05623403807891,5.48274711751822,3.77372577974377,0.00068895672293903,0.00328121834953697,-0.717584156880977
"PLXNA3",0.674862513049764,6.07313822018955,3.77262574368643,0.00069103072859478,0.0032888425843631,-0.733369843921646
"DPF1",0.688101942724511,4.52248838481423,3.77129077521655,0.000693555847622782,0.00329860191366812,-0.687863924274736
"NECAB1",-1.17967908261565,5.83297474399645,-3.77037494959229,0.000695293346903396,0.00330456070765331,-0.744667378033617
"SH2D3C",0.66171479847816,3.79049052806517,3.77031423205475,0.000695408689667347,0.00330456070765331,-0.638141237040446
"SPTLC1",-0.596346728044301,4.68577341327458,-3.77025467775451,0.000695521840785037,0.00330456070765331,-0.714045701139295
"TCP1",-0.674298074342185,5.48417515391925,-3.76978339520664,0.000696417894262649,0.00330681469559377,-0.742981144012803
"RGPD5",-0.64161048800512,7.72910196272008,-3.76975496893749,0.000696471977319706,0.00330681469559377,-0.716091022646047
"CNEP1R1",-0.690635764531903,2.81782223896802,-3.7694415851909,0.000697068484128754,0.00330851692262135,-0.562068929676549
"CEBPA",0.662402705304833,4.21177164114846,3.76896984138948,0.000697967358347206,0.00330939366157669,-0.673894282358488
"ZNF813",-0.761452566062905,2.30674526544952,-3.76727198323617,0.000701211862237802,0.00332364381480734,-0.510388725386924
"PDZD7",0.810278971726454,3.84137277294813,3.76597822973087,0.000703694006179394,0.00333200070637123,-0.646740182484039
"DEGS1",-0.75918680246028,4.05434197281083,-3.76396427849047,0.00070757493524127,0.00334695704311811,-0.692975888632555
"AP2S1",0.760522051336329,3.23658581499445,3.76217429945517,0.000711041760407287,0.00336106853219385,-0.598077460162109
"CYP51A1",-0.874973525842843,5.05829619516725,-3.76167003509948,0.000712021401467407,0.00336341200244645,-0.752596730478895
"TAF13",-0.73660862618274,3.62164625218142,-3.76118092044104,0.000712972867045062,0.00336561928613258,-0.665863390983437
"TMEM129",0.718501929101741,5.53646637436852,3.76067181909483,0.000713964527764891,0.00336915643753819,-0.757417472592176
"TMEM38B",-0.730760517500662,2.82569107484829,-3.76043626031115,0.0007144238190021,0.00337017982075575,-0.585872792998365
"CCDC126",-0.770240385677433,2.99641766082712,-3.7602694115504,0.000714749313917349,0.00337057156108514,-0.60570314418885
"CD151",0.65385088004503,4.99990337077212,3.75988887412392,0.000715492221335924,0.00337293077687759,-0.743305627701163
"ALK",0.58762779667915,3.09670835845196,3.75845763509117,0.000718293110025134,0.00338383965285307,-0.59852634317262
"UBXN2A",-0.723746916589314,4.05228893633581,-3.75796034805732,0.000719268782438815,0.00338728814819255,-0.708489675339342
"NLN",-0.778204690603473,4.36799080110579,-3.75685010869422,0.000721451721724036,0.00339329523397166,-0.732037921573961
"ARHGAP29",-0.943791633095867,5.5839144634814,-3.75666765495232,0.00072181107687997,0.00339342783347864,-0.778528367607223
"AQP3",1.38078008924537,1.18848283920991,3.75599548189066,0.000723136472634052,0.00339744617862744,-0.434910099133935
"NIPSNAP3A",-0.651758654301708,3.27950222376076,-3.75472402383723,0.00072565002820947,0.00340695261471397,-0.649524666546228
"DSCAML1",0.822337342626965,6.56146244076975,3.75390310968373,0.000727277418250142,0.00341344046877565,-0.779299360168175
"ESF1",-0.656897811985588,4.42163359085487,-3.75344822305745,0.000728180720857127,0.00341494541933642,-0.743747406132087
"VTA1",-0.609876167226844,3.96879730360597,-3.75256066497277,0.000729946358590435,0.00341995005585304,-0.715857055629565
"ARL14EP",-0.652753274753397,4.21212933129678,-3.75042934156542,0.000734203288265785,0.00343666468467035,-0.738288865174795
"SNX16",-0.696946102531928,2.65116914609022,-3.75014754650216,0.000734767928852998,0.00343815003262012,-0.592725440282191
"RPS14",0.596072246817657,6.7008884747747,3.74835749369912,0.000738364594481726,0.00345381715763289,-0.793875838740179
"CBARP",0.800706916841151,5.54549685580324,3.74819446843049,0.000738693003639543,0.00345419109875443,-0.788799146432948
"MCM8",-0.761843399316611,2.73077086480427,-3.74788682342838,0.000739313132102655,0.00345580096046238,-0.607334431424614
"PIEZO1",0.838853430664652,6.34144332503825,3.74765387580521,0.000739783028221553,0.00345580096046238,-0.797023369580407
"RNF125",-1.45524816193291,1.9939569080489,-3.74720249408578,0.000740694371979387,0.00345889592181977,-0.526497539121492
"MMP24",0.729722774769214,4.79176946996034,3.74611154654227,0.000742901521138992,0.00346803792709008,-0.768441335363607
"LACE1",-0.635853660436519,3.20175956606627,-3.74497469980351,0.000745208344610691,0.00347763894151656,-0.666332006289173
"NCDN",0.864843184299868,9.07645101819669,3.74181653912602,0.00075165335998525,0.00350418679091715,-0.739429717817282
"C10orf128",-0.643466353969962,3.00192767615596,-3.74106859778417,0.000753187650744927,0.00351016249435333,-0.654894943236616
"SEMA4A",0.591921177343912,4.57713927552331,3.74093168106381,0.000753468845061998,0.00351029620779219,-0.771076871899162
"VAV2",0.651966111856041,4.69647142095355,3.74065472196429,0.00075403796555842,0.00351177078632936,-0.777789904939617
"ZNF791",-0.629057403939296,5.05038403941109,-3.74035704245938,0.000754650130843961,0.00351344478198016,-0.807330782608267
"PAIP2",-0.725569725397354,5.2810263251942,-3.74003541440853,0.000755312089081009,0.00351534940154141,-0.815606966525713
"ZMYM5",-0.595946369708895,3.92783120299904,-3.73970405572366,0.000755994665584574,0.003516171910658,-0.745758568350862
"PCDHA10",-0.669339057734731,3.79786372146823,-3.73897620624237,0.000757496095208158,0.00351962256536892,-0.737665125872016
"E4F1",0.617668380873117,4.85976511729654,3.73661407064795,0.000762388803066823,0.00353877435623747,-0.797267441749106
"EXTL1",0.638458915178294,5.94777982232951,3.73649328350332,0.000762639815333347,0.00353877435623747,-0.827227042245867
"FRS3",0.793424554091312,4.20270450875162,3.73637258831875,0.00076289071684964,0.00353877435623747,-0.75511960624539
"LAMP2",-0.844904551530731,7.44363155977258,-3.73528960768886,0.000765145618257984,0.00354697816996444,-0.813370697266155
"ZNF280B",-0.81501809603939,3.14455986629447,-3.73506188877991,0.000765620582390016,0.00354788577879534,-0.686325478002238
"ATG10",-0.58123379198606,2.5967693099786,-3.73436673860495,0.000767072265986905,0.00354974614450428,-0.625818468229205
"EIF2A",-0.72357867496649,3.70070618162208,-3.73428933160723,0.000767234080869327,0.00354974614450428,-0.74189066387173
"BAZ1A",-0.684406773408051,4.74352371674489,-3.73425840243892,0.000767298745808903,0.00354974614450428,-0.810515143542707
"VPS36",-0.581173798349491,5.22883787274899,-3.73320951146488,0.000769494850402879,0.00355728693790423,-0.831611545278447
"ZNF519",-0.931078547433657,4.5819740072725,-3.7331676234164,0.000769582679990958,0.00355728693790423,-0.805596865574524
"SLC1A4",0.585324638279355,5.94637246546833,3.73309540684646,0.000769734124414615,0.00355728693790423,-0.836199641235016
"BIN1",0.599051515209208,8.37203492964785,3.73299141010551,0.000769952265584365,0.00355728693790423,-0.790797463070363
"ACTG1",0.65582410790068,7.85290154798548,3.73162329580787,0.000772827599191662,0.00356585000191926,-0.810857120480839
"C7orf50",0.681177187286967,5.40049507994857,3.73162135625774,0.000772831682907691,0.00356585000191926,-0.829660798114324
"PSMD5",-0.686090299262762,3.67726718108541,-3.72955208348547,0.000777200514692472,0.00358125341572912,-0.751632116215426
"RABL6",0.586043901351308,7.12761379595473,3.72849322570833,0.000779445356039796,0.00358774556691601,-0.837811879922825
"HAUS3",-0.604453834378402,4.65512832022885,-3.72843633350849,0.000779566149345887,0.00358774556691601,-0.820929768407249
"SMOX",0.711059489810621,5.48747309589692,3.7284007393681,0.000779641731956068,0.00358774556691601,-0.839664010370876
"KDSR",-0.589321324546846,5.144730855465,-3.7267758960256,0.000783099619901738,0.00360008297482605,-0.845711350122255
"GALC",-0.727582951144793,4.93970830890341,-3.72654581878453,0.000783590460336562,0.003601148621355,-0.839051028953557
"LRP5",0.929046359796388,4.83952856938264,3.72611818238443,0.000784503563534021,0.00360320999476855,-0.81855005042726
"GFM2",-0.61583399689112,4.0341861474342,-3.72609299490662,0.00078455737693601,0.00360320999476855,-0.788792863282789
"CLIP3",0.662381509200665,7.56427789374825,3.72347372600241,0.000790173135192,0.00362780281553474,-0.84004581616152
"MSANTD2",-0.70713286095882,3.83502393355909,-3.72209372372203,0.000793147597339797,0.00363905541195309,-0.784387399893169
"HELLS",-0.684889179672676,1.64534037818167,-3.72165404299847,0.000794097573346507,0.00364101070734272,-0.558799035219782
"EYA2",0.805651838258052,2.99738112817426,3.72118693495838,0.000795108021775204,0.00364324051375046,-0.675655130906396
"TMEM123",-0.729361922729355,5.92110647851913,-3.71931897010514,0.000799161323772225,0.00365767506171352,-0.87827739268446
"APBA3",0.593466177893835,3.91875247669093,3.71913563926626,0.000799560215535094,0.00365767506171352,-0.779468537035084
"RPL36AL",0.659269139747601,3.58189865230494,3.71912941244703,0.000799573767267113,0.00365767506171352,-0.747128991017197
"IFT81",-0.62180630358244,4.09141585656356,-3.71863030727,0.000800660721472645,0.00366144254931339,-0.812032117326006
"ELOF1",0.728965997953875,3.35613358585875,3.71722739493724,0.000803723697645475,0.00367182610735044,-0.725379449887748
"ARL15",-1.02654563731537,3.8145578174856,-3.71621505459358,0.000805941016688128,0.00367953760722442,-0.797913745402495
"STXBP5",-0.664434384106729,6.53218127138937,-3.71529592663829,0.000807959327226585,0.00368754122360604,-0.885273884343442
"MTFR1",-0.618995973695682,3.2211215371182,-3.71446613816329,0.00080978568030691,0.00369345161667541,-0.746506674652976
"NTN3",1.58804151941113,0.904155783811587,3.71426771687608,0.000810222997489875,0.00369423421157896,-0.532298159593135
"TIGD5",0.695606824998744,3.99952229661253,3.71116926863873,0.000817081803529456,0.0037194077382667,-0.805818467349244
"RTN2",0.883628323156798,5.150496116625,3.7082881743991,0.000823510122633859,0.00374009726391895,-0.879022229174129
"TMEM117",-0.610961797280011,2.47552938119125,-3.70795460039728,0.000824257565280324,0.00374226932479656,-0.678535769065654
"ERMN",-1.2499653050473,7.70642222879036,-3.70749370621966,0.000825291381303719,0.00374532168930037,-0.876517480037183
"C12orf29",-0.762769328428298,2.92674722804553,-3.70741471748194,0.00082546868479473,0.00374532168930037,-0.732932431985851
"CACNA1H",0.932076951142458,6.52234011354527,3.70540349961559,0.000829995702838652,0.00376158291417993,-0.90431043390805
"NFIC",0.631368766855544,7.63611294631076,3.70534179581876,0.000830134971997125,0.00376158291417993,-0.885026831125355
"MPV17L2",0.794498248296341,2.01643759380213,3.70521301903649,0.000830425702110454,0.00376167419704775,-0.612112179842043
"CD58",-0.838742274110021,1.96532126400352,-3.70434287138391,0.000832392768905467,0.00376690243272259,-0.632327878785236
"SPTB",0.66915420220082,6.45441888711741,3.70244227908362,0.000836705043067996,0.00378395364630165,-0.91464524197935
"BLOC1S3",1.30391841765214,2.50703245108799,3.70186456067174,0.000838020134677528,0.0037871480410114,-0.649385318026588
"SPNS1",0.634429398039717,3.33536275215033,3.70186107711114,0.000838028070588156,0.0037871480410114,-0.764790491543099
"C4orf32",-0.9529825036423,3.02089484272442,-3.70173399150586,0.000838317634686858,0.0037871480410114,-0.75793183435117
"ZNF575",0.885268497408431,1.67354513398271,3.70076738507386,0.000840523230624482,0.00379504837679167,-0.59531740703745
"PIP5K1C",0.790513064991645,8.3409134620257,3.70061798446182,0.000840864635027943,0.00379535719355794,-0.87490289975092
"CDK5R2",0.813732158904863,5.29616052420814,3.69982968730676,0.000842668254755678,0.00380150213277102,-0.905649928024658
"ZDBF2",-0.810210568867262,6.2227987185123,-3.69978397848777,0.000842772951604107,0.00380150213277102,-0.928205727052116
"TMEM128",-0.696430040609546,2.17005942832867,-3.6984041802272,0.000845939364417998,0.00381307792600638,-0.66834870508879
"FAM234A",0.807169946049035,4.86303768218539,3.69830731347975,0.000846162091909774,0.00381307792600638,-0.893286967497285
"IKBKG",0.598640072911533,3.90455226554503,3.69667425852968,0.000849925600213333,0.00382755610436208,-0.836819422965622
"ERF",0.684871883685069,5.00270961070916,3.69596253601495,0.000851570910602421,0.00383372370440248,-0.906910239690389
"MMP17",0.81691523430162,5.77147938154931,3.69514248043578,0.000853470497709254,0.00383978862755794,-0.92985743256757
"FAM76B",-0.611402733644961,3.70641548513039,-3.69395806240502,0.000856221372798169,0.00384967319684351,-0.84522595645986
"GPR108",0.609384949387354,4.97927017057606,3.69344978112804,0.000857404525337989,0.00385374643105358,-0.914503638028668
"BTG3",-0.908869131004138,2.3966437532536,-3.69261885788566,0.000859342132245628,0.00385871263645954,-0.709439519345127
"APOL6",-0.688623837657711,4.96203344268027,-3.68865770754948,0.000868637699839665,0.00389541977521646,-0.937680769989007
"DCAKD",0.584431431228211,5.26616006719829,3.68838889151909,0.000869272055692867,0.00389700745509263,-0.938356241549858
"GALNT9",0.788833557470578,5.82534452384148,3.68665917739905,0.000873364644079502,0.003912831222041,-0.952700496558434
"TATDN3",-0.767329431483571,2.90550820143144,-3.68229365343231,0.000883777149058809,0.00395438362607517,-0.794453450659161
"NPRL3",0.58942990495485,5.55796573380322,3.68172081923209,0.000885152377539974,0.0039574169660638,-0.963623865889463
"CCND1",-0.626428983074477,5.16475415338006,-3.6800684642117,0.0008891309219839,0.00396939565748882,-0.966945996256339
"BMP8A",1.08902903460936,1.95070992943213,3.67961497834529,0.00089022586227617,0.00397045875436744,-0.663873967729569
"POLR3H",0.62690916698948,6.08876191277586,3.67916849525994,0.000891305174547053,0.00397365901139869,-0.976110559104616
"ANKAR",-0.635673906075598,3.96902150319623,-3.67908172944925,0.000891515066648864,0.00397365901139869,-0.905191735570375
"HSPA13",-0.841083703065907,5.09929242845515,-3.67723786151755,0.000895986875928135,0.00399016294327466,-0.97226131292893
"NCK2",0.66737969840052,5.14049901853063,3.67720001577864,0.000896078888570241,0.00399016294327466,-0.961474366568877
"TMEM120B",0.62207907899042,5.6629687713291,3.67703885103783,0.000896470823974561,0.00399018501296512,-0.977002343445203
"RHBDD3",0.676896693586,3.82212248229813,3.67673432077574,0.000897211863822409,0.00399018501296512,-0.877422840260865
"CDC40",-0.734575248587732,4.53062327699489,-3.67637458671786,0.000898088002761915,0.00399018501296512,-0.948847758880679
"MIB2",0.595138986647169,6.2713994702838,3.67579089401516,0.000899511366309516,0.00399520990876514,-0.98493206254907
"PTRH1",0.749709581123999,1.54584889908941,3.67538551894078,0.000900501183109287,0.00399832879194676,-0.650527733492178
"COX7A1",1.35234014805081,0.90835074086463,3.67499290218261,0.000901460856441054,0.0040013118857738,-0.625258118727828
"L3MBTL3",-0.582290599203353,3.23197411994724,-3.67375789027857,0.000904486080805962,0.00401089808464577,-0.851280091248157
"RP11-529K1.3",1.45985324871359,2.24693317492293,3.67319804586351,0.000905860695454269,0.00401571281511647,-0.694111060510894
"FLRT1",0.651441199500434,4.80887450693449,3.67227022155619,0.000908143300900062,0.00402326582827045,-0.960250868712162
"BANF1",0.767896178198603,3.67646804981355,3.67190890562953,0.000909033710562362,0.00402464542810126,-0.87393645708048
"COX6A1",0.599665728768629,5.56973477074077,3.67142624029285,0.000910224491418643,0.00402863447300286,-0.989835609728669
"HHIP",-0.949135019933287,6.62509390907708,-3.66949658668315,0.000915000288047297,0.00404848313317426,-1.00163227034363
"EDEM3",-0.618612460485467,5.28076507486858,-3.66910345398642,0.000915976252770675,0.00405151188864713,-0.998546472837384
"IL33",-0.762996225959568,2.68783388999459,-3.66519941659221,0.000925723204428078,0.00408552507554259,-0.8120630870642
"PROS1",-0.865802082686205,3.10720808498996,-3.6644337215597,0.000927646648014836,0.00409214740024868,-0.862421564862717
"ZBTB46",0.667005629055775,4.95168936248595,3.6643677925356,0.000927812444654283,0.00409214740024868,-0.987468893493977
"RWDD3",-0.744795390059301,2.40005103266828,-3.66269676368782,0.00093202432944931,0.00410780251749698,-0.784372130786301
"CXorf57",-0.754309773587331,2.99304236108341,-3.66260808020379,0.000932248377406341,0.00410780251749698,-0.854064000144986
"MAPK12",0.610231282873133,4.65532252896132,3.66167744967851,0.00093460265865937,0.00411556736163527,-0.979947756077197
"CHRNB2",0.635229730237046,6.27699625498608,3.66129227214445,0.000935578758106979,0.00411729637039936,-1.02201127058168
"ZFR2",0.814494402051325,3.94275552363094,3.6612705029129,0.00093563395426018,0.00411729637039936,-0.924016463829822
"PLCD3",1.12255759391531,6.54715230631511,3.6593345320898,0.000940555300825198,0.00413266191841487,-1.02129281890851
"CDIPT",0.752666825060224,4.99584585133865,3.65927854894575,0.000940697986505339,0.00413266191841487,-1.0006781849631
"GCNT4",-0.938731409924064,1.55691680180811,-3.65921388494975,0.000940862823463032,0.00413266191841487,-0.70675320853459
"PSTPIP1",0.960422050946085,2.12832593041183,3.65838401286029,0.000942980767506958,0.0041380424968061,-0.73636313015438
"AP3M1",-0.582792263520632,4.59016626045291,-3.65670476666661,0.000947280601375286,0.00415428861839723,-1.00197038266266
"RENBP",0.660851171256346,3.36578378602981,3.65501559000598,0.000951625071458803,0.00417121386299622,-0.888682474720586
"NPM1",-0.66569771152865,5.51833166097301,-3.65257396097286,0.000957939023922286,0.00419450363097762,-1.04650320112647
"RPL39",1.12917385659311,1.57849163277815,3.65257243093952,0.000957942993251243,0.00419450363097762,-0.702039489176318
"RAP1GDS1",-0.705088914589293,5.5700194797646,-3.65256617750962,0.00095795921654107,0.00419450363097762,-1.0473714531309
"RPLP2",0.757839739192204,5.752218903555,3.65224505204728,0.000958792671908388,0.00419683114762922,-1.04111797206534
"COQ2",-0.79348833339039,1.80930147621418,-3.65117877383628,0.000961565165249887,0.00420631810173189,-0.748714460893412
"SPRTN",-0.797895626417928,2.53612060500821,-3.65096567668599,0.00096212018443594,0.00420742208368306,-0.830028020310457
"BCAS2",-0.650489612901585,3.24840815670227,-3.6507451539846,0.000962694871258202,0.00420861135227407,-0.911900607086417
"ZCRB1",-0.59452239890012,4.23880723594368,-3.65009971379062,0.0009643788181869,0.00421464769897337,-0.998203837130707
"VPS29",-0.696913430737466,3.85673287902854,-3.64974256295257,0.00096531184993965,0.00421739954049686,-0.971574159420594
"SPPL2B",0.633814146110442,5.44334295157718,3.64682748385583,0.000972960134503213,0.00424598961551552,-1.04942667540551
"FOXD4L4",1.42702170174397,0.860157135272315,3.64678293791639,0.000973077464755607,0.00424598961551552,-0.691926300976648
"ACTR10",-0.825726587928424,3.44863215551429,-3.64507129630892,0.000977596204035487,0.00426436850596214,-0.947108550830842
"RAPGEF5",-0.760831120105247,8.16472236713395,-3.64468574084204,0.00097861687950821,0.00426748176252294,-1.02439844817926
"RSBN1",-0.642179106191526,4.80419466186012,-3.64266936174809,0.000983971687291341,0.0042854556380715,-1.04892398291809
"NRG2",0.620354849781406,3.23691700122785,3.64218275778281,0.00098526819399102,0.0042889252735933,-0.909229073848161
"NDUFAF4",-0.935406444818816,3.40666950066474,-3.64194641490062,0.000985898503721576,0.00428981564905707,-0.950828967932366
"TMEM242",-0.695139696107965,3.77176454446738,-3.64122467444803,0.000987825758244653,0.00429685659922314,-0.986066379613296
"PRAF2",0.600346413569288,4.11097195817836,3.64052012357572,0.0009897106389843,0.00430370888431647,-0.997707069545586
"GLIS2",1.10772600197224,3.98573834234641,3.64024073534317,0.000990459050981359,0.00430561654995086,-0.97516624964499
"EMB",-0.893563234441606,2.58462659469515,-3.64006428431599,0.000990932002669432,0.00430632594595512,-0.863782453169878
"PTPRD",-0.594767821473166,8.00303032878873,-3.63981792916201,0.00099159268906608,0.00430785048856145,-1.04253955226392
"SGMS2",-1.12555046750219,1.74584966010082,-3.63947663149908,0.000992508703154941,0.00430913678677701,-0.772175114763963
"KIF5C",-0.580931433641656,9.24990636884874,-3.63832513701686,0.00099560528161979,0.00431988284178475,-0.998772429035991
"NUDT22",0.590393776409096,3.43425345584451,3.63788062433829,0.000996803164256861,0.00432238227994351,-0.942879208321926
"FNDC4",0.660907091242531,5.55710232663261,3.63764741209649,0.000997432189176166,0.0043232668322561,-1.07589011530549
"SPATA6",-0.609676165299646,4.54771760665545,-3.63615429733694,0.00100146858883466,0.00433566399924244,-1.05254185293997
"KLHDC8B",0.656379992531755,3.17164623389935,3.63615012851949,0.00100147988073749,0.00433566399924244,-0.916344085510049
"CCDC167",0.974712823445284,1.13180975877767,3.63567882892877,0.00100275726739916,0.00433872752299504,-0.724356880173284
"DNAJC19",-0.77326861453035,2.8928900512454,-3.63503949772293,0.00100449260632843,0.0043435322591533,-0.912500034419148
"CYP20A1",-0.902958035571531,4.23504715382941,-3.63432743768816,0.00100642878433746,0.00435055129348862,-1.03885125715347
"PCYOX1",-0.726875701077898,5.74022359271718,-3.63263552380057,0.00101104384338982,0.00436778480758398,-1.10053172003473
"HNRNPA3",-1.72864821525506,5.00006475866673,-3.63088304481334,0.0010158457591559,0.00438462814390588,-1.0840448204774
"FAH",0.61836907204461,3.61545515563767,3.63031500297711,0.00101740697799727,0.00438709423328722,-0.977541432761133
"DAPK3",0.631682322015573,4.89559337981158,3.62948128578955,0.0010197026022448,0.0043937100487122,-1.07395065019808
"EFCAB13",-0.965378271319829,1.78969867264239,-3.62923828780804,0.00102037263798877,0.00439443011565051,-0.801259400849349
"TRAK2",-0.943205443767655,7.91352114815016,-3.62839499404535,0.00102270122795638,0.00440173141518562,-1.07396604981545
"NDN",0.637913043108914,4.61378860312993,3.62706536552053,0.00102638321424545,0.00441484512513622,-1.06457387851179
"LDOC1",0.828459744324963,5.06797437618757,3.62641548694666,0.00102818752441466,0.00441850478034392,-1.08476314485801
"ARL1",-0.700586596619543,4.87353722928115,-3.62540558941936,0.00103099749307996,0.0044278428016057,-1.0963707224122
"TRABD",0.723757544365497,4.13897967886249,3.62500664018798,0.00103210959313833,0.00443125001970634,-1.03411741945274
"PLEKHF1",1.03676478401404,2.54333457507069,3.62479769334271,0.00103269251204068,0.00443238385377879,-0.85460160208094
"SSC5D",0.938526720059988,2.93412858850155,3.62455427077466,0.00103337201399255,0.00443393140077914,-0.906255518525093
"ZFHX2",0.697084402200609,5.94907289968427,3.6240375418205,0.00103481587521392,0.0044387566483258,-1.1156461811665
"CBFA2T3",0.850727146605432,3.83169590170441,3.62308874226277,0.00103747214077963,0.00444740601329586,-1.01308095285849
"VPS13A",-0.690973467608232,7.00422667310663,-3.62245834623344,0.00103924065822451,0.00445224148864012,-1.11537021282299
"SLC22A18",1.05507002150456,0.74647948382355,3.62160501923555,0.00104163924761142,0.00446023614411928,-0.750913912399007
"DNAJB9",-0.889200363884814,3.66864870494415,-3.62131935537277,0.00104244341024795,0.00446151026560625,-1.02823622898401
"C12orf4",-0.760890960142304,3.68676108660881,-3.62123255580204,0.00104268787605774,0.00446151026560625,-1.02987797541279
"DYNLT3",-1.00003415752722,4.40062942072038,-3.61953806550457,0.00104747146301815,0.00447418454819364,-1.08721843662481
"H2AFY2",0.698897707660453,1.89647951169793,3.61949936128729,0.00104758097427495,0.00447418454819364,-0.815148433785031
"SCML2",-0.679032382093372,1.59611123078319,-3.6185312915875,0.00105032368526544,0.00448452084538089,-0.808514470412913
"PSMA3",-0.618769522747316,3.35500365585101,-3.61823109248003,0.00105117561600715,0.00448678029282513,-1.00526998872597
"UHRF1BP1L",-0.608122292875179,6.08451607613252,-3.61773671124872,0.00105258007457687,0.00449139600882987,-1.13982627816914
"PPIL3",-0.598055434748848,2.44477427044908,-3.61635301992337,0.00105652060561208,0.00450544461939235,-0.904833715903404
"METRNL",0.866766135809491,3.15205931328813,3.61573720786561,0.00105827893758438,0.00451155896666606,-0.956176132689774
"RANBP6",-0.639757546177914,4.39381751940481,-3.61356716132597,0.00106449773850828,0.00453528886323692,-1.10125780303382
"PARD6A",0.791723051207588,4.36291730354527,3.61342500521724,0.00106490635643222,0.00453563975708356,-1.0819502347655
"BRI3",0.581603017877013,3.98128604862884,3.61132664470454,0.00107095567452884,0.00455861169237599,-1.0624146094768
"SLIT1",0.770843371171802,7.47502272844281,3.60974698772057,0.00107553160881743,0.00457528776798652,-1.13420795315461
"SRF",0.619488126338687,5.81290401067687,3.6091299923499,0.0010773240594368,0.00458150031699836,-1.15370921274727
"SH3GL3",-0.631826496195198,5.73662497577966,-3.60799943369253,0.00108061599772924,0.00459129694389726,-1.163578452575
"INHBB",0.65178907617605,3.22609318267592,3.60507701653242,0.00108917069613193,0.0046234048908782,-1.00185356316637
"KDELC1",-0.640018746025358,1.45651966342464,-3.60433190115722,0.00109136233323482,0.00463095351592412,-0.831424133812399
"ZNF674",-0.637209744652366,2.86508785057803,-3.60424602065336,0.00109161521160145,0.00463095351592412,-0.98629174657273
"ECI1",0.648446486913916,3.4981752847563,3.60349376040137,0.00109383269997302,0.004637071144384,-1.03428809862795
"CENPE",-0.878815662048287,1.14894828241029,-3.60336577302697,0.00109421041152687,0.004637071144384,-0.813972366088666
"RXRG",0.79956889683305,2.64269462017033,3.60330443155346,0.00109439148501826,0.004637071144384,-0.93037852463668
"ASAH2B",-1.17594732434413,1.43496039910848,-3.60149120374461,0.0010997570822344,0.00465554901255255,-0.838447191753765
"GUCY1A2",-0.804503139250186,6.48650021767144,-3.59992046194539,0.00110442573953443,0.00466962488777604,-1.18226995447793
"CAMK1",0.74397413640585,4.50229487086053,3.59900839642022,0.00110714545002478,0.00467780771339835,-1.12790180117118
"ETNK1",-0.653654169690484,5.72468889517671,-3.59680751578991,0.00111373507533006,0.00470183571735151,-1.19205625349072
"ZMAT1",-0.940056140674515,5.60409257740325,-3.5963206539376,0.00111519790894381,0.00470652894579502,-1.19179280331552
"SAMD9",-0.743781036870159,2.8740676318604,-3.59621225072587,0.00111552387256471,0.00470652894579502,-1.0081349280774
"SPOCK3",-0.834003303495861,5.6851607433022,-3.5955071980639,0.00111764618947354,0.0047126227861878,-1.19495657604544
"TIMM44",0.609745727047004,4.50972571348215,3.59527015068832,0.00111836061735,0.00471420536761666,-1.14053927823298
"HELB",-0.667157059983184,3.22386616036951,-3.59509632015497,0.00111888479977163,0.00471498529446049,-1.04999674667809
"DNAJB4",-0.795455148263088,5.33440281967998,-3.59469645363701,0.00112009149329473,0.00471863998175251,-1.19086942325217
"RNF43",0.835116574095786,2.36268248012,3.59443772704587,0.00112087293519042,0.00472050152832997,-0.92260587867442
"CHD1",-0.687832974506064,5.60515626881064,-3.59349553839666,0.00112372313279261,0.00472963941631331,-1.1991538197681
"LYSMD3",-0.664446721058181,3.51079998143773,-3.59310768313554,0.0011248984667779,0.00473315329453582,-1.0844292313123
"APRT",0.587011115903341,3.01280178929247,3.59187231610734,0.00112864999850056,0.00474750144603775,-1.01096614109041
"SALL2",0.662123509357426,6.52375925473511,3.59087629593116,0.00113168351532798,0.00475882160619769,-1.20067483550247
"POLR2B",-0.616964142026428,5.31102270787499,-3.59044266111234,0.00113300667784163,0.00476294491543826,-1.20090314379556
"ZNF582",-0.682474045593678,2.27197498033581,-3.58896871312202,0.00113751539783732,0.00477900848012524,-0.95378750762039
"RPS6KA6",-0.820760646760354,3.46545208627831,-3.58792290933541,0.00114072499119097,0.00479104496300206,-1.0936586824942
"PYGO1",-0.675186886479675,4.32809321266545,-3.58719722280746,0.00114295729445967,0.00479752183199831,-1.16446724236305
"SIPA1",0.743046643758905,4.96708385554774,3.58688796328317,0.00114390990177835,0.00479862264771354,-1.18479876313632
"EEF1E1",-0.686956517803435,1.8219851572413,-3.58528329212942,0.00114886511275593,0.00481650265305577,-0.912173077594629
"TMEM175",0.616184998364563,4.62200238697636,3.58486931140066,0.00115014685342393,0.0048204225373227,-1.17393740013857
"CLEC2D",-0.763333103767546,2.22914360257594,-3.5826660980933,0.00115699164811946,0.00484472828077011,-0.96460840558391
"TMEM218",-0.610479158428658,2.75109736482808,-3.58139358217045,0.00116096298055253,0.004858430871656,-1.02986917110504
"NMRK1",-0.81250955632898,3.02335635031232,-3.57888567865376,0.00116882847658372,0.00488399563614875,-1.06907353975606
"RYR1",0.733433882140648,6.89738094582448,3.57753972215674,0.00117307104290596,0.00489877850359827,-1.22893655976819
"ST8SIA1",-0.580693585873536,5.15395727944162,-3.57686805439013,0.00117519377197349,0.00490616931470735,-1.2307545134838
"ITGB3BP",-0.856230078131039,2.09956753641374,-3.57627717454391,0.00117706425664044,0.00491250294080319,-0.96538333599964
"VWA7",1.23544941020758,0.817417183869568,3.57484811014763,0.00118160002298532,0.0049255182967142,-0.860747675536829
"SLFN5",-0.713521289873925,4.77764917277011,-3.57189308244943,0.00119103287560689,0.00496335103018195,-1.22871112205166
"CHIC1",-0.960871830662306,4.9707262037501,-3.57165332152254,0.00119180141663138,0.00496506541624497,-1.23771036059767
"RBL1",-0.600982931680836,3.34214832743474,-3.57142269257798,0.00119254113884066,0.0049666587513969,-1.1222433176321
"PIGP",-0.712250840633172,3.79266604532022,-3.56865946655736,0.00120143860297012,0.00499772575059565,-1.1725566131664
"SEH1L",-0.704136450544942,4.66167894930414,-3.56738772299707,0.00120555513439108,0.00501334952985486,-1.23438382091419
"NSMF",0.64957460168952,9.00471593765207,3.56683209048152,0.00120735795717124,0.00501934519156534,-1.19088116818772
"DNASE1L1",0.674756835062273,3.61450794575022,3.56659942694283,0.00120811363998878,0.00502098529839284,-1.14131121832312
"MBTPS2",-0.747593362814305,3.77106117725646,-3.56495136527168,0.0012134796150947,0.00504002265557201,-1.18002521257979
"LTV1",-0.601628984032036,3.30190168594591,-3.56485873679623,0.00121378189115631,0.00504002265557201,-1.13438562018956
"JAKMIP1",0.807146534442078,5.81919384094977,3.56433845118119,0.00121548110355391,0.00504406516465864,-1.2648885504498
"SLC9A1",0.623899790356395,4.8682888144184,3.56168707715828,0.00122417612974612,0.00507711711089813,-1.24645932818945
"SYNGAP1",0.615684115238185,8.14771145638218,3.56003520530616,0.0012296237681321,0.00509666953624702,-1.24108079636047
"NEURL2",0.837232370766843,1.44122257707954,3.55918852455752,0.00123242509290254,0.00510617760342271,-0.923908274238928
"EXOG",-0.782126156063541,3.77921416150363,-3.55911993968772,0.00123265228291516,0.00510617760342271,-1.19562675148107
"SEMA4G",0.697454565889485,3.21541217365347,3.55788756634135,0.00123674148454912,0.00512159074119807,-1.1176383781097
"EMP3",0.783625533680296,2.1118077615761,3.55685950999791,0.00124016277750606,0.00513270108153894,-0.988628566788397
"ADAMTSL2",0.712785232476124,3.87220204880742,3.55671057383905,0.00124065918499286,0.00513322737790796,-1.18825795634095
"DNAJC15",-0.867443911854843,5.46716737880208,-3.55644778804607,0.00124153552503376,0.00513532486433183,-1.29117603809018
"SLC39A1",0.59032600853826,4.38482154476982,3.55589022845657,0.00124339686418292,0.00514149411239467,-1.232356512218
"ETS1",-0.768101240597838,4.39499516465337,-3.55515012891887,0.00124587176270787,0.00514866505504305,-1.25052856419536
"DIMT1",-0.672871249421319,2.37039382614258,-3.55374248659045,0.00125059209780507,0.00516663635770762,-1.05222139036562
"TPD52",-0.854072503370554,5.55206523306828,-3.55356039535795,0.00125120397903411,0.005167411291302,-1.30005822952205
"ARHGDIG",0.612577271165027,4.96752561710044,3.55335492183711,0.00125189477982342,0.005167411291302,-1.272307925494
"NME3",0.76131592508784,2.69683807452302,3.54802104576848,0.00126995698823099,0.00523510181442732,-1.08031306862166
"RPL7A",0.606364029570496,7.04730016798575,3.5479565758772,0.00127017683930825,0.00523510181442732,-1.30209730872328
"SLC35D2",-0.830472069912954,3.50615353565725,-3.54748260307873,0.00127179428225483,0.00524021461526577,-1.19976539785574
"FAM189A1",0.758144826293822,6.80433521615711,3.54734675499961,0.00127225823437834,0.00524057302943042,-1.30719350067581
"ZNF107",-0.731364137146953,3.68781272151244,-3.5460785383138,0.00127659739387131,0.00525222165421692,-1.22035001695338
"MEST",-0.815345819471224,5.05746727047639,-3.5447936848293,0.00128100808115102,0.00526725061939116,-1.30926309721771
"RUNDC3A",0.617795398897076,8.07017661337218,3.54254400743126,0.00128876639265253,0.00529601844240479,-1.28797677668512
"GLTSCR2",0.637055307427986,5.8529614402308,3.54011504670279,0.00129719403784233,0.00532750118584465,-1.33001107806158
"ANXA5",-0.581088414856735,5.60997511078324,-3.5380504720215,0.00130439929948888,0.00534919146356769,-1.34019558684182
"RASL10A",1.01955984770812,3.58000389143854,3.53629736249031,0.00131054795374139,0.00537282148419724,-1.19756371443207
"AGPAT3",0.584739585064328,6.53884175776732,3.53559623388659,0.0013130148539688,0.00537743325729231,-1.34171023159062
"DGCR6L",0.833752595597956,4.90524701450975,3.53437179085557,0.00131733379910595,0.00539184875025059,-1.31385830139322
"EVI2A",-1.09802354500709,4.17654029209014,-3.53417263580045,0.00131803757178917,0.00539184875025059,-1.28934869338786
"RAB30",-0.75023698339132,6.14362627656302,-3.53135836839724,0.00132802158296429,0.00542525890284149,-1.35970330029809
"ITGAV",-0.586597694088238,6.89281548695444,-3.52996615622733,0.00133298766371159,0.00544394668064587,-1.35353225436121
"SLC6A8",0.669011330046821,7.50264804801665,3.52910317450064,0.00133607497080273,0.00545495278828179,-1.33891583868108
"CAPN15",0.7215639728551,5.77327515311443,3.52666841119701,0.00134482264105859,0.00548905588843114,-1.36187626568782
"UPF3B",-0.591686501448695,2.8420973937183,-3.52529208440047,0.00134979202055713,0.00550610583033605,-1.18067777341506
"ABHD14A",0.723710352758473,3.24661802267331,3.52315568442347,0.0013575409282405,0.00553609093118202,-1.20449730122676
"RPL26",-0.687533596295877,6.4938501664058,-3.52086376821544,0.0013659017403481,0.00556550695454144,-1.38338605926175
"ABLIM3",0.695026073796517,5.52020910796962,3.5199374142572,0.00136929515257126,0.00557590366699658,-1.37446949014881
"TMX4",-0.668049835851247,6.22655122357019,-3.51993361117362,0.00136930910078595,0.00557590366699658,-1.38831884453564
"YIF1A",0.763669508812386,3.19295885294022,3.51877639189991,0.00137355971389898,0.00559157456592201,-1.20651060298714
"SLAIN1",-0.617891799583816,6.90005412474317,-3.51823144028674,0.00137556580677244,0.00559810182838128,-1.38305735436202
"BEGAIN",0.924818235918713,5.85179493930854,3.51793852537225,0.0013766452647246,0.00560085527369077,-1.38252563178939
"SLC12A4",0.663251733308359,5.36602965969239,3.51756899622437,0.0013780082321025,0.00560476022313897,-1.37653738271594
"C5orf49",0.782520210906354,2.72133291068222,3.51626794334018,0.00138281741437688,0.00562267554684628,-1.15461852209604
"CAAP1",-0.624000005863333,2.2489853578388,-3.51446574762403,0.00138950582743206,0.005647697083968,-1.1350876138836
"ANAPC2",0.604475027539054,5.52573067052373,3.51439108096213,0.00138978360841998,0.005647697083968,-1.38895850746028
"ZNF677",-0.792243750015474,3.43791829927308,-3.51426761616883,0.00139024304998631,0.00564791317384851,-1.27644038227978
"MAPK11",0.763831673905126,4.87109505234545,3.51116768574411,0.00140182687108036,0.00568900065422781,-1.37248624014116
"PCDH8",1.23034527525473,5.77100762882208,3.51112322541233,0.00140199368733883,0.00568900065422781,-1.39253371220347
"TRADD",0.728529114437526,2.63950068544499,3.508806017282,0.00141071452462134,0.00571604585289592,-1.16803480467344
"CD37",0.741654126561054,2.8590919965283,3.50641899881015,0.0014197529200491,0.0057459694598319,-1.20226512571427
"CHMP2B",-0.66685117011386,3.4872210977703,-3.5062322780858,0.0014204622899967,0.00574716727460248,-1.30127889253893
"PARP12",-0.591687472338284,3.36780713073054,-3.50587998019379,0.00142180163662808,0.00575091252615758,-1.28978942709838
"ZNF787",0.64721314389938,3.9425555563412,3.50576972964868,0.00142222103177669,0.0057509356555438,-1.32298891722915
"EMID1",0.77859855166412,4.53432000897419,3.50443684679426,0.00142730081437356,0.00576812090738988,-1.36922962846801
"TIPRL",-0.751846796213589,4.03863460503728,-3.50392426237704,0.0014292590026663,0.00577405693587901,-1.35552978130927
"SPIRE2",0.621737195533108,4.80216142430269,3.50383498094176,0.00142960034335315,0.00577405693587901,-1.38822241800407
"ZIC2",0.864956117341699,4.59534592735659,3.50274764038315,0.00143376379102293,0.00578919088666883,-1.37637768193152
"PAPLN",1.05182859251009,5.45399997039829,3.50186178851304,0.00143716439548807,0.00579955280873007,-1.41183535931982
"ABCA10",-0.692359879066847,3.29102065228491,-3.50145948325659,0.00143871133598909,0.00580245592305646,-1.29274752382274
"MYCN",0.648988002890329,2.32922437366032,3.50145760280092,0.00143871857047731,0.00580245592305646,-1.15045139033284
"NDOR1",0.641864257709725,4.26599669079932,3.50062173462756,0.00144193780575655,0.00581206708484417,-1.36235238689837
"MAP2K6",-0.656831720027989,3.1921699683076,-3.498841542833,0.00144881719602883,0.00583641166594983,-1.28858489017541
"MT-CO2",1.60928024264231,12.8044960210948,3.49497102662633,0.0014638840769378,0.00588857535809874,-1.15276749936752
"GPR75",0.587917013788915,5.45481329346427,3.49452498316651,0.00146563010298312,0.00589389346013055,-1.43805824700017
"GAB1",-0.625874495181562,6.90420711957208,-3.49351206149677,0.00146960263638745,0.0059060552366214,-1.445418415176
"ATP6V1C1",-0.852267141960696,6.13058661430507,-3.4934289962087,0.00146992886769602,0.0059060552366214,-1.4556001790343
"CDKL2",-0.682698258468296,3.77869694582056,-3.49168229511057,0.00147680510416062,0.00593025550492228,-1.36486586288207
"DTWD1",-0.98246688328535,5.55051951246126,-3.48857522080227,0.00148911360479812,0.00597105778306994,-1.46443667052598
"PDXP",1.35550398750533,6.15019074545312,3.4883630458994,0.00148995772908038,0.00597271982401253,-1.45293238005485
"WDR3",-0.695544051810159,3.8620682910537,-3.48753207621825,0.0014932681414057,0.0059823447482593,-1.38246154320304
"C21orf91",-0.824218120006784,5.11296923307907,-3.48743640407117,0.00149364973537678,0.0059823447482593,-1.45625801991449
"SENP7",-0.588339865449752,5.3197477293868,-3.48617107061427,0.0014987054622733,0.0060008650162798,-1.46557914517441
"RDH11",-0.591038970019036,4.7872197902138,-3.48601387177129,0.00149933471430417,0.0060016559741597,-1.44594563433731
"FKBP2",0.668818295558222,4.2387924680966,3.48450649829771,0.00150538155803732,0.00602066007475112,-1.3999508446156
"ARSE",0.927451857037399,1.26294598241792,3.48382633031421,0.00150811776513862,0.00602699646798095,-1.09324641314815
"PYGM",0.796950125413447,4.78545585090405,3.48057062317758,0.00152128162044445,0.00606853861905845,-1.44324053803216
"CCDC177",0.646316181225056,3.37568858847091,3.48022345994279,0.00152269184147958,0.00607242168108122,-1.33024319997093
"POC5",-0.634376771851439,2.88192126559004,-3.47903159922295,0.00152754294483695,0.00608827466144591,-1.30104842050924
"CCDC112",-0.770045670029053,2.63776664699327,-3.47859963151468,0.00152930481924938,0.00609354989888358,-1.27262304174481
"CDKL3",-0.743153813418987,2.00497537518823,-3.47822577082886,0.00153083127567694,0.00609788435371371,-1.1950137781769
"CBX6",0.610672114914353,9.19944002739694,3.47717978459867,0.00153510981178174,0.00611142514415513,-1.40792719557389
"CROT",-0.62921532103514,2.45194450869893,-3.47635418320711,0.00153849503093272,0.00612139608472431,-1.2539048731063
"MSX1",1.02736222385598,2.60731683211478,3.47591225121221,0.00154031004877814,0.00612686417685657,-1.2388918284983
"NR2F6",0.706177899882708,4.6117504386922,3.47299804817251,0.00155233057746372,0.00616585705368589,-1.45483003534126
"EXD3",0.745064798821685,4.72022838672378,3.47217060751313,0.00155576008900494,0.00617771401238124,-1.46149923627227
"CLIC2",-1.09825133647513,1.88559868220911,-3.47029010254174,0.00156358148640916,0.00620168611242801,-1.20095496746702
"DHRS4",0.846417943767234,2.08287599027715,3.46964706293153,0.00156626471719525,0.00620878588492966,-1.19046043322367
"ADCK5",0.622339543874596,2.64621262445882,3.46905247750329,0.00156874971707333,0.0062145376864731,-1.26981607526762
"PSD2",0.691850521036085,7.57535093693911,3.46897907105646,0.00156905677453033,0.0062145376864731,-1.48848778585709
"INPP5J",0.83905419435462,4.64022256764584,3.46770000023547,0.00157441642101429,0.00622413977004636,-1.46841601874524
"RNF144B",-0.827834174607961,4.3567843578338,-3.46765265893404,0.00157461513244519,0.00622413977004636,-1.46886922086995
"THUMPD2",-0.624788705920015,2.81977987981458,-3.46723880769658,0.00157635327209714,0.00622746893682708,-1.32262226203915
"SYNGR1",0.585701295285508,8.65069251278714,3.46646314891086,0.00157961596262772,0.00623858554330982,-1.45877848997262
"RPS9",0.688352117689048,6.40211342699098,3.46635346991909,0.00158007783634616,0.00623863734191547,-1.51708197955242
"ITGA2",-0.831957693404659,4.73495085942594,-3.46545449360036,0.00158386846916161,0.00625035435303237,-1.49575239193032
"CELF5",0.658001143619841,6.78860075206837,3.46512080168069,0.00158527775071703,0.0062523190682995,-1.51575928227253
"SH2D5",0.683573678229043,4.55896113613096,3.46510559151412,0.00158534201667068,0.0062523190682995,-1.47181097118345
"BAIAP2",0.655138228940785,6.40631615995884,3.46465976885608,0.00158722682288485,0.00625797711053465,-1.52123740318016
"MOSPD1",-0.877645921351048,1.40857511452712,-3.46422339276253,0.00158907378651138,0.00626348278425892,-1.16725453052917
"KCNQ2",0.717279694146969,9.33782363396748,3.46381412803194,0.00159080788630612,0.00626854059961101,-1.43401136248729
"FAM117A",0.701828016215403,2.75714057651578,3.46368974691104,0.00159133526465821,0.00626884183884342,-1.29619081561113
"ZNF597",-0.648574335355092,2.74708305092635,-3.4611988282072,0.00160193240764262,0.00630801706812027,-1.32873375875784
"COPS8",-0.841966450975517,4.36281243776029,-3.46113910326307,0.00160218733042243,0.00630801706812027,-1.48552789982246
"PAQR3",-0.780214566107112,4.22514487485445,-3.4606062384327,0.00160446348037606,0.00631340257690007,-1.47753117487374
"SAXO2",-0.611015233034959,1.96764974097815,-3.4603385706806,0.00160560800942102,0.00631611843434382,-1.23291960737313
"ZNF160",-0.594202899122966,5.3700908292343,-3.45998026849208,0.00160714131857653,0.00631968103991504,-1.53274505995255
"SHANK1",0.685386908663157,8.53031722888595,3.45991452145479,0.00160742282816426,0.00631968103991504,-1.47961615717766
"POLR2K",-0.740189767484526,3.3436664367435,-3.45947769667613,0.00160929439297624,0.00632481384100946,-1.4034227961163
"ZNF483",-0.695975963741057,7.55090798803167,-3.45918295185263,0.00161055840787423,0.00632551790090818,-1.51450516458048
"MCTS1",-0.764187824508817,2.80557006885613,-3.45902198562778,0.00161124911694186,0.00632551790090818,-1.34211215828942
"HIRIP3",0.636102104854661,3.95915029392903,3.45889922683926,0.00161177606932923,0.00632551790090818,-1.4421290306681
"PIM3",0.766777289801246,4.90533268552934,3.45870741050977,0.00161259979000039,0.00632551790090818,-1.50494776384656
"PCBP4",0.63713273287715,5.84305283233416,3.4586510609099,0.00161284185040271,0.00632551790090818,-1.53512806418779
"SEZ6",0.790391343508962,4.92306277096308,3.4585242993901,0.00161338650674721,0.00632551790090818,-1.50642616802473
"NCAN",0.726607620206342,7.87573555876412,3.45804203954769,0.0016154602558199,0.00633158400800909,-1.50691537620278
"ERBB2",0.821564240958156,5.28865450405027,3.45784065227415,0.0016163269955334,0.00633319557269036,-1.5219433106179
"CASP4",-0.783669005456663,2.66064897834169,-3.45760618328329,0.00161733667927379,0.00633491062960117,-1.327482853837
"LMBRD1",-0.781756697448224,4.98350504188133,-3.45620629995784,0.00162337761420309,0.00635187041729563,-1.52998529887794
"ITM2C",0.594089694296527,8.33677802332016,3.45522651101538,0.00162761865736741,0.00636488173691187,-1.49875679506844
"CACNB3",0.637032132074295,5.49312078265837,3.45501806622157,0.00162852229459657,0.00636662456115902,-1.53782567943464
"AC011043.1",-1.15332181255505,1.64906424076823,-3.45339595811008,0.0016355709205086,0.0063905865477545,-1.21649972764014
"ESD",-0.678754499629324,4.43466721287727,-3.45251765634289,0.00163939972382768,0.0064001502276474,-1.51106199205803
"MBD3",0.742156310400632,6.68920802986977,3.45240376773134,0.00163989683433432,0.0064002935965513,-1.54875458939496
"TIPIN",-0.618184469204347,1.4694610137091,-3.44944395207898,0.0016528672095948,0.00644299281243145,-1.20694267069342
"HEPACAM",0.769754917629659,8.17289916009204,3.44936736545171,0.00165320413436343,0.00644299281243145,-1.51883363791934
"LRFN2",0.669505058342266,4.28315156677714,3.44927329492646,0.001653618066088,0.00644299281243145,-1.49176321061473
"SKIL",-0.701308450717826,5.40586975851515,-3.44911064378261,0.00165433400406458,0.00644397627472844,-1.56107502859778
"BLVRB",0.741208326733891,3.30290610251631,3.44749073802008,0.00166148064729507,0.00646818929114982,-1.39836991391495
"ZNF571",-0.737098849883455,3.173130543291,-3.44545519899847,0.00167050320189742,0.00649603790567217,-1.41936962316761
"OSMR",-0.623528433858308,4.81930655340218,-3.44519518940708,0.00167165909667016,0.00649700585522721,-1.55024159020984
"GNG5",0.863009347517774,1.8595648568456,3.445188959068,0.001671686803636,0.00649700585522721,-1.23216513154525
"FAM160B2",0.588952484631934,5.29735719171917,3.44364343629086,0.00167857360623096,0.00651648429874974,-1.56141836318221
"ST8SIA4",-0.822135142678257,2.73335896576997,-3.44303027300919,0.00168131341881742,0.00652529847805689,-1.37270265119722
"FAAP20",0.68250084539496,4.11442859856523,3.44243225112614,0.0016839897295374,0.00653386135083142,-1.49574044657497
"PPAT",-0.752877472887354,3.119448887713,-3.43960062422312,0.00169671792107086,0.00657773913517209,-1.42775037445632
"HERPUD1",-0.636305621478258,5.02033673280724,-3.43931490236888,0.00169800738519196,0.00657906874831067,-1.57365791182675
"CPD",-0.66063285033775,6.54797845654651,-3.43875259704108,0.00170054783270766,0.00658524121735429,-1.58957417742299
"GDF1",1.22801777067213,2.33492690703209,3.43797116635027,0.001704084357392,0.00659709850639476,-1.29051676622069
"RLBP1",0.900551929937609,1.56873633430276,3.43714196466395,0.00170784483580455,0.00660379372241963,-1.22568128471313
"ZBED8",-0.635235128918114,2.92242022059568,-3.43695012706426,0.00170871596982575,0.00660379372241963,-1.4100977105311
"ABCG4",0.702397664188923,3.84458289636475,3.4369377859205,0.00170877202559391,0.00660379372241963,-1.48511307601038
"NDUFA5",-0.907217241805714,4.56019077404858,-3.4354637170645,0.00171548029184294,0.00662645374192846,-1.56178395001534
"NDUFA7",1.01128211384303,2.21401372475627,3.43181094939342,0.00173221310509829,0.00668180537932199,-1.2962296863038
"WDR34",0.755703927356147,3.15618386461035,3.43053139201876,0.00173811171054949,0.00670044854529201,-1.42284600836506
"TNS3",0.879661836439556,7.78813466479918,3.43034466230415,0.00173897412972332,0.00670044854529201,-1.57860272413035
"ENY2",-0.627102402792561,3.71470755355522,-3.42857034588524,0.00174718949784716,0.00672837351774826,-1.51647742527998
"PGAP3",0.650558684650975,4.14077697626497,3.42826869147949,0.00174858992230098,0.00673190171692835,-1.53345395863179
"FAM131C",0.89037464925373,2.54636953711185,3.42731975242145,0.0017530024127447,0.00674328708964494,-1.34982511250825
"SRSF6",-0.635424994115365,6.06488017602868,-3.42691245081729,0.00175489962325569,0.0067487177213003,-1.6231389449817
"NENF",0.580597047970186,4.46167081440776,3.42344599154961,0.00177112669524092,0.00680171362354676,-1.57173142469804
"MSRB1",0.754496811220723,3.13654722455807,3.42153783464546,0.00178012071658418,0.00683247879678443,-1.44328078988619
"CNIH2",0.869378617044355,6.63369168793947,3.41997152251111,0.00178753634973854,0.00685499449193994,-1.6297684350294
"FUZ",0.621013774221955,4.02287646650513,3.41901212290284,0.00179209327769999,0.00686327293294361,-1.54690091085246
"STX6",-0.698982716339205,5.20705184041086,-3.4181926253912,0.00179599456705806,0.00687442634120076,-1.63314902677489
"EPHA10",0.731350790722407,3.5365604563383,3.41644030432209,0.0018043641256301,0.00690266100014026,-1.50378544198786
"JTB",0.667829144624929,4.54595675732732,3.41607869390406,0.00180609594708496,0.00690738538002067,-1.59389290143299
"GGT1",0.656712647313575,2.97939614079027,3.41547457461037,0.00180899276385822,0.00691656144201236,-1.44337628707118
"SLC39A10",-0.601445158559944,5.70928246443213,-3.41513996072297,0.00181059919955761,0.00692015064095164,-1.6510571140204
"CDC7",-0.744471523119803,2.66387493493549,-3.41499756247657,0.00181128325104962,0.00692015064095164,-1.43255215822946
"USP44",-0.98027502983803,0.703675920160272,-3.41496809368459,0.00181142484408164,0.00692015064095164,-1.23823188718566
"DBNDD1",0.630023607892848,5.29156039525684,3.41447425710939,0.00181379924083464,0.00692731786980309,-1.63403056628124
"IFI6",0.943200710151252,4.16377565819761,3.41286965879598,0.00182153497025161,0.00694922589364376,-1.56540406682519
"RWDD4",-0.628673243858045,1.89509848550385,-3.41242259895292,0.00182369589108868,0.00695556111876952,-1.34087084981969
"UBE2N",-0.788050895120532,4.86806040727082,-3.4119265156942,0.00182609666408424,0.00696280741198551,-1.63591716779189
"RHOT2",0.643147362747676,5.401222817864,3.41086807419754,0.00183122912883967,0.00698046266770746,-1.64564088786264
"ZNF219",0.834796176850418,5.55139696204175,3.40978559059495,0.00183649255032884,0.00699860730117091,-1.65082903415797
"UBALD2",0.663586997881758,4.04493223569825,3.40907959211407,0.00183993321670573,0.00700876678659993,-1.57327045425127
"FBLN2",1.08349202361161,3.04380693949234,3.40892838061613,0.00184067094935091,0.00700876678659993,-1.45745118214242
"PLEKHH3",0.682910282416155,3.35921257724838,3.40780348582391,0.00184616805343534,0.0070277733512755,-1.50679085291074
"SDK2",0.638542685231931,5.02252634504174,3.40564739466667,0.00185674861970669,0.00706418153014845,-1.6450266587591
"RCAN3",-1.02266971219996,2.31101497318477,-3.40532960290927,0.0018583130472757,0.00706819917461746,-1.41111604518185
"FRK",-0.644851483795081,3.20675304759124,-3.4050310453363,0.00185978394541287,0.00706992518707405,-1.52299364044884
"LACTB",-0.599422445637955,2.50474875435472,-3.40470644911847,0.00186138440015221,0.00707214154985406,-1.43604073806139
"UQCR10",0.639968053216691,3.37226642266917,3.40411481474799,0.00186430492721014,0.00707936823219759,-1.51863099178641
"RALGPS2",-0.954006210561579,3.7928507727997,-3.40266675838892,0.0018714717059017,0.00710076409810193,-1.58863132781807
"BARD1",-0.627232518881914,4.12328392787719,-3.40123822102542,0.00187856787919786,0.00712574369893824,-1.61828099765364
"FAM50B",0.589714949705517,3.67386010012799,3.39906507626583,0.00188941256652447,0.00716297068443502,-1.56404822343196
"FBXL7",0.64286299109955,5.15432092961449,3.39895642430945,0.00188995635419662,0.0071630788538826,-1.66720710081954
"RBM8A",-0.598505627156558,5.66740279749791,-3.3946609804343,0.00191157561930349,0.00723515498490528,-1.70168902431085
"ZBTB7A",0.614002391233562,7.27189658289376,3.39417718987935,0.00191402543938014,0.00724245554117111,-1.68374337004195
"RBM43",-0.622800947538591,2.65882633791191,-3.39321057048402,0.00191892926726765,0.00725789450621665,-1.48435883857243
"TM4SF18",-1.43620535338796,2.16371660166674,-3.39316716047922,0.00191914977735955,0.00725789450621665,-1.41861522797981
"RP11-27I1.4",-0.803289956748481,1.19882452838192,-3.39207921461828,0.00192468419825653,0.00727091296852235,-1.32099300329974
"AC013461.1",-0.64044173653843,5.23959863528416,-3.39146583743472,0.00192781124166692,0.00728074759077794,-1.70071893372752
"ZNF461",-0.585933487848558,2.89209834096959,-3.39067087144146,0.00193187131749006,0.00729141921875931,-1.5203754051967
"PRTFDC1",-0.591275964196364,4.01451707642477,-3.39060455976632,0.00193221035835918,0.00729141921875931,-1.63605049163294
"GRAMD4",0.610604695468766,6.01434888576465,3.3903508415681,0.00193350810746676,0.0072923574905054,-1.70803081878178
"QPRT",0.902626834796163,3.2363233440971,3.3893825954708,0.00193846832819304,0.00730710051478841,-1.52827571826433
"ZNF251",0.923272545538523,4.34616232134387,3.38917432608344,0.00193953686976078,0.00730716573534263,-1.63986129939665
"RPUSD1",0.734698965861749,3.60952818054224,3.38823464809364,0.00194436501260466,0.00732337101198319,-1.58159333265514
"ZNF620",-0.990098536401294,1.88179352008064,-3.38789887413078,0.00194609305120113,0.00732789425725841,-1.39989072016134
"TMEM136",-0.992049211036663,3.32881065464941,-3.38714413229412,0.00194998267870815,0.00733856502420161,-1.58116139400025
"HMGB2",0.606382442593745,3.17550699012557,3.38512662383255,0.00196041685933548,0.0073758363135269,-1.54175107327905
"OLA1",-0.708530288462523,4.63898133994733,-3.38494914973139,0.0019613372900614,0.00737730276148093,-1.6917065212946
"RGMA",0.732053329246493,6.74148168273612,3.38464818038625,0.00196289915291341,0.00738118042299221,-1.71736648325085
"DNM1L",-0.728172666826096,5.70717937599512,-3.38185683624377,0.00197744182535493,0.0074298814970689,-1.73411852728034
"PTPRU",0.633468895854559,6.50382828621287,3.37964431807192,0.00198904248306637,0.00746535329362546,-1.73328320484197
"TBC1D16",0.685070246293206,6.46028518236672,3.3794909803771,0.00198984888443559,0.00746636415423037,-1.73387641923721
"DLGAP3",0.816603403093959,8.0495076507102,3.37780911174018,0.00199871449171684,0.00749356226101605,-1.70123365164049
"RP11-977G19.10",1.32444208514753,1.06131457457892,3.37760620213842,0.00199978665205989,0.00749556053840295,-1.32551991183485
"PDE1A",-0.972151292146342,5.05085764145417,-3.37614155225421,0.00200754219379677,0.00751449961716819,-1.73253031119908
"MYPOP",0.620699582891954,4.2485549124432,3.37540016683643,0.00201147896656783,0.00752479032781779,-1.67482502946944
"CAMK2B",0.68685089295924,7.86621023612217,3.37463948939722,0.00201552590109782,0.00753536881744972,-1.7153657552382
"ECE2",0.622426394402098,4.34744797816419,3.37458282173255,0.0020158276961657,0.00753536881744972,-1.68338038127044
"FTL",0.931961426471216,9.68002451022436,3.37434156152678,0.0020171130627275,0.0075381467199026,-1.63651283640221
"DCBLD1",-0.592064911759726,2.60449418131844,-3.37403604129138,0.00201874192039534,0.00754220644378823,-1.52459730541324
"TCF7L1",0.694318395214862,3.11059495274415,3.37206410148202,0.0020292856528404,0.00757956183390307,-1.56370543240876
"GHDC",0.621111626306154,3.40276688863032,3.37142492595364,0.00203271460604211,0.00758829174360833,-1.60134066615191
"PARP9",-0.639290618625588,4.28430387815452,-3.37122118519866,0.00203380877513318,0.00759033814547692,-1.70396271775057
"SEMA3B",0.920668836988506,6.56526046278626,3.37030091118894,0.00203875807775462,0.00760531692329107,-1.7536321424384
"MTMR9",-0.704422667111621,5.57900844432003,-3.36918645808588,0.00204476720411528,0.00762509486899426,-1.7639666956111
"ERLEC1",-0.637955919772037,4.24321617549535,-3.3683784416559,0.0020491346771021,0.00763728425766043,-1.70800215492285
"SCAMP1",-0.752043434024492,5.42018469656309,-3.36785297850765,0.00205197971340227,0.00764378938256119,-1.76433864666575
"THTPA",0.611354309501429,3.68968793711626,3.36772992860537,0.00205264649636082,0.00764422491090493,-1.64369462322717
"ZNF518A",-0.985869094128268,5.34904561655099,-3.36753580699447,0.00205369882658371,0.00764609563127121,-1.76324100826849
"ZNF816",-0.947782320970485,2.02452629946365,-3.3670328465793,0.00205642778204983,0.00765179414193051,-1.46729303188909
"LAMTOR3",-0.628842609858308,4.27605566202803,-3.3669976755458,0.00205661874298307,0.00765179414193051,-1.71373275208072
"SERPINB8",-0.941345375862045,1.48165487913454,-3.36684809997628,0.00205743105326833,0.00765179414193051,-1.40627347963923
"ABHD3",-0.831203762690408,2.74317106587521,-3.36624449941567,0.00206071220502696,0.00765989868296385,-1.56208006359586
"MPZL2",-1.2179634724888,2.10981221185733,-3.36535629447601,0.00206554961110061,0.00767377624091949,-1.48192552659299
"ACTN1",0.671343342191806,6.64403898665931,3.36522297399723,0.00206627665292584,0.00767442640368019,-1.76711607077335
"LRRC3",0.827105858340386,1.63495442748289,3.36327762912495,0.00207691332024415,0.00771187205609887,-1.40584367530002
"GPR89A",-1.11670715561671,1.66109514379483,-3.3620360610829,0.00208372942040946,0.00772892380003529,-1.43683715463433
"LAMB2",0.60316843532924,6.4037716252072,3.36178652767305,0.00208510193124285,0.00773195173329904,-1.77883375944199
"MGAT3",0.617370653872613,7.31458757290086,3.36080673628715,0.00209049950096989,0.00774989974999557,-1.76559387365157
"ZNF720",-0.895592426332756,2.95910093544635,-3.35890110706852,0.00210103592490609,0.00778273419345711,-1.60759861166817
"FAM20C",0.617737179381284,5.27478828868419,3.35793059210275,0.00210642161354736,0.0077988238802178,-1.77361795104697
"EFNB1",0.649182300400121,3.13803492947369,3.3579162166925,0.0021065014868521,0.0077988238802178,-1.6055708443299
"DDAH2",0.662726759238345,4.37032333681457,3.35672820542655,0.0021131124445393,0.0078194735258781,-1.72943234332989
"BSN",0.643841257566551,9.73672678285128,3.35671177733715,0.00211320400206618,0.0078194735258781,-1.67829960189864
"HIST2H2AA3",0.853536712343021,2.66979040525104,3.35605055833649,0.0021168922962316,0.00783053390009277,-1.542647884021
"ADAT2",-0.670720839691247,2.08101423204061,-3.3554017754692,0.0021205172374734,0.00783818948028589,-1.50149335701819
"CRMP1",0.600329714092322,6.26762527825411,3.35506974648196,0.00212237468957027,0.00784122647081548,-1.79594839682278
"RAPGEF4",-0.706487280775971,7.74121904765746,-3.35461883616041,0.00212489969831289,0.00784604398564299,-1.76923061487293
"TLR2",-1.12478266329043,3.28961839304005,-3.35449005729928,0.00212562136461157,0.00784662459129849,-1.65705991466789
"EIF2AK2",-0.664285619425853,6.14314350031179,-3.35403814476618,0.0021281557108399,0.00785389452935924,-1.80453634342454
"DNM1",0.776154877592834,8.18588364433822,3.35390390878025,0.0021289090719229,0.00785458968096393,-1.75585896411425
"ARL4A",-0.643398778832024,2.4644174108845,-3.35372801995939,0.00212989658575595,0.00785614813881113,-1.55592546883478
"RAB6C",-0.609491260406642,3.15694726676633,-3.35259564024865,0.00213626479509154,0.00787433533070065,-1.64558588591427
"CSNK1G2",0.603888619977644,6.26087481531245,3.35254915526817,0.00213652660533757,0.00787433533070065,-1.80256918485425
"SYCP2",-0.732714504343013,2.57296601209769,-3.35175960027126,0.00214097820995738,0.00788656043318163,-1.57494485823932
"DFNB59",-0.672516737609643,1.29894956870197,-3.35138228502444,0.00214310870576234,0.00789231714635976,-1.42476529447908
"WTIP",0.926450537109977,3.25068309249463,3.34942054779637,0.00215421846642842,0.00792693094766753,-1.63269192863449
"CDC42SE2",-0.870481009265821,5.42771354487349,-3.3487392230577,0.00215808990015136,0.00793697507722334,-1.81188438533525
"CTDSP1",0.824379857393833,5.56667531353853,3.34670930181746,0.00216966403848445,0.00796900117913101,-1.80757083010473
"GCLM",-0.709305969590698,4.02328747615024,-3.34652965929296,0.00217069118741055,0.00797066795757568,-1.74617537479513
"FAM50A",0.654921794794721,5.23120925793619,3.34572497940655,0.00217529787526868,0.00798336617264657,-1.80179599105562
"FAM151B",-0.644891518389779,1.74408055769168,-3.34502817278937,0.00217929459344671,0.00799592331435633,-1.48525820711024
"B3GNT2",-0.629338484456821,3.179259803826,-3.34364537787281,0.00218724689020478,0.00802086686036055,-1.67080031440995
"TFAP4",0.586531064996425,3.48662121415124,3.34344081942514,0.00218842564820004,0.00802131070825804,-1.67968168024415
"EIF4E",-0.913197665584271,5.43457809068979,-3.34250800439022,0.00219380869383489,0.00803856838737287,-1.8273592563979
"FJX1",0.953447665893589,3.70188590245724,3.34175618591472,0.00219815651244965,0.00805237729540845,-1.69758452744871
"GCK",1.25900111343599,0.875291505281381,3.34158664121233,0.0021991381450117,0.00805385102527731,-1.40094584265828
"HEXB",-0.698002854393976,3.56583413443618,-3.34121058889699,0.00220131692233926,0.0080571276556055,-1.71855097993747
"CENPL",-0.607857668914498,1.85201730527987,-3.34108556495132,0.00220204174727713,0.0080571276556055,-1.50759025383333
"ENTPD2",1.07477754228347,4.19480600236594,3.33845895979269,0.00221732259403058,0.00810546562621356,-1.74801148003982
"ZNF766",-0.931512419889453,3.37217938534406,-3.33821076045163,0.00221877180569878,0.00810546562621356,-1.70622743622485
"PBX4",0.689035786323219,1.11582469495642,3.33816105132589,0.00221906216180181,0.00810546562621356,-1.42785352775671
"B4GALNT4",0.592365227956835,7.18522443651492,3.33672267007679,0.00222747972598388,0.00812127541322525,-1.82840320436834
"CETN3",-0.632161510733258,2.47985814102749,-3.33538721680229,0.00223532240510634,0.00814346228401161,-1.60225573992238
"CEP131",0.794032636696597,3.85124506986563,3.33451169906363,0.0022404784253559,0.00815893457606794,-1.73582992709534
"CPNE7",0.951149582738681,3.39495971945469,3.33427369256221,0.00224188204605312,0.00815893457606794,-1.6784886394711
"CGREF1",0.652144487433706,4.78648561014122,3.33037099428532,0.00226501869829857,0.00823653935227483,-1.82012940118096
"TBX5",1.26755121512713,1.04366781264373,3.32725257838562,0.0022836705321266,0.00829568532469922,-1.44275308460888
"MT-ND4L",1.50288202360952,11.7607915396967,3.32677255900336,0.002286554689812,0.00830300183630434,-1.62091410957924
"TBC1D25",0.624096203467186,4.24511211455275,3.32645718410573,0.00228845149856764,0.00830437293998624,-1.79415523820602
"HBA2",3.90714740891045,0.489731013791498,3.32510366583678,0.00229660935219477,0.00833180146508655,-1.42912518957197
"DKK3",0.627450813486247,8.43519202000138,3.32180105349327,0.00231663207318833,0.00838474852420312,-1.82631114512419
"GUCA1B",0.769653822309554,1.32106936523414,3.32106290276469,0.00232113012117997,0.00839665650394066,-1.48158701161609
"DDN",0.706315606684628,8.63566397656887,3.32033592498661,0.00232556828182077,0.00841052295886376,-1.82184330674486
"LRRTM1",0.844955238976874,4.31652129324799,3.31909060712753,0.00233318982374828,0.00843369862967981,-1.81316384181658
"ARL6IP5",-0.73891862138427,5.25829791365562,-3.31833717940763,0.00233781255968154,0.00844821164665784,-1.8826874696009
"L2HGDH",-0.629690561521123,3.47079383106457,-3.31660249606811,0.00234848935227066,0.00848018155201734,-1.76912207042101
"PSMB8",0.678822370591272,2.60604154113171,3.31008079977594,0.00238905011262216,0.00860429395483765,-1.65000036157992
"KCNT1",0.848334316932015,6.04293118691906,3.30977617446466,0.0023909610326686,0.00860894594047107,-1.90463862512657
"ZNF471",-0.595422626817263,5.78823868552721,-3.30825280725671,0.00240053917771973,0.00863672247636121,-1.91705629028156
"FIBCD1",1.44972891205068,6.10246591165614,3.3078605066024,0.00240301171850257,0.00864338134815595,-1.9009818734793
"MRPS18C",-0.703586084637705,2.75316829843547,-3.30525885804461,0.00241947101090484,0.00869205586579899,-1.71164769688639
"GLIPR1",-1.04705869381969,2.58266229302202,-3.30331385047818,0.00243184669983415,0.00873156865056643,-1.6940168088116
"FAM229B",-0.634996874603502,4.6961455353024,-3.30293280606302,0.00243427831447736,0.00873775810169488,-1.89745425307676
"KCNK12",0.810480147628065,4.30349736867869,3.30257782736908,0.0024365456913413,0.00874363918457065,-1.85268410344504
"C16orf86",0.683216005741323,1.71961659672935,3.30160930699786,0.00244274229303266,0.00876353788685538,-1.563761547343
"MADCAM1",1.28158819599053,0.840188964940406,3.30050595851005,0.00244981995344432,0.00878220654790691,-1.49393723150245
"ASF1A",-0.592131891381819,3.19719737910325,-3.2980076737791,0.00246591851935251,0.00883308406494165,-1.78384753001498
"LRRC10B",0.858859079754091,4.34606563879916,3.29779659039933,0.00246728334919788,0.00883569632162517,-1.86821208470801
"MORF4L2",-0.747525202629242,5.79191711054919,-3.29716911303732,0.00247134479388412,0.00884796171119675,-1.9444219747399
"SNAPC4",0.590360647732265,5.00448930656943,3.29199393163058,0.00250508744520546,0.00894572968488219,-1.92607195215015
"POP7",0.816194719809282,2.25811428515011,3.2915883483635,0.00250775047898401,0.0089529396915346,-1.63933757563703
"TMEM74B",0.664309342799759,1.9499819882214,3.29118735552805,0.00251038604180359,0.00895315206597062,-1.61581271261606
"RSPO4",0.701040450112843,1.41695171140808,3.29067060259202,0.00251378636709744,0.00896070179670966,-1.56221909867787
"KPNA3",-0.640672172955919,5.23738093746164,-3.2906697402993,0.00251379204482576,0.00896070179670966,-1.94998214070573
"MT1F",1.26752631660104,4.29101351226538,3.28942846351349,0.00252197794325174,0.00897698136091062,-1.8706908511694
"FBXO32",-0.778384483089677,6.39988146568273,-3.28941104362418,0.00252209300463063,0.00897698136091062,-1.96204421244987
"CTSC",-0.84934497592693,3.26083535543317,-3.28842617029072,0.00252860645909411,0.00899736037735508,-1.81547420336209
"FAM102B",-0.744077128463052,4.56738645074693,-3.28773022633208,0.00253321880591239,0.00901146567036697,-1.92779124522243
"CSRP2",-0.718593783138646,3.09398849899481,-3.28757457441829,0.00253425148772671,0.00901283299625908,-1.79745449868808
"TNFRSF13C",1.06284725513202,1.83686429819867,3.28745463636927,0.00253504749921025,0.00901335814169333,-1.60090176471473
"IRAK3",-0.728887636411462,4.17994043997749,-3.28547711314092,0.00254820665692632,0.00905088629141281,-1.90807873139287
"RP1-130H16.18",1.44913226474029,2.1256445949366,3.28511729187484,0.00255060807207769,0.00905710176705595,-1.62332676997914
"LIMD2",0.611549306637838,3.84849349171881,3.28323384595966,0.00256321347611363,0.00909721566120288,-1.86546317748652
"TWF1",-0.763378163055064,4.62973576938488,-3.27987039664227,0.00258587289129998,0.00916360054418872,-1.95061747456453
"FUT9",-0.621012622946283,7.36602606155795,-3.27747911731267,0.00260209952242252,0.00921171060878988,-1.97085989761871
"SUGT1",-0.80203909994521,6.87442228563511,-3.27692408735247,0.00260587975367168,0.00922274448460888,-1.98480803327902
"SEC61A2",-0.732816468420639,3.83772684377632,-3.27368600423928,0.00262803905790539,0.00928934629621174,-1.90959330555583
"GRIN2C",0.785848749466196,5.81314863023565,3.27299334582783,0.00263280255153411,0.00929909071936665,-1.99398487865391
"PNMT",1.31634892786271,1.73333809375774,3.2708316518457,0.00264772205302878,0.00934703706988475,-1.6218277531789
"ZNF526",1.06021936775614,2.99944092003055,3.27061062365754,0.0026492520957518,0.0093476910241476,-1.77895178776029
"TBCA",-0.65268490041582,2.84498807945566,-3.26993367267072,0.00265394348683789,0.00936186814362354,-1.80902812760916
"ARL6IP6",0.720780879843539,3.42778920972834,3.26922620412224,0.00265885487857846,0.00937443584123707,-1.85242707532391
"TCEANC",-0.62711490016801,2.11458063403421,-3.26606737181347,0.0026808906161526,0.00944494205416966,-1.71952537048239
"DPM3",0.680007038664765,2.48482180135525,3.26558724983712,0.00268425518910759,0.00945200497441077,-1.74110075743447
"RPRML",1.34013168615324,0.793443342140204,3.26363121533405,0.0026980044521939,0.00948600351401104,-1.57592233541842
"C5",-0.660086275365708,3.90654534539428,-3.26260157934334,0.00270526900446597,0.00950673652681647,-1.94230023972519
"CFAP69",-1.007843020598,3.06815832532639,-3.26122440980064,0.00271501486787585,0.00953587519028857,-1.85864557417835
"LINS1",-0.614756605704855,4.52414240810083,-3.26113925239909,0.00271561860727611,0.00953587519028857,-1.98975498956691
"LRRC73",0.746918457259145,3.11480652842013,3.26078022391349,0.00271816542183926,0.00954079517723863,-1.8335719667088
"NT5DC2",0.770443084751297,3.93471721724226,3.26062868410191,0.00271924107556377,0.00954136532874495,-1.92653707450516
"OGT",-0.629727448520082,7.62306754115782,-3.26025154152852,0.00272191986439667,0.00954835477033623,-2.00519865383354
"SFR1",-0.709715342219468,1.5017189749558,-3.25856888940469,0.00273390233177916,0.00958796927759684,-1.6620421556969
"PDE1C",-0.746106932146766,6.54679509414024,-3.25503167033704,0.00275925648672125,0.00967200798749338,-2.04452153298862
"SET",-0.587859638142599,7.14276010035728,-3.25252864720203,0.00277733362477119,0.00972253311314367,-2.03818086314429
"LIN7C",-0.666572183441535,5.98219279031314,-3.25196683820567,0.00278140663700369,0.00973247295938214,-2.05607421464633
"OTX1",1.24282999359877,1.58928183598389,3.25077401019837,0.00279007339737334,0.00975489712240569,-1.65724455490537
"GJC2",0.787658390475506,4.00123435807402,3.24897581590741,0.00280318748210449,0.00979635806340286,-1.9577632056033
"CACNA1A",0.647420092176022,6.91420351089047,3.24596004272507,0.00282531388496449,0.00986376535127483,-2.05672276159072
"ELOVL7",-0.957815258631002,4.91867399555085,-3.24575081838106,0.00282685512922103,0.00986666834206147,-2.04823184737438
"ATP1A4",1.29629008710271,1.44768600617809,3.24416247279238,0.00283858190682584,0.00989765880830019,-1.65699699484714
"RP11-437B10.1",-0.626717145995126,4.60599745721818,-3.24337520175937,0.00284441159049108,0.00991549897969083,-2.03771741130714
"WDR86",1.08036629343813,3.83584817851632,3.24270837340565,0.0028493583699435,0.00992776442580314,-1.94998433401898
"ZMYND15",1.03338309384143,1.21627635839541,3.23875897811292,0.00287882571901548,0.0100193366109414,-1.65714615279902
"SH3TC2",-0.840766801062625,6.2396481743581,-3.23829910380116,0.00288227584891778,0.0100204070414483,-2.08851397128558
"LRFN4",0.767104479697786,4.78254881375613,3.23827793757294,0.00288243474023534,0.0100204070414483,-2.04399104219936
"TSC22D4",0.739513976125509,7.2936194740141,3.23810994600867,0.00288369612206095,0.0100222858722228,-2.0672645021714
"RASSF7",0.748919079711808,1.73355016395714,3.23721480938239,0.00289042626054953,0.0100406561404697,-1.71536590948948
"LUC7L3",-0.602129020706048,7.00439330796255,-3.23681475167311,0.00289343897733038,0.010048610707681,-2.08006071385738
"SSH3",0.580837245558549,4.11949486845977,3.23556646415732,0.00290285879607889,0.0100788069388334,-2.00715245589949
"MEIS3",0.624773510809768,6.02965413171389,3.23531185466117,0.00290478372923064,0.0100811787991057,-2.09001255011544
"WDR4",0.616684074454671,3.33461991112189,3.23528428337444,0.002904992250699,0.0100811787991057,-1.92589039859752
"COPZ2",0.695348518283596,1.89813118752716,3.23079655567289,0.00293912452317152,0.0101919952908781,-1.7485348650357
"CCNA2",-0.776578050871729,1.94255364714654,-3.22972329093257,0.00294734412898956,0.0102114531994728,-1.78354093154812
"SLC5A3",-1.16414874221609,6.60884905509882,-3.2296802994248,0.00294767383754024,0.0102114531994728,-2.10436491039175
"ARPC5",-0.666868426809927,4.12127757810715,-3.22936520890522,0.00295009139315353,0.0102172821493822,-2.04005063062674
"EVA1B",1.21512242040951,1.31482611426019,3.22759403719521,0.00296371618678997,0.0102542514755486,-1.69036413545466
"COLCA2",0.829566425689271,1.7194202482315,3.22733956930015,0.00296567862868091,0.0102584882547704,-1.73501739480177
"SDF2L1",1.01695472849515,1.31517413118889,3.22653801598665,0.00297186829160782,0.0102747856229624,-1.69215011248003
"EPT1",-0.926753156680868,5.537440709948,-3.22517346811635,0.0029824338874224,0.0103061883924798,-2.11745970974667
"OLFM2",0.740888594022055,6.2050211621881,3.22457426378016,0.00298708483021699,0.0103122616703713,-2.11576251405257
"MFSD14A",-0.622249835668978,4.80093629651345,-3.22440750115945,0.00298838045285123,0.0103122616703713,-2.09442447766552
"SOX18",1.3329805523042,2.08262722119622,3.22437383422838,0.00298864208530614,0.0103122616703713,-1.77379886267632
"KCNC3",0.720077105942115,6.0383954948721,3.22412085072696,0.00299060877182621,0.0103164871329846,-2.11629432978669
"ADAMTS10",0.669287016064931,5.28568398946248,3.22394962894051,0.0029919405476056,0.0103185208367187,-2.10289777147881
"ADAMTS8",0.602046689894537,3.10717252635073,3.22372769537219,0.00299366760772971,0.0103219164391514,-1.92862086705282
"PTCH2",0.73317910884584,3.30300524254154,3.22316494646701,0.00299805112770865,0.0103344673388063,-1.94632372686586
"PNMA6A",0.761948653143946,3.04347127904908,3.22176807695072,0.00300895856463092,0.0103669248985128,-1.91761260346029
"SDC3",0.682876382374802,8.38987427384198,3.21714890773903,0.0030452982340618,0.0104734807904787,-2.08355469193292
"SREBF1",0.723260866729929,6.59092996580986,3.21707121583162,0.00304591302229214,0.0104734807904787,-2.13153354468699
"ZCCHC9",-0.750387375813208,2.20603771943532,-3.21612996639865,0.00305337071324802,0.0104939331657785,-1.85154275878951
"RAB9B",-0.81038635948826,3.71539076524079,-3.21397977779721,0.00307047261549294,0.0105403511554342,-2.04359288198869
"AGRN",0.730854253189278,6.65763530287764,3.21386133004712,0.00307141736758921,0.0105403511554342,-2.13866402729703
"GDPD1",-0.63607682181028,3.00725052076727,-3.21386026344567,0.0030714258761807,0.0105403511554342,-1.9643867659664
"ADRA2C",1.02212422097573,1.95663801774302,3.21324258570417,0.00307635706006037,0.0105494612355597,-1.78574111016496
"NAT6",0.685282072940692,2.32580628995011,3.21303156939228,0.0030780434272518,0.0105511030890271,-1.84632998330309
"PANK1",-0.642050814959421,3.37000225638905,-3.21299274786396,0.00307835377133463,0.0105511030890271,-2.00944617832889
"WNK4",1.09069980608602,1.91249950334842,3.21193107968467,0.00308685248476457,0.0105750180490875,-1.78166040871726
"KYNU",-1.13044646681041,1.1968212860174,-3.21167802895137,0.00308888147872417,0.010579361989954,-1.74222342731572
"SDSL",1.15742385110946,1.41959468109524,3.21109272885596,0.00309357937873315,0.0105902340613515,-1.7329659567332
"DLAT",-0.591711234360234,4.32707753495538,-3.21028060329743,0.00310010920659357,0.0106047534916495,-2.10079920132171
"PTPN11",-0.62239045499355,8.50351400387355,-3.21004216658545,0.00310202883830583,0.0106061005681573,-2.0964770495368
"TMEM44",0.696748980319945,3.43198985006728,3.20738057181567,0.0031235343840718,0.0106691339084438,-2.00677888243212
"SDS",0.98759418638999,2.90964601515559,3.20718376580786,0.00312513021315823,0.0106719627175941,-1.92368919536311
"HIST1H3D",1.00052381608046,1.83705050911384,3.20686745562003,0.00312769669185399,0.0106754823005534,-1.78795668459681
"CROCC",0.771272806256419,5.95141224939681,3.20269536727398,0.00316173731772692,0.0107784384970671,-2.16686734332357
"PLD5",-0.749213751891428,2.66599188168371,-3.20212958633199,0.00316638077857747,0.0107916218641294,-1.94811087361691
"CP",-1.01234955135188,5.30991686237109,-3.20106931351261,0.00317510017765421,0.0108107378569064,-2.17082505137004
"SHC4",-0.668022716262712,3.74308199991279,-3.19987393480369,0.0031849581727549,0.0108389935171698,-2.07933509029933
"PFDN4",-0.657140051781394,2.05110892051709,-3.19868347745422,0.00319480465005362,0.0108698419591398,-1.87086872628848
"YDJC",0.689329451199385,2.16206033892752,3.19656188819054,0.00321242484419283,0.0109191027344667,-1.86322561477355
"TMA16",-0.657378468842336,1.20692733536686,-3.19344686640178,0.00323846404053326,0.010999542411799,-1.78357905414644
"BIRC2",-0.697605512835519,4.80419011089137,-3.19313131998009,0.00324111298765745,0.0110058506972188,-2.17069886952444
"NDFIP1",-0.760850675114709,6.6350619615563,-3.19290917020316,0.00324297913086481,0.0110071395719671,-2.19432012917434
"RTN4RL1",0.823319593595901,5.19648762398603,3.19280341826874,0.0032438678482484,0.0110071395719671,-2.17204865057324
"LRRK1",0.586767784406114,5.23138581610179,3.19164081705107,0.00325365346179876,0.01103495741057,-2.17969922550784
"PRDM15",0.631084844749917,4.47303537326056,3.19135347481115,0.00325607636436953,0.0110404813701135,-2.1404604430231
"SLC7A2",-0.727817487515195,4.89376187200386,-3.18994839671075,0.00326794898734143,0.0110648131352501,-2.18259701772609
"SMN1",-0.758385374839983,0.836764870402867,-3.18991827065949,0.00326820399864272,0.0110648131352501,-1.76120854677583
"TMEM219",0.66803620336595,4.55419450971154,3.18981729828631,0.00326905884924707,0.0110648131352501,-2.14968373234984
"CXXC5",0.726113433839181,5.4147527132115,3.18966901827164,0.00327031460219659,0.0110648131352501,-2.18857593571781
"FKBP14",-0.769952250146045,3.02254496667748,-3.18957668221102,0.00327109681011918,0.0110648131352501,-2.02483143769111
"USH1C",0.647850949570782,4.46639950356569,3.18938329440627,0.00327273563848062,0.011067275807871,-2.14408714477433
"TRIL",0.860674384046884,6.72238860756425,3.1890326910193,0.00327570876078448,0.0110746359903759,-2.19694954134915
"TOMM70A",-0.616016594986197,5.3987232649953,-3.18788406905491,0.00328546717694232,0.011102227684456,-2.20506158372147
"TRAPPC6A",0.669234275632723,1.70251892059026,3.18570439806183,0.00330406153681638,0.0111569257917953,-1.8326462124909
"ZNF621",-0.583138621403091,5.918695625283,-3.18520094629942,0.003308370656142,0.0111687636866649,-2.21833344363025
"TBPL1",-0.786961664181476,3.64934056088698,-3.18371612119859,0.00332111078037007,0.0112090512427057,-2.10991811359867
"DPY19L1",-0.662388575360967,4.50352484793675,-3.18187032448841,0.00333701345551922,0.0112485582913511,-2.18112468640593
"PITPNM3",0.734578535433178,7.07586216414129,3.18075814031018,0.00334663069027714,0.0112705571357153,-2.21131498859907
"CACNB1",0.617418944817057,6.04523159164798,3.17977412972437,0.00335516165117599,0.0112907789121974,-2.2246673873393
"MBLAC1",1.05721788257205,1.56378448387937,3.17976134909253,0.00335527259041017,0.0112907789121974,-1.8246372677782
"ETNK2",0.760063362419885,3.1861692540007,3.17969092704608,0.00335588393505966,0.0112907789121974,-2.03543908266589
"HSFX1",0.636246037662768,2.48221513187598,3.17930841423341,0.0033592064462355,0.0112992228443179,-1.9465802078779
"TCF3",0.647413110435192,4.44831009630976,3.17747417134996,0.00337518239579707,0.0113447257413856,-2.1726508135889
"CCDC9",0.580354562151603,3.92558010227798,3.17711147421457,0.0033783500067501,0.0113526279414648,-2.13090029736467
"MXD4",0.598042770258186,6.66508982009908,3.17662242515455,0.00338262560490894,0.0113615030585755,-2.22967920608413
"MBOAT7",0.628049748646095,7.18723917156042,3.17556058357584,0.00339192673727933,0.011383286819211,-2.22196192649138
"NAF1",-0.611162711950165,3.92660481756391,-3.17522660001982,0.00339485728906834,0.0113888286758272,-2.15503718523729
"ZNF85",-0.914081546579049,1.13938768309514,-3.17435250619458,0.00340253850611824,0.0114035897570048,-1.82177433098951
"TMEM88B",1.50501008277991,2.7263624693607,3.17238379172292,0.00341989966485341,0.0114562518411547,-1.95982528388357
"SERPINB1",-0.632981296869137,3.28251377296885,-3.17147131182398,0.00342797504277881,0.0114777719279169,-2.09916695892386
"ZEB1",-0.612198448070268,6.34592785914141,-3.17073586403141,0.00343449694453238,0.011491306022356,-2.25188702876618
"RP11-195F19.5",1.25872633727874,0.833001710164432,3.17060844092511,0.00343562812729199,0.0114919541438647,-1.78461875741617
"LDHA",-0.77107928564557,5.78995122996256,-3.17039704516951,0.00343750555123475,0.0114930741157445,-2.25343668547061
"AMACR",-0.6345202316985,2.69086612574185,-3.16984074257998,0.00344245080310254,0.0115060062719199,-2.02746323814516
"THOC1",-0.58980958792379,5.24244201511451,-3.16977577451098,0.00344302877939769,0.0115060062719199,-2.2443306947719
"COL23A1",0.898147271274071,0.966875753301662,3.16861989227676,0.00345332736678608,0.0115348767546997,-1.80399645602253
"YWHAZ",-0.88297257112674,7.74607555906771,-3.16461463134511,0.00348924104620397,0.0116436459491905,-2.23269606118862
"STAC2",1.13035702843579,4.20810151096713,3.16373790578743,0.00349714972911717,0.0116588430537619,-2.17614148513258
"INPP5F",-0.764492057586688,5.70279531190133,-3.16140056598577,0.00351831786106666,0.0117209812855377,-2.27437638306613
"DHFR",-0.752659179461524,3.2562284403676,-3.16119994190971,0.00352014050069201,0.0117214355067354,-2.1215000669415
"ATRNL1",-0.697249298852903,7.82998691237624,-3.16049223595427,0.00352657710011761,0.0117372455939275,-2.24021818957531
"ALDH16A1",0.613471177052944,3.29427004179749,3.16038036574394,0.00352759558916192,0.0117378252466561,-2.10379148892463
"HSPA4",-0.641232638719953,6.52896227222773,-3.16023126358105,0.0035289534817525,0.0117395336930661,-2.27502800088671
"HSPB1",0.901398318110271,6.52054234465285,3.15997888618425,0.00353125305178227,0.0117443731880089,-2.26868717671914
"B3GLCT",-0.641621523954923,3.35414751959739,-3.15975993403062,0.00353324922145322,0.0117482015490655,-2.13550083959976
"C10orf35",0.703998815324998,3.0611206162878,3.15955675194046,0.00353510257975691,0.0117492586739915,-2.06809339979648
"RAB11A",-0.853682281181885,5.4501875019861,-3.15950750215587,0.00353555195927956,0.0117492586739915,-2.2748987790889
"GPR155",-0.728376181736483,5.49399046969382,-3.15932638487372,0.00353720503223393,0.0117492586739915,-2.27624210871625
"MRM1",0.754921304921127,2.39129430215766,3.15574618371024,0.00357003358909507,0.0118365387444788,-1.97822162438264
"TMEM170B",-0.671656389351736,6.13520735989466,-3.15468395443366,0.00357982944943486,0.0118661871735916,-2.2919782116429
"CSRNP3",-1.16519396136917,6.20807754143229,-3.15443226091111,0.00358215431746951,0.0118710630086916,-2.29116806626401
"CD226",-0.830203370148185,1.9543822997626,-3.15369065755689,0.00358901281037916,0.0118881239194403,-1.96423258772432
"SCAI",-0.819643287485446,5.29941973376051,-3.15331908458717,0.00359245389829837,0.0118930111782509,-2.28609136009393
"SQLE",-0.735034429268554,4.34868024535863,-3.15325424012991,0.0035930547366317,0.0118930111782509,-2.24018195306818
"ABCA8",-0.750734910984233,6.59228150597944,-3.15232518360649,0.0036016737569172,0.0119187023491223,-2.2930173023753
"TRAM1L1",-0.839737497265919,1.81714685688445,-3.15069505965637,0.00361684437932494,0.0119632097457472,-1.95266838117924
"ABHD17B",-0.590516192130574,4.4374390324976,-3.15020169556259,0.00362144783506782,0.0119755870131096,-2.25278162959228
"GPR21",-1.7245365684616,0.140507719119881,-3.14874613263158,0.00363506190997156,0.0120091802928766,-1.81881024336608
"AK6",-0.666881108384286,1.74817984858593,-3.14684451380703,0.00365292155277422,0.0120457072334441,-1.95243880710967
"ENPP6",-0.838562076797187,3.42900510850635,-3.1468308648753,0.00365305004288595,0.0120457072334441,-2.17538454850254
"PCDHGA8",-0.716579918755831,3.86819671194163,-3.14558677853707,0.00366477990342023,0.0120757928934222,-2.22149099869382
"DUS3L",0.644617351107699,3.64832261030931,3.14541450392894,0.00366640702171223,0.0120782915677354,-2.17710603217138
"BBC3",0.727034861566582,1.44934159975143,3.14513931399593,0.00366900759516986,0.0120839951641913,-1.89925701303383
"COBLL1",-0.702827738491039,5.05269030511057,-3.14495809037335,0.00367072113764182,0.0120867752855274,-2.29782843504825
"SLC1A6",0.908582237127089,3.36446407829313,3.14268247821141,0.00369230302149431,0.0121516093584048,-2.14315979413054
"NDUFS4",-0.605743780998544,3.35060481456842,-3.14257435014441,0.00369333151200825,0.0121516093584048,-2.17615388779016
"CHCHD5",0.671004441173183,2.83150664521493,3.14189797731547,0.00369977122301045,0.0121680197639676,-2.08326104762022
"C7orf60",-0.797942487016041,3.59489262222033,-3.14174758557366,0.00370120454909911,0.0121698546928987,-2.20507169347679
"PDK2",0.586142370761936,6.21415673919226,3.140851338369,0.00370975732202134,0.0121873087748688,-2.31915033171565
"PITPNM2",0.580411203011697,6.78892167468441,3.14082389846591,0.00371001947455364,0.0121873087748688,-2.31399272984026
"CACNA1I",0.703539826730566,6.71510439622345,3.13596800542768,0.00375669033292236,0.0123064304121966,-2.32596946087585
"C21orf59",-0.619836867911046,2.76443962946629,-3.1359458230671,0.0037569048100534,0.0123064304121966,-2.11732499725435
"HRH3",1.02064903127005,3.52401070817855,3.13486627885686,0.00376735683935003,0.0123348551061338,-2.17333277414719
"P2RX5",0.629239095738157,2.73440532723289,3.13374319565073,0.00377825981901944,0.0123647288145029,-2.08646039005977
"MIS18BP1",-0.640795750433221,3.72071914854662,-3.13314854022283,0.00378404495070089,0.0123807467415024,-2.23738956126049
"SARNP",-0.718983101464062,3.4977897098324,-3.1323917639335,0.00379141949073998,0.0123990387580022,-2.21709423537049
"CACNA2D2",0.625242891065675,2.88523063891814,3.13184100657782,0.00379679505167154,0.012410779404735,-2.1129784289199
"SLC4A11",0.768697764093495,2.5333290893104,3.13068676032141,0.00380808441988794,0.0124359853430308,-2.06414527685172
"MFI2",0.726960909289012,2.44201767268399,3.13048918576771,0.00381002004624896,0.0124393843783356,-2.05613745943435
"PRELP",0.679418578928332,5.26012401137512,3.1297277991322,0.00381748807818658,0.0124579153199413,-2.32967562495829
"KLHL4",-0.61644996187741,4.30384168945939,-3.12902171312697,0.00382442615973267,0.0124776278978182,-2.29495668767007
"ZNF281",-0.786370487676084,4.53632046990062,-3.12664675819736,0.00384785101401216,0.0125481643905224,-2.31616669867641
"TMEM232",-0.70797301401827,3.71144713034607,-3.12550533774521,0.00385915774465915,0.0125798531443337,-2.25471328301154
"EBI3",0.924212694563691,1.02242839633151,3.12548312939444,0.00385937805068216,0.0125798531443337,-1.90234609755618
"TMEM221",0.918087340216159,0.7700175125594,3.12534850292365,0.00386071379680598,0.0125806405431297,-1.88826919365558
"RAB8B",-1.18835524191878,4.5944654913662,-3.12527638517613,0.00386142952075487,0.0125806405431297,-2.32274259776629
"NDUFV2",-0.694991041263425,3.65483180486264,-3.12370117903087,0.00387709403505996,0.0126198457680645,-2.25380646740711
"BTF3L4",-0.976328811795502,3.88696563530533,-3.12297546136378,0.00388433122959631,0.0126404430603576,-2.27759581062187
"TMEM9B",-0.580189327413609,4.42234053762318,-3.12286378862015,0.00388544602404875,0.01264111177775,-2.31712775206834
"DVL1",0.632230975321035,6.8883259331214,3.12235647665921,0.00389051420065465,0.0126485333807042,-2.3562428175733
"SLC35A4",0.779039252870378,4.58222068869074,3.12178510923596,0.00389622984788051,0.0126613808661138,-2.31313303342689
"ZNF765",-0.595083839181487,3.82701378686531,-3.11967927876304,0.00391736456379256,0.0127211404264994,-2.2792484290349
"SLC46A3",-0.728405224557051,3.4183454538401,-3.119050715928,0.0039236941310549,0.0127357449941455,-2.24009399721971
"C9orf142",0.62172395569436,3.48358883047235,3.11756308442927,0.00393871326627445,0.0127695876463963,-2.2250515739293
"HACD2",-0.771631615503465,5.129050368151,-3.11469183744907,0.00396785634306518,0.0128520826843644,-2.37322123687523
"C1QL2",1.02693149182065,4.04019783069889,3.11459643802793,0.00396882816040805,0.0128522359855562,-2.27719560941459
"CDK2AP1",0.821772987207769,5.0666960517144,3.11441511901144,0.00397067585055432,0.0128552248892422,-2.35647415704505
"PPM1A",-0.648532892109658,6.51340561377525,-3.11374427725786,0.00397751903451005,0.0128743817503513,-2.38686232051474
"NME5",-0.970560213040546,2.26545974404267,-3.11355038095283,0.00397949904076633,0.0128777922869491,-2.10130724409691
"ATP5S",-1.17488845981268,3.98707963130358,-3.11333369420774,0.00398171288608362,0.0128789605729024,-2.30871040059179
"TDG",-0.751733231885264,2.87524711876823,-3.11292586842702,0.00398588274182528,0.0128891964322315,-2.18768832825529
"PSD4",0.678448800512742,4.43981843648604,3.11167216996584,0.00399872736118335,0.012916115714664,-2.32836418812711
"GAS8",0.689210762203548,4.737669087076,3.11080921366008,0.00400759156731276,0.0129403802023308,-2.34932576333766
"SMIM8",-0.691473055558925,3.14132365502363,-3.11075507838591,0.00400814826292882,0.0129403802023308,-2.22687058707493
"LRP10",0.616759487100206,6.27708985969248,3.11055398333809,0.00401021685200595,0.0129440526298088,-2.391776103711
"TMEFF2",-0.642920534708795,4.44310609962996,-3.10931390449001,0.00402299555329282,0.0129745996569618,-2.35126882544048
"ZDHHC13",-0.750946131940989,2.87081702831187,-3.10918296385167,0.00402434712421374,0.0129745996569618,-2.19582340008881
"GAR1",-0.621243597565738,1.84468997490292,-3.1081519258252,0.00403500462476034,0.0130059434948802,-2.05361299060972
"GUCD1",0.706335581206558,3.91160756749546,3.10796141328871,0.00403697682883722,0.0130092841619135,-2.29345495880994
"NEUROG2",0.88470698363686,1.16051239174297,3.10782792375184,0.00403835927206495,0.0130107231982032,-1.95250047273155
"XKR4",-0.639064333011033,5.20982895627178,-3.10625305387847,0.00405470298429567,0.0130543031235939,-2.39599896203163
"TMX1",-0.606675900769561,3.37926965185896,-3.10560372124618,0.00406145995513186,0.0130669790086191,-2.26703710210222
"9-Sep",0.741805868768343,5.89398165065855,3.10341669638293,0.00408429711705703,0.0131252654926784,-2.40564581053221
"EEF1A2",0.826055166720381,7.47129434667541,3.0995095317865,0.00412540069564196,0.0132328842802987,-2.39624533319423
"ZNF786",0.637772755758163,3.37948363374707,3.09908948604025,0.00412984295988305,0.0132440776997218,-2.25481185874611
"DNAJA1",-0.644591789930954,6.50462317352015,-3.09871692070103,0.00413378689591101,0.0132506122727588,-2.42289839045439
"CTC-281F24.5",0.840272910994546,3.49846509478667,3.09852186728556,0.00413585313917399,0.0132541794238812,-2.26157802920775
"CHRD",0.597116052057803,4.80355129248657,3.09829736920511,0.00413823251266562,0.013258748188771,-2.38389981865273
"HSD17B7",-0.582660836599859,2.83121342227917,-3.09727895731452,0.00414904265593036,0.0132841987569654,-2.21687638153431
"ZNF572",-0.699844996093091,1.95536402551213,-3.0971472125437,0.00415044304920703,0.0132856226732849,-2.09479345951665
"SLC29A2",0.719947167676223,3.61092162561825,3.09655497873992,0.00415674381021808,0.0133019550044066,-2.28512694997521
"XRCC2",-0.905525905309827,0.794207858792401,-3.09635125863167,0.00415891328645011,0.0133019550044066,-1.96813574621231
"FOPNL",-0.728806036161873,3.25389762587025,-3.09630813722334,0.00415937263732955,0.0133019550044066,-2.27494624351313
"SLC19A2",-0.649224907667474,3.00382870983483,-3.09589002207265,0.00416382911365596,0.0133100833152553,-2.24408280782377
"SCARA3",0.6912330301146,6.54144580563825,3.09248662027401,0.00420027360332376,0.0133988535184504,-2.432207893821
"DEGS2",1.0643857797613,2.53207545782118,3.09203884728578,0.00420509099814589,0.0134060872973013,-2.14763116004102
"CKAP2",-0.658007617132094,3.14659049386119,-3.09160928635256,0.00420971739669984,0.0134166646604588,-2.27297807056019
"FZD9",1.07547618401498,2.19474861198501,3.09013644122684,0.00422561682044408,0.0134580813374143,-2.10189370165476
"GABRD",1.1293428834404,3.3067094640491,3.08954764241005,0.00423198889568608,0.0134722028000522,-2.25018209618513
"TM4SF1",-1.15363792801252,3.62531639753721,-3.08880317322058,0.00424005874489202,0.0134886262406153,-2.33310364523076
"PDE5A",-0.710736299757728,3.09117703279282,-3.08855450863087,0.00424275746260293,0.0134941235975992,-2.27363373559755
"MDM4",-0.582738346875743,5.60969782521603,-3.08833539049162,0.00424513687134015,0.013495516301251,-2.44821656212096
"SPTSSA",-0.671486927534795,3.8184852465632,-3.08691364595873,0.0042606064879316,0.0135415983985425,-2.35689366824196
"CDC42EP1",0.77895448430608,5.82022127576029,3.08680874633926,0.00426174999353472,0.0135421367794559,-2.44378463062527
"LSM12",-0.766105677929336,1.88772621505741,-3.08552762150127,0.00427573904319338,0.0135741777068907,-2.11226248675502
"CCDC18",-0.658098577194276,2.53033279013787,-3.08487486808608,0.00428288346823278,0.013590651900336,-2.20434562520099
"IL1RAPL1",-0.68974453508549,5.47804038670237,-3.08351255549129,0.00429783064743546,0.0136349707121515,-2.45744770281681
"EBF4",0.62844559874086,4.51343319414595,3.08239440765235,0.00431013592364403,0.0136677713527599,-2.40504830684214
"CMC4",0.619288393476576,1.65570724201684,3.08127914510269,0.00432244281309923,0.0136955041093271,-2.06884791910191
"MRPL34",0.840272494151393,2.29529297635456,3.08067349865197,0.00432914009538275,0.0137123959002076,-2.14805789842579
"RPE",-0.812797936179251,4.23304657502198,-3.08006149992623,0.004335917642822,0.0137307350957885,-2.40694072635287
"BAIAP3",0.633567932156245,7.41336945150913,3.07991842454581,0.00433750357782152,0.0137326291821623,-2.4452096075436
"RP2",-0.644983996639989,2.16806661750552,-3.07695741721464,0.00437044926827817,0.0138099164014913,-2.17052880359153
"PAOX",0.636058692118717,3.25960177518426,3.07685932187522,0.00437154478816323,0.0138099164014913,-2.29411455732312
"KIAA1522",0.636952166583637,5.53840998816572,3.07644918390718,0.00437612799994859,0.0138202933792107,-2.4654299338944
"CCDC173",-1.31756650893859,1.76810760609761,-3.07620998826494,0.0043788030730017,0.0138256007996524,-2.11888652392491
"STXBP2",0.643932187779989,2.74958265091952,3.07524317549771,0.00438963138642792,0.0138505892663051,-2.22918283400396
"PRADC1",0.602459169354213,3.33768529780554,3.0752364990236,0.00438970625142716,0.0138505892663051,-2.30734568408707
"ARHGAP11A",-0.855620071131398,1.44231149812658,-3.07469963833699,0.00439573018074354,0.0138664490521209,-2.08114777309281
"TPM2",0.880646425726559,5.05919606843018,3.0740642155225,0.0044028701957176,0.0138858215655322,-2.44937986483755
"GPSM2",-0.676607022220123,6.18280067642705,-3.07396111647212,0.00440402972112886,0.0138863282338701,-2.48491192043476
"GJC1",-0.666947383491154,3.36716526101987,-3.07291308210703,0.00441583314570791,0.0139109250830798,-2.34351993935278
"KCNQ4",0.855724846446095,1.99335297937068,3.07249538901005,0.00442054576382484,0.0139226160418425,-2.12510015080976
"SLC30A6",-0.711822409948839,3.75545656685217,-3.07099354978519,0.00443752977134455,0.0139602939310323,-2.38864853313637
"NOXA1",0.813110518868438,3.29756176835354,3.07085240407483,0.00443912914484538,0.0139621659211856,-2.30418115317628
"GCH1",-0.847673053992786,1.80453845116901,-3.07060213834954,0.00444196634393742,0.0139679294533857,-2.13623608711735
"IL17RC",0.685547019106326,3.69452556629576,3.06824718183663,0.00446874842293806,0.0140426176708148,-2.36552150427419
"SEZ6L2",0.747461948245727,5.93935381915515,3.06806480245157,0.00447082894801072,0.0140440896192891,-2.48986308309691
"RASGRP3",-0.767267926200488,5.18541062111386,-3.06748220195045,0.00447748123429283,0.0140573496204018,-2.48766894610559
"CYP26B1",0.741350433996101,3.50440283078427,3.06694324549853,0.00448364355523655,0.0140735183348156,-2.34283215404169
"PLXND1",0.680458486276306,6.60742839727776,3.06586471751575,0.00449599943693947,0.0141091160659893,-2.49505368817047
"TMEM150C",-0.594441717994855,4.34147704947288,-3.065058508972,0.0045052566833996,0.014131786645447,-2.44931524203939
"FGFRL1",0.885615471486361,6.23647311591206,3.06327191661401,0.00452583570776259,0.0141867346131489,-2.50170199793261
"AFTPH",-0.609493719676333,4.7134379685894,-3.06208324765325,0.00453957693749831,0.0142105828833825,-2.47949336819474
"MALT1",-0.672986561743844,4.67893030706387,-3.06144568083805,0.00454696364708512,0.0142260026840878,-2.47922890820892
"FOXO6",0.991375334223682,3.19334032256465,3.06045205956328,0.00455849829285288,0.0142457862803762,-2.31017439736678
"BCAT2",0.641261274380377,4.41171668952448,3.05738349006057,0.00459429609394462,0.0143495628618329,-2.45540868725822
"ABCA9",-0.623371413461331,4.14166528088662,-3.05698528453363,0.0045989610679338,0.0143609067310008,-2.45441008822969
"GNG7",0.851287144646254,7.60313863881334,3.05672039395127,0.0046020667498718,0.014367377488596,-2.49412727425808
"NRROS",0.86735158911172,2.23837509746673,3.05641797482086,0.00460561486646871,0.0143719995227044,-2.19211643004872
"CEBPD",0.66002184547849,4.9155423697684,3.05432025810422,0.00463029782239391,0.0144425398983442,-2.49302170979946
"TMEM187",0.899275319587117,1.31079718537915,3.05331956878294,0.0046421167233982,0.0144761567269362,-2.08993281186794
"NINJ1",0.667707676862283,4.03236019099033,3.05198222867941,0.00465795645553277,0.014522294380986,-2.43602057084386
"PPP2CA",-0.72479746560406,6.11529318803059,-3.05117916750449,0.00466749272500768,0.0145422420132355,-2.53922945776228
"LRRTM4",-0.758552374731388,4.0057650405005,-3.0502673567752,0.00467834285683857,0.0145683694722929,-2.45992088042824
"RGS14",0.891568823582738,6.42295469912088,3.05001156614173,0.00468139094738678,0.0145692900180677,-2.53221855037904
"EPOR",0.639941370542365,2.95835932000941,3.0500096256741,0.0046814140778815,0.0145692900180677,-2.31307507280946
"FAM101A",0.883215125642331,1.56015314315255,3.04742442501397,0.00471232638469438,0.014648102588535,-2.13059538554116
"C16orf52",-0.611120486869359,4.43399016174536,-3.04740311125181,0.00471258204567861,0.014648102588535,-2.49734019438532
"C9orf72",-0.615047352842303,4.38582092522495,-3.04402239277763,0.00475330125201525,0.0147533811130869,-2.5019892111957
"SLC25A10",0.90249639589249,2.30932742609011,3.0434861898562,0.00475979017603334,0.014769309840777,-2.23041122776091
"TONSL",0.680580182507463,2.21681547141442,3.04314296392391,0.00476394817834008,0.0147726885573482,-2.22519594085753
"ZNF121",-0.650769480256486,4.84112837140398,-3.04045749904243,0.00479660039352754,0.0148612299244082,-2.53724375386641
"POLR3K",0.607926729473276,1.8657218411866,3.03916833091773,0.00481235056617764,0.0149000662741652,-2.1915838975098
"NLGN1",-0.58653944246219,5.39346653757027,-3.03857595314352,0.00481960427740482,0.0149158812699202,-2.56188414565203
"SAMD10",0.689808367827353,2.70321417397487,3.03795615520284,0.00482720485673362,0.0149313956467076,-2.30872175886128
"DIRAS1",0.702560668322333,5.80757392715763,3.0372480417741,0.00483590236844408,0.0149463572090061,-2.56189484810433
"PHYHIP",0.760444880336772,8.14588975548797,3.03647803444912,0.00484537697663997,0.0149689846064997,-2.52424378962794
"LGI3",0.603086984141035,5.97767380187779,3.0339001102454,0.004877225575003,0.0150606819066397,-2.57288320479414
"JAG2",0.588101740937489,5.1550462304018,3.03062965911332,0.00491791575060794,0.0151627555477826,-2.56301242640876
"ZNF552",-0.648432972585874,1.45464190118927,-3.03022772135324,0.00492293872746701,0.015174876760365,-2.17954729943849
"C2orf88",-1.05724260895371,3.61861317068856,-3.02982683660727,0.0049279533918903,0.0151869669816136,-2.47155749488117
"COL5A3",0.763081251671383,6.56460023676397,3.02863278305024,0.00494291852328536,0.01521985956253,-2.58274582511132
"C11orf73",-0.645208464671136,3.00145125833726,-3.02862583343731,0.00494300574916004,0.01521985956253,-2.40126807574979
"POLD4",0.628500187444124,2.54771006564328,3.02740398120377,0.00495836415519057,0.0152603893038431,-2.31105112033526
"ARL6IP1",-0.583596217922718,7.04351743462373,-3.02628360758567,0.00497248676530881,0.0152951586989985,-2.5838401260953
"FAM127B",0.586967242878256,3.24283846198158,3.02503966292122,0.00498821171044041,0.0153284967282367,-2.41409342981261
"ANKRD9",0.647690504769817,5.58620581908555,3.02469341001195,0.00499259714366102,0.0153328306004465,-2.58889632029372
"DEDD2",0.61751478984837,3.39326520709108,3.02459658763281,0.00499382409225422,0.0153328306004465,-2.4334224445878
"RHOG",0.588388747724721,4.43302885557171,3.02458004646254,0.00499403373319105,0.0153328306004465,-2.5352905505561
"ATAD3B",0.701029744295178,4.53396397226215,3.02322894897286,0.00501118560031956,0.0153737229349379,-2.5428517630596
"GFRA2",0.772955985955626,4.13735128027076,3.02314033048349,0.0050123125411993,0.0153737229349379,-2.51049108407226
"CARD11",1.06128764259887,2.78512812276533,3.02300924961467,0.00501397990699033,0.0153737229349379,-2.33733918176066
"INHA",1.18150782637038,0.520772044841513,3.02129363104925,0.00503585134480859,0.01542035361135,-2.09899154702645
"HMHA1",0.766015549160194,4.34059945361288,3.02043636159428,0.0050468140459265,0.0154427877791148,-2.53327348509324
"DCBLD2",-0.583289437889837,3.6917790572791,-3.02037332562558,0.0050476210378577,0.0154427877791148,-2.50058457736027
"MURC",-0.602714518394361,2.16406100714108,-3.01930310747759,0.00506134074824236,0.0154745456525325,-2.30330505130667
"RRP1",0.585579110342398,4.98362957856737,3.01895271979515,0.00506584023614848,0.015478609694488,-2.58068923912521
"HIF3A",0.789591925578213,6.46656295619079,3.01893948828644,0.00506601022226444,0.015478609694488,-2.60644910788509
"C3orf18",0.61998380154638,3.75901611506039,3.01866898112132,0.00506948663228231,0.0154858279854952,-2.48774626757823
"APCDD1",0.704014027831467,5.4533922438511,3.01831231055127,0.00507407382422512,0.0154964354798721,-2.59935634132545
"TESC",0.71814865983957,3.93478160361315,3.01354319908802,0.00513578935490422,0.0156677076172654,-2.51643992851457
"SPI1",0.982806258915402,2.69484743292977,3.01326751753469,0.00513937852639131,0.0156752172606169,-2.33897729065496
"SLC25A25",0.594054530142334,4.84803636663061,3.01261536375993,0.00514787855598755,0.015685797451239,-2.5899488049571
"RFK",-1.10996161349866,4.64357988386692,-3.00941506049552,0.00518978407543618,0.015797761816666,-2.60021192848899
"KIAA0040",-0.712802598059681,2.52899384626593,-3.00788017477315,0.00520999673264482,0.0158454111960683,-2.38412826680419
"CTF1",1.04829038444031,1.41817850576498,3.00726898929654,0.00521806607991745,0.0158595440846114,-2.2006125216852
"PGM3",-0.604566093251156,4.05928826712769,-3.0066990515765,0.0052256015110668,0.0158755052899586,-2.56582945381942
"ZNF100",-0.773055222296045,3.23258534149894,-3.00570488009388,0.0052387706331251,0.0159050861196124,-2.48492939714216
"ITGA1",-0.656122159751117,4.63670144480448,-3.0038144828817,0.00526389823956203,0.0159674259931031,-2.61286501983373
"RAB3IL1",0.661163163666527,3.51460244037557,3.0029813477395,0.00527500868021476,0.0159941484563458,-2.4950856571445
"CORO1A",0.605678078372954,4.97144687442832,3.00186719237771,0.00528990144438756,0.0160323108523819,-2.62063634917518
"NPM3",0.793709660061143,1.28531447138832,3.0016671145911,0.00529258007204119,0.0160369329035564,-2.2032750532596
"ENKUR",-0.607343131504538,2.95935445929009,-3.00106265421017,0.00530068035240474,0.0160579773935783,-2.45966211430292
"CD93",-1.05218877533174,4.26812376870798,-3.00045240321472,0.0053088701434383,0.0160792838200608,-2.59723363675476
"CPSF1",0.584897944350828,6.14600454953238,2.99950355409239,0.00532162785441927,0.0161073961315342,-2.65485523216385
"PCOLCE",0.610225051192729,1.69253531283516,2.99767372703873,0.00534631275491137,0.0161680313071085,-2.26405539080613
"CNDP1",-0.855866450479455,6.13233177085222,-2.996913766873,0.0053565966777634,0.0161904812344489,-2.66686872416642
"SLC25A13",-0.609914941726416,3.80537837911993,-2.99686699909632,0.00535723015957883,0.0161904812344489,-2.56678080708801
"ZC2HC1A",-0.682790201541227,3.68557839468199,-2.9953726095166,0.00537750945191335,0.0162447058671228,-2.55889733773654
"CRISPLD1",-0.9899288399618,2.68931964761923,-2.99417220168281,0.00539385195575717,0.0162845105163562,-2.43919555040846
"REEP1",-0.870482417459946,4.38914993732,-2.99397487082532,0.00539654293978227,0.0162845105163562,-2.62068078857123
"ZFP41",0.625529619710026,5.3234005497555,2.99330023295769,0.00540575252414179,0.0163052227360857,-2.65487392031526
"HIST1H4K",1.15695669794369,1.18467840176528,2.99152166703773,0.00543010338220142,0.0163621622225794,-2.21228746512195
"TRIM34",1.38117235291995,0.849243119270335,2.99104166882467,0.00543669295073822,0.0163759853386928,-2.18104981310157
"NATD1",0.616486992506784,4.23224870069956,2.99027113753399,0.00544728688382706,0.0163984803505768,-2.60002114856718
"LPAR2",0.858453471068976,1.67090982128692,2.98979051432226,0.00545390480294046,0.0164148483590557,-2.26776843067549
"WBSCR17",0.611390681980618,7.27790424607732,2.98698271410832,0.00549271905069304,0.0165280909616309,-2.66793279537829
"RNF145",-0.629307783622003,4.38357983547862,-2.98601521252993,0.00550615398951159,0.0165649324306838,-2.63824037891382
"IFNGR1",-0.580915845765743,4.99170013912021,-2.98587092227924,0.00550816029885829,0.0165673830538139,-2.67222170677042
"ANTXR2",-0.616496131011307,3.17445587613443,-2.98532132442699,0.00551580861864709,0.0165832118115121,-2.52388489959848
"NINL",0.662020216257759,5.103560520919,2.98449643342643,0.00552730684362593,0.0166141880519109,-2.6655967610258
"TOLLIP",0.699485451585525,7.16665909500903,2.9835897287987,0.00553997164656519,0.0166414619339994,-2.67829497506775
"PLIN5",0.7280583281519,3.61717452560297,2.98326951294713,0.00554445096362259,0.0166477229581601,-2.54974274531886
"PFKFB3",0.685182153498552,7.278634645666,2.98247223149275,0.0055556185753831,0.0166776526527696,-2.67817707908211
"COL14A1",-0.847497674242321,1.38431171513411,-2.98197143818914,0.00556264412531902,0.0166951378735287,-2.28247365393295
"RXRA",0.653553365199492,7.46966739212104,2.98133749948626,0.0055715496091214,0.0167146488273642,-2.675907602185
"ASPHD1",0.689275070897137,5.68828732631475,2.98123399150738,0.00557300495566438,0.0167154077440445,-2.69272103064836
"LPAR5",0.792105186451565,3.12162899215725,2.98017400972643,0.00558792926798017,0.0167457632191918,-2.49671040259317
"BAALC",0.679668246686075,6.31706924809655,2.97929481598413,0.00560033680955877,0.0167792849841565,-2.7013390677242
"ATP2A3",0.889161114217268,2.23573211866913,2.97812418129705,0.00561689775086326,0.0168216528506034,-2.37544538432403
"CA7",0.858105638595513,2.50048508290636,2.97747520565328,0.00562609874741993,0.0168347018481773,-2.41485589077914
"ZDHHC12",0.977845018464952,1.32327840813866,2.97541928089867,0.00565534131123112,0.0169112830519972,-2.26366552893784
"DEXI",1.07546471071314,4.22015874404028,2.97469651525937,0.00566565572713554,0.0169384829932555,-2.62583592779323
"LY6E",0.73135048477277,5.77481261273832,2.97416455186755,0.00567325861611144,0.0169478944562923,-2.70980185656687
"SYT5",0.752461819032421,4.99131982003256,2.97415219790003,0.0056734352952167,0.0169478944562923,-2.68322303595389
"ZNF852",-0.614087897322273,3.1181826745783,-2.97323544940574,0.0056865606212395,0.016979073401304,-2.54511491229334
"BBOF1",-0.716976911672443,2.81247569805517,-2.97288948026926,0.00569152141232495,0.0169902363483233,-2.50529787330734
"SLC29A3",0.621015758687625,2.68991830337813,2.97259830032997,0.00569569976288339,0.0169990592751406,-2.4558182907605
"ZNF761",-0.662314280375276,4.45162704849519,-2.97171524572743,0.005708389098543,0.0170296191519195,-2.67623141961994
"LPL",-0.826226217725896,3.97859413925038,-2.96818842640731,0.00575933600336872,0.017170553102902,-2.64986661214568
"KCNK4",1.48606104870943,1.9663464990914,2.96794458709553,0.00576287424722651,0.0171737358595805,-2.34222531518216
"CPNE8",-0.753490327827823,4.60188160418082,-2.96683352983813,0.00577902234346975,0.0172107901925699,-2.69731051191756
"PGAP1",-0.784331261644658,5.82926853534255,-2.96449895307759,0.00581309257581536,0.0173048421817955,-2.7424431601824
"ZNF383",-0.607252006577674,2.7082023756442,-2.9641656625659,0.00581797199888302,0.0173156597577546,-2.50994909070374
"ZNF615",-0.608492780080926,4.04670964607087,-2.96372311235908,0.00582445698527663,0.017331250216035,-2.66482561447984
"GEN1",-0.876731926653978,2.35563737405074,-2.96237079868971,0.00584431572415424,0.0173791822881695,-2.46338061713529
"DOT1L",0.685504412399616,5.84006816484355,2.96098350223878,0.00586475469338122,0.0174287772012368,-2.74150628398034
"MKX",-0.792131466956065,1.2140120306973,-2.95846538562088,0.00590202673272298,0.0175208147850341,-2.31430737041185
"ASIC1",0.605678774169545,5.18921585888461,2.95596635132371,0.00593923760470322,0.0175974597571577,-2.73779440847007
"TRPC6",-1.20925756241774,0.947431322852816,-2.95393670294852,0.00596962233007979,0.0176837182256061,-2.29749158073576
"ZNRF3",0.67582233639416,6.15751435601071,2.95222769519835,0.00599532078746711,0.017748498634448,-2.76487524204504
"PDLIM2",0.583658181884168,3.96453923581764,2.95199742168547,0.00599879140590495,0.0177549921492209,-2.66569408357364
"ACOT7",0.59818822410362,5.59543864046942,2.95121687494563,0.00601056971858964,0.0177827313433604,-2.76136839246652
"BAIAP2L2",0.802124320572948,1.31168224849335,2.95043639479499,0.00602236887271413,0.0178133983124408,-2.32044614284202
"HES4",0.910656390641381,2.23416247273263,2.94871199084941,0.00604851572901927,0.0178717249021947,-2.43897402691832
"PCDHGA3",0.816941678158439,4.43192569746049,2.94710523998701,0.00607297512197347,0.0179344233160694,-2.71122962413846
"SLC7A11",-0.587940317788559,7.04951778483068,-2.94529340258552,0.00610066860690688,0.0179952249041416,-2.77308826467253
"LUZP2",-0.815872427813464,4.14667902185879,-2.94465365004898,0.00611047553064747,0.0180203289832544,-2.71780046263849
"PABPC5",-0.648489699809128,1.40861725393918,-2.94302118696181,0.00613556747849959,0.0180828193949759,-2.37181107441658
"MAPRE2",-0.724879698536556,7.10385319787014,-2.94163715876518,0.00615691702925747,0.0181303665623252,-2.77996877884023
"VWA1",0.716849857371062,5.65775843373624,2.94034442220619,0.00617692170036041,0.0181738762917271,-2.78583695389718
"TROVE2",-0.840597521702916,6.49343601841281,-2.93828210169678,0.00620896254672788,0.0182526955645191,-2.8003824696818
"TDRD6",-0.740779721944463,2.80199283770902,-2.93783640659707,0.00621590759589508,0.0182669444701756,-2.58335152679231
"15-Sep",-0.606630859865493,4.39503104940287,-2.93780241881893,0.00621643751175376,0.0182669444701756,-2.75087764318363
"NXT2",-0.67800329886939,2.0947751365707,-2.93644956007142,0.0062375651008103,0.0183135438292428,-2.48179566453656
"DLGAP4",0.59742841554643,7.69034677532712,2.93596902184985,0.00624508596832719,0.0183278837094542,-2.77485911762097
"TTC7A",0.587898627198719,5.27873058128965,2.93469959009468,0.00626499495258574,0.0183700598055054,-2.79011737255797
"GPRC5C",0.737134602838652,3.04588090810949,2.93407160843904,0.00627486596800885,0.018391985386308,-2.59563109508023
"SNRPD2",0.688711129381484,3.81276528761231,2.93393139162923,0.00627707198936149,0.0183939156750546,-2.6897902095392
"NUDT9",-0.696554845756088,3.21261696400451,-2.93129386833149,0.00631870462167258,0.0184996026306379,-2.65416851131534
"CFI",-0.727729445667879,2.71638650779296,-2.92562245051432,0.00640911091758403,0.018718373944591,-2.6000577687955
"LYNX1",0.624216011231067,8.43526835709113,2.92475009627873,0.00642312469441455,0.0187514236668944,-2.77401346525051
"FAM206A",-0.585907793466671,3.04734823084031,-2.9244297468988,0.00642827814370155,0.0187625283967539,-2.64729781449572
"ARL8B",-0.829803846106622,4.57562632373427,-2.92396235953432,0.00643580398693371,0.0187765525224998,-2.79518622592411
"ZNF583",-0.859206873099332,3.82615727083923,-2.92387975801074,0.00643713489585915,0.0187765525224998,-2.73870379220192
"ACHE",0.59635857684143,3.62390648208378,2.92153258183235,0.00647506225250375,0.0188594836443132,-2.69811513508964
"MMD2",0.769085769222661,4.99694071618794,2.92065210051695,0.00648934400244944,0.0188892086101449,-2.80940568724057
"PALM3",1.09848718546928,1.28928170139622,2.92005405620513,0.00649906145613152,0.018909575630628,-2.37560176322399
"PLXNB3",0.854195832266127,7.50715970314497,2.91956043583963,0.00650709249407213,0.0189289809275143,-2.81747493142597
"AC069368.3",1.62669564305499,0.846105259946726,2.91804841556098,0.00653175085451649,0.0189887913800687,-2.3338853115716
"MTSS1L",0.82905514649725,9.85312813354231,2.91789069520285,0.00653432806344103,0.0189923120924017,-2.71507232734627
"SLC25A36",-0.691499187318605,5.24175376883844,-2.9177913616546,0.00653595170257434,0.0189930603196464,-2.83983851716129
"MEIS1",-0.617257327949934,3.3896907696016,-2.91569274515438,0.00657034334702238,0.0190810347211835,-2.71047350238981
"RP5-1187M17.10",0.925805304185847,7.34355916179814,2.91547913621732,0.00657385347576076,0.019083255589899,-2.83100185882033
"GABARAPL1",-0.796530599813685,5.70829284141817,-2.9141513658685,0.00659571175631206,0.0191307291542354,-2.85826173202184
"BACE2",-0.754924405834477,3.88365411551979,-2.91327988647356,0.00661009563315027,0.0191684500400616,-2.76801282681961
"RP11-20I23.1",0.732489778909323,5.14601495629642,2.91209582940847,0.0066296860478502,0.0192212503518693,-2.83451411083019
"FUOM",0.765920121447472,1.01017089066594,2.90874137025869,0.00668548379379461,0.019366867201778,-2.38441244311075
"SIX5",0.7465382098751,2.94282226352435,2.90513830271088,0.00674590991313507,0.019513827832157,-2.64430643775004
"CABP1",0.703338173347779,5.9776794833259,2.90504720863935,0.00674744428061997,0.019513827832157,-2.87222612569558
"COL2A1",1.42425181627244,0.908846004663954,2.90457731304444,0.00675536431999064,0.019527761660192,-2.37308716160998
"CHADL",0.878579437841167,4.76279129226791,2.90359116262239,0.00677201427977473,0.019564535020247,-2.83218624226361
"HACD1",-0.66214352873306,1.1632688139494,-2.90255295770871,0.00678958490887316,0.0196112215672459,-2.43073652016571
"ZNF254",-0.980828482142262,4.41961290118545,-2.9009958331533,0.00681601832563395,0.0196630601292723,-2.83834426668209
"RNASEH2A",0.590429154568872,1.53523066541389,2.90060469525953,0.00682267342448024,0.0196781755077021,-2.45855726317435
"UBE2D1",-0.657740598406088,2.88392884041773,-2.90016244078738,0.00683020563355727,0.0196958138804632,-2.68088624787509
"TNFSF12",0.82547613368941,4.15775600602815,2.8974953555877,0.00687579619172674,0.0198026348989818,-2.80385512027793
"TFCP2L1",0.910909421330287,2.17517032519267,2.89663013607975,0.006890647554896,0.0198330812232224,-2.54597061666128
"NSRP1",-0.659124202101498,4.16056228548783,-2.89620996251048,0.00689787066922937,0.0198456535686314,-2.82980667236854
"RP11-15K19.2",-0.787495818885733,1.7108764745445,-2.89201076476553,0.00697045113615767,0.0200296014251476,-2.52562778520576
"YBX3",-0.696707174290618,4.47310249710713,-2.89094551349699,0.00698897739666583,0.0200745379686877,-2.86445767883524
"CENPQ",-0.591637163944907,1.03155151691695,-2.88828873462433,0.0070353849080716,0.0201828148972372,-2.44664196349918
"MOG",-0.663824831590692,5.8316085203943,-2.887485257889,0.0070494767641101,0.0202148980970831,-2.92071910784653
"SERPINI2",-0.89455834615437,2.35996749332696,-2.88534103200049,0.00708721371679793,0.0203189204147092,-2.63799750921352
"ZNF23",-0.580584053817714,3.82640009615504,-2.8850738995669,0.00709192837371924,0.0203282450002979,-2.82664820746775
"TRAPPC6B",-0.75784912312708,4.81665040909195,-2.88476132302337,0.00709744882956683,0.0203356829407745,-2.8984100005398
"PCNT",0.614815151438947,7.30342124064563,2.88355585248215,0.00711877672024923,0.0203925889068421,-2.90683961812935
"RPL13",0.582603578732305,6.96172968588397,2.88252674979063,0.00713703194052828,0.0204364609757413,-2.91754558699904
"EXTL2",-0.655791183037356,3.1174410805892,-2.88170566692876,0.00715162870561036,0.0204656118290233,-2.75469873179101
"FAM3C",-0.718375671273519,3.37226326971462,-2.880559393347,0.00717205354719263,0.0205113944482765,-2.78934094140045
"COX20",-0.641873196320914,3.80690484947686,-2.88034065760915,0.00717595731753361,0.0205183378503398,-2.83585420594857
"KCNC1",0.705190498374856,5.44149186069541,2.87939972220021,0.00719277298513177,0.0205537369042758,-2.92013497059847
"FAM107A",0.719380073974531,10.7379155116214,2.87805464499252,0.00721687558399228,0.020618373277571,-2.74543428712136
"TIMP1",0.735094616495468,3.5322270615728,2.87624528073842,0.00724941772851865,0.0206985839519134,-2.78878801541441
"RGS11",0.649150681334472,5.78680706144786,2.87511864148002,0.00726975050793862,0.0207438570528249,-2.93934773930723
"PAIP2B",-1.14362604339184,8.35319961505397,-2.87319365458511,0.00730461553774212,0.0208262438896003,-2.89398507241923
"MAP1LC3B2",0.649780810448187,1.83733539268094,2.87277764003022,0.0073121709703606,0.020839237562516,-2.55907694193709
"MT-ND2",1.37208333751634,13.1618414307543,2.87222375913461,0.00732224167096295,0.0208636613465315,-2.589001763014
"SLC44A5",-0.712743061902381,2.81141679829924,-2.87212507214026,0.00732403737399553,0.0208645015519028,-2.7347522554763
"HIP1R",0.594672713283365,7.96259828297062,2.87157847547886,0.00733399072218467,0.0208835004992462,-2.9138930551173
"SNCA",-0.597350995924521,5.64779223341979,-2.86973322322777,0.00736768625840168,0.0209502095242995,-2.95956969953509
"FAM71E1",0.73313441093171,0.839322823862889,2.86804804835266,0.00739858587547047,0.0210208748908217,-2.45547209152225
"MYL3",0.797709636350792,2.19009716472616,2.86703770184318,0.00741717015544887,0.0210624574048673,-2.6148765190934
"FHDC1",-0.632725118373051,1.32547789463999,-2.86494809989166,0.00745574564125213,0.0211530154907525,-2.53202697392379
"SLC30A1",-0.665316540231793,5.75082593922751,-2.86471975097521,0.00745997253796764,0.0211606892925579,-2.97229227748993
"HBB",1.81791752225682,4.24436257838507,2.8634275586861,0.00748393441064329,0.0212113468250281,-2.85983136871744
"GALR1",-1.01877029229038,1.38232085331192,-2.86317209946431,0.00748868010164058,0.0212201259661859,-2.54581039860881
"BLOC1S4",0.595650508227898,1.79907822419861,2.863096517141,0.00749008474435867,0.0212201259661859,-2.57497774489161
"PLGLB2",-0.728317565151782,1.13575635538997,-2.86048566448206,0.00753875793945444,0.0213493202025454,-2.52002114405991
"DMRTC1B",0.61862564810191,2.37846543340123,2.86023352813962,0.00754347414400638,0.0213539762879203,-2.6629807390913
"RPS15",0.680654834090389,5.13530420433395,2.85930692832935,0.00756083001651298,0.0213943942376478,-2.95680909821329
"ABHD4",0.615899211638793,4.94976958618863,2.85886993569781,0.00756902822239898,0.0214088769781873,-2.94973068011322
"RAPGEFL1",0.616334489195906,5.94515154173213,2.85781715789992,0.00758881321154732,0.0214561076402137,-2.98135606163777
"IGIP",-0.652919817556576,6.25881276418225,-2.85681547817386,0.00760768304260149,0.0215007134901903,-2.99065537990851
"AKAP17A",0.611726372104375,5.18189227809259,2.8553240421391,0.00763586075168421,0.0215715781690538,-2.96838368110504
"PPFIA4",0.619417198874152,7.11595738068498,2.85240204882764,0.0076913506291133,0.0217062842967789,-2.98266852431467
"CBWD3",-0.758011307924444,2.66447777520116,-2.8520886663872,0.00769732434716861,0.0217143269225523,-2.75866670559365
"CCP110",-0.821041985918971,6.58666013467514,-2.85127159374301,0.00771291995758186,0.0217318632448932,-2.99914627550629
"TMEM178A",0.678894575925725,4.99319122968166,2.85023681920155,0.00773271350738101,0.0217832184761116,-2.96970046656782
"RNF2",-0.699848964798354,3.35712755732809,-2.8494577229,0.00774764784251837,0.0218120292237121,-2.85769884133197
"TLR1",-0.756922044361689,3.10639610673381,-2.849179236883,0.00775299265636412,0.0218182396576466,-2.82730181645931
"EVC2",0.861664335811723,1.83449899368844,2.84428096535141,0.00784757054357651,0.0220389017454475,-2.60666347198473
"SMPD3",0.633112271909225,6.45618382387533,2.84292859705686,0.00787387297428,0.0220868809702261,-3.0154356875806
"RPGR",-0.653596750840604,4.56401741308794,-2.84249614651609,0.00788230123650549,0.0221060624954407,-2.9805454531088
"FBF1",0.580872410675784,5.11534059315288,2.84102803002033,0.00791097742087803,0.0221775374279182,-2.99942758440283
"NAGLU",0.624776930939001,3.78822057092244,2.84072256702443,0.00791695622182027,0.0221796403966594,-2.90033369258002
"CDH23",0.9253391166268,5.21686158098103,2.84066368075371,0.00791810928561506,0.0221796403966594,-2.99791263932774
"MXD1",-0.852715692364189,3.8397609930548,-2.84030538242595,0.00792512859731128,0.0221907980561301,-2.93065631285489
"C16orf89",0.670639079240649,2.72518859439361,2.84019248504382,0.00792734154574568,0.0221920866228265,-2.75749033001099
"CTH",-0.625561843669642,2.14518355380454,-2.83878000536092,0.00795507724878288,0.0222607656828864,-2.70698580160465
"MZT1",-0.726549069128428,2.97122382659968,-2.83862931437902,0.00795804161846948,0.0222645793077003,-2.83276570831015
"CASP10",-0.66048858903462,2.85551997399657,-2.83804954333809,0.00796945646235376,0.0222857775165467,-2.81792489973801
"ZNF79",0.588811975617869,3.14489327021011,2.83800024950955,0.00797042769473961,0.0222857775165467,-2.82705485237612
"CCDC57",0.630259754928396,5.64620710179802,2.83663061418321,0.00799745800789198,0.0223478716031587,-3.02493359775278
"DPM1",-0.68917912703032,2.48360033731766,-2.83554450924907,0.00801895390983365,0.0223944349647464,-2.76786689142705
"NTN1",0.633129472036274,4.48167423327378,2.83518401659453,0.00802610067028007,0.0224098918494143,-2.97614777738953
"RP11-849H4.2",-0.636972937426758,1.44169673616942,-2.8345703287225,0.00803828078124173,0.0224303852711406,-2.61367954411856
"ISG15",0.944542772601819,2.3610630599171,2.83282240146418,0.00807306778940962,0.0224977535998255,-2.71019278184467
"HCN4",0.659011181179615,2.34268975275108,2.83207276898991,0.00808803014081313,0.022522357204928,-2.7183424574234
"RGS17",-0.872646913455704,3.20534498656312,-2.83180908247446,0.00809329940077597,0.0225296452281913,-2.87947593011125
"PDK1",-0.834791311901801,4.50787553171272,-2.82832723018326,0.00816318035674686,0.0226923681902609,-3.0097907646975
"DRD4",1.17806528093546,0.944855472159902,2.82818962882453,0.00816595362380915,0.022695539239943,-2.53927638180526
"LIFR",-0.645414394251926,8.07312819565714,-2.82801371507435,0.00816950034058296,0.0227008582320177,-3.00889973563038
"MOBP",-1.21825097985748,9.33364971182234,-2.82757954451276,0.00817826013807904,0.0227070446254393,-2.95021997255029
"GPR62",0.798291631915138,3.509165697398,2.82736316461141,0.00818262909633686,0.0227138255787519,-2.88962671848868
"FPGT",-0.826337254261756,2.66403585982739,-2.82707501410005,0.00818845058682343,0.0227215072368318,-2.81430953135991
"SCARB2",-0.60164412758154,7.1080662176068,-2.82691717360128,0.00819164107833412,0.0227215072368318,-3.04317578747482
"MRPL3",-0.600301689538297,3.71995257361078,-2.82529893798682,0.00822441847732792,0.0227987768039507,-2.95197377017583
"FGF12",-0.787911637390471,4.55415978212871,-2.82426759599095,0.00824537251457611,0.022847751384819,-3.02182632502269
"HIST1H1E",0.729910434580457,4.26633115857091,2.818948275164,0.00835424439066811,0.0231090206930207,-2.9911339112479
"ZGPAT",0.660546449769817,4.22678637898673,2.81753462642594,0.00838340393147637,0.0231697395061959,-2.991923824367
"HINT3",-0.623561059954552,5.78700604234194,-2.81710695586698,0.00839224435038631,0.0231854095705625,-3.08095365255378
"IFITM10",0.588374289929078,3.27809878812709,2.81668506129671,0.00840097394168312,0.0231991836361178,-2.89349230884011
"ADAMTS9",-0.801046276915894,6.02094662064023,-2.81578800471648,0.00841956362151797,0.0232239629893537,-3.08479236929942
"CCDC157",0.615520438043456,2.83039627308502,2.81477526026679,0.00844059706707676,0.0232681301658737,-2.83656427872937
"SAMSN1",-1.0482748642225,1.33393345505698,-2.81411878010587,0.00845425766369689,0.023296549066544,-2.64554720649226
"RARRES2",0.657186138034696,3.86807009207508,2.81387410113698,0.00845935445419308,0.0233059741621467,-2.96813733452873
"TRMT10A",-0.640949758378607,1.60964044262957,-2.81351728759905,0.0084667922322601,0.0233172237743423,-2.68196406704098
"NKIRAS1",-0.701551800259399,3.32210711608623,-2.81322718149086,0.00847284401424268,0.0233263921634649,-2.93559219832842
"C15orf59",0.592268498036595,6.92608254789497,2.81318852123818,0.00847365079585582,0.0233263921634649,-3.07615857243976
"RAB31",-0.709670499750753,5.77424308186608,-2.81241019980857,0.0084899085338474,0.0233623730082238,-3.09150374006272
"ACACB",0.682235996834435,7.22048586890009,2.81091872988718,0.00852114443596381,0.023435541939379,-3.0740659798657
"MTBP",-0.742417862736127,1.8891573800041,-2.81046300952557,0.00853071007728556,0.0234498034762155,-2.73169231517064
"DNAJC25-GNG10",-1.06759325595822,1.65784257577767,-2.80824563564723,0.00857739696340242,0.0235658048587392,-2.70230134385374
"RBMS3",-0.585295794399067,3.95561982162564,-2.80667555224028,0.00861059988797037,0.0236383411616438,-3.01644719155535
"C14orf80",0.625876623722995,2.65011379792513,2.80509283698394,0.00864419187220625,0.023725874710249,-2.82596474413655
"MROH6",0.706900458132579,1.73394118104753,2.80477954248899,0.00865085587068482,0.0237394785460443,-2.69025552980684
"NAPRT",0.938872738825499,2.61935940765257,2.80356774045808,0.00867667713525285,0.023791551387433,-2.81732849932541
"CHSY3",0.586390608666982,3.64537255680829,2.80118617413234,0.00872763456597779,0.0239029897037477,-2.97445185456708
"GNPNAT1",-0.650212639731398,3.19736290171157,-2.79975368375362,0.0087584199516986,0.0239636989113391,-2.94941423332654
"MFSD7",0.748480706063867,1.7419895907165,2.79910815921907,0.00877232603750518,0.0239970241191257,-2.70443569809206
"SLC6A17",0.595618442960232,6.90240526648602,2.79690024648197,0.00882004613706229,0.0241094165987609,-3.11328728122126
"FAM167A",0.731159315085407,5.71302228467629,2.79456011290696,0.00887088941574235,0.0242237487050973,-3.12073160754582
"NMI",-1.04678976413465,1.05739328157529,-2.79419928505485,0.00887875339007641,0.0242261883471722,-2.6547593968676
"CIB2",0.64099270757809,2.81574430642207,2.7912717659797,0.00894279836741787,0.0243865796202125,-2.88436546597436
"DPH6",-0.685483297711689,2.71800353554762,-2.7909429678542,0.00895001841317443,0.0244014818552561,-2.90295496443255
"C7orf25",-0.657804420729775,3.2790996060447,-2.78900197944113,0.008992751763004,0.0244987722926282,-2.98399084365413
"CRYZ",-0.681712362939107,2.67177860062487,-2.78565195304585,0.00906695674076247,0.024685980341173,-2.90720598102416
"ENG",0.678539272835993,5.34171393134238,2.78483369743227,0.00908516849469428,0.0247214743419926,-3.13442456047177
"BUB1B-PAK6",1.94991268718404,2.51328723090616,2.78342393087543,0.00911662575661672,0.0247749658016147,-2.79737211383462
"CLVS2",-0.701802462479718,6.37815357955966,-2.78339369855942,0.00911730147036835,0.0247749658016147,-3.15593715724977
"CABLES1",0.857439517925418,6.09968725863771,2.78325814751465,0.00912033170907026,0.0247769406849567,-3.14927374405776
"ADGRL4",-0.855770504234084,3.12727958842821,-2.78284997611072,0.00912946206178282,0.0247886292154111,-2.97888737327968
"C4orf46",-0.727906897464637,1.68971538521327,-2.77821440446315,0.00923375699380945,0.025013189736543,-2.77203040784304
"ACOX2",0.647023493325191,2.61630370101345,2.7754417433344,0.00929667055265761,0.0251533664496462,-2.887062915526
"PIP4K2A",-0.639518750716354,8.15199873183672,-2.77467932688333,0.00931404049076228,0.0251909546614724,-3.1260991991508
"PODN",0.627208750883634,3.51224611446474,2.77460707154538,0.00931568824015462,0.0251909546614724,-3.02041787110883
"CCKBR",0.706893637017642,1.71615680960473,2.77208787970404,0.00937330808073977,0.0253074872169445,-2.76174944242309
"TPBGL",0.898257201583618,1.09009914656366,2.77169935804492,0.0093822241091549,0.0253167079901924,-2.68009874459688
"MT-ATP6",1.2639476939211,10.8060382243372,2.7700603646493,0.0094199241301404,0.0253994858776975,-2.98019611874425
"ACVR2A",-0.675275331744035,3.93828486308901,-2.7690907070296,0.00944229481065762,0.0254442299782443,-3.09921557483763
"YJEFN3",0.616551790702866,5.64158474680429,2.76865345930164,0.00945239867208206,0.0254637765365905,-3.17788278525087
"SOWAHA",0.669494168376049,7.41847861150595,2.76719695828693,0.00948612830601132,0.0255326535740889,-3.16721195669858
"CTNNA3",-1.03571661160808,6.75325390611657,-2.76646859550919,0.00950303791969173,0.0255729625643185,-3.1872062602181
"ZNF140",-0.640298740773072,2.53906181253735,-2.76639348381971,0.00950478330958376,0.0255729625643185,-2.92931481933552
"GGTA1P",0.740742832197017,1.19972017007652,2.76430010487082,0.00955354849884009,0.0256793177167198,-2.71208759048526
"CCDC102A",0.793595120276243,1.6090009330346,2.76371317473792,0.00956726295767715,0.025711210059468,-2.76162456313672
"CYB561D1",0.899102201766716,3.72998787467292,2.76266133607215,0.00959188674139285,0.0257671846954351,-3.0627225167811
"KMT5C",0.674209650807827,3.47417344285543,2.76258603417255,0.00959365184747319,0.0257671846954351,-3.03755584364546
"ZNF771",0.619696759262982,3.99303796471117,2.76100956402799,0.00963067474199591,0.0258466486994647,-3.10078298148431
"TGOLN2",-0.722964550117336,7.13678451316097,-2.75917629904662,0.00967389637918881,0.0259376099254547,-3.19480202824178
"TSPAN6",-0.739269415221861,3.05202840289147,-2.75763491672569,0.00971037677258547,0.0260103387076076,-3.0242932402401
"LRRC45",0.679052540665794,3.33160363683706,2.75458943229244,0.00978283361925997,0.0261691269915244,-3.0362122311862
"ADAMTS2",0.875199458481567,1.99343992015945,2.75262115552283,0.0098299305211871,0.0262748883110062,-2.83758742056577
"PPP1R1A",0.748504119103879,3.45969082532918,2.75036576087198,0.00988415807018973,0.0264046052059527,-3.06064995480152
"PLIN4",0.80529654052721,4.50117132795369,2.74988452368938,0.00989576481911403,0.0264254557271078,-3.1640024826436
"DMRTC1",0.790518632690946,0.767246820475808,2.74970444163613,0.00990011141301483,0.0264319855701425,-2.69593822832419
"MKRN3",-0.629037123204044,2.60257685613959,-2.74787476532223,0.00994437509177654,0.026524693500744,-2.97924442502739
"SYT3",0.649394797405226,4.55879780911772,2.74432999638865,0.0100306570255858,0.0267189488349672,-3.18528683190672
"TCTEX1D1",-1.51815368225295,1.49098099201079,-2.74423365408609,0.0100330117913086,0.0267201015177723,-2.81731462495244
"ZBTB22",1.57062526529713,3.86460360318443,2.7436078289042,0.0100483205731099,0.0267557074554553,-3.09319149564783
"NUP37",-1.1203923105526,1.16168138285677,-2.7433469758897,0.0100547079357451,0.026762502340174,-2.77563832808429
"IL1RAP",-0.699355916433643,4.20139751445407,-2.74012681068529,0.0101338713338182,0.0269245035631244,-3.18549147343861
"CADM3",0.58074745502487,8.01755610108237,2.73942100229759,0.0101513002735641,0.0269473699452144,-3.20990127422428
"SLC35G1",-0.615808368261243,1.5267991788073,-2.73813389220305,0.0101831557248411,0.0270164562760955,-2.83337051744163
"SLC17A7",0.664994675560995,9.44129775835564,2.737581045733,0.010196867087038,0.0270476714833052,-3.14777278330965
"NME1-NME2",0.947767181172619,3.31940084764624,2.73520000094018,0.0102561175459725,0.0271840888701829,-3.06788525471752
"CHN2",-0.594738094212518,4.78559903637656,-2.73442555537856,0.0102754581963551,0.0272301600925902,-3.23590183890154
"SOX21",0.671597632422516,3.31614173484699,2.73089104964059,0.0103641603957819,0.027399681264967,-3.09023697767953
"ZNF24",-0.838528556156975,6.3966767146715,-2.7306822981471,0.010369421525602,0.0274060262450417,-3.27340813807764
"ANKRD20A4",1.11465388614775,2.1029466338074,2.73015228998953,0.0103827904353161,0.0274309298045923,-2.88036823427138
"C16orf96",1.03746931713094,1.36084273287234,2.72976810512955,0.0103924911572416,0.0274513418331697,-2.79485144857631
"RHBDF1",0.639668886785785,4.11436047821507,2.72839398752448,0.0104272570968627,0.0275308607648387,-3.18555540911136
"C1QTNF5",0.75880204921856,2.78896464153108,2.72829947303209,0.0104296523510664,0.0275308607648387,-3.01374021500146
"ARHGAP23",0.616137685218242,7.6899026431278,2.72759991784721,0.010447396952593,0.0275592099404555,-3.24737155091716
"SLC9C2",-0.81220084171348,2.03387272236567,-2.7275294152901,0.0104491868505352,0.0275592099404555,-2.93478996389381
"HIST3H2BB",1.01754571996492,1.0734219913705,2.72722966215214,0.0104568000891849,0.0275716363857298,-2.76826048917176
"RCOR2",0.613044515270407,2.10909040871751,2.72718775166962,0.0104578649591392,0.0275716363857298,-2.91776579884606
"GRM4",0.786248347982595,2.21989974669354,2.72685093193903,0.0104664266176619,0.0275889143895649,-2.92637723609345
"SPN",1.19568803760103,1.59117564722318,2.72677382500339,0.0104683875273309,0.0275889143895649,-2.8202826819313
"HAGHL",0.675215828126479,3.28136507378145,2.72639521929621,0.0104780208397964,0.027603836595575,-3.0927601951324
"TSN",-0.752072235910203,4.12728982021328,-2.72465321324736,0.0105224514381858,0.0277035711313727,-3.21426138656534
"DGKE",-0.636058060321264,4.49537669279127,-2.72459850083792,0.0105238497442655,0.0277035711313727,-3.24082387825662
"PPIL6",-0.637274041977814,2.74551009532341,-2.72413194102114,0.0105357808374255,0.0277231621409454,-3.05295390448959
"C1D",-0.629108134481442,1.76744332505813,-2.72401490663871,0.0105387756764538,0.0277231621409454,-2.89872359181346
"MT-ND5",1.35339229782757,13.6377946403106,2.72351360861953,0.0105516125784021,0.0277402932362611,-2.88256451923651
"PNPLA7",0.762070034626505,5.7150113528712,2.7229307628208,0.0105665560404593,0.0277686695792939,-3.27931046954396
"ECE1",0.600174975279171,6.62807095655069,2.722196305554,0.010585414752281,0.0278124085056141,-3.28513264758568
"HGH1",0.623779904034576,2.8088784350978,2.72204897977413,0.0105892014257097,0.0278124085056141,-3.03707947748638
"SEC62",-0.772746843241284,7.09165880421595,-2.72065070442088,0.0106252038694095,0.0278911601571998,-3.2817532326797
"C10orf105",1.11537075643128,5.36736617191368,2.71956570991841,0.0106532186716969,0.0279488669511097,-3.27207133496605
"KCNG1",0.630026547968611,3.70339975340721,2.71834009274811,0.0106849472426606,0.0280056818566114,-3.16470974317316
"TNFSF13B",-0.784108010761032,1.07241412164525,-2.71786416216335,0.0106972917930118,0.028027468998577,-2.81642367111631
"FOLH1",-0.740711286722512,4.6253489690706,-2.71735198720518,0.0107105912974058,0.0280570266094848,-3.26542783408641
"SLC2A4",0.636447730994991,1.77226311900048,2.71721701699823,0.0107140985974533,0.0280609266582132,-2.88982651587523
"TCEA3",0.601047489279407,1.91028612351519,2.71664321324685,0.0107290212688623,0.0280894263050328,-2.90794087338255
"RASD1",0.683970588557625,5.54518487862511,2.71259488585954,0.0108348564187313,0.0283344947203166,-3.29892858217804
"ZEB2",-0.635627030285863,9.26206169268155,-2.70952538353659,0.0109157501180145,0.0285138591019612,-3.22093465922673
"MT1E",0.812353068778484,5.5557654543127,2.70762773987686,0.0109660418767407,0.0286290918629952,-3.3089770067748
"CLEC7A",-0.984771874016077,1.60024468462877,-2.70741882210696,0.0109715918373397,0.0286328270551335,-2.91175106405439
"ZNF853",0.58898942955371,5.85405486017181,2.70682639263047,0.0109873441370137,0.0286577970342897,-3.32101998533417
"ADARB2",0.611578994921268,6.49397717352788,2.70472980969307,0.0110432603031182,0.0287745149229053,-3.32532947615445
"SLC10A3",0.646280288929946,2.27285460316612,2.70468297485849,0.0110445124175387,0.0287745149229053,-2.98859936062335
"FGF14",-0.787020641900762,4.56230486760567,-2.7045655120705,0.0110476533298397,0.0287773049637309,-3.28988407897829
"INSIG1",-0.840022629063658,5.10338339717438,-2.70406553670759,0.0110610318031575,0.028795967065074,-3.31827183109537
"LPIN3",0.730239527666747,3.42320648458069,2.70389766394902,0.0110655271712196,0.0288022764902256,-3.15891699349594
"LMBRD2",-0.645850461342049,6.06533404484797,-2.70356089406954,0.0110745504717364,0.028820367026971,-3.33599469969174
"PHLDA3",0.607562429334151,4.56831000881688,2.70251910545007,0.011102507237894,0.0288823083123507,-3.27852271362701
"KLF8",-0.668132499228668,2.21502308965833,-2.70112560372022,0.0111400051583056,0.028958180948161,-3.02094005713416
"IGSF9B",0.686647141092181,5.43951565757742,2.70062329841421,0.0111535506639429,0.0289879718321432,-3.32385694804705
"CLCA4",-0.855529688335973,3.56728141113673,-2.69760835328797,0.0112351766844331,0.029151068732174,-3.22073605822801
"ZNF880",-0.699196265098162,4.25879940708493,-2.69634201413125,0.0112696269499138,0.0292240913743149,-3.28641398776611
"PXK",-0.596556363117562,6.9317013392953,-2.69125434354471,0.0114090290528125,0.0295354386356469,-3.35115314377265
"ROBO3",0.612433093445984,4.46302135328896,2.69110804903452,0.0114130611675079,0.0295354386356469,-3.29604105109436
"PFDN2",0.59868097240165,2.60821501997809,2.69094128641693,0.0114176590346967,0.0295418380607396,-3.07293095865218
"LIG1",0.612875060248305,4.28068407605956,2.68936865866987,0.0114611033666018,0.0296487270194452,-3.28405546156723
"ZNF300",-0.582321591866647,2.83434849146537,-2.68731760577758,0.0115179955933279,0.0297737401893725,-3.14625026912086
"RANBP17",-0.621446278078137,2.03405369525606,-2.68623837435228,0.0115480368241617,0.0298347533784606,-3.02265063304767
"SNRPA1",-0.590512957409903,2.36438431963734,-2.68546025404597,0.011569741625484,0.0298797228455283,-3.07678738933105
"PDLIM7",0.587957188548025,3.52409198853283,2.68520025226291,0.011577002545198,0.0298929215050784,-3.21841191023509
"IER2",0.59809375253333,4.61273472422572,2.68479724610335,0.0115882654474189,0.0299064764639123,-3.32204041990982
"CYP7B1",-0.68612891452702,3.75572537487308,-2.68462764697139,0.0115930083199556,0.0299064764639123,-3.26845523856833
"TNFAIP2",0.705140248014872,3.60507869804166,2.6814477822727,0.0116822689942171,0.0301032258679529,-3.23194244097823
"FBXO31",0.703514634599875,6.73013681157586,2.68037714448588,0.0117124660479754,0.0301698541780534,-3.37512269658951
"SNX10",-1.01658743979443,4.07837276928782,-2.67869408762609,0.0117600830696182,0.0302812881707414,-3.31172471368616
"SEZ6L",0.709636670732902,7.06420256691152,2.67681402456227,0.0118134867069437,0.0304019052572995,-3.37625812518664
"ACOT11",0.602013045667233,6.024928240365,2.67523391463925,0.0118585444825516,0.0304896403544353,-3.3913369602208
"TMCC2",0.58463438148727,7.76932472375925,2.67441766732097,0.0118818828249673,0.030538349978313,-3.36210027597289
"ATP2B3",0.765518264901949,6.07445905982664,2.6738548161385,0.0118980008803612,0.0305628248778236,-3.39242885132195
"ACADSB",-0.718174304529565,4.87707926956076,-2.67243742920899,0.0119386799210328,0.0306390120476644,-3.37767991369411
"LIN7A",-0.925934780394818,4.22010359533894,-2.67132120027018,0.0119708067146557,0.0306957292455385,-3.33924363071421
"ACVR1C",-0.86585788972719,4.30959180680538,-2.67030639399893,0.0120000841544182,0.0307511833944188,-3.34811656937353
"PIGY",2.74205996403706,-0.0846191114185401,2.66935656519266,0.0120275472844128,0.0308102012802482,-2.80018509667027
"PSTPIP2",-0.79236479323287,0.878623489439464,-2.66689899745307,0.0120988762590658,0.0309815026254436,-2.8998867442324
"DDIT4",0.6544220529184,6.73035620421931,2.66512254372664,0.0121506810815688,0.0311084288022043,-3.408880660747
"ZNF559",-0.761106780106453,4.19069997822074,-2.66286493555272,0.0122168148101865,0.0312602665972943,-3.35514215478176
"CFL2",-0.651862229463618,5.2247505500384,-2.66279114426175,0.0122189820665873,0.0312602665972943,-3.41329836065029
"SH3BP2",0.632063510933451,5.77288625628426,2.66252058623263,0.0122269314357294,0.0312748483568555,-3.4157905020636
"TOMM40L",0.681905372806858,4.12935356635322,2.65983303902116,0.0123061566895369,0.0314196860051316,-3.33520200562195
"GATSL3",0.732674192435336,2.36803698950245,2.65973840306546,0.0123089551042074,0.0314210602017427,-3.10078249341512
"OPLAH",0.752307098966127,4.45341965318741,2.65943186671676,0.0123180235394395,0.0314294511997172,-3.36062922512156
"FGL2",-0.877220276480339,3.15518999943732,-2.65938489679383,0.0123194136251329,0.0314294511997172,-3.25351183384999
"HILPDA",-0.84937862404797,4.17671896815711,-2.65912016195307,0.0123272512400508,0.031438900520856,-3.36233130804076
"NMB",0.942328121296438,1.37447420035166,2.65778312230526,0.0123669058395544,0.031516906504397,-2.94430659225157
"BOLA1",0.673132501675846,1.40193226173308,2.65519168134552,0.0124441017640014,0.0316740691620984,-2.96800168496082
"NFAM1",0.666494395822518,2.86736771693952,2.65478079266047,0.0124563826800462,0.031694235812328,-3.18747044445909
"ANGPT2",-0.875681264736442,4.37089371791127,-2.65410148327303,0.0124767110279663,0.0317211478988272,-3.38793168737001
"GDF10",0.746698537167773,2.97647025360966,2.65263900828794,0.0125205802453063,0.0318036006888815,-3.20380606308972
"ZNF322",-0.65075524732771,3.55850028846993,-2.64898420790732,0.012630838777796,0.0320505871746134,-3.32503387143296
"PREPL",-0.75193361333239,7.60999189092653,-2.64889746064419,0.0126334667018536,0.0320505871746134,-3.42340186268752
"MAP1S",0.609561197737349,4.66781727308329,2.64877174863043,0.0126372759261195,0.0320505871746134,-3.4040085454595
"NFATC2",0.597845337658203,4.0183264608649,2.64870799505746,0.0126392081431079,0.0320505871746134,-3.35193616859178
"MT1G",1.14060315241589,3.57731938349766,2.64836623922843,0.0126495706150804,0.0320667999071568,-3.27652879346051
"MRPS6",-0.647520859741172,3.89103843950427,-2.64627849723095,0.0127130450817379,0.0322159593011885,-3.36517663234737
"PKP4",-0.813477931157073,8.67337573113099,-2.64574351789121,0.0127293578023697,0.0322396670010099,-3.38886355657023
"SLC38A3",0.727980789931876,4.83780501075521,2.64544257897753,0.0127385426427317,0.0322511782588338,-3.4195052331566
"PM20D2",-0.587264420126887,4.39917927167376,-2.64493457317221,0.0127540612510558,0.0322845884035284,-3.40882427198506
"GIMAP1",0.757891370666082,1.75622942778822,2.64276706523407,0.0128204718631495,0.032393711348874,-3.04219716632641
"ZSCAN23",-0.620926687903883,2.42310517402978,-2.63688058615934,0.0130024513996216,0.0327820238225498,-3.1907131966069
"L1CAM",0.598952723667834,6.08566752930548,2.63670754812218,0.0130078369280593,0.032789655298981,-3.47574683929936
"SFRP2",0.724811167568534,4.0716556757573,2.63633216916794,0.0130195271047079,0.0328082270758768,-3.37861502637703
"FAM109A",0.593116567677629,2.70614782322393,2.63631941779395,0.0130199243833702,0.0328082270758768,-3.20809493141555
"FAM43A",0.597840585771986,4.09364068772145,2.63422809146626,0.0130852336209183,0.0329489074077171,-3.39081561812688
"TMED7-TICAM2",-2.2928819816845,0.294525963083403,-2.63334598339944,0.0131128716539386,0.032994595788788,-2.90703965975035
"TLCD1",0.965745906283924,0.657512736190402,2.63229497430695,0.0131458723482974,0.0330656212405482,-2.92128630781896
"NEUROD2",0.647473811068353,5.23318428636646,2.63221984228978,0.0131482343704324,0.0330656212405482,-3.46775725225834
"CRLF1",1.01574727829421,3.18926413278053,2.62890587026466,0.0132528124143752,0.0332680266226738,-3.27781345083481
"LRRN3",-0.828093976456386,3.13104790873669,-2.62829375977054,0.0132722127964207,0.0332810790576914,-3.31740608636776
"WASH1",0.819393143572945,1.72486693739812,2.62682334852658,0.0133189240334139,0.0333801481724391,-3.0627852406484
"CALM1",-0.674474396245832,10.4075086600179,-2.62509558883493,0.0133740053342723,0.0334865682652245,-3.3271605899022
"RP11-307N16.6",1.30571847856507,2.59221329965355,2.62456733925899,0.0133908881358211,0.0335182079337749,-3.17254499288296
"E2F5",-0.599941727111118,1.97465861268454,-2.61968864120586,0.0135477472253608,0.0338438062761843,-3.15399410636301
"ACTL6B",0.740507047717919,3.27490994130439,2.61811794487199,0.0135986092450161,0.033957941951096,-3.32024536972779
"ZNF775",0.597697127226149,3.30777474858654,2.61567944114699,0.0136779231359775,0.0341077107509166,-3.33909407465302
"SLCO1A2",-1.06714292099604,6.74318923048509,-2.61355512469706,0.0137473669692866,0.0342562996248471,-3.5241196170755
"HGFAC",1.06074137028698,1.24999722493186,2.60900731452584,0.013897134081903,0.0345675358752219,-3.03242054870821
"CALCRL",-0.644329164235186,3.49156853484883,-2.60841894048539,0.013916620246915,0.0346022723762666,-3.40501306681303
"CDC14C",-0.604213620143644,1.98139013875215,-2.60836022580499,0.0139185661867417,0.0346022723762666,-3.17940030939511
"CYBA",0.680127370631374,3.43059816518689,2.60761554543302,0.0139432684831417,0.0346450971318385,-3.36959336018982
"NABP1",-1.21257425940383,2.25289116715367,-2.60664804176937,0.0139754228344759,0.0347063823231304,-3.22836610082942
"EFR3A",-0.654339206677866,6.388682462042,-2.60622601019794,0.0139894702720215,0.0347334909352545,-3.54661035496355
"AHRR",0.689924501199682,1.70871449348459,2.60308883547628,0.0140943024743251,0.0349608207417672,-3.11808716843332
"BORCS8-MEF2B",0.97151210750715,1.60098346114558,2.60210375285885,0.0141273698353153,0.0350249952563958,-3.09768644377341
"CCDC175",-0.877679028187044,1.0011966251963,-2.60128725005004,0.0141548327026944,0.0350694989880068,-3.04924955716816
"UMAD1",0.802707150872921,2.33648568219896,2.6012241274795,0.0141569578708599,0.0350694989880068,-3.21795091716489
"RAB26",0.709787902010205,3.78198672272975,2.60014479605021,0.0141933417993734,0.0351345864841328,-3.42997310963645
"SOHLH1",0.939416799804668,2.63076040393255,2.5973918597925,0.0142865346382775,0.0353401075696324,-3.26229249063428
"NEU4",0.867894128140593,2.73404462625682,2.5968397097432,0.0143052941472748,0.0353802169072076,-3.28226423708799
"REEP2",0.64652467079632,6.0912940796662,2.59657235060201,0.0143143859640514,0.0353901109145016,-3.56271761583321
"C2orf81",0.741149955793966,2.548782599096,2.59299811453049,0.0144364460398641,0.035615878056112,-3.26530852547669
"EFCAB7",-0.638364413457112,3.70647003245292,-2.59276373049312,0.014444483792304,0.0356293849681708,-3.46092483392629
"MCF2",-0.775535406342168,2.34413287834722,-2.59221261986174,0.0144633993902507,0.0356633874287451,-3.27441689661995
"MED31",-0.589677503491196,1.34441196519466,-2.59181630683338,0.0144770160781852,0.0356906326509896,-3.11440304566201
"ZNF527",-0.721487447136553,3.42484702137639,-2.59101908363525,0.0145044433281834,0.0357519097780861,-3.43474927739135
"ATP1A3",0.82169957702427,8.47483967668069,2.58866939097011,0.0145855607340639,0.0359138864818709,-3.52056911202919
"CCDC152",-0.737549929764668,1.7728427213996,-2.5886666107799,0.0145856569613468,0.0359138864818709,-3.18800405831341
"RASGEF1C",0.706719954598808,2.74180960646114,2.58821443861484,0.0146013152515735,0.0359397104510224,-3.30700979105924
"C1QL1",0.734703506041449,3.13043561501516,2.58797107081545,0.0146097492791954,0.0359541041740793,-3.36675575199315
"GPRIN1",0.624378204659306,5.930121510016,2.58585760144551,0.0146831822235931,0.0360900988812573,-3.58425654546642
"THAP9",-0.812920244439321,2.40184041942672,-2.58365255419207,0.0147601606977966,0.0362600731614717,-3.30216551198711
"MRPL23",0.684882628426352,1.23680680830279,2.58232559824629,0.0148066645260402,0.0363498624975833,-3.09179885333993
"UBE2B",-0.69944120614615,3.52875701222352,-2.58083564746824,0.0148590419726857,0.0364643250669508,-3.46830516425075
"PTPRN",0.628779492686653,7.24759895949423,2.58034078174571,0.0148764762372544,0.0364942249250592,-3.5816457169822
"SDC4",0.736206647288567,6.69045625537139,2.57920622440899,0.0149165184060571,0.0365795446958909,-3.5953295321102
"MSC",0.641853146771219,2.10854862848002,2.5786787388814,0.0149351689613748,0.0366090654310101,-3.22905036901327
"HS3ST2",0.974336673251387,3.1959836640903,2.57841911089328,0.0149443566624214,0.0366090654310101,-3.39024097388878
"BEX4",-0.664866224855821,5.32000214017137,-2.57810817370239,0.0149553669638481,0.0366231304441458,-3.59975625531795
"SUB1",-0.624418792584935,5.80815875776601,-2.57664819706812,0.0150071651065177,0.0367305650195086,-3.61166723565665
"HEMK1",0.863734109919121,4.16446296228647,2.57638825831927,0.0150164047735669,0.0367402427247671,-3.51361714601133
"SSTR3",0.880220646328401,2.69944083690882,2.57529405935617,0.0150553563414026,0.0368225833670266,-3.3210145733792
"ARSI",0.679938606238334,1.15803688312404,2.56757807105534,0.0153326929056214,0.0374153232883883,-3.11407899525381
"ACSM5",0.964270400583949,2.65726010315191,2.56638839465997,0.015375870959323,0.0374943620551673,-3.32533347020212
"GPT",0.715280408314595,2.02589371226693,2.56608773108288,0.0153868009853855,0.0375144348121413,-3.23987865018006
"DYSF",0.591751531996396,5.99955008325353,2.56530386564111,0.0154153305932484,0.0375708144998842,-3.62966629390717
"KCNH5",-0.765936002578922,2.11538822975959,-2.56101406343228,0.0155723292566326,0.0378936673071428,-3.30039054409327
"SEMA3E",-0.845142064607879,2.24201814493655,-2.56076154650001,0.0155816167362928,0.0379096317584779,-3.32320448022768
"PRRT1",0.632396547873019,5.42561936815157,2.55751461708315,0.0157014939425135,0.0381478799001788,-3.63444197672398
"DDA1",0.874693356322572,3.65774743643771,2.55734210301383,0.0157078869399095,0.0381567437076047,-3.49875262231908
"HIST1H1C",0.62302939826179,4.78957717543099,2.55688887089498,0.0157246941851549,0.0381784372876632,-3.60742314008602
"PRKCD",0.667188771187565,4.09567227695686,2.55687911235419,0.0157250562443648,0.0381784372876632,-3.55342991293118
"ASPDH",0.66016236288865,3.03820135303935,2.55257972606968,0.0158853213884403,0.0385003029885107,-3.43337607269716
"MGAT4A",-0.609121927128173,5.48844319950636,-2.5513517342294,0.0159313722124556,0.0385984552975875,-3.66121467822738
"SNX32",0.651785271918977,3.88779274080416,2.55092955805671,0.0159472326281541,0.0386234195116026,-3.54379872759922
"MT-ATP8",1.14260580577627,10.099706550639,2.55018528879418,0.0159752289852604,0.0386575514974917,-3.50721185940762
"GFAP",0.701052217432537,13.0391590183627,2.54797534453307,0.0160586253494392,0.0388323203353459,-3.29342616573745
"LILRA2",0.783569478732547,1.2247478042578,2.54514408886989,0.0161660546478785,0.0390513452154313,-3.1674560521933
"GPR22",-0.972383414866677,3.97040840874126,-2.54358841449284,0.0162253648935167,0.0391741963788937,-3.59349076034729
"JPH3",0.588425223606213,8.61239047093439,2.54107079339628,0.0163217745660834,0.0393796095136569,-3.61679671395358
"GLS",-0.720858989763806,6.7072962408026,-2.54072621524538,0.0163350108259271,0.0393978696221442,-3.681933969627
"TMEM41B",-0.62255613758832,3.95740370334433,-2.5391525334993,0.0163955864142805,0.0394823215540148,-3.60099564552273
"RASSF9",-1.2417535319386,2.4069397003786,-2.53295726367623,0.016636077260651,0.0399438248838636,-3.40821373656442
"PIPOX",0.721872158329061,3.00549737856315,2.53248724799338,0.0166544545135976,0.0399810441457494,-3.46455319971639
"RAB11FIP4",0.597373072741886,7.81735096850595,2.53194250566875,0.0166757769134086,0.0400253195183367,-3.66746506663376
"ZBTB8A",-0.65681871670289,2.49137376037117,-2.53098155187925,0.0167134520420468,0.0400811471948482,-3.42649354343159
"NRBP2",0.626960942231234,6.69447105809228,2.53090387126993,0.0167165010079327,0.0400815448451673,-3.69897616026643
"HBA1",2.2704685910014,1.53576825065985,2.52982711144422,0.0167588166514359,0.0401691498428037,-3.1967189642545
"APH1B",-0.711990921965438,3.59701747734116,-2.52858222117346,0.0168078625974457,0.0402589431133167,-3.58699169001328
"ZNF449",-0.61527870239796,3.14380696053061,-2.52792284941721,0.0168338939071415,0.0403143485094025,-3.53113994613263
"MRPS36",-0.667476551945087,1.00822431627873,-2.52772892293965,0.0168415569836405,0.0403188092279267,-3.19807221320764
"SRD5A3",-0.581693034560581,2.84676414363665,-2.52666089439381,0.0168838181106899,0.0403921595895389,-3.49032398666006
"APLN",0.600387526811011,5.10892330831852,2.52610033603946,0.0169060380534087,0.040428033942496,-3.69030683382904
"LPCAT2",-0.727544934516778,3.02854234027197,-2.52551766917866,0.0169291628863371,0.0404588658150005,-3.52076434297439
"GREM1",-0.911272561949392,4.00288503412298,-2.52300745976973,0.0170291211849399,0.0406713127491225,-3.63990840277792
"CBLL1",-0.699374525367424,3.3008407802551,-2.52238558610319,0.0170539684500537,0.0407221349008323,-3.5645035542132
"CEP126",-0.590223755504736,6.00686749927999,-2.5195294663364,0.0171685152081851,0.0409534485971499,-3.73408998529015
"CBWD7",-0.583427911154175,4.37578863039217,-2.51852260120628,0.0172090647584068,0.0410313566089852,-3.67756573331613
"YTHDF3",-0.76131974466953,4.89775991800056,-2.51824553113593,0.0172202386717853,0.0410469611633645,-3.71083226244932
"ZNF404",-0.687278218655668,2.82633672555481,-2.51727640566829,0.0172593749035297,0.0411137474141311,-3.50715786254032
"PHYHD1",0.644113666363208,4.20537348901929,2.51680924880897,0.0172782693327265,0.0411464787774042,-3.64920760712521
"BCAM",0.586665093746832,4.18770650251543,2.51576295695355,0.0173206562690815,0.041203244944006,-3.6528739917302
"CYS1",0.925018944680138,2.90443221109357,2.5149672382249,0.017352956106087,0.0412659589098223,-3.47655391855333
"GCOM1",-0.821547552019941,1.10416119268733,-2.5141742041557,0.0173852020852464,0.0413261358128253,-3.23909381572926
"ZBTB12",0.605029302697333,2.88452131183415,2.5141256189385,0.0173871794252061,0.0413261358128253,-3.49283225822133
"MT-ND4",1.22164801572842,14.4992094271502,2.51324524882557,0.017423044921465,0.0413972262003428,-3.26519749556501
"CEP290",-0.628578261867136,5.88285786345802,-2.5128935650152,0.017437391218108,0.0414242332047398,-3.74782879467141
"MAP4K1",0.846432769403998,1.5347754724209,2.51199183846393,0.0174742251559604,0.0414975534878992,-3.27297220297443
"ELAVL2",-0.93183020997794,3.32321933103299,-2.5118282727905,0.0174809141870791,0.0415063482542738,-3.58953898392598
"CHST8",0.817134757591878,4.24174689675742,2.50895019442471,0.0175989993301407,0.0417225935688296,-3.6668396587335
"IQCJ",-0.614588286059311,2.50142409044157,-2.50874906374602,0.0176072789103455,0.0417351051000211,-3.47273554546863
"LANCL3",-0.818688847888224,2.3874664068958,-2.50581683888503,0.0177283918498641,0.0419863890113817,-3.46194138095232
"RASL10B",0.586608142635256,6.22224288923519,2.50542444183886,0.0177446574336056,0.0420034441753764,-3.75787029491475
"IL34",0.627038334128981,3.84130008068154,2.50511917478747,0.0177573208035943,0.0420109510663093,-3.63729041873507
"SLC7A4",0.701594579907866,1.71784399370095,2.50470100905462,0.0177746810243825,0.0420315726485738,-3.32332961394795
"CSF3R",0.705669871869693,3.96953248154736,2.50410493267633,0.0177994542039104,0.0420758395413641,-3.65024498842415
"WFIKKN1",0.780815797654313,3.26871149301347,2.50341097792528,0.0178283352256739,0.0421226234376816,-3.56322137052339
"FAM105A",-0.583396160608041,3.03858057650341,-2.50323334791366,0.0178357347547536,0.0421329455498019,-3.56764092517134
"P2RX2",1.41400984119089,1.81845381944855,2.5005051288438,0.0179497392590475,0.0423457660999556,-3.32363645218221
"LIME1",0.857919217593288,3.33905761944382,2.50049427391892,0.0179501941898316,0.0423457660999556,-3.56764442517272
"HEATR4",0.729626360112987,2.7843791136543,2.49980164703321,0.0179792441538021,0.0424071008188254,-3.49991133903587
"SPOCK1",-0.651575164952632,7.27742738773343,-2.49878400499683,0.0180220041763812,0.0424791288674214,-3.75576492089112
"SAMD12",-0.883432720665184,5.35585758617784,-2.49678236882298,0.0181063831227517,0.0426418665377764,-3.77359926336801
"GAL3ST1",0.681980113911738,3.09070481375891,2.49628876158811,0.0181272468368927,0.0426837712612605,-3.55496287926585
"ZNF366",0.784846870653232,2.8768601187804,2.49621111471219,0.0181305308124486,0.0426842742344895,-3.52274794110044
"UBE2V1",-0.717477514836623,4.88013757712106,-2.49499971259787,0.0181818363404279,0.0427978138849693,-3.75864414073389
"USP18",0.836397342914063,1.06168547304334,2.49378113819107,0.0182335801362028,0.0428773017213372,-3.25006329629615
"ZC3H8",-0.684460547472882,3.18309736327973,-2.48993455854496,0.0183978042786784,0.0431745906620842,-3.61631632306813
"ATP6AP2",-0.793124720116275,5.46294584754926,-2.48892319349214,0.0184412079490685,0.0432545424174034,-3.79282340630341
"HSPA4L",-0.835692347852516,5.71178550291163,-2.48138479116425,0.018767698748872,0.0439092137338975,-3.81270692962104
"SLC38A1",-0.682895413774365,6.70872601936808,-2.47630959296404,0.0189904857022173,0.0443707112995336,-3.81770913737428
"ITGAM",0.661739321468951,3.93989768783565,2.47408108636999,0.0190890751577792,0.0445337007624511,-3.71112091413503
"C2orf82",0.879271570335733,4.8378605799668,2.47385349409199,0.019099170244014,0.0445497759617925,-3.7818495896011
"SLC22A13",1.07050041506259,0.660193594141959,2.47198258821307,0.0191823418854326,0.0446912882338335,-3.2383227703526
"LPAR1",-0.888082662237242,7.82041913102893,-2.4709412469278,0.019228778733355,0.0447469839221798,-3.79511363099501
"CHRM4",0.744862133430491,2.64382496957199,2.4680080947471,0.0193601322010806,0.0449992235149934,-3.54111070211786
"SAPCD2",0.833494232855344,3.56168739268985,2.46795859334851,0.0193623560308967,0.0449992235149934,-3.67732301776047
"DBF4",-0.740997260774487,1.37678129595415,-2.46788998724748,0.0193654385186709,0.0449992235149934,-3.36860346110829
"MAGEL2",0.678675401817222,1.94835547221547,2.46663106459947,0.0194220821134001,0.0451137486283187,-3.43253787617344
"PRSS3",0.744830833652935,2.4787158175035,2.46632834500651,0.0194357252169323,0.04512711048566,-3.52044323461808
"AMDHD2",0.660956846235585,4.33935689683227,2.46404252505414,0.0195390274687301,0.045309684715644,-3.76860003970982
"SYTL2",-0.590265998084422,4.74550881531999,-2.46302342640794,0.0195852451862603,0.0453861521193881,-3.81798243114596
"CCDC88B",0.755479563036292,4.58970291321095,2.46246124550656,0.0196107838177748,0.0454230450907541,-3.78899369428347
"ARRDC3",-0.639954974122473,5.71511023932248,-2.46238435449808,0.0196142791766895,0.0454235730658567,-3.85233672789477
"NPTXR",0.67935666315571,9.94682428705154,2.46002546198939,0.0197217889117835,0.045642135750227,-3.70916241864018
"MXRA8",0.710458791588694,3.14934746780046,2.45983942887912,0.0197302905465231,0.0456542109150739,-3.63917389855736
"KCNK9",0.856879125966726,2.64318490632386,2.45893870524415,0.0197715007318453,0.045732104785526,-3.55400451152234
"VGF",1.04233999071454,3.92457810097064,2.45805256299177,0.0198121207063794,0.0458054385598014,-3.73121491871633
"GDPGP1",0.933721541410501,2.18219539106241,2.45620034014611,0.0198972719077707,0.045956450251176,-3.47730996462752
"LIPE",0.670529407784302,4.5648428944615,2.45593325606618,0.019909578024479,0.0459746372466142,-3.80316223743305
"COL8A1",-0.950524466609172,2.00904184252057,-2.45511188547046,0.0199474670323432,0.0460265040138814,-3.50169058138665
"ANKRD65",0.594631840194448,3.16514211373856,2.45401748171438,0.0199980533813327,0.0461126120595933,-3.65746995739166
"LRRC66",-0.689516289467681,0.882953771350005,-2.4529045438254,0.0200496168621241,0.0461830715425152,-3.32854464127047
"HES1",0.637309796433526,3.20058802578797,2.45080703046764,0.020147127668141,0.0463794285216916,-3.66930678046523
"HTR1A",0.833209114108172,4.56107841165802,2.45071776522841,0.0201512871133045,0.0463813234187349,-3.80887089038439
"FRRS1L",-0.593725388541849,7.29727488840703,-2.44910031628623,0.0202267908095749,0.046531995008226,-3.85890156936951
"ZDHHC23",-0.753925662676515,4.48817614660645,-2.4489867539818,0.020232101696368,0.0465365118767221,-3.83179465926742
"RAB27B",-0.955000065749816,3.43769063781616,-2.44871934795988,0.0202446123230214,0.046557584865946,-3.73496609765185
"LRRC9",-1.303995265538,2.44107271820649,-2.44801775119318,0.0202774702862489,0.0466177059426888,-3.588706249364
"ADRA1B",0.949990901627875,2.21495179600022,2.44528910303346,0.0204057259144626,0.0468428668531802,-3.50664537600734
"PLD4",0.878342660203769,2.72468895899434,2.44296249137557,0.020515670266478,0.0470434886628605,-3.60061057287556
"YIPF6",-1.12304623083461,4.77946225063563,-2.44295446959798,0.0205160502723177,0.0470434886628605,-3.86192868676703
"LEPR",-0.70477505680267,4.5128395391856,-2.4419360346663,0.0205643476765109,0.0471369433468846,-3.84798036092809
"APOBR",0.786023611718654,1.7828238707659,2.44022856292067,0.0206455547858902,0.0473074835393845,-3.45544872154513
"SLC16A10",-0.677347748870735,1.36985803246696,-2.43785878491299,0.0207587471195117,0.0475276848576172,-3.42776815470641
"PNMAL2",0.693990821577541,6.30917712486103,2.43759868320591,0.0207712053653674,0.04753303239906,-3.89753604765263
"NEK5",-0.763028182549318,3.76879126451794,-2.43705054511942,0.0207974822486775,0.0475771924010391,-3.79613598857724
"BEAN1",0.699651434702373,2.28720223121534,2.43674710625386,0.0208120417007002,0.0475888017168567,-3.55106085355105
"NFATC1",0.637451792864145,3.75088466834576,2.4348722840082,0.0209022053432029,0.0477460497340135,-3.77367829420132
"PROCA1",0.696794060433496,1.30815544449427,2.43416376818232,0.0209363720445323,0.0477932816148672,-3.40216471441239
"CLDN5",0.825067169865783,5.09558130480698,2.43282837533519,0.0210009074134625,0.0479085354220472,-3.88205353615202
"RPL37",-0.5997695945558,6.96439174908418,-2.43230314092812,0.0210263401382345,0.0479418043434288,-3.90328335630254
"LRRIQ1",-0.708630174242933,3.31170149833684,-2.43226425940809,0.0210282239648563,0.0479418043434288,-3.75209827537458
"FBXW4",0.598471259419345,6.68054722787148,2.43001690476587,0.0211373717759288,0.0481408490217827,-3.91068969101925
"ZNF524",0.732282077950203,2.28585951395589,2.42900697277844,0.0211865897884889,0.0482450403340824,-3.56635412053055
"TRIM67",0.641759148831395,2.57737805006962,2.42427447860291,0.0214186210795525,0.0486936500814291,-3.62569447256806
"SUSD2",0.654443981160021,1.91390880095555,2.42396295832596,0.0214339758569177,0.048703802987007,-3.51812179250818
"PTPRC",-0.691359016865716,4.24052497787632,-2.42389959099171,0.0214371004515535,0.048703802987007,-3.86480397714121
"VRK2",-0.647549822061677,4.6628834294347,-2.42055476736283,0.0216026228873485,0.049023777894208,-3.9015101517469
"NEK8",0.98381665641185,0.667159909948015,2.42003039132715,0.0216286778071646,0.0490668862394259,-3.34099431282912
"CCDC96",0.683308755861945,1.84203106011694,2.41921794755279,0.0216691027575751,0.0491425557154664,-3.50683237200534
"RSPH14",0.699053214543589,1.01243233789755,2.41869455457362,0.0216951818656173,0.0491856520378035,-3.39157667440954
"DGKI",-0.584367182005151,6.37116283806435,-2.41817802032438,0.0217209473159271,0.0492280093880042,-3.94360759688348
"SLC9B1",-0.667367106479606,1.12158302259064,-2.4158588520598,0.0218369753070052,0.0494426108661215,-3.43608562673615
"GOLGA8O",1.01008185871527,2.08649882978746,2.41540266148383,0.0218598650032993,0.049486377345036,-3.53161708884939
"CFAP54",-0.731798241814382,5.75240385669443,-2.41515972839161,0.0218720632835737,0.0495059302781247,-3.95055149033895
"CHST5",0.643173093497401,2.29218769823924,2.41218207293528,0.0220220844310683,0.0497887490259736,-3.5907605895246
"EGR4",1.25679250567056,2.29284066787434,2.40694528923195,0.0222882052464236,0.0502759418036315,-3.57091710452264
"RND2",0.620405945597204,6.05480744128428,2.40661365579407,0.0223051564290394,0.0503060163329827,-3.96227496423765
"ATOH8",0.598983820834919,4.83216561121053,2.40595618500267,0.0223387973013905,0.0503737161531113,-3.92686987927338
"TFR2",0.584464784739769,1.87503144715423,2.40524860401003,0.0223750538622508,0.0504309336564543,-3.54860615832289
"CECR2",0.68148126529502,5.56613866720248,2.40367698358063,0.02245577599212,0.0505964664250327,-3.95977171491838
"LTBP2",0.611317103437672,2.90847517625183,2.40174709313865,0.0225552629420323,0.050779476181398,-3.72533812798023
"BHLHE22",0.710470332001591,5.14610244490746,2.39950441222333,0.0226713791523735,0.051007851266596,-3.95327167572666
"HR",0.686371795461105,4.99416181280435,2.39865975186296,0.0227152530524742,0.0510885105278564,-3.94828669672768
"PLA2G4A",-0.64297818026702,2.04270304951244,-2.39746023637413,0.022777692066401,0.0511973282307367,-3.62120152554401
"RTEL1",0.607959586297588,4.24834063894311,2.39653744599301,0.0228258329767689,0.0512889494170101,-3.90320809269179
"CES1",1.46890053166369,0.40407263003359,2.39550032494236,0.022880049043594,0.0513775548060157,-3.35220606948081
"PRKAR1A",-0.582759756197105,7.11579647025938,-2.39378553770322,0.022969947941945,0.0515544424102227,-3.97822168852959
"HMGCR",-0.654959553454181,4.95758019724901,-2.39240086807591,0.0230427749334151,0.0516587995595934,-3.97470413346496
"CFAP161",-0.981729614834681,0.589014441716861,-2.39053738146675,0.0231411174531628,0.0518465455010264,-3.41505577585501
"PPP1R3B",-0.58692192963788,3.16819279442174,-2.39007656410727,0.0231654952384001,0.0518844393111388,-3.81804566560009
"ELOVL4",-0.749111966311638,3.52894611004919,-2.38639624804984,0.0233610292663374,0.0522802686510983,-3.87301790347062
"ADRA1D",0.940600585515853,3.23813980450415,2.38579924900878,0.0233928889342732,0.0523121131998981,-3.79424021081291
"CD109",-0.701623087379835,4.53480964304855,-2.38577706916508,0.0233940733537453,0.0523121131998981,-3.96456973300438
"CD68",1.03324117837768,2.39520265526484,2.38422816378091,0.0234769211793308,0.0524438805385192,-3.64341947951215
"TRIM52",-0.685882352230574,4.16260991982085,-2.38243714766794,0.0235730519653098,0.0526041410266778,-3.94368063229396
"RNF207",0.599755127466446,3.19189102804801,2.3824221255216,0.0235738597752987,0.0526041410266778,-3.8071310137166
"ID1",0.714348059687958,5.02515547461378,2.37998138292976,0.0237054448750429,0.0528383990144053,-3.98886709478249
"HPRT1",-0.791740183988331,3.1560399812407,-2.37560621279372,0.0239429927999305,0.0532654002087748,-3.84709260478292
"RTEL1-TNFRSF6B",0.587125510807404,5.12080069680666,2.3739878992726,0.0240314056738593,0.0534535362684787,-4.00511482842932
"RP11-5A19.5",0.663138298824716,2.00014730519262,2.37211748292214,0.0241339615110903,0.0536387422745287,-3.62602274941374
"MNS1",-0.706370235353479,1.92916246921112,-2.3695863617042,0.024273377908774,0.0538969014035739,-3.65677618344344
"RTP5",0.854775481110549,5.97640764508016,2.36856262626362,0.0243299738627206,0.0539976138614134,-4.03565523211834
"KLF2",0.978473320391727,3.49006043932493,2.36814327859701,0.0243531916012885,0.0540327572618002,-3.8690354304332
"WNT7B",1.00463688602387,3.14989265530897,2.36812875046167,0.0243539963316386,0.0540327572618002,-3.81282450729942
"HIST2H4B",0.638577498228481,1.8277352958285,2.36774951843301,0.0243750109897095,0.0540677857897968,-3.60987232075638
"CD24",-0.650466962142331,5.06353878393231,-2.36762125920864,0.024382122040443,0.0540677857897968,-4.02973476093765
"MT-ND3",1.03683557528163,9.68441400720682,2.36731524087627,0.0243990961729919,0.0540896563541594,-3.91380926111745
"CLEC2L",0.649204208283476,2.77127111600636,2.36576315203609,0.0244853524970439,0.0542396570043565,-3.77450561860141
"NRL",0.621000761941763,1.62635769048067,2.35942658158401,0.0248403862883088,0.0548928707963866,-3.59444854482651
"AP000275.65",2.08317628847841,1.49770291143792,2.35809758679346,0.0249154397497734,0.0550304174269012,-3.53654362016291
"VSTM2L",0.818723888455437,5.95252823315166,2.35736812912727,0.0249567225448022,0.0551061557842822,-4.05892528461599
"MT-CO3",1.14014864761423,13.4654455568358,2.35553392152458,0.0250608020261664,0.0552657471078308,-3.64908348354818
"ANKRD31",-0.720237781377356,1.34028673374628,-2.35396670959331,0.0251500433564695,0.0553834789706381,-3.58829925193863
"C10orf107",-0.771943148591023,1.36615252358586,-2.35146870497356,0.025292883243606,0.0556539510687892,-3.59944220984014
"PGR",-0.621211090209973,2.48212987858532,-2.3434263374166,0.0257577750607638,0.0565247969841735,-3.80514013326649
"FAM178B",0.868881630939606,1.68087455835848,2.34275854366631,0.0257967235859684,0.0566013338529249,-3.62821425610944
"MMP16",-0.626254889343419,6.24789078149723,-2.34254787905424,0.0258090215086419,0.0566193809394256,-4.09870616431442
"IL17D",0.684800724811604,5.46156284516148,2.34221984989217,0.0258281813848696,0.056652473589848,-4.08251876749279
"PTGS2",-0.923073128990867,1.37524073490869,-2.34197131411577,0.0258427067173459,0.0566753918259256,-3.61940001701492
"CBLN3",0.633348582497777,1.57721749963573,2.3403811439438,0.0259358175351622,0.0568168508310471,-3.62524435450993
"ORAI1",0.681395152312528,1.83597862145809,2.34015249691671,0.0259492307247728,0.0568283247535902,-3.66905378371174
"TMEM220",-0.615519432038649,1.50092014870762,-2.33998666288835,0.0259589630324998,0.0568406842144923,-3.64027620007997
"EYA4",-0.732857518820893,2.5861204763953,-2.33960065261208,0.0259816296542825,0.0568724004808433,-3.83055212966243
"CCDC68",-0.606824505272332,1.14629744539367,-2.33808507943155,0.0260707981872052,0.0570496200847674,-3.5899551862519
"EDNRA",-0.856944805931692,1.32068509848237,-2.33697631041617,0.0261362081283767,0.0571477768796309,-3.62092873580903
"ABHD10",-0.604013452631312,4.04337390213201,-2.33671551232085,0.026151615068683,0.0571724725090157,-4.02499193632737
"CAMK1G",0.719109421474889,4.89099574195493,2.33586485167584,0.0262019260530819,0.05723554886833,-4.0690989003092
"FLNC",0.645066320601046,6.39110124856798,2.33532683542792,0.0262337914617459,0.0572800642219557,-4.10588839125595
"MYBPC1",0.606453280468736,4.53624851205727,2.33340622958927,0.0263478310910321,0.0574749015891304,-4.05383771055684
"SLC39A4",0.711236658962037,0.936794627549851,2.33086551277229,0.0264993813562512,0.057751120804923,-3.54496835654958
"FRAT1",0.736952474009534,1.86315968925254,2.3283462036299,0.0266504342583552,0.0579984873293134,-3.68690703115442
"RIMBP2",0.601936072489499,6.92537129150331,2.32785970954397,0.0266796932169408,0.0580258283951675,-4.11350167671613
"MCEE",-0.585184376134827,1.07634561303171,-2.32598428157556,0.0267927586318497,0.0582443988272047,-3.60148340442995
"WAS",0.662919566104605,2.39628582925752,2.32558467864576,0.0268169058341226,0.0582877775024971,-3.78847775457017
"SGCD",-0.720046241499985,4.06821724463035,-2.3240942077192,0.0269071459794415,0.0584564999853407,-4.05332472753816
"PDE11A",-0.685776924133626,1.59439761089881,-2.32327647674105,0.0269567720255029,0.0585368704621276,-3.69032575844356
"VAMP8",0.605196592855279,1.18586917230102,2.32288243390527,0.0269807150808483,0.0585758364152627,-3.60382375827346
"MOB4",-0.988033359955367,3.73916347238369,-2.31775577024373,0.027293984239727,0.0591714842221629,-4.03456907944301
"CEP19",-0.586701064403734,2.10543872939985,-2.31770713914028,0.0272969715850951,0.0591714842221629,-3.78929621423287
"PDP2",-0.834975130788662,4.14829463911114,-2.31708809950701,0.0273350242536092,0.0592379590294116,-4.07406650217497
"RUNDC3B",-0.632240016073339,3.73614332695343,-2.31385795994537,0.0275343624841425,0.059586349199027,-4.04130003880961
"CALN1",0.700686564933379,6.93274824622692,2.31274534083286,0.0276033283675295,0.059707712924443,-4.14313239236133
"MIEF2",0.84557129294334,3.26289512071743,2.30989651120319,0.027780626499397,0.0600002941788185,-3.95149424413092
"ZNF135",0.604933839713897,4.04171739496426,2.30933779036147,0.0278155193184269,0.0600510854919609,-4.05967001256846
"GATA2",0.622042598322608,2.61763072272304,2.30688909538686,0.0279689114135799,0.0603482549234189,-3.87082177975308
"PPP3CB",-0.67760533391228,6.20982677023091,-2.30649389800103,0.0279937390870779,0.0603924520156047,-4.1711686815766
"TMEM130",0.594472984969418,6.47930624829922,2.30588322844513,0.0280321426627365,0.0604657804808287,-4.16443167079969
"YBX2",0.755707732833685,1.00615423230216,2.30486812981181,0.0280960852524881,0.0605756478256963,-3.6030937803333
"UCN",0.592943635425093,1.28567777561572,2.3021472920363,0.0282681258485438,0.0608521965850815,-3.65332083099475
"SLC32A1",1.19364352422726,1.93926982817912,2.3013018450901,0.0283217776755194,0.0609488162918066,-3.73622732756151
"NINJ2",0.706949270897658,2.54532553633389,2.29965978954148,0.0284262451032549,0.0611452358696348,-3.86517918636033
"ZNF564",-0.728061728124939,3.40464976210373,-2.29825372708464,0.0285159752881826,0.061309787883748,-4.03408072679948
"ZNF112",-0.724337563774398,4.17739755145946,-2.29334117006094,0.0288314907569513,0.0618975112833535,-4.12330703168015
"TAF9B",-0.593660270319455,3.27915780577922,-2.29283458757201,0.0288642053758215,0.0619530929650564,-4.02741934738361
"ISLR",0.947145507676749,2.04402086637855,2.29226265815232,0.0289011803252592,0.061984604887651,-3.78123423761956
"HES6",0.948756613848579,3.11938937535027,2.29149530922017,0.0289508562409299,0.0620624215052287,-3.9611613773467
"PRR18",0.695213143808333,5.2745997666014,2.28740671733035,0.0292168417945153,0.0625747241761441,-4.18438363986116
"KANK3",0.605150726896732,3.3601445928665,2.2862706565028,0.0292911394594176,0.0627048692277214,-4.02667024015927
"SLC16A6",-0.581819870860712,2.03037624988469,-2.28232688250343,0.0295503851124892,0.0631431684343413,-3.84448572413796
"SPATA25",0.665977032217533,1.0163275534634,2.28142974548951,0.0296096470756796,0.0632503555080052,-3.65250177125403
"SSPN",-0.625161668254219,4.56834683660979,-2.27720446262633,0.0298901996691331,0.0637309820462452,-4.18382822942575
"SLC13A5",0.835322873105089,1.80647481443251,2.2689954835232,0.0304421260078858,0.0646906811008297,-3.79532234329788
"FA2H",0.600104339414409,5.00161708145125,2.26849864036339,0.0304758239170324,0.0647368614699643,-4.21028526159341
"SSX2IP",-0.611985976467031,5.29121014385708,-2.26173120326543,0.0309381772287858,0.0655899577393215,-4.24954805889398
"GABRA4",-0.796303949545122,5.13958375391926,-2.2615969860078,0.0309474105374516,0.0655939779374375,-4.24468241998037
"MT-CYB",1.07110333521936,13.3571262197933,2.2600506348156,0.0310539689600628,0.065779716057107,-3.84135315406401
"CXCL14",0.651865714646026,3.96414298499165,2.25838370490253,0.0311692063002013,0.0659434341782679,-4.1504812672562
"KCNMB2",-0.605089582545064,2.32894795142803,-2.25739459485991,0.0312377667937147,0.066038235092187,-3.94553537133654
"SOCS6",-1.09549456971657,4.74790961217954,-2.25716522498264,0.0312536850204625,0.0660618411364558,-4.23471112536539
"ARL6",-0.703189918022637,3.32897263633089,-2.25689249568457,0.0312726218849466,0.0660717309186211,-4.10495405550384
"FGF22",0.746971207650121,1.25346905534311,2.25490711491207,0.0314107876343146,0.0663132528006442,-3.72774615008766
"TCAP",0.62641001305273,2.29776178613902,2.25396843409979,0.0314763029639191,0.0664213059812391,-3.90703132824604
"KCNJ11",0.700516834071845,3.46042308594861,2.25087844364052,0.0316928386643538,0.0668173859738923,-4.10138379890284
"PRAM1",0.856457068022461,3.17097204861929,2.25014627559258,0.0317443424168565,0.0668955355887735,-4.04879737365821
"THAP2",-0.649658959295435,2.91953801566023,-2.25003673355918,0.0317520545314485,0.0669016462710212,-4.05875513603768
"TMOD2",-0.616555174280804,8.52151181832379,-2.24972782742072,0.0317738116041037,0.0669373433732762,-4.21421999422449
"ANKRD40",-0.689578486076522,8.21112333335669,-2.24933874323434,0.031801234909563,0.0669849648049614,-4.22791965581963
"AEBP1",0.620634188028343,7.05911477796705,2.24681209397319,0.0319798359458942,0.0673042884077175,-4.27092137085728
"RTBDN",0.783145472984023,0.993538126169333,2.24281770168822,0.0322640277689863,0.0677851766728801,-3.72000162183066
"EMP1",-0.755046607983573,4.05231001543055,-2.2425047045231,0.0322863924266631,0.0678205601698144,-4.21292001877631
"RGS2",-0.848994911963018,3.18318999831128,-2.23874883908955,0.0325558499852351,0.0683053767725231,-4.12061185970035
"DNAJA4",-0.617591621446839,6.12440199425977,-2.23802948192395,0.0326076889086172,0.0683728644355348,-4.30653025813289
"IMMP1L",-0.643631411255818,1.3959471186142,-2.23317869163681,0.0329591909561553,0.0689684227591723,-3.82532432170066
"SLC30A3",0.727139485881249,4.48487693976882,2.23308337054881,0.032966132156143,0.0689684227591723,-4.24314822200917
"B4GAT1",0.595590898531148,6.14936486339374,2.23056489260322,0.0331500017306349,0.0692801148615884,-4.31403253743336
"HK3",0.987116568542544,0.560737424608365,2.22725012460119,0.0333934102772891,0.069684057291335,-3.68938513745301
"SACS",-0.847368026437761,6.36136712526038,-2.22710347401411,0.0334042160182203,0.0696956943970321,-4.3258031998638
"MYO9B",0.602633766353964,7.44133282372606,2.22541718257233,0.0335286937123953,0.0699243774362015,-4.30223109337885
"PHF10",-0.608848236533399,6.24988806459561,-2.22464096416268,0.0335861319327388,0.0700152003906539,-4.33189405268764
"CUX2",0.639096557518665,1.59798670788469,2.22212672056025,0.0337727862989845,0.0703538381073574,-3.85486443005984
"ZBTB43",-0.652787565841446,4.20952982375039,-2.21684178072781,0.034168170448901,0.071076747804971,-4.27527682840509
"RNASEK",0.596776235564219,3.01468477345629,2.21564893232474,0.0342579835527286,0.0712209492074223,-4.1120149185693
"SULF1",-0.649885591604,3.00687461464784,-2.21502407322427,0.0343051154748867,0.0712976103052586,-4.13926460229683
"CDK3",1.24401277105974,0.493269105716521,2.2146050687468,0.0343367527276744,0.0713207136441252,-3.6903113453205
"CBLN4",1.22877297344044,1.07147400586732,2.20966812841639,0.0347114944198869,0.0719456352386013,-3.7792063710925
"ADAM28",-0.830337861833008,3.78580433333219,-2.20955113534018,0.0347204191350724,0.0719456352386013,-4.25040801456691
"PTCD2",-0.760262546286534,4.13072624179919,-2.2080962445212,0.0348315760892354,0.0721222178719914,-4.2856777717841
"ADGRG1",0.592783492933142,7.17874940776962,2.20658843376106,0.0349471125412783,0.0723398985331822,-4.34617196365654
"MAP2K4",-0.675382408429037,5.76641261103266,-2.20542955618867,0.0350361450528865,0.0725026032338832,-4.36879136033421
"FLT3LG",0.644958430063445,1.24838084027076,2.20496443082771,0.0350719360981461,0.0725442725243903,-3.82533484689882
"SALL3",0.687834047850179,4.8059882082829,2.20378320379832,0.0351629778319367,0.0727001364990458,-4.32618612754791
"SMTNL2",1.14563277277635,1.02985154559099,2.20344520012537,0.0351890679937932,0.0727432599627825,-3.79472842339991
"CHST9",-0.698555548529133,3.24655200368432,-2.19984766357284,0.0354678340734105,0.0732106650762513,-4.20396067453576
"SERTAD1",0.580171104602785,2.20758295695053,2.19956037247052,0.0354901807042864,0.0732459162931992,-4.00000299244909
"COQ10B",-0.585355851910885,3.12883471556229,-2.1992767937847,0.0355122509266856,0.0732759308417697,-4.18770250943738
"NTN5",0.681069625351803,1.45335545095362,2.1980762300033,0.0356058239620462,0.0734191878849549,-3.8722697853749
"GMFB",-0.628841918099984,6.20148684689802,-2.19686401667168,0.0357005287862188,0.0735817273811734,-4.38591030689408
"JMJD7",1.01199639996828,1.35017832633706,2.19279946895696,0.0360197207872006,0.0741626419407084,-3.84904706365722
"TMEM33",-0.671894113701243,5.43845728691262,-2.19200047923483,0.0360827654451976,0.0742594530302201,-4.38925024628133
"MICA",0.953238212320903,2.19737079149547,2.1858826977524,0.0365687715017406,0.0751373132452258,-4.00609533385517
"YWHAB",-0.590475712225055,6.41532724829544,-2.1841396688854,0.0367083073466293,0.0753238212151795,-4.40834121606305
"SPIN1",-0.798637489979796,5.37437578945209,-2.18378475687319,0.0367367775904001,0.0753711160067507,-4.40340465772678
"DGKH",-0.62832248293075,6.64561353862705,-2.18030229599238,0.0370171811418028,0.0758568473221319,-4.41205868130342
"ALOX5",0.627233099166095,3.83484263789235,2.17858957417402,0.0371557875684516,0.0761072283448672,-4.28690691962819
"MS4A7",-0.624452773244113,2.28858033858897,-2.17796282927035,0.0372066242482603,0.0761889070996193,-4.08982313066813
"ZNF260",-0.632868375553865,3.80835518960741,-2.17699412179717,0.0372853204843175,0.0762938659659968,-4.31510618111551
"PI15",-1.19455182647481,1.41734765388379,-2.17083150884425,0.0377894507778678,0.0771620715271438,-3.94920309513471
"ZFP36",0.781557748171587,5.44129160834938,2.17078990464815,0.037792874768258,0.0771620715271438,-4.41476598790562
"RHBDF2",0.60179559706828,5.27286701582734,2.17007637667089,0.0378516406280559,0.0772707060222076,-4.41362789594283
"WFIKKN2",1.16670133632487,1.92891376678544,2.1673167996235,0.0380796864393914,0.0776678111620334,-3.98939694010085
"ATP1B1",-0.740902444161889,7.84865857811488,-2.16713572098285,0.0380946931732396,0.0776870213428748,-4.40039936155426
"THNSL2",0.99289754712323,3.94442808155119,2.1659004876711,0.0381972028685858,0.0778503905994839,-4.31178879121276
"MLC1",0.584676238092373,7.97154833339551,2.16558573181649,0.0382233631714579,0.0778922888902972,-4.39893432206874
"EMCN",-0.66597982621909,1.96981233618422,-2.16274261789333,0.0384603879167841,0.0782949645364084,-4.06054278276816
"FBXW12",0.63740714361387,0.908629768693076,2.16165037928319,0.038551793569113,0.0784465799469861,-3.85479371163119
"NAP1L5",-0.728140863216557,4.26151625322781,-2.15796904441507,0.0388612997813821,0.0789723416986952,-4.39244811339457
"ARL17B",-1.04580015923508,0.387835172444302,-2.15600948238353,0.039026950394749,0.0792047685237666,-3.82009606925076
"MYO5B",0.615372792009852,3.94237425530728,2.15568480974027,0.0390544571141954,0.0792490239091439,-4.34134678559687
"GOLT1B",-0.686610191506032,3.31233300217046,-2.15090882673075,0.0394610856304938,0.0799431942091538,-4.30532279578124
"MPPED1",0.784222412316197,6.25164563062374,2.14974366816589,0.039560857929834,0.0800782791532673,-4.46707460583877
"HES5",1.20884006175516,1.12817083696298,2.14892340226636,0.0396312318068957,0.0801853274020468,-3.89842942125992
"DNAH1",0.658745903487314,6.9659281480087,2.14562218250612,0.0399155848320034,0.0805733510847094,-4.46724069129946
"CABP7",0.627204369617476,7.60264187234996,2.14562034397158,0.0399157437002153,0.0805733510847094,-4.44976343973201
"RP11-2C24.9",0.628913845711006,4.65909016524327,2.14505540940235,0.0399645864954513,0.0806251170308757,-4.42546374453252
"TFEC",-0.810034962346068,1.83011932186962,-2.14318003927948,0.0401271077786964,0.0809060264451685,-4.07177202917535
"DDX11",0.800852394779647,2.12400348942907,2.14310970251638,0.0401332146527596,0.0809066052933098,-4.08544345863139
"NEXN",-0.731509918770434,0.740887382702208,-2.1427474710818,0.0401646779008533,0.0809376045343343,-3.89048975953003
"CSRP1",0.610713288863642,7.42190182548378,2.14273159183398,0.0401660576666934,0.0809376045343343,-4.4610386515096
"TCEAL2",0.966287305405029,3.60291002519461,2.14087750867014,0.0403274512833408,0.0811804557980023,-4.31994877402522
"ARMC3",-0.967048709494577,2.80075783324191,-2.13861594821601,0.0405250957007961,0.0814839283240479,-4.25270485151121
"MT1M",0.686171390045231,4.11770589641916,2.13818458629545,0.0405628913720483,0.0815416074274053,-4.3924379420186
"CHI3L2",-0.933892464461059,2.59683456265269,-2.13680998550594,0.0406835422699845,0.0817215183429974,-4.22198105158585
"KCNAB2",0.923130843955254,8.31753634493328,2.1356004253304,0.0407899711201248,0.0818744121443798,-4.44077949580455
"GJB6",0.744647335676231,3.59530402186801,2.13530357997196,0.0408161282585066,0.0818914439384844,-4.3396905228322
"KIAA1161",0.585409030108847,6.75656750268054,2.13498789024056,0.0408439622696003,0.081935463704471,-4.49225810240108
"TMEM255B",0.662460806902769,2.58985411603909,2.13429190680551,0.0409053859708293,0.0820468440003563,-4.18384646690875
"LRRC25",0.833758899797561,0.773081007679941,2.13007428278818,0.0412793700160394,0.0826300650774629,-3.89164804908526
"MST1",0.598311763625348,2.47847205215888,2.12782973826476,0.0414796338180911,0.0829712042214537,-4.18129117796589
"SYNPO",0.583450507838619,8.57022682604539,2.12729644511493,0.0415273422621652,0.0830427376479604,-4.44624751381661
"PCSK4",0.634573747723384,2.79540958587093,2.12692548798638,0.0415605568531223,0.0830740511637117,-4.23313713394908
"FADS6",0.621101086454351,1.37199307905049,2.1261087230117,0.0416337711732241,0.0831837721831217,-3.99501529940243
"PCDHGC3",0.923099369202104,6.86354192583774,2.12572731280859,0.04166799977509,0.0832282374817961,-4.50527952562335
"TMEM189-UBE2V1",2.94052000627029,2.93225980439327,2.12249762532111,0.0419588423806013,0.0837369834589606,-4.11741134169945
"HIST1H4D",0.609683226850415,3.2062824265355,2.12127514972745,0.0420693991767243,0.0839335228695208,-4.31201950362631
"TLR9",0.74636946712218,1.06057343007409,2.12109176542604,0.0420860061555447,0.0839425620623217,-3.94709712560113
"NFIL3",-0.65615379123797,3.28510204570736,-2.12039318355601,0.0421493218939867,0.0840266410091476,-4.35713516081506
"CORO7-PAM16",-1.66096311286719,2.18884466154707,-2.12035993591023,0.042152337390145,0.0840266410091476,-4.16725766899783
"CAPS",0.695116645498415,4.82450804414586,2.12024509312715,0.0421627548781366,0.0840353574646387,-4.48361209012577
"TC2N",-0.820224276399795,1.40588705840993,-2.11752168837121,0.0424104678272902,0.0844443316721554,-4.04120893961207
"COL3A1",0.839649960832529,0.694950845314916,2.11589223491765,0.0425592948870488,0.0847042687930928,-3.90375408306374
"SLC2A3",-0.775874896988205,5.7220748197484,-2.11446696288954,0.0426898526269643,0.0848677940980717,-4.54122394080215
"TMEM255A",-0.607063830854947,2.84314251590494,-2.11419709002189,0.0427146134821834,0.0848918594180576,-4.30315147340368
"RGS22",-0.694959525724149,3.3805752264902,-2.1133088503731,0.0427961995232704,0.085005395881198,-4.38491193664506
"TMEM125",1.06367955747608,2.21123564121186,2.11302114085537,0.0428226556599902,0.0850457941407405,-4.1365511118643
"FSTL4",0.739954846489045,1.78115739046667,2.11060200981663,0.043045679571145,0.0854155063371478,-4.08428560510588
"KIT",-0.894355760425129,5.55513574079766,-2.10882381875891,0.0432102702486688,0.0856687360235302,-4.54926734166761
"MYCT1",-0.649109746678588,2.77071913136556,-2.10845592038829,0.0432443927673997,0.0857008200224587,-4.30306506814666
"ALOX15B",0.934313215249432,1.80364175097066,2.10620375965656,0.043453801491894,0.0859921349950619,-4.08822402764394
"STEAP1B",-0.614438041740918,0.842918201100511,-2.10427972296496,0.0436334121562603,0.0862861587192504,-3.97210974469343
"LOXHD1",1.1290416084674,1.08134067065395,2.10154114586268,0.0438901953656643,0.0866838424297946,-3.97216694806816
"PPP1R32",0.658911895470438,3.29774923975048,2.10063095174778,0.0439758357915067,0.0867781503440065,-4.35774794740907
"TMEM204",0.645848206742413,3.03035621269453,2.10037646053436,0.0439998074044668,0.0868008120529157,-4.32926079287698
"TGFBR1",-0.641459480237381,4.39759991582357,-2.10007940643053,0.0440278028354603,0.0868437166598423,-4.51108234262934
"MEGF6",0.675149688678578,3.37367789187603,2.09487569082646,0.0445207843809195,0.0876792668173314,-4.38844464322105
"EXO5",-0.651457931774397,1.86681595309171,-2.08983109341024,0.0450033492941102,0.0883792289711427,-4.1751989038457
"TCEAL6",0.839351805973624,2.10434054435186,2.08773973362406,0.0452047612721523,0.0887163194883798,-4.18442722243808
"RAMP2",0.76712063731598,1.28713155101315,2.08722563297489,0.0452543945273682,0.0887969785066299,-4.04729214154532
"KHDRBS2",0.590425381140188,3.28699892944921,2.08572554123456,0.0453994947364246,0.0889702681483627,-4.38833532821378
"NPY1R",-0.846106401467408,3.42864777358692,-2.08571714509539,0.0454003080308218,0.0889702681483627,-4.44227511044907
"GPR153",0.686060390524232,4.62156141152087,2.0845791138591,0.0455106630265835,0.0891362690047285,-4.53886174121693
"METTL7B",0.736146737312676,2.56399481728936,2.08042178371614,0.0459158178111856,0.089778016766681,-4.27884905071983
"LINC00843",-0.653732012741536,0.826035583145638,-2.07828398657932,0.0461253962908571,0.0900990950169306,-4.01650946903346
"KIF19",0.896982848787181,5.30982155919191,2.07810797959196,0.0461426886944764,0.0901008352805293,-4.5815421483565
"CHTF18",0.603887264224317,3.07008372405129,2.07642528303691,0.0463083002527973,0.0903421260334532,-4.37207830513395
"CACNA2D4",0.612908751965711,0.847082996745147,2.07632055065717,0.046318625383251,0.0903495903013828,-3.99654261015836
"CFAP70",-0.593422271533972,5.23517378855496,-2.07544344807122,0.0464051751358155,0.0904930207235386,-4.60238032117017
"SYN1",0.615007828615983,7.01272981810051,2.07457543299365,0.0464909687488576,0.0905967826670337,-4.59896072550227
"LCN12",0.832652716487289,2.54828264061643,2.0745068161272,0.0464977567313579,0.0905973110132218,-4.27943019728943
"ALG10B",-1.17254189378426,3.06190773840962,-2.07349166196804,0.0465982840327226,0.0907349311507062,-4.4105940474382
"CIDEB",0.805680386188971,1.32982631902348,2.07263840934047,0.046682927156675,0.0908562303418866,-4.0741587434977
"TRIM17",0.583407845600275,3.89048204256632,2.07229708214439,0.0467168249939485,0.0909094766329608,-4.49286338212765
"CAMK4",-0.720814005931012,5.85667187519567,-2.07170699012011,0.0467754793888235,0.0909854084879564,-4.62176830851862
"MAP4K4",-0.580886228188961,9.23362830301515,-2.07138377641077,0.0468076339681876,0.0910078153321986,-4.51610792637986
"C9orf24",0.581663153722816,2.09876979632734,2.06774336572617,0.0471711461296258,0.0915245322392266,-4.22234922348803
"MYO15A",0.680001305185144,1.22569788789168,2.06585613632298,0.0473605735490737,0.0917847386591492,-4.06943303615337
"IL18",-0.742724368474591,1.89805729234737,-2.06471908267356,0.0474750270527096,0.0919089021148543,-4.22292906881043
"HIST1H2BN",0.615638905408627,1.80427193422169,2.06179196384415,0.0477707880188317,0.0923914155589592,-4.17821537146205
"NKD2",0.664423989076117,2.12665834298147,2.0602090451099,0.0479314046836,0.0926504988753346,-4.24199719811458
"ECM2",-0.711644270650832,3.05114485078267,-2.05949459712249,0.0480040545821796,0.0927264647494041,-4.43690073662658
"ENPP5",-0.640657599909397,3.68376896016664,-2.05300911988851,0.0486679938708938,0.0937354462168421,-4.53201942217824
"SPAG6",-1.37348267553089,2.0506723860922,-2.04268296399358,0.049741813165227,0.0954993352607355,-4.29288314823405
"CYSLTR2",-0.707341117028722,2.10385429727949,-2.0416727580797,0.0498479759916169,0.0956635232241107,-4.30535078168316
