SYMBOL,m_regions,beta_pooled,se_pooled,Q,Q_df,Q_p,I2,se_rho0.0,se_rho0.3,se_rho0.5,se_rho0.7,Q_FDR
1-SEP,3,1.42938902245052,0.1815234291093113,4.4660552841829055,2,0.10720336487363542,55.21775095164516,0.1815234291093113,0.22961099386781345,0.25671289533485914,0.28121488715473014,0.9999854128923323
15-SEP,2,-0.6510442190391682,0.16682447028457928,0.13320560874813087,1,0.7151312357347976,0,0.16682447028457928,0.1902091613236587,0.204317414403657,0.2175124975851774,0.9999854128923323
2-MAR,5,0.9576447684971642,0.10401558685430279,0.44193334626283665,4,0.9789019711216131,0,0.10401558685430279,0.15428004757264957,0.18016028121074584,0.2027637067447008,0.9999854128923323
5-SEP,2,0.6019019696006206,0.12336240004681984,1.7415394809425455e-4,1,0.9894708304736939,0,0.12336240004681984,0.14065477691463274,0.15108746677990012,0.16084489101935984,0.9999854128923323
6-MAR,4,-0.6779903617675551,0.08914498879999004,0.21304340269194633,3,0.9754566778292074,0,0.08914498879999004,0.12287788716235995,0.14095060329908446,0.1569559491936068,0.9999854128923323
7-SEP,5,-1.1003671340158727,0.08308484184537539,3.0328685694090995,4,0.5523400710927534,0,0.08308484184537539,0.12323473567885108,0.14390716741501489,0.16196217332757037,0.9999854128923323
9-SEP,2,0.8525102691275042,0.16662399670977288,0.41726133497694984,1,0.5183067577872076,0,0.16662399670977288,0.18998058628028267,0.20407188542106333,0.2172511120229659,0.9999854128923323
A1BG,3,0.6320397463723134,0.10930771339703312,0.0787849910503908,2,0.9613733003671469,0,0.10930771339703312,0.13826453606381028,0.1545844507580755,0.16933878143948905,0.9999854128923323
AAED1,5,-0.8998499521136826,0.08252000907385657,0.6093290942081362,4,0.9620213921509908,0,0.08252000907385657,0.12239695328973109,0.14292884835696434,0.1608611115549299,0.9999854128923323
AASDHPPT,5,-0.6934835025599544,0.09098247505463063,0.48022844816247967,4,0.9753969793801073,0,0.09098247505463063,0.13494881877047413,0.1575862693929882,0.17735749466783926,0.9999854128923323
AATK,2,0.7556323247602413,0.15822833751919563,0.3247375211434736,1,0.5687743817062347,0,0.15822833751919563,0.18040806199367876,0.19378934488545219,0.20630451170527134,0.9999854128923323
ABCA10,5,-0.7554642347552039,0.09037031623889819,0.36561846237436246,4,0.985193788368148,0,0.09037031623889819,0.13404084051385468,0.15652597922183842,0.1761641774511781,0.9999854128923323
ABCA2,5,0.8804331564386471,0.09665971435997774,1.1550159205950417,4,0.8854479545222863,0,0.09665971435997774,0.14336952547991316,0.16741953631657644,0.18842447145893615,0.9999854128923323
ABCA3,5,0.6770214154149501,0.05281625404677305,0.9516217098271892,4,0.9170408282259858,0,0.05281625404677305,0.0783391646711477,0.09148043547447623,0.10295783325141622,0.9999854128923323
ABCA5,5,-1.134370144502993,0.09849718987080361,0.28986379280056307,4,0.9904590660106983,0,0.09849718987080361,0.1460949421006056,0.17060213725899043,0.19200637064246467,0.9999854128923323
ABCA6,5,-1.1241735487071476,0.1261628229142698,2.4926198323360964,4,0.6459578121872958,0,0.1261628229142698,0.18712970728490516,0.21852041931383026,0.24593661778118792,0.9999854128923323
ABCA7,2,0.7353602500962056,0.16895527298607463,0.02784577663292414,1,0.867471914920119,0,0.16895527298607463,0.19263865019963855,0.20692710408426077,0.22029072440449757,0.9999854128923323
ABCA9,4,-0.6942915043054313,0.1015687911700811,1.7341814989128188,3,0.6293613945341862,0,0.1015687911700811,0.14000291691792685,0.1605943596437274,0.17883031049917061,0.9999854128923323
ABCC8,2,0.7585617085504244,0.15865350521476249,0.22547143647332535,1,0.6349022127590691,0,0.15865350521476249,0.18089282775171014,0.19431006684007907,0.2068588625579821,0.9999854128923323
ABCC9,3,-0.7881345980540809,0.1254355389410157,0.1557012386286144,2,0.9251026086844323,0,0.1254355389410157,0.1586648010337419,0.1773926403739629,0.19432390133644228,0.9999854128923323
ABCD1,5,0.8236781986198175,0.09942483592404582,2.656202774960407,4,0.61690002191865,0,0.09942483592404582,0.14747086355192862,0.17220886735464666,0.19381468570360977,0.9999854128923323
ABCE1,5,-1.0657299948060979,0.08987964934129607,1.4173229079041783,4,0.8411786924389754,0,0.08987964934129607,0.13331306389312172,0.15567611922559935,0.17520769158263144,0.9999854128923323
ABCF1,2,0.6121860358094201,0.09418151131155984,0.010633460689761301,1,0.9178687852363604,0,0.09418151131155984,0.10738344469613702,0.11534832295874184,0.12279766701358828,0.9999854128923323
ABCG4,3,0.6921237287045516,0.12997639982743997,0.6728594054208692,2,0.7143160962966842,0,0.12997639982743997,0.16440858620937066,0.18381438742439363,0.20135857277266864,0.9999854128923323
ABHD12,4,0.7638442940767104,0.07607068920452156,1.8155241829530995,3,0.6115625406360166,0,0.07607068920452156,0.10485620886002285,0.12027832053253523,0.1339362693364192,0.9999854128923323
ABHD13,5,-1.0798931553199256,0.07911374094186258,0.5330193196977924,4,0.9702079565969417,0,0.07911374094186258,0.11734464117630389,0.13702901888814803,0.1542210725617655,0.9999854128923323
ABHD14A,5,0.7221525173671219,0.08632771364050032,0.3219032665426523,4,0.9883567227681873,0,0.08632771364050032,0.12804469185902123,0.14952398612660336,0.16828369422230322,0.9999854128923323
ABHD14A-ACY1,2,1.128510015314168,0.26332667756976036,0.08590146292110272,1,0.7694537320168132,0,0.26332667756976036,0.3002386065380452,0.3225079978541506,0.34333598195336085,0.9999854128923323
ABHD15,3,0.6880976694077333,0.12579664612465252,0.298550878397394,2,0.8613318376715533,0,0.12579664612465252,0.15912156950563833,0.17790332305053247,0.1948833261798108,0.9999854128923323
ABHD17A,4,1.1011933484286858,0.12187484093531842,0.6826041453576224,3,0.8772878008425972,0,0.12187484093531842,0.167992874910567,0.19270104341316607,0.21458280043919736,0.9999854128923323
ABHD17B,2,-0.60370227825782,0.14044727428878256,0.011280658877923493,1,0.9154153829756214,0,0.14044727428878256,0.1601345306662279,0.17201207888611422,0.18312084166951748,0.9999854128923323
ABHD3,3,-0.8018876987573923,0.12132794766887457,0.1754793384952739,2,0.9159993084755598,0,0.12132794766887457,0.1534690633869441,0.17158362908821556,0.1879604483004305,0.9999854128923323
ABHD4,4,0.8206725306707177,0.12076510010443957,2.096969673829526,3,0.5525260622034185,0,0.12076510010443957,0.1664632027390651,0.19094638909413364,0.21262890008187846,0.9999854128923323
ABHD8,4,0.818241549959187,0.08951398315923853,0.681957191644156,3,0.8774393695114877,0,0.08951398315923853,0.1233865107860727,0.14153403460857428,0.15760563080423415,0.9999854128923323
ABLIM3,4,0.704376694837874,0.1064007044666558,0.7220436117062354,3,0.8680072266295347,0,0.1064007044666558,0.14666324976251272,0.16823428538054178,0.1873377717495912,0.9999854128923323
ABTB1,4,0.6933061087490613,0.0681519377257461,0.23992612147550424,3,0.9709001627571053,0,0.0681519377257461,0.09394096321611009,0.10775767508365675,0.1199938686304401,0.9999854128923323
AC007325.2,5,1.8256746604937366,0.12752124417446087,1.3402408495554168,4,0.8545120366768215,0,0.12752124417446087,0.18914457162383866,0.2208732739545629,0.24858466831252762,0.9999854128923323
AC011043.1,4,-1.1932159877759125,0.15629357985811626,0.5630832827734222,3,0.9048291018481508,0,0.15629357985811626,0.21543583244029807,0.24712184800653184,0.275183243721493,0.9999854128923323
AC013461.1,3,-0.6424147863854304,0.10864874670413971,0.03536771923597119,2,0.9824715822083577,0,0.10864874670413971,0.13743100180311754,0.1536525311238335,0.16831791462857643,0.9999854128923323
AC024592.12,5,1.5611599331808828,0.1272716277863666,1.2456476330595492,4,0.8705273617091086,0,0.1272716277863666,0.18877433068789087,0.22044092568798185,0.24809807639255788,0.9999854128923323
AC069368.3,4,1.3795253638442573,0.25147897883020875,1.2109244880753318,3,0.7503853783475828,0,0.25147897883020875,0.34663985043214623,0.397623178378363,0.4427744324820508,0.9999854128923323
ACAA1,3,0.625495782822736,0.0633694212921428,0.1909681710395902,2,0.9089328267320474,0,0.0633694212921428,0.08015668211597665,0.08961789503108274,0.09817148532930832,0.9999854128923323
ACACB,3,0.7612557930595433,0.1498385618720046,0.18332121845121618,2,0.9124147621549811,0,0.1498385618720046,0.18953245473583905,0.21190372636586904,0.23212890189997737,0.9999854128923323
ACADL,2,-0.7152466738953235,0.15403867062570414,0.4594133046480947,1,0.4978982937101635,0,0.15403867062570414,0.17563110676236834,0.18865807184480934,0.2008418544074618,0.9999854128923323
ACADS,5,0.8736853001707952,0.08710269931472407,1.1992145466548907,4,0.8782279205941967,0,0.08710269931472407,0.12919418137596103,0.1508663006894969,0.16979441941966963,0.9999854128923323
ACADSB,3,-0.7896957298206426,0.14210359586771637,0.4614552263540967,2,0.7939556996549048,0,0.14210359586771637,0.17974841065683003,0.20096483253810982,0.22014594409274185,0.9999854128923323
ACE,2,0.8841408046894426,0.18483410236763015,9.74385589654925e-6,1,0.9975093954196987,0,0.18483410236763015,0.21074330123983032,0.22637461893302296,0.24099418494370542,0.9999854128923323
ACER3,3,-1.0876246681778685,0.1522280834242929,1.9944249276269013,2,0.36890634903245334,0,0.1522280834242929,0.1925549869851559,0.21528302015269796,0.23583073277094388,0.9999854128923323
ACHE,3,0.6770388137637227,0.1353514544253335,0.9022602079911096,2,0.6369079725152372,0,0.1353514544253335,0.17120755224021228,0.19141586253523052,0.20968557154970754,0.9999854128923323
ACKR3,4,0.8607741900719824,0.11434435128592634,3.317912593490552,3,0.34515731644476577,9.581704898262483,0.11434435128592634,0.15761281126513388,0.1807942938189652,0.20132400522565086,0.9999854128923323
ACO2,4,0.6749091351704889,0.0618867133003789,0.9530701219382572,3,0.8126054793799541,0,0.0618867133003789,0.0853049473239053,0.09785148546551675,0.1089628027249768,0.9999854128923323
ACOT11,2,0.7234049504250546,0.1463839881210907,0.5044656392511186,1,0.4775445033629869,0,0.1463839881210907,0.16690342588367177,0.17928303870515314,0.1908613694884341,0.9999854128923323
ACOT7,3,0.6833428408815552,0.12750252152106947,0.5167042465657872,2,0.7723232312291821,0,0.12750252152106947,0.1612793501684864,0.18031579517186389,0.19752605698022194,0.9999854128923323
ACOX2,2,0.7431140606199513,0.17413378531462045,0.384333157362,1,0.5352932786293624,0,0.17413378531462045,0.19854306269521943,0.21326946050008538,0.22704267841002307,0.9999854128923323
ACP2,3,0.6927131761321597,0.08475277033060735,0.04933115946229932,2,0.975636129975232,0,0.08475277033060735,0.10720471690154443,0.11985851725023698,0.13129842721415375,0.9999854128923323
ACSBG1,2,0.6976068104363666,0.14490279268298667,0.07733841496545164,1,0.780937245030096,0,0.14490279268298667,0.1652146032453766,0.1774689521888066,0.1889301269159015,0.9999854128923323
ACSF2,4,0.7614826033682712,0.08578668288529921,2.4572541386985773,3,0.4830657710507662,0,0.08578668288529921,0.11824878191710682,0.1356406554140654,0.15104304147306805,0.9999854128923323
ACSL3,5,-0.9978892731554663,0.09110192903395486,1.6955780249008516,4,0.791520724242631,0,0.09110192903395486,0.13512599765462252,0.15779316975434407,0.17759035334186776,0.9999854128923323
ACSL4,4,-0.8753003292661719,0.1211934521454039,0.5578694200157343,3,0.9060057366966472,0,0.1211934521454039,0.16705364528063607,0.19162367313904816,0.21338309167563616,0.9999854128923323
ACSM5,3,1.0498711995618333,0.20687160379055294,0.29427639865740596,2,0.8631746790118368,0,0.20687160379055294,0.2616741804760279,0.29256062775047337,0.3204841105136123,0.9999854128923323
ACSS1,2,0.8275107055038098,0.15359140753419945,0.15483355905168938,1,0.6939583788382495,0,0.15359140753419945,0.1751211483768808,0.18811028866732624,0.20025869468308266,0.9999854128923323
ACTB,2,0.6435574937747004,0.12633512314060696,0.1917223928806297,1,0.6614869345472476,0,0.12633512314060696,0.1440442027317935,0.15472829414308323,0.16472084772796355,0.9999854128923323
ACTG1,4,0.7402939735908117,0.09479624838327755,1.4920188860067798,3,0.6841135886365939,0,0.09479624838327755,0.13066761092303517,0.14988602926510572,0.16690601844567066,0.9999854128923323
ACTN4,2,0.6195299226408915,0.10803957819346086,0.10810102725550977,1,0.7423165335953574,0,0.10803957819346086,0.12318407199426079,0.13232091929975173,0.14086637560317794,0.9999854128923323
ACTR10,2,-0.8082288976743899,0.165851011788608,0.012858658633192022,1,0.9097165904616252,0,0.165851011788608,0.1890992478691983,0.2031251761032036,0.21624326299151722,0.9999854128923323
ACTR1B,4,0.6790112720457914,0.054128435465462185,0.7131717751056469,3,0.8701015285204842,0,0.054128435465462185,0.07461089933303001,0.08558457112614845,0.0953029450248521,0.9999854128923323
ACTR2,5,-0.8045143820482316,0.09549390618827844,1.545229998470928,4,0.8186004688036963,0,0.09549390618827844,0.14164035252007315,0.16540029733131426,0.18615189295992599,0.9999854128923323
ACTR3,4,-0.6243924848398469,0.07736501407564063,0.18187297019527163,3,0.9804611689930517,0,0.07736501407564063,0.10664031257247766,0.1223248278450053,0.1362151634329476,0.9999854128923323
ACTR3C,2,-0.6504817323470289,0.14973513220098408,0.09528430711967839,1,0.7575637702399012,0,0.14973513220098408,0.17072431800953267,0.18338733523029682,0.1952307267975984,0.9999854128923323
ACTR6,5,-0.9104437309686962,0.08985393100471915,1.185640961261793,4,0.8804570347233207,0,0.08985393100471915,0.13327491743535927,0.15563157375996198,0.17515755731513027,0.9999854128923323
ACVR1C,3,-0.7494786354461739,0.1559296241784139,0.7731354600900602,2,0.6793847090593732,0,0.1559296241784139,0.1972371068391398,0.22051778928885266,0.2415651350493514,0.9999854128923323
ACVR2A,3,-0.6994520715889556,0.128407419016889,0.016540929950388972,2,0.9917636412307647,0,0.128407419016889,0.16242396502279538,0.18159551348300934,0.19892791815275548,0.9999854128923323
ACY1,3,1.050235733319497,0.1510082104016783,0.4619062787299674,2,0.793776662042166,0,0.1510082104016783,0.19101195610209346,0.21355785917974335,0.23394091361051428,0.9999854128923323
ADAM10,5,-0.6492647841967052,0.04960042315364124,0.8920709572280794,4,0.9256956042544353,0,0.04960042315364124,0.07356931663026778,0.08591045297902235,0.0966890247788084,0.9999854128923323
ADAM15,2,0.6181632384548331,0.13189286786890683,0.02097726006937407,1,0.884840921758572,0,0.13189286786890683,0.15038100668997528,0.16153511349557212,0.17196726028801052,0.9999854128923323
ADAM20,3,-0.6742945826982554,0.12347568275527605,0.33844327051030787,2,0.8443217511802821,0,0.12347568275527605,0.156185757260419,0.1746209851757891,0.1912877051891098,0.9999854128923323
ADAM32,5,-0.9354555579488331,0.09211786113406041,0.8735772221876715,4,0.9283206116817742,0,0.09211786113406041,0.13663286847538145,0.159552815768767,0.17957076959147147,0.9999854128923323
ADAMTS10,2,0.657219968908646,0.1403891288733857,0.006225992608621131,1,0.9371082185595169,0,0.1403891288733857,0.16006823469251022,0.171940865586812,0.18304502932313613,0.9999854128923323
ADAMTS13,3,0.663402612117802,0.08722323296454547,0.015774349564544904,2,0.9921438473681322,0,0.08722323296454547,0.11032963242057772,0.12335227901248823,0.13512565146962174,0.9999854128923323
ADAMTS2,3,0.8674338710653565,0.15172306175572078,0.7471910598473466,2,0.688255234185756,0,0.15172306175572078,0.1919161794889853,0.214568811659711,0.23504835656620243,0.9999854128923323
ADAMTS8,3,0.6829738454649675,0.11754973196710873,0.39506457726588534,2,0.8207536391868874,0,0.11754973196710873,0.1486899565433475,0.16624042520120733,0.1821072617039031,0.9999854128923323
ADAMTS9,5,-0.9819865909261484,0.12828216324109903,1.7407139354150465,4,0.7833092832351635,0,0.12828216324109903,0.1902731969899995,0.22219122443842812,0.2500679726436409,0.9999854128923323
ADAMTSL2,5,0.7522990027346064,0.09146614090515073,0.3787318357970959,4,0.9841808630688763,0,0.09146614090515073,0.13566621116025152,0.15842400321997505,0.17830033298316458,0.9999854128923323
ADAP1,3,0.649704039425329,0.1074382932461567,0.12413133106013265,2,0.9398211709094527,0,0.1074382932461567,0.13589988583157625,0.1519406914269325,0.16644268819492547,0.9999854128923323
ADARB2,3,0.6852867463825628,0.13410324416786676,0.4688989260155809,2,0.7910062079558546,0,0.13410324416786676,0.16962867727526024,0.18965062666042784,0.20775185253381395,0.9999854128923323
ADAT2,3,-0.7563557877270076,0.1351972993221358,0.9190536420463606,2,0.6315824263392196,0,0.1351972993221358,0.17101255974459506,0.19119785429757932,0.20944675549074052,0.9999854128923323
ADCK5,4,0.7146948473729567,0.10059152509793247,1.5813464789218377,3,0.6636267375576183,0,0.10059152509793247,0.13865584859970081,0.15904916630972935,0.17710965602342726,0.9999854128923323
ADCY5,2,0.6297684054040763,0.08303462683960829,0.1833944504580182,1,0.6684721872647582,0,0.08303462683960829,0.09467404095479867,0.10169623336972462,0.10826390780157574,0.9999854128923323
ADCY7,2,0.8174990249915285,0.14672938238896371,0.8290458605282636,1,0.3625485735353114,0,0.14672938238896371,0.16729723593987067,0.17970605856333863,0.1913117085168063,0.9999854128923323
ADCY8,2,0.6829347831941533,0.10970189543538168,9.110790691309222e-4,1,0.9759202399978756,0,0.10970189543538168,0.1250794052622175,0.13435683381642008,0.14303377211552595,0.9999854128923323
ADCYAP1R1,4,0.8308998482605637,0.12258408864833963,1.6533005402243957,3,0.6473655600779844,0,0.12258408864833963,0.1689705054159263,0.1938224625123723,0.21583155989846886,0.9999854128923323
ADGRA1,5,0.8103313997377146,0.0786696209375145,3.730470889571036,4,0.44370962940732467,0,0.0786696209375145,0.11668590475543687,0.13625978047595946,0.15335532329240625,0.9999854128923323
ADGRA2,5,0.8057702512012856,0.10581109273060671,0.35175711801388143,4,0.9862326676061035,0,0.10581109273060671,0.15694321316533288,0.1832701886137927,0.20626379204894685,0.9999854128923323
ADGRB1,5,0.8625081015624521,0.09813666132328763,1.4495298203159206,4,0.8355424261113105,0,0.09813666132328763,0.14556019184687705,0.16997768349711373,0.19130357112085047,0.9999854128923323
ADGRB2,5,0.9074626237905091,0.08478805458906252,1.8075181543886982,4,0.7711065761421889,0,0.08478805458906252,0.125761008433438,0.14685721842317978,0.16528234619520565,0.9999854128923323
ADGRL1,3,0.6960256010235976,0.08784294753641371,0.4115570559926076,2,0.8140133374856675,0,0.08784294753641371,0.11111351623909763,0.12422868776482453,0.13608570915612087,0.9999854128923323
ADGRL4,3,-1.0232742998175668,0.18797022685333478,0.5470177202884869,2,0.7607055963646949,0,0.18797022685333478,0.2377656196620332,0.2658300441383334,0.29120222327431833,0.9999854128923323
ADIRF,5,1.5827746994885186,0.10493525782173221,2.584869914371569,4,0.6295056787804305,0,0.10493525782173221,0.15564414006010477,0.1817531980525796,0.204556475501586,0.9999854128923323
ADORA1,5,0.9618674906713757,0.0786520473581436,7.402224248118138,4,0.1160988818561366,45.96218831094023,0.0786520473581436,0.11665983892488821,0.1362293421436182,0.15332106607960017,0.9999854128923323
ADPRHL2,3,0.7254281571578534,0.10246362485775165,1.0101874724166744,2,0.6034490077539507,0,0.10246362485775165,0.12960737274701659,0.14490544792374138,0.15873596506644658,0.9999854128923323
ADPRM,4,-0.7708325874552185,0.09939457419886005,0.25352003226878195,3,0.9685191350172135,0,0.09939457419886005,0.1370059656450336,0.15715662076550177,0.17500220649619064,0.9999854128923323
ADRA1B,3,1.0551341582750913,0.1767738600737754,1.050198067857831,2,0.5914967832157194,0,0.1767738600737754,0.2236032114452124,0.24999599038937698,0.27385688644421297,0.9999854128923323
ADRA2C,4,1.084451243147951,0.15168575318320307,0.35794014982879657,3,0.9487872166972379,0,0.15168575318320307,0.20908438168747956,0.23983623432852885,0.2670703276819466,0.9999854128923323
ADRB1,4,0.9353620554486577,0.12800302951822454,1.3048325953021687,3,0.72798584974623,0,0.12800302951822454,0.17643999992944506,0.20239056033967756,0.22537258984649114,0.9999854128923323
ADRB2,2,0.6672045742738241,0.14748662617332756,0.12856200822742792,1,0.7199276818618806,0,0.14748662617332756,0.1681606266936114,0.18063348900463141,0.1922990336168762,0.9999854128923323
ADRBK1,2,0.6283199399184893,0.07796815672101948,5.85280527044197e-4,1,0.9806990032962739,0,0.07796815672101948,0.0888973762335846,0.09549110007592425,0.10165803896497745,0.9999854128923323
ADRBK2,2,-0.6422072866912454,0.15317039998698545,0.055421211880830976,1,0.8138850136119286,0,0.15317039998698545,0.17464112591776615,0.18759466183305873,0.19970976800020146,0.9999854128923323
ADRM1,5,0.7609223238549484,0.05386897824161613,0.409516971555121,4,0.9816903309112537,0,0.05386897824161613,0.07990060698737254,0.09330380726630148,0.10500997049720423,0.9999854128923323
ADSS,2,-0.6092884750947352,0.09708641529396056,0.07113157939307185,1,0.7896962715956978,0,0.09708641529396056,0.11069554482914294,0.11890608921307212,0.12658519841937818,0.9999854128923323
ADSSL1,4,0.6792098640397715,0.11580003029214013,0.29298844124725293,3,0.9613417261950737,0,0.11580003029214013,0.15961932630403838,0.1830959244198282,0.20388699259282766,0.9999854128923323
AEBP1,2,1.025712328453464,0.2270048990717205,0.9477323992734352,1,0.33029716796307074,0,0.2270048990717205,0.25882540729868586,0.27802308591885494,0.29597817680422894,0.9999854128923323
AES,5,0.9082177050796251,0.07191144827472559,1.407285898219954,4,0.8429277086120296,0,0.07191144827472559,0.1066619147799756,0.124554282057686,0.14018121947422355,0.9999854128923323
AFTPH,3,-0.5986228222669269,0.11597652154320578,0.005005730561472585,2,0.9975002642750738,0,0.11597652154320578,0.14669998527204658,0.16401556968325706,0.1796700545951607,0.9999854128923323
AGAP2,3,0.7433387186308711,0.11040158615887265,0.2676800900641036,2,0.8747299708181342,0,0.11040158615887265,0.13964818782294303,0.1561314204533795,0.17103340183527882,0.9999854128923323
AGBL3,5,-0.7828530184993715,0.08122214726796606,3.280820193806478,4,0.5119768590802654,0,0.08122214726796606,0.12047191313747022,0.1406808857679589,0.15833111313293047,0.9999854128923323
AGFG2,4,0.7320908697371824,0.09270056609126721,3.0980038433986583,3,0.37676034648063794,3.1634513174503818,0.09270056609126721,0.1277789122348389,0.14657246461768836,0.16321618901410587,0.9999854128923323
AGGF1,2,-0.6190431338951982,0.07977901601799808,0.05332253885973971,1,0.8173794888048902,0,0.07977901601799808,0.0909620735023119,0.09770894071271058,0.10401911062184675,0.9999854128923323
AGO3,5,-0.837303265766819,0.07445188451490704,4.574063777857947,4,0.33385554059195355,12.550410438893863,0.07445188451490704,0.11042999066017493,0.12895444669906952,0.14513344139005321,0.9999854128923323
AGPAT1,5,0.6955333270943476,0.07284581584287653,0.298130028096452,4,0.9899345653691294,0,0.07284581584287653,0.10804780584903804,0.126172654158668,0.14200263718006884,0.9999854128923323
AGPAT2,2,0.6084858502242927,0.16603985316461906,0.007451577980087761,1,0.9312100345229287,0,0.16603985316461906,0.189314560165368,0.20335645860997967,0.21648948202205584,0.9999854128923323
AGPAT3,3,0.6394772077568496,0.09215502799159565,0.31342441535458304,2,0.8549500714825807,0,0.09215502799159565,0.11656791451600584,0.1303268904265868,0.14276595547229132,0.9999854128923323
AGPS,4,-0.7670331023145783,0.06983424651081621,1.895144641255835,3,0.5944523629731127,0,0.06983424651081621,0.0962598658470577,0.11041763882792285,0.12295587889878906,0.9999854128923323
AGRN,5,0.71946694607354,0.09518325530866026,0.2586262355485679,4,0.9923260658933308,0,0.09518325530866026,0.1411795828033853,0.1648622342243996,0.18554632291259152,0.9999854128923323
AGT,5,1.0131110912981058,0.09932993865958425,6.0513705315241415,4,0.19534459678387417,33.899271592074676,0.09932993865958425,0.14733010816210276,0.17204450047109995,0.19362969687949141,0.9999854128923323
AGTPBP1,5,-0.8494199479513026,0.1043342413467082,1.689510951401962,4,0.7926220803511427,0,0.1043342413467082,0.15475268856554622,0.18071220698165208,0.2033848787056058,0.9999854128923323
AGTRAP,2,0.7771182349774677,0.174470721962022,0.05536438464956467,1,0.8139787075583117,0,0.174470721962022,0.19892722958040196,0.21368212193097433,0.2274819900504513,0.9999854128923323
AHDC1,4,0.7710042021882771,0.08100480667614152,0.32037714788583277,3,0.9561516213100795,0,0.08100480667614152,0.11165742043775781,0.12807984525911037,0.14262367960609165,0.9999854128923323
AHRR,2,0.8319662601228595,0.2049459969897138,0.7143487358194907,1,0.39800390618228554,0,0.2049459969897138,0.2336743892401136,0.251006558725388,0.2672168873023994,0.9999854128923323
AIFM3,4,1.0116096934204182,0.12586211023665006,0.2974331891193022,3,0.9605105031545382,0,0.12586211023665006,0.17348894635429382,0.1990054697315042,0.2216031124758635,0.9999854128923323
AIG1,3,-0.6939897517115886,0.09015448274204606,0.6223268188003495,2,0.7325941533165387,0,0.09015448274204606,0.11403740269568317,0.12749769220253268,0.13966672409835534,0.9999854128923323
AIP,5,0.864588914204441,0.05359624107389918,1.5680531692513044,4,0.8145221563769106,0,0.05359624107389918,0.07949607239325311,0.0928314126347033,0.10447830788041969,0.9999854128923323
AK1,2,0.7325838089746646,0.1110596360663137,0.9830197960653866,1,0.32145440262830577,0,0.1110596360663137,0.12662746776326478,0.13601971969083404,0.14480404931288862,0.9999854128923323
AK9,4,-0.8063425446995026,0.0704760016282684,0.15326090981563062,3,0.9847564742286828,0,0.0704760016282684,0.09714446422964415,0.11143234276353176,0.12408580538109037,0.9999854128923323
AKAP11,3,-0.632564386674393,0.0858041122792342,0.18590754074435567,2,0.9112356254062398,0,0.0858041122792342,0.10853457096448065,0.12134533929267682,0.13292715915743414,0.9999854128923323
AKAP17A,5,0.6945726648351732,0.09350880382693451,0.4723112553786968,4,0.9761398985037789,0,0.09350880382693451,0.13869596989428737,0.16196199918324164,0.1822822160660432,0.9999854128923323
AKAP7,3,-0.7522945480401408,0.09481146311699866,1.052216650618935,2,0.5909000917792101,0,0.09481146311699866,0.11992806869710525,0.134083657008496,0.14688128707267784,0.9999854128923323
AKIRIN1,2,-0.6381643929103767,0.11266659350185036,0.05553480274751965,1,0.8136978824065249,0,0.11266659350185036,0.128459681140444,0.13798783256855215,0.1468992654686504,0.9999854128923323
AKR7A2,2,0.582294772801843,0.11856963955626705,9.721347469544611e-5,1,0.9921332335278502,0,0.11856963955626705,0.13519018918491835,0.14521755794928734,0.15459589587584546,0.9999854128923323
AKT1,2,0.6408086835744272,0.11140646668974971,0.14033640598349068,1,0.7079468080376429,0,0.11140646668974971,0.12702291551677833,0.13644449871812886,0.145256261119789,0.9999854128923323
AKT1S1,4,0.6574129683612879,0.08767512867622644,0.38053450409841116,3,0.9442335966772035,0,0.08767512867622644,0.12085182480188886,0.13862655038260946,0.15436799339247068,0.9999854128923323
AKT3,4,-0.6904914163753529,0.06725395766831851,0.4237974421730099,3,0.9352837939249384,0,0.06725395766831851,0.09270318312711144,0.10633784394621676,0.11841281158878515,0.9999854128923323
ALCAM,3,-0.8043745504339221,0.11113603082978527,0.36981543343205003,2,0.8311809844238011,0,0.11113603082978527,0.14057719501312568,0.15717008206779676,0.17217119862694097,0.9999854128923323
ALDH16A1,5,0.6832216857264846,0.09387740224063365,0.24537983741010508,4,0.9930617815807212,0,0.09387740224063365,0.13924268969389167,0.16260043036335783,0.1830007466528729,0.9999854128923323
ALDH1L1,5,0.7163189532298683,0.08935673563852696,0.6511712794956408,4,0.9572111392414554,0,0.08935673563852696,0.13253745753085017,0.1547704061244293,0.17418834511843684,0.9999854128923323
ALDH1L2,2,-0.6877894325359444,0.16528840334159206,0.002618354174756435,1,0.9591901717019345,0,0.16528840334159206,0.1884577755439575,0.20243612429311925,0.2155097113233225,0.9999854128923323
ALDH2,4,0.6311520007151227,0.059380699712705536,0.46888998097122103,3,0.9256710156002703,0,0.059380699712705536,0.08185064597731628,0.09388913007332782,0.1045505104958774,0.9999854128923323
ALDH3B1,2,0.8733844011411203,0.2149533883695993,0.010728512515929354,1,0.9175038241325062,0,0.2149533883695993,0.245084570960808,0.26326305999391114,0.28026492929311014,0.9999854128923323
ALDH4A1,5,1.0248465023873194,0.14143689464082682,0.12371509917927323,4,0.9981639178019706,0,0.14143689464082682,0.2097848168109617,0.2449758875826783,0.2757112649665104,0.9999854128923323
ALDOA,5,0.7118040963632898,0.07003595437930128,1.3147250485706214,4,0.8588723026007683,0,0.07003595437930128,0.10388010778201501,0.12130583134152582,0.13652520881549446,0.9999854128923323
ALDOC,5,0.8234600116619513,0.07576625740661964,0.3325342726383997,4,0.9876183219124883,0,0.07576625740661964,0.11237952071037464,0.13123100732760698,0.1476956258436361,0.9999854128923323
ALG13,2,-0.6035359130890129,0.10095843760954576,0.024386630891372586,1,0.8759051757528937,0,0.10095843760954576,0.11511032951880865,0.12364832868599887,0.13163369785793044,0.9999854128923323
ALG14,3,-0.7460494239558695,0.10145529108628219,0.528413261513294,2,0.7678148690967954,0,0.10145529108628219,0.12833192020321213,0.14347944862873047,0.1571738611047187,0.9999854128923323
ALG2,2,-0.6428427012271989,0.1358202976174535,0.11249431302652654,1,0.7373220715022902,0,0.1358202976174535,0.1548589655730715,0.16634521293785542,0.1770880021806085,0.9999854128923323
ALG6,2,-0.902207084621331,0.16009301210746685,0.0028945623176186474,1,0.9570936038225937,0,0.16009301210746685,0.18253411813503248,0.1960730955242516,0.20873574991742694,0.9999854128923323
ALG8,2,-0.5886248661625877,0.10181733990668913,0.0025899467197344566,1,0.9594119635051817,0,0.10181733990668913,0.11608962881057272,0.12470026486945168,0.13275356944220468,0.9999854128923323
ALK,2,0.5992706361597806,0.11908656181777916,0.013208032947558235,1,0.9085036129114824,0,0.11908656181777916,0.13577957124418114,0.14585065583798243,0.15526988004595596,0.9999854128923323
ALKBH7,5,1.0872677262614514,0.0801706893358023,1.596033279305623,4,0.8095049029560931,0,0.0801706893358023,0.1189123489923187,0.13885970720742996,0.15628144428752683,0.9999854128923323
ALS2CR11,3,-0.7847768511043837,0.14709647429637335,1.3967604956906616,2,0.49739030067892526,0,0.14709647429637335,0.18606395782278146,0.20802582892719657,0.22788087809427254,0.9999854128923323
ALYREF,4,0.782351648960487,0.09303676263210382,1.458355715688899,3,0.6919146129364616,0,0.09303676263210382,0.12824232718575648,0.1471040380229451,0.16380812410650922,0.9999854128923323
AMACR,2,-0.6189814231710062,0.14076075324905876,0.01192008723306601,1,0.9130603957366239,0,0.14076075324905876,0.16049195167302044,0.17239601063500165,0.18352956822788008,0.9999854128923323
AMD1,5,-0.7513126515188375,0.07540127200434651,2.292608867365645,4,0.6821150512312051,0,0.07540127200434651,0.11183815987274465,0.13059883406684894,0.1469841383126734,0.9999854128923323
AMDHD2,5,0.7456372538353694,0.11498097725645536,1.7213775746510251,4,0.7868307960201959,0,0.11498097725645536,0.170544349914821,0.1991528945121022,0.22413918777676542,0.9999854128923323
AMMECR1,2,-0.5871360518157047,0.12477368155937629,0.0017009970212708907,1,0.9671020580660955,0,0.12477368155937629,0.14226388541314636,0.1528159265744934,0.16268497698557505,0.9999854128923323
AMN1,5,-0.8763020404236163,0.08542075738868028,0.5593716790204117,4,0.9674696446722795,0,0.08542075738868028,0.1266994583424993,0.14795309181820882,0.1665157110090575,0.9999854128923323
AMPD2,4,0.7370891684529086,0.06367378297665063,0.7167055837908985,3,0.8692677699278203,0,0.06367378297665063,0.08776825287801647,0.10067709072273598,0.11210926357589086,0.9999854128923323
AMY2B,5,-0.6675328789306462,0.06255553570433808,0.9300340536754967,4,0.9202129558072597,0,0.06255553570433808,0.09278485384999417,0.10834936613460251,0.12194318832790753,0.9999854128923323
ANAPC1,3,-0.6302371985419689,0.0629276073397344,0.3273285910747028,2,0.8490269961954876,0,0.0629276073397344,0.07959782675931594,0.08899307574754112,0.09748703009738839,0.9999854128923323
ANAPC11,5,0.7406089590275474,0.08629869139592151,2.010026553180619,4,0.7339146086584378,0,0.08629869139592151,0.12800164491375374,0.14947371812444318,0.16822711945243635,0.9999854128923323
ANAPC15,3,0.8547877415917791,0.08799634363643198,1.0016553784807178,2,0.6060288485121551,0,0.08799634363643198,0.11130754866319552,0.12444562260988551,0.13632334937241844,0.9999854128923323
ANAPC2,3,0.6346325540681166,0.09433156538050257,0.08159754412014578,2,0.9600222938206326,0,0.09433156538050257,0.11932104074059047,0.13340497912099106,0.14613783269614503,0.9999854128923323
ANAPC4,5,-0.8587477498840993,0.07270638215284145,1.6080256875887016,4,0.8073489481004723,0,0.07270638215284145,0.10784099226482037,0.12593114792324042,0.14173083087976687,0.9999854128923323
ANGEL2,3,-0.7647586799348958,0.08889679075117746,0.6303526385346783,2,0.7296602097727817,0,0.08889679075117746,0.11244653418124459,0.1257190471317583,0.13771831604423834,0.9999854128923323
ANGPT1,2,-0.7035121423549265,0.18343423858760588,0.06288788532777274,1,0.801988403071072,0,0.18343423858760588,0.20914721095936026,0.2246601429477914,0.23916898587936736,0.9999854128923323
ANGPT2,4,-0.9696860000120131,0.18240864977691315,0.7609860966616002,3,0.8587740397684784,0,0.18240864977691315,0.2514329721327922,0.2884133991055052,0.3211635690604607,0.9999854128923323
ANKAR,4,-0.6774975216790341,0.0846055123454007,0.5345366952518685,3,0.9112409127169131,0,0.0846055123454007,0.11662065068645744,0.13377306080848034,0.14896337613523003,0.9999854128923323
ANKRD12,2,-0.6801792907021111,0.08568814734472187,0.053216593373164346,1,0.8175578028952046,0,0.08568814734472187,0.09769951982472583,0.10494611899949491,0.11172367525341395,0.9999854128923323
ANKRD13B,3,0.6736096079713473,0.08989007259612912,0.15224275099310103,2,0.9267037206087572,0,0.08989007259612912,0.11370294737666119,0.1271237597881479,0.13925710166167352,0.9999854128923323
ANKRD13D,4,0.7404284588596272,0.06701697667219192,0.09903618756920261,3,0.9919528336225054,0,0.06701697667219192,0.09237652736671864,0.10596314409124896,0.1179955634889357,0.9999854128923323
ANKRD24,4,0.8028970941052124,0.11339335550300386,0.83761653926351,3,0.8404500914679166,0,0.11339335550300386,0.15630195404165032,0.17929063745934015,0.19964960436703827,0.9999854128923323
ANKRD26,2,-0.7050566399133167,0.16629604838341036,0.006448174105092177,1,0.9359982417152941,0,0.16629604838341036,0.18960666765786174,0.20367023239026938,0.21682351971936498,0.9999854128923323
ANKRD36,2,-0.6217575539990993,0.1552413678059147,2.9421172257105546e-4,1,0.9863148755067631,0,0.1552413678059147,0.1770023925310804,0.19013106904810934,0.2024099796774536,0.9999854128923323
ANKRD49,5,-0.9390916305757264,0.08517426848219681,0.7527584973229275,4,0.9446668716912592,0,0.08517426848219681,0.12633385621142956,0.14752616050867734,0.16603521567310323,0.9999854128923323
ANKRD65,3,0.7109648303141692,0.14918330126045212,0.6050648405954402,2,0.7389445310689008,0,0.14918330126045212,0.1887036083384388,0.21097704792212266,0.23111377652559,0.9999854128923323
ANKRD9,2,0.6594262940744805,0.15767017152725446,0.006560510982350689,1,0.9354443531792025,0,0.15767017152725446,0.17977165484654137,0.19310573394943703,0.2055767522898383,0.9999854128923323
ANLN,4,-0.9393854969646388,0.14150868804259564,1.0934514272897995,3,0.7786551658125705,0,0.14150868804259564,0.19505626548234647,0.22374488145841825,0.24915175546996174,0.9999854128923323
ANO5,2,-0.6698347317503217,0.1185192757722393,0.09838851563527126,1,0.7537721158844993,0,0.1185192757722393,0.13513276563605492,0.14515587516309547,0.15453022953545167,0.9999854128923323
ANO7,2,1.0454751594515665,0.248952187583709,0.24066399705393696,1,0.6237269519475838,0,0.248952187583709,0.28384916630761575,0.3049029149648644,0.32459394001523534,0.9999854128923323
ANO8,5,0.7591539955281741,0.08138845710423542,0.5921675612343684,4,0.9639300596455073,0,0.08138845710423542,0.12071859048869621,0.14096894285417588,0.15865531068725774,0.9999854128923323
ANP32E,4,-0.8756331978604182,0.07710288885136271,1.0295733627861001,3,0.7940965828059896,0,0.07710288885136271,0.10627899788541773,0.12191037147455495,0.1357536443510793,0.9999854128923323
ANXA5,2,-0.6066794460834087,0.11887003512504293,0.05098647518201245,1,0.8213555386290418,0,0.11887003512504293,0.1355326928302453,0.14558546588153437,0.15498756377874065,0.9999854128923323
AP000275.65,2,2.0921414770020705,0.5205672479352126,5.495520440371177e-4,1,0.9812972831539111,0,0.5205672479352126,0.5935379832072194,0.6375620671230854,0.6787366509617923,0.9999854128923323
AP1AR,3,-0.6455102035513889,0.10401077066772259,0.0015188398965558418,2,0.9992408683380696,0,0.10401077066772259,0.13156437459977427,0.14709344251117099,0.1611327930489154,0.9999854128923323
AP1B1,5,0.9617083383948963,0.05659507413916333,0.2071905125978446,4,0.9949905977802864,0,0.05659507413916333,0.083944060641586,0.09802554386715832,0.11032410971272823,0.9999854128923323
AP1S2,4,-0.9644814131298151,0.10969435805099483,1.2852362458233841,3,0.7326418260859028,0,0.10969435805099483,0.15120323792041532,0.17344200895558617,0.1931368472961116,0.9999854128923323
AP2A1,5,0.688971831423844,0.047736051856752636,1.4537570861008722,4,0.8348000243212759,0,0.047736051856752636,0.0708040071119938,0.0826812671686382,0.0930546960561808,0.9999854128923323
AP2S1,5,0.7726641895444551,0.097859586587582,0.2164766005472034,4,0.9945482523851309,0,0.097859586587582,0.14514922359972654,0.16949777597737786,0.19076345302743744,0.9999854128923323
AP3D1,2,0.6375028665194974,0.07693122128380522,0.02924758371578548,1,0.8642086296247931,0,0.07693122128380522,0.08771508793065848,0.09422111871723189,0.10030604056571205,0.9999854128923323
AP3M1,3,-0.6575033944852169,0.08799829688593701,0.3887687902666826,2,0.8233413550225305,0,0.08799829688593701,0.1113100193501053,0.12444838492182622,0.13632637533354003,0.9999854128923323
AP3S1,5,-1.0039072338359356,0.07976729555687329,1.9669414471551996,4,0.7418393841208606,0,0.07976729555687329,0.11831401932571925,0.13816100868686768,0.15549508504688753,0.9999854128923323
AP4E1,5,-0.7556158793926551,0.060769689279482834,0.458661831364439,4,0.9773984643613745,0,0.060769689279482834,0.09013601553915483,0.10525618939223798,0.11846193276101223,0.9999854128923323
AP5B1,4,0.6697141270734136,0.08527800995571318,0.49482287727802554,3,0.9200273219400117,0,0.08527800995571318,0.11754762467107857,0.1348363728932842,0.15014743036169753,0.9999854128923323
AP5M1,5,-0.8433359190736357,0.08030612536921167,2.4523711413438405,4,0.6531842983543804,0,0.08030612536921167,0.11911323309353244,0.13909428929847056,0.15654545772043038,0.9999854128923323
AP5Z1,4,0.670901816979975,0.07892210697953757,0.025580158132331828,3,0.9989202000963722,0,0.07892210697953757,0.10878661702236257,0.1247868078974053,0.1389567083924978,0.9999854128923323
APC,2,-0.639334182182278,0.10390457638181151,0.2777112106787122,1,0.5982053093399023,0,0.10390457638181151,0.1184694445458778,0.12725659703773928,0.1354749928519736,0.9999854128923323
APC2,5,0.7623531342108292,0.08746316346180708,0.7651299615951778,4,0.9430607983449256,0,0.08746316346180708,0.12972883610841088,0.15149064290655165,0.17049709340172864,0.9999854128923323
APCDD1,2,0.7616088184414208,0.18488027258564357,0.16402326241720436,1,0.6854790877733108,0,0.18488027258564357,0.21079594338778068,0.22643116567074595,0.2410543835429698,0.9999854128923323
APH1A,2,0.8394224403593082,0.13750865149368327,0.09151157377913033,1,0.7622642264660575,0,0.13750865149368327,0.15678398517161954,0.16841301568886194,0.17928934631075855,0.9999854128923323
APH1B,2,-0.7346590582067846,0.1984124867858534,0.012872445561747277,1,0.9096684101423529,0,0.1984124867858534,0.22622504146603753,0.24300467561102537,0.25869823221531485,0.9999854128923323
APLF,4,-0.8697884455380845,0.08255245791422651,6.0800095976517285,3,0.10778181023623754,50.65797262624906,0.08255245791422651,0.11379071044945745,0.1305268967270744,0.14534860079755987,0.9999854128923323
APLN,5,0.7096847690901986,0.1108797978513109,0.8592386227763683,4,0.9303344643806104,0,0.1108797978513109,0.16446131781487297,0.1920494434114369,0.21614451733014362,0.9999854128923323
APOA1BP,4,0.6877552796470411,0.05912205706915559,0.85323502951999,3,0.8366960252079017,0,0.05912205706915559,0.0814941316965101,0.09348018014649537,0.10409512313011747,0.9999854128923323
APOBR,5,0.9988714043425493,0.14733885187004714,1.8261792584339793,4,0.7676893751000314,0,0.14733885187004714,0.21853883406581112,0.25519837736778633,0.2872162976355242,0.9999854128923323
APOE,5,1.173708915976085,0.09470076400181539,1.8954667917446824,4,0.7549777046353948,0,0.09470076400181539,0.14046393254341336,0.16402653476673398,0.1846057742043965,0.9999854128923323
APOL4,3,-1.1821719278130927,0.22132887798201367,1.2283405506332132,2,0.5410896645567216,0,0.22132887798201367,0.27996134655706195,0.3130063009869837,0.34288122338364496,0.9999854128923323
APOL6,2,-0.6746982591375762,0.1423545563695577,0.013294006634992651,1,0.9082076248988865,0,0.1423545563695577,0.16230916682345967,0.17434801283284065,0.18560763325519533,0.9999854128923323
APPBP2,3,-0.6592670050523619,0.08147285836393908,0.14528483390887786,2,0.929933298960834,0,0.08147285836393908,0.10305591996573882,0.11522002126358491,0.1262172094445807,0.9999854128923323
APPL1,5,-0.8034747068692695,0.05947674649483658,2.1937444075088597,4,0.700174705279731,0,0.05947674649483658,0.08821827147447586,0.10301674679795109,0.1159415232767019,0.9999854128923323
APRT,5,0.6496084445769018,0.07211084044929437,0.3873963170706812,4,0.9834957385849085,0,0.07211084044929437,0.10695766116865074,0.12489963943467078,0.14056990637812078,0.9999854128923323
AQP1,3,1.1323331688875702,0.15202885143385236,5.690771884150585,2,0.058111834609300236,64.85538270176993,0.15202885143385236,0.19230297623613152,0.21500126356975838,0.2355220838985407,0.9999854128923323
AQP3,2,1.2965260722538763,0.2871118006249403,0.13467160054626426,1,0.7136367006883259,0,0.2871118006249403,0.32735781932852026,0.3516387053314,0.3743479882392348,0.9999854128923323
ARAF,4,0.7855278002701936,0.08206267560771469,5.4671788718878735,3,0.14061491639186063,45.12709259567231,0.08206267560771469,0.11311559213037042,0.12975248290396038,0.14448625006027643,0.9999854128923323
ARF1,4,0.9839931505814764,0.14428761700786613,1.120354432918483,3,0.772162853473391,0,0.14428761700786613,0.1988867547159349,0.22813875395145308,0.2540445648062694,0.9999854128923323
ARF6,3,-0.6579125494981937,0.08238099533045848,0.5288887167341055,2,0.7676323599973167,0,0.08238099533045848,0.10420463246237777,0.116504320878129,0.12762408918354268,0.9999854128923323
ARFGAP1,3,0.7477999845209071,0.10694056001222138,0.8876947266132933,2,0.6415633394608535,0,0.10694056001222138,0.13527029755701744,0.15123679033705736,0.1656716031845713,0.9999854128923323
ARFIP1,3,-0.8544971164878515,0.1067653308880754,0.7611811418444606,2,0.6834576597823109,0,0.1067653308880754,0.13504864829913835,0.15098897893316734,0.16540013939273615,0.9999854128923323
ARHGAP18,2,-0.6636731953989463,0.13508168971728352,0.0015265169287914742,1,0.9688340483770661,0,0.13508168971728352,0.1540168229965136,0.16544060670015293,0.17612497530075052,0.9999854128923323
ARHGAP23,4,0.7112296470651979,0.11009586755774194,0.49824736754103693,3,0.9192762883164104,0,0.11009586755774194,0.1517566805819583,0.17407685122735198,0.19384377773146275,0.9999854128923323
ARHGAP28,2,-0.7243339744974598,0.15950988535751662,0.06729425079447234,1,0.795317869950934,0,0.15950988535751662,0.1818692513450213,0.19535891402787878,0.2079754456552642,0.9999854128923323
ARHGAP29,5,-0.9550855553408188,0.11051829347329448,0.7179705045451982,4,0.9490944409351123,0,0.11051829347329448,0.1639251201706082,0.19142329946155387,0.2154398155646888,0.9999854128923323
ARHGAP33,5,0.8786845011778097,0.08074615201488428,2.3000261509969757,4,0.6807642929578857,0,0.08074615201488428,0.11976589808231625,0.13985643780545964,0.15740322756475178,0.9999854128923323
ARHGAP39,4,0.7895943653180848,0.07131687247795628,0.49737500486366437,3,0.919467732033643,0,0.07131687247795628,0.09830352470827507,0.11276187631505914,0.12556631128656656,0.9999854128923323
ARHGAP42,2,-0.6382591416030263,0.13784038243406058,0.14238554805165515,1,0.7059208783920566,0,0.13784038243406058,0.15716221663758279,0.16881930145677096,0.17972187053963612,0.9999854128923323
ARHGAP5,4,-1.2037239858564228,0.15569685205259978,2.1416722964405155,3,0.5435282851198462,0,0.15569685205259978,0.21461329992400138,0.2461783385022388,0.2741325960026942,0.9999854128923323
ARHGDIA,5,0.8014068844285162,0.05661534448555464,1.1829272791258456,4,0.8809014518446445,0,0.05661534448555464,0.08397412642403403,0.0980606531369951,0.11036362389224307,0.9999854128923323
ARHGDIG,3,0.6721547437936976,0.11462062326012987,0.5188060361687556,2,0.7715120270801858,0,0.11462062326012987,0.14498489453203392,0.1620980399421327,0.177569506007359,0.9999854128923323
ARHGEF10L,5,0.7590478308679776,0.06404952458155887,0.838962084235618,4,0.9331496442394813,0,0.06404952458155887,0.09500079746019068,0.11093703077589169,0.12485550879584813,0.9999854128923323
ARHGEF17,2,0.6452294191703278,0.11780574483446231,0.009345253503592246,1,0.9229877886263627,0,0.11780574483446231,0.13431921519575366,0.1442819818064739,0.15359989901430324,0.9999854128923323
ARHGEF18,2,0.7140266757342968,0.1344268888676513,0.33218664641833284,1,0.5643743394533455,0,0.1344268888676513,0.15327023515942892,0.16463864271778303,0.17527121944598031,0.9999854128923323
ARHGEF4,4,0.7876245807871047,0.0812703353127619,0.14650998932883552,3,0.9857238470037001,0,0.0812703353127619,0.11202342640498295,0.12849968289697017,0.14309119101374176,0.9999854128923323
ARHGEF40,3,0.6338919647079441,0.1003781597942685,1.1269206500230439e-4,2,0.9999436555549067,0,0.1003781597942685,0.12696944491449083,0.14195615494710825,0.15550517648245954,0.9999854128923323
ARHGEF5,2,0.6835976054042847,0.18050447105137402,0.46055439133564036,1,0.4973649915963363,0,0.18050447105137402,0.20580676201329542,0.22107192518342186,0.23534903636558988,0.9999854128923323
ARID4B,5,-0.6942516664082204,0.06444857904559607,0.43207748189845024,4,0.9797673841748304,0,0.06444857904559607,0.09559269088268298,0.1116282133825913,0.12563340915451784,0.9999854128923323
ARL1,4,-0.6780510715084498,0.09748702220114548,0.15113290188746295,3,0.9850634018317708,0,0.09748702220114548,0.1343765866716691,0.1541405162315106,0.1716436146284054,0.9999854128923323
ARL13B,4,-0.7096440609001132,0.06461855902841075,1.5377889517968797,3,0.6735765208067538,0,0.06461855902841075,0.08907053679374335,0.10217091282390753,0.11377271346775303,0.9999854128923323
ARL14EP,4,-0.7141860293964818,0.08283712454598753,0.21505120521142157,3,0.9751237074428862,0,0.08283712454598753,0.11418309632248616,0.13097699419218103,0.14584980812276405,0.9999854128923323
ARL15,5,-0.9051573633255795,0.10847592082989116,2.35252512107963,4,0.6712231883581707,0,0.10847592082989116,0.16089579198898954,0.18788580627519058,0.2114584983385456,0.9999854128923323
ARL17A,5,-1.1652776052987635,0.12395458225138312,0.9933746676662228,4,0.9107989368668912,0,0.12395458225138312,0.18385435707225647,0.21469563429037095,0.24163196426018768,0.9999854128923323
ARL2,5,0.7314787077747098,0.06628063593173883,1.2040540475985122,4,0.8774306952732053,0,0.06628063593173883,0.09831007038414,0.11480142899174697,0.12920474549396277,0.9999854128923323
ARL4A,2,-0.7087354739810301,0.163706790969634,0.4266787022422843,1,0.5136231748663983,0,0.163706790969634,0.1866544599854182,0.20049905265203413,0.21344754108744904,0.9999854128923323
ARL5A,4,-0.783614364443613,0.07830445602119285,1.0358891829302448,3,0.7925687409648526,0,0.07830445602119285,0.10793524393020269,0.12381021598372775,0.13786922166169743,0.9999854128923323
ARL5B,5,-1.0051322184874718,0.08698250042439012,1.2142672355500015,4,0.8757440709895113,0,0.08698250042439012,0.129015897610232,0.15065811010442512,0.16956010864675777,0.9999854128923323
ARL6,3,-1.0133913108438433,0.1745303335682979,0.6441459640333682,2,0.7246453023244454,0,0.1745303335682979,0.22076534994590552,0.24682316477778715,0.2703812301272172,0.9999854128923323
ARL6IP1,2,-0.6722785049239178,0.14453548016504625,0.4825545082247999,1,0.48726750217270437,0,0.14453548016504625,0.16479580253908965,0.17701908806626113,0.18845120998581785,0.9999854128923323
ARL6IP5,3,-0.7862048411995379,0.14141573702608964,0.0755986126095996,2,0.9629061706980775,0,0.14141573702608964,0.17887833039753984,0.19999205323528305,0.2190803177574771,0.9999854128923323
ARL6IP6,5,0.8738114885759193,0.10811362773207968,1.2456072664913589,4,0.8705341048998387,0,0.10811362773207968,0.1603584244842146,0.18725829622254955,0.21075225907516315,0.9999854128923323
ARL8B,3,-1.00571149277142,0.17870221720504414,0.6692434338591777,2,0.7156087378284556,0,0.17870221720504414,0.2260424117160274,0.2527230991975161,0.2768442844661906,0.9999854128923323
ARMC1,5,-0.7301576543560403,0.06458884062034895,1.8772163373685353,4,0.7583290444784785,0,0.06458884062034895,0.09580073241837896,0.11187115355641289,0.1259068292992369,0.9999854128923323
ARMC5,5,1.0813913291628412,0.08390510015766532,2.3340701653563687,4,0.6745731417500136,0,0.08390510015766532,0.12445137536977753,0.14532789648723174,0.16356115114347242,0.9999854128923323
ARMC6,4,0.8019241812665255,0.06943925984215005,3.1813643792230986,3,0.36449872176384507,5.700836421239758,0.06943925984215005,0.09571541429732569,0.10979311006872919,0.12226043310498887,0.9999854128923323
ARPC1B,4,0.7518805869983438,0.12019159207498542,0.2878003036288762,3,0.9623063437328737,0,0.12019159207498542,0.16567267647529396,0.19003959327939862,0.21161913499754945,0.9999854128923323
ARPP19,5,-0.8389083929493694,0.07976339267743258,2.925226476466025,4,0.570415543454978,0,0.07976339267743258,0.11830823041999856,0.13815424870138057,0.1554874769342353,0.9999854128923323
ARRDC1,5,0.8577272484147711,0.07051033003571595,2.567266198924693,4,0.6326325848463429,0,0.07051033003571595,0.10458372058709851,0.12212747408030987,0.13744993720854598,0.9999854128923323
ARRDC3,2,-0.6584772753827077,0.17295932426650756,0.00911728862176324,1,0.92393000586531,0,0.17295932426650756,0.19720397107042492,0.21183104535475994,0.2255113685520882,0.9999854128923323
ARSA,2,0.6682345629462281,0.1097939236748859,0.22519848068196013,1,0.635107167161291,0,0.1097939236748859,0.12518433359931536,0.13446954493077606,0.14315376225959045,0.9999854128923323
ARSE,2,0.8626468852287085,0.18148679843519813,0.11071106355427571,1,0.7393360478388252,0,0.18148679843519813,0.20692678755573363,0.22227502560878795,0.2366298345742544,0.9999854128923323
ARSI,2,0.82150309846812275,0.20389184372980484,0.7017912995020698,1,0.4021824455098532,0,0.20389184372980484,0.23247246959887727,0.2497154899266538,0.26584243960890924,0.9999854128923323
ARSK,2,-0.7757023952332617,0.19896305303115303,0.006190585718690075,1,0.9372869348776677,0,0.19896305303115303,0.22685278356881725,0.2436789787963174,0.259416082773431,0.9999854128923323
ARVCF,5,0.84281794936122,0.08571126080594399,1.817726986984915,4,0.7692375433745282,0,0.08571126080594399,0.12713034454322072,0.14845625849668193,0.16708200642196422,0.9999854128923323
ARX,5,0.9818719242759166,0.10015525918704608,2.0146871499975045,4,0.7330573562687585,0,0.10015525918704608,0.14855425633152905,0.17347399755719337,0.19523854276943534,0.9999854128923323
ASAH2B,5,-1.159086783353395,0.1435838343728037,0.4856809907031333,4,0.9748798821381721,0,0.1435838343728037,0.2129692430493962,0.24869449627925055,0.279896420974166,0.9999854128923323
ASB13,2,0.7630793160076687,0.14471473688895464,0.029658549160189035,1,0.8632672665556024,0,0.14471473688895464,0.16500018665047378,0.1772386318195304,0.18868493215894833,0.9999854128923323
ASB6,4,0.6362270256143053,0.0615672537757215,0.5374499634490544,3,0.9105900633077729,0,0.0615672537757215,0.08486460275768559,0.09734637560644072,0.10840033619044126,0.9999854128923323
ASCC3,4,-0.6446447818541163,0.058840689076889524,0.18618517934335735,3,0.9797880553646103,0,0.058840689076889524,0.08110629268424277,0.09303529828838067,0.10359972365906134,0.9999854128923323
ASF1A,3,-0.5994600121706675,0.0991128207371001,0.03291754941385601,2,0.9836759308833316,0,0.0991128207371001,0.12536890354128197,0.1401666952914603,0.1535449216441719,0.9999854128923323
ASIC2,2,0.7224743737753716,0.17354132180309723,0.26492475286365436,1,0.6067567919530222,0,0.17354132180309723,0.1978675503591127,0.21254384385286065,0.22627020050015967,0.9999854128923323
ASIC3,2,0.7651791369057805,0.20457030690800385,0.05613954000050275,1,0.8127050136398221,0,0.20457030690800385,0.23324603664149443,0.25054643422458106,0.26672704736554054,0.9999854128923323
ASMTL,2,0.6025629036693139,0.10734813077617161,0.01094182805790975,1,0.9166906806872722,0,0.10734813077617161,0.12239570064131933,0.13147407262158978,0.1399648384700053,0.9999854128923323
ASNA1,4,0.7584573343706378,0.08467000750720598,0.3606671728193841,3,0.948242328408689,0,0.08467000750720598,0.11670955113191722,0.13387503661316322,0.1490769315854669,0.9999854128923323
ASNSD1,2,-0.8059649679683406,0.15606498197233057,0.3662034191455,1,0.5450810381049771,0,0.15606498197233057,0.17794145716339133,0.19113978627443265,0.20348384116838508,0.9999854128923323
ASPDH,2,0.7215787081590855,0.1750867409352982,0.1041065039569691,1,0.7469562363359681,0,0.1750867409352982,0.19962959927512627,0.21443658800917423,0.2282851805248978,0.9999854128923323
ASPHD1,3,0.8030688945678568,0.12387006831289629,0.7212003098748073,2,0.6972577378007027,0,0.12387006831289629,0.15668461991576121,0.17517873058017971,0.19189868466776897,0.9999854128923323
ASPSCR1,3,0.6666344068200076,0.10451449690179779,0.025891104318364798,2,0.98713788108331,0,0.10451449690179779,0.13220154348651697,0.14780581898312325,0.16191316237516382,0.9999854128923323
ASS1,3,0.6494283212216047,0.09309874258839608,0.5947501830204455,2,0.74276535512543,0,0.09309874258839608,0.11776162955082056,0.13166150440839142,0.14422795183908368,0.9999854128923323
ASTN2,4,0.7234023243162117,0.0674802518549183,0.8598676305819334,3,0.835100247684021,0,0.0674802518549183,0.09301510813715204,0.10669564647167198,0.11881124361881719,0.9999854128923323
ATAD1,4,-0.836939374969748,0.09145027971835154,0.21263917014270708,3,0.9755235663147861,0,0.09145027971835154,0.12605551140300453,0.14459558828474625,0.16101483269485045,0.9999854128923323
ATAD3A,3,0.6732672098020551,0.09242646755891602,0.007921216548888263,2,0.9960472245901261,0,0.09242646755891602,0.11691126142793504,0.13071076394405595,0.14318646784178474,0.9999854128923323
ATAD3B,3,0.6374341404830551,0.11955850577686572,0.1024802262426734,2,0.9500505235463443,0,0.11955850577686572,0.15123087676051783,0.16908126036670554,0.18521924070849768,0.9999854128923323
ATAD5,2,-0.7921541266372503,0.1536869715861972,0.09751243529188311,1,0.754835480518872,0,0.1536869715861972,0.17523010816049156,0.18822733024989988,0.2003832949626096,0.9999854128923323
ATE1,3,-0.6082157346218497,0.07728641835214742,0.05079740283445116,2,0.9749211320928786,0,0.07728641835214742,0.09776044567576929,0.10929950102084776,0.11973160446635449,0.9999854128923323
ATF6,2,-0.6399245514055619,0.08636908905119275,0.04923740963408216,1,0.8243955902933395,0,0.08636908905119275,0.098475912824369,0.10578009886221176,0.11261151461553952,0.9999854128923323
ATF6B,4,0.6446308720433475,0.061097257407552855,0.2204144599480517,3,0.9742283085396984,0,0.061097257407552855,0.0842167574724714,0.09660324609873072,0.10757282219244223,0.9999854128923323
ATF7IP2,5,-0.9422562750714581,0.09291027649120313,1.2738818746854939,4,0.8657910169859357,0,0.09291027649120313,0.1378082103899401,0.16092531942803606,0.18111547149581916,0.9999854128923323
ATG10,5,-0.6569065268177835,0.08190145014163944,0.9703996391828413,4,0.9142506621102445,0,0.08190145014163944,0.12147948212627345,0.14185747285888872,0.1596553182144369,0.9999854128923323
ATG12,5,-0.9053244358025405,0.07354545594092077,3.4638112397760787,4,0.48340221676895306,0,0.07354545594092077,0.10908553981636347,0.12738446635549308,0.14336648681027267,0.9999854128923323
ATG2A,4,0.7907786449371427,0.07164699327370115,0.44425922741689833,3,0.9309551916467801,0,0.07164699327370115,0.09875856482253768,0.11328384312382965,0.12614754892585708,0.9999854128923323
ATG4A,3,-0.654201800249554,0.0887959879328473,0.11118369950039766,2,0.9459251366927102,0,0.0887959879328473,0.11231902758104961,0.12557649041895036,0.13756215298958097,0.9999854128923323
ATG4C,5,-0.9481211493616599,0.09598406118309798,0.9194271099211444,4,0.921757289362646,0,0.09598406118309798,0.14236736986627777,0.16624927068592538,0.18710738094624338,0.9999854128923323
ATG4D,5,0.7919573256004435,0.06156414329053763,1.1287957404561557,4,0.8896769428363013,0,0.06156414329053763,0.09131438126612516,0.10663222410366177,0.12001060873344417,0.9999854128923323
ATG9A,2,0.6351843440322755,0.09037419852658893,0.010406369589142813,1,0.9187474557675582,0,0.09037419852658893,0.10304244022304743,0.11068533615156509,0.11783353848056004,0.9999854128923323
ATL2,5,-0.7310500017740849,0.05929943686756636,0.8677157043331595,4,0.9291461417668903,0,0.05929943686756636,0.0879552787965741,0.10270963751484796,0.1155958831822304,0.9999854128923323
ATL3,4,-0.7184284926555229,0.08756800550152169,0.2939706420902631,3,0.9611584226198687,0,0.08756800550152169,0.12070416569562796,0.1384571737714819,0.15417938358060407,0.9999854128923323
ATM,4,-0.7625391394292327,0.06574854084263018,0.7096233590148044,3,0.8709381375718134,0,0.06574854084263018,0.09062810923536095,0.10395757094765885,0.1157622517537497,0.9999854128923323
ATN1,5,0.8444578093577351,0.07389619835878349,2.7188678254556065,4,0.6059170460728792,0,0.07389619835878349,0.10960577489410622,0.12799197004360088,0.14405020965325446,0.9999854128923323
ATP11B,5,-0.9413215111098178,0.06341916843156642,1.044558084963672,4,0.9029659259942255,0,0.06341916843156642,0.09406582819500958,0.10984522189724126,0.12362671844425574,0.9999854128923323
ATP13A1,5,0.699312766402552,0.07108604879042213,0.571717381280207,4,0.9661540806372282,0,0.07108604879042213,0.10543764949862743,0.12312464821433125,0.13857221966906008,0.9999854128923323
ATP13A2,5,0.9141184095639739,0.061103399451602015,1.1941934640080603,4,0.8790536977853226,0,0.061103399451602015,0.09063098771387457,0.10583419236535097,0.11911245364469553,0.9999854128923323
ATP13A3,5,-0.6412325464561296,0.05500297842922993,0.49901346621609727,4,0.9735969469130104,0,0.05500297842922993,0.08158260108252208,0.09526795320704123,0.10722054382033354,0.9999854128923323
ATP1A2,5,1.0287747358842787,0.10094787297377114,0.18273258289257957,4,0.9960718337469694,0,0.10094787297377114,0.14972989256472136,0.17484684490658073,0.19678363148424924,0.9999854128923323
ATP1A3,2,0.8161374386720119,0.2136049897448159,5.611777816220001e-4,1,0.9811005277286005,0,0.2136049897448159,0.24354715998559248,0.26161161569361624,0.2785068325815382,0.9999854128923323
ATP1A4,4,1.436732720662155,0.2183833352897696,1.38543011205627,3,0.7089535199608513,0,0.2183833352897696,0.3010206540278249,0.34529437126994966,0.3845035390085248,0.9999854128923323
ATP1B3,2,-0.6725936559945968,0.15513488352789306,0.25882752528127206,1,0.6109268071320424,0,0.15513488352789306,0.17688098177412073,0.19000065297471852,0.20227114116517464,0.9999854128923323
ATP2A3,4,1.0058790744068222,0.14810073432397228,0.381959484004669,3,0.94394350505596325,0,0.14810073432397228,0.20414277421419955,0.23416782180361492,0.2607582506319396,0.9999854128923323
ATP5D,4,0.8355873945334572,0.08182477149151784,1.0944849145458087,3,0.7784056113406629,0,0.08182477149151784,0.1127876639367724,0.12937632346800468,0.14406737663982516,0.9999854128923323
ATP5F1,2,-0.6202595503661243,0.09953944933909498,0.04174027107665327,1,0.8381156638821307,0,0.09953944933909498,0.11349243396433673,0.12191043007919945,0.12978356350879502,0.9999854128923323
ATP5G1,4,0.6782294067141877,0.08127196546671707,0.07688632572185355,3,0.9944588857346977,0,0.08127196546671707,0.11202567341714209,0.1285022603966877,0.14309406119595627,0.9999854128923323
ATP5G2,2,0.7297640663935288,0.10702239580622343,0.48205677744547337,1,0.48749215509532395,0,0.10702239580622343,0.12202430563348901,0.13107513038771285,0.13954013203009633,0.9999854128923323
ATP5I,5,1.1498903141286676,0.07566370421238179,4.816841495178507,4,0.30661214929682457,16.958031440231895,0.07566370421238179,0.11222740974158392,0.13105337998470853,0.1474957128649082,0.9999854128923323
ATP6AP2,2,-0.8230072099104103,0.22973364009335898,0.018310511450449526,1,0.892361767675409,0,0.22973364009335898,0.261936650753018,0.2813650974904625,0.2995360198105171,0.9999854128923323
ATP6V0B,2,0.6237737675716438,0.11975640707650508,0.008749268319455928,1,0.925476540838287,0,0.11975640707650508,0.1365433123467996,0.14667104538323297,0.15614325141031588,0.9999854128923323
ATP6V0C,2,0.6126690581329096,0.1495922477714784,2.7065653619518193e-4,1,0.9868740806699641,0,0.1495922477714784,0.17056140469438097,0.18321233825805802,0.1950444282942985,0.9999854128923323
ATP6V1C1,3,-0.7260033618414498,0.1321806681093542,0.636843589408257,2,0.7272959541268209,0,0.1321806681093542,0.1671967895473367,0.18693169352378555,0.20477341051123946,0.9999854128923323
ATP6V1F,5,0.8090989203063705,0.07733683915181735,0.5209145781249058,4,0.9714332641773719,0,0.07733683915181735,0.1147090699028937,0.1339513347077296,0.15075725329806677,0.9999854128923323
ATP8A1,5,-0.6944673317731589,0.08916993274381065,0.6314128144592076,4,0.9595098536437365,0,0.08916993274381065,0.13226038406181412,0.1544468540197797,0.17382419923887385,0.9999854128923323
ATR,5,-0.7975864433170632,0.060674902501668446,1.2293224908322276,4,0.8732476678944251,0,0.060674902501668446,0.08999542402751008,0.10509201387717772,0.11827715931501945,0.9999854128923323
ATRAID,2,0.617952774382272,0.09507112208890613,0.17192841936705877,1,0.6784036164693997,0,0.09507112208890613,0.10839775704237059,0.11643786919583138,0.1239575775574623,0.9999854128923323
ATRNL1,4,-0.77615239124463,0.11676292237801728,1.292615367625696,3,0.7308873730894276,0,0.11676292237801728,0.16094658144951163,0.1846183904859893,0.20558233905418563,0.9999854128923323
ATRX,3,-0.6616475049162279,0.07361500507423284,0.18955292972250848,2,0.9095762339947568,0,0.07361500507423284,0.09311643439977137,0.1041073385701443,0.11404387547339132,0.9999854128923323
ATXN3,3,-0.6526312860058718,0.09648307150761179,0.06476224815341657,2,0.9681375312338654,0,0.09648307150761179,0.12204250464517961,0.13644766826547775,0.14947093165596792,0.9999854128923323
AURKAIP1,5,1.0271894085190592,0.06946459079880317,3.1406616093591757,4,0.5345680741043783,0,0.06946459079880317,0.10303263863776067,0.12031620059050863,0.1354114161524487,0.9999854128923323
AVPI1,3,0.7322092437099434,0.11111917186594233,0.3308822170559188,2,0.8475197734223054,0,0.11111917186594233,0.14055586992323205,0.15714623989248253,0.17214508083246177,0.9999854128923323
AXL,5,0.8101758434802924,0.09405638301293227,0.25653792548409304,4,0.9924442930138311,0,0.09405638301293227,0.1395081610804397,0.16291043415455697,0.18334964440872684,0.9999854128923323
AZI2,4,-0.7412799183727159,0.07514664310942265,1.355310198808601,3,0.7160428722590187,0,0.07514664310942265,0.10358249921762065,0.11881727537078667,0.13230931829960543,0.9999854128923323
B3GALT2,5,-0.915657798772019,0.11333748633021427,2.9386682768682912,4,0.5681410272207679,0,0.11333748633021427,0.16810665893067211,0.19630628472607423,0.22093543416363914,0.9999854128923323
B3GALT4,3,0.878052010515563,0.11301459300989146,1.1721500141405425,2,0.5565072908634816,0,0.11301459300989146,0.1429534090992805,0.1598267701806641,0.17508145464228753,0.9999854128923323
B3GALT6,4,0.6463241356840712,0.07926700567046631,1.0344901691109774,3,0.7929071589517964,0,0.07926700567046631,0.10926202705939196,0.12533214061007794,0.13956396520119863,0.9999854128923323
B3GAT3,4,0.6363197191783511,0.06559921466692806,0.19678472222603802,3,0.9781066770873633,0,0.06559921466692806,0.09042227730677682,0.10372146553290824,0.11549933589092577,0.9999854128923323
B3GLCT,3,-0.7164802785620336,0.11835195228647521,0.21336358364741245,2,0.8988116367016435,0,0.11835195228647521,0.1497046939011338,0.1673749360568667,0.18335005607866134,0.9999854128923323
B3GNT2,2,-0.6284351219707794,0.1258693249919306,4.1671187906461754e-5,1,0.994849433655538,0,0.1258693249919306,0.14351311112961604,0.15415781024938816,0.16411352124572556,0.9999854128923323
B3GNT9,2,0.8230590065816145,0.1486087670405612,0.45540100789353566,1,0.4997811985354912,0,0.1486087670405612,0.16944006413393065,0.18200782527675471,0.19376212630500533,0.9999854128923323
B4GALNT4,2,0.622841918877127,0.13148150601390846,0.06527633495369463,1,0.7983428604182758,0,0.13148150601390846,0.14991198201208294,0.16103130017337675,0.1714309100491077,0.9999854128923323
B4GALT2,2,0.6575274095918664,0.16119872747980737,0.08865568139077898,1,0.7658931854373171,0,0.16119872747980737,0.18379482762972948,0.1974273147557445,0.2101774263803933,0.9999854128923323
B4GALT6,2,-0.8319853419758162,0.16153039498711103,0.36194323248844973,1,0.547428989683925,0,0.16153039498711103,0.184172986770861,0.19783352283432185,0.21060986790266162,0.9999854128923323
B4GALT7,4,0.7316822557652118,0.09165593908356849,0.26182778699642467,3,0.9670401323308978,0,0.09165593908356849,0.12633899327465195,0.14492076429286124,0.16137693337277645,0.9999854128923323
BAALC,2,0.6691125842735427,0.1566667856972647,0.004051845173700742,1,0.9492456489300738,0,0.1566667856972647,0.17862761898129434,0.19187684230013008,0.20426849722659518,0.9999854128923323
BACE2,2,-0.7919478639328771,0.19564735231725078,0.04747702957638053,1,0.8275130711092067,0,0.19564735231725078,0.22307230309784223,0.23961809135189618,0.25509293795963023,0.9999854128923323
BAD,4,0.6894537824714372,0.08628276201796216,0.5474204100811902,3,0.908356452179111,0,0.08628276201796216,0.11893257981205888,0.13642502539351326,0.15191647891683674,0.9999854128923323
BAG2,4,-0.9163071431480105,0.11563147449457192,0.8004180058001269,3,0.849367049298939,0,0.11563147449457192,0.15938698817092564,0.18282941430325728,0.20359021948695225,0.9999854128923323
BAHD1,5,0.7383701958760944,0.06138684503423663,0.9928041983009366,4,0.9108851382158233,0,0.06138684503423663,0.09105140545409632,0.10632513451565508,0.11966499080507235,0.9999854128923323
BAIAP2,3,0.7043682664672739,0.10768250879828498,0.15705920006216761,2,0.9244746950468449,0,0.10768250879828498,0.13620879678548062,0.15228606437289477,0.16682102530143655,0.9999854128923323
BAIAP2L2,3,0.8886656541314609,0.15667130614719668,0.8336194848802374,2,0.659146315584616,0,0.15667130614719668,0.1981752685674724,0.22156668598807283,0.24271414381466258,0.9999854128923323
BAIAP3,5,0.6733114534206349,0.09085248278920108,0.12165693466346882,4,0.9982232887011471,0,0.09085248278920108,0.13475600908203156,0.15736111618467324,0.17710409309232775,0.9999854128923323
BANF1,2,0.6987474616339214,0.15447077615164292,0.24060530805171423,1,0.6237692708658519,0,0.15447077615164292,0.17612378286409328,0.18918729087160283,0.2014052510842621,0.9999854128923323
BARD1,3,-0.6801835934683983,0.11334506699856324,0.15241891827831244,2,0.9266220967643453,0,0.11334506699856324,0.1433714293039379,0.16029413097745526,0.17559342274407974,0.9999854128923323
BAX,5,0.8417312694407442,0.07282837544915284,1.0973096851316426,4,0.8946988194385898,0,0.07282837544915284,0.10802193756472844,0.12614244651063455,0.14196863959388537,0.9999854128923323
BAZ1A,3,-0.6756991011600231,0.11274633180648663,0.4180669713325945,2,0.811368065988215,0,0.11274633180648663,0.14261408253503371,0.15944739154855048,0.17466586617299934,0.9999854128923323
BBC3,4,0.8711442121261218,0.12769609820013053,0.5825008715867421,3,0.9004264514730683,0,0.12769609820013053,0.17601692430422997,0.2019052593144702,0.22483218149581227,0.9999854128923323
BBIP1,5,-1.0386536429485174,0.08481576062502501,0.3719854347401629,4,0.98470560829366,0,0.08481576062502501,0.12580210312583567,0.14690520668514315,0.1653363552021329,0.9999854128923323
BBOF1,2,-0.7860792257182146,0.1616954794126622,0.14913715821389273,1,0.6993612881239398,0,0.1616954794126622,0.18436121197594108,0.1980357091378623,0.21082511165948456,0.9999854128923323
BBS1,2,0.6590530059980452,0.09767618471967938,0.45545076103803916,1,0.49975777635783075,0,0.09767618471967938,0.11136798543482238,0.11962840629252482,0.1273541636711104,0.9999854128923323
BBS10,5,-0.9661773591217782,0.09414548387481766,5.0620772219024985,4,0.28098708846815895,20.981055312770085,0.09414548387481766,0.13964031901586238,0.16306476137434064,0.18352333396407525,0.9999854128923323
BBS12,2,-0.645217369760565,0.15389185861746627,0.0034414380017015814,1,0.9532199163496071,0,0.15389185861746627,0.17546371531846605,0.1884782645906613,0.2006504349680184,0.9999854128923323
BBS7,2,-0.6728210374838377,0.1457542944170244,0.08485286036432432,1,0.7708256017528808,0,0.1457542944170244,0.1661854645969557,0.17851182457055034,0.1900403493464161,0.9999854128923323
BCAM,2,0.6423272820539299,0.18394975067804328,0.15082126057481016,1,0.6977517645417003,0,0.18394975067804328,0.20973498517621847,0.22529151373669498,0.23984113141134547,0.9999854128923323
BCAN,5,0.8635445657126952,0.11409035355517255,0.357960057597908,4,0.9857718442011926,0,0.11409035355517255,0.169223341485616,0.19761028901105535,0.2224030425657622,0.9999854128923323
BCAP29,3,-0.8531616445947465,0.10746282464934753,0.67908464643277,2,0.712096158072545,0,0.10746282464934753,0.13593091587488942,0.15197538407002903,0.16648069208133237,0.9999854128923323
BCAR1,4,0.7580830839084957,0.07646302332915038,0.555876512970057,3,0.906454845577845,0,0.07646302332915038,0.10539700413012207,0.12089865525135293,0.1346270448445111,0.9999854128923323
BCAR3,2,0.805479562289461,0.1485044007342014,2.0829025212723974e-4,1,0.9884851188978618,0,0.1485044007342014,0.16932106823621082,0.18188000317829447,0.19362604928991675,0.9999854128923323
BCAT1,5,-0.9990951655086038,0.09563812113194795,0.8220744625819929,4,0.9354644151517825,0,0.09563812113194795,0.14185425784948483,0.16565008494096053,0.18643301963940498,0.9999854128923323
BCAT2,4,0.7017043000212959,0.09388278695629017,0.131975957772685,3,0.9877416766150918,0,0.09388278695629017,0.12940849123876036,0.14844171993311187,0.165297703640155,0.9999854128923323
BCHE,2,-0.6840211492031928,0.1839626505381778,0.004879009995427434,1,0.944313121330582,0,0.1839626505381778,0.20974969327973106,0.2253073127742364,0.23985795077118863,0.9999854128923323
BCKDHA,4,0.7801933628215024,0.09205345620316786,0.8489130129322447,3,0.8377353985070614,0,0.09205345620316786,0.1268869328102868,0.14554929404628303,0.16207683448519247,0.9999854128923323
BCKDK,5,0.7751185283784238,0.06469771285163949,0.5987045580881921,4,0.9632075310933561,0,0.06469771285163949,0.09596221603377568,0.11205972579254149,0.12611906034888679,0.9999854128923323
BCL6,2,0.7097904184128554,0.1133849002357995,0.7494786585255393,1,0.3866413407719636,0,0.1133849002357995,0.12927867682617605,0.1388675750570424,0.1478358228661773,0.9999854128923323
BCL9L,5,0.8442117452331217,0.08645200661131273,1.2712534411159093,4,0.8662335883117793,0,0.08645200661131273,0.12822904812744035,0.14973926786707414,0.16852598582730602,0.9999854128923323
BCLAF1,5,-0.8875849305724509,0.08048820798492022,0.883294723863304,4,0.9269451348511046,0,0.08048820798492022,0.11938330525736128,0.1394096656400528,0.15690040208224562,0.9999854128923323
BCO2,5,-0.8488437121751953,0.08322887199852562,0.4266683602369068,4,0.9802358340894377,0,0.08322887199852562,0.12344836691962886,0.144156634958093,0.16224293978401172,0.9999854128923323
BEAN1,2,0.8029021697243685,0.21136728334281193,0.2822928279780552,1,0.5952023390524269,0,0.21136728334281193,0.24099578213744055,0.2588709962540817,0.27558922038992184,0.9999854128923323
BEGAIN,4,0.8660590624090806,0.11902600418805724,0.5505769994293185,3,0.9076473644177014,0,0.11902600418805724,0.16406602444946758,0.1881966370115007,0.20956690575141818,0.9999854128923323
BEST3,2,-0.6676074856496804,0.1688349922594338,0.31255266990280495,1,0.5761179732101849,0,0.1688349922594338,0.1925015090710096,0.20677979088118015,0.22013389752401427,0.9999854128923323
BET1,4,-0.8215592597282176,0.0842088925642629,2.1663693733257032,3,0.5386028966343711,0,0.0842088925642629,0.11607394804653275,0.13314594987174386,0.14826505495020956,0.9999854128923323
BET1L,2,0.7383501476904676,0.10712170245676192,0.4861313437205037,1,0.4856581175071322,0,0.10712170245676192,0.1221375326359819,0.13119675569865494,0.13966961206110495,0.9999854128923323
BEX4,3,-0.6792084339544316,0.14624445983971604,0.027304573879697952,2,0.9864404828762471,0,0.14624445983971604,0.18498623530981032,0.20682089852725385,0.22656094297372786,0.9999854128923323
BGN,2,0.7115862334388493,0.1690972120486308,0.001958399486433708,1,0.9647020917752898,0,0.1690972120486308,0.1928004856306267,0.20710094322317657,0.22047579030009923,0.9999854128923323
BIN1,4,0.603869560797298,0.08324590761447107,0.026875958743385706,3,0.9988375726460533,0,0.08324590761447107,0.11474656489698677,0.13162333697484133,0.1465695449850577,0.9999854128923323
BIRC2,5,-0.8533021459579735,0.0835135163572592,5.875233447182225,4,0.208661683924337,31.91759891824539,0.0835135163572592,0.12387056273214893,0.14464965344950745,0.16279781378920896,0.9999854128923323
BIRC3,3,-0.8826678447092186,0.1405077670149163,0.99288208782444,2,0.6086931214671476,0,0.1405077670149163,0.17772982908456533,0.19870798973125364,0.21767369666462505,0.9999854128923323
BIVM,4,-0.6383783974608508,0.06118956019780009,0.08481823647229002,3,0.9935948596494726,0,0.06118956019780009,0.08434398808854358,0.09674918962451574,0.10773533802481255,0.9999854128923323
BLOC1S1,5,1.0494233361376275,0.07137949963673192,2.269084544916559,4,0.686403219054815,0,0.07137949963673192,0.10587290744311534,0.12363291998966389,0.1391442606789184,0.9999854128923323
BLOC1S2,2,-0.6162491388582361,0.11722140860669576,0.0098710054297242375,1,0.9208580512832579,0,0.11722140860669576,0.1336529693888591,0.1435663190083485,0.1528380177860027,0.9999854128923323
BLOC1S3,5,1.5854854961992317,0.14683487098816767,1.7192271657099383,4,0.7872220933753784,0,0.14683487098816767,0.21779130961506718,0.2543254568743277,0.28623385803364526,0.9999854128923323
BLOC1S6,2,-1.3604232430322987,0.23322446308155184,9.474208554022931e-5,1,0.9922338696770735,0,0.23322446308155184,0.2659168013375266,0.2856404650421876,0.30408749613466984,0.9999854128923323
BLVRB,5,0.92915193092589,0.09075881701065065,1.1352761591967073,4,0.8886356225422697,0,0.09075881701065065,0.1346170802809959,0.15719888229729342,0.17692150487619226,0.9999854128923323
BLZF1,5,-0.787081684485413,0.0645263891849055,0.5582807735470284,4,0.9675848987508124,0,0.0645263891849055,0.09570810197016842,0.11176298449721923,0.12578508903967583,0.9999854128923323
BMP8A,5,0.8687019703779832,0.11413299894075918,1.529388326039626,4,0.8214232550406997,0,0.11413299894075918,0.16928659481442984,0.19768415298559974,0.2224861737263758,0.9999854128923323
BNIP2,2,-0.6196999486146971,0.11884319844587843,0.014326641375369266,1,0.9047255940684369,0,0.11884319844587843,0.13550209430817067,0.14555259779636245,0.15495257303006926,0.9999854128923323
BOC,2,0.5985814143441718,0.10521290312361281,0.010226991881542264,1,0.9194483821914549,0,0.10521290312361281,0.11996116654487966,0.12885896350486487,0.13718084222036198,0.9999854128923323
BOLA1,5,0.852354857646828,0.11298570262252988,2.4222757716446344,4,0.6586054576460914,0,0.11298570262252988,0.16758487937052932,0.19569697747108988,0.2202496814731083,0.9999854128923323
BOP1,5,0.858921367118867,0.06089283585958511,2.3381344966095585,4,0.6738349949535657,0,0.06089283585958511,0.09031867143536393,0.10546948552575347,0.11870198963911692,0.9999854128923323
BORCS6,4,0.7118230287305606,0.08304887244779177,0.8697301159526865,3,0.8327257916085335,0,0.08304887244779177,0.11447497066264842,0.1313117970219126,0.14622262877555484,0.9999854128923323
BORCS7,2,-0.6625277029510322,0.11343942794824616,0.03201726151517183,1,0.8579897774341225,0,0.11343942794824616,0.1293408479838946,0.13893435759321016,0.14790691830500377,0.9999854128923323
BORCS8,5,0.7378665807812794,0.07087450777415816,1.2527234128453764,4,0.8693440924799708,0,0.07087450777415816,0.10512388346567231,0.1227582484262773,0.13815985031285674,0.9999854128923323
BORCS8-MEF2B,2,1.2324229566213325,0.28949510218484126,1.2246342804233894,1,0.26845308630135867,18.342968510217368,0.28949510218484126,0.33007520119771977,0.35455764169386833,0.3774554332915607,0.9999854128923323
BRAF,3,-0.627281167766237,0.08273207526056596,0.05286368185277192,2,0.9739144226781783,0,0.08273207526056596,0.10464871735034272,0.117000822876764,0.12816797987254025,0.9999854128923323
BRAT1,5,0.7669210643659996,0.06670793029481148,2.218290626653849,4,0.6956820743925223,0,0.06670793029481148,0.09894385034593277,0.11554152453837659,0.1300376955502758,0.9999854128923323
BRCC3,5,-0.8368556444775319,0.07267512341844182,4.000392203987005,4,0.40595277327439655,0.009804138369580353,0.07267512341844182,0.10779462806906775,0.12587700620707998,0.14166989638863242,0.9999854128923323
BRI3,4,0.750141363529867,0.08499237989214668,2.0315889104062705,3,0.5658762627942817,0,0.08499237989214668,0.11715391079895225,0.13438475210873982,0.14964452673975762,0.9999854128923323
BRINP1,2,0.5839107639370831,0.1061835561925358,3.0844353266559765e-4,1,0.9859878244294222,0,0.1061835561925358,0.12106788132036272,0.13004776587292882,0.13844641898467,0.9999854128923323
BRIX1,3,-0.6839514122244109,0.09450107418302921,0.05417664691171822,2,0.9732752746921859,0,0.09450107418302921,0.11953545430036322,0.13364470076846588,0.14640043460383353,0.9999854128923323
BRMS1,2,0.7344661768701127,0.12020211371292598,0.06482798542653607,1,0.7990217055329815,0,0.12020211371292598,0.1370514961004503,0.14721692230033467,0.15672438176554987,0.9999854128923323
BRMS1L,4,-0.7553269183548404,0.08963049582093105,0.9067698424989932,3,0.8237937904240399,0,0.08963049582093105,0.12354711240697325,0.14171825730217277,0.1578107725138826,0.9999854128923323
BROX,3,-0.7413241612546447,0.0859736702911772,0.12929150222431035,2,0.9373994772884476,0,0.0859736702911772,0.10874904676978861,0.12158513053277564,0.13318983730002265,0.9999854128923323
BRSK2,3,0.6753610381841453,0.09412422271871651,0.33898850626626353,2,0.8440916053485042,0,0.09412422271871651,0.11905877071364411,0.1331117523166347,0.14581661882572275,0.9999854128923323
BRWD1,2,-0.6453176055922777,0.09353468354002352,0.002355271585438538,1,0.9612929472483779,0,0.09353468354002352,0.10664594756675967,0.11455612396287908,0.12195430678079798,0.9999854128923323
BRWD3,2,-0.6072327333477444,0.091423213469311565,0.020053526352264702,1,0.8873876932430835,0,0.091423213469311565,0.10423850128130156,0.11197011182267777,0.11920128662809823,0.9999854128923323
BSN,3,0.6505135650128814,0.11606260602399243,0.20921288526870846,2,0.9006789216672109,0,0.11606260602399243,0.1468088744842381,0.1641373115234954,0.17980341609934214,0.9999854128923323
BTAF1,5,-0.6451416129816437,0.06532457606763961,0.48932904987849923,4,0.9745314484230062,0,0.06532457606763961,0.0968920044405989,0.11314548473204973,0.12734104171862254,0.9999854128923323
BTBD10,3,-0.6559258413364032,0.08470133504650945,0.3020895947282248,2,0.8598091806115273,0,0.08470133504650945,0.10713965584160555,0.11978577677388122,0.1312187440146663,0.9999854128923323
BTBD2,4,0.897362351404315,0.10692846200916847,1.5426306080844108,3,0.6724667288345878,0,0.10692846200916847,0.14739071333204054,0.16906874332387836,0.18826698478942921,0.9999854128923323
BTBD8,3,-0.7359253886419826,0.10930062309042554,0.00887277512182135,2,0.9955734386700246,0,0.10930062309042554,0.13825556745653472,0.15457442355030968,0.1693277971837248,0.9999854128923323
BTF3L4,5,-1.0811838201295538,0.12105460934247525,1.9700653010506062,4,0.7412648553741639,0,0.12105460934247525,0.1795530021323243,0.2096727338715692,0.23597887635045922,0.9999854128923323
BTG3,3,-0.850714508677043,0.13568898002736063,0.4297558094159587,2,0.8066399211018984,0,0.13568898002736063,0.17163449210862236,0.19189319581926542,0.21020846396393542,0.9999854128923323
BVES,3,-0.7772056560256567,0.12939946575513275,0.24343611472849921,2,0.8853979647509316,0,0.12939946575513275,0.16367881591807182,0.18299847943474162,0.20046479035110645,0.9999854128923323
C10ORF105,4,1.4995634851779565,0.22159556271656058,3.4323743907053954,3,0.32963942918243183,12.596947229190144,0.22159556271656058,0.3054484039731937,0.3503733487855103,0.3901592490106755,0.9999854128923323
C10ORF107,2,-0.9876457536794739,0.23767114114671042,0.12453168416528468,1,0.7241705552684037,0,0.23767114114671042,0.2709867943907478,0.29108651119722007,0.30988525500217856,0.9999854128923323
C10ORF128,2,-0.6446868423251061,0.1417265668474005,1.568352082374394e-4,1,0.9900080444830414,0,0.1417265668474005,0.16159314860307628,0.17357888588629097,0.18478883509453747,0.9999854128923323
C10ORF35,2,0.7309788499964991,0.17469987979215126,0.038057746406724574,1,0.8453272295127028,0,0.17469987979215126,0.1991885097067844,0.21396278180816436,0.22778077530592122,0.9999854128923323
C10ORF54,5,0.8644491898223798,0.10550804358364914,0.5200522123615777,4,0.9715197643229186,0,0.10550804358364914,0.1564937186402964,0.18274529209407178,0.20567304050659382,0.9999854128923323
C11ORF54,3,-0.7251674402856485,0.09200865392216571,0.07908527467486548,2,0.9612289688729603,0,0.09200865392216571,0.11638276433609135,0.13011988623241924,0.1425391937390038,0.9999854128923323
C11ORF68,3,0.7450227050823157,0.07789336685021238,1.0560641248043077,2,0.5897644480447998,0,0.07789336685021238,0.09852818154629073,0.1101578558184732,0.12067188503635898,0.9999854128923323
C11ORF84,2,0.6539881746619448,0.1304306972283834,0.13332204852040824,1,0.7150121890217606,0,0.1304306972283834,0.148713875658349,0.1597443275024917,0.1700608230167071,0.9999854128923323
C12ORF10,2,0.6004752299100391,0.08963648053067329,0.01571534005229394,1,0.9002378891302502,0,0.08963648053067329,0.10220131229345103,0.10978181981953412,0.11687167189389314,0.9999854128923323
C12ORF29,5,-0.7331307180453335,0.08493656065584648,0.06048518268152815,4,0.9995518092100564,0,0.08493656065584648,0.12598127852699953,0.14711443847608183,0.1655718378135856,0.9999854128923323
C12ORF4,4,-0.6826955432630919,0.10113778348004325,0.4715512162025707,3,0.925095526900384,0,0.10113778348004325,0.13940881381672612,0.15991287664894369,0.17807144315272433,0.9999854128923323
C12ORF57,5,1.1855598705966148,0.08219551392018969,0.628818497778252,4,0.9598080863216146,0,0.08219551392018969,0.12191564919619226,0.14236680626400344,0.16022855404919426,0.9999854128923323
C14ORF28,4,-0.7861653480567399,0.10283821993585536,1.4296883806405645,3,0.6985906030076166,0,0.10283821993585536,0.14175270371740067,0.16260150275731894,0.18106537047896157,0.9999854128923323
C14ORF80,2,0.6912887808922998,0.14913839943549081,0.15535953138973757,1,0.6934653261911928,0,0.14913839943549081,0.17004393797496578,0.1826564898361676,0.194452682461585,0.9999854128923323
C15ORF39,2,0.8777451617674178,0.15373345789951795,0.10211579494185462,1,0.7493052208725962,0,0.15373345789951795,0.17528311071254332,0.18828426412372937,0.2004439056997315,0.9999854128923323
C15ORF41,2,-0.8265548724347725,0.11965233536181148,3.474280327662229,1,0.06232982911608938,71.21706063733552,0.11965233536181148,0.13642465233525802,0.14654358408440507,0.15600755849576706,0.9999854128923323
C15ORF59,3,0.621502632952037,0.12561793790436165,0.029966698883708166,2,0.9851283424032508,0,0.12561793790436165,0.1588955195005526,0.17765059146168954,0.19460647259540406,0.9999854128923323
C16ORF13,5,0.9322727126473758,0.06215248116928196,0.9126085179344267,4,0.9227449942048226,0,0.06215248116928196,0.09218702736337411,0.10765125520166426,0.1211574903953206,0.9999854128923323
C16ORF52,5,-0.6436698843367632,0.0798469068478231,0.2533243564349323,4,0.9926245915721466,0,0.0798469068478231,0.11843210195281881,0.1382988994876489,0.15565027602297005,0.9999854128923323
C16ORF86,4,0.8687491400210635,0.11561834225205045,3.0317652060081794,3,0.3867534889356828,1.0477462418669155,0.11561834225205045,0.1593688866238116,0.1828086504046805,0.20356709778804638,0.9999854128923323
C16ORF89,5,0.727161037309965,0.10964749169156998,0.7028328678369025,4,0.9509791117447001,0,0.10964749169156998,0.16263351239937113,0.18991502653228554,0.2137423103883764,0.9999854128923323
C16ORF95,2,0.5839054773767774,0.14298761799902526,2.602197605309875e-4,1,0.9871296202013526,0,0.14298761799902526,0.1630309681359518,0.17512335181680586,0.1864330446346886,0.9999854128923323
C16ORF96,5,1.0797387887325351,0.16236386908972703,0.24618865396773634,4,0.99301783018532,0,0.16236386908972703,0.24082453606044638,0.28122247057686917,0.31650544820901083,0.9999854128923323
C17ORF75,2,-0.6108524788079259,0.1279562629018843,0.017406003042168695,1,0.895038226142588,0,0.1279562629018843,0.145892586448253,0.15671377675151663,0.16683455537414132,0.9999854128923323
C17ORF97,2,0.7201349818912074,0.1782124273630718,0.026144271236442286,1,0.8715484817369664,0,0.1782124273630718,0.20319343012663965,0.21826475643116827,0.232360577020468,0.9999854128923323
C18ORF54,4,-1.020917903913244,0.1174250272877074,4.226799964525374,3,0.23799236033341756,29.024320403653903,0.1174250272877074,0.16185923008492833,0.18566527026828974,0.20674809504299757,0.9999854128923323
C19ORF24,4,0.9419175053868033,0.11439129429787019,0.5873713307187579,3,0.8993172349031537,0,0.11439129429787019,0.15767751774165428,0.18086851723795072,0.20140665692707388,0.9999854128923323
C19ORF44,2,0.6539083022808028,0.15850640619038894,0.06599842274571296,1,0.7972547494333986,0,0.15850640619038894,0.18072510905906336,0.19412990806439087,0.20666706889528233,0.9999854128923323
C19ORF52,5,1.0394066415353607,0.07271977232151526,2.398085557527402,4,0.6629732651642715,0,0.07271977232151526,0.10786085309455251,0.12595434037570538,0.14175693312382806,0.9999854128923323
C19ORF53,5,1.3489037610452193,0.08350859544769981,1.5921935538153744,4,0.8101945104490416,0,0.08350859544769981,0.12386326384374302,0.14464113018413113,0.16278822117051603,0.9999854128923323
C19ORF57,2,0.7597231452796229,0.17688184054258768,0.41618222855541764,1,0.5188482115529179,0,0.17688184054258768,0.20167632773296287,0.2166351270468391,0.2306257040603818,0.9999854128923323
C19ORF60,5,1.0675815380689762,0.07420921100344734,3.002832500699288,4,0.5573515000595183,0,0.07420921100344734,0.11007004767446579,0.12853412384757018,0.1446603836282271,0.9999854128923323
C19ORF68,5,0.8997104418682204,0.1143528723274421,1.6311920991020115,4,0.8031753391304783,0,0.1143528723274421,0.16961271974996392,0.1980649848625668,0.22291478586275482,0.9999854128923323
C19ORF70,5,0.8055264601262958,0.06195200696089858,2.970034048769951,4,0.5628525903433217,0,0.06195200696089858,0.09188967605919121,0.10730402368713708,0.12076669421921037,0.9999854128923323
C19ORF71,2,1.037566403581534,0.22038233996768844,0.265123594382761,1,0.6066218257174741,0,0.22038233996768844,0.2512745281570019,0.269912140620704,0.2873434161563085,0.9999854128923323
C1D,3,-0.6777694363714921,0.11306370552550163,0.6941598061385369,2,0.7067488545988858,0,0.11306370552550163,0.14301553206366,0.15989622576632226,0.17515753942430692,0.9999854128923323
C1GALT1,5,-0.9764819439923105,0.08421579825889208,6.555128497645742,4,0.16134981582124028,38.979075674312256,0.08421579825889208,0.12491221512742981,0.14586604138437168,0.16416681324266838,0.9999854128923323
C1GALT1C1,3,-1.2742234047949221,0.14539523875640278,0.35028484963625317,2,0.839337469769416,0,0.14539523875640278,0.1839120461656881,0.2056199185537791,0.22524533532855967,0.9999854128923323
C1ORF101,5,-1.1656145935484883,0.09180800016505533,1.0791888652589126,4,0.897559912185486,0,0.09180800016505533,0.13617327038547236,0.1590161208271677,0.17896673936339633,0.9999854128923323
C1ORF122,5,0.9499959080084142,0.08923820417126294,0.24770216247653515,4,0.9929352449978185,0,0.08923820417126294,0.13236164695321082,0.1545651036008323,0.17395728475147465,0.9999854128923323
C1ORF233,5,1.4342427238739022,0.12555493464422837,2.661246157586731,4,0.6160128648475978,0,0.12555493464422837,0.18622806327118427,0.21746752594479335,0.24475162539064482,0.9999854128923323
C1ORF27,4,-0.7368948495065458,0.0777370868973229,1.6872784251303683,3,0.6397657870144161,0,0.0777370868973229,0.10715317956381727,0.12291312663098612,0.13687026523600362,0.9999854128923323
C1ORF35,4,1.0645202871273647,0.09604483045431862,0.4636571304562058,3,0.9268000776076373,0,0.09604483045431862,0.13238866253685674,0.1518602108601757,0.16910437403182776,0.9999854128923323
C1ORF95,2,-1.3154489830327352,0.26082388060197925,1.0658035202989868,1,0.30189525869222095,6.174076088670374,0.26082388060197925,0.2973849789413685,0.3194427101037262,0.34007273395094234,0.9999854128923323
C1QL1,5,1.0269900356401973,0.12768149908027268,4.0014621349630115,4,0.40580800742611206,0.036540017466016164,0.12768149908027268,0.1893822680618449,0.22115084359359113,0.24889706263446654,0.9999854128923323
C1QL2,3,1.123876498885528,0.17570759622462684,0.21892941352515133,2,0.8963137976195518,0,0.17570759622462684,0.22225448250520932,0.24848806559284292,0.2722050375920468,0.9999854128923323
C1QTNF4,4,1.2463168733968504,0.10568264686100834,0.47417088391172835,3,0.9245281883007552,0,0.10568264686100834,0.14567347565820735,0.16709893661801528,0.1860735008737156,0.9999854128923323
C1QTNF5,3,1.0968194047954392,0.22168609691977947,4.052032152425319,2,0.13185979549641752,50.64205009323748,0.22168609691977947,0.2804131967437363,0.31351148485350855,0.3434346245824117,0.9999854128923323
C20ORF27,5,1.0466842554753977,0.08637370635591385,4.431712682124838,4,0.3507215550438277,9.741441133269673,0.08637370635591385,0.12811291008031467,0.14960364784647764,0.1683733505300022,0.9999854128923323
C21ORF2,4,0.7153212631862257,0.0790280280683666,2.1573283323204624,3,0.5404021884435583,0,0.0790280280683666,0.10893261916759196,0.12495428384387769,0.13914320171377784,0.9999854128923323
C21ORF33,5,0.7144318498580589,0.05441900299379549,1.4471795056081154,4,0.8359549363057942,0,0.05441900299379549,0.0807164255343681,0.09425647808249663,0.1060821661260136,0.9999854128923323
C21ORF59,2,-0.6007989804423021,0.13595218381199795,0.017607315698965592,1,0.8944365264378549,0,0.13595218381199795,0.15500933897100092,0.16650673987823109,0.17725996073994593,0.9999854128923323
C21ORF91,2,-0.8575784648992489,0.18768046207258862,0.053940340693443486,1,0.8163433797273274,0,0.18768046207258862,0.2139886506264164,0.22986068338380652,0.24470538395063285,0.9999854128923323
C2CD2L,4,0.6827912239679755,0.06489507657093767,0.48835031462771994,3,0.9214432406027058,0,0.06489507657093767,0.08945168992244328,0.1026081254475963,0.11425957284078377,0.9999854128923323
C2CD4C,2,0.7242020456452011,0.17462976639496058,0.21248583129943935,1,0.6448259728402358,0,0.17462976639496058,0.19910856813433736,0.21387691078453921,0.22768935862040074,0.9999854128923323
C2CD5,4,-0.6392066422005923,0.08699046009476835,0.49083911542955866,3,0.9208993591867816,0,0.08699046009476835,0.11990807429130458,0.13754399430272743,0.15316250996000425,0.9999854128923323
C2ORF69,4,-0.7690314282676984,0.08446854874298308,1.3429955982962651,3,0.7189495403405071,0,0.08446854874298308,0.1164318593891588,0.13355650233838962,0.14872222682878203,0.9999854128923323
C2ORF81,4,0.8397785950613539,0.12616582316590472,0.22145118861406995,3,0.97405423602506,0,0.12616582316590472,0.17390758573664244,0.19948568203714734,0.22213785426825397,0.9999854128923323
C2ORF82,4,1.0893655396913935,0.17891917661279869,1.7311280054382119,3,0.6300356459383532,0,0.17891917661279869,0.24662306531146577,0.28289605758918707,0.31501971756603697,0.9999854128923323
C2ORF88,3,-0.9701805134865233,0.19453788685437934,0.17118648659883928,2,0.9179675447408545,0,0.19453788685437934,0.24607312546238705,0.2751181179848659,0.3013767983973576,0.9999854128923323
C3ORF14,4,-1.0750254402099564,0.12611543978985196,0.02147331469879792,3,0.9991684824220228,0,0.12611543978985196,0.17383813704546183,0.1994060189248796,0.22204914518075067,0.9999854128923323
C3ORF17,4,-0.7483411929552718,0.08110437119699755,0.9389019049965135,3,0.8160311637181643,0,0.08110437119699755,0.11179466065870362,0.12823727058913456,0.14279898103455477,0.9999854128923323
C3ORF18,5,0.6910238151721639,0.0980672507157407,0.8495965918818977,4,0.9316779800698305,0,0.0980672507157407,0.14545723927834145,0.16985746079825823,0.19116826493742883,0.9999854128923323
C3ORF33,4,-0.8600073151955511,0.11796239628473712,1.1233473461870187,3,0.771441139894679,0,0.11796239628473712,0.16259994213022028,0.18651492525557684,0.20769423079478114,0.9999854128923323
C4ORF27,4,-0.6520695374500618,0.09472151138866028,0.4493091634686518,3,0.9298781663324512,0,0.09472151138866028,0.13056459308529625,0.14976785970087256,0.16677443038796894,0.9999854128923323
C4ORF3,5,-0.8682702549741222,0.10224473833164793,0.5122567160790459,4,0.97229687001840015,0,0.10224473833164793,0.15165345474573189,0.17709308159699932,0.19931168747147565,0.9999854128923323
C4ORF32,3,-0.845711671658846,0.13006711026049791,0.233248070242449,2,0.8899197088318506,0,0.13006711026049791,0.16452332683977197,0.1839426713490729,0.2014991007712929,0.9999854128923323
C4ORF33,5,-0.9225931894032677,0.09380296788485694,0.8010720756171538,4,0.9383042799397809,0,0.09380296788485694,0.13913228570255182,0.1624715062773239,0.18285564738128407,0.9999854128923323
C4ORF46,3,-0.6995493692459397,0.14378030234206615,0.06637250924446353,2,0.9673583678414149,0,0.14378030234206615,0.18186929522742845,0.20333605357425405,0.2227434865933958,0.9999854128923323
C4ORF48,5,2.517878786456066,0.16245208791071858,0.6819199459639562,4,0.9535397009240032,0,0.16245208791071858,0.24095538571780056,0.28137527005701035,0.3166774183501201,0.9999854128923323
C5,3,-0.680304282607176,0.11390112668339708,0.19406858050611375,2,0.9075248863417149,0,0.11390112668339708,0.14407479535156603,0.1610805181252362,0.17645486670362326,0.9999854128923323
C5ORF22,5,-0.8074621714813912,0.09479005742978691,0.7280378562281794,4,0.9478268018655095,0,0.09479005742978691,0.14059637610049935,0.16418119552076266,0.18477983914015278,0.9999854128923323
C5ORF28,5,-0.8054497460193086,0.0799145214916708,0.4355718994104848,4,0.9794622964186412,0,0.0799145214916708,0.11853239067670057,0.1384160114861288,0.15578208122862627,0.9999854128923323
C5ORF42,5,-0.6331294199388672,0.06939436433022064,0.9850451385767277,4,0.9120550933869839,0,0.06939436433022064,0.10292847595174952,0.12019456477888756,0.13527451956308148,0.9999854128923323
C5ORF49,4,0.8331373837324889,0.1197186240661813,3.6613397718232434,3,0.3004318179549708,18.062780649661338,0.1197186240661813,0.16502073506614048,0.18929176519529084,0.2107863888863057,0.9999854128923323
C5ORF51,3,-0.6813778882068113,0.08788092041614358,0.4745900741401984,2,0.7887585406758945,0,0.08788092041614358,0.11116154855480244,0.12428238952634088,0.13614453648844138,0.9999854128923323
C5ORF63,2,-0.8207318785809862,0.19742054388095012,3.42022577958103e-4,1,0.9852448817728817,0,0.19742054388095012,0.22509405254276535,0.2417897986255318,0.25740489690102103,0.9999854128923323
C6ORF163,2,-0.7425380581514902,0.18802204830395403,0.12944043811678602,1,0.7190129186650728,0,0.18802204830395403,0.21437811885297145,0.2302790393688093,0.24515075790685315,0.9999854128923323
C6ORF203,5,-0.6256403817687521,0.06631542915978314,0.7166827702064276,4,0.9492557718918363,0,0.06631542915978314,0.09836167708117667,0.11486169263047906,0.12927256998163075,0.9999854128923323
C7ORF25,4,-0.6888643120846653,0.12284096373678459,0.319664937159848,3,0.9562885883665996,0,0.12284096373678459,0.16932458329015856,0.19422861768919397,0.21628383516232616,0.9999854128923323
C7ORF26,2,0.6930386512569697,0.09023351967645646,0.15212875469694975,1,0.696509288392991,0,0.09023351967645646,0.10288204165529519,0.11051304045135207,0.11765011570093109,0.9999854128923323
C7ORF43,3,0.6579515184741266,0.07645984607699571,0.9062710208134525,2,0.635631993040168,0,0.07645984607699571,0.09671490525967857,0.10813055129904663,0.11845108420391476,0.9999854128923323
C7ORF50,4,0.7278837019435329,0.10493069472948931,0.31022014153844835,3,0.9580950267864435,0,0.10493069472948931,0.1446369811741977,0.16590999590450597,0.18474955252687664,0.9999854128923323
C7ORF55-LUC7L2,2,1.7634792903172074,0.44103765958886826,0.6920535531577959,1,0.4054667682783584,0,0.44103765958886826,0.5028603010064668,0.5401586116720158,0.5750427542353393,0.9999854128923323
C7ORF60,5,-0.8412646037092826,0.11248606879010829,0.6306407395518928,4,0.959598696292292,0,0.11248606879010829,0.16684380263610796,0.19483158628815533,0.2192757158306439,0.9999854128923323
C8ORF59,3,-0.7923690611627805,0.08557376827135509,0.20534547965254435,2,0.902422252025401,0,0.08557376827135509,0.10824320628037275,0.12101958367272282,0.13257031175486836,0.9999854128923323
C8ORF76,4,-0.7609599889164287,0.07902610784162016,2.339133818874808,3,0.5050653883289445,0,0.07902610784162016,0.10892997231768316,0.12495124769880632,0.1391398208057121,0.9999854128923323
C9ORF142,5,0.7107366317432212,0.09057961575620446,1.5551118225800489,4,0.8168362978120273,0,0.09057961575620446,0.134351281866574,0.15688849661981252,0.1765721773215085,0.9999854128923323
C9ORF16,5,0.9500226499013215,0.09479521198844651,1.4765715751232185,4,0.8307832574504034,0,0.09479521198844651,0.14060402154652593,0.16419012347825168,0.18478988722479145,0.9999854128923323
C9ORF172,4,1.1646465288728411,0.12320818911383108,0.3086093223284331,3,0.9584012503581818,0,0.12320818911383108,0.16983076854017992,0.19480925199223448,0.21693040215838727,0.9999854128923323
C9ORF24,2,0.7493575458103239,0.20446100639975334,0.010916696153047602,1,0.9167860627840657,0,0.20446100639975334,0.23312141488803637,0.25041256898766073,0.2665845369382852,0.9999854128923323
C9ORF64,2,-0.5836211965252096,0.1317403986861006,8.346823218967944e-4,1,0.9769516279235763,0,0.1317403986861006,0.15020716507465467,0.16134837764588494,0.17176846479535657,0.9999854128923323
C9ORF72,4,-0.7579142152203492,0.10859856238161726,1.4670516637877749,3,0.6898953967117591,0,0.10859856238161726,0.14969278782751233,0.1717094038728952,0.19120749992925865,0.9999854128923323
C9ORF85,5,-0.6965995229258951,0.0845830230974443,0.9615009106047531,4,0.9155764320791867,0,0.0845830230974443,0.1254568975858488,0.1465020934625454,0.1648826662386032,0.9999854128923323
C9ORF9,2,0.7472394968425048,0.1517398642805099,0.06936985541418028,1,0.7922564884336769,0,0.1517398642805099,0.17301006426051588,0.18584262056321024,0.19784457763652472,0.9999854128923323
CA13,5,-0.8300788013419185,0.07515951167284812,2.2485253047364306,4,0.6901558085931826,0,0.07515951167284812,0.11147957135180502,0.13018009288943905,0.14651286066630387,0.9999854128923323
CABLES1,2,0.916382349183964,0.2348839335699667,0.08743146197837479,1,0.7674682735997587,0,0.2348839335699667,0.26780888880709447,0.28767289301209936,0.3062511809345572,0.9999854128923323
CABLES2,2,0.6118190596367792,0.1012267932830717,9.394761141431456e-6,1,0.9975544178669145,0,0.1012267932830717,0.11541630206294885,0.1239769959208586,0.13198359084839048,0.9999854128923323
CABP1,2,0.7540444409630178,0.1930765373501095,0.12049382567622216,1,0.7284995117784614,0,0.1930765373501095,0.2201411230498307,0.23646949890559316,0.2517410053362066,0.9999854128923323
CACFD1,2,0.7588690097261901,0.1583546116527337,0.12883766726034393,1,0.7196402422964492,0,0.1583546116527337,0.18055203665756459,0.19394399848289234,0.2064691530322866,0.9999854128923323
CACNA1A,2,0.6854548799638476,0.15444843443871503,0.09082616041947272,1,0.7631294794383255,0,0.15444843443871503,0.17609830939205826,0.1891599279732763,0.20137612105453093,0.9999854128923323
CACNA1H,4,0.8897487730247359,0.13153130477407016,1.3037039724670214,3,0.7282537197598994,0,0.13153130477407016,0.18130339174318202,0.20796925334992028,0.23158475947321083,0.9999854128923323
CACNA1I,4,0.6651831384431871,0.09922919601570787,0.5753708044521362,3,0.9020467809456781,0,0.09922919601570787,0.1367780075511234,0.1568951348984711,0.17471102815782322,0.9999854128923323
CACNA2D2,2,0.6717800836900516,0.14769566337415974,0.12003452378993953,1,0.7289970487268858,0,0.14769566337415974,0.16839896577293176,0.18088950624428068,0.19257158478136457,0.9999854128923323
CACNB1,4,0.6410819833380075,0.10042209713100692,0.33246590112690755,3,0.9538112226292556,0,0.10042209713100692,0.13842230826409388,0.15878127717232116,0.1768113473049371,0.9999854128923323
CACNB3,2,0.6152680626085694,0.14168607648045425,0.034026883165965575,1,0.8536496452281227,0,0.14168607648045425,0.1615469824817309,0.17352929551703278,0.18473604211502076,0.9999854128923323
CACNB4,2,-0.6994308367650516,0.19487139125112135,0.03059388065012149,1,0.8611495157165673,0,0.19487139125112135,0.22218757135940773,0.23866773701575464,0.25408120850989935,0.9999854128923323
CACNG7,5,0.9140172660735542,0.07328433447898647,1.3488304215702926,4,0.8530379568993952,0,0.07328433447898647,0.1086982340981744,0.1269321907164762,0.14285746737257476,0.9999854128923323
CACTIN,4,0.7619289182850505,0.08489098103013139,1.240580740973897,3,0.743288721650253,0,0.08489098103013139,0.11701414211320972,0.13422442643068108,0.14946599562040921,0.9999854128923323
CACUL1,5,-0.8081618542976274,0.06879656706506276,0.19525312081920967,4,0.9955336199853377,0,0.06879656706506276,0.10204179931705876,0.11915914954300838,0.13410919816240485,0.9999854128923323
CACYBP,5,-0.7923592301692579,0.10849508123711375,1.774602273824351,4,0.7771255969438572,0,0.10849508123711375,0.16092421146560082,0.18791899307399382,0.2114958488482979,0.9999854128923323
CADM3,3,0.6120229741551987,0.11082306966954399,0.061964100415677646,2,0.969492975117249,0,0.11082306966954399,0.14018132697891314,0.1567274881504875,0.17168636128229126,0.9999854128923323
CADM4,3,0.7188446081628147,0.09011135562393778,0.2568399345430164,2,0.8794839471017906,0,0.09011135562393778,0.11398285072682668,0.1274367012471979,0.13959991185427403,0.9999854128923323
CALCRL,2,-0.621087757006098,0.1660997388301995,0.016158376644047928,1,0.8988489018661385,0,0.1660997388301995,0.1893828403295785,0.20342980327176918,0.21656756337707367,0.9999854128923323
CALM1,3,-0.7143796836892847,0.12238554963278388,0.05921883266183657,2,0.9708246477587354,0,0.12238554963278388,0.15480683581247234,0.17307930412916853,0.18959887821768528,0.9999854128923323
CALM2,2,-0.606539435460361,0.10644244051501316,0.059798405510268514,1,0.8068148529143365,0,0.10644244051501316,0.12136305486279485,0.13036483311916663,0.13878396284422273,0.9999854128923323
CALU,2,-0.6970278432027586,0.10658820311107312,0.0044530364568503905,1,0.9467957946546074,0,0.10658820311107312,0.12152924979272106,0.1305433551111318,0.13897401401758727,0.9999854128923323
CALY,5,1.1315281672131208,0.11817239656220488,1.268812785118239,4,0.8666442435623287,0,0.11817239656220488,0.17527798972021852,0.20468059489791657,0.23036040930500415,0.9999854128923323
CAMK1,4,0.6594408000885498,0.09533286272371325,0.23250602446559437,3,0.9721785851794854,0,0.09533286272371325,0.1314072827459988,0.15073449103554862,0.1678508254874098,0.9999854128923323
CAMK2N2,5,1.3959821569517887,0.12197548202817239,1.8205334781488294,4,0.7687235608824124,0,0.12197548202817239,0.18091887705601928,0.21126773215049904,0.2377739876875076,0.9999854128923323
CAMK4,3,-0.9747052177101396,0.17333452127216684,0.6729026608906357,2,0.7143006474245934,0,0.17333452127216684,0.21925275374198158,0.2451320308105461,0.268528685683975,0.9999854128923323
CAMKK1,4,0.7896931302480514,0.10751860823375217,0.08990277326527574,3,0.9930209664913641,0,0.10751860823375217,0.1482041737650929,0.17000184643499525,0.18930604443921367,0.9999854128923323
CAMSAP2,2,-0.6264800780753742,0.10375581760639692,0.024260555896326863,1,0.8762237742534671,0,0.10375581760639692,0.11829983344588224,0.12707440549047574,0.13528103513867804,0.9999854128923323
CAMSAP3,4,0.8700154782001458,0.08306563462816667,0.9544601974082552,3,0.8122693072697678,0,0.08306563462816667,0.1144980757337963,0.13133830035618022,0.14625214163956113,0.9999854128923323
CAMTA2,2,0.6912043103970726,0.1115252647201296,0.04115594376709064,1,0.839237207914854,0,0.1115252647201296,0.12715836611156767,0.13658999599656804,0.1454111548008662,0.9999854128923323
CAND2,4,0.6693307401977064,0.06145873035431717,0.28282929722253036,3,0.9632248014598778,0,0.06145873035431717,0.0847150135445475,0.09717478501088472,0.10820926098985457,0.9999854128923323
CANX,3,-0.7467645604345994,0.11249136565393286,0.6016521220667029,2,0.7402065123058271,0,0.11249136565393286,0.14229157302770576,0.15908681495766283,0.1742708743079244,0.9999854128923323
CAPG,2,0.8783233937347845,0.14937204534500764,0.858437356668791,1,0.3541763559470944,0,0.14937204534500764,0.1703103352991718,0.18294264646556999,0.1947573194566426,0.9999854128923323
CAPN1,3,0.6531459385996001,0.06272129314892097,1.1105779341064195,2,0.5739063971925591,0,0.06272129314892097,0.07933685765668193,0.08870130342078274,0.0971674095273457,0.9999854128923323
CAPN10,3,0.6363302163029891,0.08202179049169368,0.22661085568410166,2,0.8928779086923296,0,0.08202179049169368,0.10375027028755765,0.11599632852347778,0.1270676114401774,0.9999854128923323
CAPN15,4,0.8064325489017229,0.10498524025206367,0.856717599062685,3,0.8358582432394707,0,0.10498524025206367,0.14471216698843503,0.16599623994825555,0.18484558982953564,0.9999854128923323
CAPN7,4,-0.7671185094851919,0.05562333241349776,2.183666652908003,3,0.5351726925303115,0,0.05562333241349776,0.07667147257413734,0.08794821073766185,0.09793498270396364,0.9999854128923323
CAPS,2,1.2033608897900825,0.2109945509590308,0.5622775221638864,1,0.4533440470964862,0,0.2109945509590308,0.2405708018333147,0.25841449417864426,0.2751032368193533,0.9999854128923323
CAPS2,4,-0.6404915009300389,0.0653760375933731,0.24988159341282368,3,0.9691612457918966,0,0.0653760375933731,0.09011464894055378,0.10336859159592594,0.11510639210474546,0.9999854128923323
CAPZA1,4,-0.814110339099314,0.08173269073311858,2.0353858385073424,3,0.5650948203582498,0,0.08173269073311858,0.1126607393704819,0.129230731005396,0.1439052517348633,0.9999854128923323
CAPZA2,2,-0.7161388319376528,0.19069803409681266,0.10717426035101993,1,0.743384423192507,0,0.19069803409681266,0.2174292120919033,0.23355643924452965,0.24863981651027156,0.9999854128923323
CARD11,5,1.0581646879374595,0.16592966893516053,0.8391408863272342,4,0.9331249893251151,0,0.16592966893516053,0.24611347194424438,0.2873986170787812,0.32345647176264924,0.9999854128923323
CARD19,4,0.7554513250004206,0.08879758380083927,1.1020573146271289,3,0.7765774630209128,0,0.08879758380083927,0.12239902241785854,0.1404013077651618,0.15634427957391955,0.9999854128923323
CARF,3,-0.6010750345676624,0.07856533874061494,0.03990053648095483,2,0.9802474215236179,0,0.07856533874061494,0.09937816622520318,0.111108167579414,0.12171289941261842,0.9999854128923323
CARM1,4,0.6315024602141642,0.05033544572875738,0.23222434723866095,3,0.9722268121369573,0,0.05033544572875738,0.06938262378833832,0.07958732777133368,0.08862469745962073,0.9999854128923323
CARNMT1,5,-0.866201443488838,0.06587958376169009,0.9125442196824796,4,0.9227542891097629,0,0.06587958376169009,0.09771521388478761,0.11410678625673681,0.12842295088936187,0.9999854128923323
CASD1,5,-0.9390317405500332,0.09588716216148245,1.5038779852597792,4,0.8259543095711614,0,0.09588716216148245,0.14222364539077653,0.16608143665728356,0.18691848997906343,0.9999854128923323
CASKIN1,4,0.7525594084924698,0.10832520031313216,0.5252514291646277,3,0.9133097743290797,0,0.10832520031313216,0.14931598421961526,0.1712771804917413,0.19072619634158447,0.9999854128923323
CASKIN2,5,0.7778433098211072,0.10379440295917831,0.7365704753422471,4,0.9467436369756271,0,0.10379440295917831,0.15395197883897116,0.17977717946657426,0.20233253995706837,0.9999854128923323
CASP10,3,-0.6716521066859061,0.14178535630032688,0.10261296968711829,2,0.9499874691494358,0,0.14178535630032688,0.17934586590701507,0.20051477382582383,0.21965292947490034,0.9999854128923323
CASP4,4,-0.8634806138648863,0.11877974957495929,1.1652575167309143,3,0.7613484767829146,0,0.11877974957495929,0.16372658589023065,0.18780727428064417,0.20913332976400276,0.9999854128923323
CASP8AP2,5,-0.799984538808357,0.08120963082656352,2.455735020801723,4,0.6525792731071908,0,0.08120963082656352,0.12045334825471153,0.14065920665551973,0.15830671409687458,0.9999854128923323
CBARP,3,0.8914102842775687,0.13686325013534878,0.3087295682059823,2,0.856959358836816,0,0.13686325013534878,0.17311983936042016,0.1935538645318716,0.21202763539281033,0.9999854128923323
CBFA2T3,4,0.8646901828374245,0.11715400594555143,0.6157120941953873,3,0.8928262160426561,0,0.11715400594555143,0.16148565294561487,0.1852367479004254,0.20627091272930345,0.9999854128923323
CBR3,2,0.6774978420885098,0.17837171185583342,0.2574759075354061,1,0.6118595672181941,0,0.17837171185583342,0.20337504239088583,0.21845983929677026,0.2325682585901326,0.9999854128923323
CBR4,5,-0.9428011653400767,0.06857762117451682,2.2557453302783443,4,0.6888374666473006,0,0.06857762117451682,0.10171705008061424,0.1187799241364744,0.1336823940488464,0.9999854128923323
CBS,5,0.8151317044456762,0.09581314802376151,0.7202473558501129,4,0.9488087366642486,0,0.09581314802376151,0.1421138646835386,0.16595324041027248,0.18677420986326856,0.9999854128923323
CBWD1,3,-0.7158930002031044,0.08986768344720582,0.08208653952915144,2,0.959787599265831,0,0.08986768344720582,0.11367462709447304,0.1270920967500906,0.13922241654130724,0.9999854128923323
CBWD2,5,-0.8748601692278385,0.09621203416133786,1.227185103157763,4,0.8736028077836153,0,0.09621203416133786,0.142705508437542,0.16664413146698964,0.18755178209325893,0.9999854128923323
CBWD3,4,-0.850943970203154,0.1369117003973568,0.5799172770020498,3,0.9010140659873912,0,0.1369117003973568,0.18871975530087365,0.21647640579111385,0.2410579235114588,0.9999854128923323
CBWD5,2,-0.9040109751656631,0.23585407004714182,0.004571232399200145,1,0.946095386550885,0,0.23585407004714182,0.2689150145773618,0.2888610626870695,0.3075160841456322,0.9999854128923323
CBWD7,3,-0.7027603920821744,0.1450355283699563,0.664125560729548,2,0.7174422801525072,0,0.1450355283699563,0.18345704451801204,0.20511121124674003,0.22468807439409366,0.9999854128923323
CBX3,2,-0.7334774780368533,0.1390800209236647,0.09232344504723866,1,0.761243898930934,0,0.1390800209236647,0.15857562197943642,0.1703375423392932,0.18133816138423792,0.9999854128923323
CBX5,2,-0.5989989120637411,0.1037953449438633,0.036460044018596455,1,0.8485685792142049,0,0.1037953449438633,0.11834490154468101,0.12712281639431747,0.13533257248137445,0.9999854128923323
CBX6,2,0.6206900718958492,0.1318833294274751,0.0074615802442500835,1,0.9311639962079395,0,0.1318833294274751,0.1503701311934611,0.16152343133834757,0.17195482368194578,0.9999854128923323
CBX7,4,0.595815819404216,0.07299453816578926,0.03473670968549077,3,0.9982959570732242,0,0.07299453816578926,0.10061602727135494,0.11541449867799176,0.12852014653864302,0.9999854128923323
CCBL1,4,0.6399972010520463,0.06380381012849681,0.22757350103055823,3,0.9730198355180499,0,0.06380381012849681,0.08794748293803079,0.10088268170148523,0.11233820000085075,0.9999854128923323
CCBL2,3,-0.8006707041610456,0.11073569722549861,0.11785386402609938,2,0.9427756533595909,0,0.11073569722549861,0.14007080860774554,0.15660392485514085,0.1715510044740092,0.9999854128923323
CCDC102A,2,0.7031864995183026,0.1860493945789587,0.17085646060900173,1,0.6793517631156358,0,0.1860493945789587,0.2121289475535015,0.22786304183608974,0.24257873212512882,0.9999854128923323
CCDC102B,3,-0.6858885054099352,0.10376424147632286,0.5858279491065387,2,0.7460863203456477,0,0.10376424147632286,0.1312525370979572,0.14674479758517264,0.16075087166785734,0.9999854128923323
CCDC106,5,0.9429691024232549,0.07955354978462333,1.869764481044754,4,0.7596968753369691,0,0.07955354978462333,0.1179969831111626,0.13779079014942772,0.155078417830049,0.9999854128923323
CCDC112,3,-0.7120622529966122,0.11511671827367982,0.17734634657420703,2,0.9151446184113299,0,0.11511671827367982,0.1456124106035019,0.1627996242385207,0.1783380530976052,0.9999854128923323
CCDC117,4,-0.9022145246544878,0.12873353447336194,1.1847834813546214,3,0.7566561271348891,0,0.12873353447336194,0.17744693152097082,0.2035455900898142,0.226658776542655,0.9999854128923323
CCDC120,2,0.6745856162591866,0.11064370456801742,0.0556938031414712,1,0.8134362818643304,0,0.11064370456801742,0.12615323289038272,0.13551030972144545,0.1442617409880701,0.9999854128923323
CCDC122,4,-1.3147556175010267,0.15122323537005752,3.708824886074757,3,0.2946709276815639,19.11184560738168,0.15122323537005752,0.20844684487896872,0.23910492945455883,0.26625598103881576,0.9999854128923323
CCDC124,5,0.7257970489039115,0.05834310887717918,1.1574661948813785,4,0.8850506454557094,0,0.05834310887717918,0.08653681515747876,0.10105322884679713,0.11373165673253273,0.9999854128923323
CCDC126,5,-0.8212941091682814,0.08705802373268208,1.1410781771579843,4,0.8877011285099897,0,0.08705802373268208,0.12912791677917104,0.15078892031154248,0.16970733067759003,0.9999854128923323
CCDC130,2,0.6257763178674619,0.15536002390819387,0.017619121352240308,1,0.8944013496586696,0,0.15536002390819387,0.1771376813029372,0.19027639250083508,0.2025646883069277,0.9999854128923323
CCDC138,5,-0.7578420382390056,0.06935322826931942,4.0311399134626855,4,0.4018079246021385,0.772484064834575,0.06935322826931942,0.10286746131322537,0.12012331503138338,0.13519433061792951,0.9999854128923323
CCDC14,4,-0.827910086024255,0.07574518988794338,0.838192084290531,3,0.8403118501165645,0,0.07574518988794338,0.10440753901517427,0.1197636609239276,0.13336316865086048,0.9999854128923323
CCDC152,3,-0.7386851612676214,0.1539957844408542,0.14316863217345363,2,0.9309177829412053,0,0.1539957844408542,0.19479097155896744,0.21778292690453968,0.23856924341023025,0.9999854128923323
CCDC157,2,0.7134102036718001,0.15432840881033624,0.39924340941768083,1,0.5274802505805853,0,0.15432840881033624,0.1759614591201987,0.18901292720048382,0.20121962678148833,0.9999854128923323
CCDC167,5,1.094385747187576,0.1277734603903967,0.707426670627733,4,0.9504099129443575,0,0.1277734603903967,0.18951866872764753,0.22131012525505653,0.24907632822995812,0.9999854128923323
CCDC169,3,-0.8343915276332847,0.15878011065777936,1.3102462741917877,2,0.5193781039378981,0,0.15878011065777936,0.20084271872486356,0.2245489859273324,0.2459810897146201,0.9999854128923323
CCDC173,4,-1.0348436503492784,0.12490798818390443,0.575477385706172,3,0.9020225910966175,0,0.12490798818390443,0.1721737798652448,0.19749687030526844,0.21992320725122724,0.9999854128923323
CCDC175,2,-0.967350270445018,0.2240413374936792,0.12633943680158144,1,0.7222580448240402,0,0.2240413374936792,0.25544642721663513,0.2743934790750957,0.29211416525072237,0.9999854128923323
CCDC177,3,0.7307368298575044,0.11417549429932922,0.7766947506831422,2,0.6781767204717799,0,0.11417549429932922,0.14442184598458038,0.1614685325287634,0.17687991518652077,0.9999854128923323
CCDC18,2,-0.6690059227214268,0.16996416445820328,0.007157315940592679,1,0.932578666342252,0,0.16996416445820328,0.19378896346275173,0.20816273874054106,0.22160615794683547,0.9999854128923323
CCDC186,5,-0.8242326812995724,0.06838741909731795,0.6031554921402934,4,0.9627123953620886,0,0.06838741909731795,0.1014349348091813,0.1184504844750608,0.13331162194276383,0.9999854128923323
CCDC22,5,0.7231888453957671,0.06690403050292389,1.8853031079621403,4,0.7568442949438937,0,0.06690403050292389,0.09923471395927724,0.1158811800622021,0.130419965230165,0.9999854128923323
CCDC40,2,0.8546896296033487,0.18305594272500134,0.5053979540761184,1,0.477137861753925,0,0.18305594272500134,0.20871588731340188,0.22419682703019783,0.2386757484198934,0.9999854128923323
CCDC43,2,-0.6375010237165741,0.11134249556477811,0.17084453619007944,1,0.6793623298174375,0,0.11134249556477811,0.12694997721216977,0.13636615041090272,0.14517285297743335,0.9999854128923323
CCDC66,4,-0.6100672776657424,0.07359992438570717,0.08900882648984468,3,0.9931229665380519,0,0.07359992438570717,0.10145049458827415,0.11637169833750187,0.1295860389691097,0.9999854128923323
CCDC68,2,-0.9374597578127064,0.1945894879779923,0.30463670141887944,1,0.5809901211618157,0,0.1945894879779923,0.22186615217513098,0.23832247742776133,0.25371365161065584,0.9999854128923323
CCDC7,5,-0.9913831786972734,0.084425414081139,2.193429622059971,4,0.7002323524714523,0,0.084425414081139,0.1252231256361936,0.14622910663857366,0.16457542970484013,0.9999854128923323
CCDC74A,4,0.8395428933312356,0.08958909339337383,2.0752923174139077,3,0.5569274454024696,0,0.08958909339337383,0.12349004309898289,0.14165279431630232,0.15773787601791978,0.9999854128923323
CCDC82,5,-0.8103219295876086,0.07649294318718179,1.7695706124134956,4,0.778044632883084,0,0.07649294318718179,0.11345736990765443,0.13248966402067847,0.14911219721492336,0.9999854128923323
CCDC85B,5,1.2659735991642114,0.09991021069408325,1.3322541507601473,4,0.8558798637246213,0,0.09991021069408325,0.14819079067897384,0.17304956111706357,0.1947608553163525,0.9999854128923323
CCDC88B,5,0.8605344955910574,0.11700142380521052,0.9155141948659535,4,0.9223245807057466,0,0.11700142380521052,0.17354115644244814,0.20265241058852332,0.22807776317584455,0.9999854128923323
CCDC88C,2,0.7533758051935536,0.16983873388105336,7.690024631273905e-4,1,0.9778767835965273,0,0.16983873388105336,0.1936459506011294,0.208009118284461,0.22144261648278712,0.9999854128923323
CCDC9,4,0.6634603269020568,0.09207813240348628,0.2796165204744652,3,0.9638153400832086,0,0.09207813240348628,0.12692094660510733,0.1455883105447854,0.16212028141917728,0.9999854128923323
CCDC91,5,-0.7601076353771227,0.0566331135540579,2.581046280269804,4,0.6301843375027208,0,0.0566331135540579,0.08400048221182423,0.09809143006644591,0.11039826218352308,0.9999854128923323
CCDC92,2,0.6639765225031494,0.14759798571114865,0.002177486816531111,1,0.9627813822692249,0,0.14759798571114865,0.16828759610198543,0.18076987602745834,0.1924442286902373,0.9999854128923323
CCDC94,5,0.7877890618385102,0.07135270987476039,0.6440786198501244,4,0.9580418341547526,0,0.07135270987476039,0.10583317180467476,0.12358651876080654,0.13909203781882185,0.9999854128923323
CCDC97,5,0.72013111116507,0.08500724885803994,0.9311671151738103,4,0.9200474247673207,0,0.08500724885803994,0.12608612607463207,0.14723687403377658,0.16570963448746237,0.9999854128923323
CCM2,5,0.7555650908103039,0.06436586840312587,0.4978856371412159,4,0.9737064855971005,0,0.06436586840312587,0.09547001117437214,0.11148495434750624,0.12547217643006103,0.9999854128923323
CCNA2,3,-0.7929052718305157,0.1431435483992124,0.33018358587148394,2,0.8478158770076633,0,0.1431435483992124,0.1810638581200242,0.20243554751237572,0.221757031626874,0.9999854128923323
CCNC,5,-0.9816602551475704,0.08077574195534239,1.2466883729883769,4,0.870353478812128,0,0.08077574195534239,0.11980978705664798,0.139907689085726,0.15746090897761586,0.9999854128923323
CCND1,3,-0.6432939745591719,0.11549083880797163,0.0206092599861342,2,0.989748280808544,0,0.11549083880797163,0.1460856398066224,0.16332871057207846,0.17891763813711975,0.9999854128923323
CCND3,3,0.7628754696016761,0.1461755041322855,0.6896370994105083,2,0.7083488719191845,0,0.1461755041322855,0.18489901247255083,0.20672338043060257,0.22645411725112607,0.9999854128923323
CCNE2,3,-1.1796208483675472,0.19488584243017296,0.5655856141713772,2,0.7536759279955616,0,0.19488584243017296,0.24651325832001234,0.2756102014792566,0.3019158488574651,0.9999854128923323
CCNH,4,-0.6804697727648464,0.0830488714583925,0.512690221387612,3,0.9160947099941007,0,0.0830488714583925,0.11447496929885563,0.13131179545753496,0.14622262703353767,0.9999854128923323
CCNL1,2,-0.6339827813558306,0.12944159501539457,0.01184727120961532,1,0.9133252954992696,0,0.12944159501539457,0.14758612562218798,0.15853292963985155,0.16877119151152548,0.9999854128923323
CCNO,2,1.1161652030481821,0.2373778482938721,0.14663973833481897,1,0.7017674520742851,0,0.2373778482938721,0.2706523890875843,0.29072730227989046,0.3095028479078481,0.9999854128923323
CCNT2,5,-0.9204008913608791,0.10993217824362952,4.689317161391107,4,0.3206856366198573,14.69973426123768,0.10993217824362952,0.1630557707947072,0.19040811810468428,0.21429726664350784,0.9999854128923323
CCNYL1,2,-0.6564831123635526,0.10200948307679766,0.06563419998510453,1,0.797802797919207,0,0.10200948307679766,0.1163087057312311,0.12493559123161502,0.13300409348554765,0.9999854128923323
CCP110,3,-0.7164145593119846,0.13733542270314966,0.20417247129871335,2,0.9029516816867328,0,0.13733542270314966,0.17371709566558058,0.19422161738103613,0.21275912198946187,0.9999854128923323
CCR10,4,1.5042296341890116,0.16825950950417462,0.34737907763491144,3,0.9508847577255818,0,0.16825950950417462,0.23192972820083307,0.26604164400797026,0.2962514369072576,0.9999854128923323
CCT6A,2,-0.605463965846595,0.10729675533035664,0.054093767959683514,1,0.816087038993518,0,0.10729675533035664,0.12233712362054759,0.13141115080781243,0.13989785308402022,0.9999854128923323
CD151,5,0.7250633827543002,0.08856147911156016,1.481961591256295,4,0.8298318695162719,0,0.08856147911156016,0.13135790148042134,0.15339298141467203,0.17263810475449434,0.9999854128923323
CD163L1,2,-0.79735174215407,0.19343942351845425,0.07254277122519395,1,0.7876698595925901,0,0.19343942351845425,0.22055487694108578,0.23691394187917236,0.25221415101250416,0.9999854128923323
CD164,2,-0.6756192274673292,0.1144101676287722,0.08650295972786542,1,0.7686709040789049,0,0.1144101676287722,0.13044766151179898,0.14012326603839073,0.14917260799702597,0.9999854128923323
CD226,2,-0.8569763956215847,0.20478762416611246,0.02619707283397817,1,0.8714199628789662,0,0.20478762416611246,0.23349381643863978,0.25081259242191445,0.2670103944038913,0.9999854128923323
CD302,2,-0.7794592285446187,0.15695163523709077,1.0132466617344092e-4,1,0.9919686173477282,0,0.15695163523709077,0.17895239742645483,0.1922257103131503,0.20463989558762619,0.9999854128923323
CD320,5,0.8768729284914236,0.08812040681945217,0.3910646096420648,4,0.9832019127950342,0,0.08812040681945217,0.1307036855473351,0.15262902179493013,0.17177829657002033,0.9999854128923323
CD37,5,0.8870972636937938,0.104107895665713,3.6224459304780683,4,0.4595059641460643,0,0.104107895665713,0.1544169636661548,0.18032016476209461,0.2029436497449066,0.9999854128923323
CD4,2,0.6747160394885309,0.16179727014791573,0.2948891859243215,1,0.5871043259551127,0,0.16179727014791573,0.1844772712707799,0.19816037681881923,0.210957830540703,0.9999854128923323
CD46,5,-0.9235098393037079,0.08287093341398392,1.004650606986367,4,0.9090899876593765,0,0.08287093341398392,0.1229174582017986,0.1435366671436775,0.16154518902969173,0.9999854128923323
CD47,5,-1.0712613618619549,0.13002246654026595,0.6742583827918559,4,0.9544650331939737,0,0.13002246654026595,0.19285448392887336,0.22520551817316495,0.25346044831455533,0.9999854128923323
CD58,4,-0.9515472301946079,0.13331365643923418,2.805554987930054,3,0.42258628333829745,0,0.13331365643923418,0.18376019396778104,0.21078739877657635,0.23472291340837242,0.9999854128923323
CD68,3,1.1614961104559087,0.23440118155230769,2.1277291067717217,2,0.34511949714514434,6.003071836786476,0.23440118155230769,0.296496647975974,0.3314933299875517,0.36313274899337156,0.9999854128923323
CD81,5,0.9352663513385626,0.08432898791754119,3.132013090242248,4,0.5359814491949285,0,0.08432898791754119,0.12508010252247548,0.1460620916240433,0.16438746050763078,0.9999854128923323
CD93,3,-0.9442971995906699,0.19085734187291659,0.45067369596857065,2,0.7982472854780286,0,0.19085734187291659,0.24141756339353726,0.2699130413551571,0.2956749226300886,0.9999854128923323
CDADC1,5,-0.7344608475298817,0.07042977850153631,1.6452523164788826,4,0.8006368919512212,0,0.07042977850153631,0.10446424335391526,0.12198795473048311,0.1372929133609844,0.9999854128923323
CDC123,2,-0.6026128860367361,0.10596802987986671,0.02222353946244646,1,0.8814939660156136,0,0.10596802987986671,0.12082214351519519,0.1297838011268374,0.13816540705348265,0.9999854128923323
CDC14C,4,-0.7281255624508973,0.12686993742877545,0.4607123822000166,3,0.9274339525572995,0,0.12686993742877545,0.17487814026928766,0.20059898443898838,0.22337757535585867,0.9999854128923323
CDC23,2,-0.6166228664288359,0.11772488124418594,0.04811289618033748,1,0.8263801257782352,0,0.11772488124418594,0.13422701651733523,0.1441829445390006,0.15349446579185863,0.9999854128923323
CDC27,5,-0.7138128558817435,0.06635023854779117,1.603462652531161,4,0.8081696531610933,0,0.06635023854779117,0.09841330774731304,0.11492198425908934,0.1293404259708673,0.9999854128923323
CDC37,2,0.6929022179686786,0.10328750524716639,0.3678339697070445,1,0.5441873139586099,0,0.10328750524716639,0.11776587520261739,0.12650084233029887,0.13467043052694166,0.9999854128923323
CDC37L1,4,-0.7344188521049262,0.09685443147481297,0.36469252247245154,3,0.9474356144493398,0,0.09685443147481297,0.13350462053048034,0.1531403024705551,0.17052982372171338,0.9999854128923323
CDC40,5,-0.7647895901218448,0.0951701801100091,0.25016505126181227,4,0.9927999092016432,0,0.0951701801100091,0.14116018914969425,0.16483958731601678,0.18552083465813746,0.9999854128923323
CDC42,2,-0.6800490963557543,0.1378401482223195,2.351475750857481e-4,1,0.9877653008808819,0,0.1378401482223195,0.15716194959511132,0.16881901460714224,0.17972156516488696,0.9999854128923323
CDC42EP1,4,0.9717517556308246,0.1280494830399368,0.9107439427058428,3,0.822834304707085,0,0.1280494830399368,0.17650403169024387,0.20246400980665097,0.22545437971142782,0.9999854128923323
CDC42SE2,4,-0.7987343804440498,0.1370439196505511,0.23892569758231388,3,0.9710734190055483,0,0.1370439196505511,0.18890200696407314,0.21668546278642406,0.24129071952911652,0.9999854128923323
CDC7,5,-0.8381366104251122,0.10373641494759288,0.32788258528970476,4,0.9879438839392463,0,0.10373641494759288,0.15386596871821326,0.17967674128427838,0.20221950051239085,0.9999854128923323
CDH19,4,-0.946477902546264,0.1289054884172591,0.05313357521477543,3,0.996794024509465,0,0.1289054884172591,0.17768395367555007,0.20381747314749613,0.22696153270253874,0.9999854128923323
CDH22,5,0.917527742243946,0.09515350392867054,4.303558962849047,4,0.3664796540614956,7.053672680438538,0.09515350392867054,0.14113545437553154,0.16481070332266215,0.18548832679614471,0.9999854128923323
CDH23,5,1.0705132266776012,0.12595909390319424,0.7127939871194058,4,0.9497418399127507,0,0.12595909390319424,0.18682752832816193,0.21816755031567162,0.24553947682658295,0.9999854128923323
CDH4,5,0.9954465574961778,0.07921307044120392,1.2602669421597361,4,0.8680798499565053,0,0.07921307044120392,0.11749197063285174,0.1372010626276976,0.15441470140225608,0.9999854128923323
CDH6,5,-1.1208014331796707,0.10003192145717552,2.322777279482634,4,0.6766252287158137,0,0.10003192145717552,0.14837131691439545,0.17326037034256733,0.19499811327183456,0.9999854128923323
CDIPT,4,0.811015269667704,0.09771404756901485,0.585448123579775,3,0.8997554621412809,0,0.09771404756901485,0.13468951954553637,0.154499474856063,0.1720433340359081,0.9999854128923323
CDK11B,3,0.774978562407456,0.1078610831224615,0.42877831536183925,2,0.8070342603234559,0,0.1078610831224615,0.13643467742388984,0.15253860660403681,0.16709767145487492,0.9999854128923323
CDK14,2,-0.6300203540642929,0.16022530290147313,0.008195079726203276,1,0.9278686937048949,0,0.16022530290147313,0.18268495284732528,0.19623511799574309,0.2089082360099213,0.9999854128923323
CDK16,4,0.6775861922614659,0.08541051636823764,0.6377931597873616,3,0.8877285647654785,0,0.08541051636823764,0.11773027215609874,0.1350458839273618,0.1503807319755289,0.9999854128923323
CDK17,5,-0.7878363251486683,0.07764644962793733,0.6073472080023169,4,0.9622437562785897,0,0.07764644962793733,0.11516829645181169,0.134487595782925,0.1513607952256147,0.9999854128923323
CDK2AP1,4,0.886352755102002,0.1329649016743903,1.7024572078508686,3,0.6363876403101592,0,0.1329649016743903,0.18327946869966785,0.2102359690757048,0.23410886728094868,0.9999854128923323
CDK2AP2,3,0.9003251876758315,0.14049739749712892,1.1100617397565964,2,0.5740545399291267,0,0.14049739749712892,0.17771671256678703,0.19869332501856346,0.21765763227674556,0.9999854128923323
CDK5R2,4,0.7127636604861461,0.11462657326235895,1.119587388842387,3,0.772347837896702,0,0.11462657326235895,0.1580018274133397,0.1812405259446059,0.2018209082909893,0.9999854128923323
CDK6,5,-1.0315302623675298,0.10594430853728393,1.3710869033770297,4,0.8492043585528416,0,0.10594430853728393,0.15714080413812023,0.18350092515932892,0.20652347746317898,0.9999854128923323
CDKL1,3,-0.6343612540317848,0.11061484923328435,0.15144284809740285,2,0.9270744312317254,0,0.11061484923328435,0.1399179466453234,0.15643301998556589,0.17136378756950182,0.9999854128923323
CDKL2,4,-0.7031504175023601,0.1093220349855648,0.19133028221895754,3,0.9789766016146886,0,0.1093220349855648,0.15069002599187378,0.17285331449949878,0.19248130489347182,0.9999854128923323
CDKL3,4,-0.8744288349815874,0.10514471840666754,0.9563479857020492,3,0.8118127518473582,0,0.10514471840666754,0.14493199245423036,0.1662483970510499,0.18512638009569024,0.9999854128923323
CDKN2D,5,0.7307135142417176,0.08798520653193903,0.6855616456355518,4,0.9530974559454519,0,0.08798520653193903,0.13050315111379315,0.15239484802775946,0.1715147426904704,0.9999854128923323
CDYL,3,0.6267691252912623,0.06944072119415069,0.16826051312499501,2,0.9193115019398046,0,0.06944072119415069,0.08783633653529746,0.09820400969373674,0.10757710269343122,0.9999854128923323
CEBPA,5,0.7426991202352109,0.09267874445816043,1.485891615830849,4,0.8291376177243861,0,0.09267874445816043,0.137464792887307,0.1605242941832264,0.18066413247375862,0.9999854128923323
CEBPB,4,0.8198804403691754,0.09974888296699035,0.48791191198995504,3,0.9215389721632893,0,0.09974888296699035,0.1374943465783537,0.15771683211663187,0.17562603145548566,0.9999854128923323
CEBPD,3,0.7470670671509465,0.14384608937050827,0.33321194824929556,2,0.8465331015773453,0,0.14384608937050827,0.181952509967577,0.2034290904821051,0.22284540341961692,0.9999854128923323
CEBPG,2,-0.6661378656024025,0.09560400684842402,0.12967554226179445,1,0.7187686852178076,0,0.09560400684842402,0.10900533914958276,0.11709051707209366,0.12465237427865127,0.9999854128923323
CEBPZ,4,-0.7272488935560432,0.06799257001979694,0.3293433665590142,3,0.9544185363479774,0,0.06799257001979694,0.0937212899932789,0.1075056926155191,0.11971327282920916,0.9999854128923323
CEBPZOS,4,-0.9391964508061668,0.11335432200421797,1.5437928728463555,3,0.6722004579261237,0,0.11335432200421797,0.15624815007662737,0.17922892007873573,0.19958087880057895,0.9999854128923323
CELF3,5,1.0710980450230394,0.11315980921219843,0.5474011172635637,4,0.9687254220451402,0,0.11315980921219843,0.16784312117590797,0.19599853893032834,0.22058907769782338,0.9999854128923323
CELF5,2,0.6552127368752865,0.1534212323958611,6.209656626951953e-4,1,0.9801194264626096,0,0.1534212323958611,0.1749271188661846,0.187901867539408,0.20003681344885046,0.9999854128923323
CELF6,2,0.621944878304228,0.16965825058896714,0.0017413309564433441,1,0.9667145299186707,0,0.16965825058896714,0.19344016798685168,0.20778807229810653,0.22120729506041364,0.9999854128923323
CELSR2,4,0.7795138139393112,0.06380020978111117,0.4236051195216335,3,0.9353242016896021,0,0.06380020978111117,0.08794252020164198,0.100876989052432,0.11233186093514501,0.9999854128923323
CELSR3,2,0.6728460209417892,0.11688208158072802,0.11445259829168022,1,0.735130766657207,0,0.11688208158072802,0.1332660770527787,0.14315072997356995,0.15239558947323487,0.9999854128923323
CEND1,5,1.085027228220186,0.07604053948189952,1.5510466577522266,4,0.817562344908278,0,0.07604053948189952,0.11278634677272026,0.13170607781759716,0.14823030003968019,0.9999854128923323
CENPC,4,-0.7154137161873041,0.07343262464569007,0.6067612927724567,3,0.894882800464283,0,0.07343262464569007,0.10121988781101339,0.11610717422229784,0.12929147738076127,0.9999854128923323
CENPL,4,-0.661340399182489,0.0915852399611573,0.1334460540405126,3,0.987541740711451,0,0.0915852399611573,0.12624154125964737,0.14480897916516405,0.16125245472271907,0.9999854128923323
CENPQ,3,-0.6443621367787242,0.13080340877266683,0.12220826136058394,2,0.9407252763126069,0,0.13080340877266683,0.16545467897427077,0.1849839546909373,0.2026397695214799,0.9999854128923323
CEP131,4,0.8401358327149494,0.11445004512129052,0.5284283784381574,3,0.9126028750260222,0,0.11445004512129052,0.1577585001630794,0.18096141044616001,0.20151009842591722,0.9999854128923323
CEP135,2,-0.6606337169894193,0.15977514785309507,0.05604947569792301,1,0.812852523772586,0,0.15977514785309507,0.1821716971236803,0.19568379290891103,0.20832130563510123,0.9999854128923323
CEP192,2,-0.6508360015355865,0.10187223608319139,0.2924851203761184,1,0.588632390343082,0,0.10187223608319139,0.11615222008195249,0.12476749868008183,0.13282514529938266,0.9999854128923323
CEP290,2,-0.6918359173026135,0.18170148753208915,0.13539177749019587,1,0.7129058812438873,0,0.18170148753208915,0.20717157078804546,0.22253796497914893,0.23690975490961894,0.9999854128923323
CEP41,2,-0.6951531123200386,0.14137693185268163,0.10956398540549872,1,0.7406410791865169,0,0.14137693185268163,0.16119450337434316,0.17315067221965,0.1843329668348346,0.9999854128923323
CEP44,5,-0.7282115302756021,0.06464333968992568,0.4073644982094646,4,0.9818695213681609,0,0.06464333968992568,0.09588156760184757,0.11196554871388503,0.12601306754386649,0.9999854128923323
CEP57,4,-0.6844988186282959,0.09091888572819291,0.8110175110995077,3,0.8468300157775315,0,0.09091888572819291,0.1253230353363131,0.14375538061283308,0.16007921702823955,0.9999854128923323
CEP57L1,5,-0.9175416854760379,0.07381551098825101,2.7597169566810593,4,0.5988060905032582,0,0.07381551098825101,0.10948609618305209,0.1278522154183095,0.14389292101189377,0.9999854128923323
CEP70,5,-0.7046120553003942,0.05391937197207153,1.0175441567511816,4,0.9071241562702206,0,0.05391937197207153,0.07997535296888504,0.09339109176783317,0.10510820596260753,0.9999854128923323
CEP78,5,-0.6925189293616356,0.05424571949333789,0.4733616566449126,4,0.9760418748176805,0,0.05424571949333789,0.08045940456758163,0.09395634225559067,0.10574437439755181,0.9999854128923323
CEP83,5,-0.7744793677945576,0.08782445072794766,1.1605644393490466,4,0.8845477614972438,0,0.08782445072794766,0.13026471172372261,0.1521164108076348,0.17120137193822274,0.9999854128923323
CEP95,3,-0.6252178574059817,0.07725525661981096,0.29945413698239925,2,0.8609429228123776,0,0.07725525661981096,0.09772102885576141,0.1092554316763505,0.11968332891820327,0.9999854128923323
CEP97,4,-0.8042837063455612,0.08650523045816062,0.14487151185523103,3,0.9859558157417418,0,0.08650523045816062,0.1192392313946086,0.1367767788827793,0.15230817502524407,0.9999854128923323
CEPT1,5,-1.0032836188460699,0.08384587371719199,1.9303113459578347,4,0.748574754344488,0,0.08384587371719199,0.12436352836213065,0.14522531328318047,0.16344569755645869,0.9999854128923323
CERS1,5,1.2850089043710533,0.13459617750390138,0.9858670415465938,4,0.9119313822621297,0,0.13459617750390138,0.19963839359465854,0.23312741794131633,0.26237625234558587,0.9999854128923323
CERS6,2,-0.6688856815998021,0.18900346065477625,0.07275765457944552,1,0.7873631560967739,0,0.18900346065477625,0.21549710109726772,0.23148101911219918,0.2464303630584483,0.9999854128923323
CFAP206,2,-0.9183518443108671,0.20649772535905553,0.06805682338034864,1,0.794187341109692,0,0.20649772535905553,0.2354436317932662,0.2529070300875321,0.26924009356592615,0.9999854128923323
CFAP54,3,-0.7663336668611465,0.13435860770478505,1.2795510068129274,2,0.5274108126844699,0,0.13435860770478505,0.16995168943846756,0.19001176523767327,0.20814746002409923,0.9999854128923323
CFAP69,5,-0.92681034026349,0.12113742707183703,2.39183189235357,4,0.6641038778888898,0,0.12113742707183703,0.1796758406761638,0.20981617838659128,0.23614031782569786,0.9999854128923323
CFAP99,2,1.066205508578571,0.23097034680386938,0.1666542640381623,1,0.6831025494079558,0,0.23097034680386938,0.2633467133523971,0.2828797476915757,0.30114848808285505,0.9999854128923323
CFI,2,-0.79367098041953,0.1718790557488494,0.1344932015480233,1,0.7138180785051552,0,0.1718790557488494,0.19597227545408283,0.2105079920280323,0.22410287072837184,0.9999854128923323
CFL1,5,0.9085869138079061,0.07588737227127171,0.4803137283887982,4,0.9753889258691415,0,0.07588737227127171,0.11255916308557412,0.13144078442673618,0.14793172217920872,0.9999854128923323
CFL2,3,-0.6838388245631865,0.14612657538028656,0.030612859757588748,2,0.9848101181167336,0,0.14612657538028656,0.18483712195279636,0.2066541847259357,0.22637831715446904,0.9999854128923323
CGGBP1,3,-0.7717146212333607,0.10122769843382674,0.47605321308742943,2,0.7881817200233988,0,0.10122769843382674,0.1280440357390208,0.1431575840129315,0.15682127608364704,0.9999854128923323
CGREF1,2,0.6867149278676876,0.1445608616827958,0.06850133489041915,1,0.7935314628467386,0,0.1445608616827958,0.1648247419218794,0.17705017394995304,0.18848430343612996,0.9999854128923323
CGRRF1,2,-0.6406486668728781,0.12024494607774348,0.0036179734281416446,1,0.9520364926606257,0,0.12024494607774348,0.1371003325102141,0.14726938101947448,0.15678022833669764,0.9999854128923323
CHADL,3,1.018952132154029,0.18232823357873068,0.3531029471936552,2,0.8381556351595626,0,0.18232823357873068,0.23062899994559288,0.2578510607305705,0.282461684877536,0.9999854128923323
CHAF1A,2,0.6368728119766442,0.10956665429464621,0.0562529394193475,1,0.8125194621415485,0,0.10956665429464621,0.12492520663708855,0.13419119792290315,0.14285743924153294,0.9999854128923323
CHCHD10,5,1.4434775855785043,0.08446187743792753,4.736477370229781,4,0.31542046435501275,15.549052864873122,0.08446187743792753,0.12527720953448349,0.14629226302514592,0.16464650987278798,0.9999854128923323
CHCHD2,5,0.7735928622167945,0.06513503324503579,0.6618920388339509,4,0.9559439118762059,0,0.06513503324503579,0.09661086700175203,0.11281718693308991,0.12697155473633173,0.9999854128923323
CHCHD5,3,0.734107566561449,0.1186532181467624,0.14213586271381562,2,0.9313986188064975,0,0.1186532181467624,0.15008576842103682,0.16780099032236484,0.1838167751425306,0.9999854128923323
CHCHD6,4,0.8260983480377072,0.08449994341592557,3.0489105601993187,3,0.38414543372513016,1.604197933445488,0.08449994341592557,0.1164751339593983,0.13360614167483678,0.14877750285447502,0.9999854128923323
CHCHD7,3,-0.6735837341896188,0.09470200875504547,1.2758409118548824,2,0.5283900928076865,0,0.09470200875504547,0.11978961866366024,0.1339288651653609,0.14671172110427205,0.9999854128923323
CHD1,2,-0.7026017440292815,0.129086542020415,0.01091966006446144,1,0.9167748082026704,0,0.129086542020415,0.14718130292270443,0.1580980803051781,0.16830825904375646,0.9999854128923323
CHD5,4,0.704676574668602,0.10541660009225942,0.7821695434526439,3,0.8537269163772514,0,0.10541660009225942,0.14530675549513022,0.16667827974132796,0.18560507720031577,0.9999854128923323
CHERP,5,0.7259138921914858,0.05298142951861182,1.420950617881694,4,0.840545646717456,0,0.05298142951861182,0.07858415948801889,0.09176652778386514,0.10327981952238006,0.9999854128923323
CHIC1,4,-0.875449251159814,0.12673564519884292,0.5665350528295203,3,0.9040488124016015,0,0.12673564519884292,0.17469303120484597,0.20038664977966347,0.2231411294860221,0.9999854128923323
CHID1,4,0.7532884918684859,0.061039909957301075,2.7268548666118884,3,0.43568286554283586,0,0.061039909957301075,0.08413770946746353,0.09651257181833131,0.10747185158703561,0.9999854128923323
CHML,4,-0.7817291283627419,0.08794735314046502,2.9850356194824013,3,0.39393814849635117,0,0.08794735314046502,0.12122706033054649,0.13905697505351594,0.15484729402118189,0.9999854128923323
CHMP1A,4,0.6901579581426469,0.08637229489599021,0.37769903144756367,3,0.9448098287886689,0,0.08637229489599021,0.11905599236762425,0.1365665893035326,0.15207411781549046,0.9999854128923323
CHMP2B,2,-0.754917847644853,0.14471698280372708,0.5092635709882376,1,0.47545782444357393,0,0.14471698280372708,0.16500274738730417,0.1772413824921295,0.18868786047354558,0.9999854128923323
CHMP6,5,0.9681989682511567,0.08307695015016264,0.6276663899107969,4,0.9599402582660955,0,0.08307695015016264,0.1232230304032316,0.14389349859794856,0.1619467895815163,0.9999854128923323
CHN2,2,-0.6078699784476294,0.1651985859531246,0.008615529084003547,1,0.9260466616823246,0,0.1651985859531246,0.1883553679648803,0.20232612090723193,0.21539260377633726,0.9999854128923323
CHORDC1,4,-1.5480017209345893,0.1756474182110217,0.35214140797974114,3,0.9499414269361245,0,0.1756474182110217,0.24211325757995028,0.27772295333748326,0.3092591924664688,0.9999854128923323
CHPF,5,1.3541502944368082,0.0731831720870016,3.9365623512357484,4,0.4146592754118077,0,0.0731831720870016,0.10854818602249658,0.12675697231374325,0.14266026556655367,0.9999854128923323
CHRM4,4,1.005475557071053,0.16007407428019055,1.549629994242169,3,0.6708640187150091,0,0.16007407428019055,0.22064688438238578,0.2530993345341902,0.28183949101509154,0.9999854128923323
CHRNA4,5,0.8152621601001827,0.07612455959639916,7.693764293617183,4,0.10346245301381674,48.00984476066629,0.07612455959639916,0.11291096874192783,0.13185160492476827,0.14839408539505125,0.9999854128923323
CHRNB1,3,0.6656514041598497,0.10586033667540093,0.1817322260636886,2,0.9131399602560657,0,0.10586033667540093,0.13390391110660949,0.14970912384373397,0.1639981283870952,0.9999854128923323
CHRNB2,2,0.6731532264406301,0.14143522297534025,0.14242477223695882,1,0.7058822614173224,0,0.14143522297534025,0.16126096547989996,0.1732220639731738,0.18440896916024221,0.9999854128923323
CHST1,5,0.9343904755602516,0.08463829250903845,1.9171623655086614,4,0.7509915657346099,0,0.08463829250903845,0.12553887537117825,0.1465978228915309,0.16499040615627658,0.9999854128923323
CHST2,3,0.6578308497645716,0.10137651047274555,0.19427191099426888,2,0.9074326272924872,0,0.10137651047274555,0.12823226973351562,0.14336803601661488,0.15705181470302612,0.9999854128923323
CHST5,3,0.9093212793311638,0.1958334182212935,2.2803052282139684,2,0.3197702166461663,12.292443342486889,0.1958334182212935,0.24771185742224305,0.27695027601443567,0.3033838269607767,0.9999854128923323
CHST7,5,1.1406789158450794,0.1417200101386443,0.6627819775645667,4,0.9558380951145307,0,0.1417200101386443,0.21020474495627917,0.24546625800930832,0.27626315867312146,0.9999854128923323
CHST8,4,0.9367918817862783,0.1597235124059634,1.4791556568861868,3,0.6870894821070801,0,0.1597235124059634,0.2201636681858887,0.25254504754250257,0.2812222631432718,0.9999854128923323
CHTF18,2,0.79186036744922494,0.19528495329165318,0.004409169176580569,1,0.947058116219154,0,0.19528495329165318,0.22265910463477598,0.23917424500389822,0.2546204274397665,0.9999854128923323
CHUK,2,-0.6314087592094811,0.075388273562074,0.458954918847519,1,0.4981127986268805,0,0.075388273562074,0.08595585685612783,0.09233140140821625,0.09829428286598962,0.9999854128923323
CHURC1,2,-0.7276567048551674,0.11611657647108385,0.04017163133876539,1,0.8411453787949398,0,0.11611657647108385,0.1323932669389746,0.1422131815165092,0.15139749292283744,0.9999854128923323
CIB1,4,0.7930483907803585,0.08546737697740389,1.7924312210906632,3,0.6165833704698657,0,0.08546737697740389,0.11780864909698086,0.13513578844441682,0.15048084540875217,0.9999854128923323
CIB2,4,0.8362738287523356,0.10672757513218113,2.7857787565632153,3,0.4258463406839194,0,0.10672757513218113,0.14711380988143566,0.16875111328221934,0.18791328694412654,0.9999854128923323
CIC,3,0.608442058922852,0.0967532948347387,0.022891503789134585,2,0.9886195015282082,0,0.0967532948347387,0.12238431312143154,0.1368298217595702,0.14988955983425564,0.9999854128923323
CISD2,4,-0.7609456706519485,0.09754644098681374,0.15474610327297525,3,0.9845411879152011,0,0.09754644098681374,0.13445848981551323,0.15423446558076714,0.17174823219614574,0.9999854128923323
CISD3,5,0.7199412926299027,0.08579364499607718,0.5678700028510228,4,0.9665662664316568,0,0.08579364499607718,0.127252540044466,0.14859895209973303,0.16724260277366257,0.9999854128923323
CITED4,5,1.4631956768921695,0.1339832053329385,0.221802986168915,4,0.9942867316995734,0,0.1339832053329385,0.19872920893727322,0.23206571899758283,0.2611813496076926,0.9999854128923323
CKAP2,3,-0.7055874076690843,0.12176191556913701,0.1710679192338118,2,0.9180219668504905,0,0.12176191556913701,0.15401799418543616,0.17219735237840128,0.1886327484806325,0.9999854128923323
CKB,5,0.7997000393295819,0.07201824124269948,3.8397920233545557,4,0.4281216013410941,0,0.07201824124269948,0.10682031434947968,0.12473925290410785,0.14038939729348618,0.9999854128923323
CLASRP,2,0.6723644993542887,0.16308007166825225,9.917658428246056e-4,1,0.9748769216237324,0,0.16308007166825225,0.18593989003954742,0.19973148140186472,0.21263039909205808,0.9999854128923323
CLCN3,2,-0.6227617506432374,0.1107212370052944,3.9003520899692486e-4,1,0.9842433554823952,0,0.1107212370052944,0.12624163347001396,0.13560526717636692,0.14436283091838556,0.9999854128923323
CLCN7,3,0.6472342822938336,0.07678236612388528,0.7673187111743597,2,0.6813634903178737,0,0.07678236612388528,0.09712286443537271,0.10858666352349507,0.11895073011208329,0.9999854128923323
CLDN5,2,1.0051902956728058,0.25347185462064503,0.6390790858691217,1,0.4240444703453801,0,0.25347185462064503,0.28900237959276087,0.3104383539887494,0.33048686485881706,0.9999854128923323
CLDND1,5,-0.9446086213502629,0.11951650423853653,0.9675623898691217,4,0.9146740526095855,0,0.11951650423853653,0.1772716235833594,0.20700865768416635,0.23298055752470087,0.9999854128923323
CLEC11A,5,1.5734625179470516,0.15614253679611054,0.8024885521117103,4,0.9381141281794008,0,0.15614253679611054,0.23159680903171878,0.2704468069535564,0.30437783892569115,0.9999854128923323
CLEC2B,4,-1.4379302297537024,0.17308777881045653,0.3600258773332712,3,0.9483705851323427,0,0.17308777881045653,0.23858503815143417,0.27367580809023623,0.30475248225070506,0.9999854128923323
CLEC2D,5,-0.7590059213486048,0.07895465475841243,0.13480738585431476,4,0.9978279141252377,0,0.07895465475841243,0.11710867823369973,0.13675347353563014,0.15391095649912767,0.9999854128923323
CLEC2L,2,0.7289027983528548,0.18383903907581348,0.00806083177955811,1,0.9284603449894224,0,0.18383903907581348,0.20960875452808267,0.22515592026966047,0.2396967811426374,0.9999854128923323
CLHC1,2,-0.7543198891504984,0.12580423851860417,9.300867207214924e-4,1,0.9756704281881331,0,0.12580423851860417,0.14343890113222288,0.15407809592498464,0.1640286588670344,0.9999854128923323
CLIC2,5,-0.9760885770551739,0.11992832795879393,1.374613470296284,4,0.8485950959139906,0,0.11992832795879393,0.17788245687358403,0.20772195729141418,0.2337833497462335,0.9999854128923323
CLIC4,3,-0.9147334311376134,0.1386197434056192,0.3346894492038016,2,0.8459079557863516,0,0.1386197434056192,0.17534164713194506,0.19603792113690507,0.21474878306620343,0.9999854128923323
CLIP2,5,0.7758588772301612,0.06685310534910453,0.2961138612428541,4,0.9900636521493348,0,0.06685310534910453,0.09915917974953521,0.11579297510840374,0.13032069382991399,0.9999854128923323
CLIP3,5,0.688643865905289,0.07156927744483443,0.10656272296647758,4,0.9986299752081936,0,0.07156927744483443,0.10615439342178218,0.1239616247954465,0.1395142057322752,0.9999854128923323
CLK4,3,-0.7128369951449718,0.09279206834079037,0.12737478244916955,2,0.9382982739626583,0,0.09279206834079037,0.11737371390195958,0.13122780152819685,0.14375285413760866,0.9999854128923323
CLN3,2,0.7179764555982614,0.09275157363031081,0.026813694011749337,1,0.8699288402434525,0,0.09275157363031081,0.10575306489255362,0.1135970141172225,0.12093325637941056,0.9999854128923323
CLN6,2,0.657363809058913,0.11478969049262723,0.006561291279979366,1,0.9354405226045999,0,0.11478969049262723,0.13088038415442974,0.14058808471947304,0.1496674452704006,0.9999854128923323
CLPP,5,0.9987832894467205,0.07494610142398897,0.8511464342448265,4,0.9314626124683864,0,0.07494610142398897,0.11116303279886103,0.12981045549555909,0.14609684750496293,0.9999854128923323
CLPTM1,5,0.8422479805621855,0.05542720009501712,0.4437027592275208,4,0.9787449935163937,0,0.05542720009501712,0.08221182349772292,0.09600272668585615,0.10804750408694154,0.9999854128923323
CLTB,4,0.6927684934155881,0.07904330120291378,0.9937258845903894,3,0.8027701041568021,0,0.07904330120291378,0.10895367173071152,0.12497843278996733,0.1391700928420654,0.9999854128923323
CLU,4,0.824754704003033,0.10873596374193274,0.39747362035845757,3,0.9407638899426798,0,0.10873596374193274,0.14988218253243155,0.1719266544989964,0.19144941998802037,0.9999854128923323
CLUH,5,0.8447247513269498,0.05515292732011714,2.3357405632681436,4,0.6742697449727925,0,0.05515292732011714,0.08180501123006996,0.09552767230459648,0.1075128480206755,0.9999854128923323
CLVS1,2,-0.8306812983211168,0.20306165760278902,0.06581351941984856,1,0.7975327727493945,0,0.20306165760278902,0.23152591177859558,0.2486987237252907,0.2647600093297078,0.9999854128923323
CLVS2,2,-0.7291298274823973,0.17576459514458936,0.022850772002811437,1,0.8798457812878319,0,0.17576459514458936,0.20040247198636008,0.2152667864755548,0.22916899428321535,0.9999854128923323
CMC2,5,-0.7090180813419462,0.06683999760546804,0.7504695151409837,4,0.944962241617852,0,0.06683999760546804,0.09913973782382995,0.11577027183045273,0.1302951421336041,0.9999854128923323
CMC4,3,0.6786945401669785,0.14363563113332167,1.4915626300162863,2,0.47436352777028096,0,0.14363563113332167,0.18168629901483555,0.2031314575887627,0.22251936292053856,0.9999854128923323
CMPK1,5,-0.7695025912535933,0.07194368262968197,2.2322734765718684,4,0.6931252187626818,0,0.07194368262968197,0.10670972605486759,0.12461011359821965,0.140244055799943,0.9999854128923323
CMTM6,5,-0.7816500430138683,0.08550895159436221,1.1634085835113226,4,0.8840856248099472,0,0.08550895159436221,0.12683027148944906,0.1481058486633831,0.1666876331660946,0.9999854128923323
CNEP1R1,2,-0.6802588613113772,0.12626847057130622,0.006109263182796303,1,0.9376993675214524,0,0.12626847057130622,0.14396820711025707,0.15464666175066707,0.16463394340994386,0.9999854128923323
CNIH2,4,0.8301240449826055,0.13232968678755253,0.6387171227903857,3,0.887514538808412,0,0.13232968678755253,0.18240388540284533,0.20923160615267805,0.2329904560629135,0.9999854128923323
CNIH4,2,-0.7585249232826587,0.1368697124295104,0.42643548195171654,1,0.5137432064664876,0,0.1368697124295104,0.1560554825525138,0.1676304783468845,0.17845627169397182,0.9999854128923323
CNNM3,5,0.8848286158509377,0.08048287224092907,2.1380275132525983,4,0.7103896128518068,0,0.08048287224092907,0.11937539107005833,0.13940042386036397,0.15689000080237395,0.9999854128923323
CNOT10,3,-0.6549288782512332,0.06320518241918507,0.22816366376403,2,0.8921849437220375,0,0.06320518241918507,0.07994893454842247,0.08938562618947704,0.09791704756140225,0.9999854128923323
CNOT2,4,-0.7900023227064167,0.0640244120027041,0.3812224516037857,3,0.9440935890008262,0,0.0640244120027041,0.08825156163691837,0.10123148389078372,0.11272660968070139,0.9999854128923323
CNOT3,3,0.7022790907169918,0.09773936861146107,0.09140542954820736,2,0.9553259242629579,0,0.09773936861146107,0.12363160875159435,0.13822434066811143,0.15141717876040667,0.9999854128923323
CNOT7,5,-0.7737177761030579,0.074064061247865,0.9028704872512863,4,0.9241486408521459,0,0.074064061247865,0.1098547557949154,0.12828271709619538,0.14437743466485506,0.9999854128923323
CNPPD1,2,0.7055868702256166,0.09334648896297812,0.3439342904259821,1,0.5575670305312843,0,0.09334648896297812,0.10643137273487557,0.11432563361981901,0.12170893107293389,0.9999854128923323
CNPY3,4,0.6742064260425334,0.062226210104404656,1.1089147341941918,3,0.7749224789041373,0,0.062226210104404656,0.08577291137369229,0.09838827704505136,0.1095605485303368,0.9999854128923323
CNTFR,5,1.4582608490199713,0.12191726948415138,1.5807719749300322,4,0.8122437855233161,0,0.12191726948415138,0.18083253389983955,0.21116690506661684,0.2376605105485354,0.9999854128923323
COA3,2,0.711230255256017,0.10064084770866986,0.23499572396945556,1,0.6278440633627369,0,0.10064084770866986,0.11474822131857028,0.12325936208369537,0.1312196112887988,0.9999854128923323
COA7,2,-0.7230152884418533,0.1371370635112057,1.9087497413252272e-4,1,0.9889769762973019,0,0.1371370635112057,0.15636030968573644,0.16795791521305178,0.17880485485693612,0.9999854128923323
COBLL1,4,-0.8005999337391011,0.1194800552982355,0.7425833246632708,3,0.8631451003466475,0,0.1194800552982355,0.16469189071333135,0.18891455485264635,0.21036634522569234,0.9999854128923323
COG2,3,-0.6247882716784382,0.07009606041200579,0.07162728988295208,2,0.9648200758326245,0,0.07009606041200579,0.08866528236267962,0.0991307993035824,0.10859234984417898,0.9999854128923323
COG6,4,-0.6595342994305057,0.059483262100370284,0.7136698147895665,3,0.8699840578262956,0,0.059483262100370284,0.08199201847248645,0.09405129544697069,0.10473109021352817,0.9999854128923323
COL14A1,2,-0.8384967321406165,0.18152054057173744,0.001694064492319632,1,0.967169127485115,0,0.18152054057173744,0.20696525951060607,0.22231635111746428,0.23667382893779115,0.9999854128923323
COL23A1,4,0.95439238601872,0.15216377009130158,0.6168989559908202,3,0.8925530799003543,0,0.15216377009130158,0.20974328252403487,0.2405920454233602,0.26791196329771333,0.9999854128923323
COL4A1,2,-0.7447172142282287,0.1862773793056819,0.026124005453065688,1,0.871597843927192,0,0.1862773793056819,0.21238889013620924,0.2281422649608996,0.24287598784088948,0.9999854128923323
COL4A3,2,-0.7861828670648582,0.18836015344186263,0.13675192491947727,1,0.7115316311838987,0,0.18836015344186263,0.2147636180223146,0.230693131902454,0.24559159307250616,0.9999854128923323
COL4A4,4,-0.8755981462337059,0.12370092550189582,2.1817309229810293,3,0.5355557683258199,0,0.12370092550189582,0.17050995877968125,0.19558833662839908,0.2177979540929604,0.9999854128923323
COL6A1,3,0.6314202585543723,0.1016472308701816,0.21459731374123217,2,0.8982573621930678,0,0.1016472308701816,0.12857470695950118,0.14375089247427997,0.1574712129393255,0.9999854128923323
COL6A2,2,0.8794313432576102,0.24015525572624263,0.020551853383995546,1,0.8860065226055828,0,0.24015525572624263,0.2738191207874609,0.2941289177884512,0.31312414415051565,0.9999854128923323
COL8A1,2,-0.9396445944916699,0.251798893849661,0.0013685966206819292,1,0.9704893524123884,0,0.251798893849661,0.2870949108345299,0.3083894038644474,0.32830559088241523,0.9999854128923323
COLCA2,5,0.9672448176097577,0.13141002308540403,2.30310666152749,4,0.680203493752368,0,0.13141002308540403,0.1949125628790359,0.22760883660771886,0.25616529397200627,0.9999854128923323
COMMD2,5,-0.7607319527795531,0.08647746292280602,0.42771030599416354,4,0.9801459583465876,0,0.08647746292280602,0.12826680593919706,0.1497833594919538,0.1685756093138865,0.9999854128923323
COMT,5,1.0095059726546673,0.07250181781499507,3.5801743428008734,4,0.46579282194045163,0,0.07250181781499507,0.10753757431825037,0.1255768320966738,0.14133206157351275,0.9999854128923323
COMTD1,3,1.1116604147463276,0.18559245934259994,0.268210633091436,2,0.874497960648931,0,0.18559245934259994,0.2347579552299248,0.2624673730764821,0.28751860168622667,0.9999854128923323
COPE,5,0.8587027398226001,0.059389724084274544,5.698930224747183,4,0.22278883028046093,29.811388414086988,0.059389724084274544,0.08808919638056514,0.10286601956146052,0.11577188536887437,0.9999854128923323
COPRS,3,0.6459590049125808,0.10594305744853115,0.19140781476433888,2,0.9087330453842604,0,0.10594305744853115,0.1340085455277701,0.1498261086829847,0.16412627885778272,0.9999854128923323
COPS2,5,-0.7874555868463627,0.08013391064253207,0.10864866493560353,4,0.9985767998416903,0,0.08013391064253207,0.11885779737444108,0.13879600464204991,0.1562097494156117,0.9999854128923323
COPS8,5,-0.7782269959144331,0.10455241813872165,0.893368403499598,4,0.9255102968137184,0,0.10455241813872165,0.15507629704451614,0.18109010027045178,0.20381018357011885,0.9999854128923323
COPZ2,5,0.9342704831927032,0.11249426082091148,2.2326387807196735,4,0.6930584449990053,0,0.11249426082091148,0.16685595338139772,0.19484577530172362,0.2192916850385449,0.9999854128923323
COQ10B,3,-0.731282029585778,0.11023762866034902,0.7254991046871353,2,0.695760663308024,0,0.11023762866034902,0.13944079616902366,0.1558995495353146,0.17077939997077168,0.9999854128923323
COQ2,2,-0.7542495968965202,0.15987718875087284,0.07105458460731275,1,0.7898074499035632,0,0.15987718875087284,0.18228804164768156,0.19580876697513655,0.2084543506883456,0.9999854128923323
CORO1A,2,0.6453506778999251,0.13287133439661772,0.06826732160075126,1,0.7938764659434555,0,0.13287133439661772,0.15149663017915332,0.16273348535721438,0.17324302455618312,0.9999854128923323
CORO1B,4,0.7626799267540092,0.09078365317146704,0.6318577486019864,3,0.8891020902083159,0,0.09078365317146704,0.12513663012083517,0.14354155916630223,0.1598411155422389,0.9999854128923323
CORO7,5,0.8644184056182938,0.0769861174915014,0.27282223676169315,4,0.9915003643302474,0,0.0769861174915014,0.11418886561356834,0.13334386697274747,0.15007357091899284,0.9999854128923323
COX5A,4,0.6299849511511878,0.069323364993478645,0.346507850949851,3,0.9510568782772263,0,0.069323364993478645,0.09555566427290542,0.1096098642232881,0.12205637916741216,0.9999854128923323
COX6A1,4,0.6761795891902072,0.08113353870960968,0.3221765938817429,3,0.955805104738175,0,0.08113353870960968,0.1118348653002859,0.12828338847590257,0.14285033573984196,0.9999854128923323
COX6B1,5,1.308996467352229,0.07337583783944115,1.0241529302984806,4,0.9061117678437057,0,0.07337583783944115,0.10883395551484804,0.12709067918584702,0.14303584025981692,0.9999854128923323
COX7A1,5,1.5588199286206688,0.14710005346236144,2.2855715999731405,4,0.683397196334997,0,0.14710005346236144,0.21818463878785122,0.25478476639290815,0.2867507938416081,0.9999854128923323
COX7C,2,0.6129415097737991,0.12194349120862336,0.04831353145389936,1,0.8260242772370607,0,0.12194349120862336,0.13903697192686515,0.14934966545734676,0.1589948602372131,0.9999854128923323
COX8A,5,1.8877653377660188,0.0781076398588226,1.7347771839356778,4,0.784391036473421,0,0.0781076398588226,0.11585235211032262,0.1352864006947727,0.15225982049246947,0.9999854128923323
CP,3,-1.1655514594271166,0.19995075179643718,0.731572048737625,2,0.6936512097867181,0,0.19995075179643718,0.2529199182158983,0.282773064997218,0.30976237270770157,0.9999854128923323
CPD,3,-0.6343684284588726,0.10844896735711473,0.03122313443775562,2,0.9845096616193837,0,0.10844896735711473,0.13717829869669348,0.15337000046178872,0.16800841779499887,0.9999854128923323
CPLX1,4,0.9107283931282963,0.08860724556029745,4.237399497242365,3,0.236944058870288,29.2018606706223,0.08860724556029745,0.12213665925915698,0.14010035658219122,0.15600915451962052,0.9999854128923323
CPM,4,-0.9274791021381181,0.10929786448865197,0.4109874817658814,3,0.9379635018235711,0,0.10929786448865197,0.15065670926109292,0.1728150975882875,0.1924387483422119,0.9999854128923323
CPNE6,5,0.925139942872808,0.0730215392188189,0.6870268065925855,4,0.9529190913116659,0,0.0730215392188189,0.10830844573600028,0.12647701597387773,0.142345185101446,0.9999854128923323
CPNE7,2,1.0955913466435754,0.23059250135049109,0.7397622566703212,1,0.3897370464191038,0,0.23059250135049109,0.26291590325196973,0.282416983410372,0.3006558378851633,0.9999854128923323
CPNE8,4,-0.8328950320765265,0.11121823439377886,0.3424103489523433,3,0.9518644827632008,0,0.11121823439377886,0.15330375650052452,0.1758514690134087,0.19581990846483294,0.9999854128923323
CPSF3L,2,0.6272347026322372,0.10579324051718075,0.028954274124893098,1,0.8648846583085023,0,0.10579324051718075,0.12062285297929191,0.12956972875131398,0.1379375096067574,0.9999854128923323
CPTP,5,1.1004446652554674,0.09061214592649375,2.6115595227536006,4,0.624776776359853,0,0.09061214592649375,0.13439953190651088,0.15694484052753244,0.17663559029747075,0.9999854128923323
CRAMP1,4,0.8682709464175031,0.08769409660702547,1.314798215888474,3,0.7256221290306244,0,0.08769409660702547,0.12087797029017487,0.13865654131452218,0.154401389880853,0.9999854128923323
CRAT,5,0.8341752649776074,0.06444763433628407,0.4642181206097704,4,0.9768895571770081,0,0.06444763433628407,0.0955912896523289,0.11162657709806453,0.1256315675770419,0.9999854128923323
CRB2,5,1.2817697001823023,0.1179609310328837,2.9252321143904387,4,0.5704145884322632,0,0.1179609310328837,0.17496433565249359,0.20431432585708284,0.2299481870999422,0.9999854128923323
CREB3L1,2,0.9867790446493031,0.17265996058296432,6.08817474735831e-4,1,0.9803148127484298,0,0.17265996058296432,0.19686264395528175,0.21146440121865945,0.2251210460629311,0.9999854128923323
CREBRF,3,-0.6101252652992527,0.08556544193918532,0.13288167140224824,2,0.9357182753343678,0,0.08556544193918532,0.1082326742106881,0.12100780846084351,0.13255741265653698,0.9999854128923323
CREBZF,2,-0.798645664997991,0.12178985037973572,0.18057444442223425,1,0.6708800361981415,0,0.12178985037973572,0.1388617944294756,0.1491614946401303,0.15879453710496877,0.9999854128923323
CRHR1,2,0.752978776886665,0.1824593079864941,1.826252143320969,1,0.17657086579266046,45.24304852113473,0.1824593079864941,0.20803561904679546,0.22346610169411704,0.23789783189543262,0.9999854128923323
CRIP2,4,0.8099682430794781,0.08866172213884273,0.37733491962333354,3,0.9448837274062959,0,0.08866172213884273,0.1222117500406085,0.1401864916158593,0.15610507043379018,0.9999854128923323
CRIPT,4,-0.751040106258253,0.07441496994046748,1.6069511537751453,3,0.6578147212762682,0,0.07441496994046748,0.10257395735447321,0.1176603985124209,0.1310210747507671,0.9999854128923323
CRISPLD1,3,-0.9733339011537312,0.17458854093720594,0.005538916749242482,2,0.9972343730374282,0,0.17458854093720594,0.22083897709084757,0.24690548242832697,0.27047140459538016,0.9999854128923323
CRLF1,4,1.1590517480291924,0.20907516519571387,0.5391293626677303,3,0.9102144994090846,0,0.20907516519571387,0.28819022699090363,0.3305768620972097,0.3681148143922037,0.9999854128923323
CRMP1,2,0.6115104370783077,0.13838141737367515,0.009715225668679913,1,0.9214829901973834,0,0.13838141737367515,0.15777909137985133,0.16948193122430757,0.18042729379556294,0.9999854128923323
CROCC,4,0.8837915731695549,0.11634488791991676,0.5411959522730907,3,0.9097519782174391,0,0.11634488791991676,0.16037036071446054,0.18395741997197337,0.20484631343962179,0.9999854128923323
CROT,2,-0.6613349631748234,0.12461325944804597,0.05986938167898012,1,0.8067025072696203,0,0.12461325944804597,0.14208097606416498,0.15261945041638375,0.1624758121427686,0.9999854128923323
CRTC1,4,0.8413784055129815,0.10382041045022901,0.6653764094486815,3,0.8813159390285572,0,0.10382041045022901,0.14310655991079738,0.16415448231813548,0.1827946953299451,0.9999854128923323
CRTC2,5,0.7515843354469618,0.06079776725471699,2.1435499045825726,4,0.7093762277592119,0,0.06079776725471699,0.09017766190664528,0.10530482187191721,0.11851666681105744,0.9999854128923323
CRYAB,2,0.718045493334187,0.1779815714384926,0.01715861845906642,1,0.8957824983452354,0,0.1779815714384926,0.20293021387469592,0.21798201682150953,0.23205957772071362,0.9999854128923323
CRYBG3,4,-0.7355029270029038,0.07802563889380276,0.38433127045998583,3,0.9434599251982637,0,0.07802563889380276,0.10755092104251641,0.12336936739711875,0.13737831345171234,0.9999854128923323
CRYL1,5,0.7962656819368739,0.06976650891365949,2.3360062351525115,4,0.6742214939591032,0,0.06976650891365949,0.10348045557108551,0.12083913810516518,0.1359999629073441,0.9999854128923323
CSDC2,4,1.0488056517876316,0.15019698039541324,0.3004378574907015,3,0.9599461100996551,0,0.15019698039541324,0.20703225001871153,0.23748227786458168,0.2644490726996229,0.9999854128923323
CSE1L,4,-0.6879704630365093,0.09034759574095881,0.739252826226799,3,0.8639347162784842,0,0.09034759574095881,0.1245355664327515,0.14285209183077893,0.1590733572102265,0.9999854128923323
CSF1,2,0.7022612677550237,0.15700087463759818,0.26732066701952595,1,0.6051347807120215,0,0.15700087463759818,0.17900853898086,0.19228601601639217,0.20470409591126992,0.9999854128923323
CSF1R,3,0.808458623111035,0.14550661521103334,1.9850412997299072,2,0.3706412557337052,0,0.14550661521103334,0.1840529274754269,0.20577742864644666,0.22541787899013718,0.9999854128923323
CSF3R,5,0.8555287004174069,0.12015943082464217,1.5034398363327728,4,0.8260319692711003,0,0.12015943082464217,0.17822523781839744,0.20812223919683812,0.23423385216741724,0.9999854128923323
CSGALNACT2,5,-0.7530441224295057,0.05906543748595338,1.9819613407705678,4,0.7390768630919006,0,0.05906543748595338,0.08760820162459419,0.10230433869695459,0.11513973441235155,0.9999854128923323
CSNK1D,4,0.6946128820802469,0.05954552645030337,2.101152422253317,3,0.5516796556536181,0,0.05954552645030337,0.08207784395598594,0.09414974402837985,0.10484071791415638,0.9999854128923323
CSNK1E,5,0.6743842290088029,0.07046104350370803,0.3381359002447687,4,0.9872212084605188,0,0.07046104350370803,0.10451061684627624,0.12204210730274329,0.13735386007025596,0.9999854128923323
CSNK1G2,3,0.6673806687772768,0.10920705179735447,0.5211502713938958,2,0.7706082540125722,0,0.10920705179735447,0.13813720809265004,0.1544420937585998,0.16918283715982585,0.9999854128923323
CSRNP3,3,-0.951052868608165,0.1912275912775816,0.5169845740725866,2,0.7722149870923847,0,0.1912275912775816,0.2418858959619624,0.2704366530846949,0.2962485105413729,0.9999854128923323
CSRP1,3,1.1376915792195883,0.14622361683484483,2.170234560013936,2,0.33786215909466993,7.844062717941545,0.14622361683484483,0.1849598707623403,0.2067914220670844,0.2265286531294274,0.9999854128923323
CSRP2,2,-0.6966544486911845,0.16231518368832432,0.02246032364603389,1,0.8808690056790873,0,0.16231518368832432,0.18506778356187986,0.1987946887712589,0.21163310718036674,0.9999854128923323
CST3,5,1.3765466965783388,0.10407731475517937,0.6890171773474073,4,0.9526763888690359,0,0.10407731475517937,0.1543716048456681,0.18026719707130864,0.20288403657573695,0.9999854128923323
CSTB,5,0.8415714321649513,0.07188836897793391,1.402154615276106,4,0.8438204475314335,0,0.07188836897793391,0.10662768265078565,0.12451430754303984,0.14013622964233327,0.9999854128923323
CSTF3,2,-0.6347038316648203,0.10805288392054484,0.04157310204636523,1,0.838435684616874,0,0.10805288392054484,0.12319924285729503,0.13233721542075796,0.1408837241487797,0.9999854128923323
CTB-50L17.10,4,0.8636169327629186,0.07910036254716402,0.13407634424670625,3,0.9874557266013381,0,0.07910036254716402,0.10903232536581202,0.12506865469705816,0.1392705597058748,0.9999854128923323
CTB-55O6.8,3,0.6401764598347764,0.10075099951562469,0.07748551017046942,2,0.9619981464501961,0,0.10075099951562469,0.12744105400315806,0.14248342993764157,0.1560827772951064,0.9999854128923323
CTBS,5,-0.9522487282201183,0.09112627666999167,3.504226130296636,4,0.47723604311120876,0,0.09112627666999167,0.13516211103493062,0.157835341097004,0.17763781562211434,0.9999854128923323
CTC-260F20.3,4,0.8198726403037188,0.11071815921235298,1.1565707058687638,3,0.7634381610854879,0,0.11071815921235298,0.15261445043247604,0.17506078072609485,0.19493943525119029,0.9999854128923323
CTC-281F24.5,2,0.9781539187469332,0.21083334697382738,0.6535148847146846,1,0.41885881263548863,0,0.21083334697382738,0.2403870010109577,0.2582170604245185,0.27489305253774,0.9999854128923323
CTC-479C5.12,2,0.7966436257199737,0.19451545719044225,0.8158267360397597,1,0.3664031624640375,0,0.19451545719044225,0.22178174409046567,0.23823180860038431,0.2536171272730048,0.9999854128923323
CTD-3099C6.9,5,-1.0564589836547296,0.09758294659601834,0.42247570066880846,4,0.9805957372620885,0,0.09758294659601834,0.14473890018234561,0.16901862145658417,0.19022418240637332,0.9999854128923323
CTDSP1,3,0.8800216626040278,0.16887563601205705,0.21962060894063587,2,0.896004087146374,0,0.16887563601205705,0.21361266044306187,0.23882621480263336,0.261621010341953,0.9999854128923323
CTDSPL2,3,-0.7127507128264067,0.0869909065710101,0.6233462253137859,2,0.732220842837606,0,0.0869909065710101,0.11003576019491997,0.12302371987585327,0.13476573296840297,0.9999854128923323
CTF1,3,1.1458739598780607,0.19155325188221167,0.16094958963680678,2,0.9226781595612368,0,0.19155325188221167,0.24229782766388983,0.2708972067284934,0.29675302178067214,0.9999854128923323
CTNNA3,2,-0.90640489353299,0.2472956825853029,0.21164638237003308,1,0.6454800355503275,0,0.2472956825853029,0.28196046001687924,0.30287411896363203,0.3224341217412675,0.9999854128923323
CTNNBIP1,4,0.721031471394401,0.10444883778073528,0.023773259594658827,3,0.9990320417364565,0,0.10444883778073528,0.1439727872068818,0.16514811317228512,0.18390115582185362,0.9999854128923323
CTSC,3,-0.8973809184422015,0.17831680944289463,0.2453496559394056,2,0.8845512471259881,0,0.17831680944289463,0.22555490517350704,0.25217805031324037,0.27624721332846897,0.9999854128923323
CTSD,5,0.9432862556658265,0.07820158070864129,1.9254079924469165,4,0.7494760745494957,0,0.07820158070864129,0.11599168890798299,0.1354491110195649,0.15244294492122132,0.9999854128923323
CTSF,2,0.6466701503026091,0.07037374735112022,0.2127616557142863,1,0.6446114041953572,0,0.07037374735112022,0.08023841730188283,0.0861898861488919,0.09175614059890928,0.9999854128923323
CTSZ,2,0.6811911485594102,0.11694417524317366,0.5398365409154872,1,0.46250047708315,0,0.11694417524317366,0.13333687472075362,0.14322677886819615,0.15247654970394756,0.9999854128923323
CTU1,4,0.7905719916439784,0.10693167306158863,0.4187981292545634,3,0.9363324432041565,0,0.10693167306158863,0.14739513946235103,0.16907382044354533,0.1882726384306187,0.9999854128923323
CTU2,4,0.6611275984401443,0.06611670528731088,0.7307270724887469,3,0.8659539255690443,0,0.06611670528731088,0.09113558890078745,0.1045396900469999,0.11641047214899644,0.9999854128923323
CTXN1,5,1.3721799090035767,0.11948632823536498,2.650113995379518,4,0.6179718060672386,0,0.11948632823536498,0.17722686533754592,0.20695639131350385,0.2329217336652886,0.9999854128923323
CUL2,3,-0.6316863087898599,0.08805198492674667,0.05370077603976079,2,0.9735068789213309,0,0.08805198492674667,0.11137792994693355,0.12452431127727648,0.13640954848871853,0.9999854128923323
CUL3,2,-0.6474980708010576,0.08437119579255913,0.4647050370083553,1,0.49543323810435175,0,0.08437119579255913,0.09619796402890371,0.1033331893401124,0.11000658050813501,0.9999854128923323
CUL4B,4,-0.6894312999737,0.06210692752577325,0.6245733332139832,3,0.8907845422867926,0,0.06210692752577325,0.08560849168577926,0.09819967472822468,0.10935052987866184,0.9999854128923323
CUL5,5,-0.813166296004258,0.06162751386464448,4.382421504573996,4,0.3567177731233906,8.72626022336868,0.06162751386464448,0.09140837501728868,0.10674198515771965,0.12013414072411056,0.9999854128923323
CUL7,2,0.6307342550854873,0.09512263404744448,0.22035117496383738,1,0.6387724708674959,0,0.09512263404744448,0.10845648971159474,0.11650095820286656,0.12402474093426227,0.9999854128923323
CUX1,2,0.6264578432722627,0.1348110995494778,0.06288542404961839,1,0.8019921974076543,0,0.1348110995494778,0.15370830273690805,0.16510920277988386,0.17577216888619385,0.9999854128923323
CXADR,4,-1.029283753699994,0.10914086692923754,0.5339725953033004,3,0.9113668424689655,0,0.10914086692923754,0.15044030305980016,0.17256686265086887,0.19216232561457813,0.9999854128923323
CXORF23,3,-0.6396932322353787,0.08789191854324178,0.12439986860967994,2,0.9396949907435461,0,0.08789191854324178,0.11117546020745298,0.12429794322684386,0.1361615747136777,0.9999854128923323
CXORF57,2,-0.7246979098518994,0.1593618336110256,0.051523414907227755,1,0.8204333083274968,0,0.1593618336110256,0.18170044638202923,0.19517758841066335,0.20778240979490048,0.9999854128923323
CXXC1,4,0.6418932974277266,0.08294623268145371,0.23180976742758744,3,0.9722977529706656,0,0.08294623268145371,0.11433349150833771,0.1311495093018447,0.14604191281869106,0.9999854128923323
CXXC4,3,-0.8090267555052868,0.1136145061141696,1.8302397912922823,2,0.4004686087697349,0,0.1136145061141696,0.14371224582236092,0.16067517542897958,0.17601083602710385,0.9999854128923323
CXXC5,3,0.8796291644993697,0.10939657664955063,2.935503692417279,2,0.23044297451781998,31.868591916058058,0.10939657664955063,0.1383769401751087,0.15471012237498236,0.1694764477983251,0.9999854128923323
CYB561D2,5,0.8035818329625032,0.09089586041009567,0.8701854566617928,4,0.9287986870839327,0,0.09089586041009567,0.13482034849132202,0.15743624842797416,0.1771886516423331,0.9999854128923323
CYB5R3,5,1.0124464502252049,0.07793648386212887,1.5366406745649317,4,0.8201318136953457,0,0.07793648386212887,0.11559848674157513,0.13498994981247908,0.15192617603233854,0.9999854128923323
CYB5R4,5,-0.8906877228328657,0.07872833194821835,0.35429507078509387,4,0.9860449212964131,0,0.07872833194821835,0.11677298725718842,0.13636147092946221,0.1534697721218275,0.9999854128923323
CYBA,4,0.820812458324642,0.12634607301273837,1.146056724820816,3,0.7659690247584393,0,0.12634607301273837,0.17415604300427362,0.19977068206909276,0.2224552168725082,0.9999854128923323
CYC1,3,0.6532271478888958,0.0897597032077789,0.035532042038317155,2,0.9823908642825452,0,0.0897597032077789,0.1135380416949213,0.12693938963102475,0.13905513427369925,0.9999854128923323
CYCS,3,-0.8714668397402411,0.10212549036352689,0.008051308838337847,2,0.9959824376652954,0,0.10212549036352689,0.12917966268412887,0.14442725353610256,0.1582121293604823,0.9999854128923323
CYHR1,4,0.6589009460644615,0.07178008562892436,0.30483634125829034,3,0.9591163436235313,0,0.07178008562892436,0.09894201997383041,0.11349428061466044,0.1263818821982673,0.9999854128923323
CYLD,4,-0.9108314699212383,0.08770533165041887,0.696392395302112,3,0.8740521644397783,0,0.08770533165041887,0.12089345672876152,0.13867430547788914,0.15442117121599902,0.9999854128923323
CYP11A1,4,1.3654855758158244,0.18062999267143967,1.8937889130152614,3,0.5947410637608137,0,0.18062999267143967,0.24898126250728236,0.2856010952906359,0.3180319200688847,0.9999854128923323
CYP20A1,4,-0.9104928912231772,0.1373134531638664,0.49762078065632004,3,0.9194138040108977,0,0.1373134531638664,0.18927353327285915,0.2171116326903359,0.24176528224981872,0.9999854128923323
CYP26B1,2,0.7896545059455577,0.19571129623851738,0.11592772682682352,1,0.733493869422996,0,0.19571129623851738,0.2231452103854549,0.23969640634152414,0.25517631063269414,0.9999854128923323
CYP27A1,2,0.7262062816466294,0.1473858995396984,0.03867994116797773,1,0.8440840923968218,0,0.1473858995396984,0.1680457806612945,0.18051012457668159,0.19216770215443157,0.9999854128923323
CYP2R1,2,-0.6144534217500625,0.12831367891113804,0.032799697072700806,1,0.85628369508113,0,0.12831367891113804,0.14630010339854113,0.1571515201758034,0.1673005688355783,0.9999854128923323
CYP46A1,3,0.7207551394601884,0.09055837312317024,0.09091670108858527,2,0.9555594002720899,0,0.09055837312317024,0.11454828810743753,0.12806887945723053,0.14029242838627026,0.9999854128923323
CYP51A1,2,-0.8258780507934401,0.17649197678533005,0.1050063994788687,1,0.7459025200986886,0,0.17649197678533005,0.20123181465780088,0.21615764340959634,0.23011738391157874,0.9999854128923323
CYP7B1,2,-0.6893390368533149,0.17102459667414158,2.8569004718681794e-4,1,0.9865145035718248,0,0.17102459667414158,0.194998042215348,0.2094614976584699,0.22298879239737535,0.9999854128923323
CYS1,4,1.0133554320043923,0.16402223430661395,1.2264000517498261,3,0.7466797005852378,0,0.16402223430661395,0.22608904741091318,0.25934192365935443,0.2887909440676675,0.9999854128923323
CYSLTR2,4,-1.0164003093942102,0.16914941488736332,0.4186483871929392,3,0.9363637971941277,0,0.16914941488736332,0.23315637811949513,0.2674487079644309,0.29781827701785835,0.9999854128923323
CYSTM1,4,0.6738982512429175,0.07262370763382775,0.943303112243004,3,0.8149671619737843,0,0.07262370763382775,0.10010487265822285,0.11482816412452665,0.12786723201234723,0.9999854128923323
D2HGDH,5,1.123999268613714,0.09289841467355964,0.68825943385781,4,0.9527688411176546,0,0.09289841467355964,0.1377906164711277,0.16090477415720741,0.1810923485563938,0.9999854128923323
DACT3,2,0.7670834445399949,0.10323930458047688,0.47238368504655776,1,0.4918926010932722,0,0.10323930458047688,0.11771091798698462,0.12644180881097322,0.13460758454649874,0.9999854128923323
DAD1,2,0.6509291845104624,0.11818317145598897,0.012542586264756274,1,0.910828410932384,0,0.11818317145598897,0.13474954775439654,0.14474423312551532,0.15409200312207205,0.9999854128923323
DAGLA,5,1.034052248234582,0.0813077596273719,1.4889318615058451,4,0.8286002241530878,0,0.0813077596273719,0.12059889678753066,0.14082917072420564,0.158498002345031,0.9999854128923323
DALRD3,4,0.7692175805433794,0.0673097455881615,2.275327674971468,3,0.5172639403081712,0,0.0673097455881615,0.09278008146780077,0.10642605239253013,0.11851103635756198,0.9999854128923323
DAP,5,0.7396296476365597,0.08709296686055785,0.7379952050688361,4,0.9465619985849407,0,0.08709296686055785,0.12917974581358838,0.1508494435843987,0.16977544737382394,0.9999854128923323
DAPK3,5,0.7223222669322695,0.08211971524939433,1.6744237055119142,4,0.7953581777219728,0,0.08211971524939433,0.12180322159865699,0.1422355191150397,0.16008079523802382,0.9999854128923323
DBN1,3,0.7415601034122448,0.08317958386562226,0.4933582017524353,2,0.7813914011192525,0,0.08317958386562226,0.10521477593614377,0.11763369561531328,0.12886125722240727,0.9999854128923323
DBNDD1,2,0.7137987727569055,0.14503937705604733,0.5394704809894998,1,0.46265225915896385,0,0.14503937705604733,0.16537033339099294,0.17763623319922486,0.18910821115057552,0.9999854128923323
DBP,5,0.7527098704889293,0.06748722315761443,3.028503729229342,4,0.5530667526802279,0,0.06748722315761443,0.10009972845595752,0.1168912993707271,0.13155681700389937,0.9999854128923323
DBT,4,-0.7117218110533944,0.06772592050425763,0.9870378651510223,3,0.8043883698608086,0,0.06772592050425763,0.09335373900108739,0.10708408271247676,0.11924378791057408,0.9999854128923323
DCAF10,2,-0.6328512531257564,0.09097499187164408,0.1905441725545203,1,0.6624640928799407,0,0.09097499187164408,0.10372745003064242,0.11142115471968758,0.1186168771645827,0.9999854128923323
DCAF13,3,-0.6578707830507676,0.08720924812102666,0.2056701529090732,2,0.9022757677299414,0,0.08720924812102666,0.11031194283728153,0.12333250145711627,0.1351039862432027,0.9999854128923323
DCAF15,5,1.0269610952605035,0.08468213453127703,0.190489453692426,4,0.9957421965450509,0,0.08468213453127703,0.12560390359897763,0.14667375950155467,0.16507586999116056,0.9999854128923323
DCAF17,3,-0.8357742933616776,0.10309813100841986,2.1621136855338055,2,0.33923681615314205,7.4979260627445266,0.10309813100841986,0.1304099665972156,0.1458027751274255,0.15971893776828824,0.9999854128923323
DCAKD,4,0.6774123136588185,0.07323707450439067,2.2528201459505377,3,0.5216195163670835,0,0.07323707450439067,0.10095034054289848,0.1157979823006609,0.12894717582824824,0.9999854128923323
DCBLD1,3,-0.6871737792627479,0.119910882483271,0.6553327107478247,2,0.7206034050550685,0,0.119910882483271,0.1516766019551695,0.16957959628396826,0.18576514035469732,0.9999854128923323
DCBLD2,2,-0.6426334508262124,0.14225780646432895,0.20646235920662095,1,0.6495544145438694,0,0.14225780646432895,0.16219885495913716,0.1742295188826041,0.18548148681222124,0.9999854128923323
DCHS1,4,0.671676920202985,0.10973828009415462,0.14680377545301668,3,0.985682136406363,0,0.10973828009415462,0.1512637802788359,0.17351145580352276,0.19321418003312205,0.9999854128923323
DCK,4,-0.7357331177430144,0.09468842467222398,0.47619882340659514,3,0.9240884329507143,0,0.09468842467222398,0.13051898619405577,0.14971554500875514,0.16671617521228418,0.9999854128923323
DCLRE1A,3,-0.7238119153875943,0.08012031805956457,0.17966637718913908,2,0.9140836521329622,0,0.08012031805956457,0.10134507677013849,0.11330724042148224,0.12412186301501398,0.9999854128923323
DCN,2,-0.6827479413901736,0.16603155288016822,0.00548973424121291,1,0.94093659137771,0,0.16603155288016822,0.1893050963850158,0.20334629287916742,0.21647865977518468,0.9999854128923323
DCTPP1,2,0.7707179791190423,0.17510286476231926,1.1802689183065551,1,0.277301255939064,15.273546181763745,0.17510286476231926,0.19964798326645425,0.2144563355836255,0.22830620342327718,0.9999854128923323
DCUN1D1,4,-0.7523199727470832,0.07459575752639792,1.2654397632585663,3,0.7373556409548808,0,0.07459575752639792,0.102823155844297,0.1179462487845327,0.13133938414240098,0.9999854128923323
DCUN1D4,2,-0.6611502342256295,0.09358657953502364,0.028999087548495426,1,0.8647811436871452,0,0.09358657953502364,0.10670511810491987,0.11461968331660123,0.12202197087988302,0.9999854128923323
DCX,2,-0.7540543033033361,0.17643494052535652,0.11804939043280113,1,0.7311597880802273,0,0.17643494052535652,0.2011667833158395,0.2160877885427104,0.2300430177269381,0.9999854128923323
DCXR,4,0.6830840707434995,0.08927975437427971,0.1537324665558263,3,0.9846882148878066,0,0.08927975437427971,0.12306364868697117,0.14116368638155244,0.15719322847218425,0.9999854128923323
DDA1,3,0.9808252279734808,0.20891035488267856,0.2414070412769317,2,0.8862966893205596,0,0.20891035488267856,0.26425301928933703,0.2954438571952604,0.3236425301243582,0.9999854128923323
DDAH2,4,0.8856617594551028,0.11474578293110765,2.9942273762323173,3,0.39251605787825483,0,0.11474578293110765,0.158166146601915,0.18142901298078595,0.20203079857156905,0.9999854128923323
DDI2,4,-0.8869076090876087,0.07320784259086038,0.14755529485490854,3,0.9855752766458861,0,0.07320784259086038,0.10091004713077664,0.1157517625871005,0.12889570773344391,0.9999854128923323
DDIT4,4,0.6888932280149073,0.12437016972556678,0.05937622436943899,3,0.9962197999865064,0,0.12437016972556678,0.17143244828029477,0.19664650465725478,0.21897628014115017,0.9999854128923323
DDR1,3,0.8161303979946849,0.13044226983726628,0.48888017264924616,2,0.7831429079297484,0,0.13044226983726628,0.16499787033921712,0.18447322711059289,0.20208029548849055,0.9999854128923323
DDT,5,0.6519164028679383,0.07770536891908704,1.6354731861261174,4,0.8024028454961195,0,0.07770536891908704,0.11525568788338873,0.13458964698874223,0.15147565006837035,0.9999854128923323
DDTL,5,1.3296548510441417,0.08847505411259195,0.5270099332855842,4,0.9708188503873928,0,0.08847505411259195,0.13122971249110227,0.153243288925415,0.17246963141625565,0.9999854128923323
DDX10,2,-0.6318290253078174,0.09102913951115758,0.1306942395331573,1,0.7177133108675087,0,0.09102913951115758,0.10378918783854284,0.1114874717634797,0.11868747704893319,0.9999854128923323
DDX18,2,-0.6451842075764346,0.07768639259785264,0.03728146961775685,1,0.8468931048205778,0,0.07768639259785264,0.08857611570467516,0.09514601091113352,0.10129066349508763,0.9999854128923323
DDX21,3,-0.6648251088285841,0.05928488215911702,0.9985964461512544,2,0.6069564583238891,0,0.05928488215911702,0.07499010337499627,0.08384148439311404,0.09184374451365178,0.9999854128923323
DDX26B,2,-0.7106552740900224,0.08391110053349247,0.244052117388974,1,0.6212946588311332,0,0.08391110053349247,0.0956733747213113,0.10276969003121893,0.10940668968422908,0.9999854128923323
DDX52,3,-0.6681787283365389,0.06575976908695672,1.318799986883495,2,0.51716154173592,0,0.06575976908695672,0.08318025948860576,0.0929983573012972,0.10187459620969147,0.9999854128923323
DDX54,5,0.8268254813235986,0.05639980595093417,0.7250689336290173,4,0.948201806967032,0,0.05639980595093417,0.0836544311131614,0.0976873294440435,0.10994346193817761,0.9999854128923323
DDX58,2,-0.6538481513063205,0.09544880425738343,0.0043139832577546965,1,0.9476318632063768,0,0.09544880425738343,0.10882838096936658,0.11690043349469002,0.12445001485769018,0.9999854128923323
DDX60L,4,-0.7524704150381226,0.08895631551394438,0.7789725957951441,3,0.8544896147412508,0,0.08895631551394438,0.1226178189850529,0.14065228464031806,0.15662375559419747,0.9999854128923323
DEAF1,4,0.7563359043952164,0.09730957822040262,0.9868747035183701,3,0.8044278485052604,0,0.09730957822040262,0.13413199702353665,0.15385995266339336,0.1713311922611911,0.9999854128923323
DEDD2,3,0.6158050761071595,0.11696884101453613,0.011477308815193233,2,0.9942777802170363,0,0.11696884101453613,0.14795518115042178,0.16541892133781932,0.1812073493097926,0.9999854128923323
DEF8,2,0.62675005215755,0.08425117768948644,0.20708629327691833,1,0.649060786155614,0,0.08425117768948644,0.09606112233721321,0.10318619778389998,0.10985009604689114,0.9999854128923323
DEGS1,2,-0.7984598782813744,0.15516556433434742,0.09288041997717061,1,0.7605467461616309,0,0.15516556433434742,0.17691596327566222,0.19003822913507365,0.2023111440426208,0.9999854128923323
DEGS2,5,1.2716768073078304,0.15786552823216618,1.3164397594474297,4,0.8585801741529946,0,0.15786552823216618,0.23415241832798972,0.27343111566181083,0.3077365675627114,0.9999854128923323
DENND1C,2,0.8701888383281848,0.20882883688311607,0.8119196190779103,1,0.36755332269440544,0,0.20882883688311607,0.23810150786616543,0.2557620469712671,0.2722794911368164,0.9999854128923323
DENND2C,2,-0.7959963501677946,0.16489766462112146,0.3338789394432232,1,0.563383905729333,0,0.16489766462112146,0.18801226485724226,0.20195756904916876,0.21500025036206294,0.9999854128923323
DENND4A,4,-0.6520274971770528,0.05653094909799466,0.22208680486544838,3,0.9739473554217019,0,0.05653094909799466,0.07792253583686891,0.08938327872035215,0.09953300677841594,0.9999854128923323
DENND6A,5,-0.6622809915447954,0.049691390000589586,0.566516134776295,4,0.9667108379728891,0,0.049691390000589586,0.07370424226881062,0.08606801217974122,0.09686635180868865,0.9999854128923323
DENND6B,4,0.802358364912621,0.06645281892307894,1.2444692389622205,3,0.7423596834940713,0,0.06645281892307894,0.09159888957495438,0.10507113236783355,0.1170022612719639,0.9999854128923323
DENR,5,-0.7194947362707936,0.065338632070435193,0.8049539877792954,4,0.9377826818761709,0,0.065338632070435193,0.09691285286193234,0.11316983044304302,0.12736844191233426,0.9999854128923323
DERA,2,-0.5949195357293756,0.11062199711540946,0.002097517434570745,1,0.9634707253186238,0,0.11062199711540946,0.1261284825863776,0.13548372363019287,0.14423343793261956,0.9999854128923323
DERL2,5,-0.802926958460904,0.06352622556022089,4.004604919678967,4,0.4053830003285556,0.1149906113419152,0.06352622556022089,0.0942246195781216,0.11003065028338324,0.12383541120748391,0.9999854128923323
DESI2,4,-0.6962875347848161,0.07344907012703449,0.2080252558868031,3,0.9762834662801608,0,0.07344907012703449,0.10124255634267368,0.11613317681143091,0.12932043263858456,0.9999854128923323
DEXI,3,0.9447743859830829,0.17877674591630363,0.17386046170665054,2,0.9167410536430128,0,0.17877674591630363,0.2261366839074902,0.25282849871176544,0.2769597438491995,0.9999854128923323
DFNB59,4,-0.7309344665697028,0.1281528104418504,0.49316785092212356,3,0.9203898207604821,0,0.1281528104418504,0.17664645868478426,0.20262738477402828,0.2256363063756562,0.9999854128923323
DGAT1,5,0.7275620664474918,0.06584767964735026,1.3620200602305772,4,0.8507685096709925,0,0.06584767964735026,0.09766789243588778,0.11405152670972975,0.12836075832111715,0.9999854128923323
DGCR2,4,0.8764205249137614,0.07358641556217092,1.312790886455425,3,0.7260980179190792,0,0.07358641556217092,0.10143187396005346,0.11635033901205995,0.12956225423090778,0.9999854128923323
DGCR6L,5,0.8564689697632017,0.08971619246431899,0.877830425167998,4,0.9277196366860514,0,0.08971619246431899,0.13307061816437316,0.15539300360982852,0.17488905546980338,0.9999854128923323
DGKE,3,-0.7877164342614932,0.1323790401876608,1.572394401338747,2,0.4555739617187173,0,0.1323790401876608,0.16744771258398874,0.18721223400732293,0.20508072721349307,0.9999854128923323
DGKH,2,-0.6972540306432319,0.16513844634901914,0.1316599520770773,1,0.716717114411687,0,0.16513844634901914,0.1882867982662041,0.20225246523553625,0.21531419132599083,0.9999854128923323
DGKI,4,-0.7770485901140581,0.12632238869050003,1.471785537342368,3,0.6887973540667277,0,0.12632238869050003,0.17412339641903427,0.1997332338675375,0.2224135163200939,0.9999854128923323
DGKQ,5,0.84650558868177,0.07355659690184214,2.7570782124693967,4,0.5992642489809115,0,0.07355659690184214,0.10910206453186945,0.12740376306585405,0.1433882045412535,0.9999854128923323
DGKZ,4,0.8296309729228564,0.09516350596298387,0.22625790697128684,3,0.9732430333201499,0,0.09516350596298387,0.1311738405613598,0.15046671448502213,0.1675526421403652,0.9999854128923323
DHCR7,2,0.7467412698719035,0.14871238208890272,1.1228728528576756e-4,1,0.9915453190198795,0,0.14871238208890272,0.1695582034657201,0.18213472727581,0.193897223799478,0.9999854128923323
DHFR,2,-0.7720883384165954,0.1781806757955724,0.015136098032956086,1,0.9020842521842842,0,0.1781806757955724,0.20315722776966846,0.21822586886171472,0.2323191780414258,0.9999854128923323
DHRS3,2,0.7092976418036308,0.15218593784445184,0.4986872659893278,1,0.48007749467437894,0,0.15218593784445184,0.17351866637590888,0.18638894687291152,0.19842618640671425,0.9999854128923323
DHRS4,2,0.8101951429071246,0.12616202152242728,0.030097702074173546,1,0.8622687294703983,0,0.12616202152242728,0.14384683652070013,0.15451628882398807,0.16449515083084726,0.9999854128923323
DHRS4L2,5,0.8965106844622568,0.11007151240528561,1.5171651915361506,4,0.8235965815183738,0,0.11007151240528561,0.16326243675448213,0.1906494519519026,0.2145688789272815,0.9999854128923323
DHX36,5,-0.7494123679660061,0.06478199890793529,2.223379095622657,4,0.6947514056056984,0,0.06478199890793529,0.09608723245841252,0.11220571352441544,0.1262833641202568,0.9999854128923323
DIAPH2,2,-0.6659289922869909,0.1585585027544639,0.1922329787576818,1,0.6610645906994158,0,0.1585585027544639,0.18078450828115372,0.19419371306405878,0.20673499450444638,0.9999854128923323
DICER1,2,-0.6129674015171437,0.09865653683386479,0.018344572783840468,1,0.8922623096414253,0,0.09865653683386479,0.11248575882336055,0.12082908751653128,0.128632386443259,0.9999854128923323
DIMT1,2,-0.7412449016856919,0.12893677922035407,0.24316379555634016,1,0.6219303352268529,0,0.12893677922035407,0.1470105470584809,0.15791465908387825,0.16811299224248302,0.9999854128923323
DIRAS1,2,0.8059286743881302,0.18385520803028113,0.5422773722474665,1,0.461490439067111,0,0.18385520803028113,0.20962718997261626,0.2251757231137205,0.2397178628800084,0.9999854128923323
DIS3,3,-0.6332691945658495,0.06071801589208306,0.4964714920135106,2,0.7801759982205829,0,0.06071801589208306,0.07680289009011315,0.08586824155496899,0.09406394574591799,0.9999854128923323
DIXDC1,3,-0.6052195356727291,0.08113313342280182,0.07164135607701554,2,0.9648132901832751,0,0.08113313342280182,0.10262619812895467,0.11473957764435219,0.12569090982885434,0.9999854128923323
DKK3,3,0.6584751096397028,0.10672478027996456,0.06933124684430458,2,0.9659283460792814,0,0.10672478027996456,0.1349973553862843,0.15093163171321453,0.1653373186607794,0.9999854128923323
DLAT,3,-0.6589571266377859,0.10678781717895414,0.30299257831662857,2,0.8594210714425473,0,0.10678781717895414,0.1350770914572607,0.15102077935069555,0.16543497500477267,0.9999854128923323
DLD,3,-0.6842207633673422,0.09251654938394722,0.008129328353118278,2,0.995943585389851,0,0.09251654938394722,0.11702520692508839,0.1308381588827384,0.14332602200504146,0.9999854128923323
DLG1,5,-0.8627323239830171,0.0745798831442669,0.47573659488900527,4,0.9758196327420583,0,0.0745798831442669,0.11061984330845671,0.12917614682842,0.1453829566534108,0.9999854128923323
DLGAP3,3,0.765945600554562,0.1441354655619609,0.10772744978405557,2,0.9475612267121437,0,0.1441354655619609,0.18231854511382312,0.20383833021668532,0.22329370308773092,0.9999854128923323
DLGAP4,3,0.6254807097078241,0.10556192554341112,0.13952462340337238,2,0.9326154653465802,0,0.10556192554341112,0.13352644756411472,0.14928710677371088,0.16353583184928744,0.9999854128923323
DMPK,4,0.6651209908698469,0.08776593499941356,0.1487886309028018,3,0.9853994037252517,0,0.08776593499941356,0.12097699268046978,0.1387701277862178,0.1545278744226943,0.9999854128923323
DMRTC1,2,0.8746760627784901,0.18542222740949085,0.14672505057441407,1,0.7016848709594818,0,0.18542222740949085,0.21141386695944528,0.22709492206177884,0.24176100618119706,0.9999854128923323
DMTN,4,0.8211008860771968,0.08529616492527413,0.35938399896529105,3,0.9484988852479664,0,0.08529616492527413,0.11757264956963065,0.13486507842061604,0.1501793954841164,0.9999854128923323
DMWD,4,0.7772566888377624,0.10484704838436328,0.44463878083546465,3,0.9308743596957662,0,0.10484704838436328,0.14452168264428256,0.16577773942023258,0.1846022779388985,0.9999854128923323
DMXL1,2,-0.6155900889443785,0.07798130792605942,0.15414422903018665,1,0.6946060314034547,0,0.07798130792605942,0.08891237091438159,0.09550720694684954,0.101675186038483,0.9999854128923323
DNA2,4,-0.7406309478886599,0.09822951424381318,1.4964640661187067,3,0.6830866621914646,0,0.09822951424381318,0.13540004132308617,0.15531449923120103,0.17295090677005434,0.9999854128923323
DNAAF5,3,0.6696831073175963,0.07020872792714127,0.17199758298551696,2,0.9175953401400943,0,0.07020872792714127,0.08880779674913546,0.09929013523152586,0.10876689360809028,0.9999854128923323
DNAH1,2,0.7448021979735421,0.18956709890992524,0.10607207788756623,1,0.7446611159687606,0,0.18956709890992524,0.21613974758443436,0.232171332174513,0.2471652574321746,0.9999854128923323
DNAH14,3,-0.8416809702034078,0.13780425471332056,0.2870550648640354,2,0.8662969485970557,0,0.13780425471332056,0.17431012646243468,0.19488464596829444,0.21348543341648618,0.9999854128923323
DNAJA1,2,-0.6611466065666884,0.14935536051785064,0.013072448091694923,1,0.9089723914092644,0,0.14935536051785064,0.17029131166927539,0.1829222118090794,0.19473556510357612,0.9999854128923323
DNAJB11,3,-0.7417723824425417,0.08672959696046433,1.0111404351706472,2,0.603161544030789,0,0.08672959696046433,0.10970522677739349,0.12265417228064102,0.1343609138604639,0.9999854128923323
DNAJB14,5,-1.0497418272306955,0.0956458201571813,2.5072897823734692,4,0.6433309219399678,0,0.0956458201571813,0.14186567734934238,0.16566342004383347,0.18644802780252598,0.9999854128923323
DNAJB2,2,0.6461290897705371,0.10846252009830369,6.898061632921966e-6,1,0.9979044255372179,0,0.10846252009830369,0.12366629996040722,0.13283891522860458,0.1414178243798404,0.9999854128923323
DNAJB4,5,-0.7983223049654067,0.09991721823619314,0.05056707729353589,4,0.9996857081605451,0,0.09991721823619314,0.14820118454361256,0.17306169853603406,0.19477451553071407,0.9999854128923323
DNAJB9,5,-0.7950869639480609,0.10713430259670531,0.5266835662106402,4,0.9708518818140484,0,0.10713430259670531,0.15890585056674697,0.18556205533095188,0.2088432029369239,0.9999854128923323
DNAJC10,4,-0.8282575835286174,0.07448735271743805,0.9283431859324607,3,0.818583114248848,0,0.07448735271743805,0.1026737301271306,0.11777484573171838,0.13114851778057302,0.9999854128923323
DNAJC15,5,-0.8083440910673783,0.10004999263405596,0.655912189955299,4,0.9566524635399203,0,0.10004999263405596,0.1483981208013236,0.17329167053907685,0.19503334048075902,0.9999854128923323
DNAJC19,2,-0.8052131790029657,0.13758545512313924,0.03876706675754687,1,0.8439108477435849,0,0.13758545512313924,0.15687155478248366,0.1685070805401424,0.17938948599193408,0.9999854128923323
DNAJC2,5,-0.8454850097304223,0.07617038839523148,4.505648648296611,4,0.34187822165112736,11.222549465497595,0.07617038839523148,0.11297894383564094,0.13193098273279572,0.1484834221705089,0.9999854128923323
DNAJC21,2,-0.7113443257351689,0.11404793998302024,0.01749148633417342,1,0.8947822964981558,0,0.11404793998302024,0.13003465845182108,0.13967962958697977,0.14870032092914257,0.9999854128923323
DNAJC24,4,-0.8070976665610118,0.07964613684856485,0.1964095807926012,3,0.978166822589988,0,0.07964613684856485,0.10978462332362673,0.1259315996374651,0.14023149452313124,0.9999854128923323
DNAJC27,3,-0.7754859571269758,0.09190822889817368,2.733015957707273,2,0.25499585755101617,26.820771230410234,0.09190822889817368,0.1162557356121346,0.12997786380148804,0.14238361596081836,0.9999854128923323
DNAJC28,2,-0.805909121094098,0.17553200649275172,0.001666919127314592,1,0.9674330802299237,0,0.17553200649275172,0.20013728012137785,0.21498192471707275,0.2288657357835188,0.9999854128923323
DNAJC3,4,-0.8618482359402302,0.08578693701484426,1.4336892118675841,3,0.6976571396511058,0,0.08578693701484426,0.11824913221051064,0.13564105722815692,0.15104348891430391,0.9999854128923323
DNAJC4,5,0.8278655132815018,0.09712790634132139,0.1679497590001347,4,0.9966654214534959,0,0.09712790634132139,0.1440639664126554,0.16823046861595997,0.1893371456501452,0.9999854128923323
DNAL1,2,-1.0043658572545562,0.24768246410217853,0.006790596798086591,1,0.9343245985220394,0,0.24768246410217853,0.2824014587973034,0.3033478276427745,0.3229384231402882,0.9999854128923323
DNAL4,4,0.8210240781291818,0.09243668904133243,1.0159549575875935,3,0.7973914055024819,0,0.09243668904133243,0.127415182822753,0.1461552383676684,0.16275158552488622,0.9999854128923323
DNASE1L1,5,0.7323846722619972,0.09401597578185225,1.4004254385967758,4,0.8441210697817076,0,0.09401597578185225,0.13944822747123903,0.1628404467773332,0.1832708762144508,0.9999854128923323
DNASE2,2,0.7074749238624326,0.1409074801114098,0.01636912307189979,1,0.898194972832047,0,0.1409074801114098,0.160659246035675,0.17257571360716148,0.18372087665066944,0.9999854128923323
DNLZ,3,0.9923554858345166,0.17006221950708036,4.437865182485777,2,0.10872510103335623,54.93328621398674,0.17006221950708036,0.21511358303435657,0.2405042972741834,0.26345925758799693,0.9999854128923323
DNM1L,3,-0.8201865349656383,0.12755624739336727,0.28379286872700193,2,0.8677111168867266,0,0.12755624739336727,0.16134730861878255,0.18039177502911777,0.19760928874368988,0.9999854128923323
DNPH1,5,0.9855046200286451,0.09035045322063973,1.3381637562351174,4,0.8548680269086164,0,0.09035045322063973,0.13401137889666317,0.1564915754650231,0.1761254573003716,0.9999854128923323
DNTTIP2,2,-0.63956738541971,0.1173630566629926,0.05916307736089215,1,0.8078236539276747,0,0.1173630566629926,0.1338144730216618,0.14373980173884063,0.15302270425586323,0.9999854128923323
DOCK11,5,-0.826759169480948,0.0827648511537706,0.1264005911026874,4,0.9980850467154936,0,0.0827648511537706,0.12276011278225825,0.1433529272792063,0.16133839663490537,0.9999854128923323
DOHH,4,0.8881222348719826,0.08982171157892307,0.3693567450788577,3,0.9464973238022604,0,0.08982171157892307,0.12381068514000623,0.14202059596205796,0.1581474425970855,0.9999854128923323
DOK1,4,0.6532249795169461,0.11714029249134394,0.16639313307756176,3,0.9828230467222262,0,0.11714029249134394,0.1614667502534793,0.18521506502548335,0.20624676770162625,0.9999854128923323
DOK6,2,-0.7636054012719738,0.17776338477005427,0.04472591114052208,1,0.8325088248735929,0,0.17776338477005427,0.20268144279725828,0.21771479381833364,0.23177509710998034,0.9999854128923323
DOT1L,4,0.6742351671961793,0.11232957792792465,0.11725655755227421,3,0.9896890513702377,0,0.11232957792792465,0.1548356378460231,0.1776086574288096,0.19777663067244233,0.9999854128923323
DPCD,2,0.6509710799865841,0.1274992048623474,0.02411621499913875,1,0.8765895745691887,0,0.1274992048623474,0.14537146010372903,0.1561539972616655,0.16623862460000807,0.9999854128923323
DPF1,3,0.6485886012794754,0.11063670322523714,0.1330930407846381,2,0.9356193894628471,0,0.11063670322523714,0.13994559000153853,0.1564639261973775,0.17139764362825435,0.9999854128923323
DPH3,2,-0.6019462904882951,0.11109686025174724,0.035635880200122635,1,0.8502694166418303,0,0.11109686025174724,0.12666990986471544,0.1360653098210355,0.14485258371273063,0.9999854128923323
DPH6,3,-0.8233403483845204,0.13701301360401197,1.7662733334261476,2,0.4134839142553861,0,0.13701301360401197,0.17330927682892533,0.1937656620604031,0.21225964796081145,0.9999854128923323
DPM1,4,-0.7006884384079474,0.11695639884822241,0.06806958632715972,3,0.9953719604090425,0,0.11695639884822241,0.16121327035928062,0.18492430364573825,0.20592298953197985,0.9999854128923323
DPM2,4,0.8130099904405466,0.0765751419808614,1.5665968427888324,3,0.6669872504014039,0,0.0765751419808614,0.10555154902624242,0.12107593040514993,0.13482445010125632,0.9999854128923323
DPM3,5,0.9559840594382428,0.09320324008233871,3.6964088147068903,4,0.44864845714184565,0,0.09320324008233871,0.13824274561821084,0.16143274725265072,0.18168656267048222,0.9999854128923323
DPP7,5,0.8411043274781177,0.06424997621688452,1.3359883221242812,4,0.8552406756282175,0,0.06424997621688452,0.09529811528311827,0.111284223192736,0.1252462609689681,0.9999854128923323
DPP8,4,-0.7646410949380956,0.0663116528517425,0.2860032296441845,3,0.9626390357977023,0,0.0663116528517425,0.09140430557401011,0.10484792921095305,0.11675371275545383,0.9999854128923323
DPY19L1,3,-0.6757882254441553,0.11687179714342154,0.008396298264531123,2,0.995810650777052,0,0.11687179714342154,0.14783242928414903,0.16528168057914389,0.18105700959112128,0.9999854128923323
DPY19L2,5,-1.187488330376039,0.11619066268824488,0.406378307828153,4,0.9819513691466165,0,0.11619066268824488,0.17233860336864085,0.20124813114113754,0.2264972988018782,0.9999854128923323
DPY19L4,2,-0.7246905513493013,0.1324181424537597,0.06492203285534648,1,0.7988791018056565,0,0.1324181424537597,0.1509799118630537,0.16217844084944305,0.17265213455540346,0.9999854128923323
DPYSL4,3,0.6294326139460497,0.08570822564000836,0.16101819719452273,2,0.9226465087565683,0,0.08570822564000836,0.10841328289362766,0.12120973510703328,0.13277861221469597,0.9999854128923323
DR1,2,-0.6724298716216507,0.08270944238730467,0.0027485652002303767,1,0.9581886517610346,0,0.08270944238730467,0.09430327363365777,0.1012979653795095,0.1078399191488573,0.9999854128923323
DRAP1,3,0.801743548785142,0.09055709880294126,1.161009554479962,2,0.559615813932326,0,0.09055709880294126,0.11454667620568074,0.12806707729627992,0.14029045421786043,0.9999854128923323
DRD4,3,1.6107751863448807,0.24187964764885164,1.9691715380116999,2,0.3735939490820312,0,0.24187964764885164,0.30595624248374503,0.34206947816703154,0.3747183388522082,0.9999854128923323
DSCAML1,5,0.7430321678947798,0.09386250943407388,0.5663181065956826,4,0.9667319634955248,0,0.09386250943407388,0.13922060009199624,0.16257463526572902,0.18297171522832187,0.9999854128923323
DSEL,5,-0.8407655426817086,0.0763837051935998,1.8402828786416965,4,0.765104701602059,0,0.0763837051935998,0.1132953437791072,0.13230045826567757,0.1488992531633067,0.9999854128923323
DTWD1,4,-0.9974159004973483,0.1351230925249788,0.28255180513517325,3,0.9632759026289913,0,0.1351230925249788,0.18625432948975057,0.21364836843230273,0.2379087543868307,0.9999854128923323
DTX1,5,0.978189523589074,0.07468970485721674,1.0185498997859668,4,0.9069702951939581,0,0.07468970485721674,0.11078273523274247,0.12936636361502335,0.14559703858355413,0.9999854128923323
DTX2,3,0.7788464892670549,0.11390013103004601,0.6768087386259203,2,0.7129069519107499,0,0.11390013103004601,0.1440735359386263,0.16107911005876369,0.17645332424408433,0.9999854128923323
DTYMK,2,0.5980885654701513,0.11359520979279869,3.270751272665578e-4,1,0.9855708699730784,0,0.11359520979279869,0.12951846661473002,0.1391251506083818,0.14811003298014255,0.9999854128923323
DUS3L,5,0.709117014761839,0.09731666252251281,0.7216894814950889,4,0.9486274762350062,0,0.09731666252251281,0.14434393707373175,0.1685574039120262,0.18970509918602205,0.9999854128923323
DUSP11,3,-0.628509370979198,0.0927354011289713,0.0634140710568437,2,0.968790361664875,0,0.0927354011289713,0.11730203491875978,0.13114766198870045,0.14366506567054813,0.9999854128923323
DUSP15,5,1.2194690497300082,0.11364703016584232,4.631989627353943,4,0.32718250633308865,13.644020781518277,0.11364703016584232,0.16856578663576702,0.19684243037655175,0.22153884618495312,0.9999854128923323
DUSP23,5,1.5199060826847524,0.12072081697534821,0.2180411036127368,4,0.9944720240289492,0,0.12072081697534821,0.17905790804270597,0.2090945885325265,0.23532819523920837,0.9999854128923323
DUSP8,4,0.8844480549421998,0.11576243245219907,0.4284876538190488,3,0.9342967343594342,0,0.11576243245219907,0.1595675012581663,0.1830364770151701,0.20382079476460405,0.9999854128923323
DUSP9,3,0.8965978189884567,0.11888536630020638,0.07978748377083258,2,0.9608915362508661,0,0.11888536630020638,0.15037941518883094,0.16812929738944518,0.18417641751538713,0.9999854128923323
DVL1,3,0.6798210570791363,0.13146497122696138,0.14375747225370403,2,0.9306437424336866,0,0.13146497122696138,0.1662914966422795,0.1859195452861575,0.20366465766866348,0.9999854128923323
DYNC1LI2,5,-0.9101864573568658,0.10883151451424337,1.1436567576134005,4,0.8872851561223822,0,0.10883151451424337,0.1614232226577723,0.18850171260333923,0.2121516780408844,0.9999854128923323
DYNC2H1,2,-0.6270419413250796,0.08591305614923578,0.005370818433293384,1,0.9415786372438205,0,0.08591305614923578,0.09795595531652102,0.10522157490435413,0.11201692045728162,0.9999854128923323
DYNC2LI1,5,-0.6904375584411456,0.09047991267926472,0.29467663420411216,4,0.9901552160976723,0,0.09047991267926472,0.13420339830490216,0.15671580582488195,0.17637782024421325,0.9999854128923323
DYNLRB1,5,1.0331827793581747,0.08271192736146254,2.083493685785279,4,0.7204054460771382,0,0.08271192736146254,0.12268161411256899,0.1432612605819995,0.1612352291709906,0.9999854128923323
DYNLT3,4,-0.9838198013301626,0.13313752041914637,0.6610181747751767,3,0.8823322584357703,0,0.13313752041914637,0.18351740721899207,0.21050890327583902,0.23441279394352965,0.9999854128923323
DYRK1B,4,0.7191602452825598,0.07686342005986294,0.26465510080887855,3,0.9665327932717959,0,0.07686342005986294,0.10594891293575402,0.12153173806972133,0.1353320160354774,0.9999854128923323
DYSF,3,0.660680807825924,0.13385377227195472,0.13463900994745612,2,0.9348964495474256,0,0.13385377227195472,0.16931311751394723,0.1892978201217981,0.20736537233452831,0.9999854128923323
E2F3,2,-0.7178794775373376,0.12264358293150891,0.04036969695931031,1,0.8407594737622166,0,0.12264358293150891,0.13983519930461458,0.15020709920445455,0.15990766816595267,0.9999854128923323
E2F5,4,-0.6521941421401277,0.10625256049615348,0.42221361598712126,3,0.9356164044727882,0,0.10625256049615348,0.1464590473913395,0.1680000491963377,0.18707693737381187,0.9999854128923323
E4F1,2,0.6161148217641671,0.11255398037451957,1.646771421133575e-4,1,0.9897613003652779,0,0.11255398037451957,0.12833128242011788,0.1378499102184024,0.14675243591453993,0.9999854128923323
EBF1,3,-0.72612982519689,0.14001906475887213,0.14367018777509505,2,0.9306843586968871,0,0.14001906475887213,0.17711166419386037,0.19801686037279367,0.21691660238505983,0.9999854128923323
EBI3,3,0.9607317632778933,0.18765840440947446,0.1063966580963191,2,0.9481919398278807,0,0.18765840440947446,0.23737119200276974,0.26538906060917383,0.29071915002150045,0.9999854128923323
EBLN2,4,-0.9629302821288833,0.12392926876268179,0.31138819876022006,3,0.9578726306501975,0,0.12392926876268179,0.17082470824356974,0.19594937902461582,0.21819999389038566,0.9999854128923323
ECE1,4,0.7053283997316857,0.10713049272969183,1.2391335184057428,3,0.7436345811007837,0,0.10713049272969183,0.1476691934621519,0.16938818194096775,0.18862269657909758,0.9999854128923323
ECE2,3,0.7470754086831014,0.11514012091271433,0.8618191638313203,2,0.649917672429071,0,0.11514012091271433,0.14564201286054504,0.16283272056803866,0.17837430831010037,0.9999854128923323
ECH1,5,0.9329739441320252,0.06023384591249868,2.4883259246718326,4,0.6467274300900412,0,0.06023384591249868,0.0893412313856452,0.10432808145572266,0.11741738174120733,0.9999854128923323
ECHDC1,5,-0.7512105660496413,0.06525822825673887,0.8154725619300575,4,0.9363617976653504,0,0.06525822825673887,0.09679359473363405,0.11303056695259868,0.12721170602500698,0.9999854128923323
ECI1,3,0.634476940092253,0.11113100331561357,0.016664715104927265,2,0.9917022603224979,0,0.11113100331561357,0.14057083565482514,0.15716297208907012,0.17216341003547703,0.9999854128923323
ECSIT,3,0.6382291911795828,0.07504223372221057,0.1424412028098296,2,0.9312564329886848,0,0.07504223372221057,0.09492175170755228,0.10612574468072182,0.11625492858733047,0.9999854128923323
ECT2,4,-0.8455582964168225,0.10026935923212035,0.622681632918164,3,0.891220863126065,0,0.10026935923212035,0.13821177359963946,0.15853977734956612,0.1765424244835841,0.9999854128923323
EDEM3,4,-0.6929856848700778,0.0832312693711647,1.6942714291210683,3,0.6382081383285398,0,0.0832312693711647,0.1147263874710488,0.13160019187994543,0.14654377169815055,0.9999854128923323
EDF1,5,1.1340019535040973,0.0697587775065236,0.9990484917482847,4,0.9099402349636884,0,0.0697587775065236,0.10346898804110466,0.12082574691519182,0.1359848916202742,0.9999854128923323
EDNRA,4,-1.1990780560418242,0.17169179891436442,0.1356931462812822,3,0.9872342857884159,0,0.17169179891436442,0.236660812656967,0.2714685700705081,0.3022946060133999,0.9999854128923323
EDRF1,4,-0.6743704423423301,0.10261311936580939,0.16887835692677367,3,0.9824497484725095,0,0.10261311936580939,0.14144242399423698,0.16224558750534518,0.18066904002773612,0.9999854128923323
EEA1,2,-0.6105690348373812,0.10446774662644391,0.05716721259009955,1,0.8110306319917473,0,0.10446774662644391,0.11911155741895472,0.12794633690657314,0.1362092770146428,0.9999854128923323
EEF1A2,3,0.735205499792828,0.14641016300650944,0.8300915381127194,2,0.6603100582450907,0,0.14641016300650944,0.18519583507883827,0.20705523819306126,0.22681764921588973,0.9999854128923323
EEF1E1,2,-0.7068633867390237,0.16349926475304222,0.039706620333194734,1,0.842055298853113,0,0.16349926475304222,0.18641784369319642,0.20024488598258405,0.2131769600053795,0.9999854128923323
EEF1G,5,0.985643573263399,0.11499360583844986,0.9464606814788425,4,0.9178026953848107,0,0.11499360583844986,0.17056308112895738,0.19917476785774424,0.22416380541507883,0.9999854128923323
EEF2,4,0.7670158415587822,0.07925631503707303,0.5671823627861056,3,0.90390236962687,0,0.07925631503707303,0.10924729103820359,0.12531523723450164,0.13954514239876958,0.9999854128923323
EEFSEC,4,0.7728458314621164,0.06652254767807926,3.3180668136011473,3,0.345135986178173,9.585907441566695,0.06652254767807926,0.09169500403078906,0.10518138320993797,0.11712503141389212,0.9999854128923323
EFCAB13,2,-1.0600499122968463,0.19877118763114146,0.2868424126539624,1,0.5922511283005305,0,0.19877118763114146,0.22663402335479724,0.24344399263165575,0.2591659208979849,0.9999854128923323
EFCAB7,4,-0.8003119176679396,0.10454375921414522,0.7677038033832351,3,0.8571752191905633,0,0.10454375921414522,0.1441036273734559,0.1652981971364568,0.1840682822512831,0.9999854128923323
EFCC1,3,0.9577239219583802,0.15893300040530156,0.32092151215546183,2,0.8517512489758823,0,0.15893300040530156,0.20103611065808685,0.2247652046818261,0.24621794549300385,0.9999854128923323
EFEMP2,5,0.8981623299797102,0.11228446973281576,0.7921310026623538,4,0.9394998898541698,0,0.11228446973281576,0.1665447829113694,0.1944824064781667,0.2188827269203364,0.9999854128923323
EFHD1,3,0.8295821150056883,0.1339912022339608,1.3359567481283416,2,0.5127441074931565,0,0.1339912022339608,0.16948695419342308,0.18949217543794353,0.20757827791617608,0.9999854128923323
EFNA3,2,0.6717665141096012,0.15200888843472188,0.0034564182067226583,1,0.9531183295955405,0,0.15200888843472188,0.17331679898990646,0.18617210651636185,0.198195342219164,0.9999854128923323
EFNB1,5,0.7778464429826231,0.09557121496744396,3.600892326869964,4,0.4627041496072281,0,0.09557121496744396,0.14175501997029047,0.16553420006470007,0.18630259551424092,0.9999854128923323
EFR3A,3,-0.7058437255341342,0.12085533432867021,0.05555214014659156,2,0.9726061380387914,0,0.12085533432867021,0.15287124954389378,0.17091525289274012,0.18722827886210772,0.9999854128923323
EHD1,4,0.9209488321335709,0.07751330406236104,3.2272204744734783,3,0.3579013250882024,7.040748417120443,0.07751330406236104,0.10684471621311775,0.12255929490112161,0.13647625489680798,0.9999854128923323
EHMT2,5,0.7123980697187497,0.05615672845900219,1.168168875504524,4,0.8833110820502961,0,0.05615672845900219,0.0832938889275788,0.0972663068778409,0.10946961667343504,0.9999854128923323
EIF1AX,5,-0.8963432332658882,0.07700022853483215,1.4235629722385437,4,0.8400894933153932,0,0.07700022853483215,0.1142097956732085,0.13336830801674412,0.15010107840645998,0.9999854128923323
EIF1B,2,-0.7848642262229129,0.17782476043250117,0.004627983009026935,1,0.9457623257803662,0,0.17782476043250117,0.2027514218192794,0.21778996334614376,0.2318551211832293,0.9999854128923323
EIF2A,3,-0.6471871947558084,0.10252245544186543,0.22643568052476445,2,0.8929561171322855,0,0.10252245544186543,0.12968178820376766,0.14498864693367744,0.15882710501545472,0.9999854128923323
EIF2AK2,3,-0.6493139622958077,0.1104706572918315,0.03731710144315096,2,0.9815144424312375,0,0.1104706572918315,0.13973555666323034,0.15622910178637836,0.17114040637434014,0.9999854128923323
EIF2S1,5,-0.8070280789388894,0.07154035960203867,1.8616263040003802,4,0.7611902780349643,0,0.07154035960203867,0.10611150132938377,0.12391153762247895,0.13945783447895002,0.9999854128923323
EIF3CL,2,0.5867618819653352,0.09271705400425596,0.004913400142630691,1,0.9441175290208224,0,0.09271705400425596,0.10571370646324228,0.11355473638224947,0.12088824829356987,0.9999854128923323
EIF3E,5,-0.7548769461610538,0.0680182198249949,0.4116923515991781,4,0.9815084709191362,0,0.0680182198249949,0.10088732379221348,0.11781101257727983,0.13259192006684664,0.9999854128923323
EIF3G,5,0.7361267545948794,0.05694294863845606,0.6208969688194643,4,0.9607134905237636,0,0.05694294863845606,0.08446004190865677,0.09862808017459092,0.11100224195321015,0.9999854128923323
EIF4E,3,-1.115527212935143,0.18220522659007962,2.5775935113716066,2,0.27560220044240674,22.408246638712775,0.18220522659007962,0.23047340704469055,0.2576771025789535,0.2822711232701309,0.9999854128923323
EIF4E3,5,-0.7961706083522312,0.07511855681140188,0.4736546821921719,4,0.9760144999533682,0,0.07511855681140188,0.11141882547550565,0.1301091569885972,0.14643302494391652,0.9999854128923323
EIF4EBP1,3,0.7419520200009319,0.1322153564484028,0.27854563372021596,2,0.8699906479621228,0,0.1322153564484028,0.16724066721119338,0.18698075024332428,0.20482714945501657,0.9999854128923323
EIF5,2,-0.7320814606517791,0.09834652537808782,0.3183758316106825,1,0.5725853493358404,0,0.09834652537808782,0.11213229137998444,0.1204494025759958,0.1282281809576307,0.9999854128923323
EIF5A2,3,-0.8116432085240262,0.12834288498355229,0.02041139128974506,2,0.989846205753573,0,0.12834288498355229,0.16234233521001887,0.1815042485778299,0.1988279424582048,0.9999854128923323
EIF5B,5,-0.8496219813473893,0.07109957790785884,5.066984100834652,4,0.28049330593967303,21.05757743859695,0.07109957790785884,0.10545771642268059,0.12314808133311321,0.13859859277412456,0.9999854128923323
EIF6,5,0.7898669639438294,0.0678734317557544,0.8956632304201584,4,0.9251821741379338,0,0.0678734317557544,0.1006725683802033,0.11756023228502549,0.13230967615995282,0.9999854128923323
ELAC1,2,-0.6252770734208052,0.12786707163085034,0.002418137117457107,1,0.9607801868056162,0,0.12786707163085034,0.14579089275288673,0.1566045401997449,0.1667182641844118,0.9999854128923323
ELAVL2,3,-1.1532030082709699,0.21188706985280792,0.7349511788668999,2,0.6924802304370787,0,0.21188706985280792,0.26801829898962853,0.2996535678773363,0.3282540371266451,0.9999854128923323
ELFN1,4,1.1090738215919744,0.1352814172271451,0.6628461665323633,3,0.8819061165399028,0,0.1352814172271451,0.1864725650310826,0.21389870176665934,0.23818751379040257,0.9999854128923323
ELFN2,4,0.877973892538662,0.10633880582611009,0.9420857842524931,3,0.8152614683254147,0,0.10633880582611009,0.14657792837461572,0.16813641503644552,0.18722878794678383,0.9999854128923323
ELK4,3,-0.6606781733345429,0.06793567975667422,0.3158182307399488,2,0.8539273873165265,0,0.06793567975667422,0.08593259296915363,0.09607555968092402,0.10524550252435184,0.9999854128923323
ELL2,5,-0.9272140765368646,0.08284788589118962,2.0275158233706163,4,0.730697788052363,0,0.08284788589118962,0.12288327320106292,0.14349674766320916,0.16150026113672505,0.9999854128923323
ELMOD2,4,-0.9244457614509114,0.08271071722570988,2.755281994381737,3,0.43091429687314287,0,0.08271071722570988,0.11400885585595334,0.13077712666968316,0.1456272450689539,0.9999854128923323
ELOF1,5,0.9132689999637122,0.07842672006651316,6.6329117168641005,4,0.1566061544060073,39.69465943847788,0.07842672006651316,0.11632562454103,0.13583906382618238,0.15288182232524122,0.9999854128923323
ELOVL4,2,-1.018268366758173,0.23252627559066813,8.854751728555088e-4,1,0.9762609045387366,0,0.23252627559066813,0.26512074511830935,0.284785363493458,0.3031771710206995,0.9999854128923323
ELOVL5,3,-0.7923087738073575,0.1152519461873733,0.10682813739701975,2,0.9479873992948622,0,0.1152519461873733,0.14578346188770352,0.16299086538807747,0.1785475472806761,0.9999854128923323
ELOVL6,4,-0.8426080363330056,0.09817639081995602,0.9662183876169754,3,0.809425327430605,0,0.09817639081995602,0.13532681573665367,0.15523050372295344,0.1728573733305626,0.9999854128923323
ELOVL7,4,-1.1341170252556252,0.14433875766009518,1.7912584516521453,3,0.6168390398629744,0,0.14433875766009518,0.1989572472402888,0.22821961442248828,0.25413460721606773,0.9999854128923323
ELP2,4,-0.6685816764493847,0.08526932517164709,0.3913576122827076,3,0.9420219666666636,0,0.08526932517164709,0.11753565352238174,0.13482264104396643,0.15013213922144408,0.9999854128923323
EMB,3,-0.9277524184918392,0.15781042597352216,0.04590019627636399,2,0.97731125220751,0,0.15781042597352216,0.19961615383908995,0.2231776446956304,0.2444788606613399,0.9999854128923323
EMC10,2,0.7241814128431698,0.14941297247667842,0.04732142462421371,1,0.8277915263459399,0,0.14941297247667842,0.17035699940892263,0.18299277176018452,0.19481068190768783,0.9999854128923323
EMC2,4,-0.6624194898763817,0.07416650090378805,0.5060118311053666,3,0.9175686673396428,0,0.07416650090378805,0.1022314664229758,0.11726753447045345,0.13058359986830634,0.9999854128923323
EMCN,3,-1.3083141893295525,0.2110209465097982,0.34728217439798714,2,0.8405985451009732,0,0.2110209465097982,0.26692272999020855,0.29842868449896404,0.32691224461334983,0.9999854128923323
EMID1,3,0.846962472013941,0.14623956005237632,0.5133108044797989,2,0.7736347606427364,0,0.14623956005237632,0.18498003751459272,0.2068139691815453,0.22655335225582118,0.9999854128923323
EMP3,5,0.7847231196282108,0.09934678451705267,1.0543529408272063,4,0.901445327689091,0,0.09934678451705267,0.14735509460663698,0.1720736783521323,0.19366253550115273,0.9999854128923323
EMX2,5,0.9068192034413305,0.08840406103400675,1.5099064472821346,4,0.8248852276919443,0,0.08840406103400675,0.1311244127387027,0.1531203253063197,0.17233124042888068,0.9999854128923323
ENDOG,5,0.7805498264647718,0.08443619686669716,0.7003933899492443,4,0.9512803992489891,0,0.08443619686669716,0.1252391190917822,0.14624778297100752,0.16459644922350006,0.9999854128923323
ENHO,4,1.4484511771070134,0.18042381569500807,0.3450039577655558,3,0.9513536563322383,0,0.18042381569500807,0.2486970671578132,0.28527510086733054,0.3176689080423725,0.9999854128923323
ENKUR,2,-0.6192336822988717,0.15949936925476063,0.009112215530781774,1,0.9239511082262846,0,0.15949936925476063,0.1818572611430911,0.19534603448496135,0.20796173433478818,0.9999854128923323
ENO1,2,0.595878037296568,0.12618354873849372,0.004101464233964815,1,0.9489362467150176,0,0.12618354873849372,0.1438713813234299,0.1545426541714608,0.16452321888659877,0.9999854128923323
ENO3,2,0.6879735105626936,0.17591797921533592,0.26216809495595134,1,0.6086345419859254,0,0.17591797921533592,0.20057735673442698,0.21545464282955482,0.22936898264380148,0.9999854128923323
ENPP4,5,-1.051131517381637,0.09221203915257299,2.7705698776603525,4,0.5969234785617358,0,0.09221203915257299,0.1367725570510636,0.15971593688178698,0.17975435634712023,0.9999854128923323
ENTPD2,4,1.3714994296304992,0.1766139407154871,4.417861994982244,3,0.21973486946484427,32.09384984394341,0.1766139407154871,0.24344551691210464,0.27925115959944374,0.3109609309393483,0.9999854128923323
ENTPD4,3,-0.6430085060698415,0.06640383299191005,0.1582691350567107,2,0.9239155870424287,0,0.06640383299191005,0.08399494304794766,0.09390920121071718,0.1028723757208025,0.9999854128923323
ENTPD6,2,0.6418976075764274,0.10209176834443306,0.004787688507325192,1,0.94483589567847,0,0.10209176834443306,0.1164025253712367,0.12503636969114257,0.13311138034848394,0.9999854128923323
ENY2,2,-0.7070126374884247,0.13868091082569994,0.44900351105322445,1,0.5028085512928802,0,0.13868091082569994,0.15812056645382808,0.1698487342936903,0.18081778548211944,0.9999854128923323
EOGT,3,-0.7317339788540005,0.08626658806205008,0.32388983271173866,2,0.8504880512311292,0,0.08626658806205008,0.10911956169902767,0.12199937881700416,0.13364362355938222,0.9999854128923323
EPC1,4,-0.698385676310935,0.05887277273629045,0.243616510465663,3,0.9702586827539669,0,0.05887277273629045,0.08115051695677555,0.09308602700807066,0.10365621277059374,0.9999854128923323
EPHA10,2,0.8043559694332404,0.1621073483290943,0.27267274253462825,1,0.6015444831059451,0,0.1621073483290943,0.18483081479281913,0.1985401434809481,0.21136212302561103,0.9999854128923323
EPHA5,2,-0.854494794799009,0.2344144498163344,0.015236855420753585,1,0.901760538280629,0,0.2344144498163344,0.26727359496871966,0.28709789519263657,0.30563904901138056,0.9999854128923323
EPHB1,4,0.7420759184357123,0.09557480806078822,0.7686401428255041,3,0.8569522390550539,0,0.09557480806078822,0.13174078137815703,0.15111704020275568,0.1682768142114509,0.9999854128923323
EPHB2,5,0.7089612879598837,0.07862927450944618,1.1978008949082481,4,0.8784605532147435,0,0.07862927450944618,0.11662606133167687,0.13618989841264117,0.15327667362502032,0.9999854128923323
EPHB3,4,0.7313370367848162,0.09061806237672419,0.10156581172853507,3,0.9916488604993251,0,0.09061806237672419,0.1249083789620719,0.1432797371308298,0.15954956286253752,0.9999854128923323
EPHB6,4,0.7856643251834179,0.08489666048460216,1.4511233360389089,3,0.6935960903033226,0,0.08489666048460216,0.11702197070094077,0.13423340643667853,0.14947599533188333,0.9999854128923323
EPHX1,2,0.60032671453521,0.16904816699177122,5.891992532064208e-4,1,0.9806345091505019,0,0.16904816699177122,0.19274456566207282,0.2070408755413207,0.2204118433695708,0.9999854128923323
EPHX2,2,0.6760585621588817,0.1398348310771345,0.13073477793260396,1,0.7176714092804535,0,0.1398348310771345,0.159436237967038,0.17126199220362967,0.18232231341783228,0.9999854128923323
EPM2AIP1,5,-0.9188831201569457,0.10166065854720094,0.12275548017065335,4,0.998191715805572,0,0.10166065854720094,0.1507871244229801,0.17608142573466326,0.19817310636348262,0.9999854128923323
EPN1,5,0.9307411117739202,0.06978239276071439,2.382196366068986,4,0.6658470353644382,0,0.06978239276071439,0.10350401512358509,0.12086664973528394,0.1360309262254738,0.9999854128923323
EPOR,5,0.6763811188332536,0.09869827162360262,0.5005883578184833,4,0.9734436768794265,0,0.09869827162360262,0.14639319453878372,0.1709504210713133,0.1923983511406698,0.9999854128923323
EPT1,3,-0.8602996399073981,0.16697759800196435,0.14164254033964702,2,0.9316283870317477,0,0.16697759800196435,0.21121181116407522,0.23614198370686063,0.25868058250052994,0.9999854128923323
ERBB2,4,0.9949809380248716,0.13050758428319204,1.823255888881785,3,0.6098873174925009,0,0.13050758428319204,0.17989229042770424,0.20635060913064004,0.22978231355316894,0.9999854128923323
ERBB2IP,5,-0.9098499395959986,0.08987223281810879,1.6686988192382028,4,0.7963953575166655,0,0.08987223281810879,0.13330206341151352,0.15566327343062347,0.17519323411737944,0.9999854128923323
ERCC2,5,0.7545171684425038,0.06027774966792166,2.7549967233499415,4,0.5996257698149041,0,0.06027774966792166,0.08940635117855435,0.10440412499075834,0.11750296591622185,0.9999854128923323
ERCC6L2,2,-0.6442511383262762,0.08446133394159683,0.29094563605538315,1,0.5896151808356055,0,0.08446133394159683,0.09630073733130042,0.10344358557586306,0.11012410627573643,0.9999854128923323
ERCC8,3,-0.66525164373081,0.09985927438527399,0.5532277105985727,2,0.7583472723605874,0,0.09985927438527399,0.12631310101967058,0.1412223401643907,0.15470132266340922,0.9999854128923323
ERF,4,0.7632906065517845,0.09425079651931688,0.8165785126018036,3,0.8454977005784957,0,0.09425079651931688,0.1299157574145599,0.14902359414305572,0.16594565133811004,0.9999854128923323
ERGIC2,5,-0.9444582305491976,0.06817204720161363,0.7779154461894662,4,0.9413840465047568,0,0.06817204720161363,0.10111548666376423,0.1180774494091785,0.1328917848277475,0.9999854128923323
ERI2,3,-0.7917277005309223,0.10508549199729218,1.7561084377350873,2,0.41559077415208817,0,0.10508549199729218,0.13292380150033603,0.14861332799121996,0.16279774417341017,0.9999854128923323
ERLEC1,2,-0.6283095084153544,0.14348669659174768,0.006088977547943224,1,0.9378026771526364,0,0.14348669659174768,0.16360000528256696,0.17573459576366396,0.18708376350710082,0.9999854128923323
ERMN,3,-1.0513774244593828,0.19444620455307604,0.5524738791918358,2,0.7586331592303875,0,0.19444620455307604,0.24595715550508934,0.2749884596309332,0.30123476478692174,0.9999854128923323
ERO1A,5,-0.8958969063653275,0.07967097146412508,0.3200346816115288,4,0.9884844307955963,0,0.07967097146412508,0.11817114760753723,0.13799417046423482,0.15530731482239413,0.9999854128923323
ERO1B,5,-0.9533047867895441,0.09868032318693234,0.1168216234272585,4,0.9983590849773848,0,0.09868032318693234,0.14636657270500775,0.17091933346708396,0.1923633631964626,0.9999854128923323
ERP44,5,-0.807794021063995,0.07000798492064103,0.39058301117748884,4,0.9832406153641737,0,0.07000798492064103,0.10383862237061481,0.12125738681806607,0.13647068630319503,0.9999854128923323
ERRFI1,2,-0.6057945443547598,0.11574430579718382,7.682309365634401e-4,1,0.9778878814542304,0,0.11574430579718382,0.1319688130651087,0.14175724491788064,0.15091211134830235,0.9999854128923323
ESCO1,4,-0.805182528589767,0.08563275250735879,4.230432270898214,3,0.23763264464936382,29.085261082243157,0.08563275250735879,0.11803660353371097,0.13539727011637423,0.15077201907568372,0.9999854128923323
ESD,3,-0.695256331343058,0.11489771731793035,0.013207345259739987,2,0.9934180836993299,0,0.11489771731793035,0.14533539387153308,0.16248991011672714,0.1779987782758367,0.9999854128923323
ESF1,2,-0.7014965797422597,0.13323362914204562,0.15445408298695046,1,0.6943147050574449,0,0.13323362914204562,0.15190970974453277,0.16317720398860933,0.1737153991113403,0.9999854128923323
ESRRA,4,0.723291085666193,0.10633013455049077,0.9217330647482491,3,0.8201802041598856,0,0.10633013455049077,0.14656597584602776,0.16812270454585745,0.1872135205906052,0.9999854128923323
ETAA1,4,-0.7210622388760697,0.08199359791094511,0.12232403279864272,3,0.9890300437032683,0,0.08199359791094511,0.11302037509637504,0.12964326147530522,0.1443646262246517,0.9999854128923323
ETF1,3,-0.6642477170143145,0.07047992077489575,0.28912800506676856,2,0.8653995228687373,0,0.07047992077489575,0.08915083158275602,0.09967365983483883,0.10918702376127574,0.9999854128923323
ETFB,5,0.9182287452796684,0.06054685862830313,1.1929761967455343,4,0.8792536819336797,0,0.06054685862830313,0.08980550427152333,0.10487023538291107,0.11802755585485854,0.9999854128923323
ETHE1,5,0.8858304413013681,0.08824629020746431,1.143816896967647,4,0.8872593094349963,0,0.08824629020746431,0.13089040078568034,0.15284705821879607,0.17202368846889676,0.9999854128923323
ETNK1,4,-0.6819572741031983,0.09487157716920204,0.09836838611855868,3,0.9920325023455534,0,0.09487157716920204,0.13077144448879705,0.15000513453355405,0.16703864845948901,0.9999854128923323
ETNK2,2,0.8030384869297739,0.16131905298442228,0.05935638526178236,1,0.8075161066445298,0,0.16131905298442228,0.18393201981310406,0.1975746828004192,0.21033431164421185,0.9999854128923323
ETS1,5,-0.8142253764573751,0.1049438105171283,0.7882477074778387,4,0.9400166438843014,0,0.1049438105171283,0.15565682575743617,0.1817680117555473,0.2045731477742099,0.9999854128923323
EVA1B,5,1.4320162993074776,0.19784882416667587,1.7506999437837911,4,0.7814886299684903,0,0.19784882416667587,0.2934572300917115,0.34268421567444374,0.38567836010297185,0.9999854128923323
EVC,5,0.9754202114865155,0.12055210075242585,1.7544751001552652,4,0.7808000013908316,0,0.12055210075242585,0.17880766144326893,0.20880236346236386,0.23499930677371694,0.9999854128923323
EVC2,2,0.8879067541503316,0.19998111313563463,0.013298788938495804,1,0.9081911890202236,0,0.19998111313563463,0.22801355068122103,0.24492584268804962,0.26074347074978643,0.9999854128923323
EVI2A,3,-0.9859692026289631,0.20119553139636107,0.34320566365410077,2,0.8423136469151355,0,0.20119553139636107,0.25449445370416734,0.28453344918959567,0.31169077697178316,0.9999854128923323
EVI5L,3,0.6709924801645667,0.07761932267388139,0.42059108505750675,2,0.8103447192492753,0,0.07761932267388139,0.09818154003560643,0.10977029882761655,0.12024733762393694,0.9999854128923323
EXD3,4,0.6978874476950792,0.10069509705887238,0.10383842233375372,3,0.9913728531383844,0,0.10069509705887238,0.13879861269559535,0.1592129279588794,0.17729201327825445,0.9999854128923323
EXOC5,4,-0.6683238890519663,0.06389147658234173,0.6112068881966674,3,0.8938620882406407,0,0.06389147658234173,0.08806832280540292,0.10102129453575522,0.1124925527206266,0.9999854128923323
EXOC6,5,-0.8339820265752661,0.07015107938074096,3.4282996569954185,4,0.4888639432790615,0,0.07015107938074096,0.10405086575431577,0.12150523369324079,0.13674962875809013,0.9999854128923323
EXOG,5,-0.8589402653640669,0.10181157729283041,1.0597559589831551,4,0.900603667143302,0,0.10181157729283041,0.1510109730975824,0.17634282466990808,0.19846730115876804,0.9999854128923323
EXOSC3,5,-0.7181193365507159,0.06520588104671254,1.0582881586855577,4,0.9008325157334017,0,0.06520588104671254,0.09671595127367387,0.11293989892519861,0.12710966252687675,0.9999854128923323
EXOSC4,4,0.6483257728993647,0.09611656145016174,0.38835048207913625,3,0.9426383588934177,0,0.09611656145016174,0.1324875368912305,0.15197362752302387,0.1692306694825392,0.9999854128923323
EXOSC5,5,0.6691436252916515,0.07927992909139592,0.8276169269919854,4,0.9347077527895287,0,0.07927992909139592,0.11759113803693237,0.13731686520675562,0.15454503290497468,0.9999854128923323
EXTL1,3,0.6656454386564271,0.10556646234868514,1.0252696300075874,2,0.5989154666172868,0,0.10556646234868514,0.13353218621930135,0.14929352278525923,0.16354286023779593,0.9999854128923323
EXTL2,2,-0.6965004931441809,0.17338576958436103,0.07628051408172207,1,0.7824026964470948,0,0.17338576958436103,0.19769019354199002,0.21235333207072993,0.22606738522045572,0.9999854128923323
EYA2,5,0.8646724715011482,0.10563911610341753,0.1217660758584399,4,0.9982201638378184,0,0.10563911610341753,0.15668813060485764,0.1829723163577867,0.20592854788548148,0.9999854128923323
F12,2,1.4818072042855335,0.2288025637030392,0.032271160519104204,1,0.8574338213130674,0,0.2288025637030392,0.26087506033388536,0.2802247664565446,0.29832204472187707,0.9999854128923323
F3,2,-0.675509223489746,0.19131535760409626,1.6270575567787094e-4,1,0.9898227664084901,0,0.19131535760409626,0.21813306918424408,0.23431250304406473,0.24944470788896583,0.9999854128923323
F8A3,5,0.9609582211869488,0.07127117624581175,3.537567445972175,4,0.472189170661666,0,0.07127117624581175,0.1057122378895435,0.12344529837294202,0.13893309951611219,0.9999854128923323
FA2H,2,0.8959435196124186,0.21122479846685402,0.7723471168623883,1,0.3794919309303185,0,0.21122479846685402,0.24083332438342506,0.25869648863300143,0.2754034428407119,0.9999854128923323
FAAP100,5,0.7804670355569964,0.07968037466055863,1.1385067275991043,4,0.8881155487269833,0,0.07968037466055863,0.11818509480177011,0.1380104572782113,0.15532564502675847,0.9999854128923323
FAAP20,5,0.70556297964786,0.09684682338566611,0.22615445334319362,4,0.9940688881659003,0,0.09684682338566611,0.14364705301455957,0.1677436186556234,0.18878921409762459,0.9999854128923323
FAH,3,0.6804390603024967,0.10704423801832193,0.23647075042928697,2,0.8884869002060926,0,0.10704423801832193,0.13540144101403445,0.15138341317940457,0.16583222046096946,0.9999854128923323
FAM101A,4,0.8528177479046807,0.12826608508411294,2.482655703111373,3,0.4784337425349205,0,0.12826608508411294,0.1768025970039165,0.20280648770937348,0.22583574696379485,0.9999854128923323
FAM102B,3,-0.7884510613765763,0.12253838627600595,0.09290084474286427,2,0.9546118867903495,0,0.12253838627600595,0.15500016057347887,0.17329544778284078,0.18983565172724104,0.9999854128923323
FAM105A,2,-0.632719721457749,0.16451278758960278,0.08927387068447541,1,0.7651023160952661,0,0.16451278758960278,0.18757343752421954,0.20148619287869984,0.21449843210814618,0.9999854128923323
FAM107A,2,0.8465794088996259,0.1859542598843511,0.5799620927360152,1,0.44632717975191893,0,0.1859542598843511,0.21202047731263562,0.2277465261067777,0.24245469165914801,0.9999854128923323
FAM107B,5,-1.0645925864050287,0.10502091351190299,1.0158707369104123,4,0.9073799946364116,0,0.10502091351190299,0.1557711879800759,0.18190155805991276,0.20472344918089747,0.9999854128923323
FAM109A,3,0.7123200895970142,0.1471582677905117,0.6712178260082772,2,0.7149026402772676,0,0.1471582677905117,0.18614212109720443,0.20811321812467345,0.22797660816375326,0.9999854128923323
FAM111A,2,-0.7313853370946237,0.12497712622289704,0.025992944388376002,1,0.8719175501455323,0,0.12497712622289704,0.14249584801886025,0.15306509438275243,0.16295023637352507,0.9999854128923323
FAM117A,3,0.6976343490858965,0.11353801203164625,0.07656480400874309,2,0.962441107212052,0,0.11353801203164625,0.14361548761104145,0.16056699646003378,0.1758923319040253,0.9999854128923323
FAM126A,5,-0.8903917831920882,0.07428912268930281,3.7057973932543127,4,0.4472832873281657,0,0.07428912268930281,0.11018857585921432,0.12867253494759032,0.14481616018178317,0.9999854128923323
FAM126B,5,-0.8109980713658739,0.09131775199637861,0.6684088530564406,4,0.9551668444782587,0,0.09131775199637861,0.135446114840104,0.158166986090702,0.1780110697477941,0.9999854128923323
FAM127A,5,0.8490058214179079,0.07441460514130688,3.5337808539022935,4,0.47276051623636256,0,0.07441460514130688,0.11037469641335625,0.1288898769299197,0.14506077051249638,0.9999854128923323
FAM127B,5,0.7323474599146307,0.08881891480780615,1.1446675660969727,4,0.8871219844367495,0,0.08881891480780615,0.13173974032462613,0.15383887312025196,0.17313993931215882,0.9999854128923323
FAM129A,2,-0.6960143732749704,0.18859474202288692,0.010770409166085109,1,0.917343476697516,0,0.18859474202288692,0.21503109015740737,0.23098044306395055,0.2458974591608355,0.9999854128923323
FAM131C,4,1.142983734894282,0.13549701560097632,2.0829560379303342,3,0.5553685613707899,0,0.13549701560097632,0.1867697468806587,0.21423959272722692,0.23856711389877436,0.9999854128923323
FAM133B,5,-1.0944127879626038,0.08403664349287182,3.6962431546510555,4,0.44867257179879827,0,0.08403664349287182,0.12464648566648673,0.14555573622720647,0.16381757631061,0.9999854128923323
FAM134B,2,-0.7549612122008493,0.12916877360790294,0.1004796285872674,1,0.7512548184631169,0,0.12916877360790294,0.14727506135792506,0.15819879302022036,0.16841547591634345,0.9999854128923323
FAM135A,5,-0.7086742548056622,0.047259328663376995,0.44631080194981604,4,0.9785127256674394,0,0.047259328663376995,0.07009691234689863,0.08185555837656511,0.0921253914711342,0.9999854128923323
FAM13B,4,-0.6335226268165639,0.060533179569693375,0.2850373878345916,3,0.9628175342870698,0,0.060533179569693375,0.08343922983076853,0.09571136072610116,0.10657966067375098,0.9999854128923323
FAM151B,3,-0.7704100936947451,0.11923221430753758,0.8258824462305306,2,0.6617011744185315,0,0.11923221430753758,0.1508181470708539,0.16861981454549504,0.18471375213781072,0.9999854128923323
FAM160B1,2,-0.593862395114223,0.08319495191773796,0.008724924419946996,1,0.9255799882238175,0,0.08319495191773796,0.09485683966890923,0.1018925906869194,0.1084729461285672,0.9999854128923323
FAM160B2,4,0.6484873498436194,0.07814683216692801,0.803155329893656,3,0.8487121721524311,0,0.07814683216692801,0.1077179744410348,0.12356099078720209,0.13759169622819045,0.9999854128923323
FAM161A,3,-0.662027195064966,0.11816365368888138,0.39758413966146144,2,0.8197203201988005,0,0.11816365368888138,0.149466512921689,0.16710864162637365,0.18305834514562327,0.9999854128923323
FAM163B,2,0.8479980694891274,0.17656568114675547,0.10337955309902416,1,0.7478111236268132,0,0.17656568114675547,0.20131585055942078,0.21624791244825134,0.23021348264163444,0.9999854128923323
FAM167A,2,0.8832282154311479,0.20335117761910249,0.8532553094536361,1,0.3556330547636084,0,0.20335117761910249,0.23185601538627051,0.24905331188043583,0.26513749724704877,0.9999854128923323
FAM171A2,5,1.146506900790842,0.09525390793537222,2.7277889345563673,4,0.6043607384004924,0,0.09525390793537222,0.1412843775840514,0.16498460816355293,0.18568405023708792,0.9999854128923323
FAM172A,4,-0.6669915239569445,0.06909119866155684,1.0432334412936286,3,0.7907923246847027,0,0.06909119866155684,0.09523564506912502,0.10924277702084832,0.12164760815865312,0.9999854128923323
FAM173A,5,1.6443480567830397,0.12134837570904844,0.2980336911270197,4,0.9899407503859046,0,0.12134837570904844,0.17998872806899224,0.21018155214402887,0.23655153242254134,0.9999854128923323
FAM173B,2,-0.6650684524879118,0.1318073814578848,3.4371204772286844e-4,1,0.9852084883147276,0,0.1318073814578848,0.15028353718494802,0.1614304144520992,0.1718557996447411,0.9999854128923323
FAM175A,4,-1.0376549200602725,0.11375118369070457,4.219414951854404,3,0.2387252546604216,28.900095529084652,0.11375118369070457,0.1567951861600642,0.17985641350141238,0.20027962590391682,0.9999854128923323
FAM177A1,5,-0.7391208908489036,0.07968736664855036,1.4099380180805325,4,0.8424659146304653,0,0.07968736664855036,0.11819546559592332,0.13802256775665886,0.15533927492056182,0.9999854128923323
FAM181B,4,0.9170619782678936,0.12399070936510807,1.8979770142906158,3,0.5938495106456964,0,0.12399070936510807,0.17090939826948992,0.19604652514685578,0.21830817123386462,0.9999854128923323
FAM188A,5,-0.8714065625922839,0.07214143434547285,0.29547492826239347,4,0.9901044046529774,0,0.07214143434547285,0.10700303924996137,0.12495262961725338,0.14062954486097237,0.9999854128923323
FAM189A1,3,0.7581188437626978,0.1256210683098834,0.008293489091420787,2,0.9958618413275457,0,0.1256210683098834,0.1588994791851321,0.17765501852363413,0.19461132219878507,0.9999854128923323
FAM189B,4,0.7068059931949185,0.09345614624089008,0.9092607212177715,3,0.8231924281965645,0,0.09345614624089008,0.1288204075966902,0.14776714173149788,0.16454652514597734,0.9999854128923323
FAM195A,5,0.8595858346442244,0.10206962855623146,0.3728606198680025,4,0.9846379679512987,0,0.10206962855623146,0.15139372497542802,0.17678978256907601,0.19897033567772565,0.9999854128923323
FAM195B,4,0.7393679287724695,0.08999664721077927,1.2815067633498936,3,0.7335290927766289,0,0.08999664721077927,0.12405181726780458,0.1422971934823511,0.15845544856035254,0.9999854128923323
FAM199X,3,-0.6731172740198639,0.08579050463087018,0.07450324728054417,2,0.9634336821565902,0,0.08579050463087018,0.10851735849950907,0.12132609517180844,0.1329060782792362,0.9999854128923323
FAM19A5,2,0.6277138197691814,0.14557424710738515,8.31010718755195e-8,1,0.9997699917740701,0,0.14557424710738515,0.16598017907914983,0.1782913125514618,0.18980559637560598,0.9999854128923323
FAM200B,5,-0.6902701401120379,0.06818906980394793,1.0598772477126837,4,0.90058475002747,0,0.06818906980394793,0.10114073526329984,0.11810693342129855,0.13292496798858067,0.9999854128923323
FAM204A,4,-0.7079515849354429,0.05450339490274617,0.22037630261018382,3,0.974234709293587,0,0.05450339490274617,0.0751277452493879,0.08617743405214467,0.0959631292391331,0.9999854128923323
FAM207A,4,0.7188733613779524,0.08620751267340435,0.8854661752066838,3,0.8289336635638622,0,0.08620751267340435,0.11882885574866411,0.1363060457328945,0.1517839887739778,0.9999854128923323
FAM208A,5,-0.7470277245855147,0.05401123780752041,2.2194872039324443,4,0.6954632021387036,0,0.05401123780752041,0.0801116120228594,0.09355020806231039,0.1052872854436944,0.9999854128923323
FAM20B,2,-0.6611993061821755,0.1254148994855302,0.10223053544178336,1,0.7491691479297717,0,0.1254148994855302,0.14299498633468005,0.15360125494099475,0.16352102287486336,0.9999854128923323
FAM20C,3,0.6417979638498253,0.10609026075675022,0.04311214026999311,2,0.9786746015136862,0,0.10609026075675022,0.13419474462100373,0.1500342855978943,0.16435432524227836,0.9999854128923323
FAM210A,4,-0.6647783006839202,0.07333859825687568,0.39965590549649,3,0.9403135675428309,0,0.07333859825687568,0.10109028137827332,0.11595850544789081,0.12912592683995947,0.9999854128923323
FAM212A,2,0.9168521740020624,0.22074143637478422,0.17154188244369026,1,0.6787451078265033,0,0.22074143637478422,0.2516839610556139,0.27035194210362973,0.28781162058847615,0.9999854128923323
FAM213B,3,0.8159041935843137,0.1331843136997116,0.5505937657327424,2,0.7593466527466267,0,0.1331843136997116,0.16846631195898218,0.18835106272948496,0.20632825157401893,0.9999854128923323
FAM214A,2,-0.6503926033580234,0.11020997100193121,0.1297690734390763,1,0.7186715916857886,0,0.11020997100193121,0.12565870053729059,0.13497909676083097,0.14369622160662082,0.9999854128923323
FAM228B,4,-0.716699073538252,0.08441751531640199,0.33179351422961006,3,0.9539421595401796,0,0.08441751531640199,0.11636151466516079,0.13347581140599002,0.1486323732092184,0.9999854128923323
FAM234A,5,0.721508019509138,0.09813649528084152,0.8776484503585064,4,0.9277453831858977,0,0.09813649528084152,0.14555994556612953,0.16997739590316086,0.19130324744453553,0.9999854128923323
FAM35A,5,-0.7164334991601273,0.05569493191078738,1.5204678817582105,4,0.8230097596830773,0,0.05569493191078738,0.08260893395513547,0.09646645179357291,0.10856940947651654,0.9999854128923323
FAM3C,3,-0.7713344740971755,0.14931015167493006,0.12375796751668314,2,0.9399966347681851,0,0.14931015167493006,0.18886406283119347,0.21115644149867,0.23131029234268305,0.9999854128923323
FAM43A,2,0.6416704207266133,0.17887033627720536,0.09845431985088368,1,0.753692454648346,0,0.17887033627720536,0.2039435617024884,0.21907052699959614,0.23321838529555275,0.9999854128923323
FAM43B,5,0.7407968287401996,0.09028203426170281,1.3829325419719494,4,0.8471559318784906,0,0.09028203426170281,0.13390989718071183,0.1563730703519434,0.1759920841959628,0.9999854128923323
FAM47E,2,-0.7025691628962704,0.18779052702657714,0.4188126695748373,1,0.5175300943688969,0,0.18779052702657714,0.21411414398211875,0.22999548487172392,0.24484889109318694,0.9999854128923323
FAM49B,4,-0.7378709586833229,0.0939488514813853,0.7700247358369308,3,0.8566224541459753,0,0.0939488514813853,0.12949955490222986,0.14854617711903087,0.16541402223959525,0.9999854128923323
FAM50A,4,0.7700275593245697,0.10235275620666029,1.221144699505512,3,0.7479375343868715,0,0.10235275620666029,0.14108353814634103,0.16183391720449114,0.18021062338167,0.9999854128923323
FAM50B,4,0.7176541443231291,0.08799523927753958,1.3550372406360038,3,0.7161072493604429,0,0.08799523927753958,0.12129306681534498,0.13913268968426726,0.15493160626575028,0.9999854128923323
FAM57B,3,0.8844511635129501,0.1347254228672695,0.5137961924595169,2,0.7734470269178272,0,0.1347254228672695,0.17041567799596177,0.19053052021534284,0.20871572763027466,0.9999854128923323
FAM58A,4,0.6959734793525344,0.07774507913502955,0.35350370974141127,3,0.9496708149648578,0,0.07774507913502955,0.10716419610323595,0.12292576346836338,0.13688433702256522,0.9999854128923323
FAM65A,3,0.6155774963904004,0.08022180382504944,0.04114542752128078,2,0.9796374607608048,0,0.08022180382504944,0.10147344723774564,0.11345076296741875,0.12427908408685398,0.9999854128923323
FAM69A,4,-0.9274782018474852,0.11894601010151495,0.03582058448707012,3,0.9982161612941584,0,0.11894601010151495,0.1639557602105898,0.18807015525509158,0.2094260616282416,0.9999854128923323
FAM69B,5,0.8601813314546913,0.06543955577106456,1.2362838488654033,4,0.8720893509145328,0,0.06543955577106456,0.09706254690111625,0.11334463542022094,0.12756517842324455,0.9999854128923323
FAM71E1,2,0.6841756791828493,0.14548475046859433,0.054258679183897505,1,0.8158119382082292,0,0.14548475046859433,0.16587813721097155,0.17818170200209596,0.18968890703503347,0.9999854128923323
FAM73A,5,-0.9807770737824045,0.06956620122834459,2.0845686099621146,4,0.7202078945338924,0,0.06956620122834459,0.10318335126052831,0.12049219501705326,0.13560949134445427,0.9999854128923323
FAM73B,4,0.6686483078752202,0.058416077048623706,0.10204707286210409,3,0.9915906406097638,0,0.058416077048623706,0.08052100539440878,0.09236392772276877,0.10285211703716796,0.9999854128923323
FAM83H,5,0.920103438068115,0.10431612946388347,1.1369330813668435,4,0.8883689622021935,0,0.10431612946388347,0.1547258243019456,0.1806808362803789,0.20334957214618782,0.9999854128923323
FAM89B,5,1.116884999170779,0.1042733159832517,1.0993870034988746,4,0.8943694526500361,0,0.1042733159832517,0.15466232164788785,0.1806066811566758,0.20326611330800715,0.9999854128923323
FAM8A1,5,-0.8158494484395925,0.08336193210110547,2.819845132738702,4,0.5884119686100131,0,0.08336193210110547,0.12364572694591795,0.14438710181622164,0.16250232167508072,0.9999854128923323
FAM91A1,2,-0.6782639773307352,0.08975541088569364,0.1961924926825658,1,0.6578118700223439,0,0.08975541088569364,0.10233691376154355,0.10992747916189807,0.11702673810519319,0.9999854128923323
FAM96A,3,-0.6750491648784688,0.08896212171468662,0.37552445665889234,2,0.8288117517607397,0,0.08896212171468662,0.11252917203981351,0.12581143906639586,0.1378195263377034,0.9999854128923323
FAM96B,5,1.325087137491013,0.08101602159775059,0.8560235532367574,4,0.9307834149212606,0,0.08101602159775059,0.1201661793607495,0.14032386563440152,0.15792930022957527,0.9999854128923323
FAM98B,5,-0.8529470777871697,0.06853584272531717,0.5668502265424811,4,0.9666751852739659,0,0.06853584272531717,0.1016550826262647,0.11870756173979916,0.13360095285836757,0.9999854128923323
FAM98C,4,0.7303735443995157,0.08356693732936771,0.19772002704856304,3,0.977956521529186,0,0.08356693732936771,0.11518907382108727,0.13213092952267527,0.14713477612479128,0.9999854128923323
FANCB,5,-1.1556676742870196,0.1335040974977796,0.7169612348119784,4,0.9492209008104094,0,0.1335040974977796,0.198018577176821,0.23123587988478328,0.26024739650003653,0.9999854128923323
FANCF,3,-0.6684641609452802,0.10371826281204416,0.15258974228076091,2,0.9265429554965371,0,0.10371826281204416,0.13119437817680002,0.14667977393456988,0.16067964182744443,0.9999854128923323
FANCM,5,-0.847912008165687,0.08288465461630916,2.12992556734892,4,0.7118766835316547,0,0.08288465461630916,0.1229378100337837,0.14356043296324575,0.16157193657713725,0.9999854128923323
FAR1,5,-0.8653449210707653,0.07092385225448673,2.46650539997287,4,0.6506433948730453,0,0.07092385225448673,0.10519707315774417,0.12284371557327947,0.13825604041321954,0.9999854128923323
FARSA,4,0.6860732443995142,0.055100147287405754,1.1212933499608007,3,0.7719364296311256,0,0.055100147287405754,0.07595031164569527,0.08712098241947527,0.09701382023397905,0.9999854128923323
FASN,5,0.8176553615871801,0.0637036153748805,1.0096163859853142,4,0.9083343426035707,0,0.0637036153748805,0.09448773119314256,0.11033789845511892,0.12418120761595414,0.9999854128923323
FASTK,4,0.6874321862603702,0.0779631171145364,0.2694273296274758,3,0.965671936111384,0,0.0779631171145364,0.10746474071716892,0.12327051178419476,0.13726823249997155,0.9999854128923323
FASTKD1,5,-0.9047317746652044,0.06273502656659125,0.4655522822101545,4,0.9767666589643418,0,0.06273502656659125,0.09305108182221204,0.10866025342751934,0.12229308043213832,0.9999854128923323
FASTKD2,5,-0.769614995683555,0.07291130454600285,0.4787211588580609,4,0.9755391420953874,0,0.07291130454600285,0.1081449412932475,0.1262860839198046,0.14213029816432493,0.9999854128923323
FASTKD3,4,-0.7643387745846834,0.10681431257845123,0.1671145965121771,3,0.9827149152558151,0,0.10681431257845123,0.14723336920023755,0.16888825722653933,0.18806600397727907,0.9999854128923323
FAU,5,1.0484328801262819,0.07916314742873067,0.18773355058996227,4,0.9958607341541782,0,0.07916314742873067,0.11741792283893666,0.13711459343362703,0.15431738353512606,0.9999854128923323
FAXC,2,-0.8882986225721945,0.2360462607299153,0.0485209037689399,1,0.8256572929077788,0,0.2360462607299153,0.26913414567079313,0.28909644724012556,0.3077666701379111,0.9999854128923323
FBF1,2,0.6039169387708707,0.13174002017251774,0.021721751532019343,1,0.8828297154105409,0,0.13174002017251774,0.15020673350276942,0.16134791406331556,0.17176797127402463,0.9999854128923323
FBL,2,0.6837736476222485,0.1321073189832564,0.07456714098222163,1,0.7847995252738676,0,0.1321073189832564,0.1506255185804418,0.16179776139803598,0.17224687033210373,0.9999854128923323
FBLL1,5,1.0101321951822144,0.09537960378220153,3.719393362204933,4,0.4453115553290897,0,0.09537960378220153,0.14147081465386935,0.1652023197565617,0.1859290765508963,0.9999854128923323
FBLN1,4,1.0626882315837396,0.11419661984713278,1.8164893757823306,3,0.6113532537472463,0,0.11419661984713278,0.1574091775296792,0.1805607099046645,0.2010638971868961,0.9999854128923323
FBLN2,4,0.9042850463363028,0.1586091025127193,0.4425436032033126,3,0.9313203214322258,0,0.1586091025127193,0.21862756015605986,0.25078301078766435,0.27926014205335487,0.9999854128923323
FBRSL1,5,0.9143678300111882,0.09549265880016629,1.9353771908805355,4,0.7476434817147856,0,0.09549265880016629,0.14163850234450712,0.16539813679172727,0.18614946135284655,0.9999854128923323
FBXL13,2,-0.7509666080877127,0.16517809032885655,0.024817796902778275,1,0.8748219239412182,0,0.16517809032885655,0.18833199935776784,0.20230101899652367,0.2153658807517324,0.9999854128923323
FBXL14,5,0.8152502953277643,0.07562707695845719,1.189587736235644,4,0.8798099361170049,0,0.07562707695845719,0.1121730827445555,0.1309899397199694,0.14742431320262456,0.9999854128923323
FBXL15,5,0.9659801321749626,0.070801164797036,2.183842137557278,4,0.7019885024848996,0,0.070801164797036,0.10501509825047783,0.12263121466352338,0.1380168785299276,0.9999854128923323
FBXL16,4,1.1865881006532604,0.13307300799236826,1.1487786242511797,3,0.765313658201735,0,0.13307300799236826,0.1834284829754096,0.2104069001728372,0.23429920809517132,0.9999854128923323
FBXL19,5,0.9169971195183048,0.08699412734800993,1.8588028414604116,4,0.7617082957090534,0,0.08699412734800993,0.12903314312490374,0.15067824852687034,0.1695827736934348,0.9999854128923323
FBXL4,2,-0.6084837255297028,0.10559404475426791,0.02325799570901521,1,0.8787880765186921,0,0.10559404475426791,0.12039573486563482,0.12932576476228355,0.1376777901074199,0.9999854128923323
FBXL7,5,0.7779673856431737,0.09699560864915732,2.7751478825549403,4,0.5961302007054331,0,0.09699560864915732,0.1438677372237607,0.1680013222914077,0.18907924997058198,0.9999854128923323
FBXO11,4,-0.6651732844553516,0.06719865541167928,0.44603657195433144,3,0.9305765127583583,0,0.06719865541167928,0.09262695422694986,0.10625040340085319,0.1183154419183168,0.9999854128923323
FBXO2,5,1.093008745683659,0.06785924850369333,1.998802626636626,4,0.7359791268516196,0,0.06785924850369333,0.10065153121770783,0.11753566617183916,0.13228202791175686,0.9999854128923323
FBXO27,2,0.7286733230866135,0.14897181381959373,0.03141679207272871,1,0.8593137300645269,0,0.14897181381959373,0.16985400114954494,0.18245246495745007,0.19423548139201932,0.9999854128923323
FBXO28,5,-0.8929956672812931,0.09125900713394548,2.050530463054746,4,0.7264652995257473,0,0.09125900713394548,0.13535898212812378,0.1580652370042842,0.17789655492920414,0.9999854128923323
FBXO3,4,-0.6352139326845887,0.08496638636346471,0.07028407745206916,3,0.9951475011470784,0,0.08496638636346471,0.11711808119229312,0.13434365273120985,0.14959876040984843,0.9999854128923323
FBXO30,3,-0.6163795678597008,0.08944803820405037,0.12481548217585081,2,0.939499736038767,0,0.08944803820405037,0.11314381318342248,0.12649862875583479,0.13857230492608474,0.9999854128923323
FBXO31,2,0.672833455213009,0.1757935652586369,0.024780869898470278,1,0.8749143190674262,0,0.1757935652586369,0.20043550299845939,0.21530226747415815,0.2292067666906509,0.9999854128923323
FBXO32,4,-0.6912729712672162,0.10812104900745337,0.17669370185926245,3,0.9812610263626889,0,0.10812104900745337,0.14903458106458733,0.17095438893512016,0.19036675087646898,0.9999854128923323
FBXO4,3,-0.6864756389031547,0.11900552169975351,0.02727385080451312,2,0.9864556362351966,0,0.11900552169975351,0.15053140108312554,0.16829922278507708,0.18436256145994828,0.9999854128923323
FBXO44,4,0.8038675592672521,0.09789680567940089,1.3108843828012642,3,0.7265501088652726,0,0.09789680567940089,0.13494143421587645,0.15478844080090717,0.17236511289386308,0.9999854128923323
FBXO45,4,-0.6769275749056888,0.07633306899206346,0.4890557678722892,3,0.9212891485330033,0,0.07633306899206346,0.10521787443832692,0.12069317940284696,0.13439823662316433,0.9999854128923323
FBXO46,2,0.7977830604787086,0.11166099617414392,0.16252585301002712,1,0.686841592511326,0,0.11166099617414392,0.12731312377984777,0.1367562323987586,0.14558812696516055,0.9999854128923323
FBXO6,4,0.7642492254492252,0.10626315904269149,0.5899722046517702,3,0.8987241220168062,0,0.10626315904269149,0.14647365647955762,0.16801680696981142,0.18709559804060133,0.9999854128923323
FBXW4,2,0.6670308240440047,0.16575393541740233,0.14166053414229704,1,0.7066357655218818,0,0.16575393541740233,0.18898856377639178,0.20300628231543616,0.21611669088898675,0.9999854128923323
FBXW5,5,1.1280808987395556,0.07503154241923704,0.7018159031769766,4,0.951104794529,0,0.07503154241923704,0.11128976227479996,0.12995844364037798,0.1462634026668227,0.9999854128923323
FBXW9,3,1.0363271226003654,0.11055136140009812,0.2510759169093298,2,0.8820222835887314,0,0.11055136140009812,0.13983764018269249,0.15634323463082825,0.171265432641255,0.9999854128923323
FCGRT,3,0.7727765054913028,0.11869662126850095,0.016044521051322477,2,0.992009831930953,0,0.11869662126850095,0.15014066950993898,0.16786237160577683,0.1838840149695973,0.9999854128923323
FER,3,-0.6049666963093664,0.05598220629812515,0.0670850679378618,2,0.9670137794226098,0,0.05598220629812515,0.07081251213739949,0.0791707953983771,0.08672726107063466,0.9999854128923323
FES,3,0.6315513090608941,0.1344434556924507,0.008437722628386882,2,0.9957900255792845,0,0.1344434556924507,0.17005901459682968,0.19013175841257007,0.20827890596137452,0.9999854128923323
FEZF2,4,1.1483643408861373,0.12121124819563843,0.5236964221501051,3,0.9136554081503159,0,0.12121124819563843,0.1670781754430388,0.1916518111650961,0.21341442485537016,0.9999854128923323
FGD1,3,0.7597061305934888,0.096768608526764055,0.25847964138338214,2,0.8787631946758057,0,0.096768608526764055,0.12240368357990614,0.13685147859052246,0.1499132837039289,0.9999854128923323
FGD3,4,0.8110932674593561,0.134629866016038,2.8275259919297264,3,0.4189886712831534,0,0.134629866016038,0.18557446366524422,0.21286850884698952,0.23704033950540707,0.9999854128923323
FGF12,3,-0.849068241641708,0.15750078237590495,0.3628516113534419,2,0.8340801270183998,0,0.15750078237590495,0.19922448222654635,0.22273974252037815,0.24399916286260742,0.9999854128923323
FGF14,3,-0.9238596999386008,0.16469139680791914,0.32703375531944034,2,0.8491521671793121,0,0.16469139680791914,0.20831996997904345,0.2329088069719283,0.2551388148402833,0.9999854128923323
FGF22,2,0.7598525350205955,0.17242839033248186,0.0061986411672452545,1,0.9372462298955053,0,0.17242839033248186,0.1965986132464976,0.2111807867420142,0.22481911539614738,0.9999854128923323
FGFR1OP,4,-0.7203658069068672,0.09624350361047462,0.3739540774773844,3,0.9455688254374729,0,0.09624350361047462,0.13266251458387535,0.15217434070186933,0.16945417421940442,0.9999854128923323
FGFR1OP2,3,-0.7388811395424909,0.07552578023858458,0.21929331312188666,2,0.8961507283404618,0,0.07552578023858458,0.09553339504610499,0.10680958272221622,0.11700403562934374,0.9999854128923323
FGFR3,5,1.3166332353705474,0.1412760053353245,0.5281121489512757,4,0.9707071844171041,0,0.1412760053353245,0.20954617940615047,0.2446972191311538,0.27539763397190836,0.9999854128923323
FGFRL1,5,0.8894207288740476,0.13462365614376062,0.45050899886140794,4,0.9781366230099897,0,0.13462365614376062,0.19967915100412886,0.23317501234167543,0.2624298180759025,0.9999854128923323
FGL2,2,-0.8071577750491793,0.22317319891122125,0.08319887662376828,1,0.7730083034039364,0,0.22317319891122125,0.2544565969393362,0.27333023079857316,0.2909822510237606,0.9999854128923323
FHDC1,2,-0.6319649016343606,0.16187144170019327,2.5603183137896502e-5,1,0.9959627542165894,0,0.16187144170019327,0.1845618398519282,0.1982512180470743,0.21105453841310406,0.9999854128923323
FHL3,2,0.7783610926891842,0.1575081873404486,0.5366298539985912,1,0.46383278998198696,0,0.1575081873404486,0.17958696445749067,0.19290734464740003,0.2053655507497924,0.9999854128923323
FHL5,4,-1.453232372714913,0.19624024963199793,2.0922678296253006,3,0.5534786172736308,0,0.19624024963199793,0.27049851680498144,0.3102830787185666,0.3455166136156834,0.9999854128923323
FIGNL1,2,-0.6608995449521091,0.12805361549638167,0.3810651954212734,1,0.5370337124426924,0,0.12805361549638167,0.14600358548406853,0.15683300884234394,0.16696148762778132,0.9999854128923323
FJX1,3,0.9439794579463009,0.16329171971696685,0.25211610778699983,2,0.8815636670945974,0,0.16329171971696685,0.2065495029405763,0.23092936464696068,0.25297044441495276,0.9999854128923323
FKBP10,3,0.6677906019827178,0.0988565941799382,0.27966146437945,2,0.8695054022186076,0,0.0988565941799382,0.12504479973422,0.1398043362192818,0.1531479771686743,0.9999854128923323
FKBP14,3,-0.8019676211720844,0.10376186621747964,0.12038250560163598,2,0.9415844357021508,0,0.10376186621747964,0.13124953260676636,0.1467414384619024,0.16074719193268025,0.9999854128923323
FKBP2,2,0.6921723941401524,0.13073104904880475,0.027615070063150608,1,0.868017008604238,0,0.13073104904880475,0.14905632942287722,0.1601121818541659,0.1704524338787267,0.9999854128923323
FKBP3,5,-0.9041284913935586,0.07883735757430314,2.6884955855992168,4,0.611229233239545,0,0.07883735757430314,0.11693469839383336,0.1365503088531681,0.15368230219297999,0.9999854128923323
FKBP8,5,0.8383497807230231,0.05803115032900046,1.8436105902511262,4,0.7644946184278394,0,0.05803115032900046,0.08607410585487084,0.10051290079149616,0.1131235375698921,0.9999854128923323
FKRP,2,1.4964594021953601,0.2575002130696302,0.8192194224083176,1,0.3654084872390454,0,0.2575002130696302,0.29359541489978425,0.31537206533927103,0.3357392016767456,0.9999854128923323
FKTN,2,-0.7669664098182881,0.1681593379057886,0.15573774016105127,1,0.6931113845247395,0,0.1681593379057886,0.19173114458112211,0.2059522866767198,0.2192529520265404,0.9999854128923323
FLNA,2,0.5947184622782532,0.15401354465469463,3.9103466759308006e-4,1,0.9842231829597241,0,0.15401354465469463,0.17560245874769154,0.18862729894067673,0.20080909414933415,0.9999854128923323
FLNC,3,1.0561208344850523,0.178948872902403,2.594741979485445,2,0.27324922456754125,22.921045105355194,0.178948872902403,0.22635440923663186,0.25307192302995757,0.2772264018294378,0.9999854128923323
FLRT1,4,0.6863882667384119,0.08858636106113305,0.49423496257717214,3,0.9201561275062302,0,0.08858636106113305,0.12210787196369247,0.1400673352896155,0.15597238356441703,0.9999854128923323
FLT3LG,4,0.9017579694271852,0.1487468202732063,1.556566910082871,3,0.6692775745627871,0,0.1487468202732063,0.20503334223642775,0.23518937338552065,0.261895802330445,0.9999854128923323
FLT4,2,0.8669341809083818,0.17822820122678482,1.207818174150229,1,0.2717646577897211,17.206081064017873,0.17822820122678482,0.2032114150984041,0.2182840753898528,0.23238114362251944,0.9999854128923323
FLYWCH1,4,0.8679450272358429,0.062398446854908494,0.8048155211957436,3,0.8483148808721538,0,0.062398446854908494,0.08601032335027695,0.0986606072592405,0.10986380262263364,0.9999854128923323
FMNL1,5,0.7372925126518113,0.08054573438615745,0.8003814591532057,4,0.9383969171922828,0,0.08054573438615745,0.119468630699326,0.1395093042897723,0.15701254168269685,0.9999854128923323
FNDC4,4,0.646328962792247,0.09700702795647825,0.24490307861400532,3,0.9700341765560138,0,0.09700702795647825,0.13371496026474752,0.1533815786930503,0.1707984975523548,0.9999854128923323
FNIP1,5,-0.8388208815278435,0.049564307731322435,0.7869584434108681,4,0.9401878674059343,0,0.049564307731322435,0.07351574880219547,0.08584789923262937,0.09661862286000494,0.9999854128923323
FNTA,5,-0.7248744048858958,0.05973001078209636,1.8287796654131805,4,0.7672129422734377,0,0.05973001078209636,0.08859392311927813,0.10345541341122774,0.11643522626126304,0.9999854128923323
FOPNL,4,-0.7712392019047765,0.0850797927647064,2.9608499979307927,3,0.3977008072633863,0,0.0850797927647064,0.11727440112864458,0.1345229639957932,0.14979843298360865,0.9999854128923323
FOXD4L4,2,1.235535690305258,0.27631829545009706,0.4776106347768776,1,0.4895065988512715,0,0.27631829545009706,0.31505132997748364,0.3384194152241722,0.3602749792599538,0.9999854128923323
FOXG1,5,0.738440780055659,0.0669069536763011,1.049669487977582,4,0.9021732498138583,0,0.0669069536763011,0.09923904972607277,0.11588624314701078,0.13042566354411336,0.9999854128923323
FOXJ3,4,-0.67876463400904,0.06667698261774015,0.19415184960037907,3,0.9785278219991423,0,0.06667698261774015,0.09190787790452025,0.10542556628975751,0.11739694218385717,0.9999854128923323
FOXN2,5,-0.8714580241915837,0.08098953993405975,1.421744436712824,4,0.8404070605180141,0,0.08098953993405975,0.12012690070590953,0.14027799804742,0.15787767796359464,0.9999854128923323
FOXO3B,3,0.8045333634038188,0.10846819312897828,0.5202689473728802,2,0.7709479066256046,0,0.10846819312897828,0.13720261758823893,0.15339718980910524,0.16803820223269705,0.9999854128923323
FOXO6,3,1.157808978596474,0.17569129502075584,0.40424147811903305,2,0.8169962786246339,0,0.17569129502075584,0.22223386293207528,0.24846501220924555,0.2721797838756006,0.9999854128923323
FOXP4,5,0.8755208077559132,0.07795911848113461,0.2263642981763566,4,0.9940582879851401,0,0.07795911848113461,0.11563205930702042,0.135029154122607,0.15197029902764295,0.9999854128923323
FPGS,2,0.7443588890489858,0.11439657963126117,0.013333580393271146,1,0.9080717073539156,0,0.11439657963126117,0.1304321688109606,0.1401066242081266,0.14915489141581484,0.9999854128923323
FPGT,5,-0.91669166420276,0.09553520945076611,0.8321731786320712,4,0.9340834991161651,0,0.09553520945076611,0.14170161515862778,0.16547183668046128,0.1862324078409734,0.9999854128923323
FRA10AC1,5,-0.8579405498955059,0.0612469099462474,5.520157920141862,4,0.23796325621734488,27.538304920501172,0.0612469099462474,0.09084384817652887,0.1060827598334961,0.11939220710022161,0.9999854128923323
FRAT1,3,0.7260461293002713,0.1266115597392205,0.29587423559094733,2,0.8624853482169411,0,0.1266115597392205,0.1601523627529645,0.17905578493641697,0.1961457849229386,0.9999854128923323
FRMD3,5,-0.7901563571995329,0.09151637548911225,0.7491661864623331,4,0.9451301718254581,0,0.09151637548911225,0.13574072108936658,0.15851101207169346,0.17839825821493857,0.9999854128923323
FRRS1L,4,-0.7140671953153687,0.12297926851731802,0.3696868706350616,3,0.9464307706543752,0,0.12297926851731802,0.16951522327391058,0.19444729674808164,0.21652734585652056,0.9999854128923323
FRS3,2,0.7464752996299546,0.1440047923266353,0.09050131772075573,1,0.7635407988132854,0,0.1440047923266353,0.1641907253073345,0.1763691308578574,0.18775927769930176,0.9999854128923323
FSCN1,5,0.7404019530403604,0.05900052598541543,0.7169322468375947,4,0.9492245312713253,0,0.05900052598541543,0.08751192231017725,0.10219190868002731,0.11501319860308028,0.9999854128923323
FSD1L,5,-0.9584681067206723,0.06684312770470559,1.1167016230467572,4,0.8916133347868598,0,0.06684312770470559,0.09914438051127596,0.1157756933213649,0.13030124382031355,0.9999854128923323
FSIP1,2,-0.7899850110129899,0.14413293697302074,0.47377934212620987,1,0.49125361321629174,0,0.14413293697302074,0.16433683268400118,0.1765260753563143,0.1879263578766877,0.9999854128923323
FTH1,3,0.649018762001763,0.10602163497537839,0.17025104762169554,2,0.91839699647505,0,0.10602163497537839,0.13410793911086624,0.14993723408714982,0.16424801063892894,0.9999854128923323
FTL,4,1.0076851535962026,0.149115012060471,0.6923477174559618,3,0.8750023505106654,0,0.149115012060471,0.20554085959100538,0.235771535717283,0.2625440708672787,0.9999854128923323
FUK,2,0.7287568335316608,0.10500234747541003,0.16090563930438306,1,0.6883240819425779,0,0.10500234747541003,0.11972109616918303,0.128601086554586,0.13690631124272346,0.9999854128923323
FURIN,5,0.8167689647393261,0.08599760936441771,0.3237600823145966,4,0.9882292014543126,0,0.08599760936441771,0.12755506809244768,0.14895222874863254,0.16764020252403938,0.9999854128923323
FUT9,2,-0.735276045862154,0.1383018994337532,0.7783190536575753,1,0.3776557264085139,0,0.1383018994337532,0.1576884269788978,0.16938454203520453,0.18032361508652375,0.9999854128923323
FUZ,5,0.7808257848140807,0.07968754254593845,4.270176713257557,4,0.3706744855292627,6.327061651072739,0.07968754254593845,0.118195726493912,0.13802287241987196,0.1553396178076953,0.9999854128923323
FXYD1,5,1.2985750170987218,0.10738778388015519,2.4917631408239798,4,0.6461113351608581,0,0.10738778388015519,0.1592818240689126,0.18600109779265483,0.20933732892493273,0.9999854128923323
FXYD5,5,0.8443398242895199,0.11100643190677363,1.1602594040083418,4,0.8845972976302847,0,0.11100643190677363,0.16464914647298048,0.19226878002946685,0.2163913725492725,0.9999854128923323
FZD3,3,-0.9157292453848516,0.132807984153837,0.8725119778315092,2,0.6464522201495969,0,0.132807984153837,0.16799028855266993,0.1878188523817874,0.2057452443484757,0.9999854128923323
FZD8,5,1.1225700900843947,0.149620532659303,0.318926733309855,4,0.9885598582974361,0,0.149620532659303,0.22192311358927402,0.25915036442143136,0.2916641123181999,0.9999854128923323
FZD9,5,1.196450805840392,0.15007376564529812,0.9234955199378518,4,0.9211660697963943,0,0.15007376564529812,0.2225953667462818,0.259935386980841,0.29254762605915546,0.9999854128923323
FZR1,5,0.8424839996194282,0.06362891441517099,4.217391688759135,4,0.3773838088560121,5.154647820323689,0.06362891441517099,0.0943769317642661,0.11020851259752788,0.12403558863762443,0.9999854128923323
G2E3,5,-0.9129653301947976,0.07454528734581539,0.19795481687102115,4,0.9954132616619581,0,0.07454528734581539,0.11056852944682952,0.12911622514777354,0.14531551702687054,0.9999854128923323
G3BP1,4,-0.6899117798052474,0.05654980134684647,1.0151652186269593,3,0.7975824877607791,0,0.05654980134684647,0.0779485218685949,0.08941308674304617,0.09956619958771237,0.9999854128923323
G6PD,5,0.9046416716126108,0.06035152564733919,0.41692062108137723,4,0.9810682677902792,0,0.06035152564733919,0.08951577863994241,0.10453190873548765,0.11764678177601574,0.9999854128923323
GABARAPL1,2,-0.7963201635986665,0.20479542865144407,1.351373757369369e-6,1,0.9990724705577362,0,0.20479542865144407,0.23350271492102043,0.2508221509252982,0.26702057020780035,0.9999854128923323
GABPA,4,-0.7758539167792359,0.09110120531462464,1.4587647101584595,3,0.6918195814864307,0,0.09110120531462464,0.12557434554309668,0.14404365319042517,0.16040022378509922,0.9999854128923323
GABPB1,2,-0.6323703291346385,0.08871380286548737,0.05741192540952472,1,0.8106342727448476,0,0.08871380286548737,0.10114929789431819,0.1086517750811501,0.11566864740307178,0.9999854128923323
GABRA4,2,-0.9008158015560933,0.2157558389766925,0.004408363194123276,1,0.9470629481395468,0,0.2157558389766925,0.24599950542287155,0.2642458572594936,0.28131119687867384,0.9999854128923323
GABRD,4,1.028085056054935,0.15693865565858958,0.8215107805324489,3,0.8443153210381104,0,0.15693865565858958,0.21632500806854987,0.24814180240300784,0.27631901686957516,0.9999854128923323
GABRE,5,-1.235503395430943,0.1430494238658024,0.9977676189302834,4,0.9101343023324185,0,0.1430494238658024,0.21217658417069402,0.24776887012902568,0.27885466311267665,0.9999854128923323
GADD45G,3,1.2144199899145107,0.2008853104740143,0.3778110048487425,2,0.8278647342088514,0,0.2008853104740143,0.25410205182718576,0.284094730553881,0.3112101847854255,0.9999854128923323
GAL3ST1,4,0.8813525432290849,0.13292048374795729,1.8231578813679703,3,0.6099085344482005,0,0.13292048374795729,0.1832182428133259,0.21016573816746975,0.23403066145134063,0.9999854128923323
GAL3ST3,5,1.1062786425153412,0.10569328709590158,1.6864678267660618,4,0.7931742686060137,0,0.10569328709590158,0.15676847917135858,0.1830661432690655,0.20603414659012073,0.9999854128923323
GALC,3,-0.6844584942686581,0.11090140488851347,0.10181892073987378,2,0.9503647123067502,0,0.11090140488851347,0.14028041406409378,0.15683827087956562,0.1718077176816874,0.9999854128923323
GALK1,2,0.655085720278906,0.16857165510304903,0.1997079232356656,1,0.6549567053106815,0,0.16857165510304903,0.1922012585167842,0.20645727004945108,0.21979054787935773,0.9999854128923323
GALNT13,2,-0.8685079136299848,0.1261770834266584,2.6546468759396333,1,0.10324768299771304,62.330206361400066,0.1261770834266584,0.14386400973375965,0.15453473581394853,0.16451478915130535,0.9999854128923323
GALNT15,2,0.87933558211825,0.21415327998928263,0.003953700586206873,1,0.9498632882496313,0,0.21415327998928263,0.24417230704815507,0.2622831313585609,0.27922171559763354,0.9999854128923323
GALNT4,3,-0.6845462542713181,0.09729112134279447,1.3894324363220678,2,0.4992160963474319,0,0.09729112134279447,0.12306461582201998,0.13759042330146642,0.1507227570777952,0.9999854128923323
GALNT9,5,0.920199770445663,0.10104639395165846,6.079132523506306,4,0.1933160361125103,34.2011383279914,0.10104639395165846,0.14987602279015236,0.17501748824589294,0.19697568422627265,0.9999854128923323
GALR1,3,-1.134310344732212,0.1711494971327247,0.7786564607666238,2,0.6775118535386602,0,0.1711494971327247,0.21648889253274697,0.24204194003843443,0.2651436608427267,0.9999854128923323
GAMT,5,1.093783003544644,0.07410858991442923,3.4629582432157804,4,0.4835329312148747,0,0.07410858991442923,0.10992080248083659,0.1283598430090779,0.14446423701594507,0.9999854128923323
GAR1,3,-0.6162324341818401,0.10267474091306891,0.006352708029576363,2,0.9968286852607058,0,0.10267474091306891,0.12987441578118966,0.14520401111240577,0.15906302465299088,0.9999854128923323
GAREM2,4,1.0314122269784678,0.15692700077548835,0.10653372606485462,3,0.9910419868853236,0,0.15692700077548835,0.21630894292086314,0.2481233744147764,0.2762984963303444,0.9999854128923323
GAS2L1,5,1.0552139796216717,0.11247495257932466,1.2242831829907868,4,0.874084596782795,0,0.11247495257932466,0.1668273146309888,0.19481233244629045,0.2192540463465636,0.9999854128923323
GAS6,5,0.681617089782357,0.05551301904198947,0.506543351663293,4,0.972860864792575,0,0.05551301904198947,0.08233911356666301,0.09615136946226432,0.10821479601234706,0.9999854128923323
GAS8,3,0.8796044251059938,0.12715273657210185,1.5124430174615509,2,0.46943684316591827,0,0.12715273657210185,0.16083690331649303,0.1798211245531199,0.1969841724673797,0.9999854128923323
GATAD1,4,-0.7181301445927025,0.08909768121314639,0.3320828017202788,3,0.9538858361419857,0,0.08909768121314639,0.12281267815402028,0.14087580343656836,0.15687265559183447,0.9999854128923323
GATSL2,5,0.7808689061038898,0.07238024446972598,0.7010031270196982,4,0.9512051574890921,0,0.07238024446972598,0.1073572519063992,0.12536626088582165,0.1410950714946831,0.9999854128923323
GATSL3,3,0.9209038531938762,0.15947589579766014,1.6241256260157357,2,0.4439413530462805,0,0.15947589579766014,0.2017228250465124,0.22553297470864947,0.24705899541833884,0.9999854128923323
GCA,3,-1.03294809836861,0.128838245691512,0.947122054772654,2,0.6227805761897801,0,0.128838245691512,0.16296892245022135,0.18220479440929327,0.1995953519671222,0.9999854128923323
GCC2,4,-0.665835511344843,0.08067245030511805,0.9436990554268903,3,0.814871434746519,0,0.08067245030511805,0.11119929879563228,0.1275543436954593,0.14203850583035008,0.9999854128923323
GCFC2,5,-0.7431683014702081,0.06834346595275545,0.4016904744302777,4,0.9823382655325147,0,0.06834346595275545,0.10136974176033979,0.11837435539552614,0.13322594149059214,0.9999854128923323
GCH1,4,-0.9843669208255086,0.15245973797814844,0.5633288275500014,3,0.9047736295982379,0,0.15245973797814844,0.2101512461021699,0.24106001174171174,0.2684330685357778,0.9999854128923323
GCK,5,1.0723109302393534,0.13579577582167449,6.321490756505797,4,0.17639117895823997,36.72378630177735,0.13579577582167449,0.20141768544053684,0.2352051831763735,0.26471469996552854,0.9999854128923323
GCLM,4,-0.7271147558488145,0.0843258658734598,0.2423083289292366,3,0.970486501169427,0,0.0843258658734598,0.1162351846261991,0.13333090091299854,0.1484710077134828,0.9999854128923323
GCNT1,2,-0.8124154717604412,0.17959193146159186,0.2848093926889627,1,0.5935661576555002,0,0.17959193146159186,0.20476630679859575,0.2199542970008944,0.23415923030787977,0.9999854128923323
GCNT2,3,-0.7493493828117093,0.10137321406637435,0.6823932806578723,2,0.7109190990953124,0,0.10137321406637435,0.12822810007262503,0.14336337419401762,0.15704670793223494,0.9999854128923323
GCNT4,4,-1.0419097847653953,0.14982359196925968,0.728417502592657,3,0.866500375837764,0,0.14982359196925968,0.20651756959175482,0.23689189892528625,0.263791654535868,0.9999854128923323
GDAP1,5,-0.857103057896683,0.08852447437530817,1.0330327118727587,4,0.904746466061834,0,0.08852447437530817,0.13130301458661983,0.15332888733136288,0.17256596924368792,0.9999854128923323
GDAP1L1,5,0.7821963910197046,0.08289244320998179,1.4518987352305377,4,0.8351264650201061,0,0.08289244320998179,0.12294936238510602,0.14357392320320625,0.16158711934128975,0.9999854128923323
GDAP2,5,-0.6674248501114193,0.05099601369145452,1.1291561671893569,4,0.8896190949251905,0,0.05099601369145452,0.07563931191729495,0.08832768669707732,0.09940953157113387,0.9999854128923323
GDF10,5,0.7701554814163216,0.11488744174990445,1.7871780448575516,4,0.7748273563658178,0,0.11488744174990445,0.1704056143383865,0.19899088626244435,0.22395685350750758,0.9999854128923323
GDPD1,3,-0.6991674485668581,0.12121060009387034,0.18279210395597828,2,0.9126561800261594,0,0.12121060009387034,0.1533206291409798,0.171417674556133,0.1877786542189468,0.9999854128923323
GDPD2,3,1.1885766467632182,0.1359648264823425,2.8627768253000085,2,0.23897689325881125,30.137760571314974,0.1359648264823425,0.1719834133415127,0.19228330161703336,0.2106358034544375,0.9999854128923323
GDPD5,4,0.6766206511909263,0.0825753124717549,0.17152121895062805,3,0.9820502600305985,0,0.0825753124717549,0.11382221328297532,0.13056303295542696,0.14538884039844555,0.9999854128923323
GEN1,2,-1.1539583978184962,0.16775035792672638,1.2927616314329742,1,0.2555396402682647,22.646219095198525,0.16775035792672638,0.1912648356596378,0.2054513905448615,0.21871970737390398,0.9999854128923323
GET4,3,0.7405017692148042,0.08769283189222842,0.14200921895575874,2,0.9314575985845004,0,0.08769283189222842,0.11092363329987805,0.12401639218489331,0.13585315100014692,0.9999854128923323
GFAP,2,1.0150622692966293,0.20031744749198555,2.771640589873103,1,0.09594777604549999,63.92028592546395,0.20031744749198555,0.22839703084894888,0.2453377664660632,0.2611819970987615,0.9999854128923323
GFM1,2,-0.6167320224494176,0.10726992069270165,0.02355879308242282,1,0.8780128698490824,0,0.10726992069270165,0.12230652742615193,0.13137828522296882,0.1398628649971516,0.9999854128923323
GFM2,2,-0.6196947584067382,0.12573984519316572,0.001295489942452464,1,0.9712880081706223,0,0.12573984519316572,0.14336548144501754,0.15399923052990205,0.16394470024261892,0.9999854128923323
GFPT1,4,-0.6889675436641224,0.07062857067765715,0.12815506425368645,3,0.9882567959553286,0,0.07062857067765715,0.0973547661511276,0.11167357561178934,0.1243544309122249,0.9999854128923323
GGA1,5,0.733545823573706,0.0675721385163574,0.0769723413299855,4,0.9992781376042756,0,0.0675721385163574,0.10022567828696567,0.11703837708641288,0.13172234751157605,0.9999854128923323
GGPS1,2,-0.5850669407940619,0.08335703605372961,0.0011342946949484249,1,0.9731328923671693,0,0.08335703605372961,0.09504164401756533,0.10209110240120912,0.1086842779864076,0.9999854128923323
GGT1,3,0.6367434714315604,0.11540464230220533,0.1183931985589873,2,0.942521451902726,0,0.11540464230220533,0.14597660889279465,0.1632068103045946,0.1787841030845861,0.9999854128923323
GGT7,4,0.7263001841641171,0.09352053228290018,0.21177594420883777,3,0.975666236944917,0,0.09352053228290018,0.12890915763089233,0.14786894500263548,0.16465988847098925,0.9999854128923323
GHDC,5,0.6953226741758675,0.07989307335717233,0.7158149761373962,4,0.9493643867290754,0,0.07989307335717233,0.11850057795217685,0.13837886222744988,0.15574027111741898,0.9999854128923323
GHR,3,-0.7482776738609962,0.12520674833875664,1.1161449633078135,2,0.5723111415951607,0,0.12520674833875664,0.1583754012695898,0.17706908160130463,0.19396946045951505,0.9999854128923323
GIMAP1,2,0.7827308009112519,0.21336776016177678,0.01680428232832102,1,0.8968581127644214,0,0.21336776016177678,0.24327667664490477,0.2613210699784467,0.27819752304787143,0.9999854128923323
GIN1,5,-1.0122608169858003,0.06406090199826205,3.0652149564127633,4,0.5469717723350361,0,0.06406090199826205,0.09501767289629891,0.11095673703968048,0.12487768746400435,0.9999854128923323
GINM1,2,-0.6150314653261371,0.10281050440268694,0.0010045561279618687,1,0.9747154948827859,0,0.10281050440268694,0.11722201056199039,0.1259166379923732,0.13404849751641884,0.9999854128923323
GIPC1,4,0.6766194024512515,0.09894223123268181,0.011502082166878825,3,0.9996730469367419,0,0.09894223123268181,0.13638245389518697,0.1564414037371619,0.17420577451977465,0.9999854128923323
GIT1,3,0.8313979938486494,0.10438224855843711,0.08390298098829772,2,0.9589162959999268,0,0.10438224855843711,0.13203426109379549,0.14761879158234123,0.16170828412260405,0.9999854128923323
GJC1,5,-0.9164011717477059,0.09702416668591579,2.3635439218348178,4,0.6692252438362295,0,0.09702416668591579,0.14391009563756124,0.1680507862620378,0.18913491983281724,0.9999854128923323
GJC2,4,0.830049712837522,0.12373406655908352,0.8031455623607475,3,0.8487145093288615,0,0.12373406655908352,0.17055564057447836,0.1956407372407886,0.21785630494541094,0.9999854128923323
GK,5,-0.9817915565487442,0.10026394584320528,1.3763270354329145,4,0.8482988773768096,0,0.10026394584320528,0.1487154646945241,0.17366224836776586,0.19545041206655708,0.9999854128923323
GK5,5,-0.9246032474266223,0.0669098326014641,0.4752269503754513,4,0.9758673957502245,0,0.0669098326014641,0.09924331986216044,0.11589122959166429,0.13043127560241294,0.9999854128923323
GLI2,2,0.7172201993926941,0.19057467869935835,0.05820512380508536,1,0.8093556405215557,0,0.19057467869935835,0.21728856529917256,0.23340536035413903,0.24847898074951577,0.9999854128923323
GLI3,4,0.7845927403020102,0.11642605763509596,0.3557060126011429,3,0.9492326297622431,0,0.11642605763509596,0.16048224544558287,0.18408576056047007,0.2049892274706091,0.9999854128923323
GLIPR1,3,-0.9835778615334607,0.19511895492535256,0.08515779501009704,2,0.958314853887179,0,0.19511895492535256,0.24680812489433734,0.2759398723314982,0.30227698518211443,0.9999854128923323
GLIPR1L2,4,-1.0966178261439365,0.12448446880648406,1.1797349031018567,3,0.7578687088742785,0,0.12448446880648406,0.17158999869066308,0.19682722737233602,0.21917752443966682,0.9999854128923323
GLIS1,5,1.2036084639025735,0.11632754179843359,2.7586453045917807,4,0.5989921386990786,0,0.11632754179843359,0.17254162789862015,0.20148521271447922,0.22676412530930015,0.9999854128923323
GLIS2,5,1.1539999507350847,0.14550720687231836,0.9102582127239746,4,0.9230845208558631,0,0.14550720687231836,0.2158220654936006,0.2520258751702907,0.2836457642144121,0.9999854128923323
GLMN,4,-1.0481005735912299,0.1061342654992575,0.2721914050433827,3,0.965170765499524,0,0.1061342654992575,0.14629598899090526,0.1678130083833408,0.18686865753921209,0.9999854128923323
GLRA3,3,-1.3236270592619792,0.24480572627381209,0.264512297088513,2,0.8761165503560332,0,0.24480572627381209,0.3096574717107885,0.3462075782430206,0.3792514003658743,0.9999854128923323
GLRX,2,-0.8335339471764107,0.18884733307070897,1.483556771075387e-4,1,0.9902818990018573,0,0.18884733307070897,0.2153190882627341,0.23128980265433002,0.24622679759413432,0.9999854128923323
GLRX3,5,-0.762983577680361,0.057062398706136074,2.504942936367969,4,0.6437509028647515,0,0.057062398706136074,0.08463721499089917,0.09883497376078024,0.11123509300204028,0.9999854128923323
GLS,3,-0.8405960781878095,0.18268131873126667,0.3327202437603327,2,0.8467412492261308,0,0.18268131873126667,0.23107562126159356,0.25835039854195946,0.28300868204376195,0.9999854128923323
GLTSCR1,4,0.9021568989236611,0.0969945782813845,0.5607851474864276,3,0.9053480282819576,0,0.0969945782813845,0.13369779957190353,0.15336189402833764,0.17077657763741852,0.9999854128923323
GLTSCR2,4,0.662931622993335,0.09680081881489545,0.49549836597583485,3,0.9198792821620945,0,0.09680081881489545,0.13343072057867714,0.15305553341217543,0.17043542889324997,0.9999854128923323
GLUD2,5,0.6826375444931225,0.06157280017897146,0.2671951163732153,4,0.9918322361047758,0,0.06157280017897146,0.09132722150670634,0.10664721827426463,0.12002748411569027,0.9999854128923323
GMEB2,2,0.6547748897158395,0.11821239516618971,0.021914271776823813,1,0.8823153849594862,0,0.11821239516618971,0.13478286791059765,0.14478002471470672,0.15413010617843798,0.9999854128923323
GMFB,2,-0.7753206279050336,0.18471885682279118,0.509644865368341,1,0.4752926315647094,0,0.18471885682279118,0.21061190110175276,0.22623347254303072,0.2408439231370848,0.9999854128923323
GMPR,2,1.1986426427097812,0.21416578516867335,3.924323346182193,1,0.04759233938679687,74.51789998464685,0.21416578516867335,0.24418656514638282,0.2622984470128855,0.27923802035674583,0.9999854128923323
GNAI2,5,0.7401610717336693,0.07515095974812115,1.908445630663409,4,0.7525933492843325,0,0.07515095974812115,0.11146688679756063,0.13016528052130943,0.14649618989599064,0.9999854128923323
GNAI3,2,-0.6758986971997077,0.09508515169926877,0.636375786567648,1,0.4250262324725804,0,0.09508515169926877,0.10841375325932981,0.11645505188917066,0.12397586993138635,0.9999854128923323
GNAS,2,0.6303039025217102,0.10333265521379288,0.11787294309634315,1,0.7313530030333592,0,0.10333265521379288,0.11781735408500896,0.12655613952036818,0.1347292988811469,0.9999854128923323
GNB2,5,0.6966792593730744,0.061625844174479534,2.0934378780853513,4,0.7185780533380642,0,0.061625844174479534,0.09140589846655364,0.10673909316952106,0.1201308858987791,0.9999854128923323
GNB4,3,-0.7101532057014555,0.09948394941238117,0.4975699137879676,2,0.779747634710125,0,0.09948394941238117,0.12583834830883767,0.14069155049742837,0.15411987171563737,0.9999854128923323
GNG10,2,-1.0454022518313535,0.2280654348119473,0.03160900490968559,1,0.8588885177280516,0,0.2280654348119473,0.26003460408713175,0.27932197162762523,0.29736094623392695,0.9999854128923323
GNG5,4,0.8045618331505139,0.12548868917258568,0.6481367623599956,3,0.8853294264606321,0,0.12548868917258568,0.17297422093908174,0.19841503918714065,0.22094563684713678,0.9999854128923323
GNPDA2,5,-0.807872284422292,0.08625054448357906,1.7509247160349641,4,0.7814476342754021,0,0.08625054448357906,0.12793023150205926,0.14939032522603848,0.16813326384184846,0.9999854128923323
GNPNAT1,3,-0.7928793508847429,0.11531387275812326,0.50089555782647,2,0.7784521305685795,0,0.11531387275812326,0.1458617934922049,0.1630784427843033,0.178643483511557,0.9999854128923323
GNPTG,5,0.9418722008290447,0.05234954939681193,1.6555860734351269,4,0.7987687586797149,0,0.05234954939681193,0.07764692980735527,0.09067207930861494,0.10204805840282881,0.9999854128923323
GNRH1,2,-1.1247863509677096,0.2849842975981575,0.24755199121991495,1,0.6188040947516166,0,0.2849842975981575,0.3249320926605585,0.34903305691047776,0.3715740636693792,0.9999854128923323
GOLGA8O,2,1.0658202330175335,0.2840515301671356,0.03298323827774377,1,0.855886539967554,0,0.2840515301671356,0.32386857415837444,0.3478906547831325,0.3703578837334166,0.9999854128923323
GOLT1B,2,-1.210507375098,0.20684494695074027,0.08287937491243769,1,0.7734326398803757,0,0.20684494695074027,0.23583952531916894,0.2533322879511844,0.26969281513305604,0.9999854128923323
GOPC,4,-0.6902332976257142,0.08714785458135249,0.2856751220069829,3,0.9626996979874839,0,0.08714785458135249,0.12012502761894318,0.13779285683710676,0.15343963155003643,0.9999854128923323
GORASP1,2,0.6829941486142447,0.11224695871740231,0.6930120193976333,1,0.4051417669208296,0,0.11224695871740231,0.12798122387169958,0.13747388701844188,0.1463521286494343,0.9999854128923323
GP1BB,4,2.2364656793127575,0.24882645373155898,4.0445046507740745,3,0.25669835999172064,25.825280002439055,0.24882645373155898,0.3429835969045531,0.39342916794711497,0.43810418011876273,0.9999854128923323
GPAA1,4,0.72176311153786,0.08179849825032177,1.7328150263759092,3,0.6296630757779521,0,0.08179849825032177,0.1127514487730202,0.1293347818261574,0.144021117825215,0.9999854128923323
GPALPP1,2,-0.5923180522458735,0.13755545418740528,0.0035443980289456625,1,0.9525261106524239,0,0.13755545418740528,0.15683734845282982,0.1684703370479653,0.17935036955745506,0.9999854128923323
GPATCH11,4,-0.7242048025406502,0.07202749903607612,1.106961406320469,3,0.7753938437967086,0,0.07202749903607612,0.09928305582044047,0.1138854755597915,0.1268174984531513,0.9999854128923323
GPATCH3,2,0.6663937635556788,0.12759394892522918,0.2552422819951015,1,0.6134077763575851,0,0.12759394892522918,0.1454794849559009,0.1562700345667748,0.16636215574453161,0.9999854128923323
GPBP1,2,-0.6116603220802004,0.10462167387787247,0.009548651255971222,1,0.9221568569714829,0,0.10462167387787247,0.11928706148828663,0.12813485851832768,0.13640997359619067,0.9999854128923323
GPC1,4,0.8656046132842248,0.08110837364506732,0.6561849348272517,3,0.8834580184751415,0,0.08110837364506732,0.11180017765263575,0.12824359901519305,0.14280602807157103,0.9999854128923323
GPCPD1,5,-0.8274734542168788,0.08980311454584294,0.3911842069893742,4,0.9831922956782885,0,0.08980311454584294,0.1331995444462718,0.15554355707132766,0.1750584978003307,0.9999854128923323
GPKOW,2,0.6405549861692231,0.084222517076496,0.27398665015480067,1,0.6006699443167202,0,0.084222517076496,0.09602844421061324,0.10315109584512899,0.10981272717946278,0.9999854128923323
GPM6A,2,-0.7170545807777206,0.1702155732154425,0.35637953795046223,1,0.5505238553119074,0,0.1702155732154425,0.1940756135494106,0.20847065032659273,0.22193395486181206,0.9999854128923323
GPR108,4,0.6456911326811801,0.08723110715483148,0.6288217942797776,3,0.8898037327547398,0,0.08723110715483148,0.12023978337210033,0.13792449071373886,0.15358621283148707,0.9999854128923323
GPR137C,3,-0.9845587793209684,0.14996648245666563,0.055181258536911165,2,0.9727865156279876,0,0.14996648245666563,0.18969426289869876,0.21208463339160338,0.2323270756175891,0.9999854128923323
GPR155,3,-0.779759098780393,0.12906437231178833,0.31885742739299583,2,0.8526307461241955,0,0.12906437231178833,0.16325495251408903,0.18252458574250163,0.19994566582090795,0.9999854128923323
GPR162,3,0.7074994771525417,0.09919757985654001,0.08947599701305922,2,0.9562479874160795,0,0.09919757985654001,0.12547611628924213,0.14028656278770704,0.15367622990738392,0.9999854128923323
GPR180,5,-0.7809956516430299,0.08621995299292645,0.19389276281309079,4,0.9955936577521338,0,0.08621995299292645,0.12788485698872007,0.1493373392099489,0.16807363004823003,0.9999854128923323
GPR22,3,-1.153017682982898,0.23717849985109435,0.39372804416168417,2,0.821302304698457,0,0.23717849985109435,0.300009708620546,0.33542105119272275,0.3674353520006987,0.9999854128923323
GPR37L1,5,1.1592909032018295,0.13680628631792338,0.8437206567774417,4,0.9324924502154666,0,0.13680628631792338,0.2029165147232319,0.23695543869745822,0.2666845475635703,0.9999854128923323
GPR62,2,0.959705926793519,0.19617195974872983,0.6318524892387847,1,0.42667662186416544,0,0.19617195974872983,0.22367044759903904,0.2402606016130941,0.25577694236544735,0.9999854128923323
GPR68,2,1.0885897232042219,0.25488660604071106,0.8404983505119639,1,0.3592542812276427,0,0.25488660604071106,0.2906154443945443,0.31217106353476926,0.3323314750309087,0.9999854128923323
GPR75,4,0.6777529363449096,0.09018588517783466,1.2927055158764957,3,0.7308659485274814,0,0.09018588517783466,0.12431266380416837,0.14259640498018855,0.15878863638327423,0.9999854128923323
GPR85,2,-0.9496036095785495,0.24277229800576514,0.17725182640393383,1,0.6737456929124903,0,0.24277229800576514,0.2768030080810179,0.29733412689851135,0.31653634981515166,0.9999854128923323
GPR89A,3,-1.0039803710383495,0.18099840790753768,0.16819571585323778,2,0.9193412868609077,0,0.18099840790753768,0.22894688874082006,0.25597040323077747,0.2804015278063801,0.9999854128923323
GPR89B,5,-1.2134078798326011,0.13498676907775703,1.1665594371556725,4,0.8835730998371424,0,0.13498676907775703,0.20021773452247868,0.23380394239224261,0.26313765549422313,0.9999854128923323
GPRC5C,3,0.8430819524933225,0.15363601730598914,0.3282354916087985,2,0.8486420919513934,0,0.15363601730598914,0.1943358981295888,0.2172741393431174,0.2380118945614922,0.9999854128923323
GPRIN1,2,0.6352728744793811,0.17269340190918814,0.004167713297632724,1,0.9485260621351805,0,0.17269340190918814,0.19690077293362487,0.2115053583114446,0.2251646482178014,0.9999854128923323
GPS1,5,0.6912627946535442,0.04739614519471921,1.196588769389536,4,0.878659934718137,0,0.04739614519471921,0.07029984405744859,0.08209253156016516,0.09239209598992673,0.9999854128923323
GPSM1,5,0.7249993128445573,0.08335000747366761,0.617738313511861,4,0.961072306962725,0,0.08335000747366761,0.12362803986512519,0.14436644775563792,0.16247907629682565,0.9999854128923323
GPSM2,3,-0.657335148209571,0.12979582116942076,0.0692079389394781,2,0.9659879012154511,0,0.12979582116942076,0.1641801702669077,0.18355901063714772,0.20107882151859308,0.9999854128923323
GPSM3,4,0.822309356012233,0.12751125758479112,0.08566534196545311,3,0.9935003092641115,0,0.12751125758479112,0.17576213909890948,0.2016130006401804,0.22450673600952453,0.9999854128923323
GPT,5,0.8174786275613284,0.1163159862611355,0.7861152140172976,4,0.9402997623575873,0,0.1163159862611355,0.1725244882669746,0.20146519793677017,0.22674159942018252,0.9999854128923323
GPT2,3,1.0109045010514301,0.10167226084889916,1.7618931436155698,2,0.4143904756347836,0,0.10167226084889916,0.1286063676565144,0.14378629020964825,0.15750998921561712,0.9999854128923323
GPX1,2,1.1090512639102776,0.25562326592222306,0.0012626527650904875,1,0.9716540744326063,0,0.25562326592222306,0.29145536588810067,0.31307328394661105,0.3332919620051826,0.9999854128923323
GPX4,3,0.6494265409177442,0.06940542211318215,0.037857550087808285,2,0.9812492491886217,0,0.06940542211318215,0.08779168633722895,0.09815408925469173,0.10752241759234019,0.9999854128923323
GRAMD1A,5,0.6111665017137533,0.04914815998135835,0.06435050921193163,4,0.9994933467822893,0,0.04914815998135835,0.07289850193945709,0.0851271101862361,0.09580740155281396,0.9999854128923323
GRAMD4,3,0.6274561824772784,0.11912007844391556,0.018709023876873426,2,0.9906891053961177,0,0.11912007844391556,0.15067630517627964,0.16846123048633235,0.18454003200488245,0.9999854128923323
GREM1,2,-1.024065875241628,0.26575228269877954,0.21264006056706897,1,0.6447059743911773,0,0.26575228269877954,0.30300422189714726,0.32547874529593795,0.34649858411159556,0.9999854128923323
GRHPR,2,0.6546907473664554,0.08081232877623155,0.3613242204288909,1,0.5477717156408349,0,0.08081232877623155,0.09214023131569112,0.09897448521390052,0.1053663856256072,0.9999854128923323
GRID1,4,0.6400725453102656,0.05903999593687681,0.021140693726257608,3,0.9991876467230756,0,0.05903999593687681,0.08138101823171186,0.09335043010380871,0.1039506395973682,0.9999854128923323
GRIK4,3,0.6511988282160894,0.08093279500462888,0.24141875784839112,2,0.886291497156521,0,0.08093279500462888,0.10237278784724997,0.11445625633630765,0.1253805468859786,0.9999854128923323
GRIK5,5,1.0330811274899867,0.09326899534639455,1.7672130234388694,4,0.7784751447839945,0,0.09326899534639455,0.13834027643617275,0.16154663871086053,0.18181474327765038,0.9999854128923323
GRIN1,4,0.9104732334630518,0.12406178342312678,0.7770841012076779,3,0.8549399923178326,0,0.12406178342312678,0.17100736709756378,0.1961589030998008,0.21843331002617963,0.9999854128923323
GRIN2C,4,0.8474298294226073,0.14057282967147644,0.3815304527196899,3,0.9440308807850836,0,0.14057282967147644,0.1937662737410906,0.22226515944838235,0.2475040067750871,0.9999854128923323
GRIN2D,4,1.0061472848406392,0.11831604970548132,1.4556257038113185,3,0.6925490980726133,0,0.11831604970548132,0.16308741972950844,0.18707410041150757,0.20831690189593538,0.9999854128923323
GRINA,5,1.0191618957606363,0.06754455808083393,1.8390000378273466,4,0.7653398667128473,0,0.06754455808083393,0.10018476989012515,0.11699060637079134,0.13166858334497855,0.9999854128923323
GRM4,2,0.9419869426031962,0.22614655791316848,0.7580675231248466,1,0.38393396373078315,0,0.22614655791316848,0.2578467478033537,0.27697183698701405,0.2948590368551656,0.9999854128923323
GRN,5,0.7406428566081016,0.08231375278695922,0.5765949060427942,4,0.9656286777642478,0,0.08231375278695922,0.12209102577716269,0.14257160198867763,0.16045904403278743,0.9999854128923323
GRPEL2,5,-0.7252292416637648,0.09046996283159323,1.5461865485714406,4,0.818429809893331,0,0.09046996283159323,0.1341886402958525,0.15669857218318736,0.17635842442041,0.9999854128923323
GSE1,5,0.845622004250454,0.08890073390339596,0.8653617575517829,4,0.9294767837843397,0,0.08890073390339596,0.13186109765521187,0.15398058795084285,0.17329943409179727,0.9999854128923323
GSN,3,0.786831091353809,0.12086550360491016,0.49906773890579503,2,0.7791638905276658,0,0.12086550360491016,0.15288411277392325,0.17092963442111817,0.18724403303711584,0.9999854128923323
GSS,3,0.6296003002508656,0.0913506173928379,0.15338186079186175,2,0.9261760622438779,0,0.0913506173928379,0.11555040664958412,0.1291892820481069,0.1415197679312907,0.9999854128923323
GSTA4,2,-0.6383519428079939,0.16296545919381408,0.0027041953926146304,1,0.9585271964222178,0,0.16296545919381408,0.1858092117127832,0.19959111036159907,0.21248096270825337,0.9999854128923323
GSTP1,5,1.0371719662165872,0.07157490665245443,1.8333521846984615,4,0.7663750493748884,0,0.07157490665245443,0.10616274288598918,0.1239713748690507,0.13952517907807446,0.9999854128923323
GTDC1,5,-0.7930245591788962,0.06870699845902646,3.672554053803704,4,0.4521303567959416,0,0.06870699845902646,0.10190894760494322,0.11900401216659039,0.13393459680584746,0.9999854128923323
GTF2A1,4,-0.6961682058769425,0.06295014084073289,0.42650639986556327,3,0.9347140712720909,0,0.06295014084073289,0.08677078102996079,0.09953291204255137,0.11083516011984251,0.9999854128923323
GTF2H2,2,-0.638008121102449,0.11856068952939651,0.04249416743297968,1,0.8366806678485315,0,0.11856068952939651,0.1351799845842266,0.14520659644977885,0.15458422646850525,0.9999854128923323
GTF2H5,4,-0.6037429500294703,0.07152720695825533,0.04622236172102174,3,0.9973933499597014,0,0.07152720695825533,0.09859345078134384,0.11309444432916556,0.12593664335399835,0.9999854128923323
GTF3C3,4,-0.6918124106346055,0.06880866917431608,0.3435355866783157,3,0.9516430159859595,0,0.06880866917431608,0.09484620504652204,0.10879605867792817,0.12115016366466647,0.9999854128923323
GTF3C5,2,0.6283609952646559,0.11148742298339279,8.668744263792937e-6,1,0.9976508133209033,0,0.11148742298339279,0.12711521989329727,0.1365436495235751,0.14536181521263586,0.9999854128923323
GTPBP1,3,0.6931631684902323,0.08267551317769826,0.8961743580882257,2,0.6388489873601096,0,0.08267551317769826,0.10457717134591668,0.11692083201205644,0.1280803542705509,0.9999854128923323
GTPBP10,5,-0.9987684126688077,0.09293938154116373,2.6967592144646897,4,0.6097818274258858,0,0.09293938154116373,0.13785138015543702,0.16097573085332462,0.18117220768309145,0.9999854128923323
GTPBP6,5,0.9658229362981064,0.08151492810646488,0.9562496926775037,4,0.9163558038317862,0,0.08151492810646488,0.12090617729977532,0.14118799705572146,0.1589018480571202,0.9999854128923323
GTPBP8,2,-0.7888695100986145,0.13160786786213205,0.7577115793876612,1,0.38404562815786375,0,0.13160786786213205,0.1500560566860976,0.16118606119892814,0.17159566574208074,0.9999854128923323
GUCD1,4,0.8320137726890993,0.1197142271815457,1.0009445368848964,3,0.8010234066438111,0,0.1197142271815457,0.16501467437892303,0.18928481311026207,0.2107786473720516,0.9999854128923323
GUCY1A2,5,-0.9167357462754473,0.10344060505238817,1.3356363072241904,4,0.8553009563631518,0,0.10344060505238817,0.15342721173875623,0.1791643835164022,0.2016428608696469,0.9999854128923323
GUF1,5,-0.9591486646406603,0.07259432205668159,1.3397505557585623,4,0.854596083913854,0,0.07259432205668159,0.10767478028169947,0.1257370541431905,0.14151238553746096,0.9999854128923323
GXYLT1,5,-0.7651722858410187,0.08376677948923628,0.4482696276144823,4,0.978337580879581,0,0.08376677948923628,0.12424621266339002,0.14508831806177575,0.1632915145217095,0.9999854128923323
GYPC,5,1.0613367708511114,0.12018277964065374,2.3708280915669446,4,0.6679053944500698,0,0.12018277964065374,0.17825986970919355,0.20816268053246673,0.23427936738898913,0.9999854128923323
H1FX,4,0.7459400485177031,0.07731286565126354,0.688869792529794,3,0.8758187116152367,0,0.07731286565126354,0.10656843093008181,0.12224237394629497,0.13612334665718442,0.9999854128923323
H2AFX,5,0.9678542689991368,0.07236202363151031,2.3822033616910265,4,0.6658457692982412,0,0.07236202363151031,0.10733022603583749,0.1253347014682756,0.14105955254210745,0.9999854128923323
H2AFY2,5,0.6795798506285496,0.0807602274793558,1.260845826387441,4,0.8679827167651991,0,0.0807602274793558,0.11978677536998002,0.13988081722506443,0.1574306656962541,0.9999854128923323
H3F3A,4,-1.1187276152209036,0.11826511080684199,1.0036765659409017,3,0.8003623365769938,0,0.11826511080684199,0.1630172053032862,0.18699355894090722,0.20822721470998765,0.9999854128923323
HACD1,4,-0.7278701840393458,0.1127056885475955,2.1727634000259908,3,0.5373330373360391,0,0.1127056885475955,0.1553540705577953,0.1782033405339782,0.19843884175246929,0.9999854128923323
HACD2,4,-0.8027725151328965,0.1435386144492983,1.4417944515572119,3,0.6957677808077067,0,0.1435386144492983,0.19785432593766097,0.22695447692226908,0.25272580971850767,0.9999854128923323
HACD4,2,-0.7557201925514953,0.1948053255492114,0.057413347025627434,1,0.8106319727775553,0,0.1948053255492114,0.2221122448696481,0.23858682338616552,0.25399506937334076,0.9999854128923323
HAGH,3,0.6500474466453697,0.06483412833526421,0.9985383607932962,2,0.6069740862214419,0,0.06483412833526421,0.08200940626043829,0.09168930359636843,0.10044059972334107,0.9999854128923323
HAGHL,5,0.920170484684153,0.10363528357297747,2.779471920796573,4,0.5953813958398311,0,0.10363528357297747,0.1537159666487291,0.17950157660520522,0.202022359170354,0.9999854128923323
HAT1,4,-0.7769727352516649,0.0917502279039658,1.3633966127447499,3,0.7141367441609613,0,0.0917502279039658,0.1264689614443653,0.14506984800803427,0.16154294597206018,0.9999854128923323
HAUS3,5,-0.7340581197070837,0.07424958120712558,1.4965513207411871,4,0.8272521815029863,0,0.07424958120712558,0.11012992636315426,0.1286040470914528,0.14473907964280908,0.9999854128923323
HAUS6,2,-0.6358618164795506,0.08562782515879576,0.0348868733368142,1,0.8518329083781571,0,0.08562782515879576,0.09763074195074463,0.10487223971165077,0.11164502474549863,0.9999854128923323
HBA1,2,2.874239131135635,0.6876467378552905,1.0959887863231286,1,0.2951480863325429,8.758190550941308,0.6876467378552905,0.7840379116521914,0.8421918155174235,0.896581653471193,0.9999854128923323
HBA2,5,3.408282511064367,0.5082756779882611,0.7101280879029592,4,0.95007407301929,0,0.5082756779882611,0.7538946628248129,0.8803592985271863,0.9908117007639851,0.9999854128923323
HBB,3,1.8369257062981446,0.3671727593420782,0.06517595355879216,2,0.967937290079882,0,0.3671727593420782,0.46444088571593384,0.5192606959955196,0.5688215928451571,0.9999854128923323
HBS1L,4,-0.6690420044473389,0.06976771773796003,0.8571013692173031,3,0.8357659067826262,0,0.06976771773796003,0.09616816226221107,0.1103124476018421,0.1228387429068181,0.9999854128923323
HCFC1,3,0.659867010462601,0.08671058201146585,0.02338598916063046,2,0.9883751028016112,0,0.08671058201146585,0.10968117455802263,0.12262728108187954,0.13433145602814386,0.9999854128923323
HCFC1R1,2,0.8107203858139346,0.1192594976425597,0.08838083622702073,1,0.7662457676323475,0,0.1192594976425597,0.13597674842171517,0.1460624581024623,0.15549536077492698,0.9999854128923323
HCN2,4,0.981772334888085,0.09907066269385488,0.42278239254839517,3,0.9354970002191295,0,0.09907066269385488,0.13655948444739816,0.1566444717074271,0.1744319014413896,0.9999854128923323
HCN4,4,0.744864719393529,0.122603187098738,0.7486720739746835,3,0.8617003673415408,0,0.122603187098738,0.16899683081306435,0.19385265981389163,0.21586518619031944,0.9999854128923323
HDAC10,2,0.5895033984391747,0.10778712416123813,0.0023289341620208737,1,0.9615098042785509,0,0.10778712416123813,0.12289623011075326,0.13201172751852483,0.14053721581636403,0.9999854128923323
HDAC11,2,0.6421610559902999,0.14081944438575256,0.047130387232984725,1,0.8281340444645736,0,0.14081944438575256,0.16055886986474985,0.17246789230366352,0.18360609210777973,0.9999854128923323
HDAC2,5,-0.8270286297463341,0.07343164870119927,0.5203306731459123,4,0.9714918447278296,0,0.07343164870119927,0.10891673640055484,0.1271873464340263,0.14314463565816948,0.9999854128923323
HDAC5,4,0.6172469635264954,0.0740477065017602,0.16140406654620612,3,0.98356541841025,0,0.0740477065017602,0.10206771964007305,0.11707970402861057,0.13037444074023688,0.9999854128923323
HDAC8,2,-0.7072743360873671,0.10611837324235823,0.0897810895901282,1,0.7644556395112269,0,0.10611837324235823,0.1209935613224348,0.12996793338899668,0.13836143081555483,0.9999854128923323
HDX,4,-0.7553716915580352,0.07801774296839496,2.673138778038153,3,0.44481139468612785,0,0.07801774296839496,0.10754003726044002,0.12335688284285704,0.13736441124045148,0.9999854128923323
HEATR1,4,-0.6468302994661854,0.05487486611827668,0.2990125365212576,3,0.9602140884526086,0,0.05487486611827668,0.07563978298387497,0.08676478161527854,0.09661717180525545,0.9999854128923323
HEATR4,2,0.6941065455534271,0.1863124300170362,0.024994231597155796,1,0.8743814356594464,0,0.1863124300170362,0.21242885409592765,0.22818519313986943,0.2429216883772425,0.9999854128923323
HECTD2,5,-0.8602941075892174,0.08314221404868034,1.747098037783589,4,0.7821454833567132,0,0.08314221404868034,0.1233198324083214,0.14400653898608123,0.16207401234091479,0.9999854128923323
HELB,2,-0.6582513263365061,0.13711692964040373,0.005072167800508487,1,0.9432233379724296,0,0.13711692964040373,0.15633735354103592,0.16793325635804582,0.17877860350114447,0.9999854128923323
HELLS,3,-0.7045825864381043,0.12012120902947995,0.021295737244184335,2,0.9894086192613759,0,0.12012120902947995,0.15194264633053628,0.16987704293814404,0.18609097683899034,0.9999854128923323
HEPACAM,5,0.8897096645523636,0.1136178068757783,2.613893782628365,4,0.6243638840521994,0,0.1136178068757783,0.16852244149185486,0.19679181415339653,0.22148187950528658,0.9999854128923323
HERC3,2,-0.5890377906502435,0.13619932726214387,0.00399663537766575,1,0.949592156690512,0,0.13619932726214387,0.1552911258593315,0.16680942755129533,0.1775821963748702,0.9999854128923323
HERC4,5,-1.0711087001172233,0.07618319124788851,0.46548876552473756,4,0.9767725160310538,0,0.07618319124788851,0.11299793353494207,0.13195315792407952,0.14850837952488388,0.9999854128923323
HERPUD1,3,-0.6432141329711837,0.1092780184070766,0.003694706642174346,2,0.9981543519857962,0,0.1092780184070766,0.1382269745424669,0.15454245570054445,0.1692927781588621,0.9999854128923323
HES4,3,0.8869595008922169,0.169554948763025,0.40666309002796114,2,0.8160076533031945,0,0.169554948763025,0.21447193065772324,0.23978690810814518,0.2626733971304991,0.9999854128923323
HES6,2,1.0483143545050337,0.2570798334983836,0.004425456238903815,1,0.9469605690367631,0,0.2570798334983836,0.29311610844343516,0.3148572076153489,0.33519109377435174,0.9999854128923323
HEXB,2,-0.6577682381129063,0.1526061888601828,0.07953520382987436,1,0.7779282788061168,0,0.1526061888601828,0.17399782625641827,0.1869036471491251,0.19897412669322265,0.9999854128923323
HEXIM2,3,0.8878345252021738,0.13238770370365271,0.15048505215651953,2,0.9275185116214021,0,0.13238770370365271,0.16745867116122065,0.1872244860691365,0.2050941486747556,0.9999854128923323
HFM1,4,-0.8705435786186734,0.11897964584456223,0.2684548370725489,3,0.965847819581332,0,0.11897964584456223,0.16400212388278745,0.18812333803450237,0.20948528346502554,0.9999854128923323
HGH1,3,0.6525532052647234,0.13513152789073474,0.11486476446763608,2,0.9441857319580415,0,0.13513152789073474,0.1709293647333163,0.19110483944727524,0.20934486282735149,0.9999854128923323
HGS,4,0.6674356176761566,0.056141691935139876,0.3463726736371552,3,0.9510835714074677,0,0.056141691935139876,0.07738598186587985,0.08876780910527406,0.09884764882056862,0.9999854128923323
HHATL,3,0.7942199352074971,0.13023739805692372,0.16440117712918373,2,0.9210871806093601,0,0.13023739805692372,0.16473872575754664,0.1841834946602849,0.2017629094911407,0.9999854128923323
HHIP,2,-0.7546346452228582,0.1554599757337384,0.8852362981095097,1,0.34677149911977756,0,0.1554599757337384,0.17725164391811687,0.19039880798655698,0.20269500954322656,0.9999854128923323
HHIPL1,5,0.8077605347365069,0.10085829713544514,0.2583796829908018,4,0.9923400676276192,0,0.10085829713544514,0.1495970301253866,0.17469169500346954,0.19660901602936376,0.9999854128923323
HIBCH,5,-0.8035211728259753,0.08827254140748314,0.05094772864697605,4,0.9996809989847939,0,0.08827254140748314,0.13092933760765316,0.15289252663098832,0.17207486147847434,0.9999854128923323
HID1,4,0.6089987370718286,0.06680754684754417,0.08179282549989889,3,0.993929004579402,0,0.06680754684754417,0.09208784827541001,0.10563200646332069,0.11762682423214148,0.9999854128923323
HIF3A,4,0.79787396314835,0.14148952254025127,0.04142886702751568,3,0.9977849573835748,0,0.14148952254025127,0.19502984766047918,0.2237145781384635,0.2491180111209778,0.9999854128923323
HIGD2A,5,0.7982430332939638,0.07305681462837228,1.4463544312825518,4,0.8360997035160905,0,0.07305681462837228,0.10836076762379257,0.12653811477548196,0.14241394953391515,0.9999854128923323
HILPDA,2,-0.880132755807918,0.2279558704823667,0.018891452749633702,1,0.8906781300093968,0,0.2279558704823667,0.2599096815310765,0.2791877832768839,0.2972180918257417,0.9999854128923323
HINT1,2,0.6832135854824528,0.1258060651523528,0.32372377957924825,1,0.569378336816364,0,0.1258060651523528,0.1434409838151337,0.15408033308530017,0.16403104050605988,0.9999854128923323
HINT2,3,0.9162444063071691,0.10634665784250237,0.40109381877175404,2,0.8182831039675255,0,0.10634665784250237,0.13451906413156625,0.15039688583391794,0.16475153389953204,0.9999854128923323
HINT3,3,-0.6226155213217319,0.1180606538001567,0.11205882212201843,2,0.9455113269901306,0,0.1180606538001567,0.14933622722284345,0.16696297778681632,0.18289877840414653,0.9999854128923323
HIP1R,4,0.6666349959404166,0.11374413362167937,0.31193821338902483,3,0.957767809180023,0,0.11374413362167937,0.1567854683105493,0.17984526636352188,0.20026721297649797,0.9999854128923323
HIRIP3,4,0.6796926776972919,0.08227121956893513,0.23903263870357033,3,0.9710549117870065,0,0.08227121956893513,0.11340305014321209,0.1300822198588256,0.14485342959355774,0.9999854128923323
HIST1H1C,5,0.8539191873323967,0.11440185284901831,3.1474066665134175,4,0.5334673093860852,0,0.11440185284901831,0.16968536960396605,0.19814982161451802,0.22301026647689579,0.9999854128923323
HIST1H1E,5,0.7698636607442362,0.11361348274184975,1.7660535526430563,4,0.7786868476222043,0,0.11361348274184975,0.16851602776475508,0.19678432453373354,0.2214734502164624,0.9999854128923323
HIST1H2BF,3,0.8236673877183811,0.16324825934290826,0.061620918251669314,2,0.9696593457392941,0,0.16324825934290826,0.2064945294325811,0.2308679023965412,0.2529031158929732,0.9999854128923323
HIST1H2BK,5,1.1936506817893442,0.11866726067762781,0.5034893447188309,4,0.973160403028272,0,0.11866726067762781,0.17601199182104202,0.2055377246886717,0.23132507705733477,0.9999854128923323
HIST1H3D,5,1.077091201589186,0.1218963331667334,2.3388592900975675,4,0.6737033837263853,0,0.1218963331667334,0.18080148032272744,0.2111306423011255,0.23761969815249329,0.9999854128923323
HIST1H4B,5,1.893944204501118,0.15405673012366547,3.070686854145108,4,0.5460666041714671,0,0.15405673012366547,0.22850305777400653,0.2668340838221153,0.3003118531898207,0.9999854128923323
HIST1H4C,5,1.4631840867362285,0.1025943488949469,2.2833098706741715,4,0.6838093892363787,0,0.1025943488949469,0.15217201101185396,0.17769862485549592,0.19999320392372522,0.9999854128923323
HIST1H4D,3,0.698619427665884,0.13150350686683152,0.06069481610266282,2,0.9701084515126717,0,0.13150350686683152,0.16634024079951215,0.18597404291069658,0.20372435682524448,0.9999854128923323
HIST1H4E,5,1.058505625413161,0.12384072909950773,0.013264813723073409,4,0.9999781025987472,0,0.12384072909950773,0.18368548555771863,0.2144984348467209,0.24141002360882016,0.9999854128923323
HIST1H4F,3,1.1856470956389777,0.2187561739793508,0.28787847495375485,2,0.8659403631820156,0,0.2187561739793508,0.2767071047995233,0.3093679480944463,0.3388956074808312,0.9999854128923323
HIST1H4H,3,0.7387816279250398,0.1230576829129549,0.06428487113953721,2,0.9683686421163663,0,0.1230576829129549,0.15565702463508854,0.1740298441297087,0.19064014261789894,0.9999854128923323
HIST1H4J,5,1.9518240306004377,0.1521059253256793,0.48200521641510996,4,0.975228964383134,0,0.1521059253256793,0.22560954665571772,0.26345519079635416,0.29650903455525307,0.9999854128923323
HIST1H4K,5,1.5973072719164672,0.16993586880099984,2.864644708459181,4,0.5807262219055715,0,0.16993586880099984,0.2520556266210524,0.29433755879169055,0.33126599300195664,0.9999854128923323
HIST2H2AA3,4,0.9854564382464408,0.12973339205823192,0.5102328847455297,3,0.9166376084043226,0,0.12973339205823192,0.17882514009047032,0.20512650374180633,0.22841920748110967,0.9999854128923323
HIST2H2AA4,5,1.2822324528673665,0.09972389923757292,5.545574872856743,4,0.23575236278237088,27.870417554394255,0.09972389923757292,0.14791444613059374,0.1727268602083555,0.19439766742621492,0.9999854128923323
HIST2H2AB,5,1.1389649628069014,0.1026294483236977,2.0012772563488896,4,0.7355239441829182,0,0.1026294483236977,0.15222407187793388,0.17775941884940896,0.2000616253064561,0.9999854128923323
HIST2H2AC,5,0.8051391944334163,0.09314849984411121,3.4571531441335535,4,0.48442313853989294,0,0.09314849984411121,0.13816155272382563,0.16133793437882224,0.18157985430160434,0.9999854128923323
HIST2H2BE,3,0.8910146618152204,0.11716764414388368,0.06715221982537019,2,0.9669813115674148,0,0.11716764414388368,0.14820664942830472,0.16570007141958487,0.1815153337934474,0.9999854128923323
HIST2H2BF,2,0.7679086691986601,0.16607705453115526,0.08433926826511406,1,0.7715008820033261,0,0.16607705453115526,0.18935697624927267,0.20340202079285366,0.21653798666969576,0.9999854128923323
HIST3H2A,2,0.6771100370074737,0.16974679877512908,0.0849395752807938,1,0.7707118063441312,0,0.16974679877512908,0.19354112845265065,0.2078965212349794,0.2213227477700543,0.9999854128923323
HIST3H2BB,3,0.9482598676002336,0.17243277559323728,0.14011833287054992,2,0.9323386551193199,0,0.17243277559323728,0.21811212565572866,0.24385676984159257,0.2671317072851715,0.9999854128923323
HLA-E,2,0.7383882210829025,0.17060675079196058,0.11019397999280398,1,0.7399234003630154,0,0.17060675079196058,0.19452162460900638,0.20894974305723663,0.22244398802135165,0.9999854128923323
HLTF,4,-0.6515630777804375,0.06403908649768757,0.3353425884312977,3,0.9532500366855914,0,0.06403908649768757,0.0882717890323448,0.10125468630461396,0.1127524467952725,0.9999854128923323
HMG20B,5,0.8079452325577884,0.09487817217475508,0.5047127624796323,4,0.9730405723010568,0,0.09487817217475508,0.1407270713881641,0.16433381473594352,0.18495160639974279,0.9999854128923323
HMGB2,4,0.6528030246600771,0.08936776523966675,0.12487500339002129,3,0.9886937008236286,0,0.08936776523966675,0.12318496329289202,0.1413028437782852,0.15734818759105482,0.9999854128923323
HMGN1,5,-0.9328768094867887,0.07372340373810346,1.1745594473753431,4,0.8822692139944237,0,0.07372340373810346,0.10934947905321313,0.12769268098130848,0.14371337092692296,0.9999854128923323
HMGN5,5,-0.823601784093006,0.0835856719164844,3.4875030526217397,4,0.479781075330729,0,0.0835856719164844,0.12397758672198121,0.14477463054413403,0.1629384708685295,0.9999854128923323
HMHA1,5,0.9199693420326692,0.11114362486708343,1.4306501232635402,4,0.8388507667943397,0,0.11114362486708343,0.1648526365179184,0.1925064052071642,0.21665881086321154,0.9999854128923323
HNRNPA3,3,-2.255439595659397,0.25798993926653463,3.3932883629429904,2,0.183297606606117,41.06012262790996,0.25798993926653463,0.3263343285963038,0.3648528710665444,0.3996762953073406,0.9999854128923323
HNRNPC,2,-0.5998843691505312,0.09847802179398432,0.013905615237099829,1,0.9061294037595179,0,0.09847802179398432,0.11228222036187825,0.12061045213697143,0.12839963130778828,0.9999854128923323
HNRNPDL,3,-0.6580990671521718,0.09228341898140663,0.2381054115683564,2,0.8877610093887102,0,0.09228341898140663,0.11673031769954431,0.13050846270566396,0.14296485793842773,0.9999854128923323
HNRNPH1,5,-0.9554902380702548,0.05207388062051343,3.036453366038492,4,0.5517436590074591,0,0.05207388062051343,0.07723804693501038,0.09019460698200558,0.10151068102885547,0.9999854128923323
HNRNPH3,3,-0.6894625241841119,0.07934544039540689,0.46234776166195646,2,0.7936014619557881,0,0.07934544039540689,0.10036492543944676,0.11221139791965047,0.12292142769956166,0.9999854128923323
HNRNPLL,2,-0.6097086695170063,0.13469016486348173,0.02515507882146909,1,0.8739812497183524,0,0.13469016486348173,0.15357041597989327,0.16496108864343684,0.17561448934703028,0.9999854128923323
HOGA1,3,0.7743692762620307,0.14353886539837366,0.8982103197239828,2,0.6381989822479563,0,0.14353886539837366,0.1815638989660772,0.2029946101740262,0.22236945408856368,0.9999854128923323
HOMER3,4,0.7583224189907019,0.08407814641237378,0.07658720489758976,3,0.9944906980445013,0,0.08407814641237378,0.11589372691335396,0.1329392220541079,0.14803485259504173,0.9999854128923323
HOOK3,3,-0.7100809320297624,0.06783183807410166,0.17185716714249333,2,0.917659764863251,0,0.06783183807410166,0.08580124247595623,0.09592870536509025,0.10508463168145357,0.9999854128923323
HPCAL1,2,0.6032110733712518,0.10661181270427508,0.009749103757383972,1,0.9213466540259196,0,0.10661181270427508,0.12155616887068653,0.13057227083932155,0.13900479716094488,0.9999854128923323
HPS6,5,0.6706188037943024,0.07660753562995894,0.6342457739204981,4,0.9591832284991224,0,0.07660753562995894,0.11362733796780572,0.1326881439537319,0.14933557900956698,0.9999854128923323
HR,3,0.7269166008618682,0.13291753451213614,0.1498589954568773,2,0.9278088966575266,0,0.13291753451213614,0.16812886001295507,0.18797377998425688,0.20591495903378115,0.9999854128923323
HRAS,4,0.7442029600496999,0.08321643278203993,1.1823326272515347,3,0.7572447212331589,0,0.08321643278203993,0.11470593664426772,0.1315767331727742,0.14651764918739338,0.9999854128923323
HRH3,3,1.0454653155018625,0.14655045690537366,0.7209878747402513,2,0.6973318027548076,0,0.14655045690537366,0.1853732943837328,0.20725364372755326,0.22703499158944,0.9999854128923323
HS3ST4,2,0.8238046324570634,0.2077969169743602,0.08483183781868778,1,0.7708531989989719,0,0.2077969169743602,0.23692493814553145,0.2544982083553315,0.27093403218658885,0.9999854128923323
HSD11B1L,5,0.7884275699282115,0.08238933830822161,0.5959021145122709,4,0.9635179647872463,0,0.08238933830822161,0.12220313722284917,0.14270251995182068,0.16060638733902538,0.9999854128923323
HSD17B10,5,0.9032331714872645,0.07583923030955964,2.1481160373031605,4,0.7085384618909188,0,0.07583923030955964,0.11248775701685115,0.13135740010307484,0.14783787621917607,0.9999854128923323
HSD17B12,2,-0.7047987015503454,0.11825057514795252,0.44826374898986704,1,0.5031606275222646,0,0.11825057514795252,0.13482639978753433,0.14482678545156052,0.15417988678422573,0.9999854128923323
HSD17B14,2,0.7124309078737636,0.12734473313314965,0.3706763574041119,1,0.542635826066446,0,0.12734473313314965,0.14519533523422518,0.15596480880355557,0.16603721810630373,0.9999854128923323
HSD17B4,2,-0.5973489570864438,0.10661161525077939,0.009400240935632647,1,0.9227622581403931,0,0.10661161525077939,0.12155594373906314,0.13057202900916537,0.13900453971308407,0.9999854128923323
HSD17B7,2,-0.6243204381680706,0.14141663723580505,0.1127654094941199,1,0.7370174574239626,0,0.14141663723580505,0.16123977447642462,0.17319930118399704,0.18438473632066615,0.9999854128923323
HSD17B8,3,1.1110906847254085,0.1790928052359387,0.7500664239137838,2,0.6872664529481203,0,0.1790928052359387,0.2265364708377982,0.2532754740881078,0.27744938084174364,0.9999854128923323
HSF1,4,0.7036114145763098,0.07911518720501892,0.787368796557028,3,0.8524858038927428,0,0.07911518720501892,0.10905275974647254,0.12509209453923528,0.1392966612094636,0.9999854128923323
HSFX1,2,0.6639163140109031,0.14130391659034092,0.03812670074888262,1,0.8451889423241207,0,0.14130391659034092,0.1611112531665651,0.1730612471515649,0.184237766580061,0.9999854128923323
HSP90AA1,4,-0.958002569283537,0.12201487318431892,0.8609923520760453,3,0.8348295573072144,0,0.12201487318431892,0.16818589604527578,0.19292245383952478,0.21482935265548517,0.9999854128923323
HSP90B1,3,-0.7792083003773127,0.09755058937423859,1.2694920768633413,2,0.5300700886562281,0,0.09755058937423859,0.12339281980576544,0.13795736651053697,0.15112472322365772,0.9999854128923323
HSPA13,5,-0.8587855386366673,0.10368770206044564,1.2504523504654843,4,0.8697241519119029,0,0.10368770206044564,0.15379371583022056,0.179592368088756,0.20212454161379764,0.9999854128923323
HSPA4,2,-0.6146544132190932,0.14310889606051053,0.034140477747117856,1,0.8534083251735185,0,0.14310889606051053,0.16316924640126096,0.17527188650062223,0.18659117188071522,0.9999854128923323
HSPA4L,3,-0.9274670087122394,0.18882931499675204,0.13076636233166644,2,0.936708465559316,0,0.18882931499675204,0.23885228975965075,0.267044978242028,0.29253311690327005,0.9999854128923323
HSPB1,5,0.9687190733260053,0.11987781543610822,1.1864025649916792,4,0.8803322330611764,0,0.11987781543610822,0.17780753469471977,0.20763446703570404,0.23368488271214244,0.9999854128923323
HSPB11,4,-0.9508105998884004,0.09999962911308671,1.4616303661711094,3,0.6911539068169059,0,0.09999962911308671,0.13783997628857278,0.15811329658471882,0.1760675156027942,0.9999854128923323
HSPB2,4,1.0455714551875703,0.1181741649405612,2.151999735078353,3,0.5414646992947999,0,0.1181741649405612,0.16289184507782464,0.186849760900295,0.20806708798879456,0.9999854128923323
HSPB6,5,1.3939028953086023,0.15046381481636298,0.5389793363146917,4,0.9695970709649003,0,0.15046381481636298,0.22317390316075064,0.2606109719625755,0.29330797187010194,0.9999854128923323
HSPBAP1,2,-0.6721907774841802,0.12284197729320177,0.24260927113146455,1,0.622327880844827,0,0.12284197729320177,0.140061403680295,0.15045008168145088,0.16016634276593802,0.9999854128923323
HSPBP1,4,0.6521635864783606,0.07312280997693943,0.598242814193678,3,0.8968345228474666,0,0.07312280997693943,0.10079283776119623,0.11561731421940653,0.12874599236738646,0.9999854128923323
HTATIP2,2,-0.7226851222961226,0.13190732690091536,0.025563613369903995,1,0.8729706790232422,0,0.13190732690091536,0.15039749252294213,0.16155282212086985,0.17198611255925988,0.9999854128923323
HTR1F,2,-1.4547166381315444,0.21833853244502374,0.0045920998142926954,1,0.9459726786889708,0,0.21833853244502374,0.2489442290460269,0.26740899783920885,0.2846786171728031,0.9999854128923323
IBTK,5,-0.738920763701137,0.056760963057098754,1.9400114055548723,4,0.7467914880921006,0,0.056760963057098754,0.08419011367002972,0.0983128719014351,0.11064748674616813,0.9999854128923323
ICA1L,2,-0.6583862929260461,0.14764570885356104,0.036179257611706817,1,0.8491457833472427,0,0.14764570885356104,0.16834200885617254,0.1808283247013746,0.19250645205519704,0.9999854128923323
ICAM3,2,0.7819509686899867,0.14899068618105946,1.8790059261943721,1,0.1704471737273081,46.78037008508318,0.14899068618105946,0.16987551895230174,0.18247557878536624,0.19426008794087116,0.9999854128923323
ICAM5,4,1.2789541283223023,0.1305668932349918,0.17052891480072244,3,0.9822005558624773,0,0.1305668932349918,0.17997404217600857,0.20644438481730223,0.2298867377384285,0.9999854128923323
ICE2,5,-1.0312244363802021,0.06103576398874497,3.3297454967767326,4,0.5042331891094574,0,0.06103576398874497,0.09053066811041167,0.10571704430728912,0.1189806078553188,0.9999854128923323
ICK,3,-0.6614745495193558,0.0982503047054185,0.22277758799623767,2,0.8945908697458148,0,0.0982503047054185,0.12427789746987244,0.13894691342169196,0.15220871755355603,0.9999854128923323
ID1,2,0.841876522814437,0.21934282096047958,0.4324092615144781,1,0.5108091222036009,0,0.21934282096047958,0.25008929413105896,0.2686389950479109,0.2859880491938985,0.9999854128923323
ID3,5,0.8098015619369019,0.09561786866909305,4.976166496468529,4,0.28975171571032304,19.616837522645024,0.09561786866909305,0.14182421859260794,0.16561500664631745,0.18639354032132047,0.9999854128923323
IDH3G,5,0.7711336564545695,0.08198629401590858,0.6883572769928782,4,0.9527569070320298,0,0.08198629401590858,0.12160532592867229,0.14200442675983385,0.15982070937322054,0.9999854128923323
IDUA,5,0.88252317815827,0.10713928546456906,1.4645609545661809,4,0.8328999584987151,0,0.10713928546456906,0.15891324135416948,0.1855706859112593,0.208852916334587,0.9999854128923323
IER2,3,0.6146274134564877,0.1287328137189959,0.05144725781600898,2,0.974604404875197,0,0.1287328137189959,0.16283556038167926,0.18205569108385322,0.1994320174576371,0.9999854128923323
IFI27L2,5,1.108736835210155,0.07009017204950052,1.8579166566665093,4,0.7618708716949663,0,0.07009017204950052,0.1039605255827561,0.12139973910097893,0.13663089851175178,0.9999854128923323
IFI6,5,0.9982210853489093,0.13380875779211976,0.573113757771529,4,0.9660039893574095,0,0.13380875779211976,0.19847046141961372,0.23176356699362932,0.26084128874682905,0.9999854128923323
IFIT5,3,-0.6778586613825545,0.08440524272805977,0.33309272496607223,2,0.8465835663093367,0,0.08440524272805977,0.10676512539201319,0.1193670390014152,0.13076003976734807,0.9999854128923323
IFITM10,3,0.787568097910435,0.11441867255689663,1.4379950731866806,2,0.48724045194310106,0,0.11441867255689663,0.144729444853118,0.16181243851868948,0.1772566453232081,0.9999854128923323
IFITM3,2,0.9134536248608669,0.15567872237430122,0.015994321912195745,1,0.8993609556788861,0,0.15567872237430122,0.1775010534620096,0.19066671681272043,0.202980220268284,0.9999854128923323
IFNAR1,4,-0.6875764209520625,0.0657196415977337,0.23286738072765695,3,0.9721166832561963,0,0.0657196415977337,0.09058827437530578,0.10391187722939292,0.11571136938251644,0.9999854128923323
IFNGR1,3,-0.5971816820257728,0.11291085071778705,0.01261621390705138,2,0.993711747383446,0,0.11291085071778705,0.14282218432618593,0.15968005642417837,0.1749207377744404,0.9999854128923323
IFRD1,3,-0.6624562695088009,0.09811573318473528,0.17345035489109462,2,0.9169290537944894,0,0.09811573318473528,0.12410767646445188,0.1387566005520326,0.15200024025016406,0.9999854128923323
IFRD2,2,0.6584209165763545,0.11842651341600179,0.024644752671616692,1,0.8752555089793742,0,0.11842651341600179,0.1350270002770986,0.14504226494303538,0.15440928222027253,0.9999854128923323
IFT80,5,-1.0525389730392032,0.08050891949110912,2.4312173709185454,4,0.656993260755931,0,0.08050891949110912,0.119414025385534,0.1394455390210733,0.1569407762405245,0.9999854128923323
IFT81,2,-0.6157462469385081,0.11455233080160085,0.002474979521841998,1,0.9603222761029094,0,0.11455233080160085,0.13060975246781234,0.14029737965521338,0.14935796609667315,0.9999854128923323
IFT88,5,-0.8326213454581679,0.07139106505246924,1.4889768753485029,4,0.8285922653977805,0,0.07139106505246924,0.1058900617268541,0.1236529518773316,0.1391668058246592,0.9999854128923323
IGDCC3,3,0.6884596475468878,0.1125751294599781,0.3075776470135962,2,0.8574530758271623,0,0.1125751294599781,0.14239752679274076,0.15920527486820799,0.17440064063825564,0.9999854128923323
IGDCC4,2,0.6837135965436174,0.1757240677731762,0.07361857590414854,1,0.7861392090603048,0,0.1757240677731762,0.20035626367343093,0.21521715078526554,0.2291161530557767,0.9999854128923323
IGIP,3,-0.6437631392651033,0.13195627674764301,0.015601281384174557,2,0.9922297053480644,0,0.13195627674764301,0.16691295443122708,0.18661435621677425,0.20442578490846336,0.9999854128923323
IGLON5,5,0.7498319539950612,0.08375907600223866,3.8518201497324225,4,0.42643108580458017,0,0.08375907600223866,0.1242347865456666,0.14507497523090043,0.16327649766100877,0.9999854128923323
IGSF21,5,0.9411628351839644,0.07299209765419683,2.0958840071801683,4,0.7181286014100614,0,0.07299209765419683,0.10826477683859868,0.12642602168809797,0.14228779292633384,0.9999854128923323
IGSF9B,2,0.6970032252982075,0.1796634361027978,0.0033135453249051794,1,0.9540964017641704,0,0.1796634361027978,0.20484783463327932,0.22004187194349206,0.23425246095366636,0.9999854128923323
IKBIP,5,-0.9279615561884276,0.09506516167807753,4.460662066188286,4,0.34723745868945655,10.32721285210314,0.09506516167807753,0.14100442164249263,0.16465769005618006,0.18531611604644718,0.9999854128923323
IKZF2,2,-0.7850216738144192,0.14043008617288383,0.014755670113011323,1,0.9033164631465255,0,0.14043008617288383,0.1601149331988764,0.17199102782931835,0.1830984311082159,0.9999854128923323
IL12RB1,2,0.7871108789496065,0.19371002907146784,0.010268431970337352,1,0.9192859050573647,0,0.19371002907146784,0.22086341474252724,0.23724536464239585,0.25256697748691764,0.9999854128923323
IL17RC,3,0.7399582138765544,0.1317127785751845,0.09375516415811339,2,0.9542042021353213,0,0.1317127785751845,0.16660495089880414,0.18626999779887038,0.20404855916175788,0.9999854128923323
IL1RAP,3,-0.8335225552791882,0.11870228686380375,0.5604300207297683,2,0.7556212575861856,0,0.11870228686380375,0.15014783598412204,0.16787038396749296,0.18389279207209897,0.9999854128923323
IL1RAPL1,3,-0.6651305431902489,0.13274953359215136,0.08393407773645774,2,0.9589013865265545,0,0.13274953359215136,0.16791635379049283,0.18773619080472323,0.20565469312768173,0.9999854128923323
IL33,2,-0.7473193692168106,0.16205727072540552,0.014394448964155211,1,0.9045014718791212,0,0.16205727072540552,0.18477371753974534,0.1984788111926587,0.21129682981872808,0.9999854128923323
IL34,3,0.6676516850476766,0.13392447993278322,0.31128160985862285,2,0.8558665582140843,0,0.13392447993278322,0.16940255641644353,0.18939781585470547,0.20747491217166353,0.9999854128923323
IL6ST,5,-0.72007414571083,0.09062537687780038,1.4799047933898695,4,0.8301950198934971,0,0.09062537687780038,0.1344191565787235,0.156967757207428,0.17666138216974514,0.9999854128923323
ILVBL,5,0.7458682486980935,0.05771660013760725,1.038357678404977,4,0.903924999043296,0,0.05771660013760725,0.08560755252416564,0.09996808387847261,0.11251036636456611,0.9999854128923323
IMMP1L,2,-0.7881041958947033,0.1478196010503234,0.281081330922324,1,0.5959933485499604,0,0.1478196010503234,0.1685402764655375,0.18104129827753432,0.19273317974067286,0.9999854128923323
IMP3,4,0.8937666443061497,0.11341051052539135,1.7496163675938647,3,0.6259598558134519,0,0.11341051052539135,0.15632560060814354,0.17931776193136797,0.19967980890078166,0.9999854128923323
IMPA1,2,-0.7081705408890138,0.11869518679567224,0.285875442499537,1,0.5928758490191945,0,0.11869518679567224,0.1353333350619772,0.14537132128686622,0.15475958944886484,0.9999854128923323
IMPAD1,5,-0.8263352444735361,0.07127822166635166,1.1790214493127076,4,0.8815403745258915,0,0.07127822166635166,0.1057226879369733,0.12345750139927783,0.1389468335691272,0.9999854128923323
IMPDH1,2,0.683262068215889,0.10597372158627688,0.6216021747344,1,0.4304525302696733,0,0.10597372158627688,0.12082863305897094,0.12979077201507272,0.13817282813070642,0.9999854128923323
IMPG2,3,-0.8232612674643313,0.13539402506320192,0.0060205623270735385,2,0.9969942451898005,0,0.13539402506320192,0.17126140031105644,0.19147606650866292,0.20975152169830827,0.9999854128923323
INAFM1,5,0.9662323035599066,0.07622369775579381,6.774637976122105,4,0.14828774698673902,40.956254576282845,0.07622369775579381,0.11305801439547103,0.13202331725380867,0.14858734124531975,0.9999854128923323
INCENP,4,0.7107704840479875,0.065605103291964,0.7982338605125745,3,0.849889423902073,0,0.065605103291964,0.09043039421623465,0.1037307762666084,0.11550970388518327,0.9999854128923323
INF2,2,0.6277504184685169,0.13072279786789182,0.06906655949166661,1,0.7927007473917462,0,0.13072279786789182,0.14904692162917224,0.16010207626265985,0.170441675655036,0.9999854128923323
INHBB,5,0.7433056390077984,0.09585004177744164,0.5260673438701554,4,0.970914208220651,0,0.09585004177744164,0.14216858696358375,0.1660171422661284,0.18684612902921421,0.9999854128923323
INIP,4,-0.6677223930467264,0.06717048531719157,0.7377140916838186,3,0.864299373208755,0,0.06717048531719157,0.09258812443137289,0.10620586257061151,0.11826584334885472,0.9999854128923323
INPP1,4,-0.7124666808136951,0.09171368967791828,0.4936669781885656,3,0.9202805297706166,0,0.09171368967791828,0.1264185969754499,0.14501207600004815,0.16147861378661332,0.9999854128923323
INPP5E,4,0.6995919420576054,0.07347685825992281,0.45712683356735406,3,0.9282042889083142,0,0.07347685825992281,0.1012808596405199,0.11617711370735619,0.1293693586952538,0.9999854128923323
INPP5F,2,-0.8258200786804216,0.19077349397821333,0.17031988714562557,1,0.679827670228546,0,0.19077349397821333,0.21751524959425725,0.23364885834727095,0.24873820415833628,0.9999854128923323
INPP5J,3,0.702600391516273,0.11812557469764559,0.4486172377737545,2,0.799068488684048,0,0.11812557469764559,0.14941834638436632,0.16705478980052652,0.18299935342606466,0.9999854128923323
INTS1,5,1.0125893652720515,0.07257969131619724,0.7635350060716131,4,0.9432687671345344,0,0.07257969131619724,0.10765307938661044,0.12571171295731925,0.1414838649737383,0.9999854128923323
INTS5,3,0.7473549718242248,0.10424430812675127,0.03631865638726123,2,0.98200455888081,0,0.10424430812675127,0.13185977871557383,0.14742371435305152,0.16149458772472886,0.9999854128923323
INTS6,5,-0.8702927772243173,0.059479268942233425,0.4577254183304453,4,0.9774837667100229,0,0.059479268942233425,0.08822201286858952,0.10302111580500184,0.11594644043190643,0.9999854128923323
INTS7,5,-0.7314804853364331,0.06677314273469435,0.18339083027133102,4,0.9960443437135145,0,0.06677314273469435,0.09904057602553261,0.11565447579753926,0.13016481799832813,0.9999854128923323
INTS8,5,-0.8261082798495152,0.05310019557613821,1.377166300400055,4,0.8481537543288036,0,0.05310019557613821,0.078760318019248,0.0919722366297155,0.10351133718995077,0.9999854128923323
IPCEF1,2,-1.0049700685493164,0.19938693422115436,3.2524638121960114e-5,1,0.9954496589978268,0,0.19938693422115436,0.22733608248481854,0.2441981251098509,0.2599687562281064,0.9999854128923323
IPMK,5,-0.7566488647240376,0.07112299319008582,0.9366145942075285,4,0.9192500923247945,0,0.07112299319008582,0.10549244689880592,0.1231886377916039,0.13864423756220298,0.9999854128923323
IPO11,2,-0.6717271118884921,0.12018958564706912,0.03210949887635815,1,0.8577875454124638,0,0.12018958564706912,0.1370372119076363,0.14720157861592803,0.15670804716613657,0.9999854128923323
IPO13,2,0.6614556009746598,0.08620544922491033,0.0029020716085097855,1,0.9570380381232906,0,0.08620544922491033,0.0982893347158743,0.10557968182421695,0.11239815438572205,0.9999854128923323
IPO7,3,-0.6459687384226125,0.08413301810744564,0.00739214762511599,2,0.9963107482607058,0,0.08413301810744564,0.10642078545748684,0.11898205525093082,0.1303383111985216,0.9999854128923323
IQCE,3,0.6893209883018567,0.1047470200567533,0.18412519858277177,2,0.9120480541961424,0,0.1047470200567533,0.13249566459787207,0.14813465638242715,0.16227338569786393,0.9999854128923323
IQCJ,3,-0.7583593936749898,0.17323444531907037,0.7250590559282959,2,0.6959137644585681,0,0.17323444531907037,0.21912616656166276,0.24499050204040967,0.2683736486840956,0.9999854128923323
IQSEC2,3,0.6509661925648743,0.10172722790808231,0.1921258499757843,2,0.9084068527800131,0,0.10172722790808231,0.1286758960978344,0.14386402537022883,0.15759514381753967,0.9999854128923323
IQSEC3,2,0.7313350539011986,0.15459458501344367,0.9422775963781693,1,0.3316927896813707,0,0.15459458501344367,0.17626494668572798,0.18933892514012612,0.20156667809018947,0.9999854128923323
IRAK1,4,0.8406668500975296,0.09864714828541067,0.3332149162602183,3,0.9536652594650523,0,0.09864714828541067,0.1359757101220774,0.15597483663113582,0.1736862273786145,0.9999854128923323
IRAK1BP1,4,-0.8445002337735881,0.11312328810185351,0.39479481679320794,3,0.9413156526229467,0,0.11312328810185351,0.15592969181926966,0.1788636234046414,0.19917410163980243,0.9999854128923323
IRAK3,4,-0.8029822999041868,0.1263389232337858,0.5649708018347583,3,0.9044025475057228,0,0.1263389232337858,0.17414618771410872,0.19975937727596432,0.22244262838764625,0.9999854128923323
IREB2,5,-0.7683048433353092,0.05784570721396291,0.4661684376238503,4,0.9767098095846398,0,0.05784570721396291,0.0857990492650341,0.10019170389433729,0.11276204238890576,0.9999854128923323
IRF2BP1,5,0.7652234080675125,0.0595120519994319,0.4068108812452693,4,0.9819154876511953,0,0.0595120519994319,0.08827063800042906,0.10307789772569703,0.11601034637520796,0.9999854128923323
IRF2BPL,5,0.8436673074697846,0.06639448194260945,1.310371329675024,4,0.8596134409009137,0,0.06639448194260945,0.09847893130685612,0.11499861606681394,0.12942667222494933,0.9999854128923323
IRS2,5,0.6828450281205322,0.06177621546447667,1.8420480061774342,4,0.7647811042933877,0,0.06177621546447667,0.09162893513322952,0.10699954388379578,0.12042401350657224,0.9999854128923323
ISG15,5,1.0531016117342198,0.1495028465902232,2.1110876071377986,4,0.7153356785143926,0,0.1495028465902232,0.22174855693978165,0.25894652617044206,0.2914346999356859,0.9999854128923323
ISLR,2,1.2311639021595782,0.2532204998664231,0.8658885682169237,1,0.352096047093364,0,0.2532204998664231,0.2887157910790152,0.3101305085426162,0.3301591383551605,0.9999854128923323
ISOC2,5,0.6490857934017749,0.05914938743774067,0.2808976399501271,4,0.9910136871283061,0,0.05914938743774067,0.08773271952568151,0.10244974427874312,0.11530338299541702,0.9999854128923323
ITFG1,2,-0.6757687239780334,0.1744818358942976,0.005301335162403775,1,0.9419570997662937,0,0.1744818358942976,0.19893990141285883,0.21369573366252986,0.22749648084525576,0.9999854128923323
ITGA1,4,-0.7618745010502562,0.12133151031652394,0.5853021621943763,3,0.8997887091504625,0,0.12133151031652394,0.16724394533677037,0.19184196227421646,0.21362616816915275,0.9999854128923323
ITGA10,3,-0.7777098614741279,0.14361681620358116,0.05582794496710745,2,0.9724720225557608,0,0.14361681620358116,0.18166249980203714,0.20310484925994857,0.22249021495672053,0.9999854128923323
ITGA2,3,-0.9318715979160538,0.15251423949879755,1.212704923575254,2,0.5453363810462101,0,0.15251423949879755,0.19291694896984696,0.2156877059542179,0.23627404385533293,0.9999854128923323
ITGA4,2,-1.127537951340937,0.1934540027899246,0.4027104829017943,1,0.5256927602006359,0,0.1934540027899246,0.22057149986813213,0.2369317977671343,0.2522331600568313,0.9999854128923323
ITGAM,4,0.7971431921187272,0.12609792609455783,2.9316751982887768,3,0.40227992355572195,0,0.12609792609455783,0.1738139960824855,0.1993783273411918,0.2220183091381892,0.9999854128923323
ITGAV,2,-0.6283287846610236,0.12132281877148808,0.13504661117882133,1,0.7132558722766378,0,0.12132281877148808,0.13832929646700712,0.14858950007315122,0.15818560238821003,0.9999854128923323
ITGAX,2,1.0840192024358524,0.23580713465749856,0.5040152814479707,1,0.4777411355017848,0,0.23580713465749856,0.2688614999995231,0.2888035788093172,0.3074548878846219,0.9999854128923323
ITGB1,4,-0.6512872221876541,0.09822040562519996,0.23409915323680694,3,0.9719053985661291,0,0.09822040562519996,0.13538748595878328,0.15530009724062324,0.17293486939207578,0.9999854128923323
ITGB3BP,5,-0.7865401804795921,0.09245588202224837,1.0823359818242535,4,0.897064577916889,0,0.09245588202224837,0.1371342344752987,0.16013828512112813,0.18022969360775504,0.9999854128923323
ITGB4,5,1.1040378673014413,0.1266854274259281,3.3607906608411153,4,0.4993584844617281,0,0.1266854274259281,0.18790485504264706,0.21942559688028712,0.24695536152094844,0.9999854128923323
ITM2C,2,0.6115623418485944,0.13009570678271884,0.024156253804933095,1,0.8764879928999076,0,0.13009570678271884,0.14833192778455928,0.15933404967219886,0.16962404891288785,0.9999854128923323
ITPK1,3,0.7229206474919772,0.0974208687963104,0.7462570835097619,2,0.6885767162955586,0,0.0974208687963104,0.12322873481150685,0.13777391390991203,0.15092376096846719,0.9999854128923323
ITPKA,4,0.9492964679427288,0.13416616253775746,0.4067894280585457,3,0.9388364142849942,0,0.13416616253775746,0.18493529253013094,0.21213532927183507,0.2362239052833871,0.9999854128923323
IVNS1ABP,3,-0.7049253471572688,0.09110496864158989,0.22323086890551125,2,0.8943881422383767,0,0.09110496864158989,0.11523968282625618,0.12884188225251195,0.14113921052225065,0.9999854128923323
IZUMO4,4,0.7320372135422061,0.10276811484097119,0.5235815165720279,3,0.9136809387137675,0,0.10276811484097119,0.14165607051283535,0.16249065686961084,0.18094193772229208,0.9999854128923323
JAG1,2,-0.6490163601586475,0.17015096066818955,0.010745674602117582,1,0.9174381029633959,0,0.17015096066818955,0.19400194391087974,0.20839151644071713,0.2218497104071205,0.9999854128923323
JAG2,3,0.6350283666635148,0.11366718621076878,0.2522105049387246,2,0.8815220595268952,0,0.11366718621076878,0.14377888145940534,0.16074967633605727,0.17609244768182594,0.9999854128923323
JAK2,5,-0.6856303066630082,0.05560498329937777,1.5210904160784353,4,0.8228991134946219,0,0.05560498329937777,0.082475518603965,0.0963106562285412,0.10839406735311442,0.9999854128923323
JAKMIP1,3,0.7342712133395985,0.13886638559437808,0.18665195787415442,2,0.910896518814926,0,0.13886638559437808,0.17565362756537195,0.1963867258653013,0.21513087950201756,0.9999854128923323
JMJD8,5,0.8135184891074548,0.07745977661004846,0.8312676400368006,4,0.9342077268395363,0,0.07745977661004846,0.11489141562124189,0.13416426863153927,0.1509969025225972,0.9999854128923323
JOSD2,5,0.9797667610082427,0.09886103293188277,1.9567003982458444,4,0.7437227700321123,0,0.09886103293188277,0.14663460857242872,0.1712323319267609,0.19271563134048952,0.9999854128923323
JPH3,2,0.644983726034165,0.17128357474273406,0.1317235425216485,1,0.7166516619250134,0,0.17128357474273406,0.1952933226447968,0.20977867971978145,0.2233264584869079,0.9999854128923323
JPH4,4,0.857166869422669,0.11530460928634548,0.49794964405014736,3,0.919341634475956,0,0.11530460928634548,0.1589364355743701,0.1823125950303269,0.20301471390098313,0.9999854128923323
JRKL,5,-0.6836866167317365,0.059483899679013234,0.5515903279592203,4,0.9682881874170558,0,0.059483899679013234,0.08822888136120963,0.10302913647638094,0.11595546739971797,0.9999854128923323
JTB,4,0.7093927466339777,0.09850023294054358,1.660205476721297,3,0.6458169603786839,0,0.09850023294054358,0.13577320129446957,0.15574254307463126,0.17342755622149028,0.9999854128923323
JUND,5,0.9416188739165098,0.09737440118523508,3.2182003155321066,4,0.5219963084722486,0,0.09737440118523508,0.1444295773503573,0.16865741020942224,0.18981765256028169,0.9999854128923323
JUP,5,0.8406972539322562,0.08883957778155731,3.4791654794505082,4,0.4810533425785327,0,0.08883957778155731,0.13177038846756056,0.15387466244062442,0.17318021886329976,0.9999854128923323
KANSL1L,4,-0.7214637364864952,0.06925723403349773,0.6306326851151334,3,0.8893852910390039,0,0.06925723403349773,0.09546450903526549,0.10950530199459153,0.12193994359728519,0.9999854128923323
KATNAL1,4,-0.674092094701362,0.06645715204463538,0.3599014653124276,3,0.9483954586167431,0,0.06645715204463538,0.09160486237083265,0.10507798363458191,0.11700989051973226,0.9999854128923323
KATNB1,4,0.7837542069776035,0.05397011095312331,0.5593918517529983,3,0.9056624119507287,0,0.05397011095312331,0.07439266405335701,0.08533423809193531,0.0950241859555059,0.9999854128923323
KATNBL1,5,-0.8605084869102219,0.06731110817695658,0.37191569204126185,4,0.9847109929245761,0,0.06731110817695658,0.09983850772533559,0.1165862592762537,0.13121350570439697,0.9999854128923323
KBTBD2,2,-0.6540314309753068,0.09375714287545411,0.005491217271019666,1,0.9409286286344003,0,0.09375714287545411,0.10689959023410152,0.11482857989304088,0.12224435826771776,0.9999854128923323
KBTBD3,5,-0.8991067281084651,0.08553421384359974,0.7222086741801631,4,0.9485621622948748,0,0.08553421384359974,0.12686774146036428,0.14814960416257597,0.1667368783556957,0.9999854128923323
KCNAB2,2,1.2648366043987949,0.2831205345088582,0.8952420949642821,1,0.34406069216824275,0,0.2831205345088582,0.3228070757879326,0.3467504226253695,0.3691440139064816,0.9999854128923323
KCNC1,2,0.7103640040909045,0.17876126261705363,9.550540862934855e-4,1,0.9753461402919796,0,0.17876126261705363,0.20381919859565778,0.2189369395937214,0.23307617064203168,0.9999854128923323
KCNC3,4,0.72381937661754,0.12342792594446027,0.15253022738200392,3,0.9848620672455609,0,0.12342792594446027,0.17013365485878218,0.19515668642754191,0.21731728877185222,0.9999854128923323
KCNF1,3,0.7810565909706744,0.10062457926904639,0.09437596607831553,2,0.9539080621982841,0,0.10062457926904639,0.12728114363453905,0.142304644710372,0.1558869278912579,0.9999854128923323
KCNG1,4,0.6955348704730908,0.10562254332830814,0.5303079438737487,3,0.9121841822312525,0,0.10562254332830814,0.14559062865571612,0.16700390458863779,0.1859676776844165,0.9999854128923323
KCNG2,4,1.5788313685831776,0.20830935938396478,2.052243707403512,3,0.561634434841614,0,0.20830935938396478,0.2871346365265253,0.3293660167919491,0.3667664741242977,0.9999854128923323
KCNH2,5,1.1613840492514578,0.06903438680214294,1.6900533063500522,4,0.7925236514131688,0,0.06903438680214294,0.10239454299192585,0.11957106541067392,0.13457279417609627,0.9999854128923323
KCNH3,4,0.9773348407575345,0.10545198123920614,0.7726363935327025,3,0.8560002195047044,0,0.10545198123920614,0.1453555250405721,0.16673422224661832,0.1856673721377804,0.9999854128923323
KCNH5,2,-0.8073105405734751,0.20721194936135814,0.03680672231109721,1,0.8478590919433443,0,0.20721194936135814,0.23625797244870758,0.253781772271377,0.2701713277326591,0.9999854128923323
KCNJ11,2,0.9991661814312658,0.13587725374843296,0.9924815110374203,1,0.31913662692875366,0,0.13587725374843296,0.154923905553923,0.16641496966716682,0.17716226388982295,0.9999854128923323
KCNJ2,4,-0.678797319999891,0.09772777661880291,0.17260848816540822,3,0.9818851666744759,0,0.09772777661880291,0.13470844373469623,0.15452118238978307,0.1720675065224384,0.9999854128923323
KCNJ4,4,1.0037072687964683,0.12079224685775299,0.1663236940563418,3,0.9828334438114268,0,0.12079224685775299,0.1665006219561784,0.1909893118799082,0.21267669687327626,0.9999854128923323
KCNK12,4,0.7910815708702136,0.10618970055822521,1.7632555394873577,3,0.6229633948995974,0,0.10618970055822521,0.14637240094644385,0.16790065890762265,0.18696626103230807,0.9999854128923323
KCNK3,2,0.6705022121423518,0.13862138462276719,0.10261509761598375,1,0.7487137011390534,0,0.13862138462276719,0.1580526961400947,0.169775829881935,0.18074017280905305,0.9999854128923323
KCNK4,3,0.9214981773820334,0.18284255982175332,1.8145995713102545,2,0.4036125944729768,0,0.18284255982175332,0.2312795769009324,0.25857842787893753,0.2832584756670336,0.9999854128923323
KCNMB3,5,-0.9143418106637491,0.0924925669505137,0.8972081662180068,4,0.9249610118816265,0,0.0924925669505137,0.1371886470171988,0.1602018252807557,0.18030120569802627,0.9999854128923323
KCNN1,5,0.9151918044524543,0.11952805627263058,0.7192249275696324,4,0.9489371048593062,0,0.11952805627263058,0.17728875801891364,0.207028666394148,0.23300307658481664,0.9999854128923323
KCNQ1,5,1.1417545961043796,0.1271556967642887,0.5668520998550898,4,0.966674985320406,0,0.1271556967642887,0.18860237719378256,0.2202401272675695,0.2478720852264825,0.9999854128923323
KCNQ2,4,0.7170460016988152,0.102755811782236,0.8776353177793909,3,0.8308212898667214,0,0.102755811782236,0.1416391119166948,0.16247120402571583,0.1809202759520932,0.9999854128923323
KCNQ4,3,0.9122657792666984,0.146560158136722,0.5595292004066738,2,0.7559616737365751,0,0.146560158136722,0.18538556557860036,0.20726736334049778,0.2270500206724199,0.9999854128923323
KCNT1,2,0.9347024663936848,0.202719886996091,0.30322591840425905,1,0.5818670918594295,0,0.202719886996091,0.2311362333318173,0.2482801419275449,0.2643143949774651,0.9999854128923323
KCNT2,3,-0.7928239911522578,0.10884442747460892,0.6378414283767984,2,0.7269331825089153,0,0.10884442747460892,0.13767852057470925,0.15392926552332667,0.16862106197465654,0.9999854128923323
KCTD17,4,0.6811162494799725,0.07734037947612546,0.23642729462853632,3,0.971504892541736,0,0.07734037947612546,0.10660635612040713,0.12228587712314828,0.1361717897447352,0.9999854128923323
KCTD2,2,0.680091422791503,0.1683463046372354,0.016572543693185365,1,0.8975678209176761,0,0.1683463046372354,0.1919443194536289,0.20618127322218013,0.21949672681960858,0.9999854128923323
KCTD6,2,-0.8624113959043527,0.1860867457274624,0.0432612226620259,1,0.8352341803577176,0,0.1860867457274624,0.21217153441512465,0.22790878746366025,0.2426274320645613,0.9999854128923323
KCTD9,5,-0.7488788691971746,0.064835438396069,0.3033837470092487,4,0.9895946957385067,0,0.064835438396069,0.0961664960286222,0.1122982734329935,0.12638753686040305,0.9999854128923323
KDM4B,3,0.5975407655182973,0.08963833267620941,0.04155255240106431,2,0.9794380636646511,0,0.08963833267620941,0.11338451876668731,0.12676774577920671,0.13886710785470366,0.9999854128923323
KDM7A,4,-0.6375577605090471,0.06770451614194435,0.1485975139444208,3,0.9854266976731723,0,0.06770451614194435,0.09332423512372402,0.10705023944409003,0.11920610164184502,0.9999854128923323
KEAP1,3,0.7542933869916238,0.09006816047550473,1.192007303180574,2,0.55100926692758,0,0.09006816047550473,0.11392821270565968,0.12737561408245515,0.13953299421806678,0.9999854128923323
KHDC1,2,0.7129584039964497,0.15035072293183166,1.0694600127893776,1,0.30106744796778384,6.494867686376721,0.15035072293183166,0.17142619943276388,0.18414127682077858,0.1960333589122308,0.9999854128923323
KHK,3,0.6963849854653572,0.090725958891160155,0.34325358984935284,2,0.8422934627128218,0,0.090725958891160155,0.11476026919954821,0.1283058815231826,0.1405520511416648,0.9999854128923323
KIAA0040,4,-0.7792272620357745,0.13321865104586034,0.8611182502122675,3,0.8347992554598657,0,0.13321865104586034,0.1836292380703834,0.21063718206004553,0.23455563915217212,0.9999854128923323
KIAA0408,4,-0.8110537190882003,0.09450224664866552,0.292408259379098,3,0.9614499008925759,0,0.09450224664866552,0.13026235749872603,0.14942117170639854,0.16638837497583825,0.9999854128923323
KIAA0825,2,-0.6629294128524367,0.11471202631779415,0.16202076275195437,1,0.6873028234794492,0,0.11471202631779415,0.13079183337087447,0.14049296591965535,0.14956618357532664,0.9999854128923323
KIAA0930,2,0.6520777977216885,0.1391960110816279,0.17206492503113865,1,0.6782831261591654,0,0.1391960110816279,0.15870787110709944,0.17047960069039056,0.18148939404759265,0.9999854128923323
KIAA1033,4,-0.9096485407730017,0.06551429912685243,3.978620114218611,3,0.2637820452989502,24.596972973651418,0.06551429912685243,0.09030522931235557,0.1035872022752171,0.11534982665464373,0.9999854128923323
KIAA1211,2,0.7102725683408492,0.10926073203124209,0.5015921488880449,1,0.4788013799525408,0,0.10926073203124209,0.12457640159036446,0.13381652119975446,0.1424585654104551,0.9999854128923323
KIAA1211L,2,0.8027405832639823,0.14574922986404662,0.08581194814062268,1,0.7695704866639916,0,0.14574922986404662,0.16617969011811135,0.1785056217852649,0.19003374597722528,0.9999854128923323
KIAA1324L,5,-0.640465161366985,0.07444673539019764,0.14530489618186965,4,0.9974852237310005,0,0.07444673539019764,0.11042235327399898,0.12894552815345833,0.14512340389813352,0.9999854128923323
KIAA1456,3,-0.9028906528234836,0.12275803168342153,1.2978042285516105,2,0.5226192381066085,0,0.12275803168342153,0.15527799247949042,0.17360607329692085,0.19017592492923763,0.9999854128923323
KIAA1522,3,0.6148671073540061,0.12285076838263735,0.017694332845713347,2,0.9911918545940659,0,0.12285076838263735,0.1553952961563736,0.17373722279468157,0.19031959200589565,0.9999854128923323
KIAA1551,2,-0.8550487086955098,0.20450853006166758,0.7364084059841846,1,0.3908138283972628,0,0.20450853006166758,0.23317560019946168,0.25047077334886,0.2666465002124963,0.9999854128923323
KIAA1586,2,-1.3272983194073695,0.25757919060644247,0.5751799472823174,1,0.44820785404792207,0,0.25757919060644247,0.29368546314639243,0.31546879267243694,0.33584217578633424,0.9999854128923323
KIAA1715,5,-0.8110621921616926,0.07013731354623062,1.6377798963959358,4,0.8019864618392354,0,0.07013731354623062,0.10403044772210195,0.1214813905684603,0.13672279420649874,0.9999854128923323
KIAA1841,3,-0.7008824466644864,0.07695459139940522,0.44098155493501057,2,0.8021250364517312,0,0.07695459139940522,0.09734071409188993,0.10883022684391881,0.11921754036163718,0.9999854128923323
KIAA1919,3,-0.6985106644924248,0.1091641927366242,0.35421675538067665,2,0.8376889928049224,0,0.1091641927366242,0.13808299519253678,0.15438148189364448,0.16911644018844887,0.9999854128923323
KIAA2013,5,0.8760278052558991,0.06137902977526616,2.0757402483731022,4,0.7218305098783254,0,0.06137902977526616,0.09103981355174572,0.10631159809004391,0.11964975606068504,0.9999854128923323
KIF17,3,0.6325830621835391,0.09725126519768656,0.030677544224460226,2,0.9847782676730638,0,0.09725126519768656,0.12301420134310193,0.13753405820051093,0.15066101220329642,0.9999854128923323
KIF19,2,1.1028621086842496,0.30452914443527174,0.015493933613024254,1,0.900939486153115,0,0.30452914443527174,0.34721664671156277,0.3729705078363675,0.39705742617134565,0.9999854128923323
KIF1A,2,0.6324405325284999,0.10107697115619854,0.050786738044048554,1,0.8216999024144489,0,0.10107697115619854,0.11524547855575198,0.12379350203934973,0.13178824669441766,0.9999854128923323
KIF20B,5,-0.8302420746471065,0.09396374342887814,0.5762416393026746,4,0.9656668381589606,0,0.09396374342887814,0.13937075437181823,0.16274997768818317,0.18316905661393398,0.9999854128923323
KIF3A,2,-0.658357951231036,0.1281787521609266,0.01466808445009445,1,0.9036024294638977,0,0.1281787521609266,0.14614626323376156,0.15698626933046841,0.16712464587667739,0.9999854128923323
KIF5B,5,-0.7744351933556655,0.11086603127701117,2.0864191049861693,4,0.7198678172730566,0,0.11086603127701117,0.16444089868537415,0.19202559900530358,0.21611768133643722,0.9999854128923323
KIF5C,3,-0.6327128743103875,0.09665575672669113,0.5025610317803214,2,0.7778041545289376,0,0.09665575672669113,0.12226093608939398,0.13669188204432112,0.1497384544470201,0.9999854128923323
KIF7,5,0.8810543266566625,0.09459584238879522,0.8549963229235162,4,0.9309266539126164,0,0.09459584238879522,0.14030830864186458,0.16384480520217098,0.18440124432750984,0.9999854128923323
KIFAP3,2,-0.5917600581711414,0.15320939211642626,0.0010643122273758371,1,0.9739745914853105,0,0.15320939211642626,0.17468558378552684,0.187642417243616,0.19976060751700836,0.9999854128923323
KIFC2,2,0.6731228160294712,0.11880783055883501,0.10662056192659022,1,0.7440248767957088,0,0.11880783055883501,0.13546176871252608,0.14550928115809408,0.1549064589472132,0.9999854128923323
KIN,4,-0.6417033956638348,0.07005790263789123,0.052488641968863166,3,0.996851610778575,0,0.07005790263789123,0.09656815454298828,0.11077127021502742,0.12334966614572884,0.9999854128923323
KIRREL3,4,0.9745266569506642,0.09890710326401535,1.913219519953174,3,0.590612185222316,0,0.09890710326401535,0.13633403333192093,0.15638586154188136,0.1741439253486714,0.9999854128923323
KITLG,4,-0.9606681087365061,0.10769589193872786,0.9637511371388404,3,0.8100221423862606,0,0.10769589193872786,0.1484485424883265,0.1702821565848735,0.18961818461182,0.9999854128923323
KLF16,2,0.7017240899127626,0.15006928836263367,0.12280907735431568,1,0.726007565429958,0,0.15006928836263367,0.17110531465319098,0.18379659127552106,0.19566641312814625,0.9999854128923323
KLF8,4,-0.6963172579415401,0.11366249675256435,0.46890860442543303,3,0.9256669913044051,0,0.11366249675256435,0.15667293965216433,0.17971618713979762,0.2001234764361312,0.9999854128923323
KLHDC1,4,-0.9155629070619837,0.10011332859348876,0.8784463653099625,3,0.8306258336100771,0,0.10011332859348876,0.1379967002066677,0.15829307124814287,0.17626770419566468,0.9999854128923323
KLHDC8B,4,0.6478998619957655,0.08504992389648233,0.11865435219512241,3,0.9895085011699798,0,0.08504992389648233,0.11723322973506756,0.13447573716843345,0.14974584341434005,0.9999854128923323
KLHL15,3,-0.6440024012857003,0.09286901166825319,0.3188590235523604,2,0.8526300656571921,0,0.09286901166825319,0.11747104036817345,0.13133661582542888,0.14387205422795477,0.9999854128923323
KLHL17,2,0.6687267769962679,0.15309887768593794,7.068111505777444e-4,1,0.9787900033786892,0,0.15309887768593794,0.17455957794776522,0.18750706526166067,0.19961651432879854,0.9999854128923323
KLHL21,3,0.7728539677976612,0.10337091827111813,0.29209187671702175,2,0.86411800611008,0,0.10337091827111813,0.13075501822393928,0.14618855457397606,0.1601415379784834,0.9999854128923323
KLHL23,2,-0.9503825033827398,0.17492348684750103,9.73073613688034e-5,1,0.9921294357912166,0,0.17492348684750103,0.19944346097617296,0.21423664340241094,0.2280723232365325,0.9999854128923323
KLHL24,4,-0.6627266506482394,0.08191204004332191,0.43299266164918504,3,0.9333457389266959,0,0.08191204004332191,0.11290795533403156,0.1295143071639073,0.1442210287807648,0.9999854128923323
KLHL25,2,0.6337824432236279,0.125128365326881,0.0026342704639892847,1,0.9590664320455009,0,0.125128365326881,0.1426682871285368,0.15325032369971064,0.16314742803961568,0.9999854128923323
KLHL26,3,1.0004237385653838,0.186671100072023,0.7891127413144531,2,0.6739789697841949,0,0.186671100072023,0.23612233982272574,0.2639928014249602,0.2891896247188653,0.9999854128923323
KLHL28,5,-0.6785036845674117,0.06969369747888993,0.9759271933840127,4,0.9134239798617515,0,0.06969369747888993,0.10337245876060926,0.12071302500077231,0.1358580272912142,0.9999854128923323
KLHL42,2,-0.589426486514584,0.10707100912784065,6.982398746660224e-4,1,0.9789189690017576,0,0.10707100912784065,0.1220797333481294,0.13113466930404485,0.1396035160467387,0.9999854128923323
KLHL5,5,-0.7418664447792431,0.0683440852229118,2.4363974723016137,4,0.6560598563754021,0,0.0683440852229118,0.10137066028641911,0.11837542800290055,0.1332271486703637,0.9999854128923323
KLHL9,3,-0.6844244144878606,0.09744484433183934,0.13647258158973205,2,0.9340397425066871,0,0.09744484433183934,0.12325906173166434,0.1378078204374222,0.15096090370839518,0.9999854128923323
KMT2B,4,0.6553093307862439,0.08125431789064896,0.35073452734441657,3,0.9502205384533893,0,0.08125431789064896,0.1120013479122542,0.12847435712890956,0.14306298943196794,0.9999854128923323
KMT2D,3,0.633088306267555,0.07863760642107112,0.04274417384763661,2,0.9788546777745678,0,0.07863760642107112,0.09946957841378669,0.11121036951323637,0.12182485602176876,0.9999854128923323
KMT5B,2,-0.6916260451917285,0.08607918004649504,0.10527582884137582,1,0.7455880077550902,0,0.08607918004649504,0.09814536570169771,0.105425034295538,0.11223351951939646,0.9999854128923323
KMT5C,3,0.647447387766155,0.1343992174679027,0.020753214001860643,2,0.9896770442524815,0,0.1343992174679027,0.17000305717714423,0.190069196115439,0.20821037239859846,0.9999854128923323
KNDC1,4,0.8165099861448294,0.07130434945499253,0.010813673548818365,3,0.9997018943354775,0,0.07130434945499253,0.09828626291236948,0.11274207567718113,0.12554426222937887,0.9999854128923323
KNTC1,3,-0.595629055063273,0.0858704004509705,0.017331366589333267,2,0.9913717555164714,0,0.0858704004509705,0.10861841960632669,0.12143908492417123,0.13302985235150824,0.9999854128923323
KPNA3,3,-0.6673288215537929,0.10894321768927001,0.05595478582790753,2,0.9724103499172118,0,0.10894321768927001,0.13780348141025567,0.15406897598473013,0.16877410711711682,0.9999854128923323
KPNA5,5,-0.8501458821852244,0.06903216199280268,1.3668943742511244,4,0.8499280340739885,0,0.06903216199280268,0.1023912430663932,0.11956721192785943,0.1345684572242771,0.9999854128923323
KPNA6,5,-0.6589906753547059,0.08214811662014808,1.0439475557729025,4,0.903060483384049,0,0.08214811662014808,0.12184534763922006,0.1422847117321898,0.1601361597019933,0.9999854128923323
KRAS,5,-0.8713648583391378,0.08827879174611859,0.7851860586038146,4,0.9404229751932787,0,0.08827879174611859,0.13093860835803955,0.15290335253506943,0.17208704563152738,0.9999854128923323
KRR1,5,-1.061560968727617,0.07173908089973587,0.7244656550617847,4,0.9482778878013526,0,0.07173908089973587,0.1064062526468509,0.12425573300663652,0.13984521360306765,0.9999854128923323
KTN1,2,-0.7216821498657193,0.10236981487584418,0.05212750982254566,1,0.8194017547094813,0,0.10236981487584418,0.1167195471933857,0.12537690575449656,0.13347390867175066,0.9999854128923323
KXD1,4,0.7766174166601817,0.07658899436428117,0.2515570165749832,3,0.96886599901001,0,0.07658899436428117,0.10557064321908148,0.12109783294646413,0.13484883973905323,0.9999854128923323
KYNU,3,-1.1821480194096479,0.1812061167362249,0.5468247962984616,2,0.7607789790834024,0,0.1812061167362249,0.229209621936331,0.2562641478733315,0.2807233089401264,0.9999854128923323
L2HGDH,3,-0.6946396303813672,0.10459243066398219,0.20128724376475016,2,0.9042552322475739,0,0.10459243066398219,0.13230012276456843,0.14791603396657121,0.1620338968403828,0.9999854128923323
L3MBTL3,3,-0.6758316110324077,0.09207822946596557,0.5273763523224638,2,0.7682130494544057,0,0.09207822946596557,0.1164707712112323,0.13021828091007046,0.14264697970797988,0.9999854128923323
LACC1,4,-1.0815640175812955,0.13227404640910792,0.6407846875977601,3,0.8870354076445821,0,0.13227404640910792,0.1823271904339388,0.2091436309897987,0.23289249106757473,0.9999854128923323
LACE1,4,-0.6779534842008551,0.0731355071983255,1.7156535945785474,3,0.6334592692796052,0,0.0731355071983255,0.1008103396730564,0.11563739028917422,0.12876834813254612,0.9999854128923323
LACTB,4,-0.6915752245139621,0.08913912964220716,2.3570443286243736,3,0.5016808909341052,0,0.08913912964220716,0.1228698108707074,0.14094133915720236,0.15694563308180212,0.9999854128923323
LAGE3,5,1.3043054261679572,0.0950440821556485,0.6607749795865224,4,0.9560765993635417,0,0.0950440821556485,0.14097315565802326,0.1646211792523337,0.18527502449244665,0.9999854128923323
LAMB2,3,0.6594891954301478,0.11430182422868836,0.174248863692055,2,0.9165630389062233,0,0.11430182422868836,0.1445816421099496,0.16164719002819672,0.17707562467153498,0.9999854128923323
LAMB3,3,0.8607712466112012,0.1811374604952855,0.3630573390042523,2,0.8339943347583759,0,0.1811374604952855,0.22912277789754948,0.2561670532862535,0.28061694714901786,0.9999854128923323
LAMP2,3,-0.8232595570134095,0.15341917654580126,0.35030180819270035,2,0.8393303528236598,0,0.15341917654580126,0.19406161385288637,0.2169674801991844,0.23767596630029753,0.9999854128923323
LAMTOR1,4,0.7779220414046402,0.09684297708276482,0.775114990452084,3,0.8554094657204945,0,0.09684297708276482,0.13348883174063864,0.15312219148651277,0.17050965618340805,0.9999854128923323
LAMTOR2,2,0.7534939502749091,0.11665936651641896,0.003978055385213623,1,0.9497093082638898,0,0.11665936651641896,0.13301214280965415,0.14287796084077578,0.15210520455665116,0.9999854128923323
LAMTOR3,3,-0.6836335437528489,0.10194860998131233,0.6073606256662801,2,0.7380967888091895,0,0.10194860998131233,0.1289559247316492,0.144177106900657,0.15793810745064715,0.9999854128923323
LAMTOR4,5,0.8377868163892428,0.05991319108014606,2.326799034241694,4,0.6758942283558311,0,0.05991319108014606,0.08886562340913053,0.10377269099439543,0.11679231039988529,0.9999854128923323
LANCL1,2,-0.7346565358396006,0.14533864716841471,0.4277488411255217,1,0.5130956299883254,0,0.14533864716841471,0.16571155381858088,0.1780027627345076,0.18949841163784567,0.9999854128923323
LANCL3,2,-0.8700412950372366,0.22285839896680185,0.04620199147045902,1,0.829809041930621,0,0.22285839896680185,0.2540976697788866,0.27294468118113113,0.2905718021127972,0.9999854128923323
LARP4,4,-0.8512686729834671,0.06980714361301578,1.457479203812022,3,0.6921182944355503,0,0.06980714361301578,0.0962225070805973,0.11037478538380278,0.1229081593229898,0.9999854128923323
LARP7,3,-0.6644622645383416,0.07743942551403675,0.4177422626821156,2,0.8114998057970638,0,0.07743942551403675,0.09795398612772466,0.10951588582433186,0.11996864214229364,0.9999854128923323
LBR,5,-0.8023258536199711,0.07208765572631327,3.3313528255633735,4,0.5039800606264241,0,0.07208765572631327,0.1069232726671515,0.1248594823165081,0.14052471103275313,0.9999854128923323
LCOR,3,-0.8968451831574675,0.12887602052669248,1.361425888772725,2,0.5062559313483531,0,0.12887602052669248,0.16301670425718445,0.18225821609352189,0.19965387249014607,0.9999854128923323
LCORL,5,-0.9197590792958885,0.054892761942563546,4.168110007199783,4,0.38373245042855353,4.0332430504328975,0.054892761942563546,0.08141912361418843,0.09507705265230332,0.10700569233454461,0.9999854128923323
LDAH,4,-0.6680553048284023,0.1147812348200948,0.4746393962272863,3,0.9244266359466435,0,0.1147812348200948,0.15821501365853022,0.18148506733906336,0.2020932180632487,0.9999854128923323
LDB1,5,0.9776307315797536,0.05999810339474441,0.965492253932883,4,0.9149825661334237,0,0.05999810339474441,0.08899156872494253,0.10391976343746805,0.11695783497343165,0.9999854128923323
LDHA,3,-0.7978009309878588,0.1496465558231728,0.0452173138328787,2,0.9776450035304739,0,0.1496465558231728,0.18928958416030386,0.21163218880755344,0.2318314474081787,0.9999854128923323
LDHD,5,1.0072603417814785,0.09350927044753812,2.9069085268992767,4,0.5735229484811887,0,0.09350927044753812,0.1386966620044903,0.16196280739383495,0.1822831256770553,0.9999854128923323
LDOC1,5,0.8944406932007498,0.0937572440668003,0.4913921559197319,4,0.974333525297742,0,0.0937572440668003,0.13906446632049266,0.16239231030133378,0.1827665152510326,0.9999854128923323
LENG9,3,0.9589685075596487,0.1395176089164405,0.08569650992148072,2,0.9580567593977821,0,0.1395176089164405,0.1764773671506274,0.1973076947194956,0.2161397503344214,0.9999854128923323
LEPR,3,-0.7686184340536321,0.14299473490464334,0.10608164330950885,2,0.9483412988310357,0,0.14299473490464334,0.1808756222842613,0.20222509345009204,0.22152649075241124,0.9999854128923323
LEPROTL1,4,-0.8957435056108046,0.11949786219557713,2.1965520272618,3,0.5326278336002725,0,0.11949786219557713,0.16471643582743942,0.18894271002947655,0.2103976975037292,0.9999854128923323
LFNG,5,0.9658456670924226,0.12622945508843497,2.933472392283716,4,0.5690196578578317,0,0.12622945508843497,0.18722853877075227,0.2186358296249031,0.246066507800855,0.9999854128923323
LGALS1,5,1.0630961457884156,0.08578743811430223,4.532934190375713,4,0.3386601799603788,11.756936412340481,0.08578743811430223,0.1272433337510202,0.14858820146514226,0.16723050333362596,0.9999854128923323
LGALS8,4,-1.0476854591867928,0.14185515965129172,0.4446786253989009,3,0.9308658730489948,0,0.14185515965129172,0.1955338436368947,0.22429270117244934,0.24976178168616936,0.9999854128923323
LGI1,2,-0.7815824268005422,0.15251294489170863,0.540112086473378,1,0.46238627789878695,0,0.15251294489170863,0.17389151177502532,0.1867894470769482,0.19885255143251318,0.9999854128923323
LGI3,5,0.768535325186264,0.09730978169758285,2.2187173872244492,4,0.6956040118866396,0,0.09730978169758285,0.14433373116104464,0.16854548597364952,0.18969168598891906,0.9999854128923323
LGI4,5,1.0759261740148733,0.09851249921803268,0.3995428461421666,4,0.9825143151722489,0,0.09851249921803268,0.14611764953215733,0.1706286538262219,0.19203621405426366,0.9999854128923323
LHFPL4,3,0.6382262815551265,0.09570614522008593,0.30110915606802835,2,0.8602307790214611,0,0.09570614522008593,0.12105976198812338,0.13534892857269448,0.14826732262684056,0.9999854128923323
LHPP,5,1.0273644320820854,0.10700118484591851,0.11152821280136184,4,0.9985017932731117,0,0.10700118484591851,0.15870840503434885,0.18533148862319987,0.20858370866881143,0.9999854128923323
LHX2,5,1.0370325226321597,0.11308388248101263,0.5792542599584272,4,0.9653408766987913,0,0.11308388248101263,0.16773050363411793,0.19586702997426192,0.22044106925099505,0.9999854128923323
LIAS,4,-0.7107137147159556,0.08372299523416796,0.4884482990830387,3,0.9214218412712416,0,0.08372299523416796,0.11540418479787884,0.13237767873569653,0.1474095444197545,0.9999854128923323
LIFR,2,-0.6879474470988151,0.15878025554685457,0.06731633023138661,1,0.7952850409020112,0,0.15878025554685457,0.1810373453654847,0.19446530365925602,0.2070241247719491,0.9999854128923323
LIG1,3,0.7403223042015076,0.11838478519345068,0.597059482472123,2,0.7419082162545823,0,0.11838478519345068,0.14974622460843257,0.16742136879920352,0.18340092059943075,0.9999854128923323
LIG4,4,-0.9256324666027324,0.0931836200473887,0.5386524948927606,3,0.9103211687945408,0,0.0931836200473887,0.12844475616294576,0.14733623998473783,0.16406669326807896,0.9999854128923323
LILRA2,3,0.9355332886914199,0.19023200071853752,1.1595739871220991,2,0.5600176412253227,0,0.19023200071853752,0.24062656244854652,0.26902867541352415,0.2947061482794453,0.9999854128923323
LILRB4,2,1.1428319095763266,0.22731948422271653,0.21437757462245538,1,0.6433577298385262,0,0.22731948422271653,0.2591840895569526,0.2784083724691533,0.2963883456588318,0.9999854128923323
LIMD2,2,0.6280871587823897,0.14704271088821946,0.020921286023655408,1,0.8849935951337717,0,0.14704271088821946,0.1676544853947053,0.18008980603586294,0.1917202388979996,0.9999854128923323
LIME1,3,0.7640330220460309,0.14836743409830383,0.3250492325427268,2,0.8499951662561941,0,0.14836743409830383,0.18767160893822818,0.20982323751631768,0.2298498405529029,0.9999854128923323
LIMK1,5,0.790812840861268,0.0752020977654661,5.524780302292871,4,0.23755984288457774,27.59893097758228,0.0752020977654661,0.11154273673493398,0.13025385416554922,0.14659587624364315,0.9999854128923323
LIN7A,3,-0.8498763362008698,0.17763769438038823,0.07275579779895916,2,0.9642758258481186,0,0.17763769438038823,0.22469588501716792,0.251217636581432,0.2751951327975706,0.9999854128923323
LIN7B,4,0.7316397643100849,0.09800295511828098,2.5951579414314594,3,0.45833905470783753,0,0.09800295511828098,0.1350877511199295,0.15495627780051216,0.17255200826689604,0.9999854128923323
LIN7C,5,-0.750967196668536,0.09434846834294004,1.2336059962093902,4,0.8725352220101176,0,0.09434846834294004,0.139941393636941,0.16341634078627595,0.1839190235372711,0.9999854128923323
LIN9,3,-0.7218414540460818,0.12188113853077431,0.9386072992991268,2,0.6254376403994133,0,0.12188113853077431,0.15416880062870203,0.17236595910769506,0.18881744789859523,0.9999854128923323
LINC00116,5,1.4321807994527325,0.11173711996265674,1.7053970769100277,4,0.7897370059911745,0,0.11173711996265674,0.1657329320038963,0.1935343688667401,0.2178157457914527,0.9999854128923323
LINC00634,5,1.262185236080896,0.10953206423342772,2.3489618839411044,4,0.6718696346866999,0,0.10953206423342772,0.16246230581128232,0.18971510031019462,0.2135173008491251,0.9999854128923323
LINGO1,5,1.1970239870310737,0.11834656747197993,5.318013354354655,4,0.2561953687763484,24.783942170348247,0.11834656747197993,0.17553632692773247,0.20498226776284745,0.23069993091268928,0.9999854128923323
LINGO3,5,1.4180047625943795,0.144553550196139,0.9689635684873765,4,0.91446504063166,0,0.144553550196139,0.2144075640537826,0.25037409335417077,0.28178674511475726,0.9999854128923323
LINS1,3,-0.6517786803012531,0.09806367164255916,0.33153953840728945,2,0.8472412727695291,0,0.09806367164255916,0.1240418232437409,0.13868297441300906,0.15191958685583368,0.9999854128923323
LIPA,3,-0.9314927713040682,0.14256166063168677,0.861075841456118,2,0.6501592664958368,0,0.14256166063168677,0.1803278218448356,0.20161263393976198,0.22085557497367855,0.9999854128923323
LIPE,5,0.8616564201751297,0.12967394303774063,1.6165588578829528,4,0.8058129563345158,0,0.12967394303774063,0.19233754003444425,0.22460185775915925,0.252781050933866,0.9999854128923323
LIPT1,5,-1.2313549168531672,0.1205626132119197,3.643331832400857,4,0.45642154521061234,0,0.1205626132119197,0.17882325394050771,0.2088205715763197,0.23501979932986589,0.9999854128923323
LLGL1,5,0.8763411765340391,0.08005381319803044,6.738642372805145,4,0.15036140376842216,40.64086237692875,0.08005381319803044,0.11873899366509444,0.13865727179861667,0.15605361075179125,0.9999854128923323
LLPH,5,-0.7939774358190109,0.062471818451359275,6.349323471182693,4,0.17453527618434223,37.00116212137296,0.062471818451359275,0.09266068109701711,0.10820436359897312,0.12177999335832816,0.9999854128923323
LMAN1,3,-0.7060465180100497,0.09913778952080432,0.41371583938833456,2,0.8131351722746157,0,0.09913778952080432,0.12540048683204574,0.14020200648401077,0.15358360311755653,0.9999854128923323
LMBRD1,3,-0.6745175576382959,0.12033747012907206,0.314144436238291,2,0.8546423359269135,0,0.12033747012907206,0.1522161973881377,0.17018288231820092,0.18642600709385143,0.9999854128923323
LMBRD2,4,-0.6852963241660496,0.11287972785916708,0.09759278104147018,3,0.9921247263913227,0,0.11287972785916708,0.1555939671933436,0.17847852084746516,0.19874526958102628,0.9999854128923323
LMF2,4,0.7555381878172192,0.07424902807017139,1.0937173999683296,3,0.7785909407686432,0,0.07424902807017139,0.10234522227145577,0.11739802137775895,0.13072890393876865,0.9999854128923323
LMO3,2,-0.7858557015428985,0.18729026597606602,0.7760410238254718,1,0.3783546768016791,0,0.18729026597606602,0.2135437586261917,0.22938279271575346,0.24419663048444268,0.9999854128923323
LMTK3,4,1.012439826228865,0.09057139272679174,0.4268094321853028,3,0.9346502755838589,0,0.09057139272679174,0.1248440492890807,0.1432059459351352,0.15946739246460168,0.9999854128923323
LNPEP,5,-0.6746162437830191,0.06305734064356723,1.049159824970354,4,0.90225237099209,0,0.06305734064356723,0.09352915085621984,0.1092185177848364,0.1229213862366827,0.9999854128923323
LONP1,5,0.9243861289199439,0.0499059822915248,2.0670126480416506,4,0.7234348627323762,0,0.0499059822915248,0.07402253407348583,0.08643969693055362,0.09728466919423404,0.9999854128923323
LPAR2,2,0.8266543687234494,0.17363406145561625,0.01933654618711945,1,0.8894059681405314,0,0.17363406145561625,0.19797328983184712,0.21265742626665796,0.2263911182133116,0.9999854128923323
LPAR5,4,0.9693219041987772,0.13344726460602033,2.721655952270499,3,0.4365596283307718,0,0.13344726460602033,0.1839443601162468,0.2109986518370983,0.234958154860755,0.9999854128923323
LPAR6,4,-1.4347233203416363,0.14781599539439927,4.533750031286737,3,0.2092995453322487,33.82961170559813,0.14781599539439927,0.2037502886855143,0.23371761002563043,0.2602569160133019,0.9999854128923323
LPCAT2,2,-0.7792121157316538,0.20961742639521241,0.06836240181109157,1,0.7937362142070885,0,0.20961742639521241,0.2390006382483486,0.25672786793184027,0.27330768606561157,0.9999854128923323
LPGAT1,5,-0.8997583885842239,0.08808217883944969,0.7356537192017765,4,0.9468603967006203,0,0.08808217883944969,0.13064698428984328,0.1525628089912951,0.17170377651816,0.9999854128923323
LPIN3,4,0.7769149422206607,0.13555467161340706,0.04704229288508204,3,0.9973243413310219,0,0.13555467161340706,0.18684922020927833,0.21433075488726896,0.2386686277839585,0.9999854128923323
LPL,2,-0.7204258104936528,0.17865506906756495,0.24565478055877693,1,0.6201514366381015,0,0.17865506906756495,0.20369811932022674,0.21880687958861028,0.23293771119338294,0.9999854128923323
LRFN1,5,0.8721085128778464,0.0850891027650715,2.286765196751133,4,0.6831796906068799,0,0.0850891027650715,0.12620753503893015,0.1473786491595533,0.16586919712709353,0.9999854128923323
LRFN2,4,0.7011304967559013,0.11775305265113707,0.27182476501194786,3,0.9652373502898524,0,0.11775305265113707,0.16231138184507202,0.18618392390766086,0.2073256432929861,0.9999854128923323
LRFN3,5,1.0067466920101353,0.08504675969463096,2.2538980831476043,4,0.6891747142661221,0,0.08504675969463096,0.12614473011594213,0.1473053088102018,0.1657866552871912,0.9999854128923323
LRFN4,4,0.9040586981560538,0.11742276550144924,0.5647324276614509,3,0.904456434068429,0,0.11742276550144924,0.1618561124277234,0.1856616940702116,0.2067441127573548,0.9999854128923323
LRGUK,2,-0.615303742001288,0.15960147449491194,0.004218935862017853,1,0.9482111541996128,0,0.15960147449491194,0.18197367902868547,0.1954710873541789,0.2080948632802238,0.9999854128923323
LRP1,5,0.9191242573430445,0.0629102981610945,1.7671305059219902,4,0.7784902118416531,0,0.0629102981610945,0.09331105160900922,0.10896383273432259,0.12263474766936032,0.9999854128923323
LRP10,3,0.7393043586443514,0.1381182368034709,0.742407374258628,2,0.6899034028026861,0,0.1381182368034709,0.17470728588218484,0.19532868369852732,0.21397185237895006,0.9999854128923323
LRP2BP,2,-0.8040352518156867,0.13194166804170976,0.07822317348091751,1,0.7797199086638227,0,0.13194166804170976,0.1504366474477458,0.16159488125693555,0.17203088792879273,0.9999854128923323
LRP3,4,0.9303662359805076,0.1315538573327448,0.27800739263967716,3,0.9641101980320758,0,0.1315538573327448,0.1813344783000076,0.2080049120761585,0.23162446735024544,0.9999854128923323
LRP4,4,0.7171274512679341,0.09557813159500203,0.37042653337583176,3,0.946281587040158,0,0.09557813159500203,0.13174536255392028,0.15112229517175424,0.16828266589727453,0.9999854128923323
LRP5,5,1.1362381005805855,0.12749187642406742,2.744390026996745,4,0.601469578476467,0,0.12749187642406742,0.18910101221063122,0.22082240751877746,0.2485274200278367,0.9999854128923323
LRRC10B,3,0.7916458179632749,0.1561300661159091,0.30181830795901254,2,0.8599258159491281,0,0.1561300661159091,0.19749064806358055,0.22080125699532668,0.24187565836367156,0.9999854128923323
LRRC14,4,0.8203450578530674,0.07934203114092522,0.45864104114691284,3,0.927879168023763,0,0.07934203114092522,0.10936544253363738,0.12545076629466587,0.13969606117303163,0.9999854128923323
LRRC20,2,0.6930564323978432,0.15864487357212523,0.12873710062904142,1,0.7197450664807916,0,0.15864487357212523,0.1808829861648969,0.1942994952800274,0.20684760827289378,0.9999854128923323
LRRC24,5,0.955333730779991,0.095597106746869,0.5505793517317698,4,0.9683939258414354,0,0.095597106746869,0.14179342368537048,0.1655790459421626,0.1863530678840963,0.9999854128923323
LRRC27,2,0.6377268830541594,0.10290927656679971,0.004271963288354605,1,0.947887166138107,0,0.10290927656679971,0.11733462815619562,0.12603760869380656,0.13417728066238904,0.9999854128923323
LRRC3,2,0.7687025571155777,0.1730147421781802,0.1116738868596516,1,0.7382464282084723,0,0.1730147421781802,0.19726715721142438,0.2118989181578642,0.2255836246687017,0.9999854128923323
LRRC34,3,-0.8592381756260707,0.13989554357336786,0.8719014221563559,2,0.6466495978114408,0,0.13989554357336786,0.1769554208796693,0.19784217503701312,0.21672524418731512,0.9999854128923323
LRRC40,4,-0.7017466529687582,0.09152577798980918,0.044763404336913434,3,0.997514700211447,0,0.09152577798980918,0.1261595785884516,0.14471496153335217,0.1611477611187431,0.9999854128923323
LRRC43,2,1.016538272191197,0.1606090043689744,0.12326416110847103,1,0.7255208587098179,0,0.1606090043689744,0.1831224398311447,0.19670505440021072,0.20940852151588413,0.9999854128923323
LRRC45,5,0.7515145234720705,0.0944429080319254,0.17377952188874332,4,0.9964367895321181,0,0.0944429080319254,0.140081470332656,0.16357991512584957,0.1841031203825767,0.9999854128923323
LRRC49,5,-0.6707194503305659,0.07017840448822882,0.4745117518938379,4,0.9759343570918076,0,0.07017840448822882,0.10409139543847801,0.12155256216773204,0.1368028951987169,0.9999854128923323
LRRC4B,4,0.7662747820550796,0.08440188235220968,0.8937598065091177,3,0.8269334445075496,0,0.08440188235220968,0.11633996611110414,0.13345109351927623,0.14860484853546452,0.9999854128923323
LRRC58,5,-0.75975106227773,0.07822304540274959,1.9430732522219119,4,0.7462285382454239,0,0.07822304540274959,0.11602352619437738,0.13548628896032938,0.1524847873130509,0.9999854128923323
LRRC63,3,-1.1334472960976232,0.1827011435640456,3.080950180194845,2,0.21427927527882806,35.08496135846259,0.1827011435640456,0.23110069791191892,0.2583784350893472,0.2830393945426396,0.9999854128923323
LRRC66,3,-0.9013372768083259,0.18348285458382568,1.0348159190060486,2,0.596063568228395,0,0.18348285458382568,0.23208949282974212,0.25948394141537673,0.28425041604710166,0.9999854128923323
LRRC73,3,0.7479227915054856,0.11967974719031745,0.12490419258638585,2,0.939458065259291,0,0.11967974719031745,0.1513842363658161,0.16925272161793026,0.18540706709856536,0.9999854128923323
LRRC75A,5,0.7732536467603217,0.09270542831457952,2.956241033322837,4,0.5651748650885852,0,0.09270542831457952,0.13750437144242803,0.16057051197828612,0.1807161488859273,0.9999854128923323
LRRC75B,2,0.8716740985540604,0.17876364252058263,0.11988707439358726,1,0.729156998730934,0,0.17876364252058263,0.20382191210317566,0.21893985436836297,0.23307927365659376,0.9999854128923323
LRRC8A,5,0.9229899615687176,0.10774606874816367,1.7467701083677656,4,0.7822052769956904,0,0.10774606874816367,0.15981324640812736,0.18662166538762864,0.21003575470999988,0.9999854128923323
LRRC8B,5,-0.8346426561437946,0.09267066044272436,1.819520258108967,4,0.7689091308792675,0,0.09267066044272436,0.13745280235469767,0.16051029225776192,0.1806483738265715,0.9999854128923323
LRRC8C,5,-0.7161149471464455,0.062286002060101854,1.9876573015706058,4,0.7380291803876939,0,0.062286002060101854,0.09238507084907295,0.10788252016843616,0.12141777052803204,0.9999854128923323
LRRC9,2,-1.5137814908421336,0.32096252598592073,0.24352115811116126,1,0.6216744359638093,0,0.32096252598592073,0.3659535845068903,0.393097207610146,0.41848393427746644,0.9999854128923323
LRRCC1,3,-0.7587366373395409,0.11667917621302032,0.18204534986248783,2,0.9129970085201601,0,0.11667917621302032,0.14758878093811356,0.16500927344697358,0.1807586025288913,0.9999854128923323
LRRIQ1,3,-0.8526894507539546,0.1451052330161474,1.4702818991169755,2,0.4794378776550497,0,0.1451052330161474,0.18354521469619603,0.20520978850274385,0.2247960603676342,0.9999854128923323
LRRK1,3,0.6806504830080057,0.11287417997966363,0.44613422574251227,2,0.8000611530915567,0,0.11287417997966363,0.1427757991038061,0.159628196168982,0.17486392771122236,0.9999854128923323
LRRK2,2,-0.6089725358808115,0.10033235014758092,0.042803852076924206,1,0.8360950492211605,0,0.10033235014758092,0.11439647998071364,0.12288153127791486,0.13081737968034876,0.9999854128923323
LRRN2,2,0.6803078951151186,0.119694701414271,0.15676214965283441,1,0.6921551924767294,0,0.119694701414271,0.13647295706713083,0.14659547168987597,0.15606279706998566,0.9999854128923323
LRRN3,3,-0.8682003220041646,0.1607938436069293,0.0967619687923443,2,0.9527707271416405,0,0.1607938436069293,0.2033899118123203,0.22739683437501781,0.24910075138492685,0.9999854128923323
LRRTM1,5,0.7568592115696583,0.09937748815187515,2.5744302246323665,4,0.6313593138253166,0,0.09937748815187515,0.14740063545666074,0.1721268586076219,0.19372238790400328,0.9999854128923323
LRRTM2,4,-0.8338856664470544,0.15145000935520325,0.09669927697018345,3,0.9922305600188995,0,0.15145000935520325,0.20875943124566418,0.23946349060812566,0.2666552578413607,0.9999854128923323
LRRTM4,5,-0.9465669425634362,0.1219568301586443,3.444535914963158,4,0.4863617372096206,0,0.1219568301586443,0.18089121186270413,0.21123542616482024,0.2377376285002203,0.9999854128923323
LRTOMT,2,0.6056490545418733,0.16856398199478467,0.012493916551269319,1,0.911000867176653,0,0.16856398199478467,0.19219250982730707,0.20644787244945667,0.21978054337018724,0.9999854128923323
LRWD1,4,0.6656497154480595,0.08490384930201701,0.33752987568702997,3,0.9528222662452542,0,0.08490384930201701,0.11703187980191238,0.13424477295503554,0.14948865255105084,0.9999854128923323
LSM10,4,0.8554748205180149,0.08164416834444432,0.5598902033051372,3,0.9055499835217266,0,0.08164416834444432,0.11253871967836818,0.12909076481933135,0.14374939198630887,0.9999854128923323
LSM2,4,0.8883914304195673,0.10653747698402623,0.6305552875369248,3,0.8894031798141615,0,0.10653747698402623,0.14685177766725074,0.16845054171864451,0.18757858461609614,0.9999854128923323
LSM4,5,0.9610854386889948,0.09571278065958803,3.134379220603134,4,0.5355945468567304,0,0.09571278065958803,0.14196499582467118,0.16577939903610225,0.18657855785176267,0.9999854128923323
LSM5,2,-0.6183683180154943,0.10367609240313942,0.12773596620878253,1,0.7207911136472087,0,0.10367609240313942,0.11820893272836701,0.12697676245666548,0.13517708619131172,0.9999854128923323
LSM7,5,0.9834298080850884,0.09838370543693706,3.2667852479454154,4,0.5142120047364839,0,0.09838370543693706,0.14592661748325558,0.17040557645366536,0.1917851487548178,0.9999854128923323
LSM8,4,-0.7952714556568644,0.0692077177742534,0.03314133026468086,3,0.9984112342339019,0,0.0692077177742534,0.09539625558212098,0.1094270099143798,0.12185276122646625,0.9999854128923323
LTBP2,2,0.8862434734416494,0.18648553632417,0.22083063479970078,1,0.6384077439087643,0,0.18648553632417,0.2126262256532513,0.2283972042017371,0.243147391388007,0.9999854128923323
LTBP3,5,0.8243937894965865,0.07304942139897859,2.6399436809795125,4,0.6197638301617038,0,0.07304942139897859,0.10834980169246372,0.12652530932654008,0.1423995374766263,0.9999854128923323
LTBP4,4,0.8236787455340996,0.07259427154310395,1.158593842308743,3,0.7629513669383204,0,0.07259427154310395,0.10006429780726207,0.11478162157847738,0.12781540442649753,0.9999854128923323
LTN1,4,-0.828773655829229,0.06220443832204608,1.267614673385213,3,0.7368372758858114,0,0.06220443832204608,0.08574290104274723,0.09835385283456408,0.10952221535186286,0.9999854128923323
LTV1,2,-0.6680203193173628,0.11961967749368722,0.31099412902416723,1,0.5770707878503658,0,0.11961967749368722,0.13638741663658663,0.14650358652790932,0.15596497784528218,0.9999854128923323
LUC7L2,2,-0.7028684996322324,0.11602950472086566,0.37322025341889464,1,0.5412541653755403,0,0.11602950472086566,0.13229398986915544,0.14210654083698637,0.1512839652501479,0.9999854128923323
LUZP2,4,-0.8865304450728544,0.11621538917046974,2.0026028992920315,3,0.5718666387776288,0,0.11621538917046974,0.1601918590068893,0.18375266447077535,0.204618307363089,0.9999854128923323
LY6E,4,0.8473146452089375,0.10388262019344568,1.167760005321369,3,0.7607467186420991,0,0.10388262019344568,0.14319231012413275,0.16425284455874495,0.1829042268855278,0.9999854128923323
LY6H,5,0.9804473485555584,0.09514582530632283,2.713596131074106,4,0.6068375693014494,0,0.09514582530632283,0.14112406513804393,0.16479740355862377,0.18547335840556978,0.9999854128923323
LYNX1,3,0.7599911641311127,0.12695748196488227,1.0742200399417867,2,0.5844348190835533,0,0.12695748196488227,0.16058992360351085,0.17954499283947414,0.196681685330567,0.9999854128923323
LYPLA2,2,0.6095064652330815,0.09559092948755976,8.154589689004251e-7,1,0.9992794882637703,0,0.09559092948755976,0.10899042866410018,0.11707450064144383,0.12463532348617128,0.9999854128923323
LYPLAL1,5,-0.9502373312403313,0.07805872766737243,3.73709282426319,4,0.4427539914301956,0,0.07805872766737243,0.11577980360627596,0.13520168229407148,0.15216447307826572,0.9999854128923323
LYRM2,4,-0.683846142556773,0.05483047543076456,0.8772041422906577,3,0.8309251953705086,0,0.05483047543076456,0.07557859464379438,0.08669459377555899,0.09653901393471653,0.9999854128923323
LYRM5,4,-0.6898002161063727,0.10426150558468515,0.5067319633522287,3,0.9174099589644198,0,0.10426150558468515,0.1437145675945627,0.1648519149629853,0.18357132345503893,0.9999854128923323
LYRM7,5,-0.9187839565656891,0.08447651117479132,3.283635762247786,4,0.5115291992939558,0,0.08447651117479132,0.12529891487392147,0.14631760940089858,0.16467503627752947,0.9999854128923323
LYSMD3,4,-0.7589505958550145,0.08486240060500871,1.3553885951586617,3,0.7160243829295818,0,0.08486240060500871,0.11697474671588508,0.13417923681073932,0.1494156745893129,0.9999854128923323
LYST,2,-0.6004014658473152,0.10437895262435086,0.011803566128592763,1,0.9134846873313658,0,0.10437895262435086,0.11901031667987204,0.12783758690789934,0.1360935038002403,0.9999854128923323
LZTFL1,4,-0.8059575126324368,0.08657865868774252,0.461731566505973,3,0.9272146899007574,0,0.08657865868774252,0.11934044522424224,0.13689287910779557,0.1524374587643165,0.9999854128923323
LZTR1,2,0.6003688769703003,0.09946061006584664,0.04438665758183806,1,0.8331358797229146,0,0.09946061006584664,0.1134025433624463,0.12181387208362432,0.12968076967283804,0.9999854128923323
MACROD1,5,0.7931571557859602,0.07469731678335019,2.460026050530987,4,0.6518077653922552,0,0.07469731678335019,0.11079402554375743,0.12937954785782993,0.14561187695927225,0.9999854128923323
MAD2L2,2,0.6942968604771027,0.10077319202741852,0.01664954153197671,1,0.8973314557873435,0,0.10077319202741852,0.11489911705845898,0.1234214501093406,0.13139216716901905,0.9999854128923323
MADCAM1,3,1.3884551816998898,0.20627053911896168,0.12240483869977249,2,0.9406328182206104,0,0.20627053911896168,0.26091388712271213,0.29171059394004567,0.31955294512838567,0.9999854128923323
MAEA,2,0.6356100526055813,0.10203356727239989,0.042601511409716575,1,0.8364774274988642,0,0.10203356727239989,0.11633616593919004,0.12496508822666044,0.13303549543472712,0.9999854128923323
MAF1,5,0.8855722440983563,0.0833839514028254,2.144245052955755,4,0.7092486778632607,0,0.0833839514028254,0.1236783868483384,0.14442524036554774,0.1625452451961768,0.9999854128923323
MAFB,2,0.6637270667675397,0.16233429826629306,0.16682196369714208,1,0.6829518130224891,0,0.16233429826629306,0.18508957753394095,0.19881809925259494,0.21165802954090038,0.9999854128923323
MAGOHB,5,-0.8678786537124551,0.07863945731530587,1.6566099778298984,4,0.7985835470166388,0,0.07863945731530587,0.11664116487355908,0.1362075355497538,0.15329652356793383,0.9999854128923323
MAK16,3,-0.8041196582170106,0.08812247676271721,2.1039092731957885,2,0.34925441603124335,4.9388666383865845,0.08812247676271721,0.11146709585017911,0.1246240017877426,0.13651875397142155,0.9999854128923323
MAL,2,0.6901266820746392,0.17079458923340093,0.04084832919498939,1,0.8398309680166712,0,0.17079458923340093,0.19473579338382557,0.20917979722504088,0.22268889938519715,0.9999854128923323
MALT1,4,-0.7479797559706839,0.0857063116767128,1.7050225965383172,3,0.6358177353274385,0,0.0857063116767128,0.11813799785136486,0.1355135773753486,0.15090153335801493,0.9999854128923323
MAML3,2,0.665923720443383,0.122302174147279,0.16858665886726715,1,0.6813709552256543,0,0.122302174147279,0.13944593339892264,0.14978896054692092,0.15946252557249088,0.9999854128923323
MAMSTR,3,0.7108725545173336,0.1250114849371043,0.49250660149376346,2,0.7817241885243432,0,0.1250114849371043,0.1581284104324323,0.17679293745045277,0.1936669596984257,0.9999854128923323
MAN2A1,3,-0.8948825690793935,0.15842618511323833,0.28573263014825473,2,0.8668699485944509,0,0.15842618511323833,0.20039503438771755,0.2240484596221722,0.2454327906186982,0.9999854128923323
MAN2B2,3,0.6790247327030535,0.0727520735237696,1.3293293889170088,2,0.5144459953833845,0,0.0727520735237696,0.09202490273405761,0.10288696906807954,0.11270702766384688,0.9999854128923323
MANEA,5,-1.0695427535741135,0.10173798458806498,1.3296105860325653,4,0.8563320085755408,0,0.10173798458806498,0.15090181747643389,0.17621535836618793,0.19832384256704264,0.9999854128923323
MAP1LC3A,3,0.6557920659991128,0.09693357867995511,0.36667439837550986,2,0.8324873943303076,0,0.09693357867995511,0.12261235615191839,0.13708478161855203,0.150168854366301,0.9999854128923323
MAP1LC3B,2,-0.638669721992032,0.10612163413640772,0.3117860553422119,1,0.5765862529586905,0,0.10612163413640772,0.12099727931369388,0.12997192715225994,0.13836568250122094,0.9999854128923323
MAP1LC3B2,2,0.7012544136700087,0.18146742804046928,0.14534325795556705,1,0.7030258319457351,0,0.18146742804046928,0.2069047019076893,0.22225130181718697,0.23660457866947318,0.9999854128923323
MAP1S,5,0.6969632281789986,0.11645612532140628,1.6249675139413324,4,0.8042978558489476,0,0.11645612532140628,0.17273234808432725,0.20170792590928413,0.22701478074020934,0.9999854128923323
MAP2K2,4,0.7097199983358653,0.06583164968896567,0.6730402811705705,3,0.8795260706343156,0,0.06583164968896567,0.09074266687432278,0.10408897757172339,0.11590857997745097,0.9999854128923323
MAP2K3,2,0.673026243780041,0.13560317567062527,0.05091022324780439,1,0.8214869196431624,0,0.13560317567062527,0.15461140846504826,0.166079293947011,0.17680490979701152,0.9999854128923323
MAP2K4,2,-0.7881097457294567,0.18657603188027597,9.314134122817603e-4,1,0.9756530876962719,0,0.18657603188027597,0.21272940646240399,0.2285080381699616,0.24326538315741222,0.9999854128923323
MAP2K6,3,-0.7393576275629431,0.12053246682156053,1.2834749534741434,2,0.5263770611637707,0,0.12053246682156053,0.1524628508619229,0.17045864928533602,0.1867280946708808,0.9999854128923323
MAP3K10,4,0.9497964251399299,0.10700904481876382,1.3439759617521458,3,0.7187179718407654,0,0.10700904481876382,0.14750178906964478,0.16919615593316686,0.1884088654665035,0.9999854128923323
MAP3K11,2,0.654685011106084,0.1380946318452624,0.05727839811858845,1,0.8108504347924053,0,0.1380946318452624,0.15745210556808104,0.16913069211919474,0.1800533712142418,0.9999854128923323
MAP3K2,5,-0.8743080710023388,0.05417952661436504,1.2933928250520654,4,0.8624955358894157,0,0.05417952661436504,0.08036122466180264,0.09384169282611043,0.10561534072186397,0.9999854128923323
MAP4K1,3,0.7113950859577821,0.16045799272492262,0.22496218988509503,2,0.8936142407773895,0,0.16045799272492262,0.20296509031579327,0.226921869502749,0.24858045343579846,0.9999854128923323
MAP4K5,3,-0.7698319649013224,0.08856340706330357,0.2305500687776086,2,0.8911210212743631,0,0.08856340706330357,0.11202483346587333,0.1252475713988931,0.1372018402558252,0.9999854128923323
MAP7D1,3,0.62706559086356,0.06440374552083042,0.5220528981797011,2,0.7702605466552503,0,0.06440374552083042,0.08146501027667655,0.09108065038318386,0.0997738535342227,0.9999854128923323
MAP9,4,-0.8306752542961187,0.10309167718739033,0.5944952582980052,3,0.8976913939747602,0,0.10309167718739033,0.14210207042857356,0.1630022538594873,0.18151162801996512,0.9999854128923323
MAPK11,5,0.9623031983918251,0.0950443700678217,1.7511256244429485,4,0.7814109904989449,0,0.0950443700678217,0.14097358270078791,0.16462167793084578,0.18527558573659497,0.9999854128923323
MAPK3,4,0.8565079327650627,0.07771372432603682,0.7237445059962084,3,0.8676052968191413,0,0.07771372432603682,0.10712097648165914,0.1228761871623551,0.1368291311845985,0.9999854128923323
MAPK6,3,-0.6544385421517107,0.08196376116637666,0.01832763689993029,2,0.990878041371474,0,0.08196376116637666,0.10367686835192379,0.11591426266459909,0.1269777127959596,0.9999854128923323
MAPK8,3,-0.6536206345104746,0.08931882713346687,0.08303400394183748,2,0.9593330246506292,0,0.08931882713346687,0.11298037267064143,0.12631589670740684,0.13837213199627854,0.9999854128923323
MAPK8IP1,4,0.7282278203829268,0.08605227118102034,0.5026221059999301,3,0.9183149699134039,0,0.08605227118102034,0.11861487011872726,0.13606058738124593,0.15151065792140422,0.9999854128923323
MAPK8IP2,2,0.6476271614082786,0.11880023301414651,0.5962239661138915,1,0.4400223917304606,0,0.11880023301414651,0.13545310617878115,0.14549997610420165,0.1548965529608918,0.9999854128923323
MAPK8IP3,4,0.6345193998214426,0.07291953432591478,0.17948044825888199,3,0.9808318348443729,0,0.07291953432591478,0.10051264161281256,0.11529590719436081,0.1283880886513839,0.9999854128923323
MAPKAPK3,5,0.9021773914100876,0.11143210880510063,1.7542984020264663,4,0.7808322370871149,0,0.11143210880510063,0.1652805273468533,0.19300607404497752,0.2172211695863384,0.9999854128923323
MAST3,2,0.5851066322005003,0.09146651995940851,0.0012336850066699784,1,0.9719809816881564,0,0.09146651995940851,0.10428787827705739,0.11202315122432198,0.11925775138297841,0.9999854128923323
MATK,4,0.918399038328129,0.09158940033341949,0.8741987599603299,3,0.8316493504302259,0,0.09158940033341949,0.12624727593705626,0.1448155572912954,0.16125977981396875,0.9999854128923323
MATR3,5,-1.070137291118293,0.09876932205636073,5.242140749819518,4,0.26334226393127813,23.69529566451041,0.09876932205636073,0.14649857936116936,0.17107348403075012,0.1925368539319104,0.9999854128923323
MBD3,3,0.8019641968333486,0.13289182550296175,0.2664457484034515,2,0.8752699952670627,0,0.13289182550296175,0.1680963404028042,0.18793742195480728,0.2058751308080292,0.9999854128923323
MBIP,4,-0.6796573376199935,0.06792266071944918,1.0829179349797342,3,0.7811992800398246,0,0.06792266071944918,0.09362492667285709,0.10739515630615522,0.11959018480439416,0.9999854128923323
MBLAC1,4,0.8995200451075112,0.1376013475416675,0.38464635851549817,3,0.9433956130272261,0,0.1376013475416675,0.18967036828676548,0.21756683367004015,0.24227217260836326,0.9999854128923323
MBNL1,5,-0.7027213218378117,0.05729717769844079,0.8219950539979621,4,0.9354752343496161,0,0.05729717769844079,0.0849854485124056,0.09924162290400183,0.11169276151293539,0.9999854128923323
MBOAT2,3,-0.694536685571474,0.07717310062772803,0.05123399171760441,2,0.9747083354557736,0,0.07717310062772803,0.09761710883239627,0.1091392455581166,0.11955605340255193,0.9999854128923323
MBOAT7,3,0.6876757431334813,0.10389867279635931,0.19528263985916225,2,0.9069741589743602,0,0.10389867279635931,0.13142258076202848,0.14693491218117588,0.16095913177334129,0.9999854128923323
MBTD1,3,-0.621541868070491,0.06615847024301065,0.10020383258425446,2,0.9511324836648157,0,0.06615847024301065,0.08368458099215483,0.0935622058835225,0.10249226138469568,0.9999854128923323
MBTPS2,3,-0.6915333343095486,0.11431560290647598,0.11767273279029894,2,0.9428610402856801,0,0.11431560290647598,0.1445990709119314,0.16166667602119555,0.17709697050737666,0.9999854128923323
MCF2,2,-0.8555492887480622,0.22490584272156713,0.16447414888026918,1,0.6850702413095558,0,0.22490584272156713,0.2564321148323427,0.27545227741924266,0.2932413421629138,0.9999854128923323
MCM2,3,0.8237186358513541,0.14731110874376233,2.129791204161812,2,0.3447638455165586,6.094081143174397,0.14731110874376233,0.18633545131001378,0.20832936787364653,0.22821338835037652,0.9999854128923323
MCM5,3,0.686246197883061,0.13756813444052607,0.5270058518139807,2,0.7683553742995788,0,0.13756813444052607,0.17401145531692633,0.19455072147615726,0.2131196374627922,0.9999854128923323
MCM8,2,-0.6921883915698926,0.14145616282930012,0.22767830544457368,1,0.6332506992152037,0,0.14145616282930012,0.16128484058679016,0.17324770995191885,0.18443627138950217,0.9999854128923323
MCOLN1,4,0.6655203429303941,0.06426499756719349,2.112564534908979,3,0.5493750576062456,0,0.06426499756719349,0.08858318595191546,0.10161188306875561,0.11315020427805374,0.9999854128923323
MCTS1,3,-0.80300869879147585,0.12766592225783302,0.15934368394663406,2,0.923419324134836,0,0.12766592225783302,0.16148603756829538,0.18054687870989666,0.19777919631311924,0.9999854128923323
MDGA1,3,0.8676511662857613,0.127102502633382,1.0099087289747835,2,0.6035331173417771,0,0.127102502633382,0.1607733618516146,0.17975008303569084,0.19690635038414914,0.9999854128923323
MDH2,5,0.678684483639067,0.07222162923527578,0.6622850415538114,4,0.955897194232269,0,0.07222162923527578,0.10712198749404724,0.12509153124089945,0.14078587348065513,0.9999854128923323
MDK,5,1.6453776166435952,0.1487546503692178,3.8589428523987603,4,0.42543231297631534,0,0.1487546503692178,0.2206388026033275,0.25765061230162967,0.28997619699654537,0.9999854128923323
ME2,4,-0.6212234938621408,0.06702717458812212,0.09976156622809992,3,0.991866021354917,0,0.06702717458812212,0.0923905842237538,0.10597926841211214,0.11801351877275106,0.9999854128923323
MEA1,3,0.6473967720248486,0.0814252914571939,0.12119582391542956,2,0.9412016096145238,0,0.0814252914571939,0.10299575205911339,0.11515275149894574,0.12614351910951882,0.9999854128923323
MED11,2,0.6850455932059131,0.13874098212099656,0.014102144214359373,1,0.905471481972691,0,0.13874098212099656,0.15818905826847918,0.16992230630452268,0.1808961088686757,0.9999854128923323
MED15,3,0.6816807363000613,0.07697429070883688,0.2892275789770481,2,0.8653564383340472,0,0.07697429070883688,0.09736563196634453,0.10885808587448643,0.11924805840058142,0.9999854128923323
MED16,5,0.9303336979404108,0.05772877829223393,4.066561174581048,4,0.39707271597898547,1.636792654125159,0.05772877829223393,0.08562561564654925,0.09998917706102844,0.11253410595829523,0.9999854128923323
MED17,2,-0.6321608562754301,0.10118685001482532,0.005167264920564362,1,0.942694469782007,0,0.10118685001482532,0.11537075973009618,0.12392807560792723,0.13193151119830576,0.9999854128923323
MED21,3,-0.6851355323330762,0.10229242917777767,0.22154135915222437,2,0.8951440001955433,0,0.10229242917777767,0.12939082543729696,0.14466334067130251,0.15847074985945384,0.9999854128923323
MED22,3,0.8350020993525318,0.11702450898911623,0.13971417553841642,2,0.9325270799087428,0,0.11702450898911623,0.1480255961873824,0.16549764774246037,0.18129358976517893,0.9999854128923323
MED23,5,-0.7444569505564252,0.05952245630757884,0.3523772150673588,4,0.9861868982534907,0,0.05952245630757884,0.08828607008329678,0.10309591851602513,0.1160306281055696,0.9999854128923323
MED25,4,0.7300449970673761,0.05869578391916912,0.23863096985894622,3,0.9711244082348471,0,0.05869578391916912,0.08090655470839804,0.09280618311682946,0.10334459180163204,0.9999854128923323
MED31,2,-0.6686057595227478,0.1580353793541124,0.23255477175305567,1,0.6296359402501034,0,0.1580353793541124,0.18018805583577865,0.19355302036237337,0.20605292503848852,0.9999854128923323
MED4,5,-0.7520155583863527,0.06166657684387039,0.5673919435240591,4,0.9666173437847602,0,0.06166657684387039,0.09146631477877601,0.10680964422243393,0.12021028848911267,0.9999854128923323
MEF2A,2,-0.7267086858191073,0.11334499057214738,0.3505384918795987,1,0.5538084610735803,0,0.11334499057214738,0.12923317280845592,0.1388186959011655,0.14778378703112294,0.9999854128923323
MEGF8,5,0.9649032250511416,0.0817776089782275,1.4994827766526608,4,0.8267330829746816,0,0.0817776089782275,0.1212957959965263,0.1416429736717908,0.1594139073441973,0.9999854128923323
MEIS3,3,0.6788765256927061,0.1265072508047948,0.1755674377950471,2,0.9159589599154017,0,0.1265072508047948,0.16002042122772833,0.17890826982667546,0.19598419021658206,0.9999854128923323
MEMO1,3,-0.6180844157693361,0.07660110684394764,0.011175283451173211,2,0.9944279401090285,0,0.07660110684394764,0.0968935875667147,0.10833032419150126,0.11866992444306568,0.9999854128923323
MEN1,3,0.7004941353383438,0.07686336408797216,0.6769206375521863,2,0.7128670662653273,0,0.07686336408797216,0.09722531965631313,0.10870121194283133,0.11907621161847737,0.9999854128923323
MEPCE,4,0.691856278160151,0.09089967111193763,0.034133093485098895,3,0.998339880017874,0,0.09089967111193763,0.12529654981559155,0.1437249996369667,0.16004538620529216,0.9999854128923323
MESDC1,5,0.8605933845720176,0.0865120724592811,2.04582397295176,4,0.7273307626382175,0,0.0865120724592811,0.12831814017760618,0.14984330496755505,0.16864307572076484,0.9999854128923323
MESP1,5,1.1365755239049669,0.10860399809880796,3.9851038355973163,4,0.4080255801109209,0,0.10860399809880796,0.16108576127858396,0.18810764261224913,0.21170816689862096,0.9999854128923323
MEST,4,-0.8963886262024402,0.10520593561092584,1.0257436652160676,3,0.7950230832266049,0,0.10520593561092584,0.14501637454702665,0.16634518994977188,0.18523416410610608,0.9999854128923323
METAP1,2,-0.5825817340914845,0.13535638760725224,1.8691003134825598e-5,1,0.9965505090192607,0,0.13535638760725224,0.15433002677998253,0.1657770415320742,0.17648313752974817,0.9999854128923323
METRN,5,1.6478930269145526,0.18719216084853307,0.9597627857858987,4,0.9158346458214088,0,0.18719216084853307,0.2776508440162118,0.32422633336826484,0.3649046989502104,0.9999854128923323
METRNL,5,0.842282569538618,0.11270115881998438,0.9242571343131515,4,0.9210552361105215,0,0.11270115881998438,0.16716283270693924,0.19520413314810223,0.2196950034880081,0.9999854128923323
METTL10,4,-0.8602207821793216,0.11156274277689274,2.340143961689404,3,0.5048740415611354,0,0.11156274277689274,0.15377862853535906,0.17639618459523956,0.19642647806571217,0.9999854128923323
METTL14,4,-0.85448226587791,0.07415840766387974,5.548734170642072,3,0.13575265715347956,45.9336146274087,0.07415840766387974,0.10222031066162994,0.11725473793457322,0.13056935024901803,0.9999854128923323
METTL25,5,-1.0253553029265585,0.08087164174866389,0.5491043211921474,4,0.9685479476089073,0,0.08087164174866389,0.11995202943707672,0.1400737924001942,0.15764785209025872,0.9999854128923323
METTL4,4,-0.8048722874731058,0.07547136888928296,2.32813824014214,3,0.5071518099361187,0,0.07547136888928296,0.10403010281568616,0.11933071191045318,0.13288105703323144,0.9999854128923323
METTL6,2,-0.628762939828579,0.07387455501398853,0.010010214826192769,1,0.9203037878861491,0,0.07387455501398853,0.08422995216708402,0.09047748237971824,0.09632063534609388,0.9999854128923323
METTL7B,2,0.9535435216034116,0.27038818478951915,0.025643655536745327,1,0.8727736553234612,0,0.27038818478951915,0.30828996353417426,0.3311565426058448,0.3525430609236423,0.9999854128923323
METTL8,4,-0.8247479431143508,0.08291792436972625,1.0804559641735687,3,0.7817940628058525,0,0.08291792436972625,0.11429447119344364,0.1311047499309583,0.14599207089266625,0.9999854128923323
MEX3D,4,1.2240793552334737,0.15302662632414854,0.7680675604919066,3,0.8570885977143512,0,0.15302662632414854,0.21093264776199563,0.2419563409178947,0.26943117846468106,0.9999854128923323
MFAP3,2,-0.6964478487158862,0.14878503347338246,0.19288935218694003,1,0.6605226362839187,0,0.14878503347338246,0.16964103878890333,0.18222370668635104,0.1939919496155663,0.9999854128923323
MFHAS1,3,0.6295002599995996,0.09141901537622128,0.1533089034410009,2,0.9262098485360798,0,0.09141901537622128,0.11563692401552565,0.12928601140384666,0.14162572963151393,0.9999854128923323
MFI2,4,0.8880933586329408,0.11580470157305342,1.9292089330716913,3,0.5872288599175406,0,0.11580470157305342,0.15962576522042274,0.18310331036346641,0.20389521723158263,0.9999854128923323
MFN1,4,-0.609320236032796,0.062311939914126126,0.18567083331963252,3,0.9798686793122442,0,0.062311939914126126,0.0858910817613631,0.09852382777609771,0.10971149143627187,0.9999854128923323
MFSD1,4,-0.8231025114142834,0.10369433986675902,0.7106468083023426,3,0.8706969010899024,0,0.10369433986675902,0.1429327836039219,0.16395514722327972,0.18257272516246525,0.9999854128923323
MFSD10,5,0.8619182052861228,0.07966405489619166,4.477950602322074,4,0.34516998040742325,10.673422839328087,0.07966405489619166,0.1181608886794085,0.13798219061716013,0.15529383194935034,0.9999854128923323
MFSD12,5,0.7769704944628937,0.07350480164084265,1.5881008077639271,4,0.8109291866009766,0,0.07350480164084265,0.10902523974461682,0.12731405104221163,0.14328723698985396,0.9999854128923323
MFSD13A,4,0.659156488093114,0.0768921360887971,1.044854462580532,3,0.7904002697818325,0,0.0768921360887971,0.10598849525003351,0.12157714209811495,0.13538257582172117,0.9999854128923323
MFSD3,5,1.269720902125521,0.08504832760772266,1.0550171596058502,4,0.9013419678096314,0,0.08504832760772266,0.1261470557068818,0.14730802451533845,0.16578971171248225,0.9999854128923323
MFSD5,2,0.6967951325067245,0.15954132898607087,0.5581173090974705,1,0.4550198034403886,0,0.15954132898607087,0.18190510259757478,0.19539742445068856,0.20801644313104406,0.9999854128923323
MFSD7,4,0.865163948785766,0.12656810224168025,1.031129917803438,3,0.7937200270952559,0,0.12656810224168025,0.17446208917588601,0.2001217411043864,0.22284613966969968,0.9999854128923323
MFSD8,5,-0.8571039318006357,0.07379941182343795,2.015244812070953,4,0.7329547829207126,0,0.07379941182343795,0.10946221726270607,0.12782433084689385,0.14386153796218257,0.9999854128923323
MGAT1,4,0.8183727890294079,0.10142171351345344,0.9356833955038484,3,0.8168091498340112,0,0.10142171351345344,0.139800184358997,0.16036180944979564,0.17857135356270212,0.9999854128923323
MGAT3,2,0.6556422912913711,0.14821020921696154,0.12435650373550253,1,0.7243567150436282,0,0.14821020921696154,0.16898563829798133,0.18151969362634807,0.1932424704805607,0.9999854128923323
MGAT4A,4,-0.688617854545558,0.07215042283417818,0.5049088502958574,3,0.917811642685407,0,0.07215042283417818,0.09945249458302355,0.1140798351501121,0.12703392813326353,0.9999854128923323
MGAT4B,5,0.8514422154108959,0.07626692018905275,1.292697656257712,4,0.8626132592866737,0,0.07626692018905275,0.11312212362429974,0.13209818070423993,0.14867159727893117,0.9999854128923323
MGAT5B,4,0.8885815501023444,0.11416375446043334,0.6281467515963731,3,0.8899596574385036,0,0.11416375446043334,0.15736387572042707,0.18050874516558826,0.20100603170242565,0.9999854128923323
MGRN1,4,0.7286755100567665,0.07545379457516815,0.5239678009196209,3,0.9135951059312981,0,0.07545379457516815,0.10400587829543184,0.11930292447999416,0.13285011426022256,0.9999854128923323
MIB2,4,0.6007482178272242,0.07382706785824286,0.002157613908883463,3,0.9999733622025798,0,0.07382706785824286,0.10176359025818926,0.11673084370192821,0.1299859663213354,0.9999854128923323
MICU2,4,-0.6528357425716065,0.07241623865510376,0.1480900200880153,3,0.9854991017464725,0,0.07241623865510376,0.09981889640649505,0.11450012686622824,0.12750194518106037,0.9999854128923323
MICU3,5,-0.9641250061416992,0.10995401955665635,0.236452145135718,4,0.9935384594398151,0,0.10995401955665635,0.16308816669723236,0.19044594836855075,0.21433984320076643,0.9999854128923323
MIEF2,2,1.0860678637949785,0.23255159184420365,0.08966180206288649,1,0.7646075452674919,0,0.23255159184420365,0.2651496100884461,0.2848163694451385,0.30321017937688743,0.9999854128923323
MIER3,2,-0.6493349163777667,0.08699349181484707,0.8005328739649846,1,0.3709340967178847,0,0.08699349181484707,0.09918784151085165,0.10654483294468012,0.1134256362152656,0.9999854128923323
MIF,5,1.1525894379759996,0.08140007887548555,0.7699043273681692,4,0.9424366625113957,0,0.08140007887548555,0.12073582836116871,0.14098907235245503,0.15867796569011722,0.9999854128923323
MIF4GD,3,0.6497974427622684,0.11522315000688163,0.184228962314723,2,0.9120007366687027,0,0.11522315000688163,0.14574703728039673,0.1629501414390816,0.17850293642968462,0.9999854128923323
MIOS,2,-0.6716035858263455,0.09878495901064778,0.12445239060653426,1,0.724254800260108,0,0.09878495901064778,0.11263218263336626,0.1209863719189192,0.128799828476012,0.9999854128923323
MIPOL1,2,-0.6381537512664806,0.13060778774116125,0.03594923356662155,1,0.8496203685472525,0,0.13060778774116125,0.1489157899090365,0.15996121819978848,0.17029172079607507,0.9999854128923323
MIS18A,2,-0.6104419678061795,0.14539044670146667,0.019119697611872058,1,0.8900238772821258,0,0.14539044670146667,0.16577061437319834,0.17806620394695347,0.1895659499659378,0.9999854128923323
MIS18BP1,3,-0.6909145589267357,0.12462515252017091,0.3107895275169127,2,0.856077162531767,0,0.12462515252017091,0.1576397342838454,0.17624658090684123,0.1930684560916725,0.9999854128923323
MITD1,4,-1.0484459473705967,0.10506398896956831,1.335888419997614,3,0.7206291673805932,0,0.10506398896956831,0.1448207146045599,0.16612075260332146,0.18498424125425514,0.9999854128923323
MKL1,5,0.7088622281678768,0.05832259938516363,5.079221246370623,4,0.27926506468525214,21.247769963590084,0.05832259938516363,0.0865063946647474,0.10101770536458878,0.11369167637237432,0.9999854128923323
MKLN1,4,-0.6820696337758642,0.06342617236979078,0.7402247590172439,3,0.8637043317851882,0,0.06342617236979078,0.0874269452103674,0.10028558397748916,0.1116733001150923,0.9999854128923323
MLLT1,4,0.8139628189623608,0.11063670372604871,0.20573197128648113,3,0.9766587000674797,0,0.11063670372604871,0.15250217179304174,0.17493198829377576,0.19479601806821664,0.9999854128923323
MLST8,5,1.053330563328125,0.07980053697140893,0.2883820126193394,4,0.990551754097485,0,0.07980053697140893,0.11836332431135689,0.13821858450575888,0.15555988449312944,0.9999854128923323
MLYCD,2,0.6108150444387682,0.15195430130509469,0.003304308537897085,1,0.9541603559520201,0,0.15195430130509469,0.17325456008617884,0.18610525120930696,0.19812416930981225,0.9999854128923323
MMAA,2,-0.972962142218126,0.17746724283001783,0.9242545708447856,1,0.33636033504439816,0,0.17746724283001783,0.20234378903488753,0.21735209549607007,0.23138897526042695,0.9999854128923323
MMD2,2,0.7804177515044356,0.19035151301747336,0.003878719925696922,1,0.9503403569469882,0,0.19035151301747336,0.2170341172729618,0.23313203932977977,0.2481880082994951,0.9999854128923323
MMGT1,2,-0.598847359333429,0.10435413475620746,0.02849751313597503,1,0.8659444683887485,0,0.10435413475620746,0.11898201995651157,0.12780719135117186,0.1360611452591018,0.9999854128923323
MMP15,5,0.8341110502280139,0.09424109198691968,0.9381705270248588,4,0.9190219004859198,0,0.09424109198691968,0.1397821287631274,0.1632303594821171,0.183709708485346,0.9999854128923323
MMP17,3,0.8534840080758728,0.12408193550684352,0.047085609606451646,2,0.976732164945897,0,0.12408193550684352,0.15695261307349795,0.1754783560392818,0.1922269079132751,0.9999854128923323
MMP24,2,0.7544689703898726,0.1471447177206705,0.037584146760263115,1,0.8462805626889643,0,0.1471447177206705,0.16777079107825815,0.18021473838075425,0.191853239535492,0.9999854128923323
MMP24-AS1,4,0.6717524600350714,0.08709097461511027,0.42549064976679074,3,0.9349278165550976,0,0.08709097461511027,0.12004662399617318,0.1377029217138273,0.153339484035164,0.9999854128923323
MMP28,5,1.172496814558743,0.14319523184235708,1.0146978580310153,4,0.9075591849962457,0,0.14319523184235708,0.21239285234972027,0.2480214169525672,0.2791388951849389,0.9999854128923323
MMS22L,3,-0.9075618725015066,0.12496621202454881,3.5751368447829712,2,0.1673666402592383,44.05808541514975,0.12496621202454881,0.15807114422443833,0.1767289118835087,0.19359682320388105,0.9999854128923323
MN1,3,0.7349404835203084,0.12716033764631662,0.6484629986978709,2,0.7230828297983136,0,0.12716033764631662,0.16084651799936608,0.17983187409536303,0.19699594800091855,0.9999854128923323
MNAT1,3,-0.6360508863796578,0.07057662653636088,0.2991590723382331,2,0.8610699490909716,0,0.07057662653636088,0.08927315577039233,0.09981042243426243,0.10933683968273045,0.9999854128923323
MOB1A,4,-0.7929383274890928,0.07623395048041488,2.7369152535332204,3,0.4339903419966317,0,0.07623395048041488,0.10508124899864704,0.12053645927529924,0.13422372047494466,0.9999854128923323
MOB1B,5,-0.8188754264857626,0.07992709414676717,2.1933106775008544,4,0.7002541351981149,0,0.07992709414676717,0.11855103893784147,0.13843778796354175,0.15580658984534476,0.9999854128923323
MOB2,2,0.675786893799827,0.1301452678823951,0.32643110058611713,1,0.5677681809723097,0,0.1301452678823951,0.14838843613245103,0.15939474937484788,0.16968866868093066,0.9999854128923323
MOB4,2,-1.4438228385778697,0.23122462872059668,1.0637950231298607,1,0.3023512213682543,5.996928143371571,0.23122462872059668,0.2636366393448967,0.2831911781649751,0.3014800311394807,0.9999854128923323
MON2,3,-0.612200410101124,0.08277523992702833,0.009644823287350779,2,0.9951891975144783,0,0.08277523992702833,0.10470331681452774,0.1170618669334904,0.1282348502862816,0.9999854128923323
MORC3,2,-0.6265884178349646,0.08954615287823933,0.045526499307564236,1,0.8310388490306311,0,0.08954615287823933,0.10209832292393893,0.10967119149047079,0.11675389904409239,0.9999854128923323
MORF4L2,5,-0.6916266584867413,0.10042121686248716,0.24162571670453561,4,0.9932641185402843,0,0.10042121686248716,0.14894873531357655,0.17393464976372022,0.19575698972282488,0.9999854128923323
MOSPD1,3,-0.8070433044629857,0.1563085784476534,0.19388152664213007,2,0.9076097683293548,0,0.1563085784476534,0.19771645028707638,0.22105371155593032,0.24215220847884686,0.9999854128923323
MOSPD2,4,-0.8857389003379084,0.09434179532846033,4.2627756890698505,3,0.23445151941735268,29.623320136401354,0.09434179532846033,0.13004119061672148,0.14916747589368384,0.16610587127483184,0.9999854128923323
MOSPD3,5,1.050929427293836,0.10232636561166787,0.6147999850763587,4,0.9614049584075359,0,0.10232636561166787,0.1517745275678498,0.1772344641932775,0.19947080833373176,0.9999854128923323
MPG,5,0.91001125942694,0.07701921301524396,0.4331480051066502,4,0.9796741243280642,0,0.07701921301524396,0.11423795420819018,0.1334011901013727,0.15013808597172335,0.9999854128923323
MPHOSPH10,2,-0.6756562463248094,0.10592399522091364,1.1433635198001162,1,0.28494271913461017,12.538752314327741,0.10592399522091364,0.12077193627920428,0.12972986990412116,0.1381079928825708,0.9999854128923323
MPHOSPH6,5,-0.7719417066756482,0.08860157523490884,0.2704743435659258,4,0.9916395637108222,0,0.08860157523490884,0.1314173736422847,0.1534624299374985,0.17271626648815508,0.9999854128923323
MPHOSPH9,5,-0.667609263407168,0.06876253545116454,0.4043080970211543,4,0.9821226694548373,0,0.06876253545116454,0.10199132227635767,0.11910020505867308,0.13404285833402727,0.9999854128923323
MPLKIP,5,-0.8186102299958943,0.087467262249576,0.7495328510693684,4,0.9450829465772491,0,0.087467262249576,0.12973491559314104,0.1514977422152169,0.170505083410018,0.9999854128923323
MPND,3,0.6128816753554078,0.07825198089717013,0.0855371302268382,2,0.9581331098368007,0,0.07825198089717013,0.09898179642201756,0.11066501266733836,0.12122744752899234,0.9999854128923323
MPV17L2,5,0.8750377301072984,0.09455230214246897,1.8767450350694976,4,0.7584155648134766,0,0.09455230214246897,0.1402437280200781,0.16376939128335985,0.184316368762177,0.9999854128923323
MPZL2,3,-1.2217511085384278,0.2110644512686163,1.2522309656128443,2,0.5346646864881512,0,0.2110644512686163,0.2669777596409772,0.2984902095189124,0.3269796418959032,0.9999854128923323
MRE11A,5,-0.6634089160994144,0.05639528443250661,1.8390722111933193,4,0.7653266365372453,0,0.05639528443250661,0.08364772461753703,0.0976794979443996,0.10993464787612968,0.9999854128923323
MRM1,3,0.7008897296098825,0.10478533372286943,0.14369056562394333,2,0.9306748760726026,0,0.10478533372286943,0.13254412797804732,0.14818884008867278,0.1623327409741839,0.9999854128923323
MROH1,4,0.8412717191836169,0.09138795215827902,0.4446084719345289,3,0.9308808151637047,0,0.09138795215827902,0.12596959879034067,0.1444970397593312,0.1609050937012874,0.9999854128923323
MROH6,4,0.7264374721868984,0.12696883935486764,0.7294483798874833,3,0.8662564964847815,0,0.12696883935486764,0.1750144671663807,0.20075536211470285,0.22355171016585573,0.9999854128923323
MRPL12,5,0.9719268107176385,0.06906723729744338,3.1936654702144383,4,0.5259546895642643,0,0.06906723729744338,0.10244326815063536,0.11962796413758808,0.13463683158045997,0.9999854128923323
MRPL22,4,-0.6881455080455556,0.10423220121070557,0.8198661959231417,3,0.8447096377481286,0,0.10423220121070557,0.1436741743026043,0.16480558067939488,0.18351972778044853,0.9999854128923323
MRPL23,2,0.6947378551497493,0.16859982716924757,0.0023171801146607517,1,0.9616069812720748,0,0.16859982716924757,0.19223337961433806,0.20649177364304425,0.21982727975970193,0.9999854128923323
MRPL24,5,1.018038042210442,0.06782386374922418,0.5781558055351295,4,0.9654598679624071,0,0.06782386374922418,0.10059904714519576,0.11747437797928524,0.13221305032680639,0.9999854128923323
MRPL28,2,0.6388991864534246,0.13287969207964073,0.03360577666180285,1,0.8545478964349146,0,0.13287969207964073,0.15150615940394693,0.16274372138663354,0.17325392164163625,0.9999854128923323
MRPL3,2,-0.6513562384765346,0.14276524099783222,0.10525989098669716,1,0.745606600067423,0,0.14276524099783222,0.16277741934408424,0.17485099672507923,0.18614310049848073,0.9999854128923323
MRPL34,3,1.0092284827209859,0.14087426975952372,0.8795796642149466,2,0.6441717910851866,0,0.14087426975952372,0.1781934224612303,0.19922630288332444,0.2182414802751066,0.9999854128923323
MRPL4,5,0.7845707396432199,0.06102415924207593,1.3706091189971894,4,0.8492868645270909,0,0.06102415924207593,0.09051345548947366,0.10569694429644938,0.11895798603947746,0.9999854128923323
MRPL41,4,0.78228334128414,0.09678438252286191,1.1706607126794197,3,0.7600493387014596,0,0.09678438252286191,0.13340806471360772,0.1530295453526186,0.17040648981487805,0.9999854128923323
MRPL42,5,-0.8410407589789985,0.07908858458232666,2.869514679660267,4,0.5798938303246134,0,0.07908858458232666,0.11730732826519767,0.13698544679529834,0.15417203378919336,0.9999854128923323
MRPL43,2,0.6553740015123393,0.10379008834450101,0.5851999133910273,1,0.4442813084044196,0,0.10379008834450101,0.11833890809926853,0.12711637840120754,0.13532571871433327,0.9999854128923323
MRPL50,5,-0.7548100246895936,0.07928648078310252,0.6170238547003961,4,0.9611532925829946,0,0.07928648078310252,0.11760085576615685,0.13732821306966697,0.15455780450330964,0.9999854128923323
MRPL53,4,0.9251519136367871,0.1021956995320408,3.929335639393378,3,0.26919639941969187,23.651215489874804,0.1021956995320408,0.1408670504603614,0.16158558879772636,0.17993409657097734,0.9999854128923323
MRPL54,4,0.8021479634082067,0.10496881656218235,0.7423065907530091,3,0.8632107276714489,0,0.10496881656218235,0.1446895284942337,0.16597027181445093,0.18481667293954235,0.9999854128923323
MRPS10,5,-0.7594727019158617,0.06354679225568559,0.5228909465181194,4,0.9712346237497829,0,0.06354679225568559,0.09425512491727957,0.1100662728448719,0.12387550307769327,0.9999854128923323
MRPS12,4,0.6647775681178346,0.0921744974075014,0.6610287666219669,3,0.8823297898354948,0,0.0921744974075014,0.1270537765964413,0.14574067699449494,0.162289949516934,0.9999854128923323
MRPS16,3,0.6194574937986965,0.09283782355558091,0.07485136576593357,2,0.9632660022130328,0,0.09283782355558091,0.11743159017938691,0.13129250917350294,0.14382373781156302,0.9999854128923323
MRPS18A,4,0.7025462192661396,0.08034632716246883,1.040682131703364,3,0.7914094025619481,0,0.08034632716246883,0.1107497690658861,0.12703869773122753,0.14146430678565272,0.9999854128923323
MRPS18C,2,-0.6581719343186726,0.14711597474482535,0.0871334249975499,1,0.7678535423633618,0,0.14711597474482535,0.16773801904355531,0.18017953556849936,0.19181576328003952,0.9999854128923323
MRPS2,5,1.0239208136489975,0.10414260707908053,1.6462419744767596,4,0.8004580708357605,0,0.10414260707908053,0.15446844901241502,0.1803802866936497,0.20301131474640882,0.9999854128923323
MRPS22,5,-0.6591746424017884,0.07566349068633384,1.2279822905853717,4,0.8734703781607397,0,0.07566349068633384,0.11222709303127316,0.13105301014674475,0.14749529662601285,0.9999854128923323
MRPS24,5,1.0052655331693041,0.08897159298063632,1.3027297869867636,4,0.8609122127856325,0,0.08897159298063632,0.13196619865149725,0.1541033194728006,0.1734375638624622,0.9999854128923323
MRPS26,5,0.7556866721291292,0.06186312804330039,1.8008652454905936,4,0.7723240475543278,0,0.06186312804330039,0.09175784732034592,0.10715008088613528,0.1205934373129266,0.9999854128923323
MRPS30,5,-0.7642980745597819,0.0741847482059442,0.4708781129146683,4,0.9762733712880491,0,0.0741847482059442,0.11003376348209921,0.12849175303939947,0.14461269685695477,0.9999854128923323
MRPS33,2,-0.623749540631248,0.11060733272316836,0.023574323672387116,1,0.877972982742778,0,0.11060733272316836,0.1261117626067203,0.13546576349100353,0.14421431790438577,0.9999854128923323
MRPS34,3,0.6899706732658615,0.09529597548949445,0.08836493987885537,2,0.956779358072447,0,0.09529597548949445,0.1205409337577527,0.13476886097681712,0.1476318904125609,0.9999854128923323
MRPS6,2,-0.6230848888574222,0.16717828358896478,0.018703634697983324,1,0.8912195276793135,0,0.16717828358896478,0.19061257055839217,0.20475074543363325,0.21797381369416594,0.9999854128923323
MSANTD2,5,-0.750204064479318,0.07574983744531429,0.297079570011149,4,0.9900019148951844,0,0.07574983744531429,0.11235516597193644,0.1312025671203678,0.1476636174464375,0.9999854128923323
MSANTD3-TMEFF1,5,-1.1793793234266614,0.13540128140192825,1.3201055867371878,4,0.8579552060381597,0,0.13540128140192825,0.2008325556567589,0.23452189879807062,0.26394568876964025,0.9999854128923323
MSC,2,0.8503704431942992,0.20879919326379245,2.3684243983126505,1,0.12381195844112118,57.777837421686954,0.20879919326379245,0.23806770893990165,0.25572574110053103,0.27224084058593767,0.9999854128923323
MSI1,5,0.9253363972394665,0.104606939871333,1.1219818099120382,4,0.8907690485672823,0,0.104606939871333,0.15515716584269737,0.1811845346814513,0.20391646599313595,0.9999854128923323
MSMO1,5,-1.1806334983829587,0.13099872307137736,1.8646297630573974,4,0.7606391769495515,0,0.13099872307137736,0.1943025063706825,0.22689644408627085,0.25536352264185924,0.9999854128923323
MSRB1,4,0.7533671524257614,0.10731473550614003,0.40657270282183006,3,0.9388814064461621,0,0.10731473550614003,0.14792315460343017,0.1696794953489725,0.18894708946139827,0.9999854128923323
MSX1,2,1.041781787954515,0.24278560235776012,0.0073175157118256385,1,0.9318301258616799,0,0.24278560235776012,0.27681817737620945,0.29735042133538436,0.3165536965678567,0.9999854128923323
MT-ATP6,4,1.7394727151139777,0.27420562213212235,2.9300433218414685,3,0.40253735809982283,0,0.27420562213212235,0.3779663663566404,0.4335571565804913,0.482788817131755,0.9999854128923323
MT-ATP8,5,1.365844303896953,0.21797780821110468,0.3406623583664129,4,0.9870402983077501,0,0.21797780821110468,0.32331333829512465,0.3775486387441377,0.4249169736731696,0.9999854128923323
MT-CO2,5,1.7606392627667105,0.22676173832833174,0.3511009595716519,4,0.9862810262938985,0,0.22676173832833174,0.33634201214435133,0.3927628519973094,0.44204000575152674,0.9999854128923323
MT-CO3,2,1.3779573130205838,0.3799861950496484,0.0014702131979890338,1,0.9694139205110648,0,0.3799861950496484,0.43325092147253685,0.46538614358666086,0.49544138334229415,0.9999854128923323
MT-CYB,3,1.338886084101669,0.30180999974437733,0.01770263093731784,2,0.9911877421021938,0,0.30180999974437733,0.3817628079228275,0.4268237948983188,0.46756204109153526,0.9999854128923323
MT-ND2,4,1.501318796800909,0.265610772605462,0.1326164158757851,3,0.987654691174068,0,0.265610772605462,0.36611918386740383,0.41996750625515794,0.46765602297481246,0.9999854128923323
MT-ND3,2,1.399968205156639,0.3504646327609815,0.04973757094870923,1,0.823520550486608,0,0.3504646327609815,0.3995911616404654,0.42922976157814874,0.45694997536677073,0.9999854128923323
MT-ND4,4,1.379412921238358,0.266627709065572,0.15893113194836755,3,0.983929860628139,0,0.266627709065572,0.3675209340417972,0.4215754239799662,0.4694465243761225,0.9999854128923323
MT-ND4L,4,1.5555685741757501,0.2490911252819092,0.07861734978320323,3,0.9942736681027567,0,0.2490911252819092,0.3433484214598849,0.39384765041259223,0.4385701824703135,0.9999854128923323
MT-ND5,4,1.515320819547908,0.26476460804875346,0.14954739945279846,3,0.9852908947478477,0,0.26476460804875346,0.3649528265172077,0.4186296026179051,0.46616619653633307,0.9999854128923323
MT1E,4,1.000446703494543,0.13838868852693603,1.2559096975270279,3,0.7396284081219933,0,0.13838868852693603,0.1907556429393115,0.21881172907436497,0.24365842946189337,0.9999854128923323
MT1F,5,1.3870349873175165,0.17847102296370035,0.7753676874015584,4,0.9417195316170677,0,0.17847102296370035,0.264715306098762,0.3091208794519208,0.34790407146697305,0.9999854128923323
MT1G,4,1.243220123144477,0.22197086495291601,0.3885007244496961,3,0.9426075971554483,0,0.22197086495291601,0.3059657224054629,0.3509667537244293,0.3908200367850036,0.9999854128923323
MT1M,3,0.9827824856970653,0.16163072351034613,0.19329487629605335,2,0.9078760321707359,0,0.16163072351034613,0.20444849046144786,0.22858036128450737,0.25039724015641046,0.9999854128923323
MT2A,5,1.5823046018227214,0.13430682370462,0.787642273945349,4,0.9400970709623949,0,0.13430682370462,0.19920921255296534,0.23262624245959787,0.26181219795068894,0.9999854128923323
MT3,5,1.7635474296923688,0.08958030939595824,0.5698470308266406,4,0.96635470771493,0,0.08958030939595824,0.13286907100317338,0.15515764723153933,0.1746241706053526,0.9999854128923323
MTA1,4,0.7592235888176521,0.08155986804682608,0.1450204977379227,3,0.9859347690578784,0,0.08155986804682608,0.1124225197371496,0.12895747434537946,0.1436009659961541,0.9999854128923323
MTBP,3,-0.7830967438180261,0.14707420826435316,0.062187438339991546,2,0.9693847188874422,0,0.14707420826435316,0.18603579327252626,0.2079943400027334,0.2278463837057924,0.9999854128923323
MTCH1,5,0.6927546436164113,0.06305269773804908,0.779351292769084,4,0.9411946801007085,0,0.06305269773804908,0.09352226431444395,0.10921047603658424,0.12291233554763314,0.9999854128923323
MTCH2,3,-0.6379243581765132,0.07807636569549714,0.16579120541592773,2,0.9204472344031505,0,0.07807636569549714,0.09875965881040297,0.11041665526737353,0.1209553856284242,0.9999854128923323
MTERF1,5,-1.1479256905061495,0.1015673563842077,1.099511593829689,4,0.8943496894542854,0,0.1015673563842077,0.15064873495097345,0.1759198216479029,0.19799122696455845,0.9999854128923323
MTFR1,2,-0.6605947014077393,0.11191622503353602,0.11350810266136616,1,0.7361850212773762,0,0.11191622503353602,0.12760412945310273,0.13706882263533018,0.14592090468396576,0.9999854128923323
MTHFD2L,3,-0.6767522596790889,0.09192382287864853,0.46004571464943483,2,0.794515441798336,0,0.09192382287864853,0.11627546061057009,0.12999991702016697,0.14240777405149044,0.9999854128923323
MTMR10,2,-0.7212911258270622,0.11049701265438684,0.013272369493847986,1,0.9082820251518017,0,0.11049701265438684,0.12598597837540035,0.13533064955255178,0.14407047813283724,0.9999854128923323
MTMR2,4,-0.6712184665199372,0.07318636529927128,1.0179474212973816,3,0.7969093218991823,0,0.07318636529927128,0.10088044272734394,0.11571780400740393,0.1288578930594745,0.9999854128923323
MTMR6,4,-0.8007547946117811,0.09973418250205408,0.42736484671892677,3,0.9345333135946403,0,0.09973418250205408,0.1374740833858177,0.15769358864070088,0.17560014861609424,0.9999854128923323
MTMR9,5,-0.7154437554325919,0.08521903878424286,0.7056186136113332,4,0.9506342281444617,0,0.08521903878424286,0.1264002613006897,0.1476037049464913,0.1661224890584628,0.9999854128923323
MTRF1,3,-0.7294460910009395,0.09484477700208868,0.20345414165469994,2,0.9032760484138386,0,0.09484477700208868,0.11997020779894269,0.13413076995660564,0.14693289672153828,0.9999854128923323
MTRF1L,4,-0.7295343591452665,0.08369039287302515,0.37856329601988,3,0.9446343325409335,0,0.08369039287302515,0.11535924554433627,0.13232612987654122,0.14735214203956462,0.9999854128923323
MTSS1L,4,0.888641450903996,0.15405664295877466,0.1679418886898673,3,0.9825906829459236,0,0.15405664295877466,0.21235242771271068,0.2435849402145347,0.2712447098897135,0.9999854128923323
MTX3,4,-0.8099642128484457,0.09111170404004276,1.4286893322022602,3,0.6988237860695541,0,0.09111170404004276,0.1255888170373965,0.14406025313285015,0.160418708698671,0.9999854128923323
MURC,3,-0.6972889903614541,0.1125144267967513,0.5449406801413821,2,0.761496014758227,0,0.1125144267967513,0.14232074332240685,0.1591194283386005,0.17430660047675653,0.9999854128923323
MVB12A,3,0.6863464429742439,0.0953191790933829,0.12276246251031864,2,0.9404646369110803,0,0.0953191790933829,0.12057028425303744,0.1348016758281321,0.14766783728113367,0.9999854128923323
MVD,3,0.6587534400002518,0.08610214091111626,0.36712635450323694,2,0.8322992916950812,0,0.08610214091111626,0.10891155067835713,0.12176681542585994,0.13338886312862303,0.9999854128923323
MXD1,2,-0.9091045309780961,0.19472244270952727,0.06089625521591535,1,0.8050849395813334,0,0.19472244270952727,0.2220177438926778,0.238485313053336,0.253887003371777,0.9999854128923323
MXD4,4,0.6618289126424775,0.1077574706849105,0.1724122223012099,3,0.9819150000411606,0,0.1077574706849105,0.14853342293227392,0.17037952113157076,0.18972660518248083,0.9999854128923323
MXRA8,3,1.042594672808718,0.1731316558167385,2.3437429530806693,2,0.30978663999548955,14.666410095392315,0.1731316558167385,0.21899614698289321,0.24484513573214237,0.2682144078718171,0.9999854128923323
MYBBP1A,4,0.6952389397217762,0.0683480464122807,0.4339133625552804,3,0.9331510342025142,0,0.0683480464122807,0.09421128038570023,0.10806775014285341,0.12033915360331963,0.9999854128923323
MYCN,4,0.6390694878541164,0.10438856151423383,0.14151345286074668,3,0.9864277282561519,0,0.10438856151423383,0.1438897021072768,0.16505280802678715,0.18379502850331406,0.9999854128923323
MYDGF,2,0.5836480420392829,0.12496109183940808,3.2979367892947253e-4,1,0.9855110352966774,0,0.12496109183940808,0.14247756600884953,0.1530454563538084,0.16292933009524366,0.9999854128923323
MYEF2,5,-0.735263917132933,0.06761828485342906,0.8112316432637504,4,0.936935994854392,0,0.06761828485342906,0.10029412436600084,0.11711830488680419,0.1318123032830168,0.9999854128923323
MYEOV2,5,0.8211759623015804,0.07245543128095541,3.086874138567045,4,0.5433939443305316,0,0.07245543128095541,0.10746877196953707,0.1254964882629301,0.14124163757198213,0.9999854128923323
MYH14,5,0.847296146576765,0.07460011228540807,0.7791928410211305,4,0.941215587950559,0,0.07460011228540807,0.11064984797364198,0.12921118472866996,0.1454223905091058,0.9999854128923323
MYH7B,2,0.884113668172391,0.2174296574411695,0.4169846773794117,1,0.5184454791968266,0,0.2174296574411695,0.2479079521021454,0.2662958578395024,0.28349358915057205,0.9999854128923323
MYL3,4,1.0200452134159956,0.1451924205240997,2.0329911558203544,3,0.5655875800917726,0,0.1451924205240997,0.2001339402938175,0.2295693739245667,0.25563763578688037,0.9999854128923323
MYLK,3,0.7075968415132661,0.11751466384712428,0.40787958612487335,2,0.8155114691573644,0,0.11751466384712428,0.1486455984903831,0.1661908313903184,0.18205293440603007,0.9999854128923323
MYO18A,2,0.6501948934766851,0.12245740214487297,0.026165137321996892,1,0.8714976778747553,0,0.12245740214487297,0.13962292054706663,0.14997907524087054,0.15966491811954478,0.9999854128923323
MYO1B,5,-0.9022233925683453,0.08782804723145805,0.8310314075798185,4,0.9342401217593389,0,0.08782804723145805,0.13027004620050114,0.1521226401344444,0.17120838281423797,0.9999854128923323
MYO1F,3,0.6755203135809043,0.13742370679915983,0.49026588153797435,2,0.7826004918148238,0,0.13742370679915983,0.17382876719540502,0.19434646994695556,0.2128958911228948,0.9999854128923323
MYO9A,3,-0.6442716195232773,0.0646079871382878,0.2877229115680551,2,0.8660077201089049,0,0.0646079871382878,0.0817233577583414,0.0913694916485931,0.10009026328742866,0.9999854128923323
MYO9B,2,0.7111694750283338,0.18655830007130553,0.10448059142433376,1,0.7465175969394112,0,0.18655830007130553,0.21270918908957334,0.22848632122786455,0.2432422637070745,0.9999854128923323
MYPOP,3,0.6495058700499478,0.10396261301737857,0.18177385753618683,2,0.9131209527733227,0,0.10396261301737857,0.13150345945503464,0.14702533730892245,0.16105818753780543,0.9999854128923323
MYSM1,5,-0.7339959164014898,0.07917071480002358,0.6327580646735995,4,0.9593548780845826,0,0.07917071480002358,0.11742914706444342,0.1371277005051861,0.15433213505747062,0.9999854128923323
MZT1,3,-0.8637879742761196,0.14996342271798005,1.1239723518464004,2,0.5700756680933591,0,0.14996342271798005,0.1896903926013822,0.21208030626765692,0.2323223354907999,0.9999854128923323
MZT2A,5,1.3840507506791688,0.07480253389706076,2.96701139921878,4,0.5633610560302018,0,0.07480253389706076,0.11095008774366082,0.1295617892446024,0.14581698287305053,0.9999854128923323
MZT2B,5,1.4547997629967249,0.07433695361706034,1.6434700550201244,4,0.8009588802770911,0,0.07433695361706034,0.11025952059002868,0.12875538054463953,0.144909399825018,0.9999854128923323
N4BP2,3,-0.6608774641291937,0.10664853627099592,0.32583706538122237,2,0.8496604051422029,0,0.10664853627099592,0.13490091349577102,0.1508238064016814,0.16521920194998596,0.9999854128923323
N4BP2L1,4,-0.656909226070794,0.07353307432232668,0.8981562036357602,3,0.825872736658085,0,0.07353307432232668,0.10135834813500245,0.11626599910649739,0.12946833728679663,0.9999854128923323
N4BP2L2,5,-0.9205177795821692,0.06570786216215246,1.500621248410446,4,0.826531415238783,0,0.06570786216215246,0.0974605095914491,0.11380935572158064,0.1280882038663109,0.9999854128923323
N6AMT1,5,-0.7307588513620631,0.07577895197091528,1.3709027596502037,4,0.8492361583982976,0,0.07577895197091528,0.11239834979207936,0.13125299495794696,0.14772037210513342,0.9999854128923323
NAA15,4,-0.6475894335822405,0.05586710385486157,1.4968829843472338,3,0.6829899225808035,0,0.05586710385486157,0.07700748831734994,0.08833364722926776,0.09836418661638316,0.9999854128923323
NAA16,5,-0.7848073474899178,0.06466143454892667,1.7267798971382717,4,0.785847467818925,0,0.06466143454892667,0.09590840661503705,0.11199688992903054,0.12604834091774267,0.9999854128923323
NAA25,5,-0.6566834622160476,0.0799382281215517,0.3751889273614888,4,0.9844573911199863,0,0.0799382281215517,0.11856755329123195,0.13845707257355874,0.1558282939578378,0.9999854128923323
NAA38,5,1.5350696019777665,0.0803166658941162,2.2311305058324398,4,0.6933341500053278,0,0.0803166658941162,0.11912886721850248,0.13911254602314366,0.15656600498613654,0.9999854128923323
NAA50,3,-0.6912841909873105,0.08883816989363463,0.023948360347812607,2,0.9880972250310832,0,0.08883816989363463,0.11237238400995356,0.12563614471998327,0.13762750100223684,0.9999854128923323
NAA60,3,0.7333164018930937,0.10693549038214854,0.9596283941300813,2,0.6188983742581503,0,0.10693549038214854,0.13526388492584757,0.15122962079745214,0.1656637493474339,0.9999854128923323
NAALAD2,3,-0.6781470437189289,0.12528726802530063,0.2653822994332884,2,0.8757355215094859,0,0.12528726802530063,0.1584772515119745,0.17718295363405318,0.19409420102152575,0.9999854128923323
NABP1,4,-1.2650102951316577,0.22834915523310526,0.07725771477007597,3,0.9944193079544311,0,0.22834915523310526,0.31475758882317406,0.3610517161559851,0.40205017567038276,0.9999854128923323
NACAD,2,0.6690074863657504,0.09420695058358426,0.0526750106709677,1,0.8184722603856349,0,0.09420695058358426,0.10741244992893167,0.11537947957668568,0.12283083576626191,0.9999854128923323
NACC1,5,0.7575066751048,0.0807253048285329,0.9729787829980554,4,0.9138652341437002,0,0.0807253048285329,0.1197349767079404,0.1398203294195042,0.15736258891714486,0.9999854128923323
NAE1,5,-0.9169299772877856,0.07574907956678725,1.4696631044401045,4,0.8320013366662665,0,0.07574907956678725,0.11235404185641933,0.131201254436253,0.14766214006920925,0.9999854128923323
NAF1,4,-0.6427141493817866,0.10517193081796684,0.45039470285571326,3,0.9296462099663688,0,0.10517193081796684,0.1449695021746315,0.16629142365121544,0.18517429248990133,0.9999854128923323
NAGLU,5,0.7294667881008137,0.09928907224513256,1.1013784235560171,4,0.894053442139657,0,0.09928907224513256,0.1472694934738968,0.17197371776494644,0.19355003357203732,0.9999854128923323
NAMPT,5,-1.0574205558507446,0.11079547305229141,1.091423229529326,4,0.8956306084441142,0,0.11079547305229141,0.16433624392549037,0.19190338857519712,0.21598013803530156,0.9999854128923323
NANP,2,-0.7148956322614771,0.11929917591471333,0.031063928344295035,1,0.8600978402191033,0,0.11929917591471333,0.13602198861253512,0.1461110538627881,0.15554709491237861,0.9999854128923323
NAP1L1,5,-0.844674790001842,0.07590328808298584,1.9993755642740487,4,0.7358737408739735,0,0.07590328808298584,0.11258277004932517,0.13146835142126875,0.1479627478079304,0.9999854128923323
NAPG,5,-0.8486379604020834,0.1060557535247908,1.7367456091299363,4,0.7840324176114759,0,0.1060557535247908,0.15730610376766882,0.1836939535399397,0.20674072373797683,0.9999854128923323
NAPRT,4,0.9605161040496368,0.16614471758538,0.13024106393806828,3,0.9879763844429257,0,0.16614471758538,0.22901468870991393,0.26269786438761583,0.2925279615057842,0.9999854128923323
NAT14,5,1.0170168948515868,0.09669665634668208,0.7281888930861493,4,0.9478076983124553,0,0.09669665634668208,0.1434243193010946,0.1674835217144809,0.18849648464835533,0.9999854128923323
NAT6,5,0.8061118210192079,0.10531142925783517,2.7716035115150612,4,0.5967443260032149,0,0.10531142925783517,0.15620209246716782,0.1824047460922661,0.2052897686268034,0.9999854128923323
NAT8L,5,0.9950139264815766,0.10023731039563168,1.2855220798807565,4,0.8638270941082884,0,0.10023731039563168,0.1486759579413244,0.17361611441928607,0.1953984900206007,0.9999854128923323
NATD1,3,0.6868659080475097,0.1274238052690036,0.7310884946662991,2,0.6938189389957227,0,0.1274238052690036,0.16117978111032635,0.18020447358061314,0.19740411028689114,0.9999854128923323
NBEAL1,5,-0.8076490438016103,0.048906005047231256,0.32280573288834935,4,0.9882948205333254,0,0.048906005047231256,0.07253932812823387,0.08470768553702449,0.09533535468431044,0.9999854128923323
NBN,5,-0.6943076621512844,0.05762874651824554,0.9884098689941418,4,0.9115483101918974,0,0.05762874651824554,0.0854772445483664,0.0998159169461093,0.11233910813249297,0.9999854128923323
NCAN,3,0.6821130086180472,0.1323541052921867,0.10444662299638545,2,0.9491168944601733,0,0.1323541052921867,0.16741617215882218,0.18717697073996706,0.2050420982395288,0.9999854128923323
NCDN,4,0.8330282561172471,0.10672333069714258,0.14017779927300408,3,0.9866141046183693,0,0.10672333069714258,0.14710795933148602,0.16874440224116813,0.18790581384508603,0.9999854128923323
NCF4,2,0.8948134399067968,0.2195596958339576,1.7030659236995147,1,0.19188750878443217,41.282366931062036,0.2195596958339576,0.2503365695321201,0.2689046114369368,0.28627081943325966,0.9999854128923323
NCKIPSD,4,0.7114711467959404,0.05725561809630549,1.0604388882558655,3,0.7866318360916988,0,0.05725561809630549,0.0789214231170534,0.09052908101253963,0.10080891821227402,0.9999854128923323
NCLN,4,0.6578822389394144,0.0845854659835675,0.06200042811650532,3,0.9959696085506746,0,0.0845854659835675,0.11659301868357635,0.13374136472738396,0.14892808087307607,0.9999854128923323
NCOR2,4,0.9124131429758019,0.08900311515816355,0.1142311039497856,3,0.9900765875646452,0,0.08900311515816355,0.12268232784280264,0.14072628137502713,0.15670615487069323,0.9999854128923323
NDC1,5,-0.7483851256011328,0.07690890349703887,0.773967309190845,4,0.9419036443148684,0,0.07690890349703887,0.1140743387517852,0.13321012841128302,0.14992305313407936,0.9999854128923323
NDFIP1,4,-0.7579814004963012,0.1279455724921654,0.38103897511714047,3,0.9441309368821792,0,0.1279455724921654,0.17636080088461015,0.2022997128047143,0.22527142631296726,0.9999854128923323
NDFIP2,2,-0.7979951158636495,0.15557402946879093,1.1356543949468731,1,0.28657245194588965,11.945042043642086,0.15557402946879093,0.17738168518396452,0.1905384947136256,0.2028437174200019,0.9999854128923323
NDOR1,3,0.6834138344680091,0.09372028807182332,0.4453968561476752,2,0.8003561778579379,0,0.09372028807182332,0.11854782930962877,0.13254050246068597,0.14519084596157333,0.9999854128923323
NDRG2,3,0.740010969873476,0.15577632130854036,0.31392934084372043,2,0.8547342556849356,0,0.15577632130854036,0.19704319234288345,0.22030098629112674,0.24132763926457296,0.9999854128923323
NDST1,2,0.7099723060229288,0.12397916280517682,0.03939901069226545,1,0.8426602681930094,0,0.12397916280517682,0.14135799465482773,0.15184284380506316,0.1616490512709039,0.9999854128923323
NDUFA1,5,1.280421780155857,0.0917803159152435,2.0193465444781,4,0.7322003395872771,0,0.0917803159152435,0.13613220800715817,0.15896817029992416,0.1789127728254951,0.9999854128923323
NDUFA11,5,1.1995958653562617,0.06830041075471241,1.8769440052148445,4,0.7583790386033564,0,0.06830041075471241,0.1013058805814221,0.11829978160498565,0.13314201145843205,0.9999854128923323
NDUFA13,3,0.8277210810309926,0.114945593152771,0.8971722262529591,2,0.6385303233296136,0,0.114945593152771,0.14539595254472448,0.16255761677166874,0.17807294720024616,0.9999854128923323
NDUFA2,5,0.9491403946367793,0.07753763917038044,1.129518450107107,4,0.8895609409965827,0,0.07753763917038044,0.11500690446166896,0.13429913054204165,0.15114868459514041,0.9999854128923323
NDUFA3,5,1.1151532890617224,0.06921884885678448,1.0142145325882186,4,0.9076329969324844,0,0.06921884885678448,0.10266814443403768,0.1198905630613816,0.13493237691829865,0.9999854128923323
NDUFA5,5,-1.0661679463902336,0.09568304367711263,3.1492471682573537,4,0.5331671820478474,0,0.09568304367711263,0.1419208887517822,0.16572789307159108,0.18652058980123806,0.9999854128923323
NDUFA7,5,0.971708903571389,0.11277225461914646,1.2256844755456084,4,0.8738520034294198,0,0.11277225461914646,0.16726828481857617,0.19532727468445565,0.21983359471465064,0.9999854128923323
NDUFAF3,5,0.8634654892754081,0.06536455460326834,5.143762437095057,4,0.2728620809133558,22.235910990885447,0.06536455460326834,0.09695130219168811,0.1132147295869709,0.12741897423161852,0.9999854128923323
NDUFAF4,5,-0.9465662962385943,0.10647238573251298,1.085397210958001,4,0.8965821272361715,0,0.10647238573251298,0.15792406919738572,0.18441558169178413,0.20755288942719521,0.9999854128923323
NDUFAF5,3,-0.9198897239975874,0.18099898726734945,0.08579825615613268,2,0.9580080213035962,0,0.18099898726734945,0.22894762157945606,0.25597122256928073,0.2804024253467411,0.9999854128923323
NDUFB11,5,0.9860656185039056,0.07046295073368031,0.6288696857413787,4,0.9598022100876045,0,0.07046295073368031,0.10451344572548323,0.12204541072195699,0.13735757794591757,0.9999854128923323
NDUFB2,5,0.9551577493356649,0.060045187440673345,1.3096382697456825,4,0.8597381472150696,0,0.060045187440673345,0.08906140565097943,0.10400131539724287,0.11704961867594983,0.9999854128923323
NDUFB5,5,-0.7731727486554838,0.07792326560741601,2.869574083368394,4,0.5798836806325748,0,0.07792326560741601,0.11557888090145443,0.13496705512372903,0.15190040891028184,0.9999854128923323
NDUFB7,5,1.3826012263992058,0.07997902279098838,1.8072782190500387,4,0.7711504915114035,0,0.07997902279098838,0.11862806156438352,0.13852773101370106,0.15590781740851056,0.9999854128923323
NDUFB9,4,0.7202389203532896,0.0901776189347218,0.9151602506614201,3,0.821767835866748,0,0.0901776189347218,0.12430126957436195,0.1425833349022239,0.15877408216041203,0.9999854128923323
NDUFC1,2,0.6271675373368045,0.10514860270941406,4.35862554910129e-4,1,0.9833435174663007,0,0.10514860270941406,0.11988785279278656,0.12878021190234662,0.13709700473738198,0.9999854128923323
NDUFS4,2,-0.593648177748778,0.12174719415870537,0.0065513798275685774,1,0.9354891961655724,0,0.12174719415870537,0.1388131588545292,0.1491092516521904,0.1587389201972212,0.9999854128923323
NDUFS5,4,0.8749391680449518,0.11542618245062582,1.689090631382262,3,0.6393619156816581,0,0.11542618245062582,0.1591040126167087,0.18250481908106675,0.20322876554486077,0.9999854128923323
NDUFS6,5,0.7775549772004524,0.09242415986718416,1.1625088751144212,4,0.8842318670386373,0,0.09242415986718416,0.13708718291561978,0.16008334073683134,0.18016785574343802,0.9999854128923323
NDUFS7,5,0.9074321898351652,0.0502071661848111,1.5223366836281724,4,0.8226775754627634,0,0.0502071661848111,0.07446926198023132,0.0869613627361469,0.09787178468780013,0.9999854128923323
NDUFS8,4,0.7284288347131842,0.057284203631226875,1.0709832681775882,3,0.7840830478944717,0,0.057284203631226875,0.0789608255577495,0.09057427871178256,0.10085924824009934,0.9999854128923323
NECAB1,5,-1.1213719063582006,0.1534330615103991,0.11985866910777858,4,0.9982743964015339,0,0.1534330615103991,0.2275780077287755,0.265753858096852,0.2990960992472567,0.9999854128923323
NECAB2,2,0.7715277701321791,0.15142870051940202,0.25524794239361637,1,0.6134038421924518,0,0.15142870051940202,0.17265528298691926,0.18546152434263047,0.19743886972855945,0.9999854128923323
NEDD1,2,-0.7785074653482359,0.11761529402069883,0.6773320546004085,1,0.4105069381069079,0,0.11761529402069883,0.13410206785821038,0.1440487281490647,0.1533515815336713,0.9999854128923323
NEDD4,2,-0.6329787640844898,0.10633649901634372,0.08674641588735994,1,0.76835489483043,0,0.10633649901634372,0.12124226296951378,0.13023508181200372,0.1386458320296354,0.9999854128923323
NEK5,2,-0.7936382649126653,0.18881726989847894,0.015021321925135691,1,0.9024543409986152,0,0.18881726989847894,0.21528481097255692,0.23125298293832353,0.24618760001319231,0.9999854128923323
NEK8,3,0.9043555342528105,0.18420901906763087,0.18833509175328722,2,0.9101302608932164,0,0.18420901906763087,0.23300802631964007,0.2605108930768877,0.28537538522805556,0.9999854128923323
NELFB,5,0.9422206936619936,0.0780268010556595,1.8857636853028863,4,0.7567597206404147,0,0.0780268010556595,0.11573244878837925,0.13514638378047114,0.1521022366545672,0.9999854128923323
NELFE,2,0.5979668805213466,0.08732738437649155,0.030673270958336378,1,0.8609713078777967,0,0.08732738437649155,0.09956853760426208,0.10695376614715,0.11386097885345599,0.9999854128923323
NEMP1,4,-0.6973290712420596,0.08814421976963328,1.3976366747207711,3,0.7060888012326072,0,0.08814421976963328,0.12149842225195799,0.13936824852524168,0.15519391348977565,0.9999854128923323
NEMP2,4,-0.7905110031972675,0.10251581256513181,0.7810557313701342,3,0.853992678284129,0,0.10251581256513181,0.14130829582579202,0.1620917319443626,0.18049771372584372,0.9999854128923323
NENF,4,0.6671044855640187,0.08871194516385661,0.41469673891321984,3,0.9371900364553309,0,0.08871194516385661,0.12228097770313538,0.14026590119087304,0.15619349719415598,0.9999854128923323
NEU4,4,1.0029330376318542,0.17001724803948665,0.5807073721348662,3,0.9008344243049287,0,0.17001724803948665,0.23435260356724996,0.26882087265928745,0.29934625495544953,0.9999854128923323
NEURL1,4,0.8490628024098035,0.11192552356050188,0.5494903256200581,3,0.9078915756170588,0,0.11192552356050188,0.15427868733611805,0.17696979137901236,0.1970652195475057,0.9999854128923323
NEURL2,3,0.9538412063900915,0.14482729820107443,1.1990843210348539,2,0.5490629612584271,0,0.14482729820107443,0.1831936518735207,0.20481672931781203,0.22436548560359065,0.9999854128923323
NEURL4,2,0.6167168493597537,0.07348316987212557,0.14371694690455744,1,0.7046134722177684,0,0.07348316987212557,0.08378370444658294,0.0899981354344827,0.09581033155445516,0.9999854128923323
NEUROD2,3,0.7282814197010742,0.12771832865132704,0.8775312267160782,2,0.6448319019027047,0,0.12771832865132704,0.16155232699525382,0.18062099254233097,0.19786038394881408,0.9999854128923323
NEUROG2,3,1.0060422389123074,0.1772180442401837,0.8033720812704724,2,0.6691908114346311,0,0.1772180442401837,0.22416506491178578,0.250624161661703,0.2745450135958723,0.9999854128923323
NFAM1,4,0.8353234814888338,0.12693321275664451,0.7765460650043718,3,0.8550682835964944,0,0.12693321275664451,0.17496535928970283,0.20069903151686846,0.22348898306682388,0.9999854128923323
NFATC1,4,0.899281189746508,0.1361353768691083,1.4123895045733943,3,0.7026331496114,0,0.1361353768691083,0.1876496671647964,0.21524893051589214,0.23969106489273193,0.9999854128923323
NFATC2,3,0.7619754975102441,0.12881493206810882,1.084451081922995,2,0.5814527643836003,0,0.12881493206810882,0.16293943279003517,0.1821718239668884,0.19955923465705008,0.9999854128923323
NFIC,5,0.6893852689484742,0.08739416433195553,0.3873054233090457,4,0.9835029907294036,0,0.08739416433195553,0.12962649385992767,0.15137113290797075,0.17036258933600187,0.9999854128923323
NFIX,3,0.7090182490814836,0.10918838368675071,1.02924543741959,2,0.5977260629432891,0,0.10918838368675071,0.13811359459300213,0.15441569306340008,0.16915391664723645,0.9999854128923323
NFKBIL1,5,0.8128095076610502,0.06432729832016507,2.452419068981716,4,0.6531756767985738,0,0.06432729832016507,0.09541280249619191,0.11141814900416598,0.1253969894967648,0.9999854128923323
NFYB,4,-0.7402647966831616,0.09809081907970309,0.5957168793857144,3,0.8974121922476698,0,0.09809081907970309,0.1352088632327089,0.15509520292168166,0.17270670873464594,0.9999854128923323
NHLRC2,3,-0.6398145818097936,0.07832077611608558,0.07450487850644792,2,0.9634328963679213,0,0.07832077611608558,0.09906881625557865,0.11076230379895502,0.12133402462385563,0.9999854128923323
NHLRC3,5,-0.9020799047146832,0.09998273128290325,1.7480004192836747,4,0.7819809385755644,0,0.09998273128290325,0.14829835609519187,0.1731751704614946,0.1949022239693511,0.9999854128923323
NIFK,4,-0.6566151882386283,0.0928972219225626,0.3047139475486018,3,0.9591394897250749,0,0.0928972219225626,0.12804998359143474,0.14688340478871198,0.1635624373347454,0.9999854128923323
NINJ1,5,0.9208454914409735,0.102860247056508,2.7023754819328443,4,0.6087989976905408,0,0.102860247056508,0.15256640172055214,0.1781591739809589,0.200511534863205,0.9999854128923323
NINL,2,0.6322504017644397,0.14738288216808396,0.03224775334828753,1,0.8574849807103675,0,0.14738288216808396,0.1680423403283313,0.18050642906627168,0.1921637679831743,0.9999854128923323
NIP7,2,-0.6711426069344478,0.10866050732262945,0.24725087926947215,1,0.6190175045891615,0,0.10866050732262945,0.12389204012806704,0.13308139906619862,0.1416759681376452,0.9999854128923323
NIPA2,5,-0.7425724632366795,0.07876992051204476,1.3322678266622416,4,0.8558775238719937,0,0.07876992051204476,0.1168346730660144,0.1364335044350234,0.1535508431575699,0.9999854128923323
NIPAL2,2,-0.8589619331402782,0.20270869006316752,0.042381650053728175,1,0.8368939907637164,0,0.20270869006316752,0.23112346686406146,0.24826642854137157,0.264299795963056,0.9999854128923323
NIPSNAP3A,3,-0.6642148666717448,0.11312187760343505,0.01159076528521379,2,0.9942213781932634,0,0.11312187760343505,0.14308911456865775,0.15997849350788712,0.1752476592199271,0.9999854128923323
NISCH,2,0.631889064642389,0.08450158779974606,0.22805274394106828,1,0.632971463529103,0,0.08450158779974606,0.09634663379112761,0.10349288628218506,0.11017659088550946,0.9999854128923323
NIT2,3,-0.6782063881966403,0.10762608832346457,0.19011009553105776,2,0.9093228768979479,0,0.10762608832346457,0.13613742990264036,0.15220627377220822,0.16673361907769071,0.9999854128923323
NKAIN2,5,-0.8043119110459875,0.08476877593170876,2.7559067212379116,4,0.5994677052724544,0,0.08476877593170876,0.12573241356353795,0.14682382680914136,0.16524476517351142,0.9999854128923323
NKAIN4,4,0.8288937736562805,0.12708839149142206,0.2585036740174249,3,0.9676340353642616,0,0.12708839149142206,0.17517925841424897,0.2009443906400286,0.2237622034232291,0.9999854128923323
NKD2,3,0.9023024885175813,0.16472530227011278,1.1719991588134597,2,0.5565492684912925,0,0.16472530227011278,0.2083628573733045,0.2329567565364011,0.25519134095645185,0.9999854128923323
NKIRAS1,5,-0.7708136774489485,0.10290969372718728,1.0245805126075016,4,0.906046156823872,0,0.10290969372718728,0.15263974298540886,0.17824481812684054,0.2006079241692343,0.9999854128923323
NKRF,2,-0.7276238470382448,0.20189203674376405,0.15522799762412343,1,0.6935885369716899,0,0.20189203674376405,0.23019233881845197,0.24726623657672725,0.26323501030624163,0.9999854128923323
NKTR,2,-0.6011249661095861,0.14413158057502917,0.011371695471212265,1,0.9150760501893371,0,0.14413158057502917,0.16433528615234455,0.17652441411483055,0.18792458935007791,0.9999854128923323
NLGN1,2,-0.6347628834440491,0.13361709437779992,0.11982513095101771,1,0.7292242265325628,0,0.13361709437779992,0.15234692738271968,0.16364685106945637,0.17421537660878852,0.9999854128923323
NLGN2,4,0.6462981057687055,0.06808424957428548,0.169803439582451,3,0.9823102082381145,0,0.06808424957428548,0.09384766153814289,0.10765065071904574,0.11987469134179296,0.9999854128923323
NLK,4,-0.6418494258435238,0.059495471641855334,0.2535047244361326,3,0.9685218437978913,0,0.059495471641855334,0.08200884816399351,0.09407060042711023,0.10475258732961738,0.9999854128923323
NLN,5,-0.7081351325186274,0.09492127291406792,0.972740734972808,4,0.9139008301289582,0,0.09492127291406792,0.140791000115701,0.16440846740627713,0.1850356252081811,0.9999854128923323
NLRX1,5,1.0666003830624509,0.09182501539330017,1.3094534039740493,4,0.8597695923132536,0,0.09182501539330017,0.13619850804746572,0.15904559206699012,0.1789999081494828,0.9999854128923323
NMB,3,1.0541758252154911,0.1959787433235,1.0474031580046295,2,0.5923239511398247,0,0.1959787433235,0.2478956807519108,0.27715579674492935,0.3036089636410294,0.9999854128923323
NME1-NME2,2,0.8565944743027041,0.23038493609999094,0.12408476305115922,1,0.7246457788810393,0,0.23038493609999094,0.26267924245424495,0.28216276893434283,0.3003852059091039,0.9999854128923323
NME2,4,0.7208488423728271,0.07045981259842399,1.0979770157518394,3,0.777562462398866,0,0.07045981259842399,0.0971221491919817,0.11140674565982336,0.12405730165272652,0.9999854128923323
NME3,5,0.8496938300953749,0.08694576855497461,1.7012022981249983,4,0.7904992134656961,0,0.08694576855497461,0.1289614154433545,0.15059448864034047,0.1694885050513391,0.9999854128923323
NME4,4,0.6969559026051784,0.07956619598148142,0.19366422908785438,3,0.9786055689392764,0,0.07956619598148142,0.10967443244271048,0.1258052020284089,0.1400907441024812,0.9999854128923323
NME5,5,-1.06840181324749,0.12854815846021087,1.07471447570253,4,0.898263005042584,0,0.12854815846021087,0.19066773165830989,0.22265194167250021,0.25058649278311795,0.9999854128923323
NMI,3,-1.077191812164041,0.17139968228798955,0.3475612816947691,2,0.8404812446922126,0,0.17139968228798955,0.2168053545037069,0.24239575527811438,0.26553124601865036,0.9999854128923323
NMRK1,5,-0.8524088063763513,0.10400030250789633,1.0975336088216898,4,0.8946633289898911,0,0.10400030250789633,0.1542573772233104,0.18013380794620934,0.20273391206847707,0.9999854128923323
NOC3L,4,-0.7791241849470577,0.07455647843385362,0.35223570510173596,3,0.9499227063539537,0,0.07455647843385362,0.10276901335164014,0.11788414308610043,0.131270226163509,0.9999854128923323
NOC4L,5,0.9943961946604545,0.08760703918056327,1.052158510665677,4,0.901786586572489,0,0.08760703918056327,0.12994223828596477,0.15173984296141288,0.17077755881011428,0.9999854128923323
NOL10,2,-0.6544347173134502,0.07852221420446417,0.575135669005167,1,0.4482253248699277,0,0.07852221420446417,0.08952909896030052,0.09616967913722928,0.10238044154071609,0.9999854128923323
NOL11,4,-0.7623548646193589,0.07799059503060526,0.29577782754127613,3,0.9608205913707454,0,0.07799059503060526,0.10750261641063882,0.12331395818426102,0.13731661236356799,0.9999854128923323
NOP10,5,1.3123916763961179,0.10631645606925717,2.201745064975596,4,0.6987098035518199,0,0.10631645606925717,0.1576927881308395,0.18414550359261794,0.20724892655519328,0.9999854128923323
NOP58,3,-0.7711204769977067,0.1263046703828721,0.5840710094024119,2,0.746742022650294,0,0.1263046703828721,0.15976417501067489,0.1786217778465211,0.19567035397643234,0.9999854128923323
NOSIP,5,0.8770697423116909,0.06466016749746965,3.407091332762009,4,0.4921451699657275,0,0.06466016749746965,0.09590652727401733,0.11199469533153118,0.1260458709797475,0.9999854128923323
NOTCH1,5,1.0245248316342428,0.11488475995615247,0.9784409440119993,4,0.9130472364504578,0,0.11488475995615247,0.17040163659543328,0.19898624125941047,0.22395162572907243,0.9999854128923323
NOXA1,4,0.9067531246972435,0.12783025087246383,1.195103438877272,3,0.7541789473271938,0,0.12783025087246383,0.1762018410017965,0.20211737331385593,0.22506838164913973,0.9999854128923323
NPAS1,4,1.1515678013290556,0.14902716399970287,1.7835303998730487,3,0.6185254468928639,0,0.14902716399970287,0.2054197693957649,0.23563263573725488,0.26238939839551906,0.9999854128923323
NPAT,2,-0.6749137164067995,0.08705731915526865,0.3599430836404028,1,0.5485378470849839,0,0.08705731915526865,0.09926061587584976,0.10662300515251602,0.11350885688550441,0.9999854128923323
NPDC1,4,0.7229275601600501,0.07327115086895457,0.9118057865410898,3,0.8225779067404351,0,0.07327115086895457,0.10099731156994275,0.11585186176386099,0.12900717345926702,0.9999854128923323
NPEPL1,4,0.709145626754601,0.10330405785318793,0.08259729032025888,3,0.9938406984104359,0,0.10330405785318793,0.1423948169737091,0.16333805717693903,0.1818855627687307,0.9999854128923323
NPHP3,4,-0.9014182342932664,0.1197354491451266,2.201930298143838,3,0.5315682627552295,0,0.1197354491451266,0.16504392683698443,0.18931836798093046,0.21081601249467297,0.9999854128923323
NPHP4,2,0.6354287250617761,0.09986599340246652,0.02473365370387281,1,0.8750325616270341,0,0.09986599340246652,0.11386475148060497,0.12231036324609712,0.1302093248774623,0.9999854128923323
NPIPB4,2,-0.9514639841767014,0.21887225481841943,0.0467159632236877,1,0.8288795882114511,0,0.21887225481841943,0.24955276617999825,0.26806267157877217,0.2853745060088734,0.9999854128923323
NPM1,3,-0.6487487074484823,0.1078741107286588,0.04671575999255014,2,0.9769128036547166,0,0.1078741107286588,0.13645115618710713,0.15255703042140628,0.16711785373561214,0.9999854128923323
NPM3,3,0.827637008334298,0.15979905593380953,1.2742446309160775,2,0.5288119906688692,0,0.15979905593380953,0.20213159387819327,0.22598999215601026,0.24755963294852473,0.9999854128923323
NPRL3,4,0.7014099580431307,0.0786180628983809,0.6830723551766862,3,0.8771780941663918,0,0.0786180628983809,0.10836752117861778,0.12430607199463121,0.13842138354701813,0.9999854128923323
NPTX1,3,0.765681998101967,0.1404965432838362,0.6919432932122587,2,0.7075325477711096,0,0.1404965432838362,0.177715632062942,0.19869211697853975,0.21765630893520285,0.9999854128923323
NPTXR,4,0.7597434260756253,0.12588457628026123,0.2037811310136984,3,0.9769765980702938,0,0.12588457628026123,0.1735199136583341,0.1990409916654162,0.22164266802741028,0.9999854128923323
NPY1R,2,-1.313989735895543,0.28542125391958467,0.3760608591953978,1,0.5397189741294122,0,0.28542125391958467,0.3254302995200915,0.3495682169241678,0.37214378500970247,0.9999854128923323
NR1D1,5,1.2120667995464278,0.0898488927618392,0.9066529622629066,4,0.9236044094932834,0,0.0898488927618392,0.13326744451351447,0.15562284726731304,0.17514773597168826,0.9999854128923323
NR1D2,4,-0.731952489439252,0.08889498076167182,0.3499613069828708,3,0.9503737833425636,0,0.08889498076167182,0.12253327486350067,0.14055530588186635,0.15651576461914565,0.9999854128923323
NR1H2,5,0.768783707646788,0.06826287077342777,0.24603146630630127,4,0.9930263817523801,0,0.06826287077342777,0.10125019979094035,0.11823476045008548,0.13306883256297417,0.9999854128923323
NR1H3,2,0.7056289166947095,0.13129315032000055,0.28576950429368453,1,0.5929443740017374,0,0.13129315032000055,0.14969722347871167,0.16080061250326563,0.1711853242705561,0.9999854128923323
NR2F1,5,0.9783258010069787,0.09545100370386905,1.095401727374491,4,0.8950010856375404,0,0.09545100370386905,0.14157671785207923,0.16532598804854629,0.18606826062144205,0.9999854128923323
NR2F6,3,0.6846354616398251,0.11479560567091904,0.08294964571759164,2,0.9593734893192152,0,0.11479560567091904,0.14520623171945832,0.1623455024406475,0.17784058759250526,0.9999854128923323
NR3C1,4,-0.6656385916341876,0.05975633286959723,0.9509261499707291,3,0.8131239491065321,0,0.05975633286959723,0.08236842055206596,0.09448305824355638,0.10521188091593328,0.9999854128923323
NRAS,5,-0.8237943497974389,0.0614493130484475,2.0054139081387743,4,0.7347630508070944,0,0.0614493130484475,0.09114406049259283,0.10643333229011624,0.11978676338260075,0.9999854128923323
NRBP2,5,0.6991364626614635,0.09935672204616339,0.45738371046830584,4,0.9775148610366843,0,0.09935672204616339,0.14736983434430825,0.17209089065745375,0.19368190731166027,0.9999854128923323
NREP,2,-0.7336831882916737,0.14667272738185239,0.008344248039786431,1,0.9272169881507305,0,0.14667272738185239,0.16723263929305354,0.1796366706339404,0.19123783942508088,0.9999854128923323
NRG2,2,0.6134706464011596,0.120533608666896,0.0032724347769184634,1,0.9543817368507762,0,0.120533608666896,0.1374294585005113,0.14762291904510164,0.15715659830579665,0.9999854128923323
NRIP1,2,-0.5929055914341985,0.1036597260475529,0.004088266347746378,1,0.949018358518079,0,0.1036597260475529,0.11819027221192882,0.1269567178465975,0.1351557470743709,0.9999854128923323
NRROS,5,0.9746311762561847,0.12652145059899855,0.48672790242463854,4,0.9747800912225694,0,0.12652145059899855,0.18766163810348835,0.21914158068478123,0.24663571183906915,0.9999854128923323
NRXN2,5,0.7620875460078086,0.0645691921083675,1.1106471658059653,4,0.8925792560082609,0,0.0645691921083675,0.09577158896541287,0.11183712133536791,0.125868527298144,0.9999854128923323
NSMCE2,3,-0.6682597883598204,0.08365763747837127,1.1822073073911084,2,0.5537158368535846,0,0.08365763747837127,0.10581947124012736,0.11830976551800439,0.12960185469471575,0.9999854128923323
NSMF,4,0.6676735915747141,0.11174123467966882,0.03048966116496876,3,0.9985969320041933,0,0.11174123467966882,0.15402466264433096,0.17667840507357443,0.1967407454900589,0.9999854128923323
NSRP1,3,-0.7126113968981312,0.12849925194563544,0.8954173419695179,2,0.6390908426197305,0,0.12849925194563544,0.16254012551041244,0.18172538485631498,0.19907018511422284,0.9999854128923323
NSUN3,4,-0.7306546656260565,0.08128023400871381,1.4350932476587805,3,0.6973296874233663,0,0.08128023400871381,0.11203707081574128,0.12851533410950694,0.14310861946642123,0.9999854128923323
NT5C1A,3,0.7378128335256542,0.12085591959549424,0.8242346314704161,2,0.6622465795503313,0,0.12085591959549424,0.15287198985437495,0.17091608058502028,0.18722918555357274,0.9999854128923323
NT5C2,2,-0.7015292639663063,0.07519399749077876,0.04098407454932291,1,0.8395686653546222,0,0.07519399749077876,0.08573434805395219,0.09209346278626329,0.09804097785973737,0.9999854128923323
NT5C3A,5,-0.9069694048276965,0.07105314635200295,0.9045793925589831,4,0.9239029138669483,0,0.07105314635200295,0.10538884729582221,0.12306765951929634,0.1385080810089172,0.9999854128923323
NT5C3B,2,0.5931026114706195,0.09149069797933695,0.005065328044426639,1,0.9432615675671041,0,0.09149069797933695,0.10431544546120736,0.11205276313022974,0.11928927566411252,0.9999854128923323
NT5DC1,3,-0.7313526499803166,0.10282353071222429,0.373391829162677,2,0.8296959964836037,0,0.10282353071222429,0.13006262164436164,0.14541443166431406,0.15929352881867662,0.9999854128923323
NT5DC2,3,0.7693350201436153,0.13347072543158506,0.32618800332982933,2,0.8495113291818918,0,0.13347072543158506,0.1688285973275076,0.18875611008512316,0.20677195872110068,0.9999854128923323
NT5M,5,0.933613873701351,0.11339711427350138,1.184452146826421,4,0.8806517768397597,0,0.11339711427350138,0.168195101463231,0.19640956335339832,0.2210516704237238,0.9999854128923323
NTN1,2,0.7990848696467338,0.16469491434696534,1.2109396780361905,1,0.2711461008869291,17.419503370991723,0.16469491434696534,0.18778109397721734,0.20170925169072282,0.21473589634707613,0.9999854128923323
NTN3,3,1.3729891587186696,0.24011574664246602,0.4176708506628992,2,0.8115287817342312,0,0.24011574664246602,0.3037250645848483,0.33957494544111744,0.37198571516337214,0.9999854128923323
NTNG2,4,0.7844167137443547,0.09861275565220443,0.44542754845526367,3,0.9307063177970462,0,0.09861275565220443,0.13592830314879464,0.15592045710330457,0.17362567289918923,0.9999854128923323
NTSR2,5,1.774073984677151,0.14867615994781874,1.8704518274791009,4,0.7595707234972947,0,0.14867615994781874,0.22052238249444123,0.257514662903859,0.2898231909974625,0.9999854128923323
NUAK2,3,0.822702956400449,0.18274279068164767,1.0287737970114157,2,0.5978670354468696,0,0.18274279068164767,0.2311533778117603,0.2584373330078938,0.28310391397979573,0.9999854128923323
NUBP2,5,0.8349975853497641,0.07530765901916674,1.5072192683441512,4,0.825361899744669,0,0.07530765901916674,0.11169930937693208,0.13043669162026938,0.14680165300976322,0.9999854128923323
NUCB1,2,0.6443336729966986,0.08375458631034727,0.2807408733088101,1,0.5962160328597591,0,0.08375458631034727,0.09549492105040265,0.102578000039122,0.10920262010423375,0.9999854128923323
NUCB2,2,-0.6473378476213282,0.07127375156664187,0.5610678039229914,1,0.45383032784400695,0,0.07127375156664187,0.08126457999090625,0.08729216169608285,0.09292960252821354,0.9999854128923323
NUDC,2,0.6205605315847406,0.0901628486572757,0.0739420080818183,1,0.7856813812255445,0,0.0901628486572757,0.10280146429595856,0.11042648648305442,0.11755797196528682,0.9999854128923323
NUDCD1,5,-0.9223086255702125,0.07124632844464612,1.7902446431205343,4,0.7742666656440627,0,0.07124632844464612,0.10567538264446105,0.12340226071886679,0.13888466223453577,0.9999854128923323
NUDCD2,2,-0.6940690076278588,0.08757930773511242,0.21133774503726788,1,0.6457209077067882,0,0.08757930773511242,0.09985577442677004,0.10726230798860466,0.11418944672654557,0.9999854128923323
NUDT1,3,1.0242348715984795,0.12625118732693816,1.8823166855926945,2,0.3901756163822416,0,0.12625118732693816,0.1596965237014839,0.17854614138346217,0.19558749838245776,0.9999854128923323
NUDT12,3,-0.8543117912686584,0.09679069001495641,0.5164698301323272,2,0.7724137591630588,0,0.09679069001495641,0.12243161469863172,0.13688270653060147,0.14994749219834028,0.9999854128923323
NUDT15,2,-0.691977779758644,0.15479912823991945,0.0030109524589083106,1,0.9562403223278134,0,0.15479912823991945,0.17649816184592615,0.18958943840773024,0.20183336982899122,0.9999854128923323
NUDT16L1,2,0.9646854123308837,0.221184679261314,0.14184762300779738,1,0.7064510902510601,0,0.221184679261314,0.2521893357021852,0.27089480155568785,0.28838953860686695,0.9999854128923323
NUDT21,5,-0.6884558796278315,0.07910807047552967,1.3913314470639868,4,0.8457002449413585,0,0.07910807047552967,0.11733623051553606,0.13701919735235682,0.1542100187879283,0.9999854128923323
NUDT22,3,0.6720477949106318,0.09592663312036064,1.1223164843678668,2,0.570547848412945,0,0.09592663312036064,0.12133865957267384,0.13566074555160215,0.14860890101316224,0.9999854128923323
NUDT5,4,-0.7871054964946672,0.07903411381761123,0.6942171694566367,3,0.8745632792075384,0,0.07903411381761123,0.10894100779402006,0.12496390625831852,0.13915391678101946,0.9999854128923323
NUDT6,2,-0.7236306500290441,0.2049944132638108,0.1970701561906735,1,0.657096197876385,0,0.2049944132638108,0.23372959228601387,0.2510658563087802,0.2672800144005082,0.9999854128923323
NUDT8,2,1.1725307204251791,0.23148635192721362,0.9536762696769832,1,0.32878529651994237,0,0.23148635192721362,0.2639350497132595,0.2835117223200033,0.3018212764510956,0.9999854128923323
NUFIP2,5,-0.8236394278383993,0.06127137629661467,1.1471348908715315,4,0.8867234332061148,0,0.06127137629661467,0.09088013763864457,0.106125136795408,0.11943990079730117,0.9999854128923323
NUMA1,4,0.6668714545608342,0.08119392991012939,0.19312924623853833,3,0.9786907766471047,0,0.08119392991012939,0.11191810882550199,0.12837887534803968,0.14295666542060256,0.9999854128923323
NUMBL,3,0.6274101622670061,0.07723872180554725,0.08139943691283442,2,0.9601173921982661,0,0.07723872180554725,0.09770011378625694,0.10923204791776744,0.11965771329409287,0.9999854128923323
NUP37,3,-0.94753151956998,0.14152182343675054,0.26156099560635077,2,0.8774103467538712,0,0.14152182343675054,0.17901252027213202,0.2001420820760232,0.21924466611817656,0.9999854128923323
NUP58,2,-0.6070519984550068,0.09913297839749412,0.038300012155304944,1,0.8448419403215174,0,0.09913297839749412,0.11302898578570653,0.1214126068781041,0.12925359024076918,0.9999854128923323
NXPE3,4,-0.7331347878904576,0.07240887058852234,0.5782939815141697,3,0.9013829886090454,0,0.07240887058852234,0.09980874022759836,0.1144884769300537,0.12748897236116802,0.9999854128923323
NXPH3,2,0.8612255154581071,0.14158476270525666,0.5096723796361937,1,0.475280714827152,0,0.14158476270525666,0.1614314670050266,0.17340521199045822,0.1846039451136311,0.9999854128923323
NYAP1,4,0.8296304737684392,0.08506583653978002,0.6742290416744159,3,0.8792481385329058,0,0.08506583653978002,0.11725516380016655,0.1345008972666407,0.14977386051397276,0.9999854128923323
OAF,5,1.3260856749383845,0.1425978199955107,0.43885252327303764,4,0.9791741263238659,0,0.1425978199955107,0.21150674738276923,0.24698666928078566,0.277974325102866,0.9999854128923323
OARD1,4,-0.7000147762801168,0.07397048788229178,0.7125268960809209,3,0.870253616159563,0,0.07397048788229178,0.10196128111854089,0.11695761067096357,0.13023848333110782,0.9999854128923323
OBSL1,4,0.8953343857270686,0.06762710159742394,0.7789546919529834,3,0.85449388510721,0,0.06762710159742394,0.09321752653814501,0.10692783630173552,0.11906979927106506,0.9999854128923323
OCEL1,3,0.7814169211991167,0.11112212814343786,0.6450066042683715,2,0.7243335399564225,0,0.11112212814343786,0.1405596093513446,0.15715042070021082,0.17214966067786455,0.9999854128923323
OCIAD1,5,-0.8696290952506492,0.07052300111481433,0.12032430369003679,4,0.9982612314310493,0,0.07052300111481433,0.10460251483462636,0.12214942103309498,0.1374746376889657,0.9999854128923323
ODF2L,5,-0.8959775417080298,0.08246233132304752,1.1084484358697186,4,0.892929461227697,0,0.08246233132304752,0.12231140336007326,0.14282894756209677,0.1607486769198485,0.9999854128923323
OFD1,2,-0.6154746113329196,0.11638343965590632,0.024477509841066926,1,0.8756760425299057,0,0.11638343965590632,0.13269753778417287,0.14254002083348374,0.15174543994610837,0.9999854128923323
OGDHL,3,0.7239812616805783,0.10865971029907465,0.09510866682724928,2,0.9535586616279136,0,0.10865971029907465,0.1374448697756527,0.15366803598848286,0.16833489935681548,0.9999854128923323
OGFOD1,2,-0.6217883627047723,0.1299235066832246,0.046035481996831745,1,0.8301113125517181,0,0.1299235066832246,0.14813558946291633,0.15912314848349018,0.16939952745232806,0.9999854128923323
OGFR,3,0.6280569209555745,0.09377423097580295,0.11869957316586485,2,0.9423770806412801,0,0.09377423097580295,0.11861606228570053,0.13261678924708775,0.145274413949077,0.9999854128923323
OGFRL1,3,-0.7449451204272155,0.1148419418869532,0.5777269306839518,2,0.7491144785097429,0,0.1148419418869532,0.14526484291178693,0.16241103174579205,0.17791237134971588,0.9999854128923323
OGT,3,-0.6803839808511576,0.13085250109856758,0.12992863911770627,2,0.9371008989543755,0,0.13085250109856758,0.16551677640046344,0.1850533817240346,0.20271582302573599,0.9999854128923323
OLA1,3,-0.7725734791468963,0.12189986943130258,0.15823009353054004,2,0.923933622755749,0,0.12189986943130258,0.1541924935520202,0.1723924486012576,0.1888464656849174,0.9999854128923323
OLFM2,2,0.6712057856605499,0.16642388639653824,0.19349840700124285,1,0.660020734891685,0,0.16642388639653824,0.18975242541882364,0.20382680134121664,0.2169902000958969,0.9999854128923323
OLFML2B,2,0.7736390375429503,0.2036193429355971,0.024061820475482686,1,0.8767277163036645,0,0.2036193429355971,0.23216177089000162,0.24938174597649773,0.2654871420423055,0.9999854128923323
OMA1,5,-0.787427730443531,0.07615208669219616,0.13719360808889172,4,0.9977521159889171,0,0.07615208669219616,0.11295179802316858,0.1318992832532735,0.1484477455833799,0.9999854128923323
OPA1,4,-0.6830026568970058,0.08249876556003233,0.43081254856459744,3,0.933806308609227,0,0.08249876556003233,0.11371670064667473,0.13044200166097936,0.14525406565284305,0.9999854128923323
OPLAH,4,0.8307721768985742,0.13905588457372284,0.3087107445034804,3,0.9583819858241049,0,0.13905588457372284,0.1916753092229226,0.21986665865121827,0.24483314932255318,0.9999854128923323
OPRL1,5,0.9108315465064477,0.0858336793573499,1.3624610168614169,4,0.8506925150400326,0,0.0858336793573499,0.12731192059836652,0.14866829364750594,0.16732064411087277,0.9999854128923323
OR9A2,3,-1.3065458350703167,0.17041956570589523,1.3494069865184675,2,0.5093074113021369,0,0.17041956570589523,0.2155655941949399,0.24100966111500985,0.26401285593873314,0.9999854128923323
ORC2,5,-0.7424907327018433,0.0676329933783313,0.8191182886971403,4,0.9358667699521594,0,0.0676329933783313,0.10031594063402632,0.11714378079923925,0.13184097547648432,0.9999854128923323
ORC3,4,-0.6056650068039926,0.07389309318672382,0.039393852507238106,3,0.9979448917199895,0,0.07389309318672382,0.1018545998928547,0.11683523891255852,0.13010221590801493,0.9999854128923323
ORC4,4,-0.7110290180583604,0.09226230430008737,0.4364505581714168,3,0.9326138779444682,0,0.09226230430008737,0.12717481004525877,0.14587951188191167,0.16244454950462928,0.9999854128923323
ORC5,5,-0.8411010632083711,0.08258665171782792,2.3966052866240397,4,0.6632408335968846,0,0.08258665171782792,0.12249580030481037,0.14304427680227344,0.16099102198400653,0.9999854128923323
ORMDL1,4,-0.8253675383008154,0.07887088104390007,0.5504540143317385,3,0.9076750086421465,0,0.07887088104390007,0.1087160069429427,0.12470581258146145,0.13886651582576415,0.9999854128923323
OSBPL8,4,-0.7918558596891369,0.07584381721814944,0.20062137395863508,3,0.9774889244618127,0,0.07584381721814944,0.10454348740795916,0.11991960442542393,0.1335368199849097,0.9999854128923323
OSBPL9,3,-0.6532051496193291,0.0784163383886094,0.3531269383065707,2,0.838145581076623,0,0.0784163383886094,0.09918969403140143,0.1108974492608094,0.12148206905985982,0.9999854128923323
OSGEPL1,2,-0.7059562839640598,0.14088243597059213,0.0011192263106036575,1,0.9733118782192537,0,0.14088243597059213,0.160630691321772,0.17254504092413664,0.18368822308605848,0.9999854128923323
OSMR,3,-0.6892621117715222,0.11372601351106804,0.42986995445877374,2,0.8065938854414313,0,0.11372601351106804,0.1438532927624231,0.16083287070197827,0.17618358254357047,0.9999854128923323
OST4,3,0.6687934538003033,0.08185016968136484,1.5517818981406575,2,0.46029350019038007,0,0.08185016968136484,0.10353318522574849,0.11575362004592528,0.1268017376240709,0.9999854128923323
OSTC,5,-0.8410816752425357,0.08935961069863735,0.4151016015945037,4,0.9812219227194483,0,0.08935961069863735,0.13254172193413835,0.15477538587461528,0.17419394964236182,0.9999854128923323
OTUD5,4,0.7176737059254878,0.053264753465528905,4.639505639603754,3,0.20017916871720604,35.3379382839543,0.053264753465528905,0.0734203958536917,0.08421896997920916,0.09378227594489844,0.9999854128923323
OTX1,4,1.211426374617744,0.1765146780602617,0.10869490798953294,3,0.9907739675837537,0,0.1765146780602617,0.24330869278421574,0.2790942115608896,0.3107861610001727,0.9999854128923323
OXLD1,2,0.6165709273384435,0.12497969924601728,0.05416362104166428,1,0.8159704579365252,0,0.12497969924601728,0.14249878171659017,0.1530682456796229,0.1629535911852279,0.9999854128923323
OXR1,2,-0.7270117839548077,0.18407720413611603,6.258717533660588e-6,1,0.9980039000478071,0,0.18407720413611603,0.2098803044769569,0.22544761170581068,0.24000731038942932,0.9999854128923323
P2RX5,2,0.6614831753536595,0.14993352801344587,0.058283102794884245,1,0.8092304376965084,0,0.14993352801344587,0.17095052403934416,0.18363031948411496,0.195489403289155,0.9999854128923323
P2RY11,3,0.7092866714090249,0.15260937809018493,0.07889032229418728,2,0.9613226703776483,0,0.15260937809018493,0.19303729082671262,0.215822252240463,0.2364214319273429,0.9999854128923323
P4HA1,5,-0.8410915390483487,0.08436852311207663,2.2314937395477914,4,0.6932677507490531,0,0.08436852311207663,0.12513874269245565,0.1461305685896658,0.16446452878973455,0.9999854128923323
PABPC3,2,0.7677859108381262,0.1693411148476656,0.004245855768051279,1,0.9480464244778773,0,0.1693411148476656,0.19307857760819908,0.20739966192541248,0.2207938006429199,0.9999854128923323
PABPC5,3,-0.8121597068058892,0.1443524090069553,1.2595547286852395,2,0.5327103881330013,0,0.1443524090069553,0.1825929592776734,0.20414513457886435,0.2236297904275438,0.9999854128923323
PACS1,5,0.6623883250567043,0.053692958476228306,0.7717666124807198,4,0.9421925651924553,0,0.053692958476228306,0.07963952748381893,0.09299893208951343,0.10466684480643292,0.9999854128923323
PACS2,2,0.6563225381154338,0.11961650648994936,0.023037858723568894,1,0.8793586633769466,0,0.11961650648994936,0.1363838011360518,0.14649970285734418,0.15596084336224322,0.9999854128923323
PACSIN1,4,0.7695007224190717,0.09566421253443468,0.8990623471671089,3,0.8256540803681758,0,0.09566421253443468,0.1318640169404968,0.1512584010876213,0.16843422703086153,0.9999854128923323
PACSIN3,2,0.6535284317751859,0.13247616263328932,5.50658124059107e-4,1,0.9812784746441974,0,0.13247616263328932,0.1510460650459132,0.16224950076675915,0.1727277836141914,0.9999854128923323
PAFAH1B2,5,-0.6820163279820131,0.05840193437330394,0.10619603369793851,4,0.9986392220972303,0,0.05840193437330394,0.08662406746855138,0.10115511759486566,0.11384632873512461,0.9999854128923323
PAG1,4,-0.6575424600091104,0.058170045445074446,0.6109848746370401,3,0.8939130971994177,0,0.058170045445074446,0.08018187423262099,0.09197491760096917,0.10241893369858075,0.9999854128923323
PAICS,2,-0.6158118103168254,0.09374183615112577,0.042031546224408335,1,0.8375596510791274,0,0.09374183615112577,0.10688213788318357,0.11480983306092193,0.12222440074090635,0.9999854128923323
PAIP2,2,-0.7457650399680995,0.14084113747330224,0.022912872054894236,1,0.8796838659070532,0,0.14084113747330224,0.16058360379006853,0.17249446080138464,0.18363437643348576,0.9999854128923323
PAIP2B,3,-1.0201275159818965,0.21500740054164197,0.9794243712261492,2,0.6128027422510105,0,0.21500740054164197,0.2719652398014836,0.3040663818565744,0.3330880326436508,0.9999854128923323
PAK3,2,-0.8516718437610881,0.22227224007765972,0.0052787779832405655,1,0.9420805000684269,0,0.22227224007765972,0.25342934581828336,0.27222678608783374,0.289807544424812,0.9999854128923323
PAK4,5,0.8551335730143665,0.07617654110515396,3.097293849208806,4,0.5416775807222485,0,0.07617654110515396,0.11298806977924468,0.1319416395389857,0.14849541601016442,0.9999854128923323
PALM,4,0.83056271777313,0.11626355597533926,0.5158610206332507,3,0.9153932499388553,0,0.11626355597533926,0.16025825236554467,0.18382882287627564,0.20470311377430392,0.9999854128923323
PALM3,4,1.0398932771451916,0.1564546511676902,0.25223481360302785,3,0.9687463465207083,0,0.1564546511676902,0.2156578539186711,0.2473765241085117,0.2754668390264266,0.9999854128923323
PALMD,2,-0.6230339476099607,0.13806100189977993,0.0019221934648502496,1,0.9650296890093142,0,0.13806100189977993,0.1574137615306945,0.1690895040159399,0.18000952312994656,0.9999854128923323
PAMR1,5,1.049973859593402,0.09344844859609137,7.30821664802256,4,0.12046958266441898,45.26708508179885,0.09344844859609137,0.13860644861995394,0.16185746085691877,0.1821645620615109,0.9999854128923323
PAN3,2,-0.6367014500731422,0.08653938548111807,0.1627930154529211,1,0.6865979658371217,0,0.08653938548111807,0.09867008062875197,0.10598866854137909,0.11283355399465282,0.9999854128923323
PANK1,3,-0.6797672041270829,0.11053312101103029,0.314649287540954,2,0.8544266295046743,0,0.11053312101103029,0.13981456771274767,0.15631743882522556,0.17123717475201977,0.9999854128923323
PANK3,5,-0.8419538400173012,0.059462139755095934,1.2189999965146758,4,0.8749605952983297,0,0.059462139755095934,0.08819660617824267,0.10299144718258735,0.11591304949904185,0.9999854128923323
PANX2,5,1.0357945644833755,0.103714444093955,1.4042128752067233,4,0.8434624687717851,0,0.103714444093955,0.15383338067591137,0.17963868664949192,0.2021766714339932,0.9999854128923323
PAOX,3,0.710135152536771,0.11057544793295791,0.4413992228424643,2,0.8019575429987543,0,0.11057544793295791,0.13986810750460185,0.1563772981322691,0.17130274733750853,0.9999854128923323
PAPLN,3,1.1036930034307177,0.171168199724808,0.1545880952335018,2,0.925617637925816,0,0.171168199724808,0.2165125496483999,0.24206838949781018,0.26517263477379455,0.9999854128923323
PAPOLA,4,-0.8124951941315774,0.0739776878531781,0.23356205479087552,3,0.9719975790393068,0,0.0739776878531781,0.10197120559351194,0.1169689948245074,0.1302511601879883,0.9999854128923323
PAPOLB,3,-0.9548713993041399,0.1564227134764723,1.845502249646015,2,0.39742417220917586,0,0.1564227134764723,0.19786082094782706,0.22121512286162784,0.24232902570518067,0.9999854128923323
PAPOLG,4,-0.6810962003722397,0.08922805958904793,0.28305663034065587,3,0.9631829238452994,0,0.08922805958904793,0.1229923923429848,0.14108194974930963,0.1571022104105564,0.9999854128923323
PAQR3,4,-0.778365976162871,0.11316175176307022,0.8122615913487781,3,0.846532030538008,0,0.11316175176307022,0.15598271031740915,0.17892443979293834,0.19924182390368958,0.9999854128923323
PAQR4,4,0.8742066498625247,0.10738627124498736,1.9571497150093302,3,0.5813479030444184,0,0.10738627124498736,0.148021759814609,0.1697926032834028,0.18907304112669313,0.9999854128923323
PARD6A,4,0.8512090983692385,0.1192039445247294,0.20536583629378993,3,0.9767184551002779,0,0.1192039445247294,0.16431129827703284,0.1884779853872513,0.20988020204342706,0.9999854128923323
PARP11,4,-0.6868444603424333,0.06688971117701831,0.8030835304889008,3,0.8487293522571888,0,0.06688971117701831,0.09220110398772545,0.10576191967510008,0.11777148946230269,0.9999854128923323
PARP3,5,0.7996904787114846,0.08443939394840232,2.1390327735992836,4,0.7102051291466668,0,0.08443939394840232,0.12524386113028319,0.14625332047895678,0.16460268148307677,0.9999854128923323
PARP9,2,-0.6408394781555868,0.14596336346370015,1.6369715741917047e-4,1,0.9897918091288583,0,0.14596336346370015,0.1664238399861243,0.1787678808132332,0.1903129420328045,0.9999854128923323
PAWR,3,-0.7389862484549572,0.10033006516336604,0.17773444988847853,2,0.9149670503108576,0,0.10033006516336604,0.12690860948374008,0.14188813886780866,0.15543066860064864,0.9999854128923323
PAX6,2,0.7813796165659699,0.13208402582852175,1.09497660010113,1,0.295371179724733,8.67384746782335,0.13208402582852175,0.1505989602978403,0.16176923322623618,0.17221649977402956,0.9999854128923323
PAXBP1,4,-0.6603956426441667,0.0757015354273228,0.7931006064670387,3,0.8511165558065001,0,0.0757015354273228,0.10434736549383025,0.11969463716113402,0.1332863070415264,0.9999854128923323
PBRM1,2,-0.6002819641966656,0.08282626352046628,0.0021586000147752267,1,0.9629430281891023,0,0.08282626352046628,0.09443647021882087,0.10144104146321933,0.10799223527131444,0.9999854128923323
PBX4,4,0.7646636397349367,0.11315273246506194,0.8043949527440186,3,0.8484155324008333,0,0.11315273246506194,0.15597027807306357,0.17891017903063736,0.1992259437908643,0.9999854128923323
PBXIP1,5,0.9062149172053637,0.09590131594208906,2.9046332461459143,4,0.5739095434789623,0,0.09590131594208906,0.14224463884004082,0.1661059517244134,0.18694608077681826,0.9999854128923323
PC,5,0.9002489529213369,0.06235486462510401,0.7006935537853184,4,0.9512433642461707,0,0.06235486462510401,0.09248721053915025,0.10800179362975942,0.12155200837985845,0.9999854128923323
PCDH1,4,0.6777103417821595,0.07527374722165088,0.47556369089718353,3,0.9242262133353393,0,0.07527374722165088,0.10375770014557516,0.1190182446180941,0.13253310818224207,0.9999854128923323
PCDH18,4,-0.9420124155733384,0.11341141222282469,0.8976876345662703,3,0.8259857999691997,0,0.11341141222282469,0.15632684351228163,0.1793191876401928,0.199681396502939,0.9999854128923323
PCDH8,4,1.0569853692207525,0.1780680250717607,0.3979420241212999,3,0.9406672956779651,0,0.1780680250717607,0.24544983387775732,0.2815502688373659,0.3135211106355795,0.9999854128923323
PCDH9,5,-0.744763179834218,0.06714177093685213,2.343803808655196,4,0.6728057210406406,0,0.06714177093685213,0.09958734000856126,0.1162929585727793,0.13088340665355383,0.9999854128923323
PCDHA10,3,-0.6836670969605381,0.10446082809909693,0.015536946493636784,2,0.9922616233561631,0,0.10446082809909693,0.1321336572241854,0.1477299198344674,0.16183001902353528,0.9999854128923323
PCDHA9,2,-0.5881727809255138,0.14997240043488283,0.001842325494412404,1,0.9657634569123561,0,0.14997240043488283,0.1709948454189807,0.18367792828290844,0.19554008672582057,0.9999854128923323
PCDHB16,3,-0.625254368941153,0.09721818001808298,0.32527032479394263,2,0.8499012077772475,0,0.09721818001808298,0.1229723515333647,0.137487268690802,0.15060975686345202,0.9999854128923323
PCDHGA8,3,-0.7173341954317549,0.12849844886411482,1.1337564751330982,2,0.5672936332749503,0,0.12849844886411482,0.16253910968371166,0.18172424912753682,0.19906894098568084,0.9999854128923323
PCED1A,3,0.6694537911383378,0.09126329201571785,0.006999780243759019,2,0.9965062273546402,0,0.09126329201571785,0.11543994781389112,0.1290657853154444,0.14138448403877582,0.9999854128923323
PCGF1,2,0.6322817428617685,0.14254287133397459,0.010741327611785003,1,0.9174547444800641,0,0.14254287133397459,0.16252387891806622,0.1745786506197165,0.18585316592898776,0.9999854128923323
PCGF5,3,-0.6645657343039041,0.1004639728104011,0.06602751576460705,2,0.9675252483989721,0,0.1004639728104011,0.12707799074803797,0.14207751287835113,0.15563811743540729,0.9999854128923323
PCIF1,4,0.668695224753971,0.060960672771886,0.5196687148472532,3,0.9145495135608912,0,0.060960672771886,0.08402848854478956,0.09638728682768495,0.10733234012581196,0.9999854128923323
PCMTD1,5,-0.927178320013287,0.10069458470073522,1.0799878784923769,4,0.8974342158736144,0,0.10069458470073522,0.14935420534326374,0.17440813674872116,0.19628988174280265,0.9999854128923323
PCNXL3,5,0.7636626040061171,0.068857705764141,0.1836115068977362,4,0.9960351076182875,0,0.068857705764141,0.10213248266258017,0.11926504487612057,0.1342283794276898,0.9999854128923323
PCNXL4,5,-0.7879955967965571,0.056734722220454344,2.751713956900545,4,0.6001961425025761,0,0.056734722220454344,0.08415119221942524,0.09826742143913386,0.11059633393852636,0.9999854128923323
PCOLCE,3,0.8021458841904286,0.13886090366050008,1.6660079465275188,2,0.4347413713780412,0,0.13886090366050008,0.17564669340655717,0.19637897324006298,0.21512238692657173,0.9999854128923323
PCSK1N,5,2.263448538809028,0.10274342803885947,3.5138577254780565,4,0.47577437774987447,0,0.10274342803885947,0.15239313111616234,0.17795683750710137,0.20028381267508844,0.9999854128923323
PCSK4,3,0.7418707643989337,0.13398265013697475,0.17127384554036496,2,0.9179274492800035,0,0.13398265013697475,0.16947613655132443,0.18948008094639912,0.20756502906449523,0.9999854128923323
PCYOX1,4,-0.678849303088526,0.10748342404986001,0.1799460209702103,3,0.9807598628827005,0,0.10748342404986001,0.1481556757144857,0.16994621535563853,0.18924409629099206,0.9999854128923323
PCYT2,5,0.6845144348623634,0.07233509051007754,1.0201393092070363,4,0.9067269913792309,0,0.07233509051007754,0.10729027776095298,0.12528805193354764,0.14100705022297366,0.9999854128923323
PDCD2,2,-0.6302563875224931,0.1024175709897193,0.0317972114398841,1,0.8584734584955224,0,0.1024175709897193,0.11677399754082436,0.1254353948100427,0.1335361750262382,0.9999854128923323
PDCD2L,2,0.6572902709719954,0.16661599263591403,2.36495535791849e-4,1,0.9877302866344535,0,0.16661599263591403,0.18997146023196815,0.20406208247265448,0.21724067598745553,0.9999854128923323
PDDC1,2,0.593233572929184,0.1578417051806319,2.968386810717706e-4,1,0.9862539214076708,0,0.1578417051806319,0.17996723330269979,0.19331581891168212,0.20580040481097256,0.9999854128923323
PDE1A,2,-1.0953704011462262,0.210558416018225,0.3935560038687948,1,0.5304361127340194,0,0.210558416018225,0.24007353149178084,0.25788034014665767,0.27453458642833445,0.9999854128923323
PDE1C,3,-0.6395094074476805,0.11300888869026546,0.34906465387749785,2,0.839849704020431,0,0.11300888869026546,0.1429461936422726,0.1598187030544849,0.17507261754832235,0.9999854128923323
PDE4A,2,0.7019523840250805,0.13064247740117252,0.02671596853162917,1,0.8701639788274718,0,0.13064247740117252,0.14895534220688642,0.1600037041829776,0.1703369505790713,0.9999854128923323
PDE5A,4,-0.6875126220734102,0.10396105956206617,0.04827703194619336,3,0.9972193367489385,0,0.10396105956206617,0.14330043133224754,0.16437686809027807,0.1830423336453323,0.9999854128923323
PDE7A,4,-0.7371871436434454,0.07607677070572398,1.0286230574305635,3,0.7943264811321703,0,0.07607677070572398,0.10486459163092886,0.12028793623023158,0.1339469769242107,0.9999854128923323
PDE8A,3,-0.7357969046936933,0.11575586544593297,0.06481416295055928,2,0.9681124012282515,0,0.11575586544593297,0.14642087493325226,0.16370351483787354,0.17932821563917,0.9999854128923323
PDE9A,2,0.7167133757078606,0.15001041013143224,0.28295454301346146,1,0.5947712113519328,0,0.15001041013143224,0.1710381831409018,0.18372448046382048,0.19558964530685377,0.9999854128923323
PDK1,4,-0.9162823652028587,0.13755849119961264,0.9630189740737531,3,0.8101992435532333,0,0.13755849119961264,0.18961129489594342,0.21749907184350184,0.2421967162317712,0.9999854128923323
PDK2,2,0.6468821303265531,0.13969830396522792,0.24095844034452926,1,0.6235147341012468,0,0.13969830396522792,0.15928057310918234,0.17109478132351616,0.1821443038425689,0.9999854128923323
PDLIM2,4,0.6998610069665185,0.09399883351078488,2.567209132868789,3,0.4632672304855002,0,0.09399883351078488,0.12956845037522707,0.14862520564652093,0.16550202468339648,0.9999854128923323
PDLIM4,4,0.8114489630152368,0.1122676269430437,0.3236827728275845,3,0.9555145572132188,0,0.1122676269430437,0.1547502443064392,0.17751070432105237,0.19766755470792247,0.9999854128923323
PDLIM7,3,0.65703915514914,0.10755966019132052,0.34035506696846296,2,0.8435150511365551,0,0.10755966019132052,0.136053404223326,0.15211233020680698,0.1666307090578853,0.9999854128923323
PDS5A,3,-0.6685535419473794,0.06152341053206504,0.044379938066659144,2,0.9780544173497566,0,0.06152341053206504,0.07782164268116691,0.08700724157789409,0.09531165775702796,0.9999854128923323
PDS5B,4,-0.7987432723599444,0.091631431685205475,0.04842007715697295,3,0.997207088434229,0,0.091631431685205475,0.1263052121572697,0.14488201469368514,0.16133378364530312,0.9999854128923323
PDXP,2,1.3286630381085558,0.2461557020068734,0.007969354520671884,1,0.9288663489249006,0,0.2461557020068734,0.2806606821762636,0.30147793359671443,0.3209477689155111,0.9999854128923323
PDZD4,4,0.7156264061685798,0.10684614015302214,1.0671821227495197,3,0.7850017648457382,0,0.10684614015302214,0.14727724048419216,0.1689385810405608,0.18812204220494116,0.9999854128923323
PDZD7,2,0.7881209552187516,0.1727082460081217,0.029820075208227007,1,0.862899112344656,0,0.1727082460081217,0.1969176978104367,0.21152353854548392,0.22518400255489557,0.9999854128923323
PDZRN3,2,0.6073946451983134,0.13481293732074504,7.794003833795358e-4,1,0.9777277569602322,0,0.13481293732074504,0.15371039811854392,0.16511145358081822,0.175774565046767,0.9999854128923323
PEF1,4,0.6289041379626266,0.08504766767868788,0.1952711724647884,3,0.9783490580315467,0,0.08504766767868788,0.11723011975346015,0.1344721697748695,0.14974187093298935,0.9999854128923323
PELP1,4,0.7347217540411989,0.07284256450247015,2.644827546991733,3,0.44968484050128144,0,0.07284256450247015,0.1004065460329325,0.11517420721776778,0.12825256929285753,0.9999854128923323
PEPD,5,0.8794006375830503,0.06634288480571691,2.024808526807852,4,0.73119572515253,0,0.06634288480571691,0.09840240038514393,0.11490924720419098,0.12932609088853483,0.9999854128923323
PER1,2,0.6186391348367402,0.11628061731987306,0.043241666018165606,1,0.8352708927052981,0,0.11628061731987306,0.13258030228347648,0.1424140897047625,0.15161137602203303,0.9999854128923323
PER2,2,0.7039203974130949,0.12179218406745533,0.14612032130522867,1,0.7022708361857972,0,0.12179218406745533,0.13886445524286334,0.1491643528121963,0.1587975798614877,0.9999854128923323
PEX1,5,-0.7171665511847706,0.06522419754653268,1.3006074704951296,4,0.861272456823616,0,0.06522419754653268,0.09674311903332486,0.1129716240335039,0.12714536795824946,0.9999854128923323
PEX10,2,0.6545400558562615,0.12538601304445396,0.18611602961684004,1,0.6661690654723802,0,0.12538601304445396,0.14296205072444637,0.15356587642043384,0.163483359563635,0.9999854128923323
PEX13,2,-0.6005376566466074,0.0857655213069725,0.004328189288236068,1,0.9475458335527217,0,0.0857655213069725,0.09778773971502655,0.10504088236294061,0.11182455855757482,0.9999854128923323
PEX14,5,0.827042493744494,0.052808403351930315,2.453158118870539,4,0.6530427362075426,0,0.052808403351930315,0.07832752020890463,0.0914668376721339,0.10294252942979702,0.9999854128923323
PEX16,5,0.8542564622575851,0.05898207401380652,4.1222750689644165,4,0.38971056971727674,2.966203538550717,0.05898207401380652,0.08748455361339127,0.10215994892770087,0.11497722908857462,0.9999854128923323
PEX5L,4,-0.7267439300730991,0.08813072593085966,2.4704406349423906,3,0.48065681576189434,0,0.08813072593085966,0.12147982227880715,0.1393469128927898,0.15517015513497084,0.9999854128923323
PEX6,4,0.6102888100662298,0.07902875125731966,0.14488719919359094,3,0.9859536000852478,0,0.07902875125731966,0.10893361601477056,0.12495542730601285,0.13914447501932312,0.9999854128923323
PFDN2,4,0.7685245369512079,0.13156276268379588,1.43990153075877,3,0.6962088181999054,0,0.13156276268379588,0.18134675347931184,0.20801899267250093,0.23164014683874998,0.9999854128923323
PFDN4,3,-0.682969657143753,0.12831843492463513,0.03790847597706757,2,0.9812242640114212,0,0.12831843492463513,0.16231140805997746,0.18146967097290842,0.1987900645898048,0.9999854128923323
PFKFB3,5,0.6825293040146987,0.10338265762336155,0.6603727008274481,4,0.9561243464296478,0,0.10338265762336155,0.15334126181166058,0.1790640156251601,0.20152990053494033,0.9999854128923323
PFKL,5,0.8941612118762031,0.06341343796785039,0.05506686190721297,4,0.9996278413814498,0,0.06341343796785039,0.09405732854374134,0.10983529644293416,0.12361554771398763,0.9999854128923323
PGAM1,5,0.7139710057748041,0.06614463442112671,2.1012116787816995,4,0.7171497825248315,0,0.06614463442112671,0.09810834754469112,0.11456586746546067,0.12893962974305884,0.9999854128923323
PGAM5,2,0.6593006584946912,0.11352627721575019,0.00476280192471075,1,0.9449792269419665,0,0.11352627721575019,0.12943987138439056,0.13904072578816984,0.14802015589572426,0.9999854128923323
PGAP1,5,-0.9540677712256226,0.11844594179298544,2.448022994633881,4,0.6539666313121795,0,0.11844594179298544,0.17568372286555192,0.20515438913579664,0.23089364712668842,0.9999854128923323
PGAP3,3,0.6517479924278256,0.1028616347910944,0.0651816250424601,2,0.9679345452635076,0,0.1028616347910944,0.13011081991531057,0.14546831896943394,0.15935255940383122,0.9999854128923323
PGGT1B,5,-0.815543316038306,0.06790396695550534,1.4077497920698008,4,0.8428469527765161,0,0.06790396695550534,0.10071785940064251,0.11761312080241337,0.13236920022240284,0.9999854128923323
PGLS,5,1.0099687719374544,0.08946062552867871,2.615576179999284,4,0.6240663656910899,0,0.08946062552867871,0.13269155114008374,0.15495034869256488,0.17439086379719962,0.9999854128923323
PGM1,4,0.6729404556700814,0.06896404666428715,0.06298242962364313,3,0.9958746877585327,0,0.06896404666428715,0.09506037813619592,0.10904173206064247,0.12142373396570097,0.9999854128923323
PGM3,4,-0.7787136988568315,0.09954812810928099,3.0716540945623865,3,0.3807089248865577,2.332752723987787,0.09954812810928099,0.1372176251037652,0.15739941081577957,0.17527256605410793,0.9999854128923323
PGP,5,0.7861149300899619,0.06417879340712934,2.530611754223244,4,0.6391628011241683,0,0.06417879340712934,0.09519253411391555,0.1111609309496145,0.1251075001274542,0.9999854128923323
PGRMC2,3,-0.6570348791313734,0.09819165711655063,0.1803426615747633,2,0.9137746141347539,0,0.09819165711655063,0.12420371348583262,0.13886397320611454,0.15211786109956385,0.9999854128923323
PHB,5,0.7230118373775161,0.06267456406123115,1.0035022218036633,4,0.9092644741925073,0,0.06267456406123115,0.09296140143405653,0.10855552929628273,0.12217521731107497,0.9999854128923323
PHB2,3,0.6143830183873789,0.08269276454896374,0.012774473566578775,2,0.9936331182530372,0,0.08269276454896374,0.10459899279630071,0.1169452291352696,0.12810707997999507,0.9999854128923323
PHF11,4,-0.7775298322759145,0.07674008781385351,1.7956910499397845,3,0.6158730602918603,0,0.07674008781385351,0.10577891116658415,0.12133673266655433,0.13511486720861487,0.9999854128923323
PHF20L1,3,-0.676997841215288,0.06553243360758651,0.373535218972249,2,0.8296365136404684,0,0.06553243360758651,0.08289270032549534,0.09267685638316327,0.10152240959945032,0.9999854128923323
PHF6,5,-0.7310549898141361,0.0705412123456801,1.4686574219025323,4,0.8321785294314872,0,0.0705412123456801,0.10462952645518533,0.12218096381022286,0.1375101379133686,0.9999854128923323
PHGDH,4,0.885775253285518,0.08781047799278313,4.209308592363092,3,0.23973156955486585,28.72938787517572,0.08781047799278313,0.12103839095968681,0.13884055644264262,0.1546063004553671,0.9999854128923323
PHLDA3,3,0.9205577978823742,0.11950945688493099,6.583299334899472,2,0.037192443596989436,69.62009627304087,0.11950945688493099,0.15116883427442937,0.16901189475851208,0.18514325449185243,0.9999854128923323
PHOSPHO2,3,-1.2263166844517281,0.1270194270671557,0.5374885007659065,2,0.7643387099858204,0,0.1270194270671557,0.16066827864874128,0.1796325964432318,0.19677765027036065,0.9999854128923323
PHPT1,5,0.9415252945744096,0.0692529657561995,3.3822351628166976,4,0.4960090947178259,0,0.0692529657561995,0.1027187479736029,0.11994965526456515,0.13499888299875482,0.9999854128923323
PHRF1,5,0.7058058067932665,0.07650063767269247,0.6006183602290082,4,0.9629949482279546,0,0.07650063767269247,0.11346878267401507,0.13250299126052106,0.1491271965284957,0.9999854128923323
PHYHD1,4,0.8029362412871446,0.1233908221563394,1.3971936382730081,3,0.7061926897145465,0,0.1233908221563394,0.17008251081634765,0.1950980201874008,0.21725196081162043,0.9999854128923323
PHYHIP,4,0.7386035702219901,0.11803589664491634,0.016000899328791732,3,0.9994642630281337,0,0.11803589664491634,0.16270125538502095,0.18663113952908136,0.2078236415328753,0.9999854128923323
PI16,2,1.4153415559098559,0.277679250958036,0.38437964479115116,1,0.5352685945687354,0,0.277679250958036,0.3166030580022889,0.3400862385027125,0.3620494481440996,0.9999854128923323
PI4K2B,3,-0.6971255057291736,0.11391287922623941,0.586019256066378,2,0.7460149580058687,0,0.11391287922623941,0.1440896612730382,0.16109713873071618,0.17647307366470483,0.9999854128923323
PIAS2,5,-0.8378949713696693,0.06164078752175504,0.8554115603587944,4,0.9308687642493653,0,0.06164078752175504,0.091428063032445,0.10676497580623738,0.12016001584532258,0.9999854128923323
PIAS4,2,0.7265397152275188,0.11192452590317314,0.1134829675373112,1,0.7362131439420755,0,0.11192452590317314,0.12761359390066992,0.13707898908284635,0.1459317276938265,0.9999854128923323
PICALM,5,-0.7910929769356213,0.06548407663745154,1.9618520740914487,4,0.7427753716163711,0,0.06548407663745154,0.09712858201750492,0.11342174782280018,0.1276519655689899,0.9999854128923323
PIDD1,3,0.738623759376702,0.13171424006446214,0.11128249930248127,2,0.9458784092387399,0,0.13171424006446214,0.16660679955276142,0.18627206465682805,0.20405082329121105,0.9999854128923323
PIEZO1,5,0.9361090312020457,0.09301040168576478,0.30416838391097123,4,0.9895435042070301,0,0.09301040168576478,0.13795672005322573,0.16109874135213456,0.18131065143184447,0.9999854128923323
PIGA,5,-0.9341076007868294,0.08397592348108854,0.864010035740836,4,0.9296664201043253,0,0.08397592348108854,0.124556423334582,0.14545056608176163,0.1636992112171168,0.9999854128923323
PIGB,5,-0.9662156026747285,0.09867944161112822,1.3700050833206965,4,0.8493911591931566,0,0.09867944161112822,0.1463652651167788,0.1709178065330005,0.19236164468885017,0.9999854128923323
PIGF,5,-0.8409624644052,0.09862764333673613,3.477153396598222,4,0.4813607133918666,0,0.09862764333673613,0.1462884358599426,0.170828089290009,0.192260671263267,0.9999854128923323
PIGK,3,-0.879091673229665,0.1254305322088876,0.16019087779061142,2,0.923028249386305,0,0.1254305322088876,0.15865846796287827,0.1773855597854842,0.1943161449403819,0.9999854128923323
PIGM,3,-0.7716342303131347,0.08979415970748217,2.0043788389829444,2,0.36707487983495835,0.21846364059432702,0.08979415970748217,0.113581626102625,0.126988118480217,0.139108514053507,0.9999854128923323
PIGN,4,-0.7301730281660854,0.0709889012555454,0.2334728298098776,3,0.9720128845746064,0,0.0709889012555454,0.09785144757637565,0.11224330828015512,0.12498885836167829,0.9999854128923323
PIGP,4,-0.7369847547946105,0.09276354326752269,0.1136844898783418,3,0.9901461247564343,0,0.09276354326752269,0.12786572028161633,0.14667204027647493,0.16332707177498534,0.9999854128923323
PIGQ,4,0.872769786769543,0.07603319525000582,1.2652649592387326,3,0.7373973086470513,0,0.07603319525000582,0.10480452701032748,0.12021903738515698,0.1338702544173614,0.9999854128923323
PIGZ,5,0.7333550942974877,0.0797551314537024,0.9885047307874854,4,0.911534009782302,0,0.0797551314537024,0.1182959770450127,0.1381399398421472,0.15547137284448842,0.9999854128923323
PIK3CA,5,-0.7164880488544769,0.06425655158057661,0.20467286002346613,4,0.9951075318211443,0,0.06425655158057661,0.09530786812357134,0.11129561205672893,0.12525907871249792,0.9999854128923323
PIK3CB,5,-0.707525567971456,0.07442738451397399,0.4564403829457627,4,0.9776006078327059,0,0.07442738451397399,0.11039365128620422,0.12891201145266798,0.14508568209594477,0.9999854128923323
PIK3CD,3,0.6338955472939444,0.09711104695304125,0.050430173672452214,2,0.9751001582634601,0,0.09711104695304125,0.12283683773406597,0.13733575965724137,0.15044378703275813,0.9999854128923323
PIK3R1,2,-0.7186737989632118,0.10849246909987931,0.7285589743035678,1,0.3933506801342502,0,0.10849246909987931,0.12370044707601,0.1328755951146876,0.14145687310046146,0.9999854128923323
PIK3R2,4,0.9077855865989081,0.09397203856198552,0.094124363790482,3,0.9925330781715652,0,0.09397203856198552,0.12953151608717106,0.14858283911252415,0.16545484730776372,0.9999854128923323
PIK3R5,3,0.7929343917910928,0.1561070290802589,0.433167603489618,2,0.805265049478832,0,0.1561070290802589,0.1974615082623033,0.22076867770707329,0.24183996954150386,0.9999854128923323
PIM3,5,0.858615115219651,0.09805439937767345,0.5720414875425007,4,0.9661192669626113,0,0.09805439937767345,0.14543817766355516,0.1698352016277805,0.1911432130675894,0.9999854128923323
PINK1,5,0.7168032508794006,0.06216341175692325,1.1099810925174411,4,0.8926853782065435,0,0.06216341175692325,0.09220324004487979,0.10767018753481555,0.1211787980332821,0.9999854128923323
PIP5K1C,4,0.7938272213010418,0.11183900939685545,0.43199958053413207,3,0.93355561866691394,0,0.11183900939685545,0.1541594357911732,0.17683300047551873,0.19691289564397949,0.9999854128923323
PIPOX,2,0.8249967519346677,0.1822392632586748,0.22137437952752373,1,0.6379946996524413,0,0.1822392632586748,0.20778472945571325,0.22319660304224356,0.23761092867166228,0.9999854128923323
PITPNB,5,-0.7313759605956907,0.06416787550960396,2.0707692390314025,4,0.7227442771615946,0,0.06416787550960396,0.09517634025489355,0.11114202059638871,0.12508621722708269,0.9999854128923323
PITPNM1,5,0.7618961018995989,0.08184407106231535,1.746171834649208,4,0.7823143607183358,0,0.08184407106231535,0.12139437519801861,0.14175808937820789,0.15954346579726364,0.9999854128923323
PITPNM2,3,0.65138675801185,0.11456978611054734,0.6192901264540674,2,0.733707329725405,0,0.11456978611054734,0.14492059005906133,0.1620261453557207,0.17749074943387827,0.9999854128923323
PITPNM3,2,0.7818369291490913,0.17703180086995748,0.10153881284934874,1,0.7499907552314763,0,0.17703180086995748,0.20184730881296972,0.21681879018869746,0.23082122840575664,0.9999854128923323
PKIA,2,-0.637960683520581,0.14223984402256476,0.03859940354513857,1,0.8442444175698356,0,0.14223984402256476,0.16217837462446286,0.17420751947417576,0.18545806665351075,0.9999854128923323
PKN1,5,0.8275681173813823,0.08725490172123632,1.3432069091106147,4,0.8540033723192197,0,0.08725490172123632,0.1294199340273427,0.15112992299061037,0.1700911165306816,0.9999854128923323
PKP4,2,-0.8716375801176345,0.23026962926098032,0.08148423456686041,1,0.7752960082070045,0,0.23026962926098032,0.26254777243005917,0.2820215474746282,0.30023486418466105,0.9999854128923323
PLA2G4A,2,-0.7339238581247096,0.19437062605551694,0.034410009221915394,1,0.8528373892585309,0,0.19437062605551694,0.22161661118963463,0.23805442741066674,0.2534282905763741,0.9999854128923323
PLA2G6,3,0.6060439894094565,0.08022934518929124,0.10579589038193406,2,0.9484768041623071,0,0.08022934518929124,0.10148298639281325,0.11346142806700832,0.12429076711810046,0.9999854128923323
PLA2R1,2,-0.9231546428473859,0.17290308605119398,2.1792506172407512e-4,1,0.9882218284217524,0,0.17290308605119398,0.19713984963937295,0.2117621678889784,0.22543804289038086,0.9999854128923323
PLAG1,5,-0.8001207298716194,0.08707363480291183,1.6385571586496008,4,0.8018461344697244,0,0.08707363480291183,0.129151071738255,0.15081595947834092,0.1697377622557964,0.9999854128923323
PLCB3,4,0.6401675896753287,0.09523124631127447,0.12953360825896615,3,0.9880717052837248,0,0.09523124631127447,0.13126721418769194,0.15057382138006783,0.16767191133101494,0.9999854128923323
PLCD1,3,0.7575032552431081,0.10466433021947272,1.005071017406124,2,0.604994743933013,0,0.10466433021947272,0.13239106930780992,0.1480177152930745,0.16214528315278862,0.9999854128923323
PLCD3,4,1.1437591778336311,0.1630435284354652,2.0283569326094693,3,0.5665420271302094,0,0.1630435284354652,0.22473999446672607,0.2577944538032498,0.28706775456419287,0.9999854128923323
PLCH2,3,0.7069892065868313,0.15487369705016357,0.47706589778508,2,0.7877827312609591,0,0.15487369705016357,0.19590145293176708,0.21902448282320333,0.2399292997763425,0.9999854128923323
PLCL1,4,-0.75522693243971,0.10785759111076226,1.0638645612785043,3,0.7858036921248418,0,0.10785759111076226,0.14867142941537598,0.17053782542456955,0.18990288538268915,0.9999854128923323
PLCXD3,3,-1.1922530112694132,0.19627723208308426,0.06534256404964559,2,0.967856659184909,0,0.19627723208308426,0.24827324248640867,0.2775779235969493,0.3040713804389894,0.9999854128923323
PLD1,4,-0.7291028132200552,0.08594352772729755,0.18246412414132995,3,0.9803692744134495,0,0.08594352772729755,0.11846497761196871,0.13588864888404736,0.15131919531394408,0.9999854128923323
PLD2,2,0.7042942503215592,0.13383749259536692,0.09851680952151684,1,0.7536168329983655,0,0.13383749259536692,0.15259822001412524,0.1639167826560854,0.17450274072680155,0.9999854128923323
PLD3,5,0.8120809570323043,0.07647520771636133,1.6957550267947448,4,0.7914885840066644,0,0.07647520771636133,0.1134310639532811,0.13245894528412128,0.1490776244175843,0.9999854128923323
PLD4,5,1.069730276062224,0.11989307386372473,4.5222402284407055,4,0.3399185038924248,11.548263737877033,0.11989307386372473,0.17783016660028078,0.20766089540757945,0.2337146268633431,0.9999854128923323
PLD5,3,-0.7645930558287833,0.11223584357264335,0.07371948303358432,2,0.9638113085814757,0,0.11223584357264335,0.14196836031996915,0.1587254521648174,0.17387502120175538,0.9999854128923323
PLEC,5,1.1585424052691053,0.08858070132521864,2.0581073169207142,4,0.7250721207344906,0,0.08858070132521864,0.13138641263079187,0.15342627526536246,0.17267557574717057,0.9999854128923323
PLEKHA1,5,-0.9429937422603926,0.07413888878412891,0.9617351139372199,4,0.9155416205605494,0,0.07413888878412891,0.10996574296716209,0.12841232219080967,0.14452330038631367,0.9999854128923323
PLEKHA3,4,-0.6288980130810513,0.06229733824351204,0.17392525653728294,3,0.9816846490951937,0,0.06229733824351204,0.08587095474740244,0.09850074050770567,0.10968578254223423,0.9999854128923323
PLEKHA7,2,0.6750167177938945,0.13413653110052948,0.006802572731388363,1,0.9342668423703563,0,0.13413653110052948,0.15293917636886994,0.16428302853163185,0.17489263923522233,0.9999854128923323
PLEKHA8,3,-0.7225445964327974,0.07521676781836652,0.578104261169439,2,0.7489731599761791,0,0.07521676781836652,0.09514252181683693,0.10637257316660209,0.11652531564643341,0.9999854128923323
PLEKHF1,3,0.9199254839767269,0.15733521783449733,0.27767119892823955,2,0.8703711061731723,0,0.15733521783449733,0.1990150578063026,0.2225055989004714,0.24374267137796973,0.9999854128923323
PLEKHG4,2,0.7231631456653108,0.20264590826324597,7.455608931213363e-5,1,0.9931106821053711,0,0.20264590826324597,0.2310518845986474,0.2481895368539009,0.2642179385108457,0.9999854128923323
PLEKHG5,4,0.7307096690052712,0.1061545356943906,0.5230354180265447,3,0.9138022566371913,0,0.1061545356943906,0.14632392952669815,0.16784505837595912,0.18690434690055793,0.9999854128923323
PLEKHH3,5,0.7358109721129141,0.08164540373540707,0.4265917339398303,4,0.9802424368834519,0,0.08164540373540707,0.12109970393216811,0.14141398747419884,0.15915619188158206,0.9999854128923323
PLEKHM2,2,0.6344792973493195,0.11427451200025138,0.01844303460294265,1,0.8919753317915552,0,0.11427451200025138,0.13029299029788316,0.13995712250308445,0.14899573469707955,0.9999854128923323
PLEKHO1,5,0.7867331866162723,0.06392305937868713,1.1596380609928831,4,0.8846981835489287,0,0.06392305937868713,0.09481321925094914,0.11071798661912832,0.12460898273101505,0.9999854128923323
PLGLB1,5,-1.2377307807106412,0.11520796235964664,0.21853891625086302,4,0.9944476661933749,0,0.11520796235964664,0.17088102323059712,0.19954604424339079,0.22458166320079356,0.9999854128923323
PLGLB2,3,-0.7042036762972708,0.14920640545797242,0.19480200331169706,2,0.9071921476308448,0,0.14920640545797242,0.18873283309350863,0.2110097221916036,0.23114956939447945,0.9999854128923323
PLIN1,4,1.2848508644291867,0.16878777770073516,5.598849417070491,3,0.13284442737831523,46.41756231462102,0.16878777770073516,0.23265789565839,0.2668769093662507,0.2971815490463256,0.9999854128923323
PLIN4,5,0.913443664452174,0.14126097426626838,0.37916710405028453,4,0.9841467445267952,0,0.14126097426626838,0.2095238847278318,0.2446711845558565,0.2753683330241338,0.9999854128923323
PLIN5,5,0.8558186593683103,0.12105206826098891,1.070542308976263,4,0.8989173886951098,0,0.12105206826098891,0.1795492330993894,0.20966833258932868,0.23597392287072705,0.9999854128923323
PLOD2,5,-0.9346585718767946,0.08473078574709544,1.3083877513785551,4,0.8599508266356675,0,0.08473078574709544,0.1256760650136072,0.14675802587920217,0.16517070867020195,0.9999854128923323
PLP2,3,0.8244239863533321,0.134395436977303,2.7276777803839307,2,0.2556773732114447,26.67755647741895,0.134395436977303,0.16999827519275704,0.19006384969436046,0.2082045156877452,0.9999854128923323
PLPP7,4,0.6997076837266571,0.0709117297904143,0.6354607122884679,3,0.8882686005663131,0,0.0709117297904143,0.09774507405261192,0.11212128948006185,0.12485298397632738,0.9999854128923323
PLPPR2,5,1.0757110983498894,0.08826546358731466,2.8626554053403126,4,0.5810664163378259,0,0.08826546358731466,0.13091883950380806,0.15288026748684969,0.172061064266956,0.9999854128923323
PLPPR3,5,1.1296900273950468,0.09761950502209839,4.402818669867069,4,0.35422668952109676,9.14910878851232,0.09761950502209839,0.14479312509118272,0.16908194250799957,0.19029544789848776,0.9999854128923323
PLS3,2,-0.6291497787254123,0.11418771498921729,0.1550695897573667,1,0.6937370014282439,0,0.11418771498921729,0.13019402647893003,0.13985081830896834,0.14888256524045998,0.9999854128923323
PLSCR1,5,-0.778869556082454,0.09378877268455055,0.8202633535150747,4,0.9357110204997213,0,0.09378877268455055,0.13911123081794458,0.16244691946916962,0.18282797584167013,0.9999854128923323
PLTP,5,1.0745817259204866,0.0985253165762541,11.937849658154253,4,0.0178194651191409,66.49312803778054,0.0985253165762541,0.14613666074668738,0.1706508541418802,0.19206119968518925,0.9999854128923323
PLXNA1,5,0.8706300438357786,0.07924125669890765,1.6285419289783873,4,0.8036533576927762,0,0.07924125669890765,0.1175337776091996,0.1372498826581157,0.1544696465336937,0.9999854128923323
PLXNA3,5,0.6994114180416702,0.07849970423449794,0.680019848337006,4,0.9537698308110334,0,0.07849970423449794,0.11643387755626813,0.13596547611328016,0.15302409466039615,0.9999854128923323
PLXNB1,4,0.7788038192205892,0.09835144367252345,0.34455805283259916,3,0.9514415698691078,0,0.09835144367252345,0.13556810944205186,0.1555072865854648,0.1731655856821892,0.9999854128923323
PLXNB2,5,0.864446772439834,0.07625516326959399,2.6825684153096687,4,0.6122683439064903,0,0.07625516326959399,0.11310468529463914,0.13207781712239686,0.14864867882371258,0.9999854128923323
PLXNB3,4,1.0129388914885142,0.1539907843952105,0.42772871621256947,3,0.9344566645186968,0,0.1539907843952105,0.21226164794761956,0.24348080868238983,0.27112875392296887,0.9999854128923323
PLXND1,5,0.7092181435408665,0.09791597854977684,0.7482582895367718,4,0.9452470438784716,0,0.09791597854977684,0.14523286639666927,0.16959544972103782,0.19087338119908012,0.9999854128923323
PM20D2,5,-0.6719824844953729,0.09625345938094412,1.2493118181145269,4,0.8699149210866687,0,0.09625345938094412,0.14276695196773634,0.1667158820520624,0.18763253471249708,0.9999854128923323
PMM1,4,0.8076074294021919,0.06569644935498632,2.624977600580662,3,0.45312746800427234,0,0.06569644935498632,0.09055630607483577,0.1038752070738283,0.11567053522545001,0.9999854128923323
PMP2,4,-1.0088322760984672,0.12511578642914314,0.683996945512273,3,0.8769614175705668,0,0.12511578642914314,0.17246020997954173,0.19782542817963875,0.22028907381603646,0.9999854128923323
PMS1,5,-0.9843454172602926,0.05819193075913353,5.854842638930536,4,0.21025414582915422,31.680486621402125,0.05819193075913353,0.08631258177141234,0.10079138066534941,0.11343695632732749,0.9999854128923323
PMVK,5,0.9229384382047132,0.05959556753881695,0.5854942572574281,4,0.9646618848138832,0,0.05959556753881695,0.08839451156379634,0.10322255088313347,0.11617314813260433,0.9999854128923323
PNCK,4,0.7128525278717971,0.08040924539874404,0.44016180151127005,3,0.931826577004336,0,0.08040924539874404,0.11083649586950742,0.12713818019772266,0.14157508577198835,0.9999854128923323
PNMA6A,2,0.8001013484765519,0.1813457014370764,0.06316169164150906,1,0.8015667915848703,0,0.1813457014370764,0.20676591222591995,0.22210221778396963,0.23644586659634997,0.9999854128923323
PNMAL2,3,0.9328039849627153,0.15703255983125353,1.0173578831661811,2,0.6012893927728331,0,0.15703255983125353,0.19863222234937097,0.22207757584752325,0.24327379561550588,0.9999854128923323
PNMT,4,1.4474582912247418,0.20776431354886768,1.2102924394769716,3,0.7505368328195329,0,0.20776431354886768,0.2863833426902151,0.32850422365790144,0.36580682190432123,0.9999854128923323
PNPLA2,5,1.2895397408857026,0.07305529723190975,2.9649164738000247,4,0.5637136083271719,0,0.07305529723190975,0.10835851696112261,0.12653548656771363,0.14241099158366316,0.9999854128923323
PNPLA6,5,0.6771627875878745,0.04971900618666681,0.7603987650697854,4,0.9436769232788245,0,0.04971900618666681,0.07374520369229166,0.08611584481713824,0.09692018566594518,0.9999854128923323
PNPLA7,2,0.7561647390922468,0.1759070470513233,7.359457597447488e-4,1,0.9783573867738101,0,0.1759070470513233,0.2005648921496766,0.21544125371774714,0.22935472884581645,0.9999854128923323
PNPLA8,2,-0.6271097935702478,0.10660165897654619,0.05205948061405591,1,0.8195176062465895,0,0.10660165897654619,0.1215445918398569,0.13055983511336008,0.1389915583196985,0.9999854128923323
PNPT1,5,-0.8562678317769231,0.06859897315384113,2.7629806765666594,4,0.5982396492715281,0,0.06859897315384113,0.10174872018396652,0.11881690684950626,0.13372401671911213,0.9999854128923323
POC1B,5,-0.799791015762216,0.0675280783354035,3.3557545632209473,4,0.5001471819218303,0,0.0675280783354035,0.10016032647749938,0.11696206261441004,0.1316364584070655,0.9999854128923323
PODXL2,5,0.7078563958313446,0.06415810280555775,0.7394822997628454,4,0.9463721731566912,0,0.06415810280555775,0.09516184499230108,0.11112509377645335,0.12506716671977647,0.9999854128923323
POGLUT1,5,-0.8438166781774151,0.09956031856371247,1.506312390799371,4,0.8255227213418814,0,0.09956031856371247,0.14767181678139335,0.17244353017009287,0.19407878998883432,0.9999854128923323
POLB,4,-0.6506203419007144,0.07660016910478873,0.10517236460796923,3,0.9912095770778515,0,0.07660016910478873,0.1055860465358763,0.12111550176259675,0.13486851490001256,0.9999854128923323
POLD1,4,0.7319565795721065,0.07854519203755173,0.8065882728167659,3,0.8478905651117188,0,0.07854519203755173,0.10826707562879016,0.12419085304699255,0.13829308115690106,0.9999854128923323
POLD2,5,0.7666391112849372,0.06150384795717206,1.413959866764484,4,0.8417651312774913,0,0.06150384795717206,0.09122494883410823,0.1065277895228133,0.11989307149059099,0.9999854128923323
POLD4,3,0.7358625107352358,0.12246030880566035,1.0947733334212248,2,0.5784595443860987,0,0.12246030880566035,0.15490139951738432,0.17318502956536222,0.189714694630296,0.9999854128923323
POLI,5,-0.8709464234553393,0.0625275876733041,1.3321686291982466,4,0.8558944956927745,0,0.0625275876733041,0.09274340022089987,0.10830095872488014,0.12188870758574141,0.9999854128923323
POLK,5,-0.6520042912641424,0.06531085802912984,0.19191341835750608,4,0.9956803363444464,0,0.06531085802912984,0.09687165730131046,0.11312172439237062,0.12731430033858876,0.9999854128923323
POLR2B,3,-0.6263834453133534,0.10750397286072719,0.15867795379375313,2,0.9237267493414696,0,0.10750397286072719,0.13598296470273014,0.15203357642862952,0.1665444386162922,0.9999854128923323
POLR2E,4,0.688244825209629,0.06024373546487911,1.039287154046401,3,0.7917468149071994,0,0.06024373546487911,0.08304025866559203,0.09525370941284036,0.10607004173923582,0.9999854128923323
POLR2I,5,1.0091584618108318,0.08114007227119477,2.502535355618235,4,0.6441818558437522,0,0.08114007227119477,0.12035017624409348,0.14053872770351997,0.15817111951005436,0.9999854128923323
POLR2J,5,0.9045044801640176,0.06854670814881884,3.812912674796693,4,0.43191703760976197,0,0.06854670814881884,0.10167119865373166,0.11872638120534981,0.1336221334680356,0.9999854128923323
POLR2K,3,-0.7513188334171783,0.12076659110205451,0.31798771895990985,2,0.8530015968264537,0,0.12076659110205451,0.15275899725468656,0.17078975101809143,0.18709079844659918,0.9999854128923323
POLR2L,5,1.4271989415572717,0.08189983190462279,0.3995952890220188,4,0.9825100252138502,0,0.08189983190462279,0.12147708189289053,0.1418546699901572,0.1596521636897564,0.9999854128923323
POLR3F,2,-0.7660540353224773,0.12878630398303845,0.9955273235322462,1,0.31839519034729596,0,0.12878630398303845,0.1468389788908077,0.1577303653087045,0.16791679653667674,0.9999854128923323
POLR3G,3,-0.988184548727862,0.13559414652666582,0.061827894982649165,2,0.9695590024707915,0,0.13559414652666582,0.17151453616434928,0.1917590809964155,0.210061548536394,0.9999854128923323
POLR3GL,2,0.7116871430847853,0.12981171264015845,0.27319720282742743,1,0.6011950805567665,0,0.12981171264015845,0.1480081246423398,0.15898622930259276,0.1692537658534392,0.9999854128923323
POLR3H,2,0.6392663317413254,0.1308111502993101,0.012807521210673928,1,0.9098955260925209,0,0.1308111502993101,0.14914765890022313,0.16021028544991434,0.1705568731317175,0.9999854128923323
POLR3K,3,0.7206638403132195,0.13248896001394223,0.7007011656356283,2,0.7044410814834913,0,0.13248896001394223,0.16758675138841247,0.1873676841164238,0.20525101427613546,0.9999854128923323
POLRMT,5,0.839099850767277,0.05313920696804388,2.6884466891111045,4,0.6112378022163082,0,0.05313920696804388,0.07881818126437408,0.09203980634257011,0.10358738439275264,0.9999854128923323
POM121,4,0.6742049097055306,0.07426963656554425,0.2519174614618527,3,0.9688023841454211,0,0.07426963656554425,0.10237362912194845,0.1174306062700226,0.1307651889391511,0.9999854128923323
POM121C,2,0.649372887120674,0.09013109011708954,0.009517438079871411,1,0.9222837863888385,0,0.09013109011708954,0.1027652539889013,0.11038759037383855,0.11751656389497336,0.9999854128923323
POMGNT2,5,0.9701511903166455,0.0736236936431735,0.5393503826426649,4,0.9695588755211522,0,0.0736236936431735,0.10920158508217959,0.1275199780308623,0.14351900016904623,0.9999854128923323
POMZP3,2,0.7606665199905835,0.1735696024735665,0.005134360696696304,1,0.9428769038341421,0,0.1735696024735665,0.1978997952845871,0.21257848045897743,0.22630707398314848,0.9999854128923323
POP7,5,0.8603155543653448,0.10810814592277838,0.7767062273531952,4,0.9415433585832439,0,0.10810814592277838,0.16035029364704526,0.18724880145032233,0.2107415730615837,0.9999854128923323
POT1,4,-0.7168086967113647,0.07089994958234859,5.450398035840247,3,0.14163564833267375,44.958148372414925,0.07089994958234859,0.09772883615638317,0.11210266333566268,0.12483224277972686,0.9999854128923323
POU3F4,2,1.0740240921159916,0.1965341923553669,0.8463293670302825,1,0.3575928202486938,0,0.1965341923553669,0.22408345631529622,0.24070424414032363,0.2562492359015336,0.9999854128923323
POU5F2,3,-0.7705528784396981,0.13056034937587455,1.2276700311793685,2,0.5412711005422913,0,0.13056034937587455,0.16514723045404267,0.18464021679553144,0.20226322352311363,0.9999854128923323
PPA1,4,-0.6891381495190576,0.1067199604982847,0.8410542632368754,3,0.8396242640023105,0,0.1067199604982847,0.1471033138329499,0.1687390734888888,0.1878998799976782,0.9999854128923323
PPA2,5,-0.7677136937429114,0.06267796207448963,0.7946179201842091,4,0.9391681478844417,0,0.06267796207448963,0.09296644150221386,0.10856141482789121,0.12218184125835724,0.9999854128923323
PPARD,3,0.6724272180238484,0.0976850511058118,0.52835941306067,2,0.767835542196399,0,0.0976850511058118,0.12356290193772604,0.13814752411494796,0.1513330304424918,0.9999854128923323
PPAT,4,-0.69989174902501,0.10137129734962207,0.17715021305825224,3,0.9811909076046897,0,0.10137129734962207,0.13973069047298248,0.16028209449549796,0.17848258674635747,0.9999854128923323
PPDPF,5,1.5395384508791312,0.10786023968050229,1.4067007076330746,4,0.8430295688423753,0,0.10786023968050229,0.15998258926726333,0.18681941524318665,0.2102583148295318,0.9999854128923323
PPFIA3,2,0.7600376888479524,0.13884677878940185,0.26880328981057655,1,0.6041356674846086,0,0.13884677878940185,0.15830968502985224,0.17005188023156237,0.18103405084770174,0.9999854128923323
PPFIA4,2,0.6118765278877712,0.1627934667628616,0.0027529056217826375,1,0.9581556816593009,0,0.1627934667628616,0.18561311016970813,0.19938046351387184,0.21225671201434496,0.9999854128923323
PPHLN1,2,-0.6048906820103555,0.09840469003599991,6.316349902521659e-4,1,0.9799493971745827,0,0.09840469003599991,0.11219860929354512,0.12052063944246989,0.12830401839318234,0.9999854128923323
PPID,4,-0.9123288694493014,0.11855630802630038,2.212981147365245,3,0.529396018093255,0,0.11855630802630038,0.16341859297023495,0.18745398217180542,0.20873992032135047,0.9999854128923323
PPIG,4,-0.7837240600815348,0.06114486965643885,1.5949342247166223,3,0.6605389950541357,0,0.06114486965643885,0.08428238642845552,0.096678527674232,0.10765665220709297,0.9999854128923323
PPIL3,3,-0.6290864605411197,0.09308869649404956,0.19391453192761865,2,0.9075947904931839,0,0.09308869649404956,0.11774892213493099,0.13164729708551767,0.14421238849664428,0.9999854128923323
PPIL4,2,-0.6156907935598002,0.10661507190377477,0.0024287398955729093,1,0.9606943669550534,0,0.10661507190377477,0.12155988492986157,0.13057626252719365,0.13900904663718835,0.9999854128923323
PPIL6,3,-0.6533259776691545,0.13077115577212256,0.057756358953924856,2,0.9715348101367127,0,0.13077115577212256,0.16541388179703295,0.1849383420601404,0.20258980338789065,0.9999854128923323
PPIP5K2,5,-0.7886907346140837,0.07806005748454299,0.8678411086815512,4,0.9291285128448713,0,0.07806005748454299,0.11578177604389364,0.13520398560497565,0.15216706536916125,0.9999854128923323
PPM1A,4,-0.7023142194874531,0.09734717697616503,0.5719048788933794,3,0.9028328922077457,0,0.09734717697616503,0.13418382333178136,0.15391940151609215,0.1713973917018846,0.9999854128923323
PPP1CA,5,0.760309604262067,0.057930163819758504,0.4553886912900489,4,0.9776960436186206,0,0.057930163819758504,0.0859243186554594,0.10033798702661006,0.1129266786224558,0.9999854128923323
PPP1CB,4,-0.6435902357510898,0.08187048319774126,0.14323369807169734,3,0.9861865721544059,0,0.08187048319774126,0.11285067317548489,0.12944860002170394,0.14414786040381614,0.9999854128923323
PPP1CC,2,-0.6942666994641122,0.09917195679026836,0.09594955290005064,1,0.7567455644567197,0,0.09917195679026836,0.11307342799125758,0.12146034546474943,0.12930441184715413,0.9999854128923323
PPP1R12B,2,-0.6104989527386327,0.10672114698369749,9.523954494948612e-4,1,0.975380468454184,0,0.10672114698369749,0.12168082912920487,0.13070617743731144,0.13914735162042122,0.9999854128923323
PPP1R13L,5,0.9725345024979688,0.11840487340212952,2.9678800608008644,4,0.563214905379178,0,0.11840487340212952,0.17562280859792528,0.2050832565962491,0.23081359009473945,0.9999854128923323
PPP1R14B,5,0.9985792958737041,0.12856317259758637,0.0837189912118162,4,0.9991479607559604,0,0.12856317259758637,0.19069000122288773,0.2226779469212664,0.2506157607249707,0.9999854128923323
PPP1R16A,4,0.9036484956202541,0.10262323195104615,0.0027769065765662145,3,0.9999611134924379,0,0.10262323195104615,0.1414563632310283,0.16226157690653556,0.1806868450713623,0.9999854128923323
PPP1R1A,4,0.8733180559458332,0.11600654742895178,1.2526116299854353,3,0.7404154615397016,0,0.11600654742895178,0.15990399053223378,0.18342245668391888,0.20425060353349134,0.9999854128923323
PPP1R1B,5,1.342333795399474,0.10424714297016677,1.3102327053706204,4,0.8596370251650537,0,0.10424714297016677,0.15462350079587922,0.18056134816822555,0.2032150927128226,0.9999854128923323
PPP1R2,4,-0.6295885863585512,0.07998104767499904,0.07986301183471999,3,0.9941392137228644,0,0.07998104767499904,0.1102462660395439,0.1264611401497558,0.1408211658817326,0.9999854128923323
PPP1R26,2,0.6195515149310273,0.1176972168553649,0.07302148434852765,1,0.786987255003752,0,0.1176972168553649,0.1341954742610511,0.14414906272067182,0.15345839584183052,0.9999854128923323
PPP1R32,2,0.7067804441362643,0.17880827016615472,0.11871243485078838,1,0.7304351749156817,0,0.17880827016615472,0.203872795447937,0.21899451184839966,0.23313746098746418,0.9999854128923323
PPP1R35,4,1.1362176212256683,0.11806099469485769,1.1427764404536787,3,0.7667589875832741,0,0.11806099469485769,0.16273585065941834,0.18667082303040303,0.20786783120976549,0.9999854128923323
PPP1R37,3,0.711205111409383,0.08614433635628758,0.1629365742136803,2,0.9217619411283384,0,0.08614433635628758,0.10896492416380758,0.1218264887966916,0.13345423203119677,0.9999854128923323
PPP1R3F,4,0.656336107796896,0.06302885357204181,0.8854303706438849,3,0.8289422964773536,0,0.06302885357204181,0.08687927904253802,0.09965736779844589,0.11097374818432623,0.9999854128923323
PPP2CA,4,-0.7301467586621331,0.11964487647294424,0.3058687444195618,3,0.9589209755377346,0,0.11964487647294424,0.16491908102408756,0.18917516001199844,0.21065654284949437,0.9999854128923323
PPP2R1A,4,0.6763743158224175,0.07625770066085873,0.4396227597566076,3,0.9319410450418326,0,0.07625770066085873,0.10511398636315794,0.12057401160782051,0.13426553698269525,0.9999854128923323
PPP2R2A,5,-0.8420130788276367,0.07638254370925013,1.1652609673497754,4,0.8837843819660736,0,0.07638254370925013,0.11329362101941183,0.13229844651577174,0.14889698901348852,0.9999854128923323
PPP2R3A,2,-0.6139508796612269,0.09769746138438214,0.023761803520257238,1,0.8774925366067442,0,0.09769746138438214,0.11139224456504453,0.11965446477849982,0.12738190504785138,0.9999854128923323
PPP2R3B,2,0.6553787303007786,0.15040763045021202,0.024832422819946097,1,0.8747853478841383,0,0.15040763045021202,0.17149108398672455,0.18421097401205855,0.19610755723837067,0.9999854128923323
PPP2R3C,4,-0.7975830330577139,0.0688997078770023,0.7369944960227256,3,0.8644698723711698,0,0.0688997078770023,0.09497169323813742,0.10894000350578584,0.12131045384121839,0.9999854128923323
PPP2R4,2,0.6681392402138688,0.12062526376237509,3.546280394486994e-5,1,0.9952485733401558,0,0.12062526376237509,0.13753396138796167,0.14773517315322657,0.15727610192957592,0.9999854128923323
PPP2R5E,2,-0.6291654890104972,0.107469483828693,0.13275052472763738,1,0.7155970748994893,0,0.107469483828693,0.12253406440956498,0.13162269915029304,0.14012306349238052,0.9999854128923323
PPP3CB,2,-0.8217548064156237,0.20108919702798733,0.012552568161154905,1,0.9107930829754468,0,0.20108919702798733,0.2292769607042298,0.24628296275228023,0.2621882353850249,0.9999854128923323
PPP4C,5,0.662808356526044,0.056305980950727225,0.179658148860176,4,0.9961990390740127,0,0.056305980950727225,0.08351526614824409,0.09752481977666491,0.10976056334189387,0.9999854128923323
PPP4R2,5,-0.7837682286510166,0.09164050890851602,0.060734268182801296,4,0.9995481476216752,0,0.09164050890851602,0.13592484070480262,0.15872601746101805,0.17864023879698787,0.9999854128923323
PPP4R3B,3,-0.6855337649697744,0.05515585829623992,0.06877639656543458,2,0.9661963560600109,0,0.05515585829623992,0.0697672554070449,0.07800216284687109,0.08544708825084536,0.9999854128923323
PPP6R1,5,0.7257176651279273,0.07670041383291344,1.36974746728796,4,0.849435635568491,0,0.07670041383291344,0.1137650986054528,0.1328490137201648,0.1495166319582296,0.9999854128923323
PPWD1,3,-0.6492786757921961,0.09443806582106877,0.41093180376741123,2,0.8142678590939462,0,0.09443806582106877,0.1194557543261907,0.1335555934884385,0.1463028224692157,0.9999854128923323
PQLC1,2,0.784995681077127,0.15247342076047798,1.9571684610757045,1,0.16181647045167308,48.90577791906696,0.15247342076047798,0.17384644733189772,0.18674104009992723,0.19880101827023672,0.9999854128923323
PQLC2,5,0.6647969880022577,0.07000053621523719,1.0107895319826214,4,0.9081555547937098,0,0.07000053621523719,0.10382757415506545,0.12124448528185601,0.13645616610325378,0.9999854128923323
PRADC1,3,0.6126156898531133,0.11717534382650097,0.04512969898810011,2,0.9776878325761985,0,0.11717534382650097,0.14821638884203714,0.1657109604151682,0.18152726209046652,0.9999854128923323
PRAF2,5,0.7359387234315332,0.07498951274991059,1.476132630718928,4,0.8308606953714933,0,0.07498951274991059,0.11122742220078556,0.12988564611767925,0.14618147175816162,0.9999854128923323
PRAM1,4,0.9040370622156223,0.16049976266434798,0.411539670055936,3,0.9378484873177457,0,0.16049976266434798,0.22123365532642825,0.25377240696789727,0.2825889927570911,0.9999854128923323
PRDM16,4,1.1680278747273363,0.15243957791428653,0.8089619451621086,3,0.847322275318141,0,0.15243957791428653,0.2101234573718581,0.2410281358819227,0.2683975730805442,0.9999854128923323
PRDX2,5,0.733245255567643,0.07265213252780034,0.6484983831194201,4,0.9575249119087003,0,0.07265213252780034,0.1077605270673893,0.12583718481637768,0.14162507889205514,0.9999854128923323
PRDX5,5,1.0692167796856353,0.06924765787689999,0.3489491578206453,4,0.9864390907452342,0,0.06924765787689999,0.10271087511631675,0.11994046174793795,0.13498853603716693,0.9999854128923323
PRELID3B,2,-0.6460476507350865,0.11845191009919735,0.005312710094466924,1,0.9418949726687247,0,0.11845191009919735,0.1350559569511572,0.1450733694005295,0.15444239544390706,0.9999854128923323
PRELP,5,0.7100463724090186,0.1133901275010519,0.14240050739741708,4,0.9975824255836332,0,0.1133901275010519,0.16818473840497708,0.1963974619085349,0.221038050696884,0.9999854128923323
PREPL,3,-0.7839267879216809,0.17499468541969412,0.026385741585018427,2,0.9868937736790545,0,0.17499468541969412,0.22135271374035678,0.24747985746374476,0.2711006009221125,0.9999854128923323
PREX1,2,0.6067053812493749,0.12649923554342446,0.006457063391616822,1,0.935954236127601,0,0.12649923554342446,0.14423131966043998,0.1549292899667657,0.16493482412219782,0.9999854128923323
PRH1,3,-0.7211764656395531,0.1216122954048502,0.28959120299583097,2,0.8651991204427282,0,0.1216122954048502,0.1538287379842222,0.1719857575128624,0.18840095791881664,0.9999854128923323
PRIM1,3,-0.7423053177437292,0.11756423617516301,0.4728992683641424,2,0.789425641368833,0,0.11756423617516301,0.1487083030765909,0.1662609372489492,0.18212973152640077,0.9999854128923323
PRIM2,5,-0.9839626682016109,0.09038527868965072,2.385573340853352,4,0.6652359539895575,0,0.09038527868965072,0.1340630334147815,0.15655189494674757,0.17619334463725395,0.9999854128923323
PRKAA1,3,-0.7152815291125347,0.07394604603917783,0.060336567178340975,2,0.9702822372314588,0,0.07394604603917783,0.0935351717789898,0.10457550119247058,0.11455672193104907,0.9999854128923323
PRKAA2,5,-0.7615324905445671,0.09462832398640891,0.18096092813427844,4,0.9961453759848272,0,0.09462832398640891,0.1403564866368808,0.1639010649795489,0.18446456261789615,0.9999854128923323
PRKAB2,5,-0.7561118305470376,0.06771037765833822,1.8710342431975788,4,0.7594638277216996,0,0.06771037765833822,0.10043072007008878,0.11727781430391837,0.13199182520903402,0.9999854128923323
PRKACB,5,-0.7787127229502637,0.09038366174401108,0.47460688249587235,4,0.9759254548064416,0,0.09038366174401108,0.13406063509682023,0.15654909431474662,0.1761901926299307,0.9999854128923323
PRKAR1A,2,-0.7707862087571197,0.16251915497216243,0.009148698564687457,1,0.9237994827010794,0,0.16251915497216243,0.185300346607138,0.1990445015550508,0.21189905319720467,0.9999854128923323
PRKCD,3,0.8198581472935746,0.16334049316138602,1.2053756311616017,2,0.5473385122570724,0,0.16334049316138602,0.2066111970100548,0.23099834071354192,0.2530460039101418,0.9999854128923323
PRKCSH,4,0.7519616663167555,0.05828070695162738,0.5590922714360965,3,0.9057299868462089,0,0.05828070695162738,0.08033441059275152,0.09214988880597562,0.10261377338653203,0.9999854128923323
PRKD2,2,0.7260620141368438,0.12735436538915376,0.07545432768010799,1,0.7835547899858603,0,0.12735436538915376,0.14520631769580936,0.15597660585969655,0.16604977703160564,0.9999854128923323
PRKG2,3,-0.8470124853540747,0.11240597788159287,0.6638093985594505,2,0.7175557031713944,0,0.11240597788159287,0.14218356508973684,0.1589660584119588,0.17413859213982738,0.9999854128923323
PRKRA,3,-0.6324346487231038,0.08643564799964538,0.125522622747835,2,0.9391676155658314,0,0.08643564799964538,0.1093334074845825,0.1222384656736054,0.1339055300885092,0.9999854128923323
PRKRIR,4,-0.7623880350021051,0.06192059939284982,2.7032623413660435,3,0.43967317828547997,0,0.06192059939284982,0.08535165607896901,0.09790506408212236,0.10902246534740608,0.9999854128923323
PRMT1,3,0.6113879647119502,0.05713352018027729,0.09512953309180015,2,0.9535487130761617,0,0.05713352018027729,0.07226882180514807,0.08079899910506508,0.08851086886736774,0.9999854128923323
PRMT3,3,-0.6259904893120347,0.06777929851111697,0.03725088595399599,2,0.9815469386986329,0,0.06777929851111697,0.08573478460143563,0.09585440320255616,0.10500323774047088,0.9999854128923323
PRMT9,2,-0.6602046210322596,0.15124466331382388,0.25709532238084015,1,0.6121227668825352,0,0.15124466331382388,0.17244544828781516,0.1852361257189534,0.1971989145699091,0.9999854128923323
PROCA1,2,0.7763509314027541,0.1814812380002031,0.1291506503493121,1,0.7193143040854644,0,0.1814812380002031,0.20692044768439943,0.2222682154945451,0.23662258465401567,0.9999854128923323
PROS1,4,-0.7409081714477372,0.1051969132725406,0.6281505648833365,3,0.8899587767141112,0,0.1051969132725406,0.14500393811181064,0.16633092438021282,0.1852182786401448,0.9999854128923323
PROSER3,3,0.6512002315025698,0.08772946855375305,0.09708121483583335,2,0.9526186551365637,0,0.08772946855375305,0.11096997541839104,0.12406820424850153,0.13590990827212515,0.9999854128923323
PRPF38B,2,-0.6926521905304833,0.11111603373118456,0.28093160321157856,1,0.5960912601885174,0,0.11111603373118456,0.12669177099478351,0.1360887924416431,0.14487758287138341,0.9999854128923323
PRPF39,3,-0.6630680927665628,0.09281915980923197,0.6899677398427999,2,0.7082317772099003,0,0.09281915980923197,0.11740798220013318,0.13126611465029156,0.1437948240600481,0.9999854128923323
PRR12,4,0.7613353832838113,0.08025585285567267,0.39085562384598455,3,0.9421249634416541,0,0.08025585285567267,0.11062505884031713,0.12689564529162717,0.1413050103306082,0.9999854128923323
PRR13,2,-0.6441241873720781,0.15153862132731485,0.016729249807058564,1,0.8970873548606875,0,0.15153862132731485,0.17278061199080852,0.18559614928838092,0.19758218892762489,0.9999854128923323
PRR18,2,0.9282397218602138,0.2209868375870439,0.006863016417546415,1,0.9339761195185436,0,0.2209868375870439,0.25196376148712196,0.27065249597977803,0.2881315846231167,0.9999854128923323
PRR36,5,0.9805828825765774,0.09838664184623735,2.8290784974418512,4,0.5868237457036688,0,0.09838664184623735,0.14593097288209766,0.1704106624637653,0.19179087287033023,0.9999854128923323
PRR7,4,1.1300014738815223,0.1288396188681005,1.173968430541337,3,0.759254286471186,0,0.1288396188681005,0.17759315876786202,0.20371332424560132,0.2268455573936592,0.9999854128923323
PRRC1,2,-0.6042087926647688,0.082071088792263,0.11833834014899908,1,0.7308437281161545,0,0.082071088792263,0.09357543855206758,0.10051614508784783,0.10700760789042423,0.9999854128923323
PRRT1,3,0.6943302674896513,0.13174851839472848,0.22918355624472803,2,0.8917300933487663,0,0.13174851839472848,0.16665015859197307,0.18632054153638622,0.20410392705211397,0.9999854128923323
PRRT3,4,0.9097887139929987,0.07805401249009285,0.2868626523405967,3,0.9624800236944272,0,0.07805401249009285,0.10759003134596988,0.12341422999196214,0.13742827032307095,0.9999854128923323
PRSS3,2,0.7506446280983858,0.21677565305272908,7.644988967299645e-4,1,0.9779416430853658,0,0.21677565305272908,0.24716227237053864,0.2654948693188924,0.28264087175414526,0.9999854128923323
PSAP,2,0.6810414125953859,0.13566935167210742,0.3750122328933123,1,0.540284767847358,0,0.13566935167210742,0.15468686071566953,0.16616034266543545,0.17689119274661733,0.9999854128923323
PSD,4,0.9241323003201449,0.11024433189312152,0.09275794452360403,3,0.9926921054078088,0,0.11024433189312152,0.15196132454564018,0.1743115939529033,0.1941051761678144,0.9999854128923323
PSD2,3,0.737332190397125,0.13013150043183538,0.5699252548208903,2,0.7520423595646284,0,0.13013150043183538,0.16460477467991394,0.1840337328026619,0.2015988535957927,0.9999854128923323
PSD4,5,0.7731659505808046,0.09084192395012426,0.8584821742344894,4,0.9304401808867488,0,0.09084192395012426,0.13474034779275418,0.15734282773892325,0.17708351012572743,0.9999854128923323
PSEN1,2,-0.6679874387461998,0.11500466775945678,0.040597386520466634,1,0.8403170652367027,0,0.11500466775945678,0.13112549595102377,0.1408513770244883,0.14994774133339642,0.9999854128923323
PSENEN,4,0.6515393750657811,0.0811088493635046,0.2444858361785254,3,0.9701070343233577,0,0.0811088493635046,0.11180083338524893,0.12824435119208644,0.1428068656603113,0.9999854128923323
PSKH1,2,0.6621961808434026,0.15375418003790564,0.03314552953756088,1,0.855536316313835,0,0.15375418003790564,0.17530673758548848,0.18830964345644396,0.2004709240626151,0.9999854128923323
PSMA4,3,-0.6638905480993503,0.10689498361182583,0.10998893941542298,2,0.9464903823074725,0,0.10689498361182583,0.13521264746389675,0.15117233557349383,0.16560099652868648,0.9999854128923323
PSMA7,5,0.8519129349094465,0.05594234555376734,2.226768037930751,4,0.6941317078384347,0,0.05594234555376734,0.08297590769208643,0.09689498479369991,0.10905170745576168,0.9999854128923323
PSMB10,5,1.322147701120188,0.0921342541739172,0.5175667886145521,4,0.9717684725395344,0,0.0921342541739172,0.1366571832828584,0.15958120934668948,0.17960272550910555,0.9999854128923323
PSMB8,5,0.7869679618453407,0.09449670592854684,0.6704996851561112,4,0.9549164585964477,0,0.09449670592854684,0.14016126550856256,0.16367309581613826,0.18420799178948719,0.9999854128923323
PSMC3,4,0.6257851798640858,0.0556449381453465,0.09675537377228048,3,0.992223928413355,0,0.0556449381453465,0.07670125402025009,0.08798237239924027,0.09797302352034591,0.9999854128923323
PSMC6,3,-0.7616660431453155,0.08748614651149601,0.050860032615341805,2,0.974890603022444,0,0.08748614651149601,0.11066219467500865,0.1237240949163173,0.13553295538515447,0.9999854128923323
PSMD12,5,-0.8766548803405839,0.08631577812354091,1.1237679456169918,4,0.8904830547743009,0,0.08631577812354091,0.1280269886264578,0.14950331320481505,0.16826042761646276,0.9999854128923323
PSMD14,3,-0.7549407553367699,0.09966648490865562,0.11452583799606651,2,0.9443457502855898,0,0.09966648490865562,0.12606923947766024,0.14094969467187418,0.15440265449050244,0.9999854128923323
PSMD5,5,-0.6855446556465813,0.07822917114779399,0.5093229909981803,4,0.9725870616008442,0,0.07822917114779399,0.11603261214260349,0.13549689906198048,0.15249672858848218,0.9999854128923323
PSMD6,3,-0.654923480947387,0.10118090843929278,0.16664687471264272,2,0.9200535194127507,0,0.10118090843929278,0.12798485055724712,0.1430914129680782,0.15674878933580738,0.9999854128923323
PSME4,3,-0.7606868088325628,0.07439539261678502,0.038246964692299226,2,0.9810582113933122,0,0.07439539261678502,0.09410355523660593,0.10521097321672859,0.11525284665574824,0.9999854128923323
PSTPIP1,3,1.0485483239028603,0.14934970744816062,1.0954241784594365,2,0.5782713312500213,0,0.14934970744816062,0.18891409736640055,0.2112123818096428,0.23137157188307036,0.9999854128923323
PTAR1,5,-0.7011416210490292,0.06784684914011116,0.24202345052297242,4,0.9932428115835136,0,0.06784684914011116,0.10063313998942001,0.11751418984413331,0.13225785710238847,0.9999854128923323
PTBP2,5,-0.7982831181214916,0.07432026277591848,2.4591869064966554,4,0.6519586154170003,0,0.07432026277591848,0.11023476407186375,0.12872647115976077,0.14487686338580766,0.9999854128923323
PTBP3,5,-0.803324951936181,0.06108098795177359,1.3712829773413397,4,0.8491704969940883,0,0.06108098795177359,0.09059774608765034,0.1057953745089743,0.11906876558873825,0.9999854128923323
PTCD2,2,-0.6187640926037709,0.14295796429077923,0.006244856425321686,1,0.9370132121862267,0,0.14295796429077923,0.1629971577065466,0.17508703358971378,0.18639438092946445,0.9999854128923323
PTCH2,4,0.7291653925516496,0.11196060912064922,0.6514306016443075,3,0.8845640097860511,0,0.11196060912064922,0.15432704944327458,0.17702526652053657,0.197126994050706,0.9999854128923323
PTCHD2,4,1.0193194303069202,0.13648898385487612,2.249222461073675,3,0.5223182633063973,0,0.13648898385487612,0.18813708075788677,0.2158080322516787,0.2403136542366737,0.9999854128923323
PTDSS2,2,0.6460335825709812,0.09692278960445341,0.16995932444502398,1,0.6801479598565884,0,0.09692278960445341,0.11050898283905199,0.11870568948902033,0.1263718566216606,0.9999854128923323
PTEN,5,-0.6960720360529098,0.06239147954054051,2.2151058166010698,4,0.6962646874009186,0,0.06239147954054051,0.09254151923524331,0.10806521252361026,0.12162338399000087,0.9999854128923323
PTGDS,5,0.786002142031002,0.0885772159985881,1.7639374886331047,4,0.7790731687708905,0,0.0885772159985881,0.13138124305597498,0.1534202385025574,0.1726687815947921,0.9999854128923323
PTGES2,5,0.7699645219929926,0.07047449435856311,1.8235413652419357,4,0.7681726157083265,0,0.07047449435856311,0.10453056768816152,0.12206540486675752,0.13738008061346282,0.9999854128923323
PTGES3,5,-0.7830905429558713,0.09174332676315547,1.0949929363055189,4,0.895065816993406,0,0.09174332676315547,0.13607734422840734,0.1589041032091788,0.1788406676938169,0.9999854128923323
PTGR2,4,-0.741398198396635,0.08307571478560244,1.8432803832608773,3,0.6055622309950223,0,0.08307571478560244,0.11451197027194865,0.13135423848451527,0.14626988958815196,0.9999854128923323
PTGS2,2,-1.0151953045854238,0.23993709437870459,0.46267546055796294,1,0.4963762405090647,0,0.23993709437870459,0.2735703785802915,0.2938617257969181,0.3128396965541972,0.9999854128923323
PTMS,2,0.6565110846716787,0.1465035961991345,0.022011091147617345,1,0.8820575981020051,0,0.1465035961991345,0.16703980007490066,0.17942952808531426,0.19101731934244706,0.9999854128923323
PTOV1,4,0.6693177807503824,0.06478986209724351,0.025559564753771316,3,0.9989214971246009,0,0.06478986209724351,0.08930666177896068,0.10244176675775159,0.11407432364383088,0.9999854128923323
PTP4A1,5,-0.7736409436778919,0.08227943137068094,1.7495339725344576,4,0.7817012782349576,0,0.08227943137068094,0.12204011889006709,0.14251215555189595,0.16039213927557006,0.9999854128923323
PTP4A2,5,-0.8229900067740605,0.11409660181137608,1.2954119772326402,4,0.8621534757863473,0,0.11409660181137608,0.1692326091472567,0.19762111130825857,0.2224152226594081,0.9999854128923323
PTPN18,4,0.659996092832573,0.08320726867536096,0.6214428562938248,3,0.8915064517182469,0,0.08320726867536096,0.1146933047949445,0.13156224344786108,0.14650151411259368,0.9999854128923323
PTPN2,4,-0.7562652215595498,0.08757730894077341,1.1762781385548895,3,0.7586992339887103,0,0.08757730894077341,0.12071698960164874,0.13847188380053613,0.15419576397571294,0.9999854128923323
PTPN23,4,0.6639294051565496,0.05694002119848449,0.19273320241958014,3,0.9787537939855783,0,0.05694002119848449,0.07848640281449609,0.09003007850274074,0.1002532525340698,0.9999854128923323
PTPN4,5,-0.6994795377088205,0.07753355291889943,0.7105606994794877,4,0.9500202140827926,0,0.07753355291889943,0.1150008435712587,0.13429205294686405,0.1511407190245751,0.9999854128923323
PTPN6,2,0.9204944901902984,0.23757918882739368,0.7634033207217497,1,0.382265556241311,0,0.23757918882739368,0.27088195261598197,0.2909738930657243,0.30976536384592784,0.9999854128923323
PTPRC,2,-0.6966014478718099,0.18510367165735966,5.836231267962344e-4,1,0.9807263456754783,0,0.18510367165735966,0.21105065751934132,0.22670477253810387,0.2413456602961001,0.9999854128923323
PTPRF,5,0.7658978937800597,0.06600356024380062,2.6562022558569542,4,0.6169001132601335,0,0.06600356024380062,0.09789910072460033,0.11432151982269591,0.12866462554430672,0.9999854128923323
PTPRS,5,0.6894802159590077,0.053316765517325254,0.7959281927268407,4,0.9389931122243891,0,0.053316765517325254,0.07908154315328436,0.09234734677124368,0.10393350972555426,0.9999854128923323
PTPRU,4,0.6874550127338827,0.09305787973989277,0.43224714182688784,3,0.9335033113694232,0,0.09305787973989277,0.12827143511008307,0.14713742710204927,0.16384530461145802,0.9999854128923323
PTRH1,4,0.8894883132491287,0.11258220384890133,1.3238854114054561,3,0.7234692146465046,0,0.11258220384890133,0.15518385864710152,0.17800809408195162,0.19822142450495675,0.9999854128923323
PTRHD1,4,0.7565618720640497,0.101358328696322,1.212984858765812,3,0.7498917205755014,0,0.101358328696322,0.13971281441804878,0.16026158925419132,0.17845975307599782,0.9999854128923323
PTS,5,-0.7651562427717186,0.07479064450069202,1.6933415627559865,4,0.791926779865384,0,0.07479064450069202,0.11093245291898834,0.12954119620602042,0.1457938061727925,0.9999854128923323
PUF60,5,0.6687604608465887,0.04827752999733114,1.6230538112392168,4,0.804642804059363,0,0.04827752999733114,0.07160714898538455,0.08361913481930809,0.09411023127186645,0.9999854128923323
PURA,5,-0.8467893986355529,0.08075481214595005,1.9594501433779878,4,0.7432170954143429,0,0.08075481214595005,0.11977874313249785,0.13987143759246576,0.15742010926805122,0.9999854128923323
PURB,4,-0.6441272519108989,0.06139091955112135,0.31447618282261985,3,0.9572833024796085,0,0.06139091955112135,0.08462154280283055,0.09706756671685263,0.10808986775054351,0.9999854128923323
PUS10,5,-0.9606691358027074,0.07486536242258456,3.4315279170283883,4,0.48836575282848216,0,0.07486536242258456,0.11104327750684802,0.12967061144297426,0.14593945821650411,0.9999854128923323
PUS7L,5,-1.0917648659437933,0.07130743237988998,1.147218943522199,4,0.8867098495862394,0,0.07130743237988998,0.10576601442688328,0.12350809583925156,0.13900377573263184,0.9999854128923323
PUSL1,3,0.6997527647462601,0.11347941995028665,0.7359630431955224,2,0.6921299710265729,0,0.11347941995028665,0.14354137383906296,0.16048413474392736,0.17580156144189515,0.9999854128923323
PVRL1,3,0.7497096901043676,0.11421987141140734,0.20434661769374496,2,0.90287306221948,0,0.11421987141140734,0.14447797908463936,0.16153129124252322,0.17694866391293332,0.9999854128923323
PVRL2,5,0.7173700671965936,0.09336284587420257,0.5954511834570366,4,0.9635678200700515,0,0.09336284587420257,0.13847947926464133,0.16170919259334118,0.1819976916363897,0.9999854128923323
PVRL3,2,-0.6550754227950366,0.0926245744892639,0.021363238025637863,1,0.8837937519818706,0,0.0926245744892639,0.10560826359292323,0.11344147257055416,0.12076766975825622,0.9999854128923323
PWWP2A,5,-0.7816806817615778,0.0746541364551156,1.3321547914278389,4,0.855896863181046,0,0.0746541364551156,0.11072997876677229,0.1293047573354401,0.14552770300346346,0.9999854128923323
PWWP2B,4,1.0325575635368258,0.10447662967212842,0.49321194889417697,3,0.9203801660124382,0,0.10447662967212842,0.1440110956854694,0.1651920560109283,0.18395008849605346,0.9999854128923323
PXMP2,4,0.8542743057498405,0.101428004575217,2.4003671529505306,3,0.49356628096463856,0,0.101428004575217,0.13980885598920212,0.16037175649183247,0.17858243011993577,0.9999854128923323
PYCARD,2,1.6468920081568057,0.22155647058094108,0.39348277904803813,1,0.530474362929995,0,0.22155647058094108,0.2526132430280892,0.27135015106762905,0.2888742951798962,0.9999854128923323
PYCR2,3,0.6233623543776453,0.09216670762110438,0.0972835564804728,2,0.952522282798983,0,0.09216670762110438,0.11658268820859563,0.13034340791704152,0.14278404947652218,0.9999854128923323
PYCRL,4,0.9460756081641924,0.11496038955824382,2.2595496150386136,3,0.5203143860690161,0,0.11496038955824382,0.15846196142301164,0.18176833585214433,0.20240865252969753,0.9999854128923323
PYGB,4,0.6575903275454871,0.05789619087857552,0.8771433123244565,3,0.8309398540413838,0,0.05789619087857552,0.07980439176306062,0.09154191551208184,0.10193676297867318,0.9999854128923323
PYGM,3,0.8279437420490587,0.14641666133569517,0.36911269195872387,2,0.8314730884139901,0,0.14641666133569517,0.18520405488732325,0.2070644282183285,0.22682771638417554,0.9999854128923323
PYGO1,5,-0.6693180075196067,0.08396180397342967,0.194194266120119,4,0.995580383954304,0,0.08396180397342967,0.12453548072031435,0.1454261103771186,0.16367168722963663,0.9999854128923323
PYROXD1,5,-1.0324330631699923,0.09326407105725738,2.0822544619631267,4,0.7206331981884021,0,0.09326407105725738,0.13833297253504293,0.1615381095918838,0.18180514407094753,0.9999854128923323
QARS,2,0.6880740613895479,0.09133661660040655,0.6182433497605464,1,0.43170081812320743,0,0.09133661660040655,0.10413976565948553,0.1118640527516078,0.11908837812488851,0.9999854128923323
QKI,2,-0.7465521294839295,0.14806121521146495,0.2686907089353408,1,0.6042114109564544,0,0.14806121521146495,0.16881575899442702,0.181337213982248,0.19304820606476186,0.9999854128923323
QPRT,5,1.0786824833107682,0.09624356362122162,1.3079890696734253,4,0.8600186168656929,0,0.09624356362122162,0.1427522741840798,0.1666987420934435,0.1876132443255169,0.9999854128923323
QRSL1,3,-0.7303147813758485,0.07382475936177603,0.3128454175822863,2,0.8551976144059588,0,0.07382475936177603,0.09338175491882031,0.10440397592835378,0.11436882541837147,0.9999854128923323
QSER1,2,-1.0766753265602516,0.1357743405076996,0.30638239407703655,1,0.5799086238373823,0,0.1357743405076996,0.1548065664059215,0.16628892720338034,0.17702808144051974,0.9999854128923323
QTRT1,2,0.5935649389200494,0.1283719818213729,0.009324782872480862,1,0.923071919753241,0,0.1283719818213729,0.14636657894400268,0.15722292636610075,0.16737658653010498,0.9999854128923323
QTRTD1,2,-0.7337234665459275,0.13350801773547608,0.3568279484469255,1,0.5502732112640933,0,0.13350801773547608,0.1522225608756897,0.16351326001118163,0.1740731580669907,0.9999854128923323
R3HCC1,2,0.6617058831520424,0.11681205298782657,0.007979545929308593,1,0.9288210004905245,0,0.11681205298782657,0.1331862321720982,0.14306496281356312,0.15230428335897964,0.9999854128923323
RAB11A,5,-0.8676405739083607,0.10934547780890595,1.4605162678537336,4,0.8336117386690025,0,0.10934547780890595,0.16218555341943214,0.1893919231429203,0.21315357694765572,0.9999854128923323
RAB11B,5,0.9253144633028259,0.05511657260032427,1.5218109142931473,4,0.8227710421485552,0,0.05511657260032427,0.08175108846648463,0.0954647040828203,0.10744197962521866,0.9999854128923323
RAB11FIP2,2,-0.6685296957399222,0.10976095539471295,0.0060948184937724675,1,0.937772912960067,0,0.10976095539471295,0.12514674397645437,0.13442916719871564,0.14311077688131066,0.9999854128923323
RAB11FIP3,4,0.8126142152692035,0.08214249472176281,0.13338793330950746,3,0.9875496634545857,0,0.08214249472176281,0.11322561518630923,0.12987868800456479,0.14462678611258695,0.9999854128923323
RAB11FIP4,2,0.8930022570707928,0.13813876883994763,2.389004498102187,1,0.12219141883252184,58.14156060424352,0.13813876883994763,0.15750242948475887,0.1691847486770741,0.18011091881462388,0.9999854128923323
RAB14,5,-0.6351345114976563,0.0631674377143108,0.2666217828144644,4,0.991865713467663,0,0.0631674377143108,0.09369245120211625,0.10940921150512876,0.12313600493798338,0.9999854128923323
RAB18,3,-0.7331551843076941,0.106783076859401,0.2670843050217697,2,0.8749905851500844,0,0.106783076859401,0.13507109537461073,0.1510140755264935,0.16542763133329869,0.9999854128923323
RAB1B,3,0.6300974688304456,0.08201255913376876,0.07296633366292969,2,0.9641743238686137,0,0.08201255913376876,0.10373859344078205,0.11598327341190123,0.12705331028197495,0.9999854128923323
RAB21,5,-0.8795687449318783,0.06473438063235724,0.6299526774337262,4,0.9596778088623423,0,0.06473438063235724,0.09601660314175252,0.11212323625174545,0.1261905390124341,0.9999854128923323
RAB22A,3,-0.6665112964643106,0.0825196600841325,0.13931579379266912,2,0.9327128492929369,0,0.0825196600841325,0.10438003104349622,0.11670042245339793,0.12783890769621684,0.9999854128923323
RAB26,5,0.903713144395168,0.11254979895344767,2.412970973465825,4,0.660284474712698,0,0.11254979895344767,0.16693832974429593,0.1949419701690338,0.21939994878976993,0.9999854128923323
RAB27B,3,-1.1592605277611279,0.2350816038531643,0.5161578420841053,2,0.7725342604921286,0,0.2350816038531643,0.2973573216725657,0.3324555924335642,0.36418685468921386,0.9999854128923323
RAB28,5,-0.6925725784102361,0.07327147727971585,0.8155208621960897,4,0.9363552478525929,0,0.07327147727971585,0.1086791637898186,0.1269099213940965,0.14283240407714656,0.9999854128923323
RAB2B,4,-0.7329764470950503,0.07604779397948361,1.1403810506786107,3,0.7673359512698136,0,0.07604779397948361,0.10482464997021153,0.1202421200032042,0.13389595813299424,0.9999854128923323
RAB30,4,-0.7630608540141818,0.09138092257590896,1.9606692652779658,3,0.580609943393805,0,0.09138092257590896,0.1259599091797311,0.14448592501368662,0.16089271684434703,0.9999854128923323
RAB31,3,-0.6865552213876777,0.1320383121921733,0.011699264526794359,2,0.9941674435234957,0,0.1320383121921733,0.1670167219726591,0.18673037185502428,0.20455287367264915,0.9999854128923323
RAB33B,3,-0.7337832691425316,0.09522606131262741,0.08868779366626703,2,0.9566249206182261,0,0.09522606131262741,0.12045249854189842,0.13466998739968958,0.14752357983549294,0.9999854128923323
RAB3GAP2,3,-0.6298199508608465,0.0980648206863849,0.18424662335125708,2,0.9119926832650957,0,0.0980648206863849,0.12404327668198918,0.13868459940637118,0.15192136694687414,0.9999854128923323
RAB3IL1,4,0.8585351040268787,0.10333325615282793,1.1909676910433409,3,0.755171437748448,0,0.10333325615282793,0.1424350640522807,0.16338422374227227,0.181936971680174,0.9999854128923323
RAB3IP,5,-1.0796444735530102,0.08443883266994168,3.2368120861253455,4,0.5190057634634937,0,0.08443883266994168,0.12524302861978906,0.14625234831614578,0.16460158734993158,0.9999854128923323
RAB4B-EGLN2,5,1.2002692209323182,0.1221083133562725,2.611268924370194,4,0.6248281863563279,0,0.1221083133562725,0.18111589775491824,0.21149780275960528,0.23803292361501552,0.9999854128923323
RAB5A,5,-0.6375849884267276,0.08840029577639867,0.30850916342249013,4,0.9892582788992789,0,0.08840029577639867,0.1311188279591474,0.15311380368883892,0.17232390059056846,0.9999854128923323
RAB6A,5,-0.8648969985519293,0.0946537549565406,0.8390513417502883,4,0.9331373369549448,0,0.0946537549565406,0.140394206861324,0.16394511271190276,0.18451413670506867,0.9999854128923323
RAB8B,3,-1.0317552831549819,0.1816008909764364,1.2451458751187716,2,0.536562119218339,0,0.1816008909764364,0.22970897624058328,0.2568224429579142,0.28133489056326677,0.9999854128923323
RAB9B,4,-0.9350758317356036,0.13193634376349136,0.6761849663183841,3,0.8787906699815239,0,0.13193634376349136,0.18186169946084996,0.20860967622379223,0.2322979042040679,0.9999854128923323
RABAC1,5,1.4203124050158429,0.0745800205273908,2.944768489901211,4,0.5671104037850953,0,0.0745800205273908,0.11062004708055982,0.12917638478297067,0.1453832244624218,0.9999854128923323
RABGAP1L,4,-0.7011825771645125,0.07750994085670629,0.5555471002802224,3,0.9065290455794431,0,0.07750994085670629,0.10684008035404692,0.12255397720606732,0.13647033336220488,0.9999854128923323
RABGGTA,5,0.6907605918765095,0.06832851817774845,0.48622621351101825,4,0.9748279321640296,0,0.06832851817774845,0.1013475706270613,0.1183484650897539,0.133196802912811,0.9999854128923323
RABGGTB,5,-0.690565864230625,0.07423660094434652,1.0563704097417657,4,0.9011312918227444,0,0.07423660094434652,0.11011067352211742,0.12858156461682385,0.14471377645243927,0.9999854128923323
RAC3,5,1.2606578606087806,0.08544705079591855,2.1849768580587257,4,0.7017806168568155,0,0.08544705079591855,0.1267384577678955,0.1479986333354496,0.16656696629565262,0.9999854128923323
RAD17,5,-0.8700952003789594,0.06051977704255157,1.754524384656043,4,0.780791010165104,0,0.06051977704255157,0.08976533578846756,0.10482332870043984,0.1179747641254882,0.9999854128923323
RAD18,5,-0.7641647595259614,0.07018690495947598,1.2379057014199355,4,0.8718191277306369,0,0.07018690495947598,0.10410400367487857,0.1215672854158204,0.13681946566773293,0.9999854128923323
RAD54B,5,-0.8244780035372622,0.07394886787600877,1.0459198724376573,4,0.9027549203091029,0,0.07394886787600877,0.10968389641289866,0.1280831963234452,0.1441528814437815,0.9999854128923323
RADIL,3,0.711261369061455,0.11310823287980537,1.0194593961356462,2,0.600657915866504,0,0.11310823287980537,0.14307185520677243,0.1599591969546752,0.17522652090497456,0.9999854128923323
RAI1,2,0.6543707991005226,0.11296174920477572,0.3048925478181193,1,0.5808313658330025,0,0.11296174920477572,0.12879621041949738,0.13834932300197197,0.14728410142233445,0.9999854128923323
RALA,5,-0.6939292077858787,0.07123921304366235,0.28623526998729515,4,0.9906853152413508,0,0.07123921304366235,0.10566482879925887,0.12338993648284666,0.13887079176452183,0.9999854128923323
RALGAPB,2,-0.5977386656900674,0.09100817580982734,0.0024183058907880145,1,0.9607788192634124,0,0.09100817580982734,0.10376528554146698,0.1114617965777901,0.11866014372650638,0.9999854128923323
RALGPS2,4,-0.8637753487207928,0.13799343961089816,0.3567821828143593,3,0.9490181889796422,0,0.13799343961089816,0.1902108299065238,0.21818678566566882,0.24296252193394857,0.9999854128923323
RALY,2,0.670441187428792,0.10885133899631362,0.13753060276253354,1,0.7107483738995719,0,0.10885133899631362,0.12410962171273227,0.13331511917984237,0.14192478219885932,0.9999854128923323
RAMP1,5,1.5152200181239148,0.07979250944272641,1.7561480858601815,4,0.7804947726857013,0,0.07979250944272641,0.1183514175621428,0.13820468041822154,0.15554423595889633,0.9999854128923323
RANBP17,2,-0.7188388000448803,0.18306663793149777,0.4741027846518019,1,0.49110572620557236,0,0.18306663793149777,0.20872808172501547,0.2242099259295028,0.23868969326307654,0.9999854128923323
RANBP2,2,-0.6225172309504791,0.11667044976820413,0.0032937082159566373,1,0.9542338616797964,0,0.11667044976820413,0.1330247796609698,0.14289153499655802,0.15211965534899025,0.9999854128923323
RANBP6,4,-0.6627418641253084,0.09911623131373919,0.28555904337103194,3,0.9627211532330061,0,0.09911623131373919,0.13662229645520324,0.1567165220217595,0.17451213327588375,0.9999854128923323
RANGRF,3,0.7811500397637187,0.0973326033217923,0.7719444182620543,2,0.6797894173564387,0,0.0973326033217923,0.12311708683621377,0.13764908767875925,0.15078702068332572,0.9999854128923323
RAP1A,4,-0.6291202663602151,0.0827966961944419,0.623431048701609,3,0.8910480401084703,0,0.0827966961944419,0.114127369685619,0.13091307135571595,0.14577862666459576,0.9999854128923323
RAP1B,5,-0.7147856225771757,0.07103526851391996,1.7459851832330096,4,0.7823483920492633,0,0.07103526851391996,0.10536233017667349,0.12303669419540711,0.13847323068669226,0.9999854128923323
RAP1GAP,3,0.740000194421727,0.1294979654356527,0.4245542653171485,2,0.8087405380915608,0,0.1294979654356527,0.1638034092537686,0.18313777901882236,0.20061738540001064,0.9999854128923323
RAP1GDS1,2,-0.680184624730819,0.14493112378559583,0.03814612811855432,1,0.845150004388099,0,0.14493112378559583,0.16524690567233752,0.17750365056142803,0.18896706615435582,0.9999854128923323
RAPGEF4,3,-0.763940305332498,0.13062197519631694,0.9633800048262866,2,0.6177385295393383,0,0.13062197519631694,0.1652251816361525,0.18472736886659344,0.2023586938336215,0.9999854128923323
RAPGEF5,3,-0.9048889060474724,0.13328847060656662,0.8767705094605778,2,0.645077215930738,0,0.13328847060656662,0.16859806118286214,0.18849836283977417,0.20648961076027575,0.9999854128923323
RAPGEFL1,2,0.6311576059650684,0.143870784506505,0.008512144189992908,1,0.92649044946431,0,0.143870784506505,0.16403793288405083,0.17620500546742648,0.18758455287863987,0.9999854128923323
RARA,3,0.6846806267649167,0.09982630238660478,0.6453246450174731,2,0.7242183653233982,0,0.09982630238660478,0.12627139437374948,0.14117571071669416,0.15465024266271443,0.9999854128923323
RARG,2,0.6319591362539526,0.16302115433565437,4.191357359820167e-4,1,0.9836662061622365,0,0.16302115433565437,0.18587271394480692,0.19965932270092937,0.21255358028878202,0.9999854128923323
RARRES2,3,0.8465534809353173,0.1221137789399496,1.4486212497737307,2,0.48465856537106106,0,0.1221137789399496,0.154463070056217,0.17269496232950676,0.1891778528707515,0.9999854128923323
RARRES3,3,0.9554701018763205,0.15960197188148412,0.03724305277260177,2,0.98155078302377,0,0.15960197188148412,0.20188230007985564,0.2257112732162842,0.24725431164754097,0.9999854128923323
RASA2,5,-0.9955859672037063,0.07123635657504374,0.8643182753783358,4,0.9296231912347858,0,0.07123635657504374,0.1056605919716093,0.123384988934069,0.13886522348208621,0.9999854128923323
RASD1,4,0.7255791773207967,0.12447045269614307,0.4082283580173686,3,0.9385375123399101,0,0.12447045269614307,0.17157067881583757,0.19680506595602915,0.21915284653087816,0.9999854128923323
RASGEF1B,5,-0.7408034904923247,0.09412783108409796,1.0129973389366014,4,0.9078188060755041,0,0.09412783108409796,0.13961413569589667,0.16303418584391874,0.18348892233992387,0.9999854128923323
RASGEF1C,3,0.9201426583310426,0.15215035759387982,1.5985274297090706,2,0.44965992018299433,0,0.15215035759387982,0.1924566707223026,0.2151730992291811,0.2357103204322399,0.9999854128923323
RASGRP3,2,-0.7270145829467255,0.1745603956798809,0.05048791179428766,1,0.8222164355261269,0,0.1745603956798809,0.19902947334978197,0.21379194935702062,0.22759891027388113,0.9999854128923323
RASGRP4,3,1.1230759283620924,0.18834376908907913,0.22438130435930698,2,0.8938738222613992,0,0.18834376908907913,0.23823811736892267,0.26635831263424226,0.2917809124175755,0.9999854128923323
RASL10A,3,0.9064394817571837,0.13989486767262793,0.21039423364028428,2,0.9001470709692013,0,0.13989486767262793,0.17695456592534517,0.1978412191690199,0.21672419708639135,0.9999854128923323
RASL10B,2,0.7080437305079276,0.16367381457837,0.5260970912295824,1,0.46825236115160074,0,0.16367381457837,0.1866168611144905,0.20045866498595652,0.2134045451336004,0.9999854128923323
RASSF7,4,0.8730155719446594,0.13367233193289635,0.5020159452205415,3,0.9184482945812047,0,0.13367233193289635,0.18425459401686298,0.2113545145270052,0.23535442678133991,0.9999854128923323
RASSF8,3,-0.6817418684931538,0.14744786968926313,0.14087413915867392,2,0.9319863879758427,0,0.14744786968926313,0.18650844174311004,0.2085227770575767,0.228425257496111,0.9999854128923323
RASSF9,2,-1.2074357178648372,0.33113231678866745,0.009011818613409982,1,0.9243699518323268,0,0.33113231678866745,0.37754893005858137,0.4055526067389354,0.43174371920980126,0.9999854128923323
RAVER1,5,0.8361909396484848,0.0734485304653113,4.314472311506623,4,0.3651163733478468,7.288778066043683,0.0734485304653113,0.10894177610324828,0.12721658650718973,0.143177544274765,0.9999854128923323
RB1,4,-0.7798579746332571,0.06214545755567317,0.23119740112559853,3,0.9724024489009311,0,0.06214545755567317,0.08566160166683526,0.09826059605462374,0.10941836899667405,0.9999854128923323
RB1CC1,3,-0.7919928293463218,0.08168484687317158,1.1649304067333521,2,0.5585198031448948,0,0.08168484687317158,0.10332406657652216,0.11551981828840877,0.12654562063091862,0.9999854128923323
RBBP4,3,-0.6681791127801205,0.06597418868242683,0.31273365781599133,2,0.8552454040839482,0,0.06597418868242683,0.08345148120726875,0.09330159240124958,0.10220677361863398,0.9999854128923323
RBBP5,4,-0.6592002089070186,0.09868722676662099,0.12465800172856477,3,0.9887224304122065,0,0.09868722676662099,0.13603095449596866,0.15603820627402826,0.17375679282649087,0.9999854128923323
RBBP8,2,-0.7178626912478566,0.10322016289215166,0.04774489368201533,1,0.8270348453504582,0,0.10322016289215166,0.11768909310436129,0.12641836512636714,0.13458262683838487,0.9999854128923323
RBCK1,4,0.6546869573846871,0.07270469380832555,0.046905594667831965,3,0.9973358865220786,0,0.07270469380832555,0.10021650439597514,0.11495621450972508,0.12800982288661814,0.9999854128923323
RBL1,2,-0.6177514865059821,0.12448224226174062,0.02193186945919155,1,0.8822684869593498,0,0.12448224226174062,0.141931593488074,0.15245898778939213,0.16230498663155166,0.9999854128923323
RBM26,2,-0.658991925111761,0.1095591212568797,0.22224024657814234,1,0.6373382389341703,0,0.1095591212568797,0.12491661765255081,0.13418197187353262,0.14284761736194776,0.9999854128923323
RBM41,5,-1.0060370900852134,0.06459468112158166,2.0822567312255065,4,0.7206327811244039,0,0.06459468112158166,0.09580939528166015,0.11188126960128962,0.1259182145321141,0.9999854128923323
RBM42,5,0.7943767336556583,0.06747914942731519,3.0036845911196566,4,0.5572089822611161,0,0.06747914942731519,0.10008775317867141,0.1168773152596422,0.13154107840613494,0.9999854128923323
RBM48,5,-1.0328963028726792,0.10629340793106838,2.0206725542691943,4,0.7319564458470161,0,0.10629340793106838,0.1576586022173263,0.18410558304625507,0.2072039974626019,0.9999854128923323
RBM7,3,-0.7862367009839683,0.0872779001124564,1.1642567727481556,2,0.5587079537896852,0,0.0872779001124564,0.11039878150081125,0.12342959003448012,0.13521034145099922,0.9999854128923323
RBM8A,3,-0.6669170954394927,0.1225846475542247,0.5069671595485997,2,0.7760924884343351,0,0.1225846475542247,0.15505867697613565,0.17336087110991044,0.18990731939128722,0.9999854128923323
RBMS1,5,-0.9251619955140877,0.07396669764018209,3.167956072039114,4,0.5301220848822482,0,0.07396669764018209,0.10971034222691615,0.12811407838088035,0.14418763805270424,0.9999854128923323
RBMS3,2,-0.5946015208579107,0.1435119926200428,0.003782829624060854,1,0.9509572617122131,0,0.1435119926200428,0.16362884719238166,0.17576557694458497,0.18711674549280155,0.9999854128923323
RBMX,2,-0.6238434855203543,0.09305173513222617,0.2917747326278874,1,0.5890854781703044,0,0.09305173513222617,0.10609530166059837,0.11396463537728253,0.12132461909645773,0.9999854128923323
RBMXL1,2,-0.6330932908884017,0.14196483932842405,0.0042463898912979605,1,0.9480431613564442,0,0.14196483932842405,0.16186482103041672,0.1738707088854183,0.18509950440081394,0.9999854128923323
RBP1,5,0.8437005238953155,0.09808355354839352,3.404696220108813,4,0.4925166338637041,0,0.09808355354839352,0.1454814202869125,0.1698856981327202,0.1912000450088498,0.9999854128923323
RBPJ,4,-0.7180986228195925,0.08838662244078518,0.3340247774186663,3,0.9535073159115554,0,0.08838662244078518,0.12183255127563745,0.13975152080111608,0.1556207074335505,0.9999854128923323
RCHY1,2,-0.6398018099899894,0.10174855205445765,0.003295246838156707,1,0.9542231850692345,0,0.10174855205445765,0.11601119859191303,0.12461601730021712,0.13266388105586144,0.9999854128923323
RCN2,4,-0.726433535715326,0.08190466764578448,0.15642203187337633,3,0.9842972030919814,0,0.08190466764578448,0.11289779318532399,0.12950265037989006,0.14420804833543752,0.9999854128923323
RCOR2,2,0.6914359901260154,0.18523950818348162,0.37894026610904663,1,0.5381709343105594,0,0.18523950818348162,0.21120553498825642,0.22687113762681937,0.24152276945766182,0.9999854128923323
RCOR3,4,-0.7307054299964169,0.0697314306768793,1.3160499369096381,3,0.7253254343307498,0,0.0697314306768793,0.0961181440003104,0.11025507272053772,0.12277485294292846,0.9999854128923323
RDH11,3,-0.5962896024289938,0.11132373568921869,0.01574987465839007,2,0.9921559887562,0,0.11132373568921869,0.14081462496660224,0.15743553682573083,0.1724619897447761,0.9999854128923323
RDX,2,-0.6223017909126302,0.10912220829150268,0.049078840392669465,1,0.8246739824236179,0,0.10912220829150268,0.12441846022652076,0.13364686495994263,0.14227795255099773,0.9999854128923323
REEP1,3,-0.9297199201779583,0.17574012250640417,0.38258727824194044,2,0.825890038916919,0,0.17574012250640417,0.22229562535890246,0.248534064701666,0.27225542709110184,0.9999854128923323
REEP2,3,0.7658635280023927,0.14796101558873367,1.3139171984949383,2,0.5184256794227248,0,0.14796101558873367,0.18715752566883112,0.2092484749480841,0.22922021970524062,0.9999854128923323
REEP3,5,-0.9910461021891299,0.10650469208793574,3.24746433720545,4,0.5172989288538873,0,0.10650469208793574,0.1579719872662277,0.1844715379407837,0.2076158661076624,0.9999854128923323
REEP4,3,0.7082383346589939,0.14568889776627583,1.1645793415897816,2,0.5586178501673051,0,0.14568889776627583,0.1842834986963396,0.20603521510825462,0.2257002699104405,0.9999854128923323
REEP5,5,-0.7397165292676506,0.08888106980242268,0.3028661012643478,4,0.9896284067317566,0,0.08888106980242268,0.13183193108003421,0.15394652872887193,0.17326110170216483,0.9999854128923323
REEP6,5,1.0603827279692233,0.0936172870180499,2.491732403105715,4,0.6461168437395655,0,0.0936172870180499,0.13885687646985242,0.1621498975820207,0.18249368873677727,0.9999854128923323
RELB,3,0.7511191658263396,0.13839477408655626,0.4595088298575698,2,0.7947287520566152,0,0.13839477408655626,0.17505708095118663,0.19571976647476844,0.21440026209574808,0.9999854128923323
RENBP,2,0.7258468528062498,0.12128246830986988,0.23493102709243502,1,0.627891408093297,0,0.12128246830986988,0.13828328986227864,0.14854008105222605,0.15813299182292356,0.9999854128923323
REXO1,3,0.6830957466283494,0.11220029746607822,0.26773533901367175,2,0.8747058071958678,0,0.11220029746607822,0.1419233976564904,0.15867518237882344,0.1738199534102557,0.9999854128923323
REXO2,4,-0.8695799888686848,0.07451284509280455,0.08625652926700517,3,0.9934340694201744,0,0.07451284509280455,0.10270886894161645,0.11781515271628144,0.13119340173901767,0.9999854128923323
RFC4,3,-0.7165013020687485,0.09440409029236356,0.5534784253293548,2,0.7582522139027363,0,0.09440409029236356,0.11941277830402394,0.1335075448349548,0.14625018780647414,0.9999854128923323
RFK,4,-1.113695649831854,0.17129675844042577,0.12360851823165805,3,0.9888610658207037,0,0.17129675844042577,0.2361162869417851,0.27084395623770885,0.30159906548564186,0.9999854128923323
RFX1,5,0.7781943302385694,0.07263220406600425,1.377962251648433,4,0.8480160955027818,0,0.07263220406600425,0.10773096838174484,0.12580266770803014,0.14158623116830815,0.9999854128923323
RFX2,3,0.8421434576621334,0.12399311272717456,2.2934892049575892,2,0.31766922755230204,12.796624650475144,0.12399311272717456,0.15684026015675348,0.1753527416596263,0.19208930425470638,0.9999854128923323
RFXANK,5,0.7822721245303669,0.071996738829074,3.066550404091404,4,0.5467507814044774,0,0.071996738829074,0.10678842111600002,0.12470200963122315,0.14034748137278127,0.9999854128923323
RGMA,3,0.8339727045894211,0.14283157479606748,0.7338440213875906,2,0.6928636788949445,0,0.14283157479606748,0.18066923925770925,0.20199435021170578,0.22127372419909935,0.9999854128923323
RGPD3,4,-0.7611665437507051,0.07820019222776675,0.3805624567603067,3,0.9442279094159235,0,0.07820019222776675,0.10779152620903637,0.12364536045136987,0.13768564631008193,0.9999854128923323
RGPD5,5,-0.7289683993731935,0.07697740222708371,0.9500648501085381,4,0.917270879902342,0,0.07697740222708371,0.11417593878741052,0.13332877169197463,0.1500565817410049,0.9999854128923323
RGPD6,3,-0.7875387214739795,0.12432808347121184,0.8918608349174243,2,0.6402283192252328,0,0.12432808347121184,0.1572639683570251,0.175826461828842,0.19260823869995564,0.9999854128923323
RGS11,2,0.6767578399203504,0.147670452884445,0.02612710903009803,1,0.8715902831451021,0,0.147670452884445,0.1683702213921043,0.18085862982629727,0.19253871432432765,0.9999854128923323
RGS14,2,0.8609192054837244,0.1812186288289099,0.017856322019403202,1,0.8936970981069674,0,0.1812186288289099,0.20662102716088526,0.22194658625882335,0.2362801841857911,0.9999854128923323
RGS17,4,-1.021944119554384,0.13430259983111104,0.5995766659043656,3,0.8965292791784865,0,0.13430259983111104,0.18512335836044985,0.212351055574228,0.23646412792710478,0.9999854128923323
RGS19,5,0.8992039697060902,0.10250128864348566,1.1162920493128303,4,0.891678750999039,0,0.10250128864348566,0.15203398035263485,0.17753743977179992,0.19981179609719146,0.9999854128923323
RGS5,5,-1.805553891575403,0.15413589508795356,0.8826988160534174,4,0.9270297285242355,0,0.15413589508795356,0.2286204783916834,0.2669712015624417,0.30046617411506665,0.9999854128923323
RGS9BP,4,0.8418573005236294,0.12622047759507996,0.5340566454678625,3,0.9113480810619199,0,0.12622047759507996,0.17398292166826937,0.1995720982773524,0.22223408332077066,0.9999854128923323
RHBDD2,5,1.11849767961283,0.08233288517417592,0.34407495796343496,4,0.9867941627420646,0,0.08233288517417592,0.12211940369338888,0.14260474025540704,0.1604963399214927,0.9999854128923323
RHBDD3,5,0.7629423910452737,0.08279625816678632,0.6659776966634214,4,0.9554573305099063,0,0.08279625816678632,0.12280669691074053,0.14340732582146348,0.16139962017427517,0.9999854128923323
RHBDF1,5,0.6494091402795299,0.10325802720143906,0.27720098968500545,4,0.9912379894250384,0,0.10325802720143906,0.15315640502235905,0.17884814940222163,0.20128695111662326,0.9999854128923323
RHBDF2,2,0.7643211993542744,0.1762257452351554,0.43462524883138204,1,0.5097280927034775,0,0.1762257452351554,0.20092826398690572,0.21583157768391734,0.22977026043913087,0.9999854128923323
RHBDL1,5,1.0897256470801475,0.09247022738126155,0.17941372224117122,4,0.9962090679938393,0,0.09247022738126155,0.13715551208126078,0.16016313201179178,0.18025765786057582,0.9999854128923323
RHCG,2,0.8986505198055785,0.17002888874635735,0.051365536560907935,1,0.8207039485663605,0,0.17002888874635735,0.19386276050551204,0.20824200948051222,0.2216905480938373,0.9999854128923323
RHOBTB2,2,0.6473948979562452,0.11300662414651497,0.13875357733947588,1,0.7095232825357126,0,0.11300662414651497,0.12884737572527122,0.13840428335672111,0.1473426111879584,0.9999854128923323
RHOC,2,0.6680739465974381,0.14769852846037188,0.052273713331556886,1,0.8191530437299728,0,0.14769852846037188,0.16840223247382163,0.1808930152439251,0.19257532039674963,0.9999854128923323
RHOG,4,0.8278746738180561,0.11012803976736811,2.7095771538832962,3,0.43860221016047174,0,0.11012803976736811,0.15180102691255326,0.17412771995724155,0.19390042275175506,0.9999854128923323
RHOT1,4,-0.6299354032209631,0.07249651684136049,0.02219792143037296,3,0.9991262303089591,0,0.07249651684136049,0.09992955224980428,0.1146270578237275,0.1276432895134012,0.9999854128923323
RHOT2,4,0.6424627955760674,0.08928546482497532,0.05289908904915829,3,0.9968150003649425,0,0.08928546482497532,0.12307152000004963,0.14117271539688456,0.15720328275814377,0.9999854128923323
RHPN1,4,0.8670244679646707,0.07536452944507213,3.6795618077362118,3,0.2982093322460706,18.468552595242333,0.07536452944507213,0.10388283480492132,0.11916178391662682,0.13269294678044927,0.9999854128923323
RIC8B,3,-0.7372352103199297,0.08922161794272296,0.3354988188011749,2,0.8455656989532964,0,0.08922161794272296,0.11285741168974042,0.1261784221514695,0.13822153616553876,0.9999854128923323
RICTOR,5,-0.8458592943882812,0.06445834960403754,0.6482175030911603,4,0.9575578339355136,0,0.06445834960403754,0.09560718296282932,0.11164513648623024,0.12565245547927043,0.9999854128923323
RIF1,4,-0.6529333169656436,0.06610142533726202,0.32945659349900136,3,0.9543965479634665,0,0.06610142533726202,0.09111452694314714,0.10451553032465588,0.11638356902077987,0.9999854128923323
RILP,4,0.6695099186005607,0.10299817454619484,0.23494759392588507,3,0.9717596184026193,0,0.10299817454619484,0.14197318593210478,0.1628544132027777,0.18134699963200407,0.9999854128923323
RILPL2,2,0.6559626998024536,0.10666172800621622,0.506277614728062,1,0.47675470333044734,0,0.10666172800621622,0.12161308107129622,0.13063340434937792,0.1390698787522391,0.9999854128923323
RIMKLB,2,-0.7188806644819363,0.09896858730457496,0.0027128262627433295,1,0.9584611253504289,0,0.09896858730457496,0.11284155110145491,0.1212112697301489,0.12903925047909867,0.9999854128923323
RIN1,4,0.8037044358484541,0.10566635938096364,0.31578307005607753,3,0.9570332891576852,0,0.10566635938096364,0.14565102491630885,0.1670731838508724,0.1860448238058871,0.9999854128923323
RIN3,3,0.6565277436349244,0.1196153989259605,0.08942172940724151,2,0.956273934412521,0,0.1196153989259605,0.15130284153427745,0.1691617194297615,0.18530737919608062,0.9999854128923323
RING1,3,0.6627589357276804,0.08642084688782954,0.07407155961800153,2,0.9636416558178312,0,0.08642084688782954,0.10931468539448615,0.12221753374053723,0.13388260030468196,0.9999854128923323
RIOK2,2,-0.6051920866166364,0.10500766978378825,0.03763590063630661,1,0.8461760824259845,0,0.10500766978378825,0.11972716453440069,0.12860760502447618,0.13691325068383958,0.9999854128923323
RIT1,3,-0.7196762382993779,0.09536083194144518,0.12324660963910732,2,0.9402370028374437,0,0.09536083194144518,0.12062297140140132,0.13486058185077324,0.1477323655958806,0.9999854128923323
RLBP1,2,1.02219125216407,0.20757896849320157,0.57892040510594,1,0.4467357990429072,0,0.20757896849320157,0.23667643864337667,0.25423127707080484,0.2706498621340729,0.9999854128923323
RLF,5,-0.8211731711394303,0.07465553124762674,0.1215141861929658,4,0.9982273718151073,0,0.07465553124762674,0.11073204757839449,0.12930717318693544,0.14553042195461544,0.9999854128923323
RLIM,4,-0.6986632871912446,0.09602259475699357,0.316855740506844,3,0.9568278177790832,0,0.09602259475699357,0.13235801274326023,0.15182505313572106,0.1690652240467684,0.9999854128923323
RLTPR,4,0.8478049046984699,0.09893457985561488,1.1181066234509862,3,0.7727049685409269,0,0.09893457985561488,0.13637190719973585,0.15642930584777776,0.17419230288029897,0.9999854128923323
RMDN2,3,-0.7012623977299143,0.09994967054911386,0.5892176663889144,2,0.7448228804769682,0,0.09994967054911386,0.12642744412746085,0.14135017964527954,0.15484136379825436,0.9999854128923323
RMI1,3,-0.7890019419109955,0.09672025509618343,1.0632160629639065,2,0.5876592349460772,0,0.09672025509618343,0.12234252079057908,0.13678309651320808,0.14983837489138058,0.9999854128923323
RMND5A,4,-0.71665543987629865,0.08720529147891458,2.1393863462836946,3,0.5439858233345801,0,0.08720529147891458,0.12020419891855964,0.13788367254612177,0.15354075964368416,0.9999854128923323
RNASEH2A,3,0.6743241570174068,0.12991354061724944,0.5829328484262499,2,0.7471670999051283,0,0.12991354061724944,0.16432907489892212,0.18372549107682212,0.20126119170297918,0.9999854128923323
RNASEH2B,5,-0.7257168475497027,0.07307094185793078,1.4742208390414877,4,0.8311979004009982,0,0.07307094185793078,0.10838172169148828,0.12656258385484748,0.14244148857414887,0.9999854128923323
RNASEK,3,0.8586167533502173,0.15342073315968216,0.7381343098245845,2,0.6913789793965671,0,0.15342073315968216,0.1940635828310068,0.21696968158364616,0.23767837779615242,0.9999854128923323
RNASEK-C17ORF49,5,1.300630484470872,0.12239180754695712,1.669334792059272,4,0.7962801669599032,0,0.12239180754695712,0.1815363875925294,0.2119888291015217,0.23858555552992575,0.9999854128923323
RND2,3,0.8489052557671708,0.15337429548295028,1.6534225666499367,2,0.43748568954758077,0,0.15337429548295028,0.19400484329991907,0.21690400879140684,0.23760643685670477,0.9999854128923323
RND3,4,-0.7460217581690964,0.1010959661909716,1.2975946734037453,3,0.7297043240522209,0,0.1010959661909716,0.1393511726616017,0.15984675770942364,0.17799781621769076,0.9999854128923323
RNF115,4,-0.6044480921833131,0.054132182033640834,0.15119250761883485,3,0.9850548295616245,0,0.054132182033640834,0.07461606362087277,0.08559049497057526,0.09530954153883021,0.9999854128923323
RNF123,5,0.7262254092255989,0.05876090108427479,0.4040660121117445,4,0.9821426552770796,0,0.05876090108427479,0.08715650114431532,0.10177686617649306,0.11454608367681769,0.9999854128923323
RNF125,2,-1.2439302990088985,0.2740386744947897,0.589717505237148,1,0.44252837848132953,0,0.2740386744947897,0.31245216218570115,0.33562746115044273,0.35730271717699574,0.9999854128923323
RNF126,4,0.7152463329994021,0.0758484419196241,0.594149597499825,3,0.8977703737285919,0,0.0758484419196241,0.10454986211901822,0.11992691672050307,0.13354496261210014,0.9999854128923323
RNF13,4,-0.7957850279211246,0.08353658817651573,1.2551699125195865,3,0.7398049280846068,0,0.08353658817651573,0.11514724040083764,0.13208294329864084,0.14708134092717415,0.9999854128923323
RNF138,4,-0.834604109756572,0.07974529881234287,3.066989718820027,3,0.38141156033046664,2.1842172606238863,0.07974529881234287,0.10992130865793365,0.12608838846886192,0.14040608717671943,0.9999854128923323
RNF141,4,-0.7405172746540719,0.09702546711700273,0.5776798935349807,3,0.9015224941301199,0,0.09702546711700273,0.13374037689350923,0.15341073356574972,0.17083096304459852,0.9999854128923323
RNF144B,4,-0.834668848226588,0.12831459917657806,0.14556368289190302,3,0.9858579570555235,0,0.12831459917657806,0.17686946906548678,0.20288319522477638,0.22592116483791916,0.9999854128923323
RNF145,5,-0.8323688171669286,0.09245763295177395,5.476275715381172,4,0.2418227475661801,26.95765867366335,0.09245763295177395,0.13713683152347841,0.1601413178200269,0.18023310679775464,0.9999854128923323
RNF152,5,-1.077781728220541,0.09906211453554938,2.7316288982407775,4,0.603691417058229,0,0.09906211453554938,0.1469328607894077,0.1715806154807789,0.1931076115479821,0.9999854128923323
RNF166,5,0.9234921304745195,0.08733572409241844,0.6558736810730987,4,0.9566570124623707,0,0.08733572409241844,0.12953981297671957,0.151269911443886,0.170248668336756,0.9999854128923323
RNF180,2,-0.6526917838490903,0.10731734117297471,0.01579589087386753,1,0.8999838846225793,0,0.10731734117297471,0.12236059509240567,0.1314363632129822,0.139924693738962,0.9999854128923323
RNF187,5,0.9186015536693182,0.05772494404576213,0.7135048319506263,4,0.9496531167717747,0,0.05772494404576213,0.08561992853997258,0.09998253595133055,0.11252663163592963,0.9999854128923323
RNF2,4,-0.7078822267768066,0.11643609276384274,1.0704166149284853,3,0.7842199978191942,0,0.11643609276384274,0.1604960779159708,0.1841016274921965,0.20500689613801187,0.9999854128923323
RNF208,5,1.2248137724495864,0.10340812082828152,1.5592875091788738,4,0.8160900716490569,0,0.10340812082828152,0.15337902984802138,0.17910811918980504,0.20157953745928325,0.9999854128923323
RNF219,4,-0.6710258773670498,0.08926557421478912,0.4061419931995113,3,0.9389708006402465,0,0.08926557421478912,0.1230441026859981,0.1411412655807651,0.15716826172506226,0.9999854128923323
RNF26,3,0.6456585888082288,0.08421529154498182,0.12142087088576961,2,0.9410957082874672,0,0.08421529154498182,0.10652485403890521,0.11909840746211754,0.13046576865988677,0.9999854128923323
RNF31,2,0.6062377828021986,0.09849308196256784,0.030418823088350498,1,0.861543312250635,0,0.09849308196256784,0.11229939159599503,0.12062889700120638,0.1284192673652388,0.9999854128923323
RNF43,2,0.8024728418383491,0.17266640384991705,0.04409512352181256,1,0.8336767352300407,0,0.17266640384991705,0.19686999040991862,0.21147229257681482,0.22512944705521423,0.9999854128923323
RNF44,5,0.7767159914077716,0.07751292658185292,1.8852161159378997,4,0.7568602688705408,0,0.07751292658185292,0.11497024976933898,0.13425632708312543,0.1511005108915193,0.9999854128923323
RNGTT,3,-0.6480418329422445,0.06619676512303278,0.3470343648602214,2,0.8407027057222927,0,0.06619676512303278,0.08373302060959195,0.09361636302221925,0.10255158755772398,0.9999854128923323
RNPEPL1,5,1.2478620429660237,0.09918715529445547,1.1820638338236233,4,0.8810427702413213,0,0.09918715529445547,0.14711832620681264,0.17179719242822122,0.1933513608603374,0.9999854128923323
ROBO3,4,0.6514722515189827,0.10306044736934775,0.2599341677586784,3,0.967378800202472,0,0.10306044736934775,0.14205902309513177,0.1629528751815237,0.18145664225127525,0.9999854128923323
ROCK2,3,-0.655726323221928,0.09621996411131974,0.14719017616978872,2,0.9290478002151823,0,0.09621996411131974,0.12170969718857184,0.13607557821728086,0.1490633274303267,0.9999854128923323
ROGDI,5,0.9024924474116176,0.06206611547664448,3.606772139740765,4,0.4618301608719656,0,0.06206611547664448,0.0920589263395591,0.10750166543398526,0.1209891326664037,0.9999854128923323
ROM1,5,0.9572472105322037,0.0873201162161174,1.2258133977606402,4,0.8738305991164482,0,0.0873201162161174,0.12951666275499749,0.15124287780913437,0.17021824298466293,0.9999854128923323
ROMO1,5,1.8897282019535242,0.09745139390806155,0.7986486959403694,4,0.9386291338331683,0,0.09745139390806155,0.14454377601326593,0.16879076551717076,0.189967739007369,0.9999854128923323
RP1-130H16.18,3,1.2241642080246418,0.20300102578464072,0.8133902755124853,2,0.6658471510188785,0,0.20300102578464072,0.2567782435320138,0.2870868038402893,0.31448783685077436,0.9999854128923323
RP11-1263C18.1,2,-1.1389884803619963,0.21285326430303217,0.07927003510250048,1,0.7782890842279988,0,0.21285326430303217,0.24269006111044888,0.260690943814097,0.27752670251991246,0.9999854128923323
RP11-162P23.2,5,1.0535116923515557,0.10587297093469408,2.03745681112058,4,0.7288694859904198,0,0.10587297093469408,0.15703499337404028,0.18337736480715314,0.20638441487488002,0.9999854128923323
RP11-20I23.1,3,0.6814772290144748,0.13307866255763212,0.08020354605457038,2,0.9606916616781561,0,0.13307866255763212,0.1683326726604345,0.18820164945147597,0.2061645775285063,0.9999854128923323
RP11-2C24.9,3,0.7680758275070173,0.12396795049185094,2.068948692500941,2,0.35541315608924856,3.3325472376792384,0.12396795049185094,0.15680843216689597,0.17531715688517202,0.1920503230873617,0.9999854128923323
RP11-307N16.6,3,1.3499089496033994,0.26749907064753636,0.07164732087271179,2,0.9648104127304855,0,0.26749907064753636,0.33836253408980294,0.3783008136319447,0.4144077782975479,0.9999854128923323
RP11-437B10.1,3,-0.6669412652723219,0.10776795565262949,0.20044694986859618,2,0.9046352321459943,0,0.10776795565262949,0.13631687945693075,0.1524069044731709,0.1669533989989814,0.9999854128923323
RP11-507M3.1,2,-1.039199346889459,0.163004571749744,2.727624930797555,1,0.09862585500933245,63.338067902627614,0.163004571749744,0.18585380688786732,0.19963901326388125,0.21253195924199178,0.9999854128923323
RP11-529K1.3,3,1.540924999001082,0.2332248715376933,1.4772638634611002,2,0.4777670866192252,0,0.2332248715376933,0.29500872042371507,0.3298297764113287,0.3613104173547402,0.9999854128923323
RP11-92K2.2,2,1.0047216318634227,0.17885721476548125,0.5974442019052757,1,0.43955484370402087,0,0.17885721476548125,0.2039286008772804,0.21905445649540714,0.2332012769373944,0.9999854128923323
RP11-977G19.10,3,1.3129678842018784,0.225484215554173,0.5351627705681566,2,0.7652280497862717,0,0.225484215554173,0.2852174790270211,0.3188828357377699,0.3493186446695822,0.9999854128923323
RP13-582O9.6,2,1.9368000985559393,0.39406915371625817,4.904112667326487,1,0.026792813786592307,79.60895134684665,0.39406915371625817,0.44930796485689223,0.4826341749876109,0.5138033149446405,0.9999854128923323
RP2,4,-0.7345522222507491,0.10419276806696744,0.4084815846995349,3,0.9384848784708227,0,0.10419276806696744,0.14361981946503083,0.16474323140463823,0.18345029856644085,0.9999854128923323
RPAIN,5,-0.7896548492706481,0.09351660767370149,2.0145891126529833,4,0.7330753887498639,0,0.09351660767370149,0.13870754486960474,0.16197551584233652,0.18229742856395043,0.9999854128923323
RPAP1,2,0.6081409866224667,0.08271862696719616,0.09424473461489714,1,0.7588486599521377,0,0.08271862696719616,0.0943137456659399,0.10130921414662748,0.10785189437592117,0.9999854128923323
RPAP3,2,-0.6094831489213576,0.09972354757590246,0.03082378638589564,1,0.8606340964481021,0,0.09972354757590246,0.11370233824974871,0.12213590345056166,0.13002359824243281,0.9999854128923323
RPE,3,-0.8918321789903346,0.14857214162847612,0.2435296468313594,2,0.8853565591523715,0,0.14857214162847612,0.18793054575804102,0.21011273768180724,0.2301669720949831,0.9999854128923323
RPF2,4,-1.0359870518460168,0.10961051143133675,1.4948320970593125,3,0.6834635923019872,0,0.10961051143133675,0.15108766333110882,0.1733094358094735,0.19298922008843272,0.9999854128923323
RPL10A,3,0.6394892349163243,0.09128784212440079,0.28911719737231073,2,0.8654041993681865,0,0.09128784212440079,0.11547100151798823,0.12910050441210152,0.14142251690360647,0.9999854128923323
RPL11,2,0.7302848251924562,0.13341614725361872,0.07572382509380896,1,0.78317824109708,0,0.13341614725361872,0.15211781240998393,0.16340074210969455,0.1739533736137324,0.9999854128923323
RPL12,5,0.701994237247889,0.06942477590635365,0.4682236005877402,4,0.9765197739978853,0,0.06942477590635365,0.10297358360873109,0.12024723917388817,0.13533380263873548,0.9999854128923323
RPL13,4,0.6493853264913884,0.1017266203316502,0.30760812307054924,3,0.9585913045924956,0,0.1017266203316502,0.14022046940368385,0.16084390945960395,0.17910819741348827,0.9999854128923323
RPL13A,5,1.008184625564383,0.11301923295308873,0.629526974873752,4,0.959726726013912,0,0.11301923295308873,0.16763461288788178,0.19575505370721238,0.2203150441203624,0.9999854128923323
RPL19,3,0.644103440745359,0.10172266486462765,0.03785133190857107,2,0.9812522999852181,0,0.10172266486462765,0.12867012425368277,0.14385757225228954,0.1575880747810165,0.9999854128923323
RPL23A,4,0.7416413970660248,0.08542462838602906,1.5813605281690175,3,0.6636235409373293,0,0.08542462838602906,0.11774972423022147,0.13506819698666264,0.1504055787468091,0.9999854128923323
RPL26,4,-0.6571811229356701,0.10560317689109144,0.35955564141046326,3,0.9484645841442662,0,0.10560317689109144,0.14556393386424119,0.16697328356275407,0.18593357955308276,0.9999854128923323
RPL27,5,1.5916577319285672,0.08425617071832739,1.0690483009920408,4,0.8991514289099759,0,0.08425617071832739,0.1249720971619467,0.14593596853534013,0.16424551365453038,0.9999854128923323
RPL28,2,0.6457263553011898,0.137635639491876,0.025671459055893513,1,0.8727052908096624,0,0.137635639491876,0.15692877376644143,0.16856854358837675,0.17945491840340852,0.9999854128923323
RPL29,4,0.9425911960156773,0.11355846357496231,2.351317913723246,3,0.5027611026261141,0,0.11355846357496231,0.1565295398129742,0.179551696243074,0.19994030712557367,0.9999854128923323
RPL31,3,0.6138632013258869,0.06912171749530527,0.10906840110989961,2,0.9469261229051196,0,0.06912171749530527,0.08743282522714947,0.09775287033638236,0.10708290428822846,0.9999854128923323
RPL34,2,-0.6305270554326543,0.15294917523676646,0.026655850425164936,1,0.870308849225473,0,0.15294917523676646,0.17438889089414275,0.18732371795480313,0.19942132621545786,0.9999854128923323
RPL36,4,0.6512871206404969,0.08778142611843227,0.16625415889114134,3,0.9828438534832665,0,0.08778142611843227,0.12099834571444763,0.13879462139601975,0.15455514935224876,0.9999854128923323
RPL36AL,3,0.8371916379254674,0.10888182878940299,1.627342691222995,2,0.44322783291984497,0,0.10888182878940299,0.13772582991160295,0.15398215896995904,0.16867900384238602,0.9999854128923323
RPL37,3,-0.6711796002032471,0.1413447308207754,0.24005931146805695,2,0.8868941348305847,0,0.1413447308207754,0.1787885138628204,0.199891635296715,0.21897031541721332,0.9999854128923323
RPL37A,5,0.8942375859044909,0.08583178158889576,0.6140777079202596,4,0.9614865600386742,0,0.08583178158889576,0.12730910575285884,0.1486650066161224,0.16731694467910546,0.9999854128923323
RPL38,5,0.6496252836266833,0.07175834343099097,0.6166109829059775,4,0.961200063043733,0,0.07175834343099097,0.10643482359788124,0.12428909668945273,0.13988276318920845,0.9999854128923323
RPL39,3,0.9811386580402639,0.17957873030271262,0.46875673403878587,2,0.7910624473232108,0,0.17957873030271262,0.22715112283106823,0.2539626759078365,0.2782021727181917,0.9999854128923323
RPL41,5,2.1749405744614134,0.1606585894226181,0.3931401474049002,4,0.9830346782488855,0,0.1606585894226181,0.23829519756298873,0.27826883955232234,0.31318124616587184,0.9999854128923323
RPL7A,5,0.6982304305611816,0.07916280324172241,0.6664113344119782,4,0.9554055691309901,0,0.07916280324172241,0.11741741232710268,0.13711399728424142,0.15431671259112892,0.9999854128923323
RPL8,5,0.8128132854142217,0.0845197884766514,0.7290822130162382,4,0.9476946572647343,0,0.0845197884766514,0.12536310548603752,0.14639256788653474,0.16475939926973512,0.9999854128923323
RPLP1,5,0.9835919815753763,0.08258203756062676,0.8640433912601908,4,0.9296617426035431,0,0.08258203756062676,0.12248895640367949,0.14303628484756695,0.16098202733574368,0.9999854128923323
RPLP2,5,0.8689984354467039,0.09642878816625211,0.6918137318606188,4,0.9523346047953966,0,0.09642878816625211,0.1430270065822054,0.16701956041624516,0.1879743134351215,0.9999854128923323
RPP21,5,0.9238081170461572,0.08103191009577089,2.6640648756231506,4,0.6155172796697145,0,0.08103191009577089,0.12018974581174557,0.14035138532022862,0.1579602726141056,0.9999854128923323
RPP25,2,0.6875433793499147,0.14636315568975491,0.48213303710395367,1,0.4874577238229884,0,0.14636315568975491,0.16687967325741765,0.17925752429171599,0.19083420732114,0.9999854128923323
RPP25L,5,0.8397385297089053,0.08069156995119853,4.887435003860822,4,0.299043585628625,18.157479396857326,0.08069156995119853,0.11968493979869048,0.13976189889797394,0.15729682753481974,0.9999854128923323
RPP30,5,-0.8350028874086703,0.08553019320150651,0.9477825894899236,4,0.9176077638396978,0,0.08553019320150651,0.12686177788440248,0.14814264020619144,0.16672904068137234,0.9999854128923323
RPRD1A,3,-0.6264966913178758,0.09518966914846573,0.07339076982115361,2,0.9639697303556621,0,0.09518966914846573,0.12040646569080496,0.13461852110756803,0.1474672013372007,0.9999854128923323
RPRML,2,1.4345374494613683,0.2660778553647191,0.09111418733802798,1,0.7627654471933376,0,0.2660778553647191,0.3033754318499356,0.3258774887488127,0.34692307893296787,0.9999854128923323
RPS10-NUDT3,2,2.457271692704785,0.4360995505224158,0.10139532495100778,1,0.750161571613039,0,0.4360995505224158,0.4972299904024384,0.5341106879185059,0.5686042477347054,0.9999854128923323
RPS11,5,1.1085922525919882,0.0879251687518765,1.8345728623342445,4,0.7661513362092355,0,0.0879251687518765,0.1304141006950595,0.1522908595423175,0.17139770751143274,0.9999854128923323
RPS14,2,0.6111008845007395,0.11421925483409617,0.018449538148222276,1,0.8919564039887697,0,0.11421925483409617,0.13022998743497238,0.13988944657222824,0.14892368816697882,0.9999854128923323
RPS15,5,0.8777180852947412,0.10516277017499967,2.791960900853453,4,0.5932212009062577,0,0.10516277017499967,0.1559815954141243,0.1821472610077884,0.2049999787252263,0.9999854128923323
RPS18,5,1.10380569334168,0.09423946637661326,0.17221792416708154,4,0.996498731590525,0,0.09423946637661326,0.1397797175933884,0.16322754384247304,0.1837065395874777,0.9999854128923323
RPS2,5,0.9808412823700075,0.0965946732875302,1.1432002003694537,4,0.887358836511302,0,0.0965946732875302,0.14327305397929627,0.16730688187451853,0.18829768306751377,0.9999854128923323
RPS21,3,0.818124181738854,0.10593512860583416,0.26836716588236853,2,0.8744295195240634,0,0.10593512860583416,0.13399851624691744,0.14981489560610872,0.16411399554749467,0.9999854128923323
RPS24,4,0.706096896285855,0.0798379721925618,1.0367518628380423,3,0.7923600648944306,0,0.0798379721925618,0.11004905009702953,0.12623491794884126,0.14056925550006602,0.9999854128923323
RPS27L,2,-0.6371884749687285,0.10810744927447055,0.010464713939295323,1,0.9185207900963734,0,0.10810744927447055,0.12326145693290297,0.13240404405813416,0.14095486866609036,0.9999854128923323
RPS5,5,0.9427291028157806,0.11124179725929359,0.5691772981617499,4,0.9664264336943693,0,0.11124179725929359,0.16499824970723512,0.19267644477837279,0.2168501840866536,0.9999854128923323
RPS6KA3,2,-0.6118939441106279,0.10026480010562712,0.08959155988691395,1,0.7646970461232655,0,0.10026480010562712,0.1143194610829135,0.12279879971046966,0.13072930520115342,0.9999854128923323
RPS6KA4,5,0.8270941461628711,0.08329137037056938,0.7256947281159107,4,0.9481228439481825,0,0.08329137037056938,0.12354106698606825,0.14426488531386314,0.1623647715398509,0.9999854128923323
RPS6KA5,2,-0.6800484614235445,0.09033244727587203,0.0010508232264787327,1,0.9741399811308031,0,0.09033244727587203,0.10299483647301287,0.11063420152137537,0.11777910150974127,0.9999854128923323
RPS6KA6,5,-0.8509282933832997,0.1085187998408365,0.6567512929375191,4,0.9565532986262099,0,0.1085187998408365,0.16095939184020974,0.1879600749007262,0.2115420849188242,0.9999854128923323
RPS6KB1,2,-0.6699355778660878,0.08387236484065365,0.006026801171651443,1,0.9381204090279419,0,0.08387236484065365,0.09562920923626228,0.10272224869007478,0.10935618451984466,0.9999854128923323
RPS6KC1,4,-0.7697085538285758,0.05877223930819912,2.8320093826623203,3,0.418257673909463,0,0.05877223930819912,0.081011941189373,0.09292706970119399,0.10347920540490586,0.9999854128923323
RPS9,5,0.7126297080915551,0.09429010109273298,0.49543507982930485,4,0.9739438500890624,0,0.09429010109273298,0.1398548210144047,0.1633152457434192,0.18380524482042304,0.9999854128923323
RPTOR,4,0.7089465968940175,0.05848286601016847,0.126397733568269,3,0.9884914881850192,0,0.05848286601016847,0.08061306762461223,0.0924695303432882,0.10296971113859786,0.9999854128923323
RPUSD1,5,0.9013505123423058,0.09474133495945743,2.004346922826835,4,0.7349593112015461,0,0.09474133495945743,0.14052410899835033,0.16409680572668173,0.18468486156049826,0.9999854128923323
RRAS,5,0.9326550600908486,0.11503952678587284,0.7745386306099036,4,0.9418285552851621,0,0.11503952678587284,0.17063119290111825,0.19925430527181254,0.22425332182120894,0.9999854128923323
RRBP1,2,0.6304236441024881,0.12684063128646092,0.007750593796916174,1,0.929846905498962,0,0.12684063128646092,0.1446205706968836,0.15534741265216453,0.16537994971202366,0.9999854128923323
RREB1,2,0.5875621298243161,0.13128459871026413,9.493338223894541e-4,1,0.9754200594727719,0,0.13128459871026413,0.14968747314344516,0.1607901389630988,0.1711741743356037,0.9999854128923323
RRM2B,5,-0.8164907707001758,0.08073546057718818,1.2903490572614291,4,0.8630108171596713,0,0.08073546057718818,0.11975004011750291,0.13983791969216403,0.15738238611585695,0.9999854128923323
RRP1,2,0.5854952053380331,0.12985875310321304,3.391136834332443e-7,1,0.9995353641731952,0,0.12985875310321304,0.14806175902229995,0.15904384186846676,0.1693150991134167,0.9999854128923323
RRP15,5,-0.7336141986049537,0.07025126606369167,0.538813689759034,4,0.9696141163924965,0,0.07025126606369167,0.10419946661962101,0.12167876211835321,0.13694492855705195,0.9999854128923323
RSBN1,3,-0.6773026248857086,0.09038539244819402,0.4671214083110665,2,0.7917095342227927,0,0.09038539244819402,0.11432948293779027,0.12782424784065072,0.14002444787691082,0.9999854128923323
RSF1,2,-0.6004357420607601,0.08296881357188682,0.00556719718053836,1,0.9405221110609322,0,0.08296881357188682,0.09459900228429718,0.10161562890761323,0.10817809779893094,0.9999854128923323
RSG1,4,0.8345512884341341,0.11823967133895374,0.9859533961422011,3,0.8046507675336669,0,0.11823967133895374,0.16298213941672632,0.1869533356104124,0.208182423904771,0.9999854128923323
RSPH14,2,0.8131426207609477,0.22721175556882434,0.40793656747709345,1,0.523018684495428,0,0.22721175556882434,0.25906125999320573,0.2782764323527969,0.29624788467891916,0.9999854128923323
RSPO4,3,0.7586576740753775,0.1225976348486505,0.12406080919432089,2,0.939854310464966,0,0.1225976348486505,0.15507510474854713,0.17337923791782592,0.18992743922129657,0.9999854128923323
RTEL1-TNFRSF6B,2,0.7221869238605582,0.1494017352850177,0.6183508017865227,1,0.431660799275962,0,0.1494017352850177,0.17034418703914397,0.18297900906732922,0.1947960304023074,0.9999854128923323
RTN2,3,0.751302401147005,0.11879477155347672,0.8674970624358855,2,0.648075205678702,0,0.11879477155347672,0.1502648208913462,0.16800117706994033,0.18403606873725198,0.9999854128923323
RTN3,2,-0.7140787022925247,0.16615329890937613,0.002127142930704132,1,0.9632138402969566,0,0.16615329890937613,0.1894439082156221,0.20349540070405212,0.2166373971764719,0.9999854128923323
RTN4R,5,1.634117825565026,0.10711664046611297,2.6334463865464284,4,0.6209098214260936,0,0.10711664046611297,0.15887965339351143,0.18553146362339604,0.20880877310600895,0.9999854128923323
RTN4RL1,3,0.8418511755158853,0.16473151258223084,0.1303976490235732,2,0.9368811699169532,0,0.16473151258223084,0.20837071286581396,0.23296553924402502,0.25520096193061503,0.9999854128923323
RTN4RL2,5,1.604537271263941,0.12780902717760248,1.5092080589952908,4,0.8250091331246143,0,0.12780902717760248,0.1895714227983408,0.22137172873755895,0.2491456606620382,0.9999854128923323
RUFY2,4,-0.6526143922118024,0.07417195837858048,0.4075076207979446,3,0.9386872666721394,0,0.07417195837858048,0.10223898903283601,0.11727616349576196,0.13059320874422609,0.9999854128923323
RUFY3,4,-0.6681023647313215,0.0728067780694393,0.35876450427901724,3,0.9486226416797213,0,0.0728067780694393,0.10035721783917645,0.1151176238989125,0.12818956077560692,0.9999854128923323
RUNDC3A,2,0.6144005125555321,0.1344712053026441,9.346973928401104e-4,1,0.9756102175974054,0,0.1344712053026441,0.15332076366953568,0.16469291904425878,0.1753290010078993,0.9999854128923323
RUVBL2,5,0.6804264336548274,0.05196270584402874,0.3788694231541069,4,0.9841700817046892,0,0.05196270584402874,0.07707314809317659,0.09000204662061399,0.1012939614923102,0.9999854128923323
RWDD1,5,-0.9181176441431936,0.07289108535931653,1.9737760919587433,4,0.7405823615355198,0,0.07289108535931653,0.10811495139290482,0.12625106326117616,0.14209088371343476,0.9999854128923323
RWDD3,4,-0.7684695302096733,0.0859110584949465,0.035963090648894296,3,0.9982055822198904,0,0.0859110584949465,0.11842022186380173,0.1358373105199941,0.15126202733117972,0.9999854128923323
RWDD4,5,-0.7547452864171091,0.07657283275705988,0.9779837259448478,4,0.9131157979668426,0,0.07657283275705988,0.11357586528910735,0.13262803681470214,0.14926793065650276,0.9999854128923323
RXRA,4,0.6829508943289436,0.1265144901684259,0.036841766391269425,3,0.9981399077810673,0,0.1265144901684259,0.17438819003274214,0.20003697297360265,0.22275174587416335,0.9999854128923323
RXRG,5,0.8748559024122036,0.10472713773259046,0.9127429286316247,4,0.922725562749621,0,0.10472713773259046,0.1553354480820593,0.18139272348411034,0.20415077476000842,0.9999854128923323
RYBP,3,-0.6916699686329573,0.09158363226301779,0.7076079836799744,2,0.7020125540599222,0,0.09158363226301779,0.11584514973696687,0.1295188148377499,0.14188075301594089,0.9999854128923323
RYK,3,-0.6622460771321023,0.09381171617097515,0.0980387144551233,2,0.9521626982900884,0,0.09381171617097515,0.11866347772381257,0.13266980131848846,0.14533248576372954,0.9999854128923323
RYR1,3,0.7027998930003311,0.1120708725176788,0.031936835705656114,2,0.9841584013999483,0,0.1120708725176788,0.14175968660729363,0.15849214786148755,0.1736194491423618,0.9999854128923323
S100A1,5,1.2342148436134677,0.0848588728442276,1.2844985889488774,4,0.8640000335965418,0,0.0848588728442276,0.1258660488808008,0.1469798792392291,0.1654203963889961,0.9999854128923323
S100A13,2,0.8598074222392933,0.12898323221608085,0.26414155191416433,1,0.6072890236262869,0,0.12898323221608085,0.14706351162263082,0.1579715521521554,0.16817355953877722,0.9999854128923323
S100A16,3,0.9421552659426684,0.13583948144623872,0.6305735167081704,2,0.7295796312151724,0,0.13583948144623872,0.17182486301851913,0.19210603696699924,0.2104416197594936,0.9999854128923323
S100A6,2,0.6620264528354136,0.13312594358188923,0.00362463735939033,1,0.9519923943768859,0,0.13312594358188923,0.15178692931520443,0.16304531665108485,0.17357499431878487,0.9999854128923323
S1PR5,2,0.7390831058412028,0.19325343455080826,0.00233137316484259,1,0.9614896705543063,0,0.19325343455080826,0.22034281689083626,0.2366861528449125,0.2519716510674604,0.9999854128923323
SAC3D1,5,1.3127067088585562,0.10696497282823747,1.7739223076997341,4,0.777249810485357,0,0.10696497282823747,0.1586546939322007,0.18526876756873173,0.2085131184509819,0.9999854128923323
SACM1L,4,-0.7300486132513202,0.08008653402219047,1.3675840421677197,3,0.7131504888755907,0,0.08008653402219047,0.11039166893478056,0.12662792870934392,0.1410068937613731,0.9999854128923323
SACS,2,-1.0054870907831435,0.25189669098777323,0.01693328635751399,1,0.89646518814571,0,0.25189669098777323,0.2872064167280506,0.30850918040778713,0.3284331027500159,0.9999854128923323
SALL2,5,0.7589725073365993,0.09368880511628032,1.9603994039745978,4,0.7430425242117518,0,0.09368880511628032,0.1389629549522317,0.16227377056181647,0.18263310317585402,0.9999854128923323
SAMD10,3,0.9504114809908623,0.1481436064841054,4.445567295289553,2,0.1083071997341909,55.01136599328581,0.1481436064841054,0.1873884869125848,0.20950669746868467,0.22950308830401814,0.9999854128923323
SAMD12,3,-1.2040378471123743,0.19126189366226676,1.2756566449244797,2,0.5284387774606233,0,0.19126189366226676,0.24192928542787454,0.2704851639823384,0.2963016515672212,0.9999854128923323
SAMD14,4,1.0583007362082641,0.12054994269365876,0.5320177645126754,3,0.9118029989562015,0,0.12054994269365876,0.16616662871510748,0.19060619535736772,0.2122500763690738,0.9999854128923323
SAMD4B,2,0.6961602831248865,0.13087078545230843,0.02951953493280854,1,0.8635849385944324,0,0.13087078545230843,0.14921565343614385,0.16028332329770373,0.17063462785828978,0.9999854128923323
SAMD5,2,-0.9283028746782149,0.17390122141663727,1.1905819904627195,1,0.27521219335236097,16.007464583657093,0.17390122141663727,0.19827789905397372,0.21298462905875964,0.226739452185404,0.9999854128923323
SAMD8,4,-0.6704410453788542,0.0909125401311655,0.543071948600772,3,0.9093317624309161,0,0.0909125401311655,0.12531428853443438,0.14374534734297295,0.1600680444517656,0.9999854128923323
SAMD9,3,-0.7901547057409936,0.1075488500921845,0.45438093124611384,2,0.7967690107309049,0,0.1075488500921845,0.13603973040932518,0.1520970424179982,0.16661396212431542,0.9999854128923323
SAP130,5,0.7573230381501245,0.05890740221659666,1.0793078771380848,4,0.8975411926133982,0,0.05890740221659666,0.08737379743949197,0.10203061358104092,0.11483166695842227,0.9999854128923323
SAPCD2,2,0.9068528658476235,0.25035739792681183,0.10473868453290969,1,0.7462154730832876,0,0.25035739792681183,0.28545135260791676,0.306623939125806,0.32642611014494965,0.9999854128923323
SAR1B,3,-0.6596604541241297,0.06703170807622388,0.0279139036775135,2,0.9861399948626524,0,0.06703170807622388,0.08478914918894845,0.09479715067042994,0.10384507561882092,0.9999854128923323
SARDH,5,1.1907120842453938,0.11904755342607463,0.7063709316969571,4,0.95054093748405,0,0.11904755342607463,0.17657605712217897,0.2061964110507316,0.23206640409932144,0.9999854128923323
SARNP,2,-0.6491605524003152,0.13254749356673737,0.13883117664899824,1,0.7094457566496051,0,0.13254749356673737,0.15112739482328005,0.1623368629616712,0.17282078777277138,0.9999854128923323
SART1,4,0.75758178671838206,0.07694248230802048,0.15690278293891138,3,0.9842270100838015,0,0.07694248230802048,0.10605789272405935,0.12165674646027697,0.13547121948787547,0.9999854128923323
SASS6,3,-0.6960538504629091,0.10720328576719577,0.70876599928029,2,0.7016062009674705,0,0.10720328576719577,0.1356026222713,0.15160834066292686,0.16607861617402553,0.9999854128923323
SAV1,2,-0.6478165766806181,0.08932995935029746,0.012193716884241368,1,0.9120721970322548,0,0.08932995935029746,0.10185182437631413,0.10940640957589592,0.1164720171706228,0.9999854128923323
SAXO2,3,-0.7432254713339942,0.1140369717425362,1.721357749779603,2,0.4228749056952754,0,0.1140369717425362,0.14424662726987,0.1612726320502521,0.1766653169643074,0.9999854128923323
SBF1,4,0.9417231812169451,0.07645673620116955,0.10870190945779029,3,0.9907730954015445,0,0.07645673620116955,0.10538833792226224,0.12088871442917275,0.13461597521341667,0.9999854128923323
SBK1,4,0.7484155317677246,0.10925920681453119,1.0581360966888411,3,0.7871885732640375,0,0.10925920681453119,0.1506034233346206,0.17275397443865437,0.19237068448335765,0.9999854128923323
SC5D,3,-0.7058619115000535,0.1269471170517671,0.19175701580997867,2,0.9085743939701456,0,0.1269471170517671,0.16057681291023337,0.17953033463877383,0.19666562807621502,0.9999854128923323
SCAF1,4,0.702504248550941,0.06364434762421994,0.8353980479538079,3,0.8409828830444728,0,0.06364434762421994,0.08772767904472252,0.10063054934403061,0.1120574372899403,0.9999854128923323
SCAF11,3,-0.7677330673794298,0.06963405434583982,0.7917370957322374,2,0.6730951699186032,0,0.06963405434583982,0.08808088577792005,0.09847742405891183,0.10787661312413593,0.9999854128923323
SCAI,5,-0.9126683446377692,0.11428208615390752,0.4883551163769688,4,0.9746246637139379,0,0.11428208615390752,0.16950772688734903,0.1979423796135315,0.22277679820757532,0.9999854128923323
SCAMP1,3,-0.7834593072076441,0.14275269986167158,0.5818141878000544,2,0.7475851300106111,0,0.14275269986167158,0.1805694694805143,0.2018828042097518,0.22115153167615995,0.9999854128923323
SCAMP2,3,0.6841356410469034,0.0990925481873585,0.16582183409337178,2,0.9204331384703623,0,0.0990925481873585,0.12534326056881698,0.14013802557667188,0.15351351554515819,0.9999854128923323
SCAMP3,5,0.7602984502732505,0.06083160862074795,2.9080116719069333,4,0.5733355614912066,0,0.06083160862074795,0.09022785676415729,0.10536343683728036,0.11858263577806766,0.9999854128923323
SCAMP4,5,0.8947764636269052,0.07340013718249284,3.9225060650763814,4,0.4165950917231565,0,0.07340013718249284,0.1088699972650835,0.1271327668826031,0.14308320839970468,0.9999854128923323
SCAMP5,2,1.0929793955747134,0.22174647036890324,1.307502116652674,1,0.2528474091919836,23.518288248733985,0.22174647036890324,0.2528298761170977,0.2715828523335012,0.2891220245948304,0.9999854128923323
SCAND1,5,1.4893294604731968,0.09209247771813325,0.8293367745625317,4,0.9344723515039615,0,0.09209247771813325,0.13659521878522218,0.15950885040271154,0.17952128820450933,0.9999854128923323
SCAP,5,0.707618856951275,0.058011532874499984,0.752561899368032,4,0.9446922626949635,0,0.058011532874499984,0.08604500846759343,0.10047892236358616,0.11308529611097515,0.9999854128923323
SCARA3,3,0.7631561582106474,0.1401704670165969,0.8000145564940033,2,0.6703151672985284,0,0.1401704670165969,0.17730317458478123,0.19823097549904195,0.21715115375415836,0.9999854128923323
SCARB2,2,-0.6059234179123897,0.1558610275590956,8.719056569564306e-4,1,0.9764434491045525,0,0.1558610275590956,0.17770891335358027,0.19088999415282543,0.20321791714812246,0.9999854128923323
SCARF2,5,0.9599591893034364,0.11700084407740875,2.1912076426720137,4,0.7006392900052716,0,0.11700084407740875,0.17354029656715889,0.2026514064705161,0.22807663307831258,0.9999854128923323
SCFD1,5,-0.8434164654025333,0.06257676271514584,1.4166692936213587,4,0.8412926999332154,0,0.06257676271514584,0.09281633859508177,0.10838613239581435,0.12198456738968717,0.9999854128923323
SCG3,2,-0.6709842147682592,0.15607355478633514,0.16153543639628165,1,0.6877467944209371,0,0.15607355478633514,0.1779512316752433,0.19115028578441814,0.2034950187503207,0.9999854128923323
SCHIP1,2,-0.6774457467050741,0.11072906412121417,0.05444187721757347,1,0.815506848094353,0,0.11072906412121417,0.12625055775523508,0.13561485339644744,0.14437303622897155,0.9999854128923323
SCML2,3,-0.6622361881099236,0.10702582823924428,0.08890863276436459,2,0.9565192963574815,0,0.10702582823924428,0.1353781542807921,0.15135737782015266,0.16580370015385942,0.9999854128923323
SCN1B,4,0.708319020217186,0.08450438308698581,1.140380490694449,3,0.7673360861599563,0,0.08450438308698581,0.11648125362363207,0.13361316141114293,0.1487853197020034,0.9999854128923323
SCN9A,2,-0.8899671873672911,0.1779720807701221,0.21359499009872518,1,0.6439641617317315,0,0.1779720807701221,0.2029193928478521,0.2179703931740967,0.23204720340310003,0.9999854128923323
SCNM1,4,0.7287656615109119,0.09054112692370676,1.772184020241649,3,0.6210066297377176,0,0.09054112692370676,0.12480233075855625,0.14315809149865386,0.15941410401939285,0.9999854128923323
SCO1,2,-0.5954760748909191,0.08137879022408669,0.04777479043278417,1,0.8269815570703595,0,0.08137879022408669,0.09278609673780162,0.09966825596700214,0.10610496099226954,0.9999854128923323
SCOC,5,-0.9093646074186992,0.09405020707120855,1.0183307604466365,4,0.9070038260342622,0,0.09405020707120855,0.13949900067850615,0.1628997371097069,0.1833376052819535,0.9999854128923323
SCRIB,5,0.7735804210781592,0.09302777550977617,0.3537133286849984,4,0.9860880541177388,0,0.09302777550977617,0.1379824895986954,0.16112883369804404,0.18134451924976883,0.9999854128923323
SCRN2,3,0.6890972014096741,0.08578856775684572,0.07770629387073141,2,0.9618919555563994,0,0.08578856775684572,0.10851490852612583,0.12132335601829443,0.13290307768690002,0.9999854128923323
SCRN3,5,-0.6524656493129892,0.06331777040868831,0.29070672153304744,4,0.9904061580329427,0,0.06331777040868831,0.09391543062223696,0.10966959536982936,0.12342905730906312,0.9999854128923323
SCRT1,5,0.8864032169711775,0.10371475405613255,2.887832887205362,4,0.5767683355614652,0,0.10371475405613255,0.1538338404241178,0.17963922351973186,0.20217727566151306,0.9999854128923323
SCX,2,1.171651087093489,0.27530985710058187,0.023942349769401138,1,0.8770316895527464,0,0.27530985710058187,0.3139015333536389,0.3371843355274889,0.35896013651722214,0.9999854128923323
SCYL2,4,-0.8362971122362713,0.09187158816214679,1.1084869819670229,3,0.7750256975609743,0,0.09187158816214679,0.12663624501589862,0.14526173542467327,0.1617566227560678,0.9999854128923323
SDC3,3,0.6875439628285868,0.13565539997074785,8.924380063166609e-4,2,0.9995538805377349,0,0.13565539997074785,0.17159201632348087,0.19184570644777837,0.21015644196392502,0.9999854128923323
SDC4,2,0.8811810230922837,0.2212332511936344,0.646070158049711,1,0.42152121456539193,0,0.2212332511936344,0.2522447162257665,0.27095428978069086,0.28845286865846864,0.9999854128923323
SDF2L1,5,0.9593203650316664,0.12587292881431583,2.019229471299255,4,0.7322218730000708,0,0.12587292881431583,0.18669972484780584,0.21801830800389552,0.24537151014638295,0.9999854128923323
SDF4,4,0.6664334913400014,0.0658697453655347,0.2643896039568704,3,0.966580519852849,0,0.0658697453655347,0.09079517814062991,0.104149212125205,0.11597565433750814,0.9999854128923323
SDHAF1,2,0.6415579082521359,0.10091733393824007,0.10498893421716751,1,0.7459229231624008,0,0.10091733393824007,0.11506346412290454,0.12359798717537186,0.13158010522736271,0.9999854128923323
SDHC,4,-0.7073954966078789,0.06952383726237658,0.8376446225710836,3,0.8404433462588522,0,0.06952383726237658,0.09583199622569856,0.10992683871199771,0.12240934701984488,0.9999854128923323
SDK1,3,0.6588843090658857,0.11773194667912157,0.8723396131690642,2,0.64650793530975,0,0.11773194667912157,0.14892044194860837,0.1664981157181998,0.182389547521927,0.9999854128923323
SDK2,4,0.6858214041386037,0.08192484290831924,0.2948363096804236,3,0.9609966877254456,0,0.08192484290831924,0.11292560286556051,0.12953455027089092,0.14424357055069606,0.9999854128923323
SDS,2,1.1161496485416948,0.24185346299842198,0.45491278503406485,1,0.5000111369694845,0,0.24185346299842198,0.27575537498592445,0.2962087884356127,0.3153383355371805,0.9999854128923323
SDSL,5,1.4194883646468643,0.1540514614025109,2.136304478486035,4,0.7107058352249622,0,0.1540514614025109,0.22849524299763543,0.26682495812938467,0.3003015825615099,0.9999854128923323
SEC11A,2,-0.6388913009457599,0.09987243338523286,0.08012501874264877,1,0.7771280607604503,0,0.09987243338523286,0.11387209419069322,0.12231825058196205,0.13021772158769027,0.9999854128923323
SEC22A,4,-0.819369723474302,0.09475264293411208,1.4987683722564653,3,0.6825546185452849,0,0.09475264293411208,0.13060750495931978,0.14981708299622695,0.16682924312990796,0.9999854128923323
SEC22B,2,-0.6268622706343864,0.08263518822890296,0.10002685722723634,1,0.7517974067072103,0,0.08263518822890296,0.09421861086703673,0.1012070229798275,0.10774310357124756,0.9999854128923323
SEC61A2,3,-0.738361734490634,0.14104016920915685,0.013994811156635168,2,0.993027019260723,0,0.14104016920915685,0.17840327051059393,0.19946092013498584,0.21849849059733625,0.9999854128923323
SEC61G,5,-0.85741466087515,0.10428713633055128,1.7979753973628028,4,0.7728527465004769,0,0.10428713633055128,0.15468282053563473,0.18063061870037694,0.20329305412458773,0.9999854128923323
SEC62,4,-0.7967932940046512,0.11478559959209805,0.7555983191967243,3,0.8600551205253791,0,0.11478559959209805,0.1582210300815387,0.18149196864956216,0.20210090303737913,0.9999854128923323
SEC63,5,-0.8041206805442971,0.05965693744064112,1.1512805442424077,4,0.886052955948555,0,0.05965693744064112,0.08848553783840866,0.10332884667114844,0.1162927800950126,0.9999854128923323
SECISBP2L,5,-0.8150880029038258,0.07726230716050832,1.0534765537707949,4,0.9015816562203026,0,0.07726230716050832,0.11459852109465644,0.13382224151199307,0.1506119636997871,0.9999854128923323
SEH1L,4,-0.6614136822906224,0.09656201983222105,0.5682439874895655,3,0.9036621169750891,0,0.09656201983222105,0.13310155889676378,0.15267795906808432,0.1700149798977801,0.9999854128923323
SEL1L,5,-0.797336246788735,0.07854331956393146,0.6756571542447709,4,0.95429661147,0,0.07854331956393146,0.11649856954429993,0.13604102007984786,0.15310911658965007,0.9999854128923323
SELENBP1,5,0.8306317390458673,0.08578818870039905,3.4742887574705725,4,0.48179854952338635,0,0.08578818870039905,0.12724444705011534,0.1485895015183974,0.16723196649529073,0.9999854128923323
SELK,3,-0.6280069834772707,0.08920357548918989,0.04356876765744925,2,0.978451182206271,0,0.08920357548918989,0.11283458959064352,0.12615290626898454,0.13819358491671543,0.9999854128923323
SELM,2,0.6760161391050546,0.10933208674776529,0.20861345333411538,1,0.6478563423052205,0,0.10933208674776529,0.12465775848460912,0.13390391252286585,0.1425516005783712,0.9999854128923323
SELO,4,0.7978984485875614,0.08048244135629831,0.6505845447556564,3,0.8847606797958244,0,0.08048244135629831,0.11093738953424581,0.12725391316841692,0.14170396055395554,0.9999854128923323
SELPLG,5,1.0521601309141484,0.11246088220737147,3.356615136688938,4,0.5000123516057117,0,0.11246088220737147,0.16680644489675037,0.1947879618471861,0.21922661814220704,0.9999854128923323
SEMA3B,5,1.0164794065377663,0.12965009498608968,3.057434782357857,4,0.5482602604240562,0,0.12965009498608968,0.19230216765752944,0.22456055172203826,0.25273456252287274,0.9999854128923323
SEMA4A,2,0.6279605275760299,0.12256535970861354,0.12970292353512308,1,0.718740256970348,0,0.12256535970861354,0.1397460111081972,0.15011129571338974,0.15980567756138425,0.9999854128923323
SEMA4B,3,0.7545101638326668,0.0765889517076054,2.5077777020981147,2,0.28539278600407897,20.248114562677785,0.0765889517076054,0.09687821240027016,0.10831313423283358,0.11865109378681592,0.9999854128923323
SEMA4G,2,0.6764171266471373,0.12341647358527436,0.01907946850373669,1,0.8901389019972116,0,0.12341647358527436,0.14071643023432673,0.15115369306880028,0.16091539428774995,0.9999854128923323
SEMA6B,3,0.9015887740999118,0.12003776543938492,0.5665866135197771,2,0.7532988078212819,0,0.12003776543938492,0.15183709761019956,0.16975903588133856,0.18596170658507602,0.9999854128923323
SENP2,4,-0.7032157439131707,0.059640162064654195,0.5711897245582807,3,0.9029949709277636,0,0.059640162064654195,0.08220829014817552,0.09429937607293881,0.10500734110720293,0.9999854128923323
SENP5,2,-0.6322030067366252,0.07642272268087447,0.01677590650582241,1,0.8969447463066484,0,0.07642272268087447,0.08713531031989959,0.09359833766118267,0.09964303950265836,0.9999854128923323
SENP6,5,-0.7622062487070076,0.054324822768611926,4.312208840169049,4,0.3653987954980918,7.240114097925036,0.054324822768611926,0.08057673368566395,0.09409335314741041,0.10589857506877119,0.9999854128923323
SENP7,2,-0.6012549411462516,0.11386890055438915,0.010750742453197949,1,0.9174187060812174,0,0.11386890055438915,0.12983052209517212,0.139460351964987,0.148466882074391,0.9999854128923323
SEPN1,3,0.9116980166741536,0.14094089967538348,0.7268307628182964,2,0.695297559826694,0,0.14094089967538348,0.1782777033789992,0.1993205318139931,0.21834470289690022,0.9999854128923323
SEPP1,2,-1.0419362370066854,0.21903279440509202,0.020946698548939238,1,0.8849242547691116,0,0.21903279440509202,0.2497358094714779,0.26825929161420475,0.28558382402078664,0.9999854128923323
SEPSECS,3,-0.7599631837928708,0.09455126275523236,0.025413005896375625,2,0.9873738838219361,0,0.09455126275523236,0.11959893838063274,0.1337156781279517,0.14647818640555862,0.9999854128923323
SERF2,3,0.631118185444888,0.08964785801535803,0.1799517857398102,2,0.9139532177947788,0,0.08964785801535803,0.1133965674735654,0.12678121664301692,0.1388818644466595,0.9999854128923323
SERINC1,4,-0.7073491783842393,0.09740575746269914,0.5045313320921183,3,0.9178947759203626,0,0.09740575746269914,0.13426457096001207,0.15401202539803646,0.17150053329169188,0.9999854128923323
SERINC2,2,1.6717942060947828,0.2623898676615476,0.1992316035923944,1,0.655341789600789,0,0.2623898676615476,0.2991704789027116,0.32136064472359815,0.34211453127199315,0.9999854128923323
SERPINB1,2,-0.650496023057161,0.146386496292768,0.01666700165001715,1,0.8972779346924343,0,0.146386496292768,0.16690628563938015,0.17928611057555147,0.19086463974420037,0.9999854128923323
SERPINB8,3,-0.871741419769901,0.1658056866515342,0.2001867890493931,2,0.9047529151214906,0,0.1658056866515342,0.20972944753081002,0.23448465078118333,0.25686506524315095,0.9999854128923323
SERPINI2,2,-1.0347711377437325,0.22342693275244363,0.42551040030974396,1,0.5142001897978525,0,0.22342693275244363,0.25474589802961395,0.27364099001930875,0.2913130794773562,0.9999854128923323
SESTD1,2,-0.6336866196757835,0.09328340524796105,0.2085152322804375,1,0.6479336469263105,0,0.09328340524796105,0.10635944623328916,0.11424837216338353,0.12162667997160022,0.9999854128923323
SET,2,-0.5980814571218349,0.1373424451856436,0.0075693705294715636,1,0.9306698194684625,0,0.1373424451856436,0.15659448082369626,0.16820945536549742,0.17907263979813212,0.9999854128923323
SETD1A,3,0.6393031437690933,0.0963485977879707,0.003762265956040603,2,0.998120635243693,0,0.0963485977879707,0.1218724073493793,0.13625749370737855,0.1492626058652989,0.9999854128923323
SETD1B,4,0.6967768006398963,0.07327806246150129,0.05985866639617992,3,0.9961741862356562,0,0.07327806246150129,0.10100683854280461,0.11586278995121432,0.12901934257368627,0.9999854128923323
SETD3,3,-0.6392788181364036,0.08655408949454807,0.07233548813738291,2,0.9644784943662709,0,0.08655408949454807,0.1094832254419296,0.12240596724204451,0.1340890188634124,0.9999854128923323
SETDB2,4,-0.7119465535770726,0.06560953770295704,1.7662888428837067,3,0.6222981909611093,0,0.06560953770295704,0.09043650662996612,0.10373778768601803,0.11551751147140762,0.9999854128923323
SEZ6L2,3,0.7286759915524146,0.1393513259821105,0.252757812989413,2,0.8812808604709275,0,0.1393513259821105,0.1762670340272278,0.19707253513857495,0.21588214592025395,0.9999854128923323
SF3A2,5,0.7920690968608096,0.06665354196455256,0.973289257364059,4,0.913818801325439,0,0.06665354196455256,0.0988631794154164,0.1154473211870293,0.12993167317631757,0.9999854128923323
SF3B5,5,1.2649825911232921,0.07459084779806988,0.4786823279811761,4,0.9755428000090691,0,0.07459084779806988,0.11063610651824574,0.12919513816589415,0.14540433069854672,0.9999854128923323
SF3B6,3,-0.7453460031206313,0.1201330729101572,1.3771396809910594,2,0.5022939160439299,0,0.1201330729101572,0.15195765308446768,0.16989382099910016,0.18610935628390407,0.9999854128923323
SFR1,2,-0.8081905580256525,0.18457399487822498,0.7253540277631537,1,0.3943932867654648,0,0.18457399487822498,0.2104467330725263,0.22605605361936346,0.24065504626959713,0.9999854128923323
SFRP2,3,1.0249902981824772,0.16413514453368716,2.4424923474534936,2,0.29486248799014625,18.116427177953273,0.16413514453368716,0.2076163603229548,0.23212214746160859,0.25427707252252707,0.9999854128923323
SFXN5,4,0.9347514095820704,0.12971591478386438,1.0162057983973103,3,0.7973307132520862,0,0.12971591478386438,0.1788010493302767,0.20509886974465977,0.22838843556420663,0.9999854128923323
SGCB,5,-0.7247453615126694,0.08465465840945263,0.8166246472333691,4,0.936205505234715,0,0.08465465840945263,0.12556314992435655,0.14662616946255988,0.1650223091693975,0.9999854128923323
SGCD,2,-0.7277951533494321,0.12159520954270027,0.24376122249376775,1,0.6215026623537063,0,0.12159520954270027,0.13863986973036704,0.14892310927320776,0.15854075650237834,0.9999854128923323
SGCE,2,-0.5936934723710995,0.10405408910868386,9.974646881076136e-4,1,0.9748048683297158,0,0.10405408910868386,0.1186399152827972,0.12743971198318393,0.1356699335977005,0.9999854128923323
SGK1,2,-0.8626061519856729,0.1496018385178943,0.10587028053913257,1,0.7448956578160494,0,0.1496018385178943,0.17057233982775274,0.1832240844755437,0.19505693309771896,0.9999854128923323
SGK223,4,0.7200204742735867,0.08978983751770883,0.20705795812193725,3,0.976441939402766,0,0.08978983751770883,0.12376674977863582,0.14197019864619964,0.15809132252124183,0.9999854128923323
SGK3,4,-0.8256475150236555,0.08327904782902132,4.752732114597565,3,0.19082491808044297,36.87841166587561,0.08327904782902132,0.11479224553028831,0.13167573625490406,0.14662789435389195,0.9999854128923323
SGMS2,2,-0.9823530366032305,0.20127294558487294,0.3719350041187528,1,0.5419514098153423,0,0.20127294558487294,0.22948646629318817,0.24650800785495147,0.2624278141918251,0.9999854128923323
SGOL2,3,-0.9032206072525213,0.12400250885043318,0.08722121299975605,2,0.9573266616835919,0,0.12400250885043318,0.15685214541702264,0.17536602978457236,0.19210386066626622,0.9999854128923323
SGSH,2,0.6666229603213963,0.12586928583117862,0.1880636328845332,1,0.6645331490980173,0,0.12586928583117862,0.143513066479489,0.154157762287458,0.16411347018635186,0.9999854128923323
SGSM3,4,0.647979784131121,0.07030626257519436,0.23748740640663718,3,0.9713220227144002,0,0.07030626257519436,0.09691049509137352,0.11116396175573466,0.12378694893891576,0.9999854128923323
SGTA,5,0.7449852513547004,0.05829784843534928,2.1620506376573685,4,0.7059826584964456,0,0.05829784843534928,0.08646968307343392,0.10097483546197472,0.11364342788883848,0.9999854128923323
SGTB,4,-0.828190134559159,0.09887286419021188,1.1177915834645593,3,0.7727809534237106,0,0.09887286419021188,0.1362868380256676,0.1563317248127846,0.17408364123847436,0.9999854128923323
SH2B2,5,0.8678585014450968,0.09811271912874472,2.8990208178153862,4,0.5748637415873897,0,0.09811271912874472,0.14552467983348769,0.16993621439972073,0.19125689919157585,0.9999854128923323
SH2D3C,2,0.64783672986192,0.13902862405908373,0.01678645004395625,1,0.8969125473920474,0,0.13902862405908373,0.15851702053751404,0.17027459429299208,0.1812711480715987,0.9999854128923323
SH2D5,2,0.721750600888513,0.1610480910997448,0.11228323411087282,1,0.7375595304800299,0,0.1610480910997448,0.18362307573105624,0.19724282362181783,0.2099810205701503,0.9999854128923323
SH3BGRL2,4,-0.6806882722601343,0.08385822548689019,0.2159031827417531,3,0.974982047035483,0,0.08385822548689019,0.1155905868375069,0.13259149653927774,0.14764764184913812,0.9999854128923323
SH3GL1,4,0.7965843934530865,0.073428181992738,0.09414121329081157,3,0.9925311106165761,0,0.073428181992738,0.10121376403652538,0.11610014977120672,0.12928365528307056,0.9999854128923323
SH3GL3,4,-0.6634846200659692,0.0958358628092797,0.28977785985447496,3,0.9619393833150681,0,0.0958358628092797,0.13210062051617416,0.15152980400237342,0.16873644852620653,0.9999854128923323
SH3RF3,3,0.6677250481917165,0.09345216190778975,0.9652194339928748,2,0.6171706475897434,0,0.09345216190778975,0.11820867355817677,0.1321613148030826,0.14477546669437955,0.9999854128923323
SH3TC2,2,-0.7903784832176238,0.18963435475104434,0.08073666048943863,1,0.7763015826068149,0,0.18963435475104434,0.21621643104167274,0.23225370342099474,0.2472529483204121,0.9999854128923323
SHANK1,3,0.6953050434471378,0.12684034615679726,0.07169454746311127,2,0.964787630646379,0,0.12684034615679726,0.16044175722386567,0.1793793377910408,0.1965002193169839,0.9999854128923323
SHARPIN,5,1.0281693786081973,0.07727957490562086,2.9829933914517373,4,0.5606754377547811,0,0.07727957490562086,0.11462413329969227,0.13385215012386015,0.1506456247318692,0.9999854128923323
SHC2,5,0.6773003020947685,0.0716594685028555,0.33786093923169863,4,0.9872408298776139,0,0.0716594685028555,0.10628816837939126,0.12411784029032738,0.1396900204711296,0.9999854128923323
SHC4,2,-0.735750705434692,0.16576077497611622,0.2847999360339417,1,0.5935722886300903,0,0.16576077497611622,0.18899636207315587,0.20301465902989357,0.21612560858251037,0.9999854128923323
SHFM1,5,-0.7656647883695709,0.07983045379805986,0.8026476942570785,4,0.9380927519220562,0,0.07983045379805986,0.11840769813626636,0.13827040196951954,0.15561820312449262,0.9999854128923323
SHISA4,5,1.2472685378406638,0.09894904659588648,2.8808411973187993,4,0.5779602422502911,0,0.09894904659588648,0.14676515393279432,0.17138477606457564,0.19288720155700498,0.9999854128923323
SHISA5,5,0.8008208622421328,0.07474946848222644,1.334811487135586,4,0.8554421818704476,0,0.07474946848222644,0.11087137901381854,0.12946987724998463,0.1457135393360081,0.9999854128923323
SHISA7,3,0.6227443857470916,0.08975101901011236,0.05725534752457977,2,0.9717782156446177,0,0.08975101901011236,0.11352705695721034,0.12692710832090637,0.13904168077252418,0.9999854128923323
SHKBP1,2,0.6096736320261645,0.12559159740678283,0.054090228540657634,1,0.8160929482059948,0,0.12559159740678283,0.1431964529621584,0.15381766481383444,0.16375140877750827,0.9999854128923323
SHOC2,2,-0.7017725596370944,0.10003632822190033,4.0486457077655537e-4,1,0.9839466511200364,0,0.10003632822190033,0.1140589630557621,0.1225189799426181,0.13043141431037084,0.9999854128923323
SHTN1,4,-0.891902927030175,0.13207372189551989,2.0516726640408756,3,0.5617514080354988,0,0.13207372189551989,0.1820510621477852,0.20882689012274694,0.2325397833652102,0.9999854128923323
SIGIRR,2,0.8393165183698501,0.16071096338866434,0.08157146321454821,1,0.7751790009811771,0,0.16071096338866434,0.18323869099976237,0.19682992818666806,0.20954145981316308,0.9999854128923323
SIGLEC8,2,0.9697716005304385,0.2172515395207722,0.2731672442801045,1,0.6012150278436084,0,0.2172515395207722,0.24770486642653863,0.2660777088299928,0.2832613517955593,0.9999854128923323
SIGMAR1,4,0.7049004447586604,0.07210919784501443,1.7849151732962445,3,0.6182230521286471,0,0.07210919784501443,0.09939566985697981,0.1140146527189755,0.12696134404983053,0.9999854128923323
SIKE1,5,-0.8735367823592014,0.06768946005799734,3.293614614212324,4,0.5099446017303418,0,0.06768946005799734,0.10039969425488843,0.11724158395735554,0.13195104929929213,0.9999854128923323
SIL1,2,0.6312717545005515,0.08442506049783606,0.009040397965785218,1,0.9242504836319793,0,0.08442506049783606,0.09625937924214067,0.10339915986164934,0.1100768114913744,0.9999854128923323
SIMC1,2,0.729471311519332,0.1494093792201795,0.03234627472459732,1,0.8572697787261041,0,0.1494093792201795,0.17035290246616647,0.1829883709377159,0.19480599687440575,0.9999854128923323
SIN3B,2,0.6503993423558599,0.11221094691742652,0.0018134162906952083,1,0.966032970036726,0,0.11221094691742652,0.1279401641023536,0.13742978175111195,0.14630517500683074,0.9999854128923323
SIPA1,5,0.7473438384223019,0.10224300913620805,0.23103340548488344,4,0.9938201794861938,0,0.10224300913620805,0.15165088993441084,0.17709008654264125,0.19930831664900878,0.9999854128923323
SIPA1L3,4,0.7635231077954193,0.10021128503578987,0.2766750602490752,3,0.9643538701463276,0,0.10021128503578987,0.13813172384429367,0.15844795398272207,0.1764401743096662,0.9999854128923323
SIRT6,4,0.6351857704993784,0.07208118921239869,0.1380154754121199,3,0.9869142165725633,0,0.07208118921239869,0.09935706262123432,0.11397036718236918,0.12691202976332944,0.9999854128923323
SIVA1,5,0.7426781316489098,0.060624558955510846,1.4475211172689575,4,0.8358949905794677,0,0.060624558955510846,0.08992075248134028,0.10500481629739956,0.11817902167682214,0.9999854128923323
SIX5,4,0.8183660627494337,0.14723252291595332,0.7778993516269124,3,0.8547455822320977,0,0.14723252291595332,0.2029460273766741,0.2327950590336741,0.25922960670612033,0.9999854128923323
SKA2,5,-0.7939966511748799,0.09172701294002898,0.7332450790806874,4,0.9471667270508114,0,0.09172701294002898,0.13605314691832945,0.15887584683865805,0.1788088661980186,0.9999854128923323
SKIL,2,-0.7209447273077085,0.1503650875825266,0.020582534569534523,1,0.8859220475274818,0,0.1503650875825266,0.17144257765447637,0.18415886985304653,0.19605208812530286,0.9999854128923323
SKIV2L2,5,-0.702574556906428,0.055764968131795815,0.7273641308953954,4,0.9479119857777283,0,0.055764968131795815,0.0827128144583924,0.09658775808672965,0.10870593520508791,0.9999854128923323
SLAIN1,2,-0.6092894869409122,0.13803462173229988,0.006276048605974764,1,0.9368564310387619,0,0.13803462173229988,0.15738368351202375,0.16905719504111225,0.17997512759968945,0.9999854128923323
SLC10A3,4,0.7973488892057082,0.11393905661018164,0.7855485654819749,3,0.8529204113414917,0,0.11393905661018164,0.15705415110819113,0.18015346666951887,0.20061041031256663,0.9999854128923323
SLC10A5,4,-0.9206045918298112,0.14546521819095024,0.620717456805291,3,0.891673635938464,0,0.14546521819095024,0.20050996592774994,0.23000070490838045,0.2561179456429329,0.9999854128923323
SLC10A7,3,-0.7143959672823929,0.08488912074697572,0.009527941836635963,2,0.9952473587925261,0,0.08488912074697572,0.10737718805179897,0.12005134585830035,0.13150966037089099,0.9999854128923323
SLC12A2,5,-0.7992840635988407,0.08412495514875408,1.61903780824928,4,0.8053664457705639,0,0.08412495514875408,0.1247774730202361,0.1457086965020951,0.1639897274202368,0.9999854128923323
SLC12A4,5,0.7020890971414202,0.09695814496104427,0.9640724296532204,4,0.9151939657040865,0,0.09695814496104427,0.1438121695943397,0.16793643328015698,0.18900621979789478,0.9999854128923323
SLC15A3,5,0.8793885927774023,0.10650070197000143,1.235583779024906,4,0.8722059504898522,0,0.10650070197000143,0.15796606896491014,0.18446462685379328,0.20760808793587895,0.9999854128923323
SLC15A4,2,-0.600039313108891,0.1020102702903805,0.04464942072152478,1,0.8326499874276504,0,0.1020102702903805,0.11630960329281256,0.12493655536741329,0.13300511988648417,0.9999854128923323
SLC16A10,2,-0.6711202724212575,0.1917866481261656,0.00095955895865117765,1,0.9752880826395365,0,0.1917866481261656,0.21867042305558967,0.23488971369390463,0.2500591955499706,0.9999854128923323
SLC16A7,3,-1.3139374157246861,0.20520404128053518,0.18119469747122052,2,0.9133854126577908,0,0.20520404128053518,0.2595648622070825,0.2902023382327013,0.31790073378158884,0.9999854128923323
SLC17A7,3,0.6688726443960128,0.13345927103519267,0.4818115309174278,2,0.7859156833028366,0,0.13345927103519267,0.16881410853477866,0.18873991112239627,0.20675421364651325,0.9999854128923323
SLC19A2,2,-0.6280826950913231,0.13342230170662547,0.017077199329987188,1,0.8960286452431486,0,0.13342230170662547,0.15212482956605716,0.1634082797444508,0.17396139803870125,0.9999854128923323
SLC1A4,3,0.6207125292178504,0.09665862182865628,0.08831140552805135,2,0.956804968696106,0,0.09665862182865628,0.12226456018856938,0.13669593391037782,0.1497428930438986,0.9999854128923323
SLC1A6,3,0.838683634044119,0.15271079143599034,1.0415498615744871,2,0.5940600141578847,0,0.15271079143599034,0.19316556968986598,0.21596567236950664,0.23657854080709792,0.9999854128923323
SLC22A15,4,-0.7449516252572483,0.0931465811296527,0.5341604441515958,3,0.9113249105047101,0,0.0931465811296527,0.12839370153816598,0.14727767631368113,0.16400147952394578,0.9999854128923323
SLC22A17,5,0.7590728363613459,0.07870411776163512,2.177404733688952,4,0.7031680485917582,0,0.07870411776163512,0.11673707181440746,0.13631953072803613,0.15342256998245676,0.9999854128923323
SLC22A18,4,1.2117118181952633,0.13570261604515027,0.528702961440416,3,0.9125417306366429,0,0.13570261604515027,0.1870531475352532,0.21456467557299289,0.238929110835499,0.9999854128923323
SLC24A2,2,-0.5947637422967988,0.15781193624643525,0.0010009115436586784,1,0.9747613880118757,0,0.15781193624643525,0.1799332914954974,0.19327935956219797,0.20576159086948956,0.9999854128923323
SLC25A1,5,0.8941760023034411,0.07658020055102263,0.5009445246103976,4,0.9734089641634323,0,0.07658020055102263,0.11358679349359531,0.13264079820818533,0.14928229313100874,0.9999854128923323
SLC25A10,5,1.0735907951949353,0.1258197185068567,0.9436708493313577,4,0.9182136194511636,0,0.1258197185068567,0.18662080120747057,0.21792614504788993,0.2452677841616173,0.9999854128923323
SLC25A18,5,0.9515757651223625,0.10888034865871596,0.293207245616625,4,0.9902484361672462,0,0.10888034865871596,0.16149565539944352,0.1885862958227099,0.21224687331352018,0.9999854128923323
SLC25A20,2,0.6739599778628681,0.167564746152367,3.914744671010048e-4,1,0.9842143144600979,0,0.167564746152367,0.1910532056759042,0.20522406347614497,0.21847769922873644,0.9999854128923323
SLC25A22,5,1.0042767393863743,0.10435913407012148,1.3819065384226494,4,0.8473335716220897,0,0.10435913407012148,0.1547896104410897,0.18075532244334264,0.2034334035567641,0.9999854128923323
SLC25A23,4,0.7689047188058497,0.09925323750405952,0.4386767612913235,3,0.932141837144927,0,0.09925323750405952,0.1368111464558746,0.1569331478292369,0.17475335756607213,0.9999854128923323
SLC25A25,3,0.642576346461102,0.10893168703982747,0.09764522164108003,2,0.9523500513097893,0,0.10893168703982747,0.13778889616419993,0.15405266918390553,0.16875624391181204,0.9999854128923323
SLC25A28,4,0.9482153334835486,0.11291554861935046,0.5573386815480792,3,0.9061253753190154,0,0.11291554861935046,0.15564334270381405,0.17853515844231424,0.1988083385374657,0.9999854128923323
SLC25A32,5,-0.8029509407923012,0.07166265082817411,1.0283194069914599,4,0.9054718684449291,0,0.07166265082817411,0.10629288853063391,0.12412335223946543,0.13969622396521336,0.9999854128923323
SLC25A36,5,-0.8193988128700244,0.08505272385350292,1.2230431418949945,4,0.8742903387450631,0,0.08505272385350292,0.1261535763931427,0.14731563903639244,0.16579828157318413,0.9999854128923323
SLC25A39,5,0.9400260836857582,0.07792430776176976,4.031502267129979,4,0.4017592693409558,0.7814026891867677,0.07792430776176976,0.11558042666616274,0.13496886018801904,0.15190244044311413,0.9999854128923323
SLC25A40,4,-0.7287868501086404,0.1007619328744955,0.9350710776522625,3,0.8169571512243473,0,0.1007619328744955,0.13889073950968883,0.1593186046622015,0.17740968987480205,0.9999854128923323
SLC25A42,3,0.6363685339443025,0.08259460562340283,0.5384825837539667,2,0.7639588963308567,0,0.08259460562340283,0.10447483048532175,0.1168064114514734,0.12795501282640345,0.9999854128923323
SLC25A46,4,-0.8969136490760927,0.10437548404628035,0.7888820774925163,3,0.8521244040142434,0,0.10437548404628035,0.14387167606169435,0.16503213073440673,0.18377200324498694,0.9999854128923323
SLC25A5,4,0.6744005069625425,0.06658456601012287,1.1182563084852948,3,0.7726688662658112,0,0.06658456601012287,0.09178049040203032,0.10527944280290918,0.11723422595532786,0.9999854128923323
SLC25A6,5,1.0161861679106823,0.07142726949478032,2.2857470248037313,4,0.6833652281515809,0,0.07142726949478032,0.1059437615929128,0.12371565981087407,0.1392373812753741,0.9999854128923323
SLC26A11,3,0.6789446246450308,0.06703391171651431,0.40015706978621035,2,0.8186664566705957,0,0.06703391171651431,0.08479193659793303,0.09480026708841525,0.10384848948367927,0.9999854128923323
SLC26A2,4,-0.9321876947322771,0.10780966330517895,1.634829741613465,3,0.6515184472783777,0,0.10780966330517895,0.14860536549450187,0.17046204491012104,0.1898184997731405,0.9999854128923323
SLC26A4,2,-1.081022701813169,0.251598537451131,0.5984739299460531,1,0.43916088402274495,0,0.251598537451131,0.2868664693926647,0.3081440183928973,0.3280443580993764,0.9999854128923323
SLC27A1,4,0.7678328233542849,0.08303108690471608,1.6740016782586449,3,0.6427292009001292,0,0.08303108690471608,0.11445045498336465,0.13128367560914148,0.14619131409558295,0.9999854128923323
SLC27A3,2,0.7780338683288504,0.1373066730367784,0.22850733766205633,1,0.6326328305823714,0,0.1373066730367784,0.15655369429865718,0.16816564360963612,0.1790259986223479,0.9999854128923323
SLC27A5,5,0.8193230905239914,0.08531590947229575,2.195187258683238,4,0.6999104837755415,0,0.08531590947229575,0.12654394375072606,0.14777148989996308,0.16631132479336114,0.9999854128923323
SLC29A2,3,0.7284283462820927,0.12494108534478682,0.04902731365440756,2,0.9757843627089811,0,0.12494108534478682,0.15803936120920412,0.1766933773922119,0.19355789711897556,0.9999854128923323
SLC29A3,5,0.7617286110676261,0.09587560446647711,1.3007952499350148,4,0.8612405912360808,0,0.09587560446647711,0.14220650255873396,0.16606141814231593,0.1868959598838,0.9999854128923323
SLC29A4,4,0.9570283957859255,0.12916137157444016,0.582537960407942,3,0.9004180119906101,0,0.12916137157444016,0.17803666426689232,0.20422205994327963,0.22741206149118573,0.9999854128923323
SLC2A13,2,-0.7496859265242324,0.1887042758517602,0.03407617794968742,1,0.8535448724292289,0,0.1887042758517602,0.2151559779373057,0.23111459405910698,0.24604027380096383,0.9999854128923323
SLC2A4RG,4,1.0272150134360445,0.1394810602904527,0.7516022732457276,3,0.8610045628716456,0,0.1394810602904527,0.19226137350368355,0.22053892048654875,0.24558174842040192,0.9999854128923323
SLC2A6,5,0.6954055480822445,0.07110807759600088,3.1225158697773727,4,0.5375360689172982,0,0.07110807759600088,0.10547032349754855,0.1231628032248237,0.13861516171658766,0.9999854128923323
SLC2A8,2,0.6934218305616096,0.1253968244224465,0.4925363677990692,1,0.4827980652193665,0,0.1253968244224465,0.14297437759194492,0.15357911760018292,0.16349745587591752,0.9999854128923323
SLC30A1,3,-0.6317711475193246,0.1295343980864864,0.06836660326697672,2,0.9663943467389854,0,0.1295343980864864,0.16384949331690143,0.18318930256774457,0.20067382661998548,0.9999854128923323
SLC30A10,3,-0.6548736106977373,0.11413994531048653,0.04510616322410214,2,0.9776993379589409,0,0.11413994531048653,0.14437687967527685,0.1614182586666134,0.17682484292981587,0.9999854128923323
SLC30A4,4,-0.7138256567365855,0.07731983685242325,1.1543484717271808,3,0.7639729376502852,0,0.07731983685242325,0.10657804006774642,0.12225339638314091,0.1361356207233969,0.9999854128923323
SLC30A5,4,-0.6244289066355138,0.06439877884085521,0.14218159132054883,3,0.986334212349379,0,0.06439877884085521,0.08876759071174244,0.10182340983528028,0.11338575051654187,0.9999854128923323
SLC30A6,3,-0.9457110607667263,0.13850833791054423,1.9662543663815946,2,0.37413926551548016,0,0.13850833791054423,0.17520072908862683,0.19588036997484717,0.2145761944153629,0.9999854128923323
SLC30A7,5,-0.8386631711693044,0.06601604669496312,1.7494130866243722,4,0.7817233242306745,0,0.06601604669496312,0.09791762112464443,0.11434314699051558,0.1286889661186222,0.9999854128923323
SLC33A1,4,-0.7261436191066423,0.08489976258717814,0.5636167876329479,3,0.9047085683682532,0,0.08489976258717814,0.11702624665425489,0.1342383112915163,0.14948145714707747,0.9999854128923323
SLC35A3,5,-0.9869213930946416,0.107913645277378,0.9084854363364155,4,0.9233403015904561,0,0.107913645277378,0.16006180256861374,0.1869119164503839,0.21036242150345366,0.9999854128923323
SLC35A4,4,0.8939038243234915,0.12180436513212045,1.4094107397080058,3,0.7033302917242685,0,0.12180436513212045,0.16789573071985464,0.1925896113841484,0.2144587149831889,0.9999854128923323
SLC35A5,3,-0.8390965393499342,0.10814505325882731,2.1149588956021197,2,0.3473301717585162,5.435514413124865,0.10814505325882731,0.13679387439124369,0.15294020102219427,0.16753759609846094,0.9999854128923323
SLC35B2,2,0.6891416177016048,0.15389570144640438,0.3077596164392346,1,0.5790582391288935,0,0.15389570144640438,0.17546809681758416,0.1884829710756949,0.20065544540394964,0.9999854128923323
SLC35B3,5,-1.020326915933723,0.08340063489477459,7.565094906672458,4,0.10887290254801087,47.125580718465585,0.08340063489477459,0.12370313246588902,0.1444541370212514,0.1625777673091732,0.9999854128923323
SLC35D1,4,-0.6711948292670653,0.06592699614313476,1.0417497870571424,3,0.7911511679962756,0,0.06592699614313476,0.09087409289158334,0.10423973355272098,0.11607645473314733,0.9999854128923323
SLC35D2,2,-0.8354980599130708,0.17263766206323056,0.0010104274112619697,1,0.9746417377482781,0,0.17263766206323056,0.19683721973106524,0.2114370912209759,0.22509197235023495,0.9999854128923323
SLC35E3,4,-0.6606189163901874,0.07640221867554084,0.6766183703964784,3,0.878689272624558,0,0.07640221867554084,0.1053131906991513,0.12080251465248108,0.13451998720446712,0.9999854128923323
SLC35E4,4,0.7286601351843269,0.08734628817035128,1.8112649893548218,3,0.6124866214209054,0,0.08734628817035128,0.12039854944542434,0.13810660788986573,0.15378900993610675,0.9999854128923323
SLC35F5,5,-0.8077831010733553,0.06614971592516043,0.45070209414596274,4,0.9781192585829578,0,0.06614971592516043,0.09811588463319654,0.11457466888862594,0.12894953541801463,0.9999854128923323
SLC35G1,3,-0.6933257822872068,0.14956625171602209,0.3329285558608776,2,0.8466530605947781,0,0.14956625171602209,0.18918800660667887,0.21151862165010665,0.23170704082032803,0.9999854128923323
SLC36A4,4,-0.9948818716184816,0.10997653558792853,0.06362347909816218,3,0.9958123477264849,0,0.10997653558792853,0.1515921928129992,0.17388817081620958,0.19363367211763818,0.9999854128923323
SLC38A1,3,-0.7661090241811648,0.14744832330377683,0.2738476373529293,2,0.8720366565083645,0,0.14744832330377683,0.18650901552512725,0.2085234185653741,0.22842596023269385,0.9999854128923323
SLC38A10,3,0.6387070895314054,0.08899581389624499,0.38471625749629923,2,0.8250113552950742,0,0.08899581389624499,0.11257178965303925,0.12585908700650164,0.1378717220409326,0.9999854128923323
SLC38A11,5,-1.0850825421292816,0.1205651485836389,1.3711041211639998,4,0.84920138513844,0,0.1205651485836389,0.17882701450448932,0.20882496296895342,0.2350247416792128,0.9999854128923323
SLC38A2,4,-0.9249827245363542,0.1075223104181307,0.05730838297346348,3,0.9964133280184958,0,0.1075223104181307,0.1482092768740892,0.17000770010247226,0.18931256280744777,0.9999854128923323
SLC38A3,3,0.8450690083783141,0.1599633201901478,0.49734998254081647,2,0.7798333848597054,0,0.1599633201901478,0.20233937355346635,0.22622229689513698,0.24781411004019485,0.9999854128923323
SLC38A6,4,-0.7518923015614175,0.08326342942011765,1.6670338717782123,3,0.6442876163635953,0,0.08326342942011765,0.11477071703931249,0.13165104138212233,0.1466003953073682,0.9999854128923323
SLC38A9,5,-0.9224903042037732,0.06368731334392579,1.3540080760467903,4,0.8521479241743473,0,0.06368731334392579,0.09446355137368197,0.11030966250923879,0.12414942910733046,0.9999854128923323
SLC39A1,2,0.6753112063724277,0.12512865360964823,0.6067619642745297,1,0.4360095991770201,0,0.12512865360964823,0.14266861582146345,0.1532506767725513,0.16314780391435757,0.9999854128923323
SLC39A10,2,-0.6066518830620053,0.1394885164955788,0.00234552181751027,1,0.9613730825012065,0,0.1394885164955788,0.1590413785917947,0.1708378451959812,0.18187077444722535,0.9999854128923323
SLC39A13,5,0.8100607337232144,0.08725429345461092,2.295633635769834,4,0.6815641339778739,0,0.08725429345461092,0.1294190318221373,0.15112886944191062,0.17008993080074067,0.9999854128923323
SLC39A3,5,0.7789110672026277,0.05873171785606998,3.5734775138515187,4,0.466794225462073,0,0.05873171785606998,0.0871132154217431,0.10172631934251346,0.1144891950920917,0.9999854128923323
SLC39A4,2,0.8960186726783592,0.16254005094783766,1.3831759048470247,1,0.23956091515334155,27.70261566184547,0.16254005094783766,0.18532417168508636,0.19907009379409174,0.21192629821618086,0.9999854128923323
SLC3A2,3,0.6118248341553099,0.08716290766095267,0.08852280966330155,2,0.9567038377775686,0,0.08716290766095267,0.11025332627661996,0.12326696614999301,0.1350321959111538,0.9999854128923323
SLC43A1,2,0.5927546162138498,0.12847874668740036,0.001054360191811923,1,0.9740965118472336,0,0.12847874668740036,0.14648830962051118,0.15735368608821268,0.16751579088438445,0.9999854128923323
SLC43A2,5,0.9432914119007871,0.08829527550488823,0.8114988999737844,4,0.9368998622463411,0,0.08829527550488823,0.13096305772340938,0.15293190324275815,0.1721191783928788,0.9999854128923323
SLC44A1,3,-0.8693649046643264,0.13926779928509156,0.6449960913968495,2,0.7243373473791516,0,0.13926779928509156,0.17616138018402352,0.19695441055083052,0.21575274691764673,0.9999854128923323
SLC44A2,5,0.83140325677233,0.09493272013637691,3.3042533122817725,4,0.5082586404463515,0,0.09493272013637691,0.1408079790902549,0.16442829457692185,0.1850579399525141,0.9999854128923323
SLC44A5,3,-0.829998729286042,0.14984621679683863,0.45523321224981195,2,0.7964295475194629,0,0.14984621679683863,0.18954213753495622,0.21191455206438828,0.23214076085853685,0.9999854128923323
SLC46A3,3,-0.641553627956249,0.1161345562412902,0.1908686009488695,2,0.9089780791204924,0,0.1161345562412902,0.14689988511016008,0.16423906449661357,0.17991488089668223,0.9999854128923323
SLC48A1,2,1.148146623503046,0.19488787925508763,0.18510048011151084,1,0.6670261204111265,0,0.19488787925508763,0.22220637057633902,0.2386879306140518,0.25410270623692216,0.9999854128923323
SLC4A11,4,0.7602777999453758,0.13741275409491963,0.23618000525126429,3,0.971547505143266,0,0.13741275409491963,0.18941041016033572,0.21726864124828768,0.24194011958054337,0.9999854128923323
SLC4A2,2,0.7707242222482064,0.14373317788607348,0.001152439824650331,1,0.9729189324562507,0,0.14373317788607348,0.16388103719710387,0.17603647246478343,0.1874051357964621,0.9999854128923323
SLC4A3,5,0.8518053068446395,0.06933288741509798,2.190375268204161,4,0.7007917428296785,0,0.06933288741509798,0.10283729095076471,0.1200880836384025,0.1351546789933507,0.9999854128923323
SLC52A2,5,0.965330423201825,0.08385807175588407,1.5031524681973976,4,0.8260829007810956,0,0.08385807175588407,0.1243816209773494,0.14524644090594785,0.163469475911367,0.9999854128923323
SLC5A3,4,-1.067930328270618,0.1520018161701317,0.26703594177654527,3,0.9661040207206333,0,0.1520018161701317,0.2095200444495351,0.24033597378991411,0.2676268139947067,0.9999854128923323
SLC6A15,5,-1.0110840267583099,0.1256858024079297,0.4159868361291572,4,0.9811472122800954,0,0.1256858024079297,0.18642217153341856,0.21769419556059696,0.2450067336264772,0.9999854128923323
SLC6A17,2,0.6700950228782342,0.163124546127565,0.29597077714570247,1,0.5864194777001199,0,0.163124546127565,0.18599059872510038,0.1997859512678159,0.21268838669248244,0.9999854128923323
SLC6A8,4,0.760519576851203,0.09420076751105301,0.8599359377067778,3,0.8350838086915543,0,0.09420076751105301,0.12984679718566713,0.14894449133545912,0.1658575661794828,0.9999854128923323
SLC7A10,5,1.0042994091795032,0.1253465985457057,1.7754600481220297,4,0.7769688944544636,0,0.1253465985457057,0.18591905089945002,0.21710667723710142,0.24434550356926477,0.9999854128923323
SLC7A11,2,-0.6097169621577264,0.13573363958056278,0.0221344336401474,1,0.8817300298276665,0,0.13573363958056278,0.15476016020902136,0.16623907895160864,0.17697501392410286,0.9999854128923323
SLC7A4,2,0.7521388315969141,0.17132328455740345,0.05201979086079793,1,0.8195852333966352,0,0.17132328455740345,0.19533859879961807,0.20982731411164168,0.22337823375076848,0.9999854128923323
SLC8A1,2,-0.7931352641193103,0.21802099909000192,0.010241461394060847,1,0.9193916128124134,0,0.21802099909000192,0.24858218531798174,0.2670201004911501,0.284264604330445,0.9999854128923323
SLC8A2,4,0.8130097551300299,0.11122851352422161,0.34994790298011363,3,0.950376438918678,0,0.11122851352422161,0.15331792530403973,0.17586772174569124,0.1958380067415532,0.9999854128923323
SLC9A1,2,0.6879750286146539,0.11655227394549612,0.24009562034156187,1,0.6241370612553875,0,0.11655227394549612,0.13289003849207723,0.14274679976377389,0.15196557292746327,0.9999854128923323
SLC9A3R1,2,0.6635562610769832,0.11378143447004287,0.008099944651193267,1,0.928287459182655,0,0.11378143447004287,0.12973079541527086,0.13935322832676317,0.1483528402529022,0.9999854128923323
SLC9C2,3,-0.9434222850131858,0.17302119730399837,0.29698816339805656,2,0.8620051087610751,0,0.17302119730399837,0.2188564267880078,0.2446889238053457,0.2680432862797013,0.9999854128923323
SLCO1A2,2,-0.9380805937956784,0.2554093613798926,0.16413538514003811,1,0.6853773581567634,0,0.2554093613798926,0.29121147718561846,0.31281130545542446,0.3330130646038137,0.9999854128923323
SLF1,5,-0.8657898002349284,0.09947248236850689,0.28330594887519217,4,0.9908661843908418,0,0.09947248236850689,0.14754153464979416,0.17229139341725327,0.19390756572269446,0.9999854128923323
SLF2,2,-0.7283813112233419,0.09559867459737995,0.019492568835666982,1,0.888963564151959,0,0.09559867459737995,0.10899925944798185,0.11708398642497446,0.12464542187388494,0.9999854128923323
SLFN11,2,-0.7079237956157876,0.11905060533629377,0.0399951349577079,1,0.8414900936188351,0,0.11905060533629377,0.13573857454761848,0.14580661832168992,0.15522299852983953,0.9999854128923323
SLFN5,5,-0.752247570727119,0.08634338444399792,0.5311878890461887,4,0.9703946726934415,0,0.08634338444399792,0.12806793541685932,0.1495511287544566,0.16831424224208502,0.9999854128923323
SLIT1,3,0.7064820834514904,0.13353395751111727,0.28827900756816555,2,0.8657669618670211,0,0.13353395751111727,0.1689085802845119,0.1888455337495747,0.2068699174374904,0.9999854128923323
SLITRK4,2,-1.0164320816942445,0.24381594312536978,0.004493473363309028,1,0.9465551335404585,0,0.24381594312536978,0.27799294659891577,0.2986123259063,0.3178970965699326,0.9999854128923323
SMAD2,3,-0.5883258461897459,0.06733357205577109,0.01202590063125955,2,0.9940050912909125,0,0.06733357205577109,0.08517098027652112,0.09522405080429752,0.10431272128506341,0.9999854128923323
SMARCA4,4,0.7641584277883327,0.061912040179685476,0.23717468555672783,3,0.9713759996701673,0,0.061912040179685476,0.08533985801781532,0.09789153077783325,0.10900739529753962,0.9999854128923323
SMARCAD1,5,-0.7579806102217939,0.054188738889690474,1.4484685882853872,4,0.8357287087224687,0,0.054188738889690474,0.08037488867426888,0.0938576489550274,0.10563329875247293,0.9999854128923323
SMARCB1,2,0.6555044608032661,0.08060089252550971,7.679838381540795e-6,1,0.9977888635396314,0,0.08060089252550971,0.09189915689864298,0.09871552975020267,0.10509070648275662,0.9999854128923323
SMARCD2,2,0.6054147281735046,0.11364928243810388,8.087940596739067e-4,1,0.9773117761410516,0,0.11364928243810388,0.1295801189160771,0.1391913758034019,0.14818053508400839,0.9999854128923323
SMC2,4,-0.6716115827233906,0.0765466601092281,0.9138508918062505,3,0.822084048744943,0,0.0765466601092281,0.10551228947552799,0.12103089661195704,0.13477430259148382,0.9999854128923323
SMC4,4,-0.786782071474924,0.07929452325167381,0.773702946024734,3,0.8557460414639542,0,0.07929452325167381,0.10929995742748234,0.1253756497262351,0.13961241490247828,0.9999854128923323
SMC6,4,-0.6912728519531327,0.07040717932383428,1.910464746658416,3,0.5911963975122271,0,0.07040717932383428,0.09704959922968903,0.11132352514561508,0.12396463121007348,0.9999854128923323
SMCHD1,5,-0.6800483038347201,0.05129959169529254,1.0629686990546618,4,0.9001022406953612,0,0.05129959169529254,0.07608959086385075,0.0888534992237851,0.10000131404533723,0.9999854128923323
SMIM10L1,4,-0.7419588383397671,0.10016434710786787,0.551607899938288,3,0.9074155871617312,0,0.10016434710786787,0.13806702437561377,0.1583737386022809,0.17635753155958736,0.9999854128923323
SMIM13,5,-0.7191058508177497,0.07695142372459189,0.6504018081591564,4,0.9573015571596677,0,0.07695142372459189,0.11413740644123514,0.13328377560575425,0.15000594031677011,0.9999854128923323
SMIM14,5,-0.6848765796903402,0.06325723281319806,0.16222714915068054,4,0.996882891227742,0,0.06325723281319806,0.09382563885741953,0.10956474117867218,0.12331104781038857,0.9999854128923323
SMIM15,3,-0.7609613776349696,0.09008376689152785,0.23745641950305868,2,0.8880491310588385,0,0.09008376689152785,0.11394795343395776,0.12739768488765507,0.13955717157380737,0.9999854128923323
SMIM4,2,-0.8078521021647027,0.17385080453490895,0.33136144822421154,1,0.564858515629185,0,0.17385080453490895,0.19822041496441697,0.21292288124143133,0.22667371661407879,0.9999854128923323
SMIM8,5,-0.667354618513234,0.09243676205297328,0.2771812302067702,4,0.991239181499802,0,0.09243676205297328,0.13710587497785645,0.16010516836290453,0.18019242192607435,0.9999854128923323
SMN1,2,-0.8625830156578214,0.18737327077737048,0.5070192108547442,1,0.4764320717230529,0,0.18737327077737048,0.21363839866080428,0.22948445242045198,0.24430485550450418,0.9999854128923323
SMNDC1,4,-0.7500013290373008,0.07973802280173378,1.427121075397241,3,0.69918989578124,0,0.07973802280173378,0.10991127936943801,0.1260768840859598,0.14039327643809169,0.9999854128923323
SMO,4,0.9347434560937299,0.13059662783186332,0.9498750503055186,3,0.8133781227037371,0,0.13059662783186332,0.18001502848929865,0.2064913993430127,0.22993909089858572,0.9999854128923323
SMOX,5,0.858295827258028,0.09109054958305914,2.9797730321389695,4,0.5612160215047073,0,0.09109054958305914,0.13510911920131913,0.1577734599672304,0.17756817070834024,0.9999854128923323
SMPD2,3,0.6669535483531537,0.10185586994230517,0.2518834412121656,2,0.8816662282595811,0,0.10185586994230517,0.12883861683022702,0.14404595267971806,0.1577944352000066,0.9999854128923323
SMPD3,3,0.6828995155569801,0.1344593083172734,0.27233598019228544,2,0.8726960158863836,0,0.1344593083172734,0.17007906675736242,0.19015417740959356,0.20830346474214734,0.9999854128923323
SNAPC1,5,-0.7857653111613392,0.0825174848333654,1.306612791875069,4,0.860252578623278,0,0.0825174848333654,0.12239320923602877,0.14292447624418314,0.16085619090434106,0.9999854128923323
SNAPC2,4,0.8906281004191592,0.09415208052971595,1.673123539692292,3,0.6429254847619299,0,0.09415208052971595,0.1297796868132329,0.1488675104587475,0.16577184390308794,0.9999854128923323
SNAPC3,5,-0.8455668931051576,0.08490834723012515,0.25817329514320086,4,0.9923517794634164,0,0.08490834723012515,0.12593943125396947,0.1470655713892769,0.16551683972193193,0.9999854128923323
SNAPC4,3,0.6178763391383562,0.11358355993377621,0.08982749129280891,2,0.9560799443342581,0,0.11358355993377621,0.1436731016563907,0.1606314109209636,0.1759628944105869,0.9999854128923323
SNCA,2,-0.6056330748302055,0.13100040608333136,0.0026212844821960025,1,0.9591673620471202,0,0.13100040608333136,0.14936344369422203,0.16044207550077558,0.1708036324841955,0.9999854128923323
SNCG,4,0.8522426441740063,0.11916588285029643,2.927695312894449,3,0.402908008031243,0,0.11916588285029643,0.1642588338794358,0.18841780459586732,0.20981318755030812,0.9999854128923323
SNED1,2,0.7017964646034831,0.13991956746762035,0.5602460693582074,1,0.4541611144814218,0,0.13991956746762035,0.15953285231708156,0.17136577266329744,0.182432796153965,0.9999854128923323
SNRNP25,5,0.8224814175859306,0.0643893873721531,1.639403524571608,4,0.8016933174034316,0,0.0643893873721531,0.09550489544287569,0.11152569039680305,0.1255180233409231,0.9999854128923323
SNRNP48,5,-1.0012026771333362,0.08409698706249188,0.5087166682893323,4,0.9726468815832945,0,0.08409698706249188,0.12473598964443118,0.1456602543556985,0.16393520758323368,0.9999854128923323
SNRPA,2,0.6415194386993716,0.09335086956091736,0.1538047980892926,1,0.6949255543157226,0,0.09335086956091736,0.10643636738499314,0.11433099873467872,0.12171464267385823,0.9999854128923323
SNRPA1,2,-0.5932576321584251,0.13741916916691882,2.556348745829474e-4,1,0.987243497777027,0,0.13741916916691882,0.15668195962166204,0.168303422668077,0.17917267563078537,0.9999854128923323
SNRPC,3,0.6778899657428418,0.09415112083214805,0.6716873580151412,2,0.7147348251409819,0,0.09415112083214805,0.1190927944349262,0.1331497919934518,0.14585828920386865,0.9999854128923323
SNRPD1,3,-0.6668481519065493,0.06595953716693298,0.0852408924900481,2,0.958275037939657,0,0.06595953716693298,0.08343294834321523,0.09328087202932886,0.10218407558843223,0.9999854128923323
SNRPD2,2,0.7090262883135812,0.15652546074734439,0.013485941647256647,1,0.9075503158376741,0,0.15652546074734439,0.17846648374644183,0.19170375529251552,0.20408423203590806,0.9999854128923323
SNRPN,5,0.72130215055424,0.06188320307139709,1.186845155231175,4,0.8802596921814453,0,0.06188320307139709,0.09178762339894575,0.10718485185476215,0.12063257074699156,0.9999854128923323
SNTA1,5,1.073207677378188,0.1244087243422862,1.2196004267373604,4,0.8748611130660938,0,0.1244087243422862,0.18452795864975285,0.21548223146567064,0.24251725017285847,0.9999854128923323
SNX10,3,-1.2317941050746448,0.2133951463935527,0.48333863865596005,2,0.7853158233837588,0,0.2133951463935527,0.269925881691477,0.3017863101743543,0.3305903392574893,0.9999854128923323
SNX13,5,-0.7408311098695074,0.06000341026916277,0.33859320875690985,4,0.9871885452239547,0,0.06000341026916277,0.08899944009174907,0.10392895521359004,0.11696817997614554,0.9999854128923323
SNX14,5,-0.8492648148301801,0.0556450333850238,0.2648944971287902,4,0.9919661939987007,0,0.0556450333850238,0.08253492248088024,0.09638002501172761,0.1084721393427712,0.9999854128923323
SNX15,2,0.6868218668547543,0.12534578935815144,0.2883254340169236,1,0.5912956352001463,0,0.12534578935815144,0.14291618866581732,0.15351661266692637,0.16343091429313708,0.9999854128923323
SNX16,4,-0.7561988339030099,0.09218435240570197,0.8264799964470562,3,0.8431234433916146,0,0.09218435240570197,0.12706736077400613,0.14575625911482026,0.16230730103178295,0.9999854128923323
SNX24,3,-0.724606539316259,0.09450185244000135,6.8210736960172e-4,2,0.9996590044673959,0,0.09450185244000135,0.11953643872621797,0.13364580139003088,0.1464016402743504,0.9999854128923323
SNX33,2,0.6163418817607993,0.16267924831847136,0.005849151561189008,1,0.9390374270576647,0,0.16267924831847136,0.18548288110632133,0.19924057505988657,0.21210778938286748,0.9999854128923323
SNX6,5,-0.6624902529474495,0.08515563725092237,0.36228273254950377,4,0.9854468008474484,0,0.08515563725092237,0.12630622162959151,0.14749389026950246,0.16599889671717874,0.9999854128923323
SNX7,3,-0.7742276520741903,0.08058165678683078,0.12263121117965094,2,0.9405263575538074,0,0.08058165678683078,0.10192862923054026,0.11395967190643005,0.124836565898079,0.9999854128923323
SNX8,5,0.8271261604559665,0.0964414313527197,0.9453855735472605,4,0.9179611275306117,0,0.0964414313527197,0.14304575945827602,0.16704145905757659,0.18799895954279403,0.9999854128923323
SOAT1,3,-0.8516076651629545,0.09591154729335255,0.08078086713830376,2,0.9604143879234509,0,0.09591154729335255,0.1213195773431807,0.1356394109704477,0.1485855301504558,0.9999854128923323
SOCS4,4,-0.6411714272031481,0.0884441475599483,0.15321859095381718,3,0.9847625956767999,0,0.0884441475599483,0.12191184418033887,0.1398424760007301,0.1557219908573555,0.9999854128923323
SOD3,5,1.380644502692385,0.15749133771258134,0.7319080518276532,4,0.9473364952235109,0,0.15749133771258134,0.23359740409494356,0.27278299867017924,0.30700713595467727,0.9999854128923323
SOHLH1,2,1.1204963142952444,0.30917462962836806,0.9309654882326253,1,0.3346121691813509,0,0.30917462962836806,0.35251331476639314,0.3786600420017378,0.40311439782017905,0.9999854128923323
SORBS3,4,0.8991058891435602,0.11956830476820271,2.408109898977703,3,0.4921267530461862,0,0.11956830476820271,0.1648135342129688,0.1890540895163459,0.21052172445127745,0.9999854128923323
SORCS2,5,0.9374247104514833,0.08828919637732471,1.7940385932745195,4,0.7735728481168844,0,0.08828919637732471,0.13095404092008148,0.15292137388495244,0.1721073279916473,0.9999854128923323
SOS1,5,-0.8492404712054996,0.05305119397686591,1.1026518995049444,4,0.8938512246315394,0,0.05305119397686591,0.07868763690197031,0.09188736337012375,0.103415815487816,0.9999854128923323
SOX12,3,0.6295654713886922,0.10042368630570368,0.02969024125313607,2,0.9852645249388843,0,0.10042368630570368,0.12702703190251358,0.14202053915702742,0.1555757058506993,0.9999854128923323
SOX18,3,1.3775564274025938,0.2854226092819881,0.44411593012678063,2,0.8008689405702866,0,0.2854226092819881,0.36103421641575956,0.40364852505450444,0.44217480495208256,0.9999854128923323
SOX2,2,0.6123044619616748,0.09774777625743551,0.36490699387778336,1,0.5457935661802992,0,0.09774777625743551,0.11144961234681697,0.11971608766122667,0.1274475076161368,0.9999854128923323
SP2,5,0.8067653814936223,0.06745920201693222,2.3808286832323997,4,0.6660945719497195,0,0.06745920201693222,0.10005816638773068,0.11684276533137947,0.13150219374479208,0.9999854128923323
SPAG16,5,-0.716067114229712,0.06465250861979065,0.6860304497983631,4,0.9530404122409374,0,0.06465250861979065,0.09589516732260614,0.11198142976626219,0.12603094107861765,0.9999854128923323
SPATA20,5,0.6648561675118836,0.07118055840146557,0.5841018016387489,4,0.9648138485426209,0,0.07118055840146557,0.1055778299055147,0.12328834366246208,0.13875645281754975,0.9999854128923323
SPATA25,2,0.8497018877237955,0.2057211785325989,0.20109867383180252,1,0.6538354858833106,0,0.2057211785325989,0.2345582321853016,0.2519559583444339,0.26822760037816845,0.9999854128923323
SPATA2L,5,0.947850276351189,0.09959444181394035,2.434198022426195,4,0.6564561234090961,0,0.09959444181394035,0.1477224297407363,0.17250263337320693,0.19414530844930383,0.9999854128923323
SPATA5,2,-0.6230761077067353,0.08422719707111188,0.12252524219120023,1,0.7263116366746948,0,0.08422719707111188,0.09603378022546387,0.10315682764453295,0.10981882914589401,0.9999854128923323
SPATA6,2,-0.6225293853091153,0.11249148533618356,0.010686606366614636,1,0.9176645247950467,0,0.11249148533618356,0.12826002711321655,0.13777336974071294,0.14667095235369326,0.9999854128923323
SPATC1L,4,0.9787966461779926,0.10988430057416688,0.4136399020222746,3,0.9374106188829966,0,0.10988430057416688,0.1514650556203652,0.1737423344544577,0.1934712756180848,0.9999854128923323
SPCS3,5,-0.9388335637674594,0.0816610402132212,2.80464039117651,4,0.5910319648059076,0,0.0816610402132212,0.12112289657678983,0.14144107064822434,0.15918667298828834,0.9999854128923323
SPDL1,3,-0.6635644545137886,0.1279515138549041,0.4585069711144496,2,0.7951269547583315,0,0.1279515138549041,0.16184728553923525,0.18095076621977438,0.1982216329128285,0.9999854128923323
SPEG,2,0.6935154565052535,0.10967902803767383,0.013959584549212763,1,0.9059482632247227,0,0.10967902803767383,0.12505333241731503,0.1343288270883553,0.1430039566766984,0.9999854128923323
SPHK2,5,0.732810979856528,0.07799269493659698,0.8512390298997059,4,0.9314497381463135,0,0.07799269493659698,0.11568186123866082,0.13508731024940587,0.15203575158888682,0.9999854128923323
SPI1,5,0.9417794099694928,0.12473630342427515,1.8161754717431575,4,0.7695216578528301,0,0.12473630342427515,0.185013836948203,0.21604961507917228,0.24315581936161998,0.9999854128923323
SPIN1,2,-1.1519555345455006,0.2362148460615726,0.05320366164825203,1,0.8175795807421888,0,0.2362148460615726,0.269326362522981,0.2893029212604647,0.3079864785178355,0.9999854128923323
SPINT2,4,0.6381351599987543,0.08992505006056002,0.1667684681182189,3,0.9827668165960007,0,0.08992505006056002,0.12395312740689131,0.14218398844801608,0.15832938876917985,0.9999854128923323
SPIRE2,4,0.6425599579261209,0.077642690240665,0.0427246110416441,3,0.9976811307380835,0,0.077642690240665,0.1070230627520766,0.1227638724117142,0.13670406277139077,0.9999854128923323
SPN,2,1.3236130896429263,0.30783743393843216,0.1678139535422259,1,0.6820619689431671,0,0.30783743393843216,0.35098867710217974,0.37702231843844186,0.40137090794856767,0.9999854128923323
SPNS1,3,0.767367481058651,0.08482421308251456,0.9104581873984147,2,0.6343026365641842,0,0.08482421308251456,0.10729508562887927,0.11995955255891742,0.13140910584949128,0.9999854128923323
SPNS2,5,0.7891311235420629,0.08246433002163192,0.6985618328659602,4,0.9515061579931962,0,0.08246433002163192,0.12231436790915683,0.14283240940959396,0.1607525731006604,0.9999854128923323
SPOCK3,5,-0.789844606124581,0.11238963542183641,0.6602330377391155,4,0.9561409186953493,0,0.11238963542183641,0.16670076883613127,0.19466455879476344,0.21908773258893927,0.9999854128923323
SPOPL,4,-0.8714560252908425,0.11721331239534834,0.8731583370782727,3,0.8319000068880936,0,0.11721331239534834,0.16156740124514624,0.18533051963107372,0.20637533250933238,0.9999854128923323
SPPL2A,4,-0.8432855984284235,0.0987359498341381,1.7312564233185488,3,0.6300072808203127,0,0.0987359498341381,0.1360981146097694,0.15611524420800035,0.17384257863916205,0.9999854128923323
SPPL2B,5,0.7092422939608307,0.08106131295603661,1.7587003601487217,4,0.7800290535279256,0,0.08106131295603661,0.12023335730130935,0.14040231256809668,0.15801758934053742,0.9999854128923323
SPRN,4,0.8726351989523777,0.1094658366917239,1.1159569756778862,3,0.7732234697014119,0,0.1094658366917239,0.15088824296470688,0.17308068496093929,0.19273449392394557,0.9999854128923323
SPRTN,2,-0.8481683876459756,0.15669722649790802,0.10890307972562055,1,0.741396436320811,0,0.15669722649790802,0.17866232683410818,0.19191412451459902,0.20430818717474922,0.9999854128923323
SPSB3,5,0.7163070150454841,0.06715212027996921,1.8998575802151692,4,0.7541711584845645,0,0.06715212027996921,0.09960269056511473,0.11631088416088305,0.13090358123734705,0.9999854128923323
SPTB,2,0.6657109380371172,0.14987350818423914,0.0011620842098016221,1,0.9728058960324645,0,0.14987350818423914,0.170882090905064,0.18355681050611222,0.19541114700617013,0.9999854128923323
SPTBN2,3,0.7648908867446964,0.12083103713431866,0.6002120724403998,2,0.740739671282356,0,0.12083103713431866,0.1528405157539327,0.17088089147096053,0.18719063781047446,0.9999854128923323
SPTBN4,3,0.8125972940491614,0.13702680921126062,0.43439808092025123,2,0.8047697716169817,0,0.13702680921126062,0.17332672704516966,0.19378517199527534,0.2122810200236614,0.9999854128923323
SPTLC1,2,-0.6354725166016852,0.12020248707094094,0.14483336754309195,1,0.7035224990025504,0,0.12020248707094094,0.13705192179408374,0.1472173795686487,0.1567248685648437,0.9999854128923323
SPTLC2,4,-0.7667860996864465,0.08762865991729414,1.9432380723689755,3,0.5842710314896502,0,0.08762865991729414,0.12078777203803166,0.13855307682347578,0.15428617669963973,0.9999854128923323
SPTSSA,2,-0.6779602554540899,0.16123832063117777,0.001965460593573501,1,0.9646385564501294,0,0.16123832063117777,0.18383997076792424,0.1974758062648276,0.210229049533922,0.9999854128923323
SRCAP,3,0.6568213369543922,0.09041757215447724,0.05705650878505755,2,0.9718748340251544,0,0.09041757215447724,0.11437018740430636,0.12786975681770962,0.14007430046351912,0.9999854128923323
SREBF1,5,0.7733551852599674,0.10330893488952818,0.9271128968371496,4,0.9206392151017129,0,0.10330893488952818,0.15323191332623665,0.17893632410448784,0.20138618846989814,0.9999854128923323
SREK1,4,-0.7197042484634238,0.06367124469647208,0.21815661166020445,3,0.9746063086268147,0,0.06367124469647208,0.0877647541002437,0.10067307734938404,0.11210479447246612,0.9999854128923323
SREK1IP1,5,-0.7826982510746174,0.07133235811030582,1.6515437679699765,4,0.7994997685193289,0,0.07133235811030582,0.10580298525972322,0.12355126847074754,0.1390523649262833,0.9999854128923323
SRF,4,0.6856339161523572,0.09423868230673305,0.8938624570482695,3,0.8269086813763372,0,0.09423868230673305,0.12989905912487504,0.1490044398911435,0.16592432206587138,0.9999854128923323
SRM,5,0.9752421529825281,0.08184671278417319,0.05240586166828927,4,0.999662641612414,0,0.08184671278417319,0.12139829350474769,0.14176266497468512,0.15954861546119653,0.9999854128923323
SRP19,5,-1.0452587194253156,0.08999213969285334,1.8363814644430347,4,0.7658198517231021,0,0.08999213969285334,0.13347991404812812,0.15587095822985783,0.17542697564711224,0.9999854128923323
SRP54,4,-0.8826696879442821,0.09445647773668564,0.30157429241785905,3,0.9597321269710981,0,0.09445647773668564,0.13019926940731993,0.14934880470245646,0.16630779049071953,0.9999854128923323
SRP9,2,-0.6791757716774349,0.14295181630571946,0.25627844160661606,1,0.6126885216458077,0,0.14295181630571946,0.16299014792506758,0.17507950387654242,0.1863863649376667,0.9999854128923323
SRPK1,3,-0.6567572730823378,0.06150816189692318,0.7947275391458175,2,0.6720894954503175,0,0.06150816189692318,0.07780235451386404,0.08698567675126881,0.09528803467304524,0.9999854128923323
SRPK2,2,-0.6325045511775046,0.1084682310252854,0.29512094668607103,1,0.5869574415420212,0,0.1084682310252854,0.1236728114190063,0.13284590965713633,0.14142527051762344,0.9999854128923323
SRRM2,2,0.6907787328771047,0.1608304171468613,0.09222523772717223,1,0.7613670608213962,0,0.1608304171468613,0.1833748892392943,0.19697622856438826,0.2096972084587127,0.9999854128923323
SRRM3,4,0.764508792060591,0.11731990723396248,0.8051039773321853,3,0.8482458438356164,0,0.11731990723396248,0.1617143320903641,0.1854990608694931,0.2065630120895201,0.9999854128923323
SRSF10,5,-0.8602227019590973,0.06106480449027337,0.7692506413206034,4,0.9425222578159461,0,0.06106480449027337,0.09057374213511157,0.10576734393141358,0.1190372182145323,0.9999854128923323
SRSF12,3,-0.6783252177622792,0.14042160865003356,0.15399415901685595,2,0.9258925576639582,0,0.14042160865003356,0.1776208464155632,0.19858614340312458,0.21754022069969414,0.9999854128923323
SRSF2,2,0.6091426242079134,0.11087247370002054,0.042081808568923997,1,0.8374639089993348,0,0.11087247370002054,0.12641406983271392,0.13579049354259898,0.14456001944318828,0.9999854128923323
SRSF6,3,-0.6671966072481834,0.1051844362047236,0.13733526806568577,2,0.9336369376595741,0,0.1051844362047236,0.1330489571230414,0.14875325623128774,0.1629510278804444,0.9999854128923323
SS18L2,5,-0.8313646083232633,0.10999150285149793,1.7147757090297664,4,0.788031879954393,0,0.10999150285149793,0.16314376340813147,0.19051087133965144,0.2144129115940038,0.9999854128923323
SSB,3,-0.8983756049120506,0.10935998540577328,0.0394835925611082,2,0.980451796927323,0,0.10935998540577328,0.13833065550600673,0.15465837454176834,0.16941976088721844,0.9999854128923323
SSBP1,3,-0.6677984332457876,0.09520281557726398,0.11399157065555936,2,0.9445980505292966,0,0.09520281557726398,0.12042309475404483,0.1346371129654713,0.1474875676971198,0.9999854128923323
SSBP2,3,-0.7255486852878934,0.1056303183783443,0.26192357526409993,2,0.8772512955998694,0,0.1056303183783443,0.13361295841772464,0.1493838288484425,0.1636417855735659,0.9999854128923323
SSBP4,4,0.7672758379437093,0.10029666764053095,0.0364900536229069,3,0.998166287313128,0,0.10029666764053095,0.13824941564292684,0.15858295573449194,0.17659050589815098,0.9999854128923323
SSC5D,5,1.0195376208280145,0.13511224752981982,0.9004358030919402,4,0.924498288455578,0,0.13511224752981982,0.2004038491437489,0.23402127744647044,0.26338225802761533,0.9999854128923323
SSH3,3,0.6955985193211031,0.10630225649948755,0.676981329560393,2,0.7128454339266386,0,0.10630225649948755,0.13446290038152736,0.1503340928524388,0.16468274763471377,0.9999854128923323
SSNA1,3,0.6818044168880188,0.12307319593288026,0.15867934695433944,2,0.9237261058918438,0,0.12307319593288026,0.15567664722562924,0.1740517828528805,0.19066417528502705,0.9999854128923323
SSSCA1,4,0.6632749808144781,0.07143103881920762,0.3707048266637971,3,0.9462254333791448,0,0.07143103881920762,0.0984608921496407,0.11294238915030028,0.1257673218727844,0.9999854128923323
SSTR3,2,0.9605766706630006,0.21288065437444384,0.09030249157206877,1,0.763792951918832,0,0.21288065437444384,0.2427212905967642,0.2607244896635855,0.2775624148037976,0.9999854128923323
SSX2IP,2,-0.7973289200082834,0.15376434612462186,0.9254041980418966,1,0.3360599957362632,0,0.15376434612462186,0.17531832870773173,0.18832209431901178,0.2004841790180095,0.9999854128923323
ST14,2,1.1403568722574757,0.305628315288033,0.2530624469587729,1,0.6149269216829566,0,0.305628315288033,0.34846989430586645,0.37431671170107,0.39849056962475565,0.9999854128923323
ST18,3,-0.8306316386206029,0.13397639822609,0.5498749450949505,2,0.7596196188197163,0,0.13397639822609,0.16946822844007478,0.18947123940923516,0.2075553436457998,0.9999854128923323
ST3GAL6,5,-0.900551531970013,0.07405822481712895,2.2542159378497457,4,0.6891166817655671,0,0.07405822481712895,0.10984609896915645,0.12827260810162566,0.14436605736683666,0.9999854128923323
ST6GALNAC4,5,0.8983011698280993,0.0957410242667286,0.48125084102446336,4,0.9753003572887577,0,0.0957410242667286,0.14200688786398039,0.16582831839865875,0.1866336147778336,0.9999854128923323
ST6GALNAC6,2,0.8312532659523484,0.1789537036914902,0.4135616570941937,1,0.5201672621807912,0,0.1789537036914902,0.20403861517951002,0.21917263081268268,0.233327083105097,0.9999854128923323
ST7L,4,-0.6444072602291221,0.06726135976003222,0.2934432128317217,3,0.9612568812316454,0,0.06726135976003222,0.09271338620641636,0.10634954768084914,0.1184258443161048,0.9999854128923323
ST8SIA1,2,-0.6059120210112443,0.12609213515705747,0.06081582363917577,1,0.8052111136505472,0,0.12609213515705747,0.14376715380435598,0.1544306958564212,0.1644040301586053,0.9999854128923323
ST8SIA4,4,-0.8413527785725308,0.1149996827371656,0.18568765939739018,3,0.979866043254596,0,0.1149996827371656,0.1585161233323999,0.181830463823095,0.20247783531021635,0.9999854128923323
STAC2,4,0.9796254842116893,0.1353335314728663,2.8307787164950318,3,0.4184582231769205,0,0.1353335314728663,0.18654439956145255,0.21398110162416972,0.23827927038843225,0.9999854128923323
STAM2,3,-0.699595117672146,0.07832823555036678,0.08438691680448263,2,0.9586842970990243,0,0.07832823555036678,0.09907825177653261,0.11077285303208312,0.1213455807297529,0.9999854128923323
STARD3,4,0.7701767272930068,0.07936367612380349,0.6836560584889418,3,0.877041309417014,0,0.07936367612380349,0.1093952780835606,0.12548499001757119,0.13973417109798275,0.9999854128923323
STARD4,4,-1.1374169043850237,0.12420473907046926,0.6156667808263221,3,0.8928366421455837,0,0.12420473907046926,0.17120441785879933,0.19638493582479383,0.21868500941638955,0.9999854128923323
STAT5A,3,0.8405226115796589,0.11353749996530602,0.0012280291675251455,2,0.9993861738846159,0,0.11353749996530602,0.14361483989266213,0.16056627228887058,0.17589153861426216,0.9999854128923323
STAU2,3,-0.616546969204171,0.08382464153530765,0.08203596862203918,2,0.9598118682374208,0,0.08382464153530765,0.10603071651949034,0.11854594492029515,0.12986057626722122,0.9999854128923323
STEAP2,2,-0.8616242902011952,0.20335656365867502,0.24087773238892307,1,0.6235728877560085,0,0.20335656365867502,0.23186215641622973,0.2490599084047794,0.265144519783476,0.9999854128923323
STEAP3,2,0.6896256569947027,0.18163256664090105,0.007355915919805778,1,0.9316519290128741,0,0.18163256664090105,0.20709298888163688,0.22245355447113457,0.2368198930616985,0.9999854128923323
STIM1,2,0.7043981274503531,0.12203949117331855,0.37513572756525915,1,0.5402180789495101,0,0.12203949117331855,0.139146428727421,0.14946724092176097,0.15912002887736115,0.9999854128923323
STK11,5,0.7846108135354001,0.07489196221452814,1.334317496882211,4,0.8555267488764184,0,0.07489196221452814,0.11108273137420183,0.1297166836340913,0.14599131075684188,0.9999854128923323
STK16,4,0.6569149245413933,0.07475510047604571,0.47239591208957243,3,0.9249126825692543,0,0.07475510047604571,0.10304279494292169,0.11819819210952097,0.1316199363556655,0.9999854128923323
STK17A,4,-0.8804415298337707,0.0771212218336561,1.4615359920107718,3,0.6911758245775473,0,0.0771212218336561,0.10630426815758806,0.1219393584647303,0.1357859228972561,0.9999854128923323
STK17B,2,-0.7953226162632394,0.15369720001938905,1.5610738604683083,1,0.21150805570774042,35.94153195928802,0.15369720001938905,0.17524177036865415,0.18823985747099398,0.20039663120786275,0.9999854128923323
STK3,3,-0.6463781149293796,0.08568797254201799,0.3627463979685204,2,0.8341240063692932,0,0.08568797254201799,0.10838766452589799,0.12118109290117522,0.13274723625020562,0.9999854128923323
STMN3,4,0.7000201016405935,0.09208586588692882,1.2354530628604272,3,0.7445143590429109,0,0.09208586588692882,0.12693160647638688,0.14560053825574823,0.16213389762184485,0.9999854128923323
STOML1,2,0.6076023013188923,0.0928356084843198,0.010459964928397417,1,0.9185392159222904,0,0.0928356084843198,0.10584887936794649,0.11369993537368817,0.12104282442388582,0.9999854128923323
STPG2,2,-0.946584246572124,0.162658408019085,0.3394602161522703,1,0.5601409611910723,0,0.162658408019085,0.18545911950910926,0.19921505101009485,0.21208061695689054,0.9999854128923323
STRA13,2,0.7761206659992156,0.13971745003448754,0.12877402283378048,1,0.7197065757834552,0,0.13971745003448754,0.15930240298683943,0.1711182303736492,0.18216926726272242,0.9999854128923323
STRBP,2,-0.6191264618408787,0.1541226364400156,0.023255030840360215,1,0.8787957429479951,0,0.1541226364400156,0.17572684252039467,0.1887609085452595,0.2009513324351846,0.9999854128923323
STRN,3,-0.6555846488672755,0.08062889759077219,0.49779238622848276,2,0.7796609033544086,0,0.08062889759077219,0.10198838464612119,0.1140264804920614,0.1249097510368496,0.9999854128923323
STRN4,4,0.8551162590386753,0.06628897334541328,0.6309667326469764,3,0.8893080785315185,0,0.06628897334541328,0.0913730440319186,0.10481206976284879,0.1167137813640087,0.9999854128923323
STUB1,2,0.6842458292098352,0.12175338736733424,0.06651510457827589,1,0.7964800530343974,0,0.12175338736733424,0.13882022019881035,0.14911683675269607,0.15874699515333904,0.9999854128923323
STX10,3,0.6585101464209401,0.0878702242108945,0.1804210856802715,2,0.9137387838588732,0,0.0878702242108945,0.11114801880643933,0.1242672628078117,0.13612796599852245,0.9999854128923323
STX12,4,-0.7167542535745897,0.07232782433614478,0.6735393734201924,3,0.8794093926588332,0,0.07232782433614478,0.09969702567820371,0.11436033155338675,0.12734627570887447,0.9999854128923323
STX1A,5,0.8588368255239659,0.08975429513621001,3.0163630648844615,4,0.5550908244680143,0,0.08975429513621001,0.13312713355989966,0.1554589993734479,0.17496333125118527,0.9999854128923323
STX1B,4,0.7657530202552592,0.09757789400731563,1.376737955740334,3,0.7109964275705659,0,0.09757789400731563,0.1345018448123131,0.15428419717280611,0.17180361095331803,0.9999854128923323
STX6,2,-0.6712802405823343,0.14366274808758883,0.03623912605769629,1,0.8490225194351291,0,0.14366274808758883,0.16380073487167698,0.17595021393029622,0.18731330657412626,0.9999854128923323
STX7,5,-0.7439280004657837,0.05469755686294047,3.4634385012726834,4,0.48345933286704607,0,0.05469755686294047,0.08112958769095363,0.09473894753650063,0.10662516758131498,0.9999854128923323
STXBP2,2,0.6718326541058295,0.15768863896072857,0.0410147399355302,1,0.8395094728365797,0,0.15768863896072857,0.1797927109603532,0.19312835184387223,0.20560083087718276,0.9999854128923323
STXBP3,5,-0.7650678163973587,0.06071388899608997,1.5174534459757723,4,0.8235453767264309,0,0.06071388899608997,0.09005325034369929,0.1051595404663248,0.11835315798368977,0.9999854128923323
STXBP5,4,-0.6673446632461875,0.095884361313674,0.7189881535557392,3,0.8687289154744724,0,0.095884361313674,0.1321674710910716,0.15160648687087225,0.16882183895470002,0.9999854128923323
STYX,3,-0.7639624560153012,0.10079888403423422,0.5807596034155655,2,0.7479794297591573,0,0.10079888403423422,0.1275016236605448,0.14255114887328688,0.15615695967235274,0.9999854128923323
SUB1,3,-0.6551705465309222,0.13637271220605343,0.0936083418943058,2,0.9542742539171262,0,0.13637271220605343,0.17249935250630977,0.1928601391394037,0.21126769730047276,0.9999854128923323
SUCO,3,-0.6604790091653413,0.07003288634990514,0.24451902686855184,2,0.8849186904132371,0,0.07003288634990514,0.08858537279256642,0.09904145768816945,0.10849448100800774,0.9999854128923323
SUGT1,4,-0.9448611459342408,0.1255565751149458,1.2100709443053637,3,0.7505899105082042,0,0.1255565751149458,0.1730677952529891,0.19852237628662311,0.22106516238259835,0.9999854128923323
SULF2,2,0.8458852379243077,0.13369885244880084,0.2829564477792552,1,0.5947699712722918,0,0.13369885244880084,0.15244014592607844,0.1637469838476096,0.17432197609141128,0.9999854128923323
SUMO1,5,-0.692459772940407,0.0741807199124505,1.0576901583815495,4,0.9009257087134824,0,0.0741807199124505,0.1100277885572765,0.12848477583040058,0.14460484426730602,0.9999854128923323
SUN2,4,0.6796959741123951,0.08157595314559586,0.5246497007793,3,0.913443550324472,0,0.08157595314559586,0.1124446915157121,0.12898290711963012,0.14362928673497824,0.9999854128923323
SUPT20H,4,-0.739243290651283,0.06084418964842814,0.7233794310294137,3,0.8676915768911083,0,0.06084418964842814,0.08386792763953566,0.09620311083813624,0.1071272504235923,0.9999854128923323
SUPT5H,2,0.5882609039724477,0.0746384219122994,0.005707884360498246,1,0.9397766858954911,0,0.0746384219122994,0.08510089443258478,0.09141302444585028,0.09731659593023846,0.9999854128923323
SURF2,4,0.8525714673466706,0.10033367224846497,1.9252472999598569,3,0.5880659237745656,0,0.10033367224846497,0.13830042297490827,0.15864146515698843,0.17665565923364415,0.9999854128923323
SUSD2,2,0.9089816853016088,0.21187558523615138,2.313665703698204,1,0.12824130205462664,56.77854417768382,0.21187558523615138,0.24157533546475757,0.25949353639106787,0.2762519649750474,0.9999854128923323
SUV39H2,3,-0.7600325493385585,0.09375804024486459,0.42822777418402797,2,0.8072564436984335,0,0.09375804024486459,0.11859558245100126,0.13259389209580996,0.14524933137656212,0.9999854128923323
SVIP,5,-0.8640856464695754,0.08733013571934703,5.84697885656292,4,0.21087114691773365,31.588601598751897,0.08733013571934703,0.12953152407993607,0.15126023209779468,0.17023777459214617,0.9999854128923323
SWT1,5,-0.7632878873132012,0.07877824771430168,0.8683400058036044,4,0.9290583652853839,0,0.07877824771430168,0.11684702430297031,0.13644792757241728,0.15356707586314305,0.9999854128923323
SYCP2,5,-0.7534695889226176,0.09779632407290037,0.11873232459548835,4,0.99830604324739,0,0.09779632407290037,0.1450553901265922,0.16938820208773472,0.19064013168337,0.9999854128923323
SYNCRIP,4,-0.6767065824864178,0.06631526432403455,0.90003674273811,3,0.8254189421630249,0,0.06631526432403455,0.09140928364502415,0.10485363945002779,0.11676007140857855,0.9999854128923323
SYNDIG1,2,0.6684156842731654,0.11513632271996523,0.28400626495573555,1,0.5940873111710029,0,0.11513632271996523,0.1312756057015879,0.14101262076216428,0.15011939840043714,0.9999854128923323
SYNGAP1,2,0.6168672172770424,0.12488653998583651,9.779621972682207e-5,1,0.9921096909045316,0,0.12488653998583651,0.14239256381751164,0.15295414935349388,0.16283212637062044,0.9999854128923323
SYNGR1,2,0.6355600534285586,0.13339440215839493,0.2311565813542093,1,0.6306675638601855,0,0.13339440215839493,0.15209301918679333,0.16337410991584128,0.17392502147831554,0.9999854128923323
SYNGR3,5,1.03376420179318,0.09025145687495957,3.5910876204669786,4,0.4641640852924822,0,0.09025145687495957,0.13386454358685093,0.15632010876454142,0.1759324778959252,0.9999854128923323
SYNJ2BP,4,-0.7322349118547367,0.10034240127321868,0.02802329179135419,3,0.9987627731216507,0,0.10034240127321868,0.1383124551051846,0.1586552669569753,0.1766710282676661,0.9999854128923323
SYPL1,3,-0.7836296863758884,0.11833999815168095,0.6798601843444718,2,0.7118200828190294,0,0.11833999815168095,0.1496895729837712,0.1673580303573142,0.18333153681267073,0.9999854128923323
SYS1-DBNDD2,3,1.396870252273345,0.27566513873729515,0.5789171846605187,2,0.74866879289918975,0,0.27566513873729515,0.34869188396646617,0.3898493778757437,0.42705859658380046,0.9999854128923323
SYT12,5,0.8877720086060222,0.09083063430429353,1.0962646626731944,4,0.89486440546096,0,0.09083063430429353,0.13472360254188823,0.15732327349874498,0.17706150255449984,0.9999854128923323
SYT14,3,-0.7270782682225948,0.11947476247703828,0.6606667786414692,2,0.718684091885963,0,0.11947476247703828,0.15112494893402462,0.1689628294563317,0.18508950614626243,0.9999854128923323
SYT16,2,-1.0306641038742195,0.2742963522114629,0.007275155168869947,1,0.9320272479395676,0,0.2742963522114629,0.31274595998584764,0.33594305061241014,0.35763868781505637,0.9999854128923323
SYT3,2,0.7081807805875511,0.17291017771194342,0.13242349618937324,1,0.7159323910074815,0,0.17291017771194342,0.1971479353766826,0.21177085336411094,0.22544728928474378,0.9999854128923323
SYT5,3,0.7809776824447063,0.15959772535737476,0.2331183601876694,2,0.8899774264705608,0,0.15959772535737476,0.20187692860452588,0.22570526772429583,0.24724773296067906,0.9999854128923323
SYTL2,3,-0.7105816202226874,0.1360627119808513,0.5862937258649737,2,0.7459125857429163,0,0.1360627119808513,0.1721072297915882,0.19242173261658413,0.21078744701666138,0.9999854128923323
SYVN1,5,0.6880611358586929,0.04939374021603108,1.7097376888051796,4,0.7889480093487526,0,0.04939374021603108,0.07326275629242518,0.08555246763002396,0.09628612556131495,0.9999854128923323
TAF10,2,0.6123114610844234,0.11654226147535081,0.08582152290036812,1,0.769557995092181,0,0.11654226147535081,0.132878622519673,0.14273453704231345,0.1519525182635726,0.9999854128923323
TAF13,3,-0.7766249671691272,0.12451246703795964,0.34778544350705864,2,0.8403870480716297,0,0.12451246703795964,0.1574971971706366,0.17608721956961548,0.19289388449328707,0.9999854128923323
TAF1A,3,-0.7625037766738801,0.10427025520861967,1.2662163078252595,2,0.5309389936372048,0,0.10427025520861967,0.13189259946650944,0.1474604090681338,0.16153478477111247,0.9999854128923323
TAF1B,5,-0.668861604995306,0.06231199640233316,0.9713584305420967,4,0.9141074414978166,0,0.06231199640233316,0.09242362668937872,0.10792754368989012,0.12146844282960347,0.9999854128923323
TAF1D,5,-0.8304148040928631,0.06811422888087969,3.047504806954864,4,0.5499072999594606,0,0.06811422888087969,0.10102972823521353,0.117977305140059,0.1327790761714363,0.9999854128923323
TAF6,5,0.7427475232928019,0.05877811689592648,2.6662946972518737,4,0.6151253571716291,0,0.05877811689592648,0.0871820363195804,0.10180668483696732,0.11457964347194727,0.9999854128923323
TANK,4,-0.8216497464879166,0.06239569739887029,1.241025232708411,3,0.7431825060704447,0,0.06239569739887029,0.08600653348666971,0.0986562599875369,0.10985896170574025,0.9999854128923323
TAPBP,2,0.6764030207506568,0.11877732764826449,0.20549872924953574,1,0.6503185660846164,0,0.11877732764826449,0.13542699004349956,0.1454719228748103,0.15486668801762177,0.9999854128923323
TAPBPL,3,0.7142294263238366,0.11382524772089131,0.025776982690632257,2,0.9871942095812626,0,0.11382524772089131,0.14397881521236253,0.16097320906736173,0.17633731552037832,0.9999854128923323
TARS,3,-0.6572686846362638,0.09276641306697167,0.20079237876652883,2,0.9044790020623433,0,0.09276641306697167,0.11734126226225462,0.13119151949201605,0.14371310915831176,0.9999854128923323
TAS2R13,5,-1.247253343373539,0.11537843000923208,1.5493921515037268,4,0.8178577212470118,0,0.11537843000923208,0.17113386761558796,0.1998413028735196,0.224913965825384,0.9999854128923323
TAS2R14,5,-1.4409486540076277,0.1179271798529592,1.8019058322259858,4,0.7721336510105065,0,0.1179271798529592,0.17491427456259484,0.2042558670986382,0.22988239393801843,0.9999854128923323
TAS2R19,4,-1.1476754584511575,0.14209143835149549,0.18999077800130718,3,0.9791887222117724,0,0.14209143835149549,0.1958595313491636,0.22466629060006335,0.2501777932664492,0.9999854128923323
TAS2R20,4,-1.0926303202091414,0.1350542643873406,2.6315460414690235,3,0.45198593915835855,0,0.1350542643873406,0.1861594564492785,0.21353954159128058,0.2377875699453982,0.9999854128923323
TAS2R30,5,-1.3180541012809117,0.14574339057608926,1.6979641235050473,4,0.7910874105079548,0,0.14574339057608926,0.2161723825389171,0.2524349573451417,0.28410617101206215,0.9999854128923323
TAS2R31,4,-0.8818179132437403,0.13172835581023495,0.5242058157581647,3,0.913542211286269,0,0.13172835581023495,0.18157500785209657,0.20828081839470877,0.2319317036238262,0.9999854128923323
TAS2R4,5,-1.1088997429515688,0.1138510191319069,1.6771313685419726,4,0.794867427534814,0,0.1138510191319069,0.16886835116806947,0.19719574962995903,0.22193649388512146,0.9999854128923323
TATDN1,5,-1.0163563695722804,0.06888799819949731,2.477639023266933,4,0.6486442987471852,0,0.06888799819949731,0.10217741360523215,0.11931751291324268,0.13428743025521409,0.9999854128923323
TATDN3,3,-0.716875086700298,0.11092351320814864,0.15938035659278432,2,0.9234023921750102,0,0.11092351320814864,0.14030837912220825,0.15686953676503496,0.17184196774319124,0.9999854128923323
TAX1BP3,4,0.9248091479450883,0.11638413117375238,0.3572180211401248,3,0.9489312833209432,0,0.11638413117375238,0.1604244538068666,0.1840194690044317,0.2049154083179557,0.9999854128923323
TBC1D10A,4,0.741728523025454,0.0967618458490222,0.4710538416522778,3,0.9252031489993485,0,0.0967618458490222,0.13337700005251607,0.15299391174250968,0.17036680990598135,0.9999854128923323
TBC1D13,3,0.6135317582196359,0.08540784914039316,0.07024851742935602,2,0.9654854388239315,0,0.08540784914039316,0.10803333333587857,0.12078493858745931,0.13231327094245526,0.9999854128923323
TBC1D16,4,0.7412274631116772,0.11182516750825315,0.5034153511599199,3,0.9181404357592788,0,0.11182516750825315,0.15414035606444168,0.17681111452796794,0.19688852448421545,0.9999854128923323
TBC1D17,5,0.7053893151014673,0.05367817103336457,1.0542969935292876,4,0.9014540323099233,0,0.05367817103336457,0.07961759416154011,0.09297331948715942,0.10463801877353722,0.9999854128923323
TBC1D19,4,-0.6152385517756745,0.06200626851033996,0.12043773476256059,3,0.989276782055643,0,0.06200626851033996,0.08546974280817227,0.09804051885032507,0.10917330139364095,0.9999854128923323
TBC1D23,5,-0.7985723557648092,0.05056406074296385,2.67613412978145,4,0.6133972457029725,0,0.05056406074296385,0.07499862215667634,0.0875795222438123,0.0985675002600194,0.9999854128923323
TBC1D25,3,0.6645373578711977,0.11512234054726311,0.1502700446512625,2,0.9276182287019179,0,0.11512234054726311,0.14561952227956262,0.16280757533407358,0.17834676308638756,0.9999854128923323
TBC1D31,2,-0.7495180711219374,0.10173683059449036,0.5590001986761315,1,0.45466335839460015,0,0.10173683059449036,0.11599783407131203,0.12460166150223696,0.1326485981418592,0.9999854128923323
TBC1D32,5,-0.8251364002079363,0.06139747565055777,0.717445750555343,4,0.9491602060036336,0,0.06139747565055777,0.09106717320623187,0.10634354728323905,0.11968571369128049,0.9999854128923323
TBC1D8B,5,-0.8785684448042762,0.0827161554168217,2.4818305784292494,4,0.6478922381890948,0,0.0827161554168217,0.12268788533212056,0.14326858378869878,0.16124347116820342,0.9999854128923323
TBCB,5,0.8126477540926105,0.06576836326615379,1.1014927288526424,4,0.894035295685869,0,0.06576836326615379,0.09755024723064154,0.11391414670762495,0.12820614222997787,0.9999854128923323
TBCEL,3,-0.751186744021367,0.11413203359787091,0.2601612448966926,2,0.8780246395707632,0,0.11413203359787091,0.14436687206245363,0.16140706981533082,0.17681258615733578,0.9999854128923323
TBK1,5,-0.8841653858510775,0.05855461619131399,1.8651872671798153,4,0.7605368745351639,0,0.05855461619131399,0.086850531202098,0.10141957026105104,0.1141439603911917,0.9999854128923323
TBKBP1,2,0.7004025938048498,0.122387434113934,0.5915620819823337,1,0.44181570624308125,0,0.122387434113934,0.13954314471764745,0.14989338225381665,0.15957369096842786,0.9999854128923323
TBL1XR1,5,-0.7370972343687435,0.07225635484042843,0.958783589154835,4,0.9159800070835759,0,0.07225635484042843,0.10717349389012655,0.1251516777533474,0.1408535661470395,0.9999854128923323
TBL3,5,0.6625277836616934,0.058756093964339465,0.4771141721454496,4,0.9756903333913817,0,0.058756093964339465,0.08714937103319699,0.101768540000527,0.1145367128749376,0.9999854128923323
TBPL1,4,-0.8553626923537541,0.11289038175974815,0.6878695801011001,3,0.8760533697341181,0,0.11289038175974815,0.1556086525818445,0.17849536614336575,0.1987640277086656,0.9999854128923323
TBRG1,4,-0.7819737430968482,0.069171880012038,0.9755229135567389,3,0.8071743958761896,0,0.069171880012038,0.09534685663596669,0.10937034543695771,0.12178966233486042,0.9999854128923323
TBX18,3,-0.895630579290689,0.16297030122889758,0.13048009424880203,2,0.9368425500234319,0,0.16297030122889758,0.20614293713882167,0.23047481026193564,0.2524725050343706,0.9999854128923323
TCAIM,3,-0.7254677181389636,0.07873543964885144,0.05698262055829335,2,0.9719107397424643,0,0.07873543964885144,0.09959332874603942,0.11134872659081403,0.1219764186065283,0.9999854128923323
TCAP,2,0.7275263484410066,0.19610442886547932,0.05779495351537054,1,0.8100156744811969,0,0.19610442886547932,0.22359345054552157,0.24017789351017246,0.25568889286614493,0.9999854128923323
TCEA2,4,0.8285737476062413,0.06559678921928716,0.6947175194940717,3,0.8744457331020732,0,0.06559678921928716,0.09041893405792405,0.10371763056346289,0.1154950654496837,0.9999854128923323
TCEA3,4,0.680386507807474,0.10260761892692616,0.66324192728968,3,0.8818138305455768,0,0.10260761892692616,0.14143484216246455,0.1622368905478444,0.18065935550572854,0.9999854128923323
TCEAL2,2,0.98579002731093,0.18579673396555113,4.986665544883796e-4,1,0.9821840457598803,0,0.18579673396555113,0.21184087013120373,0.22755359704561617,0.24224930298940353,0.9999854128923323
TCEAL7,5,-0.8552626818072357,0.09622236100915853,2.717104185765834,4,0.6062249348935412,0,0.09622236100915853,0.14272082562817884,0.16666201809209708,0.18757191282564656,0.9999854128923323
TCEB2,5,0.9051549555216555,0.07010882059064422,1.248841258916228,4,0.8699936093210568,0,0.07010882059064422,0.10398818583927938,0.12143203932172685,0.13666725121082346,0.9999854128923323
TCF3,2,0.7087471570800055,0.14775954894312696,0.1911368251905468,1,0.6619721273483762,0,0.14775954894312696,0.16847180652868668,0.1809677497672292,0.19265488137233835,0.9999854128923323
TCF4,4,-0.7432796349146077,0.06661110520046194,0.40762848073192837,3,0.9386621599390091,0,0.06661110520046194,0.09181707215137778,0.10532140494727328,0.11728095302172353,0.9999854128923323
TCF7L1,5,0.7215522762800002,0.10002622596365075,0.725854151612879,4,0.9481027208849705,0,0.10002622596365075,0.14836286913230312,0.17325050545840828,0.19498701071101893,0.9999854128923323
TCN2,2,0.7261712891130443,0.18391041536423994,0.005889482722385354,1,0.9388280239411341,0,0.18391041536423994,0.2096901360180813,0.22524333801284974,0.23978984443687423,0.9999854128923323
TCP1,3,-0.689156750593852,0.10559980450626875,0.4268553596763204,2,0.8078105790299174,0,0.10559980450626875,0.13357436108332874,0.14934067571671275,0.16359451368621514,0.9999854128923323
TCP11L2,3,-0.6734240851207524,0.0992305255588681,0.6397002567061463,2,0.7262578743814011,0,0.0992305255588681,0.1255177896726304,0.14033315504676133,0.15372726916996224,0.9999854128923323
TCTEX1D1,2,-1.4916136916814466,0.3415767271218113,0.0037194873312901416,1,0.9513690845858982,0,0.3415767271218113,0.3894573900500835,0.41834434472916265,0.4453615642027522,0.9999854128923323
TDRD6,5,-0.7350218888885678,0.10526233092390934,0.29889697996482556,4,0.9898852649417657,0,0.10526233092390934,0.15612926786921189,0.18231970528333957,0.20519405835411383,0.9999854128923323
TECR,5,0.8728358475038427,0.05755183232215525,1.2142220402466628,4,0.8757515469954139,0,0.05755183232215525,0.08536316235943021,0.09968269765065761,0.1121891747621953,0.9999854128923323
TEFM,3,-0.8527501795307639,0.10287346762241788,8.556257644443733,2,0.013868588416988029,76.62529480632504,0.10287346762241788,0.13012578739457087,0.14548505311997284,0.15937089074729294,0.9999854128923323
TELO2,5,0.8027294449516681,0.06637027983049708,0.7689516964933447,4,0.9425613874984997,0,0.06637027983049708,0.098443033773409655,0.11495669677898483,0.12937949362305545,0.9999854128923323
TERF1,5,-0.6961840344557342,0.07830630762556674,1.0096759587463802,4,0.9083252661736191,0,0.07830630762556674,0.11614702402855513,0.1356305033605998,0.15264709526554898,0.9999854128923323
TESC,2,0.7916370195683987,0.18516340453013172,0.2399730310266212,1,0.6242255938558094,0,0.18516340453013172,0.21111876347294659,0.22677793006768493,0.24142354243366915,0.9999854128923323
TESK1,5,0.8261049457937308,0.07469563483633289,1.4207625962380201,4,0.8405784685641347,0,0.07469563483633289,0.11079153081317242,0.12937663464014035,0.14560859824093697,0.9999854128923323
TEX10,5,-0.637533905647312,0.07176288128788616,0.3105803178214631,4,0.989120982579559,0,0.07176288128788616,0.1064415543273694,0.12429695648815269,0.13989160910079315,0.9999854128923323
TEX15,4,-0.8065774634209445,0.11158808082266254,0.6640804411612193,3,0.8816182699651983,0,0.11158808082266254,0.15381355462117643,0.17643624756328466,0.19647109029886228,0.9999854128923323
TEX9,4,-0.7523738693090682,0.11842781477846039,1.0421388386234227,3,0.7910570691813152,0,0.11842781477846039,0.16324147725098087,0.18725081650824196,0.20851368461308262,0.9999854128923323
TFAM,5,-0.7637523996779935,0.062030009528820124,2.3608306669372654,4,0.6697170596137074,0,0.062030009528820124,0.09200537256443307,0.10743912809789805,0.12091874921679002,0.9999854128923323
TFAP4,4,0.6140939911095383,0.09831067648511732,0.1726260378822958,3,0.9818824983482097,0,0.09831067648511732,0.1355119157521827,0.15544282800246367,0.17309380764192672,0.9999854128923323
TFB2M,3,-0.7943597283380459,0.12656063380319038,0.009402306921176336,2,0.9953098796650982,0,0.12656063380319038,0.160087945973032,0.17898376478700664,0.19606689080208473,0.9999854128923323
TFPI,5,-1.0534616889134774,0.11524509288837223,4.359518786752037,4,0.35953136411723025,8.246753927166553,0.11524509288837223,0.17093609670478907,0.1996103562056554,0.22465404392627403,0.9999854128923323
TFPT,5,0.8287792400285232,0.07584069583283809,0.4405831281211274,4,0.9790214300729501,0,0.07584069583283809,0.11248993073915524,0.1313599384638528,0.1478407330499766,0.9999854128923323
TFR2,2,0.7589139274550066,0.21984168397584045,1.9013002690329377,1,0.16793284975662767,47.40441495289789,0.21984168397584045,0.25065808548166424,0.269249974967501,0.2866384869878199,0.9999854128923323
TFRC,3,-0.6342931372316769,0.11850079514194235,0.11724470815600781,2,0.9430628457553158,0,0.11850079514194235,0.14989296687582157,0.16758543164173068,0.18358064243883182,0.9999854128923323
TGDS,3,-0.8657346316143816,0.11274344655026104,1.0015376256811444,2,0.6060645303593214,0,0.11274344655026104,0.1426104329425113,0.1594433111800653,0.17466139635327482,0.9999854128923323
TGFB1,5,1.1439115660752142,0.11715491243437177,0.6514411571831483,4,0.9571794097681229,0,0.11715491243437177,0.17376881687032258,0.20291826069261473,0.22837696759638482,0.9999854128923323
TGFBR3L,2,1.5715764853676426,0.20415853207014972,0.08408298543729134,1,0.7718386813093107,0,0.20415853207014972,0.23277654109069898,0.25004211510375113,0.26619015866287243,0.9999854128923323
THADA,2,-0.59733805997971,0.08169239149749943,0.0030678698310301488,1,0.955829073237892,0,0.08169239149749943,0.09314365720302663,0.10005233751827627,0.10651384702745094,0.9999854128923323
THAP11,4,0.7731148357440477,0.09108002886210129,0.6657393776673863,3,0.8812312460274538,0,0.09108002886210129,0.12554515581769884,0.14401017027905708,0.1603629387929634,0.9999854128923323
THAP2,3,-0.7054366738909951,0.12087448994242099,0.0058124499172497665,2,0.9970979940250353,0,0.12087448994242099,0.15289547969166614,0.17094234302150205,0.18725795461132497,0.9999854128923323
THAP4,5,0.8951582010720772,0.058362025202646835,1.299746269677941,4,0.8614185793090474,0,0.058362025202646835,0.08656487260234169,0.10108599288359961,0.11376853143935127,0.9999854128923323
THAP5,5,-1.0733485230542628,0.07659297213789867,1.6866716353517577,4,0.7931372915082372,0,0.07659297213789867,0.11360573681824888,0.1326629192455479,0.14930718953715627,0.9999854128923323
THAP6,2,-0.8122975403367524,0.13401535752617047,0.5730347934938409,1,0.44905548418346963,0,0.13401535752617047,0.1528010172372144,0.16413462181788746,0.17473464822374069,0.9999854128923323
THAP8,4,0.870471018374673,0.10352445529968289,0.6420924985590193,3,0.8867321959650153,0,0.10352445529968289,0.14269861388844138,0.1636865361376436,0.18227361251645208,0.9999854128923323
THAP9,2,-1.3810718955849586,0.20471616729543268,5.654207630092758,1,0.01741354061664759,82.31405591337305,0.20471616729543268,0.23341234307073622,0.2507250759860237,0.2669172260432505,0.9999854128923323
THEM6,5,0.9736378840551048,0.08426954968659679,1.212150345603818,4,0.8760941199959198,0,0.08426954968659679,0.1249919413787944,0.1459591415881356,0.1642715940649839,0.9999854128923323
THNSL1,3,-0.6890220871378817,0.11436625144029651,0.2915050180106178,2,0.8643716009019615,0,0.11436625144029651,0.14466313680273976,0.16173830386463886,0.17717543487857537,0.9999854128923323
THOC2,5,-0.7211857894316883,0.048481401697245505,1.8523229260232532,4,0.7628969469381466,0,0.048481401697245505,0.07190953958387784,0.0839722509617852,0.09450765037822484,0.9999854128923323
THOP1,4,0.7281881602260452,0.055503533621636736,0.41734049593337497,3,0.9366375134201179,0,0.055503533621636736,0.07650634133539194,0.0877587922160532,0.09772405516510912,0.9999854128923323
THRA,5,0.8742268755999092,0.07014241028363292,5.615321829517754,4,0.229777036378341,28.76632682078132,0.07014241028363292,0.10403800740534436,0.12149021837659392,0.1367327295767567,0.9999854128923323
THTPA,3,0.755655770032155,0.1159467865946384,1.0985959632351818,2,0.577354981955408,0,0.1159467865946384,0.1466623732066142,0.16397351811571662,0.17962398941091998,0.9999854128923323
THUMPD1,2,-0.668296883244396,0.0930878422303093,0.0031135023209734824,1,0.955502117761904,0,0.0930878422303093,0.10613647008650441,0.11400885736048069,0.12137169699259143,0.9999854128923323
THUMPD2,3,-0.6654936250455986,0.09830801472334078,0.1392526075426676,2,0.9327423170720615,0,0.09830801472334078,0.12435089551004987,0.13902852771172244,0.15229812152888494,0.9999854128923323
TIA1,5,-0.7793100448756664,0.06735864205560106,0.7788106607809657,4,0.9412660062958075,0,0.06735864205560106,0.09990901186111338,0.11666859036914676,0.13130616629230873,0.9999854128923323
TIAL1,5,-0.7047963550662666,0.05955721572475186,2.0895149249857456,4,0.7192989079805504,0,0.05955721572475186,0.08833762663070696,0.1031561235926103,0.11609838668371578,0.9999854128923323
TICAM1,5,0.9844368316286388,0.06938247278576079,1.136314417916764,4,0.8884685477871193,0,0.06938247278576079,0.10291083794094304,0.12017396801970262,0.13525133867542302,0.9999854128923323
TIGAR,5,-0.9043816247703115,0.07889933312088226,4.515678481410555,4,0.3406924636745055,11.419734233369812,0.07889933312088226,0.11702662298478876,0.13665765364867,0.15380311477436276,0.9999854128923323
TIGD2,4,-0.6443876692552617,0.08195167778059939,0.29585831252943123,3,0.960805528726402,0,0.08195167778059939,0.11296259218433709,0.1295769799294534,0.14429081821887033,0.9999854128923323
TIGD5,4,0.680650087181295,0.09816516893731077,0.3384266630407968,3,0.9526466143534368,0,0.09816516893731077,0.1353113474389064,0.15521276036855639,0.1728376151673048,0.9999854128923323
TIGD7,5,-0.7212708802747849,0.06897366741789109,0.7856063822616329,4,0.9403672481469585,0,0.06897366741789109,0.10230448159080066,0.11946589635214541,0.13445443030588702,0.9999854128923323
TIMM10B,3,-0.7607725775923829,0.09143937742811702,1.5959714208768858,2,0.45023495491692583,0,0.09143937742811702,0.11566268020025568,0.12931480769379536,0.14165727438666864,0.9999854128923323
TIMM13,5,1.1150906514717331,0.07666274143971413,3.186775941810483,4,0.5270695039243395,0,0.07666274143971413,0.11370922141636279,0.1327837632211009,0.1494431949444315,0.9999854128923323
TIMM44,2,0.6270253817271668,0.1283376800380068,0.024290214105933475,1,0.8761487501834837,0,0.1283376800380068,0.14632746889357157,0.15718091543284354,0.16733186247638038,0.9999854128923323
TIMM9,2,-0.6322565669102371,0.10914331479641105,0.12393635169446951,1,0.7248038015315805,0,0.10914331479641105,0.12444252534472702,0.13367271504358216,0.14230547206651056,0.9999854128923323
TIMP1,4,1.0159235449196504,0.1335925386418082,1.7074063247120876,3,0.635288457344215,0,0.1335925386418082,0.1841446065554181,0.21122835025608552,0.2352139361950421,0.9999854128923323
TIPRL,5,-0.7870974815719967,0.08798944471546356,0.38380209453636976,4,0.9837814639199667,0,0.08798944471546356,0.13050943735584167,0.15240218877695574,0.17152300443111224,0.9999854128923323
TKFC,2,0.6292517910679041,0.10061693592907624,0.0037108075085226276,1,0.95142579022346,0,0.10061693592907624,0.11472095769510723,0.12323007625427222,0.13118843414259093,0.9999854128923323
TKT,4,0.6461590487819125,0.08207967100950327,0.3213292095638105,3,0.9559683662903893,0,0.08207967100950327,0.11313901867505194,0.1297793549936612,0.1445161735529546,0.9999854128923323
TLE1,4,0.7295258777164509,0.07928077031176156,0.008449114179561585,3,0.9997939678378648,0,0.07928077031176156,0.10928100030805885,0.12535390441891203,0.13958820035304384,0.9999854128923323
TLR1,3,-0.8239049095700827,0.13522927419052755,0.4646911832464403,2,0.7926721351155428,0,0.13522927419052755,0.17105300510939586,0.19124307359011403,0.20949629074385187,0.9999854128923323
TLR2,3,-1.1293726760443639,0.19960073782428603,0.011262439950750387,2,0.9943846056240849,0,0.19960073782428603,0.25247718166994615,0.28227807049078174,0.30922013339366905,0.9999854128923323
TLR6,2,-0.7441562562574848,0.1925340157151004,0.06727435007174246,1,0.795347464480789,0,0.1925340157151004,0.21952255321400874,0.2358050483154968,0.25103364366664144,0.9999854128923323
TM2D1,5,-1.0325755453178964,0.0947606241381266,1.967562886572643,4,0.7417250922200288,0,0.0947606241381266,0.14055271947388304,0.164130215564173,0.184722463092012,0.9999854128923323
TM2D2,3,-0.6681049133757991,0.12505434065370563,0.22474247546623197,2,0.8937124161367264,0,0.12505434065370563,0.15818261910251988,0.17685354458609562,0.19373335148910042,0.9999854128923323
TM2D3,2,-0.6308249561517432,0.13472527875600435,0.0761114775637492,1,0.7826378647847183,0,0.13472527875600435,0.15361045197722714,0.16500409420321852,0.17566027226154818,0.9999854128923323
TM4SF1,3,-1.1814306820674787,0.22086265939909142,0.022147874530746327,2,0.9889871530664576,0,0.22086265939909142,0.2793716215132498,0.3123469683439846,0.34215896066070484,0.9999854128923323
TM4SF18,3,-1.4739739258086233,0.2556288926556881,0.020261854766742127,2,0.9899202176003651,0,0.2556288926556881,0.3233478146154653,0.36151384692809024,0.3960185776259694,0.9999854128923323
TM9SF2,4,-0.8034864889108073,0.12396619195604028,0.3494480544731105,3,0.9504754443591523,0,0.12396619195604028,0.17087560335330337,0.19600775971936563,0.21826500388072673,0.9999854128923323
TM9SF3,5,-0.7400446727649407,0.06947303031627274,1.828471651920564,4,0.7672693779248533,0,0.06947303031627274,0.1030451564650986,0.12033081826355728,0.13542786780067775,0.9999854128923323
TMA16,2,-0.6807444731676241,0.15101631945247038,0.02789938844396292,1,0.8673455782180713,0,0.15101631945247038,0.17218509622862765,0.18495646274584696,0.1969011905998793,0.9999854128923323
TMBIM4,3,-0.7970396000130832,0.10914273707203084,0.3059884796517401,2,0.8581346648022538,0,0.10914273707203084,0.13805585568500572,0.15435113900178682,0.16908320121578813,0.9999854128923323
TMCC2,4,0.6482145724171742,0.10236351111185864,0.42933336987188186,3,0.9341184220924933,0,0.10236351111185864,0.14109836276009885,0.16185092220271413,0.18022955934628918,0.9999854128923323
TMCO1,5,-0.8641256247885724,0.07080478114673741,0.5703334815151062,4,0.9663025727703027,0,0.07080478114673741,0.10502046216391471,0.12263747836494414,0.1380239280932913,0.9999854128923323
TMCO4,2,0.7454862408079671,0.19072512574345657,0.2995083465240603,1,0.5841908075940591,0,0.19072512574345657,0.21746010132163215,0.23358961959981434,0.24867513969586394,0.9999854128923323
TMED1,2,0.873839709455103,0.13051740881933135,3.0300867860354304,1,0.08173364463200687,66.99764493186674,0.13051740881933135,0.1488127420834191,0.1598505270787954,0.17017388109916048,0.9999854128923323
TMED10,3,-0.6751387030054834,0.10159007657140824,0.1389377031106601,2,0.9328891909793527,0,0.10159007657140824,0.12850241185462374,0.14367006408980676,0.15738266988040017,0.9999854128923323
TMED2,4,-0.7244204664318169,0.09723331740128317,0.5651327088519308,3,0.9043659441905377,0,0.09723331740128317,0.13402687873867497,0.15373937372106958,0.17119692123359548,0.9999854128923323
TMED5,3,-0.8882550660528437,0.11638949583474874,0.3634921021230224,2,0.8338130594730339,0,0.11638949583474874,0.14722236102259464,0.16459960352726855,0.18030983161658376,0.9999854128923323
TMED7,2,-0.7982293905715954,0.11546042812625197,0.04423720967532624,1,0.8334129037865906,0,0.11546042812625197,0.13164514272097783,0.14140956719630426,0.1505419801492779,0.9999854128923323
TMEFF1,2,-0.6242761626693077,0.12681094096983728,0.13860067222008138,1,0.7096761152551234,0,0.12681094096983728,0.14458671852750593,0.15531104958914974,0.16534123827531486,0.9999854128923323
TMEFF2,3,-0.668945996823963,0.10868295461624858,0.04322678867025716,2,0.9786185013829279,0,0.10868295461624858,0.13747427176962268,0.15370090841707834,0.16837090929813892,0.9999854128923323
TMEM104,5,0.7430486566078338,0.09272257891343592,0.8653272804542226,4,0.929481622750432,0,0.09272257891343592,0.13752980989148636,0.16060021768688565,0.180749581557916,0.9999854128923323
TMEM106B,4,-0.9416833545594392,0.1079675611809491,2.8481309178242467,3,0.4156378759526678,0,0.1079675611809491,0.14882301269624862,0.17071170337268904,0.19009650767129352,0.9999854128923323
TMEM109,4,0.7152955414085646,0.09937553367438079,0.46363516044335845,3,0.9268048108007316,0,0.09937553367438079,0.13697972009326484,0.15712651505290245,0.17496868219344502,0.9999854128923323
TMEM115,4,0.7006200189921636,0.06265792204576082,1.6217723973565936,3,0.6544632128208441,0,0.06265792204576082,0.08636798521834357,0.09907087355894062,0.11032065583918171,0.9999854128923323
TMEM117,3,-0.6991873822855902,0.11362125116517571,1.4977935970166893,2,0.4728879557800306,0,0.11362125116517571,0.14372077771200625,0.16068471437159132,0.17602128541519024,0.9999854128923323
TMEM119,2,0.9701609442908338,0.23485271743540442,0.08703343498750564,1,0.7679829586716457,0,0.23485271743540442,0.2677732969376,0.2876346612113896,0.3062104800746533,0.9999854128923323
TMEM121,3,1.4731771821681157,0.2511653612628168,0.35348564046563996,2,0.8379952722412786,0,0.2511653612628168,0.3177018443718104,0.3552014602962135,0.3891037045260236,0.9999854128923323
TMEM123,2,-0.6892957280015609,0.15070954122542743,0.10197424131935875,1,0.749473208147086,0,0.15070954122542743,0.17183531523319778,0.1845807376856215,0.19650120072875885,0.9999854128923323
TMEM128,4,-0.6599719812447628,0.08951279747382043,0.2741861712186685,3,0.9648079290150262,0,0.08951279747382043,0.12338487643151193,0.14153215987531945,0.15760354318963293,0.9999854128923323
TMEM129,4,0.8029625196367493,0.11446272973106295,0.3170440202974981,3,0.9567917279957974,0,0.11446272973106295,0.15777598469102985,0.18098146657521566,0.20153243198603968,0.9999854128923323
TMEM132A,4,0.9702095265833479,0.10804900015961687,0.8668419452034972,3,0.8334213255417208,0,0.10804900015961687,0.1489352685814763,0.17084046970414304,0.1902398957895739,0.9999854128923323
TMEM132E,2,0.8742351753267,0.1766794736603879,1.758224809191617e-4,1,0.989420514757748,0,0.1766794736603879,0.20144559398702472,0.2163872792457254,0.23036184992734773,0.9999854128923323
TMEM134,3,0.6267505894227164,0.0956605605901682,0.03169907514093905,2,0.9842754053831876,0,0.0956605605901682,0.12100210148538904,0.13528446217082907,0.14819670322183479,0.9999854128923323
TMEM136,2,-1.1496463495612348,0.23158980978471552,0.77256098225205,1,0.3794259561455324,0,0.23158980978471552,0.26405300981991653,0.28363843180038395,0.30195616899378824,0.9999854128923323
TMEM144,4,-1.025433141819897,0.16101815728959257,1.9112760402589453,3,0.5910243043966196,0,0.16101815728959257,0.22194821300514753,0.25459206083917846,0.28350172067996604,0.9999854128923323
TMEM147,5,0.997345420486293,0.07479471937862524,1.193640654141017,4,0.8791445287975056,0,0.07479471937862524,0.11093849693970104,0.1295482541016354,0.14580174957223158,0.9999854128923323
TMEM150A,2,0.6978583519817416,0.14804702995552713,0.00790612655419138,1,0.9291483482298957,0,0.14804702995552713,0.16879958531420797,0.18131984066278878,0.1930297107538362,0.9999854128923323
TMEM151A,5,0.9994619557489826,0.06829705425800596,2.7390376266115726,4,0.6024010188781854,0,0.06829705425800596,0.10130090209226285,0.11829396798215465,0.13313546844180868,0.9999854128923323
TMEM160,5,1.4631722317804592,0.10353239764434015,2.96247014653149,4,0.5641254497162297,0,0.10353239764434015,0.1535633621550684,0.17932337294942147,0.20182179757287347,0.9999854128923323
TMEM161A,5,0.7745043451815308,0.06899973173199556,1.713766242913569,4,0.7882154754441594,0,0.06899973173199556,0.10234314121616642,0.11951104106843878,0.13450523900774997,0.9999854128923323
TMEM161B,4,-1.1104255299758494,0.09348226318610921,0.6236402794922934,3,0.8909997823371186,0,0.09348226318610921,0.12885640732130582,0.14780843624770704,0.16459250877312326,0.9999854128923323
TMEM165,4,-0.813850451837352,0.10563356200832676,3.7347130442160483,3,0.2915719728573797,19.672543392695154,0.10563356200832676,0.14560581685797214,0.16702132665147149,0.18598707807253098,0.9999854128923323
TMEM167A,3,-0.6392740950961958,0.09109390640614347,0.25042401014621163,2,0.8823098285952654,0,0.09109390640614347,0.11522569008224669,0.12882623788911346,0.14112207298078833,0.9999854128923323
TMEM168,5,-0.8528442296994813,0.08451590676557046,3.602378581952436,4,0.46248312129300134,0,0.08451590676557046,0.12535734797806836,0.14638584456572223,0.16475183242181274,0.9999854128923323
TMEM170B,5,-0.7181059874221593,0.09153755347052918,0.8919002259408939,4,0.9257199778023683,0,0.09153755347052918,0.13577213311211536,0.15854769341150934,0.1784395417008404,0.9999854128923323
TMEM175,4,0.7161619179446546,0.08447778499351165,1.0802536389522341,3,0.7818429446102095,0,0.08447778499351165,0.11644459068191602,0.13357110613274473,0.14873848892593652,0.9999854128923323
TMEM176B,2,0.6875497878423297,0.16739155255479052,0.08171795342289706,1,0.7749826533054714,0,0.16739155255479052,0.19085573459216298,0.20501194550575533,0.2182518824051592,0.9999854128923323
TMEM178A,2,0.7193361993774255,0.18826172437189706,0.07681606919815753,1,0.7816594635293231,0,0.18826172437189706,0.2146513916156245,0.23057258140381784,0.2454632572665739,0.9999854128923323
TMEM179,4,0.7803078741125006,0.09223015415633554,1.8985405928406573,3,0.5937296047409838,0,0.09223015415633554,0.12713049413037256,0.14582867804123284,0.1623879433353178,0.9999854128923323
TMEM181,2,-0.6518793933484922,0.12151374723965677,0.05747483243667401,1,0.8105325271572251,0,0.12151374723965677,0.13854698841436489,0.14882333873534348,0.15843454265399143,0.9999854128923323
TMEM184B,5,0.9430593290556356,0.10261565316885375,0.8129940974608771,4,0.936697583949053,0,0.10261565316885375,0.1522036103566373,0.17773552494032097,0.20003473359901233,0.9999854128923323
TMEM184C,3,-0.6617780044968202,0.09553306694936119,0.44916125185316796,2,0.7988511659879096,0,0.09553306694936119,0.12084083336853402,0.13510415893488348,0.14799919092279765,0.9999854128923323
TMEM187,4,0.9216943513062276,0.1419434101604165,0.4273417941775749,3,0.9345381689813187,0,0.1419434101604165,0.19565548856891196,0.22443223747920124,0.24991716274138018,0.9999854128923323
TMEM189-UBE2V1,2,3.776170838126541,0.6066432428805788,0.7624271303575443,1,0.38257002416300995,0,0.6066432428805788,0.6916797173348835,0.7429832004823509,0.7909660176174008,0.9999854128923323
TMEM198,5,1.038978111813501,0.09599897522265352,2.668724408286547,4,0.6146984256068162,0,0.09599897522265352,0.14238949096179543,0.16627510256018166,0.18713645376152302,0.9999854128923323
TMEM201,4,0.7459750638697397,0.08408004322156268,0.21089282663492492,3,0.9758119581949631,0,0.08408004322156268,0.1158963414843873,0.13294222117276971,0.1480381922722428,0.9999854128923323
TMEM205,5,0.8203692388464497,0.0703183565194608,2.1762044374058656,4,0.7033880172462126,0,0.0703183565194608,0.10429897784693574,0.1217949661964483,0.13707571193202822,0.9999854128923323
TMEM221,2,1.0667031256823456,0.16435541136413856,0.37258555295103635,1,0.5415982824454842,0,0.16435541136413856,0.1873940010194504,0.20129344715368358,0.21429323861463256,0.9999854128923323
TMEM232,5,-0.8085414496836781,0.07454344919346537,1.8403317355709177,4,0.7650957450908872,0,0.07454344919346537,0.11056580302629405,0.12911304137451127,0.1453119338082845,0.9999854128923323
TMEM240,5,0.8606979460710154,0.08463659883258733,2.232927122062061,4,0.6930057401256331,0,0.08463659883258733,0.12553636324303133,0.14659488935786597,0.16498710457306542,0.9999854128923323
TMEM242,5,-0.7210133891939544,0.08741892221672487,1.4846757097000185,4,0.8293524622046208,0,0.08741892221672487,0.1296632157374417,0.15141401482227917,0.17041085133825373,0.9999854128923323
TMEM255B,2,0.8118558922050928,0.1876577811284827,0.15055638974571484,1,0.6980042184259656,0,0.1876577811284827,0.21396279037132876,0.2298329050138345,0.24467581161755933,0.9999854128923323
TMEM256,5,1.1169690854434418,0.11116670803793864,1.6609512059503033,4,0.7977980549332566,0,0.11116670803793864,0.16488687439327318,0.1925463864318852,0.21670380824704188,0.9999854128923323
TMEM256-PLSCR3,3,0.9351260501880226,0.15191747030851746,1.032722125394181,2,0.5966879120288491,0,0.15191747030851746,0.19216208901836715,0.2148437468717174,0.23534953300113914,0.9999854128923323
TMEM259,5,0.8469268818811191,0.08305085438261736,3.5068430163178617,4,0.47683861195914695,0,0.08305085438261736,0.12318432412487382,0.14384829940269764,0.16189591956560953,0.9999854128923323
TMEM260,4,-0.7902277238350879,0.07846593026695968,0.4044029780949658,3,0.9393314482355588,0,0.07846593026695968,0.1081578208177884,0.12406552918376824,0.13815352640900655,0.9999854128923323
TMEM263,2,-0.680734879606892,0.14763425278490222,0.5475002183256861,1,0.45934090625538654,0,0.14763425278490222,0.1683289469282195,0.1808142939400384,0.19249151516912608,0.9999854128923323
TMEM30A,5,-0.8213431132137529,0.0870957963818463,1.230258879861406,4,0.8730920061612844,0,0.0870957963818463,0.1291839426718881,0.15085434445903137,0.1697809631262425,0.9999854128923323
TMEM33,2,-0.6794745121605595,0.1384606162323525,0.042231804948112905,1,0.8371785425376493,0,0.1384606162323525,0.15786939197221114,0.16957892962029272,0.18053055647355867,0.9999854128923323
TMEM38B,3,-0.7286540583807223,0.12375337665456386,0.13176101841381774,2,0.9362427299943578,0,0.12375337665456386,0.15653701534605213,0.17501370365435018,0.19171790672802383,0.9999854128923323
TMEM39A,4,-0.9451420718218032,0.08365020809780238,1.73958172569419,3,0.6281700206955961,0,0.08365020809780238,0.11530385465426002,0.13226259216805827,0.1472813894417672,0.9999854128923323
TMEM39B,3,0.6193143944759636,0.08613508293069795,0.14105255736226688,2,0.9319032500156713,0,0.08613508293069795,0.10895321940339874,0.12181340247672433,0.13343989668591516,0.9999854128923323
TMEM41B,5,-0.7060644011508456,0.10002748674368525,0.40004987218093674,4,0.9824728203011189,0,0.10002748674368525,0.14836473917130003,0.1732526891934852,0.194989468423761,0.9999854128923323
TMEM44,2,0.6489981334540403,0.1485954952668366,0.09080775934867247,1,0.7631527576187833,0,0.1485954952668366,0.1694249319836824,0.18199157073995126,0.19374482202916798,0.9999854128923323
TMEM50B,4,-0.6842275131730667,0.08329988036896147,0.14250749262340756,3,0.9862885291178236,0,0.08329988036896147,0.1148209612049048,0.1317086753927327,0.14666457382544087,0.9999854128923323
TMEM54,5,1.4581785776008476,0.13451510888841256,1.509116267392719,4,0.8250254174011632,0,0.13451510888841256,0.19951814940595072,0.23298700298039043,0.2622182205209883,0.9999854128923323
TMEM59L,5,0.8749237222945562,0.08953061120616694,1.670031630047781,4,0.7961539438716193,0,0.08953061120616694,0.13279535667518505,0.1550715674417766,0.17452729099831157,0.9999854128923323
TMEM62,2,-0.5987103407284681,0.11443496970091806,0.004414208675580377,1,0.9470279141275988,0,0.11443496970091806,0.13047594022495124,0.14015364224905127,0.14920494594270345,0.9999854128923323
TMEM63B,3,0.6941572826926672,0.08685272426046584,0.8498622644468458,2,0.6538148103517181,0,0.08685272426046584,0.10986097186145413,0.12282830057820153,0.13455166185341164,0.9999854128923323
TMEM63C,2,0.6512838740400987,0.10824751942691926,0.16632669133022812,1,0.6833972426577124,0,0.10824751942691926,0.12342116147851488,0.13257559425898077,0.14113749780103851,0.9999854128923323
TMEM65,3,-0.7859741945268999,0.0867186864585855,0.45186468419011416,2,0.7977720754270232,0,0.0867186864585855,0.10969142596285245,0.1226387425009117,0.13434401138363372,0.9999854128923323
TMEM67,4,-0.7473077386036061,0.09183142221685332,0.6312611528294406,3,0.8892400193256202,0,0.09183142221685332,0.12658088008108873,0.14519822748892272,0.16168590331178206,0.9999854128923323
TMEM68,5,-1.0354618277171028,0.0837999037665678,3.71822013608167,4,0.44548145663537875,0,0.0837999037665678,0.12429534390647647,0.14514569099307795,0.1633560856255037,0.9999854128923323
TMEM69,2,-0.5820161875242148,0.10303651923155017,1.8056248750777666e-4,1,0.989278865197413,0,0.10303651923155017,0.11747970711556824,0.1261934484948819,0.13434318479960616,0.9999854128923323
TMEM87A,4,-0.7520686906451227,0.07635233294027931,1.4225053078437815,3,0.7002679450756254,0,0.07635233294027931,0.10524442795846341,0.12072363837939178,0.13443215430399122,0.9999854128923323
TMEM87B,5,-0.7835541906834034,0.07615601679224851,1.656372526568724,4,0.7986265007711345,0,0.07615601679224851,0.11295762730358107,0.131906090386243,0.14845540675877283,0.9999854128923323
TMEM88B,3,1.7474455783409941,0.27281009498474534,0.6418793545793957,2,0.7254670118066293,0,0.27281009498474534,0.34508050753546954,0.38581173627971915,0.4226355818212729,0.9999854128923323
TMEM8A,5,0.915638155069547,0.0877201125491917,0.9250885563326291,4,0.9209341875951411,0,0.0877201125491917,0.13010995319503535,0.15193569178086028,0.17099797938409347,0.9999854128923323
TMEM8B,2,0.6544783962097889,0.11044044425755989,0.3544571481497514,1,0.5516008262790304,0,0.11044044425755989,0.125921480479501,0.13526136769865513,0.1439967219671067,0.9999854128923323
TMEM9,4,0.7132244123046647,0.06866388848478838,1.1135428619952097,3,0.7738058297809558,0,0.06866388848478838,0.09464663863824094,0.10856714030786957,0.12089525095610458,0.9999854128923323
TMEM91,2,0.6971891294213961,0.13283955329369185,0.34429501838766396,1,0.5573604854957459,0,0.13283955329369185,0.15146039414661472,0.16269456161439874,0.17320158706765626,0.9999854128923323
TMEM94,5,1.1285398752160676,0.08893053712153537,0.4388149154975887,4,0.9791774393595458,0,0.08893053712153537,0.13190530297146708,0.15403220863888933,0.1733575312594009,0.9999854128923323
TMIE,2,0.7378320871764957,0.2000911579493914,0.45298300965912264,1,0.5009217641825285,0,0.2000911579493914,0.2281390210735261,0.24506061950932148,0.2608869516326911,0.9999854128923323
TMOD2,2,-0.6775826759742049,0.13369820012301123,0.024840164599515355,1,0.8747659919407823,0,0.13369820012301123,0.15243940216024396,0.1637461849149443,0.17432112556263998,0.9999854128923323
TMOD3,4,-0.7109977731064617,0.061584570250817365,0.157981359479136,3,0.9840692006187617,0,0.061584570250817365,0.08488847187137917,0.09737375535761497,0.10843082499101149,0.9999854128923323
TMPRSS5,2,0.9640770195306867,0.23760245017306403,0.17898073242136744,1,0.672250650098968,0,0.23760245017306403,0.27090847463067,0.29100238227953573,0.3097956929300563,0.9999854128923323
TMSB10,5,1.187335416103458,0.10091074579260355,2.3918123792713413,4,0.6641074066087893,0,0.10091074579260355,0.1496748240557603,0.17478253874245664,0.19671125728436062,0.9999854128923323
TMSB15B,2,-0.6604233607738025,0.16357872597861212,0.008352693213948246,1,0.9271802681753814,0,0.16357872597861212,0.1865084434298395,0.20034220571107528,0.21328056476795063,0.9999854128923323
TMTC3,5,-0.7715164175951618,0.07011783750349986,1.2624178417761232,4,0.867718859203745,0,0.07011783750349986,0.10400156008237503,0.12144765707292023,0.13668482840986926,0.9999854128923323
TMUB1,5,0.9138565434306294,0.09862053982860916,0.6871589990843449,4,0.9529029862670727,0,0.09862053982860916,0.14627789965469776,0.1708157856530211,0.19224682397669898,0.9999854128923323
TMX1,3,-0.7099678197831865,0.1056119109964413,0.8230457487385778,2,0.662640363340746,0,0.1056119109964413,0.133589674716695,0.1493577968793075,0.16361326898014283,0.9999854128923323
TMX3,5,-0.9423518219769023,0.08188211427277783,0.541214358962785,4,0.9693667078754227,0,0.08188211427277783,0.12145080239799384,0.14182398215161193,0.15961762566698245,0.9999854128923323
TMX4,3,-0.6499147827111009,0.11648618659034746,0.045541469374082925,2,0.9774865618481455,0,0.11648618659034746,0.1473446662291445,0.16473634490519234,0.18045962429105017,0.9999854128923323
TNFAIP2,4,0.7540194981765311,0.11119693929992565,0.08876141047572506,3,0.9931511147751504,0,0.11119693929992565,0.15327440323933922,0.1758177985136271,0.1957824145830804,0.9999854128923323
TNFRSF13C,5,1.1461570813685875,0.16091266930041306,2.334563629280779,4,0.6744835094055547,0,0.16091266930041306,0.23867205892404963,0.2787089188098441,0.31367653902907616,0.9999854128923323
TNFSF12,4,1.0232158310201875,0.1509060876625691,0.9194703580510252,3,0.8207268021632331,0,0.1509060876625691,0.2080096869328053,0.2386034748993767,0.26569758487843137,0.9999854128923323
TNFSF13B,2,-0.7196544052456725,0.18516597274086222,0.08487327865008329,1,0.7707988012961848,0,0.18516597274086222,0.21112169168370798,0.22678107547060575,0.2414268909707834,0.9999854128923323
TNK2,5,0.897298223557304,0.08135282192217584,2.2357024200287547,4,0.6924984940831974,0,0.08135282192217584,0.12066573497204068,0.14090722090831173,0.15858584492906283,0.9999854128923323
TNRC18,4,0.7850245102190718,0.08013503535117432,0.47982760529373275,3,0.9233003150693236,0,0.08013503535117432,0.11045852340310601,0.12670461604391095,0.14109228916306965,0.9999854128923323
TNS3,4,0.8764927526819183,0.150154683902211,0.37624124283144383,3,0.9451055619050793,0,0.150154683902211,0.20697394832627733,0.23741540123680324,0.2643746020386527,0.9999854128923323
TOB2,2,0.7651454134766379,0.14739280525240095,0.29636827791309295,1,0.5861681933248651,0,0.14739280525240095,0.16805365438521072,0.1805185823128973,0.19217670610220358,0.9999854128923323
TOLLIP,3,0.7348297325791836,0.13366287899678747,0.20582618112284023,2,0.9022053802374037,0,0.13366287899678747,0.16907165449813213,0.18902785626309077,0.207069641744278,0.9999854128923323
TOM1,3,0.6839375299557645,0.06232042623353503,0.13886200669813953,2,0.9329244998300549,0,0.06232042623353503,0.0788297966601917,0.08813439199233726,0.0965463891724116,0.9999854128923323
TOM1L2,3,0.6914089001495466,0.1109715702293148,0.7291074258453625,2,0.6945065310149907,0,0.1109715702293148,0.14036916697998744,0.15693749965613538,0.1719164173602492,0.9999854128923323
TOMM7,5,0.9479405096572401,0.09395504224428751,1.0150976875822135,4,0.9074981111960096,0,0.09395504224428751,0.13935784842941884,0.16273490679438615,0.18315209488258175,0.9999854128923323
TOMM70A,4,-0.6554613725527646,0.09974333546675604,0.39284947264092956,3,0.9417156332931569,0,0.09974333546675604,0.13748669987698547,0.15770806074860153,0.1756162640734191,0.9999854128923323
TONSL,4,0.763469300399442,0.10773248922385309,0.4706633719727823,3,0.9252876179279644,0,0.10773248922385309,0.14849898836456255,0.17034002197346065,0.18968262078150339,0.9999854128923323
TOR1AIP2,3,-0.6199029501575721,0.06234711467453947,0.09608472251178685,2,0.9530934119884255,0,0.06234711467453947,0.07886355516450091,0.08817213514756433,0.09658773472743017,0.9999854128923323
TOR2A,2,0.71824704780387,0.13098844256389658,0.09598648340812894,1,0.7567002337075005,0,0.13098844256389658,0.1493498031833648,0.16042742324170406,0.17078803396326073,0.9999854128923323
TOX2,5,0.8890152791521708,0.0951727283805219,4.109315966256388,4,0.391413649960275,2.660198611010576,0.0951727283805219,0.1411639688456786,0.16484400105001637,0.1855258021518621,0.9999854128923323
TP53I11,3,0.986269459206607,0.1613866463327319,0.15428670057675642,2,0.9257571365417164,0,0.1613866463327319,0.20413975453899727,0.2282351840296596,0.25001911741877475,0.9999854128923323
TP53I13,5,1.0545064756791007,0.08710477312084158,1.0989173374243482,4,0.8944439445682046,0,0.08710477312084158,0.12919725732751927,0.1508698926270575,0.16979846201201731,0.9999854128923323
TPBGL,2,0.9040566512663973,0.21430587522566377,5.690776822454981e-4,1,0.980967990366855,0,0.21430587522566377,0.24434629238666403,0.2624700215917175,0.2794206754440412,0.9999854128923323
TPD52,3,-0.8624104809366039,0.1259249627701774,0.1662296567644605,2,0.9202454708542449,0,0.1259249627701774,0.15928387865026675,0.17808479019091195,0.19508211347227442,0.9999854128923323
TPD52L1,2,0.6766695019405605,0.12704248891628814,0.07399780519945295,1,0.7856025075749409,0,0.12704248891628814,0.14485072380578137,0.15559463674904667,0.1656431398611993,0.9999854128923323
TPGS1,4,0.7220694930616258,0.08201206037118379,1.4190385518103332,3,0.7010781199608641,0,0.08201206037118379,0.11304582384157638,0.12967245318808748,0.14439713274027552,0.9999854128923323
TPM2,3,0.7909626818271681,0.15666103229228884,0.17835742101343643,2,0.9146820956664746,0,0.15666103229228884,0.19816227305472883,0.2215521565631243,0.24269822762707882,0.9999854128923323
TPM4,3,-0.691853480684763,0.08362915345964103,0.29702254733863065,2,0.861990289322246,0,0.08362915345964103,0.1057834414896864,0.1182694830324052,0.12955772744264565,0.9999854128923323
TPP2,4,-0.6500342128312878,0.06457382618553249,0.5943743703466078,3,0.8977190166235774,0,0.06457382618553249,0.089008876825038,0.10210018398905267,0.11369395317052715,0.9999854128923323
TPRA1,4,0.6093555237634387,0.07009757449380606,0.09605627627498084,3,0.9923064494947528,0,0.07009757449380606,0.09662283842258987,0.11083399692687586,0.12341951565589429,0.9999854128923323
TPRKB,5,-0.8439979731045535,0.07955973611666364,1.1159066737676326,4,0.8917402926470271,0,0.07955973611666364,0.11800615892442622,0.13780150519083403,0.15509047721127814,0.9999854128923323
TPRN,2,0.7093153532261735,0.13569037828204583,0.0639876116846953,1,0.8003008799037168,0,0.13569037828204583,0.15471083473959446,0.16618609489812028,0.17691860809183407,0.9999854128923323
TPT1,3,-0.7498655612757154,0.12856728925685518,0.19794860478675094,2,0.9057659837424261,0,0.12856728925685518,0.16262618665814368,0.18182160414458934,0.19917558806353275,0.9999854128923323
TRA2A,3,-0.6733181266575206,0.0744601541252431,0.3222679090043188,2,0.8511780443389438,0,0.0744601541252431,0.09418547278518026,0.10530255982030975,0.1153531747532416,0.9999854128923323
TRA2B,5,-0.8057288280728431,0.06219407551442829,1.3387384947416763,4,0.8547695415095492,0,0.06219407551442829,0.09224872174728331,0.10772329872076526,0.12123857270093026,0.9999854128923323
TRABD,5,0.7369298825977824,0.07976144332593514,0.18728037518514914,4,0.995880076409019,0,0.07976144332593514,0.11830533906447334,0.13815087232554518,0.15548367694860504,0.9999854128923323
TRADD,5,0.9074973320162174,0.09172784514406196,3.4378222792929582,4,0.4873953609479287,0,0.09172784514406196,0.13605438127638753,0.15887728825832542,0.17881048846233108,0.9999854128923323
TRAF3,4,1.1903680740177853,0.14213781084695365,1.0668279475286042,3,0.7850873728304026,0,0.14213781084695365,0.19592345142297873,0.22473961195328016,0.2502594404699442,0.9999854128923323
TRAF5,2,-0.6133905605183958,0.10846759939059285,0.06596962322985805,1,0.7972980254831751,0,0.10846759939059285,0.12367209124465221,0.13284513606578602,0.14142444696674206,0.9999854128923323
TRAF7,5,0.9203730236828119,0.06711821385773743,2.4637606554169147,4,0.6511365521485873,0,0.06711821385773743,0.0995523992136631,0.11625215651487472,0.13083748545245477,0.9999854128923323
TRAK2,5,-0.7887412552445517,0.09541862417755731,1.423456989563073,4,0.840108004070666,0,0.09541862417755731,0.14152869125327003,0.16526990506384934,0.18600514130465348,0.9999854128923323
TRAM1,2,-0.718101163139208,0.14117878843908374,0.14112076486650077,1,0.70716935285324245,0,0.14117878843908374,0.16096858512351359,0.17290799709004595,0.18407461943113412,0.9999854128923323
TRAM1L1,3,-0.89236136837546,0.14400477957445906,0.1681880457977284,2,0.9193448125670195,0,0.14400477957445906,0.18215323896231345,0.20365351232074808,0.22309124522645998,0.9999854128923323
TRAPPC13,4,-0.9140076902750116,0.09861572717524424,0.23499184159098993,3,0.9717520101776522,0,0.09861572717524424,0.1359323991106395,0.15592515549376731,0.17363090480538546,0.9999854128923323
TRAPPC2,4,-0.6866520907163204,0.08472036489892988,0.11558603743823494,3,0.9899035854507677,0,0.08472036489892988,0.11677896400617226,0.13395465864059966,0.14916559492283826,0.9999854128923323
TRAPPC5,2,1.2264812824338573,0.24129674274507026,0.13481663417771347,1,0.7134893457876477,0,0.24129674274507026,0.2751206162343978,0.2955269481605204,0.31461246113424535,0.9999854128923323
TRAPPC6A,5,0.7897910327404645,0.0977290431114219,1.587361071056631,4,0.8110619329818859,0,0.0977290431114219,0.1449555963336468,0.16927166804407193,0.19050897694439967,0.9999854128923323
TRAPPC6B,5,-0.896863321520705,0.10568354393260307,1.299414632738113,4,0.861474840091415,0,0.10568354393260307,0.15675402772477579,0.18304926761520607,0.20601515366833303,0.9999854128923323
TRAPPC8,3,-0.6085016544552959,0.06389592808334416,0.030456090734410534,2,0.9848873150023308,0,0.06389592808334416,0.08082266638147384,0.09036248807588124,0.09898714614290349,0.9999854128923323
TRAPPC9,2,0.6326345717139192,0.07713954696798721,0.018113190913216747,1,0.8929398001896895,0,0.07713954696798721,0.08795261575617974,0.09447626453051293,0.10057766402598897,0.9999854128923323
TRDMT1,5,-0.9544762241978932,0.0787497891743007,2.3030284872888505,4,0.6802177237746515,0,0.0787497891743007,0.11680481346671026,0.13639863593522636,0.15351159995579444,0.9999854128923323
TREM2,2,1.1014397668416334,0.2229774490935818,0.25849562642784546,1,0.6111555682643512,0,0.2229774490935818,0.2542334078077961,0.2730904872133434,0.2907270244873659,0.9999854128923323
TRIB3,3,0.7458246094350871,0.1493254966823116,0.6903687044686737,2,0.7080898034971945,0,0.1493254966823116,0.18888347290080856,0.2111781426162237,0.2313340647258975,0.9999854128923323
TRIL,4,1.004041216750882,0.1564814934696419,1.1078907951004477,3,0.7751695639038938,0,0.1564814934696419,0.21569485347854317,0.2474189655144164,0.2755140997758875,0.9999854128923323
TRIM23,3,-0.6496085036715136,0.09964727016929467,0.1338483992856383,2,0.9352660921538124,0,0.09964727016929467,0.1260449345412494,0.14092252092687246,0.15437288714428377,0.9999854128923323
TRIM28,4,0.6680640804389397,0.049278181015578695,2.6880551713951104,3,0.4422610109323427,0,0.049278181015578695,0.06792528495330635,0.07791564547964903,0.08676319084169758,0.9999854128923323
TRIM37,2,-0.6799003113532681,0.1269946826864019,0.3035773030078942,1,0.5816484158937875,0,0.1269946826864019,0.14479621631729844,0.15553608631417296,0.16558080816342768,0.9999854128923323
TRIM46,3,0.7268750693642735,0.11104544041290416,0.2095413646010622,2,0.9005310066088762,0,0.11104544041290416,0.1404626061925143,0.15704196787162247,0.17203085655657838,0.9999854128923323
TRIM47,3,0.6516479928583668,0.13143046580735995,0.05893960150473022,2,0.9709601994659509,0,0.13143046580735995,0.16624785035525538,0.1858707472537818,0.20361120210247538,0.9999854128923323
TRIM62,3,0.7239029880138184,0.10592406749814508,0.15120569991039992,2,0.9271843647595225,0,0.10592406749814508,0.13398452492942067,0.14979925283759993,0.1640968597531465,0.9999854128923323
TRIOBP,3,0.6651306810933523,0.14816191213894603,0.04906534134800841,2,0.9757658094709829,0,0.14816191213894603,0.1874116419379277,0.2095325855740284,0.22953144730255381,0.9999854128923323
TRIP11,2,-0.7116867072322829,0.11705042533547978,8.806392892106774e-4,1,0.976325797880146,0,0.11705042533547978,0.1334580184649156,0.14335690812383298,0.15261508287541056,0.9999854128923323
TRIQK,5,-0.8560216241529635,0.08176280633731968,0.7617848141638002,4,0.9434966685612697,0,0.08176280633731968,0.12127384013190519,0.14161733474565227,0.15938505168485959,0.9999854128923323
TRMT10A,2,-0.7725804829305813,0.1752202488381483,0.8174625601094054,1,0.3659230996529455,0,0.1752202488381483,0.1997818217050125,0.21460010112848016,0.2284592535331726,0.9999854128923323
TRMT10C,4,-0.8495941710745067,0.1155491636412036,1.1744651030225972,3,0.7591349216450473,0,0.1155491636412036,0.15927353048936013,0.18269926941685927,0.20344529627485394,0.9999854128923323
TRMT13,5,-1.0846443640730299,0.07665116345846927,2.5808450830852996,4,0.6302200561940167,0,0.07665116345846927,0.11369204849496443,0.1327637095693357,0.14942062530400715,0.9999854128923323
TRMT1L,2,-0.6173844939666404,0.09788406935782122,0.06618830346503343,1,0.796969673776199,0,0.09788406935782122,0.11160501039048733,0.11988301193693013,0.1276252120777062,0.9999854128923323
TRMT61A,5,0.8856502976930037,0.08263547674411882,1.2903025037729723,4,0.8630186948867385,0,0.08263547674411882,0.12256821952203258,0.14312884422849018,0.16108619948203398,0.9999854128923323
TRNT1,5,-0.8377418415801767,0.06156664613162988,3.214779730543014,4,0.522547078953325,0,0.06156664613162988,0.09131809357938953,0.10663655915159682,0.12001548766892496,0.9999854128923323
TROVE2,4,-0.7348600442682011,0.09727436010571013,1.3142857974541595,3,0.7257436001054031,0,0.09727436010571013,0.13408345220254883,0.15380426793473068,0.17126918437163072,0.9999854128923323
TRPC4,2,-0.6352312921712995,0.15205201688091782,0.012378540999243822,1,0.9114110525703929,0,0.15205201688091782,0.1733659729843818,0.18622492785965142,0.19825157483319863,0.9999854128923323
TRPC6,3,-1.0149534437985608,0.1674180497270589,0.30771950992512515,2,0.8573922575892329,0,0.1674180497270589,0.2117689434243349,0.23676487651005995,0.2593629273789697,0.9999854128923323
TRPM4,5,0.6449746281233377,0.08513185490577793,0.3006322071440759,4,0.9897733254159613,0,0.08513185490577793,0.12627094671117556,0.14745269803938915,0.1659525363917467,0.9999854128923323
TRPM7,5,-0.8207652218338342,0.048878035192531255,0.41450830960076374,4,0.9812719237168054,0,0.048878035192531255,0.07249784212941178,0.08465924032760376,0.09528083139998743,0.9999854128923323
TRPT1,4,0.7977736950048947,0.08519507870282475,0.5725071288057031,3,0.9026963678782381,0,0.08519507870282475,0.11743331182778996,0.1347052470691148,0.1500014148235261,0.9999854128923323
TSC22D4,5,0.9698968231950604,0.11004876152817158,3.380867938637087,4,0.4962222034083997,0,0.11004876152817158,0.1632286917503955,0.19061004627682437,0.2145245293032026,0.9999854128923323
TSEN15,5,-1.1900458330846466,0.1095539931749959,6.052779827153932,4,0.19524116476447376,33.91466211846609,0.1095539931749959,0.16249483168793863,0.1897530823511469,0.21356004822585795,0.9999854128923323
TSGA10,2,-0.6571169452015081,0.1370751401789946,0.029990240613382756,1,0.8625123760662081,0,0.1370751401789946,0.15628970622410912,0.16788207492950677,0.1787241167096784,0.9999854128923323
TSN,2,-0.7633703263723335,0.20156953240844572,0.003589670349033582,1,0.952224242844423,0,0.20156953240844572,0.22982462730083408,0.24687125104604457,0.2628145160985425,0.9999854128923323
TSNARE1,2,0.796413825973331,0.12214142490901468,0.01274927869979958,1,0.9100997644959105,0,0.12214142490901468,0.13926265106785027,0.1495920837417766,0.15925293420834544,0.9999854128923323
TSNAX,4,-0.7991399375004808,0.0828679418168156,0.37218571175800674,3,0.9459263994876759,0,0.0828679418168156,0.11422557499883622,0.13102572057572454,0.14590406752712864,0.9999854128923323
TSPAN33,5,1.0064213898855332,0.09923485822466685,1.4733024735505376,4,0.8313598424141198,0,0.09923485822466685,0.14718908108658538,0.17187981632701727,0.19344435099042043,0.9999854128923323
TSPAN4,5,1.1009877853573367,0.10093867520272062,0.6431199189871308,4,0.958153644719766,0,0.10093867520272062,0.14971625006557143,0.17483091389980485,0.1967657017276772,0.9999854128923323
TSPAN6,2,-0.8600237967802948,0.174219616012519,0.3512380228242086,1,0.5534131506817407,0,0.174219616012519,0.19864092474768247,0.21337458120714461,0.22715458794845916,0.9999854128923323
TSPO,5,1.2119450797200058,0.11336396872625772,3.199497931572121,4,0.5250120432967433,0,0.11336396872625772,0.1681459386717665,0.1963521535815276,0.22098705785723777,0.9999854128923323
TSR3,5,0.8927755377691985,0.08366493454719201,1.6515617459406298,4,0.7994965180729754,0,0.08366493454719201,0.12409515220236861,0.1449119174476612,0.16309298218067664,0.9999854128923323
TST,4,1.003309095237508,0.10988453689808832,7.440919422532513,3,0.0590960755389829,59.682401734986776,0.10988453689808832,0.1514653813704106,0.17374270811538634,0.19347169170928527,0.9999854128923323
TTBK1,3,0.6687872983216578,0.08097178464125271,0.37436132861103005,2,0.8292938990443431,0,0.08097178464125271,0.10242210626999941,0.11451139600921306,0.1254409493713061,0.9999854128923323
TTC13,5,-0.7519545588650073,0.05876981518425407,1.7833507589351907,4,0.775526985909559,0,0.05876981518425407,0.08716972289127135,0.10179230585056093,0.11456346045667111,0.9999854128923323
TTC26,3,-0.890953248130435,0.10839198682394492,0.10113484154483199,2,0.9506898302688844,0,0.10839198682394492,0.13710622338985054,0.15328941781898875,0.16792014393258897,0.9999854128923323
TTC3,2,-0.6866044266560505,0.11852835229913758,0.05397190599525138,1,0.8162906101975733,0,0.11852835229913758,0.1351431144689696,0.1451669915928642,0.1545420638786489,0.9999854128923323
TTC32,2,-0.714618868975311,0.17223376621273528,0.42726952069068547,1,0.5133318033282761,0,0.17223376621273528,0.19637670760803103,0.21094242184950548,0.2245653565902349,0.9999854128923323
TTC38,2,0.6300345303402671,0.1317620582803576,9.682392370883599e-4,1,0.9751765967949017,0,0.1317620582803576,0.15023186081174414,0.16137490512286765,0.17179670545115178,0.9999854128923323
TTC7A,4,0.6788207566686487,0.0912974731669471,0.6182819797034348,3,0.8922346734361079,0,0.0912974731669471,0.12584488210758477,0.14435397991282944,0.1607457889982665,0.9999854128923323
TTC9B,5,0.812591672133459,0.09035284823568207,2.2085597750175037,4,0.6974624686663278,0,0.09035284823568207,0.1340149312780499,0.15649572375276133,0.1761301260441857,0.9999854128923323
TTLL12,2,0.6511037829728349,0.09414117643168027,8.380879689114119e-4,1,0.976904668241353,0,0.09414117643168027,0.107337455857324,0.11529892302147113,0.12274507676440338,0.9999854128923323
TTLL7,5,-0.7676627283791467,0.08946551582853218,0.8191483742951872,4,0.935862679411509,0,0.08946551582853218,0.13269880462695868,0.15495881894037533,0.17440039674659086,0.9999854128923323
TTYH1,5,0.9749105682293969,0.09779684185271129,2.0029241291952133,4,0.7352210190272463,0,0.09779684185271129,0.14505615811816225,0.16938909890867435,0.19064114102203658,0.9999854128923323
TTYH3,5,0.845506975984451,0.10206218414870881,0.6888193351982542,4,0.952700534014379,0,0.10206218414870881,0.15138268313466666,0.17677688847701456,0.19895582385589722,0.9999854128923323
TUBA1B,2,0.9988021898919772,0.16561098705473842,0.3737655413558588,1,0.5409588460501877,0,0.16561098705473842,0.18882557756622423,0.2028312070413897,0.2159303090270471,0.9999854128923323
TUBA1C,3,0.7555317454860925,0.10477562693509676,0.6986148228960747,2,0.7051763176733871,0,0.10477562693509676,0.13253184975479712,0.14817511261775762,0.16231770328322842,0.9999854128923323
TUBA8,2,0.9353162909245649,0.1874696533243524,1.3781362846314429,1,0.24041886108362642,27.43823588772053,0.1874696533243524,0.21374829167228152,0.22960249645055975,0.24443052297092496,0.9999854128923323
TUBE1,5,-0.9368633245953538,0.09887477005812045,0.40544065460059453,4,0.9820290420068715,0,0.09887477005812045,0.1466549840233929,0.17125612532735457,0.192742409929355,0.9999854128923323
TUBG1,5,0.7551432676891096,0.06545530514540368,0.8348934165333404,4,0.9337098445734563,0,0.06545530514540368,0.09708590699834554,0.11337191413676373,0.12759587960579313,0.9999854128923323
TUBG2,5,0.7907680471891819,0.06155950608893788,3.534326108428791,4,0.4726782157422276,0,0.06155950608893788,0.09130750318462748,0.10662419223488606,0.12000156916337854,0.9999854128923323
TUBGCP6,2,0.6718211430396833,0.11872648097017752,0.1947203180132231,1,0.6590166354986685,0,0.11872648097017752,0.1353690159106969,0.145409648666596,0.15480039206040555,0.9999854128923323
TUG1,2,-0.6590590282185255,0.08481710916461094,0.41178447664169215,1,0.5210651623390736,0,0.08481710916461094,0.09670638349744028,0.10387931945561778,0.11058798041365345,0.9999854128923323
TVP23B,5,-0.9291748234472309,0.07592426357303561,2.6949951283783715,4,0.6100906845248665,0,0.07592426357303561,0.11261388172883981,0.1315046820357486,0.14800363656548973,0.9999854128923323
TWF1,4,-0.8401758494286362,0.09630909257853026,1.075114192445648,3,0.7830847565249198,0,0.09630909257853026,0.13275292273720316,0.15227804596608727,0.1695696555142745,0.9999854128923323
TWF2,2,0.7308561200896166,0.12324261517486168,0.13513048727348426,1,0.713170777109004,0,0.12324261517486168,0.1405182011473274,0.15094076087229905,0.16068871065428456,0.9999854128923323
TWISTNB,3,-0.7862819427764242,0.11405779332626316,0.06977175971321545,2,0.9657156175741055,0,0.11405779332626316,0.14427296472149762,0.16130207821634887,0.17669757362311386,0.9999854128923323
TXN2,5,0.6179776772379546,0.05782437050319056,0.12351614268060063,4,0.9981696978133858,0,0.05782437050319056,0.08576740180860418,0.10015474762721317,0.1127204494825272,0.9999854128923323
TXNDC16,5,-0.697150243808302,0.06881948982975436,0.09102880646881273,4,0.9989951181973131,0,0.06881948982975436,0.10207579927162393,0.11919885293610417,0.13415388285705757,0.9999854128923323
TXNDC9,4,-0.7115600146462923,0.07941198628503,0.7070007016720038,3,0.8715560910849087,0,0.07941198628503,0.10946186904531735,0.12556137508937407,0.13981922991411,0.9999854128923323
TXNL1,3,-0.8296564962934153,0.09739166400277507,0.062348989983426834,2,0.9693064192026167,0,0.09739166400277507,0.12319179334504021,0.13773261209480808,0.1508785170968705,0.9999854128923323
TYRO3,2,0.6078593576411953,0.07904133789869543,0.043981891416602206,1,0.8338873072211918,0,0.07904133789869543,0.09012099103904966,0.09680547321935686,0.1030572960279221,0.9999854128923323
TYW3,2,-0.6474993927102743,0.14836179068885083,0.13285297869088045,1,0.7154921208011805,0,0.14836179068885083,0.16915846776712984,0.18170534225664245,0.19344010853978566,0.9999854128923323
TYW5,4,-0.8308003035281935,0.0864027666538476,0.6577147306581764,3,0.8831018505943337,0,0.0864027666538476,0.11909799478721107,0.13661476938310185,0.15212776888149526,0.9999854128923323
U2AF1,5,-0.9990118490987213,0.0919319375648691,1.4516658060321719,4,0.8351673736480956,0,0.0919319375648691,0.13635709925687103,0.15923078670060312,0.17920833783291937,0.9999854128923323
U2AF2,5,0.7079699739347893,0.055679394436831155,1.0728099627134904,4,0.898561864854381,0,0.055679394436831155,0.08258588815696598,0.09643954009925945,0.10853912136385871,0.9999854128923323
U2SURP,2,-0.592933308347287,0.10525166899876152,0.006861286136039157,1,0.9339844238866477,0,0.10525166899876152,0.12000536644305669,0.12890644181163827,0.13723138673766383,0.9999854128923323
UBA5,5,-0.9578851930131502,0.07666529021222904,1.3654149421956463,4,0.850183232602937,0,0.07666529021222904,0.11371300185693659,0.13278817782459365,0.1494481634167384,0.9999854128923323
UBA52,5,1.0160171673326688,0.09751459153322042,3.800761862706397,4,0.4336407522970662,0,0.09751459153322042,0.14463751323968418,0.16890022701486362,0.19009093385846976,0.9999854128923323
UBA6,5,-0.9064298908174061,0.0669777696106649,2.061137949000783,4,0.7245149100068788,0,0.0669777696106649,0.09934408673113099,0.11600889994331434,0.13056370921382926,0.9999854128923323
UBALD2,5,0.8185270372162458,0.09604174226032239,1.2186424460386212,4,0.875019826931823,0,0.09604174226032239,0.1424529247298069,0.16634917724231335,0.18721982206570206,0.9999854128923323
UBB,4,0.6252723795905121,0.08347754984543079,0.07196475438458416,3,0.9949749347156318,0,0.08347754984543079,0.11506586167744595,0.1319895955008991,0.14697739321885112,0.9999854128923323
UBC,2,0.6487467874602405,0.17736787147947797,0.036946291371848565,1,0.8475744381985881,0,0.17736787147947797,0.20223048826304307,0.21723039094413313,0.2312594108709374,0.9999854128923323
UBE2A,5,-0.8540377787136384,0.07840144206942692,1.59790345281538,4,0.8091689016815558,0,0.07840144206942692,0.11628813121228045,0.13579528105091546,0.15283254643743158,0.9999854128923323
UBE2D1,2,-0.6689019291036392,0.13629426024558136,0.0037911417353941636,1,0.9509034778088379,0,0.13629426024558136,0.15539936611407829,0.1669256962358863,0.17770597384166195,0.9999854128923323
UBE2D3,5,-0.6709698674253195,0.0750056940212967,0.5237425990601059,4,0.9711488547599582,0,0.0750056940212967,0.11125142290486016,0.12991367290185105,0.14621301486304922,0.9999854128923323
UBE2F,2,-0.6788347982893914,0.10538928580750502,0.21932802030272708,1,0.6395524108283835,0,0.10538928580750502,0.1201622737464666,0.12907498729236414,0.13741081710377523,0.9999854128923323
UBE2G2,2,-0.6566209899222718,0.10103661118058499,0.47902676486934576,1,0.48886348314306727,0,0.10103661118058499,0.11519946110339982,0.12374407136620753,0.1317356237243989,0.9999854128923323
UBE2J1,2,-0.6188137732542056,0.0885289869494542,0.09322103295523995,1,0.7601215338228327,0,0.0885289869494542,0.10093857532868998,0.10842542273583694,0.11542767693020714,0.9999854128923323
UBE2K,2,-1.1133588664251823,0.27610993097165165,0.20029130797060496,1,0.6544858133087335,0,0.27610993097165165,0.31481375791969657,0.338164221897816,0.3600033052181458,0.9999854128923323
UBE2L6,5,0.8547756030983417,0.07694238093472548,0.26644518148024393,4,0.9918760127923606,0,0.07694238093472548,0.11412399381632986,0.13326811303426345,0.14998831267414386,0.9999854128923323
UBE2M,2,0.5904410178554701,0.0950974231182581,0.003875880722949205,1,0.9503585120958381,0,0.0950974231182581,0.10842774482969253,0.11647008124664253,0.12399186990422444,0.9999854128923323
UBE2N,4,-0.7687631854185409,0.10501781448628125,0.1996145219372635,3,0.9776515031131391,0,0.10501781448628125,0.14475706747168673,0.1660477443348372,0.18490294268716342,0.9999854128923323
UBE2S,5,0.7953493442254249,0.0841151634497984,0.5313304309888218,4,0.9703801573387751,0,0.0841151634497984,0.12476294958363987,0.14569173678201142,0.16397063988503532,0.9999854128923323
UBE2V1,4,-0.8178458323873943,0.11900897477445556,0.3057995220372689,3,0.9589340820924773,0,0.11900897477445556,0.16404255102273707,0.1881697111444015,0.20953692237476357,0.9999854128923323
UBE2V2,5,-0.8169566090633099,0.09207962242184804,0.9577164094157401,4,0.9161383413986772,0,0.09207962242184804,0.13657615129944986,0.1594865843763992,0.1794962286186826,0.9999854128923323
UBE2W,4,-0.8359100317886202,0.13232524381283745,0.939775599055859,3,0.8158199579659391,0,0.13232524381283745,0.18239776118483764,0.20922458119283496,0.23298263339870054,0.9999854128923323
UBE3A,5,-0.8755012096128917,0.058781993582444236,2.9170136593533633,4,0.5718076365935053,0,0.058781993582444236,0.08718778637491799,0.1018133994549811,0.11458720052519285,0.9999854128923323
UBE3D,5,-0.7315443339055416,0.0725649958488598,0.8421466563984715,4,0.9327100695490917,0,0.0725649958488598,0.10763128248608342,0.12568625966124983,0.1414552182341505,0.9999854128923323
UBL5,5,1.2913297526848022,0.0890535124370775,3.263949423032063,4,0.5146643665646062,0,0.0890535124370775,0.1320877048412818,0.15424520813348513,0.17359725428141634,0.9999854128923323
UBL7,4,0.6100135979829098,0.06322464515880746,0.03585850120167119,3,0.9982133484897576,0,0.06322464515880746,0.08714915912026071,0.09996694147888487,0.11131847484544988,0.9999854128923323
UBLCP1,4,-0.7788838647404622,0.10587610008270408,0.1194019573765171,3,0.9894115483679362,0,0.10587610008270408,0.14594013252211765,0.16740481301864332,0.18641411041828507,0.9999854128923323
UBR1,4,-0.6879795436267976,0.06231021024169253,0.36705689973118094,3,0.9469604498803487,0,0.06231021024169253,0.08588869757244813,0.09852109292384963,0.10970844603369498,0.9999854128923323
UBTD1,5,0.8616837879667847,0.09260051513058118,1.826718746309763,4,0.7675905377973128,0,0.09260051513058118,0.13734876004313903,0.16038879701321715,0.1805116354402291,0.9999854128923323
UBXN11,4,0.7695667675896015,0.07905284630759261,1.1257425878386094,3,0.7708636346450257,0,0.07905284630759261,0.1089668287495352,0.12499352492561225,0.13918689873306597,0.9999854128923323
UBXN2A,2,-0.7664399790228462,0.1420000561554929,0.10767971165216747,1,0.7428013735430649,0,0.1420000561554929,0.16190497439119061,0.17391384051375758,0.1851454215255601,0.9999854128923323
UBXN2B,4,-0.7057920991624432,0.10314459143778788,0.49039013097114353,3,0.9209975285558701,0,0.10314459143778788,0.1421750076892896,0.16308591863545566,0.1816047931715773,0.9999854128923323
UBXN4,5,-0.7876681017566652,0.049002221221428,1.946640798991405,4,0.7455725788362249,0,0.049002221221428,0.07268203977733627,0.08487433683924314,0.09552291453681844,0.9999854128923323
UBXN6,2,0.6349131600896591,0.10845567110870949,4.0156620854255086e-4,1,0.984012168001381,0,0.10845567110870949,0.12365849091078515,0.13283052696372488,0.14140889438995327,0.9999854128923323
UCHL5,4,-0.8325234856798167,0.08776472287174136,1.5278304518114656,3,0.6758621321767933,0,0.08776472287174136,0.12097532187777706,0.13876821124408828,0.15452574025170057,0.9999854128923323
UCKL1,5,0.7908885182039217,0.08531478180749606,0.2022268610501126,4,0.9952199080864189,0,0.08531478180749606,0.12654227115352978,0.1477695367272361,0.16630912656998265,0.9999854128923323
UCN,2,0.7885288774177306,0.15440164061053224,0.049694808657500616,1,0.82359518271185,0,0.15440164061053224,0.17604495621911795,0.18910261747219664,0.20131510936708336,0.9999854128923323
UEVLD,3,-0.8468276121095337,0.08992765015161525,1.5975547710328404,2,0.4498786561789086,0,0.08992765015161525,0.11375047964235618,0.1271769024767572,0.1393153165603091,0.9999854128923323
UFL1,4,-0.8318890371527278,0.07910384219918333,1.0050987807789227,3,0.800018203888049,0,0.07910384219918333,0.10903712173511948,0.1250741565099811,0.13927668626545944,0.9999854128923323
UFM1,5,-0.9154622690363078,0.06220645958898664,3.971644307108355,4,0.4098569771721857,0,0.06220645958898664,0.09226709029828405,0.10774474856710504,0.12126271370650446,0.9999854128923323
UGCG,5,-1.0383922608298508,0.10518955493354563,0.31403546884782324,4,0.9888902161823551,0,0.10518955493354563,0.15602132363128546,0.1821936535704585,0.2050521918318509,0.9999854128923323
UGGT2,5,-0.8885577572758189,0.07067629236927672,0.9294485480853862,4,0.920298451141537,0,0.07067629236927672,0.10482988250851216,0.12241492927417982,0.13777345735538624,0.9999854128923323
UGP2,5,-0.7048051758206185,0.06848613134706903,1.3272402869739293,4,0.8567371590632747,0,0.06848613134706903,0.10158134873663364,0.1186214591069591,0.13350404754229125,0.9999854128923323
UGT8,3,-0.920301603784502,0.16257886290303813,1.7191976389649708,2,0.4233318807585613,0,0.16257886290303813,0.20564780246954206,0.2299212328726726,0.2518660913875222,0.9999854128923323
UHRF1,3,0.8342331347304219,0.18045857066935905,1.3740439577257724,2,0.5030719995523402,0,0.18045857066935905,0.22826404264545236,0.2552069580870712,0.27956521555312874,0.9999854128923323
UHRF1BP1L,5,-0.682301368981171,0.07639637813089158,0.5414227211646072,4,0.9693451966069809,0,0.07639637813089158,0.11331414078278126,0.13232240843694806,0.14892395726601224,0.9999854128923323
UHRF2,3,-0.6887520082065403,0.07596032769102985,0.18957793588545394,2,0.909564861560093,0,0.07596032769102985,0.0960830589265653,0.107424125622959,0.11767723364792669,0.9999854128923323
ULK1,5,0.9643352478760613,0.07616679411153536,4.223087994348713,4,0.37665526283336337,5.282579824224523,0.07616679411153536,0.11297361265137908,0.13192475725081723,0.1484764156217083,0.9999854128923323
UMAD1,2,0.8496143344767566,0.22248382269522476,0.04811714856793156,1,0.8263725756466962,0,0.22248382269522476,0.25367058711920915,0.27248592081357215,0.2900834144066778,0.9999854128923323
UNC5A,5,0.9428414353962176,0.09289221155273789,2.279329854301807,4,0.6845348746434289,0,0.09289221155273789,0.137781415756077,0.16089403003677863,0.1810802564478047,0.9999854128923323
UNC93B1,5,0.898616585000833,0.09323266109469898,1.3891052013484688,4,0.8460863575628831,0,0.09323266109469898,0.13828638403168186,0.1614837059408688,0.18174391478186053,0.9999854128923323
UNKL,3,0.7277111789793894,0.09802824744683851,0.6940746298225586,2,0.7067789543717063,0,0.09802824744683851,0.12399701478663816,0.13863287703498475,0.15186470792780213,0.9999854128923323
UPF1,2,0.652285276621157,0.06154401894696213,0.06582982395444671,1,0.7975082402935982,0,0.06154401894696213,0.07017097796516196,0.07537572157011865,0.08024358326897459,0.9999854128923323
UPF2,2,-0.7075105034919671,0.08240761032519023,0.2769304180674378,1,0.5987202239419639,0,0.08240761032519023,0.09395913213392788,0.10092829810941328,0.10744637828779656,0.9999854128923323
UQCC3,5,0.8063700638509853,0.0949459214798727,1.0352845181542962,4,0.9043993350346675,0,0.0949459214798727,0.1408275598469871,0.1644511599745847,0.18508367410853982,0.9999854128923323
UQCR10,5,0.7475883278062506,0.07917772989231676,0.5757414737200011,4,0.9657208383063963,0,0.07917772989231676,0.11743955212781373,0.13713985100145767,0.15434580998984893,0.9999854128923323
UQCR11,5,0.9904134029393565,0.07233231948594054,1.0505581716451495,4,0.9020352449939822,0,0.07233231948594054,0.10728616766795049,0.12528325237895335,0.1410016485024961,0.9999854128923323
UQCRC1,3,0.645533983166165,0.07731934812556619,0.48034854275112077,2,0.786490786291603,0,0.07731934812556619,0.09780209891050393,0.10934607075302247,0.11978261905197261,0.9999854128923323
UQCRQ,5,0.8208019959568071,0.06688736498810238,4.1629627622990215,4,0.38440025754795887,3.9145861158033597,0.06688736498810238,0.09920999500611606,0.11585231454379698,0.13038747816104188,0.9999854128923323
USF2,4,0.6470152836196658,0.07740550109590816,0.12057594476344528,3,0.9892587606920382,0,0.07740550109590816,0.1066961200785971,0.1223888434448647,0.13628644818806004,0.9999854128923323
USH1C,2,0.9088457841425827,0.1578240102086125,4.1656714500481495,1,0.041251059639441416,75.99426618274369,0.1578240102086125,0.17994705793045546,0.19329414708545195,0.2057773333901428,0.9999854128923323
USO1,4,-0.652962187347334,0.0737405319539673,0.6969010222456798,3,0.8739326168546583,0,0.0737405319539673,0.10164430874585521,0.11659401842348167,0.12983360413948164,0.9999854128923323
USP1,4,-0.6235599676754694,0.07086665653518402,0.13669409191360177,3,0.9870966204648155,0,0.07086665653518402,0.09768294485786096,0.11205002240601897,0.12477362432130755,0.9999854128923323
USP11,2,0.6457537463333863,0.11679336362023839,0.0779559355352568,1,0.7800868147822361,0,0.11679336362023839,0.1331649230144635,0.14304207310645994,0.15227991540495311,0.9999854128923323
USP12,5,-0.8870405444769748,0.0744612216913172,3.047298998594796,4,0.5499414662508003,0,0.0744612216913172,0.11044383993088829,0.12897061916301117,0.1451516428976994,0.9999854128923323
USP14,5,-0.7142948508984533,0.08576831569129692,0.5654334716537666,4,0.9668262711238924,0,0.08576831569129692,0.1272149706141079,0.14855508045693322,0.16719322686874455,0.9999854128923323
USP16,4,-0.6222445042770313,0.05714315726916348,0.3958726020968631,3,0.9410937928481851,0,0.05714315726916348,0.07876640656465081,0.09035126483188201,0.100610910493514,0.9999854128923323
USP18,3,0.8873680084761703,0.16482705817021354,0.10407655257528796,2,0.9492925307535233,0,0.16482705817021354,0.2084915695371761,0.23310066111037506,0.25534898051903926,0.9999854128923323
USP33,2,-0.6313419729184658,0.09801645167718967,0.10090867265048628,1,0.7507419043511824,0,0.09801645167718967,0.11175594945774886,0.12004514650363955,0.1277978175046728,0.9999854128923323
USP34,4,-0.6033273944825005,0.055388928658262504,0.3116026805832255,3,0.9578317624016435,0,0.055388928658262504,0.07634836929515376,0.08757758585834183,0.0975222723049524,0.9999854128923323
USP44,3,-0.88437448520197,0.12573021696566059,0.14215614890262848,2,0.9313891715902892,0,0.12573021696566059,0.15903754252745272,0.17780937803294902,0.19478041456921946,0.9999854128923323
USP45,5,-0.8079076365381687,0.054992352008060325,2.67363498219264,4,0.6138359714692381,0,0.054992352008060325,0.08156683955280182,0.09524954770567286,0.10719982911198124,0.9999854128923323
USP48,4,-0.6901770205075565,0.06629879352985214,0.5567131131041909,3,0.9062663580585336,0,0.06629879352985214,0.09138658022202456,0.10482759683778367,0.11673107158290498,0.9999854128923323
USPL1,5,-0.7858493910480572,0.10149766370145527,0.35856625398008934,4,0.9857264542596726,0,0.10149766370145527,0.1505453639972954,0.17579911038045992,0.19785537091533326,0.9999854128923323
UTP11L,3,-0.7442274546592927,0.09665020504291316,0.06034601704766379,2,0.9702776527221154,0,0.09665020504291316,0.12225391370315901,0.1366840307778283,0.14972985381549392,0.9999854128923323
UTP15,5,-0.8777066410883844,0.06780212501034594,1.4850711489381205,4,0.8292825950533705,0,0.06780212501034594,0.10056680338471971,0.11743672537905564,0.13217067372337404,0.9999854128923323
UTP23,4,-0.7723975638714833,0.07791521611539004,0.8669660799317915,3,0.8333914343620041,0,0.07791521611539004,0.1073987137464182,0.12319477365444462,0.1371838940880255,0.9999854128923323
VAMP4,5,-1.0178220895023307,0.0790492692226699,2.3818863572054605,4,0.6659031414162139,0,0.0790492692226699,0.11724901416303646,0.136917350594855,0.15409539404416003,0.9999854128923323
VAMP5,5,1.5108714247155401,0.12111866838988673,3.7507113831581567,4,0.44079326241081535,0,0.12111866838988673,0.17964801705442388,0.20978368739637035,0.23610375042266804,0.9999854128923323
VAMP7,3,-0.7331751260772595,0.11746719285094824,0.5397046065595228,2,0.7634922513111767,0,0.11746719285094824,0.14858555190209777,0.16612369726370688,0.181979392654983,0.9999854128923323
VAPA,4,-0.6372277935651673,0.06889066446322113,0.15513439815223676,3,0.9844847580553405,0,0.06889066446322113,0.09495922775249294,0.10892570461309993,0.12129453126819348,0.9999854128923323
VARS,2,0.6038082809331957,0.08050708588513396,0.0552979419979154,1,0.8140883193135776,0,0.08050708588513396,0.09179220087257543,0.0986006405485,0.1049683975876443,0.9999854128923323
VASN,5,1.096294586389126,0.1072018215745456,1.2444875958812365,4,0.8707211117679127,0,0.1072018215745456,0.15900599739500884,0.1856790016310464,0.2089748216552001,0.9999854128923323
VAT1,2,0.639799886528432,0.13618831833009049,0.037443163181061556,1,0.8465655582645342,0,0.13618831833009049,0.15527857374554765,0.16679594441822346,0.17756784248360596,0.9999854128923323
VCPKMT,4,-0.9117978865122921,0.10709956652784816,0.6617807550844348,3,0.8821545097115883,0,0.10709956652784816,0.1476265646347589,0.1693392833223657,0.18856824538188877,0.9999854128923323
VEGFB,5,0.9632371525555292,0.12642287103433136,0.24148661756384054,4,0.9932715629339177,0,0.12642287103433136,0.18751542097981969,0.21897083587018965,0.24644354489038678,0.9999854128923323
VGF,3,1.0541907447920689,0.2496221475328921,0.04637903824088457,2,0.9770772913962137,0,0.2496221475328921,0.31574981625060805,0.3530190265097137,0.3867129680957688,0.9999854128923323
VGLL3,2,-1.159671485011483,0.28434964889881753,0.1695220300628341,1,0.6805369444316536,0,0.28434964889881753,0.32420848180999995,0.34825577417082576,0.37074658300394,0.9999854128923323
VKORC1,5,0.8380537429858762,0.07374079246446825,3.2262191331938075,4,0.5207065448328713,0,0.07374079246446825,0.10937527070244495,0.1277227991388512,0.14374726779488212,0.9999854128923323
VKORC1L1,3,-0.6495702831048549,0.09177502205709408,0.22008769480434504,2,0.8957948561580684,0,0.09177502205709408,0.11608724080504355,0.1297894808802324,0.14217725280997748,0.9999854128923323
VMA21,3,-0.7685578871037535,0.10249039335163887,0.05572395040328337,2,0.9725225897723367,0,0.10249039335163887,0.12964123251110296,0.14494330429084099,0.15877743463885788,0.9999854128923323
VMP1,5,-0.7948299175667044,0.08679305147433376,1.5851564879658728,4,0.8114574714877371,0,0.08679305147433376,0.12873489940687402,0.15032997489748692,0.16919080465574993,0.9999854128923323
VN1R1,5,-1.046874047812914,0.0918664767346718,0.7693742648737038,4,0.9425060736651648,0,0.0918664767346718,0.1362600051548964,0.15911740521679577,0.17908073118300466,0.9999854128923323
VPS13A,5,-0.830703098145609,0.08743002224913442,1.0168675691184392,4,0.9072276203181563,0,0.08743002224913442,0.12967967974615416,0.15143324064237818,0.17043248928487703,0.9999854128923323
VPS13C,5,-0.7737761494335291,0.057838627395940326,0.6496914170814206,4,0.9573849687048014,0,0.057838627395940326,0.08578854819789249,0.10017944128981382,0.1127482412828528,0.9999854128923323
VPS26A,5,-1.0436423746448085,0.08461599987148587,3.426499267742172,4,0.48914192792278094,0,0.08461599987148587,0.12550581004620007,0.1465592109106551,0.16494694980555089,0.9999854128923323
VPS28,5,0.843527613027619,0.050907580687362855,2.1836385276956616,4,0.7020258057309162,0,0.050907580687362855,0.07550814457506416,0.08817451624092461,0.09923714391029885,0.9999854128923323
VPS29,5,-0.7483177268138731,0.09009685675490108,1.112860379954685,4,0.8922264323191763,0,0.09009685675490108,0.1336352345515544,0.15605233350174386,0.17563110678074662,0.9999854128923323
VPS36,5,-0.7178679937724992,0.06481888946213059,0.9813736868236688,4,0.9126070722701066,0,0.06481888946213059,0.09614194999285477,0.11226960983860107,0.12635527704925834,0.9999854128923323
VPS37D,4,0.9144301766577301,0.11159121169925079,2.279964803831204,3,0.5163699809763717,0,0.11159121169925079,0.15381787023672935,0.17644119791383053,0.19647660277593287,0.9999854128923323
VPS50,5,-0.8766297701476996,0.06604533010553894,1.3910754561058538,4,0.8457446527445226,0,0.06604533010553894,0.0979610554416863,0.11439386734545179,0.12874604999474162,0.9999854128923323
VPS51,5,1.046718099966452,0.05695284930943947,3.9861134850225084,4,0.4078884473118073,0,0.05695284930943947,0.08447472697689046,0.0986452286397632,0.11102154191400034,0.9999854128923323
VPS54,2,-0.6191781561233657,0.08558299621282543,0.04386059545022565,1,0.8341131893339214,0,0.08558299621282543,0.09757962908821616,0.10481733568998373,0.11158657495102015,0.9999854128923323
VRK1,3,-0.7466424051564747,0.09471537593452387,0.5100284238001631,2,0.7749054850034981,0,0.09471537593452387,0.11980652695687782,0.13394776921186993,0.14673242944967427,0.9999854128923323
VSIG10L,2,0.6704158036161328,0.15243686459882,0.01489845119743363,1,0.9028521245059372,0,0.15243686459882,0.17380476689473934,0.18669626812841886,0.19875335486683557,0.9999854128923323
VTA1,3,-0.6328082002622178,0.09283874281100508,0.08691151053853091,2,0.9574749163736661,0,0.09283874281100508,0.11743275295574365,0.13129380919699107,0.1438251619159425,0.9999854128923323
VWA1,5,0.8222932014489814,0.11287216758762054,1.8350582540375222,4,0.7660623752137505,0,0.11287216758762054,0.16741647969970394,0.1955003290221878,0.2200283609458699,0.9999854128923323
VWC2,2,-0.643524843988893,0.15058661692083478,0.012316338926756761,1,0.9116329976871032,0,0.15058661692083478,0.17169515996195384,0.18443018677400225,0.19634092704432718,0.9999854128923323
VWCE,2,0.7177734456119926,0.17689950968039747,0.07053037803147719,1,0.790566110191462,0,0.17689950968039747,0.20169647364967627,0.21665676723275354,0.2306487417975233,0.9999854128923323
WAC,2,-0.650038016627953,0.08037983469117517,0.333050002996643,1,0.5638686310784292,0,0.08037983469117517,0.0916471121884091,0.09844479030132051,0.10480248232970009,0.9999854128923323
WAS,4,0.8907059927958475,0.14259332133820296,1.7172422374397052,3,0.6331072797692667,0,0.14259332133820296,0.19655132930482563,0.22545983727850516,0.2510614494497433,0.9999854128923323
WASH1,3,0.857306908923923,0.1780741415326146,0.09437705768612804,2,0.9539075415516796,0,0.1780741415326146,0.22524795184889976,0.25183486606336963,0.27587127381839954,0.9999854128923323
WBP1,5,0.8580256345401113,0.09730200119530578,0.41178809034887837,4,0.9815004496553243,0,0.09730200119530578,0.14432219081120143,0.16853200974839724,0.18967651899780028,0.9999854128923323
WBSCR16,2,0.6437692348071363,0.0984182145517519,0.07302857556705256,1,0.7869771615945818,0,0.0984182145517519,0.1122140296140419,0.12053720352377519,0.12832165220430625,0.9999854128923323
WBSCR17,2,0.6687809963540172,0.15696626403512567,0.19085250188469532,1,0.6622080328011604,0,0.15696626403512567,0.17896907682247296,0.19224362685851817,0.20465896920669308,0.9999854128923323
WDR11,2,-0.685071244592004,0.087349972009708,0.07902050379064365,1,0.7786292076971253,0,0.087349972009708,0.09959429146856663,0.10698143023508871,0.11389042952401449,0.9999854128923323
WDR17,2,-0.6877294544978918,0.14264571274077537,0.20789856069632698,1,0.6484195000860582,0,0.14264571274077537,0.16264113616278308,0.17470460510526248,0.18598725471830177,0.9999854128923323
WDR18,5,0.8982159166645057,0.06974593099724172,2.4773463009199372,4,0.64869683118654,0,0.06974593099724172,0.10344993358856451,0.1208034961084157,0.13595984916347034,0.9999854128923323
WDR24,5,0.7119860759604143,0.058140723926700943,1.9926236811820792,4,0.737115677283547,0,0.058140723926700943,0.08623662976476923,0.10070268782988151,0.11333713583437359,0.9999854128923323
WDR3,4,-0.7189394289962909,0.09470419401195189,0.024911527268451063,3,0.9989620511142165,0,0.09470419401195189,0.13054072272881556,0.14974047852412373,0.16674393999994605,0.9999854128923323
WDR34,5,0.9287772254242223,0.09313626835207482,7.232793335869976,4,0.12408577617682601,44.69633218797242,0.09313626835207482,0.1381434104892786,0.16131674881316285,0.18155601073412259,0.9999854128923323
WDR36,4,-0.8502786452863841,0.07424065059185062,2.0463937508322982,3,0.5628335572570214,0,0.07424065059185062,0.10233367471449646,0.11738477542148779,0.13071415386611301,0.9999854128923323
WDR41,3,-0.6488186911610324,0.08012445610472278,0.15413775174597805,2,0.9258260843306441,0,0.08012445610472278,0.10135031102924272,0.11331309250106669,0.12412827364700742,0.9999854128923323
WDR45,2,0.631126911648775,0.0982497504642125,0.027181162511405496,1,0.8690485839732339,0,0.0982497504642125,0.11202195100141772,0.12033087799654764,0.12810200190737084,0.9999854128923323
WDR47,2,-0.6223614704458605,0.15329624045460133,1.3486582789296337e-5,1,0.9970698486954348,0,0.15329624045460133,0.17478460612642474,0.1877487843003848,0.1998738438960321,0.9999854128923323
WDR5B,4,-0.8683842655420724,0.10489087307266404,2.199101690284314,3,0.5321253318860939,0,0.10489087307266404,0.14458209080829085,0.16584703233662126,0.18467943926499159,0.9999854128923323
WDR75,5,-0.7798915134924577,0.06818354294955586,0.8069049647243538,4,0.937519967550292,0,0.06818354294955586,0.10113253761346368,0.11809736062868546,0.13291419416595404,0.9999854128923323
WDR78,2,-0.666845367742982,0.13386150609085304,0.03179801232996045,1,0.858471694973195,0,0.13386150609085304,0.15262559961154923,0.1639461930615262,0.17453405049430762,0.9999854128923323
WDR81,5,0.7510073429562703,0.06548292410676738,1.2789032346275018,4,0.8649446080114167,0,0.06548292410676738,0.09712687253824168,0.11341975158109795,0.12764971887307897,0.9999854128923323
WDR83,2,0.6256691537873792,0.09959566884575224,0.13236176956319787,1,0.7159957344999572,0,0.09959566884575224,0.11355653406423855,0.12197928463165011,0.1298568647773989,0.9999854128923323
WDR83OS,5,0.8468929695013955,0.0687604047912366,3.7183770387594954,4,0.4454587320301892,0,0.0687604047912366,0.10198816199697086,0.11909651464742425,0.13403870491320002,0.9999854128923323
WDR86,2,1.1872242657540661,0.24215811810267082,0.21807799592393362,1,0.6405083074590918,0,0.24215811810267082,0.27610273524892,0.29658191321208477,0.31573555719485574,0.9999854128923323
WDR89,5,-0.7912856936286881,0.07540049886599587,5.695823368524418,4,0.22304514082178506,29.77310318110768,0.07540049886599587,0.11183701312325137,0.13059749495194437,0.14698263118857263,0.9999854128923323
WDR90,2,0.747057594730698,0.16341087334608245,0.36206841057793804,1,0.5473597313493328,0,0.16341087334608245,0.18631706198319098,0.200136629060235,0.21306171171080923,0.9999854128923323
WDR92,4,-0.7245904713473871,0.08570984663704294,0.2957984645970377,3,0.9608167293143943,0,0.08570984663704294,0.11814287045791759,0.1355191666383894,0.15090775729792952,0.9999854128923323
WFIKKN1,4,1.018706138476759,0.14009034128847384,1.092048482283488,3,0.7789939502556541,0,0.14009034128847384,0.1931012094017281,0.22150227833095237,0.2466544983153466,0.9999854128923323
WFIKKN2,2,1.7180237827927467,0.389785581046705,0.07411219472794271,1,0.7854409086981818,0,0.389785581046705,0.44442394056744144,0.4773878913293425,0.5082182194945982,0.9999854128923323
WFS1,3,0.7976040628806187,0.13634615226921346,1.4932870124393605,2,0.47395471196958433,0,0.13634615226921346,0.17246575654833995,0.19282257771650882,0.21122655082324973,0.9999854128923323
WIZ,4,0.7345176202914956,0.11311823753003367,0.19778628740246532,3,0.9779458731385025,0,0.11311823753003367,0.15592273008645058,0.17885563774942292,0.19916520919049455,0.9999854128923323
WNK2,4,0.844205758426393,0.07071950138086584,0.5318872407072701,3,0.911832107749513,0,0.07071950138086584,0.09748010547573664,0.11181734967747946,0.12451453093607462,0.9999854128923323
WRN,2,-0.6427620650823067,0.08849521712230227,0.009484559726491575,1,0.9224177147451118,0,0.08849521712230227,0.10090007180166151,0.10838406331322482,0.11538364646252872,0.9999854128923323
WSB1,4,-0.7345806447481021,0.08909939790107525,0.6124446197639445,3,0.8935776459931015,0,0.08909939790107525,0.12281504444503064,0.14087851775851185,0.15687567813283168,0.9999854128923323
WTIP,3,0.913361327301001,0.16293937571370237,0.07574721567917159,2,0.9628346279496406,0,0.16293937571370237,0.2061038191124893,0.2304310749789232,0.252424595432241,0.9999854128923323
XAB2,5,0.7695234737966766,0.05773302330141544,1.0996715286545458,4,0.8943243182447559,0,0.05773302330141544,0.08563191201268318,0.09999652963260942,0.11254238100459203,0.9999854128923323
XIAP,4,-1.1968444108771452,0.1422539763948388,4.8221141114601185,3,0.18529595390598969,37.78662365392238,0.1422539763948388,0.19608357458051495,0.22492328581175938,0.25046397102266904,0.9999854128923323
XKR4,3,-0.7959546653522146,0.12020318921913475,0.8851633284327631,2,0.6423758797032056,0,0.12020318921913475,0.15204634397946495,0.16999298043419978,0.18621798000269113,0.9999854128923323
XKR6,2,-0.6277021037299616,0.14546891252713248,0.06661813750006766,1,0.7963259528703132,0,0.14546891252713248,0.1658600791793326,0.17816230456451718,0.18966825688581915,0.9999854128923323
XKR8,2,0.6417819606456049,0.13915119784616647,0.10248025897971307,1,0.7488732866950112,0,0.13915119784616647,0.1586567761573071,0.1704247159100887,0.18143096473711162,0.9999854128923323
XKR9,2,-0.9158659342377827,0.1747142934251808,0.3676503576440275,1,0.5442878184269923,0,0.1747142934251808,0.19920494377695105,0.2139804348312954,0.227799568384144,0.9999854128923323
XPA,4,-0.7420440555208793,0.07965375179710132,0.14753525981573282,3,0.9855781284774296,0,0.07965375179710132,0.10979511980581387,0.12594363992828522,0.1402449020235605,0.9999854128923323
XPO1,5,-0.8092471692269708,0.06909821749385418,0.3956774390747779,4,0.982829272807792,0,0.06909821749385418,0.1024892192077857,0.11968162341180005,0.13469722310109555,0.9999854128923323
XRCC3,2,0.6901503441109348,0.1721699180323855,0.0020638345115123243,1,0.9637650111557685,0,0.1721699180323855,0.19630390948185888,0.21086422411807437,0.22448210874805408,0.9999854128923323
XRCC4,2,-0.6570489097859301,0.1296311690887237,0.11733526499231339,1,0.7319427749360558,0,0.1296311690887237,0.1478022733218338,0.15876510951391024,0.16901836586248778,0.9999854128923323
XRN1,5,-0.6934293978563663,0.05330322083480257,0.15854226388059897,4,0.9970192547987925,0,0.05330322083480257,0.07906145314247777,0.092323886692942,0.1039071062785514,0.9999854128923323
XYLT2,5,0.7233170433418321,0.05754006608294434,1.5376850083257037,4,0.8199457299124321,0,0.05754006608294434,0.08534571020634325,0.0996623179265303,0.11216623813943519,0.9999854128923323
YAE1D1,4,-0.7974874720595407,0.08257910219803986,0.41260539548086,3,0.9376263805650668,0,0.08257910219803986,0.11382743706016223,0.1305690250388115,0.14539551290011107,0.9999854128923323
YBX1,2,0.6903363819262757,0.11646669427767184,0.5747644663751217,1,0.4483718314846199,0,0.11646669427767184,0.13279246265793584,0.1426419865045107,0.15185399069219996,0.9999854128923323
YBX3,4,-0.7086352304642957,0.1266584792037437,0.20426381377911504,3,0.9768980549935812,0,0.1266584792037437,0.17458666522100086,0.20026463962845,0.22300526473165613,0.9999854128923323
YDJC,3,0.8041733484584821,0.1329346481756547,0.5307665837803821,2,0.7669119425060625,0,0.1329346481756547,0.16815050727528644,0.1879979823593067,0.20594147140730115,0.9999854128923323
YIF1A,4,0.8080458517159915,0.10314987356894083,1.2123798942450579,3,0.7500366587776461,0,0.10314987356894083,0.1421822886046223,0.16309427041812719,0.18161409332316222,0.9999854128923323
YIPF4,5,-0.7420641041766181,0.06286162209257523,0.4368183716414573,4,0.9793530053162162,0,0.06286162209257523,0.09323885333186716,0.1088795233105345,0.12253986054348609,0.9999854128923323
YIPF6,3,-1.318282120255778,0.24146342850293065,0.7500884230319381,2,0.6872588933617454,0,0.24146342850293065,0.30542976228099294,0.3414808554059507,0.3740735349239983,0.9999854128923323
YJEFN3,2,0.6430496238617753,0.17436417939330937,0.03659236104350946,1,0.8482973776748969,0,0.17436417939330937,0.19880575236182887,0.2135516344663586,0.2273430755364097,0.9999854128923323
YME1L1,4,-0.7057737942388792,0.06280635626608265,0.45973907893799637,3,0.9276432225265304,0,0.06280635626608265,0.08657258767128304,0.09930556866840475,0.11058200125250268,0.9999854128923323
YOD1,4,-0.8173214312818745,0.09379026317558899,1.4145445451317344,3,0.7021289786006337,0,0.09379026317558899,0.12928095600836909,0.14829542699073903,0.1651347987139396,0.9999854128923323
YPEL3,2,0.6116606594738206,0.09535227810485782,0.006777533027602631,1,0.9343876594735945,0,0.09535227810485782,0.1087183242223775,0.11678221358442911,0.12432416015254819,0.9999854128923323
YTHDC2,5,-0.8516590812343262,0.08035516837173691,0.3621412601258081,4,0.9854574894590444,0,0.08035516837173691,0.1191859756217585,0.1391792342706,0.15664106013236348,0.9999854128923323
YWHAZ,4,-0.8655121200127806,0.1453595030582497,1.263492719053525,3,0.7378197971172981,0,0.1453595030582497,0.20036424767345215,0.22983355460714014,0.2559318149448365,0.9999854128923323
ZBED5,4,-0.8572685979372873,0.07903528077387571,1.3032932804937398,3,0.7283512031083891,0,0.07903528077387571,0.10894261633222417,0.1249657513781813,0.1391559714195429,0.9999854128923323
ZBED6,2,-0.8284658972921302,0.12686737328646822,0.03338390785526371,1,0.8550234994958906,0,0.12686737328646822,0.14465106126810992,0.1553801647795242,0.16541481701417718,0.9999854128923323
ZBED8,3,-0.6862156404940231,0.11664276823870298,0.8566946589831216,2,0.6515850607834245,0,0.11664276823870298,0.1475427280885793,0.16495778479591547,0.18070219953761124,0.9999854128923323
ZBTB1,2,-0.7913149741011195,0.14535219936629032,0.014138952319921306,1,0.9053487771571943,0,0.14535219936629032,0.16572700570155474,0.17801936071935184,0.18951608154204294,0.9999854128923323
ZBTB11,2,-0.7010517537609045,0.09554074372086908,0.34194079785469206,1,0.5587110931894718,0,0.09554074372086908,0.10893320808622971,0.11701303588107256,0.12456988925198792,0.9999854128923323
ZBTB12,2,0.635356824836128,0.1640791742464395,0.029677866391110273,1,0.8632231839843886,0,0.1640791742464395,0.1870790422463497,0.20095512716049366,0.21393306947821059,0.9999854128923323
ZBTB17,3,0.6819189970884109,0.08205938694785142,0.3349789550977412,2,0.8457855169787892,0,0.08205938694785142,0.1037978264609213,0.11604949794167323,0.12712585561960754,0.9999854128923323
ZBTB20,2,0.7195972977809292,0.1426272994649561,0.19105804857856634,1,0.6620374680291501,0,0.1426272994649561,0.16262014179819836,0.17468205354013727,0.18596324674390002,0.9999854128923323
ZBTB25,5,-0.7037171247592817,0.0674117209776913,0.6238979076707551,4,0.9603714222124689,0,0.0674117209776913,0.09998774062545383,0.11676052575901803,0.13140963615984025,0.9999854128923323
ZBTB26,4,-0.6683232883265565,0.07373501300742184,0.7016216827064639,3,0.872822446755524,0,0.07373501300742184,0.10163670140303092,0.11658529220279748,0.1298238870313721,0.9999854128923323
ZBTB33,3,-0.7610307871441636,0.12254681583178069,0.6998075933810747,2,0.704755886306159,0,0.12254681583178069,0.1550108232118435,0.17330736897494217,0.18984871073889362,0.9999854128923323
ZBTB37,3,-0.7489900992589825,0.08559377499521185,0.6368435035246788,2,0.727295985358211,0,0.08559377499521185,0.10826851300673491,0.12104787745293971,0.13260130603819215,0.9999854128923323
ZBTB44,5,-0.7546596479310429,0.06762080004163926,0.5181876181283532,4,0.9717064308608807,0,0.06762080004163926,0.10029785499300069,0.11712266132057483,0.13181720628746144,0.9999854128923323
ZBTB45,5,0.8436746687296515,0.08791178613001663,0.5591227459883128,4,0.9674959587028469,0,0.08791178613001663,0.13039425105906136,0.15226768016131773,0.17137161997882022,0.9999854128923323
ZBTB46,4,0.6756572987594119,0.10056344710220212,0.011733197069645753,3,0.9996631665852115,0,0.10056344710220212,0.1386171457535,0.15900477110040917,0.1770602196105606,0.9999854128923323
ZBTB6,5,-0.8331812063684116,0.0645123037110043,1.8780396132567847,4,0.7581779066373826,0,0.0645123037110043,0.09568720983612121,0.11173858774077368,0.12575763139620302,0.9999854128923323
ZBTB7A,3,0.6834694680758254,0.10493814669288049,0.31734231126644064,2,0.8532769081426416,0,0.10493814669288049,0.1327374227945473,0.14840495026336895,0.16256947780935882,0.9999854128923323
ZBTB8OS,5,-0.7722577028018384,0.06215698787417185,3.1379456116258657,4,0.535011694602022,0,0.06215698787417185,0.09219371188697136,0.10765906104350825,0.1211662755804675,0.9999854128923323
ZC2HC1A,2,-0.6534770579977427,0.16048911570628613,0.03279158258883527,1,0.8563012800429978,0,0.16048911570628613,0.18298574572419954,0.19655822137544524,0.20925220582425336,0.9999854128923323
ZC3H14,4,-0.6280320591987284,0.06078945059635017,0.19678786008450036,3,0.9781061738078687,0,0.06078945059635017,0.08379247506328708,0.09611656079737377,0.10703087237708055,0.9999854128923323
ZC3H3,4,0.7207096449728702,0.07187776469152801,0.8447174373817952,3,0.8387439826395786,0,0.07187776469152801,0.09907666126992913,0.11364872477342929,0.12655386393491538,0.9999854128923323
ZC3H7A,3,-0.5970251537841413,0.05330274697942137,0.03898727044750481,2,0.9806951370739166,0,0.05330274697942137,0.0674232343994527,0.07538146769003923,0.08257626054336266,0.9999854128923323
ZC3H7B,4,0.6187110386797535,0.08435776039213502,0.26314808483634133,3,0.9668034651951701,0,0.08435776039213502,0.11627914818623346,0.13338133057494278,0.14852716380840333,0.9999854128923323
ZC3H8,3,-0.7898571828578442,0.16926549569418586,0.44096375109184904,2,0.8021321769376855,0,0.16926549569418586,0.21410579826842038,0.2393775596525224,0.26222497836445,0.9999854128923323
ZCCHC9,5,-0.7967723856946485,0.10697486419482789,0.6954520359580898,4,0.9518885913758378,0,0.10697486419482789,0.15866936519978933,0.1852858999182226,0.20853240027417108,0.9999854128923323
ZCWPW2,5,-0.7399578662657426,0.0783923752377014,0.8390877957242777,4,0.9331323102752013,0,0.0783923752377014,0.11627468292753533,0.13577957683770317,0.15281487192859405,0.9999854128923323
ZDBF2,5,-0.8612633042394393,0.10507122343836638,0.5915113031091815,4,0.9640022870965292,0,0.10507122343836638,0.15584580966018063,0.1819886974086724,0.20482152128224568,0.9999854128923323
ZDHHC1,4,0.9070664128618418,0.10031417338062883,2.880073200154185,3,0.4104874965264239,0,0.10031417338062883,0.13827354564042188,0.15861063473991002,0.17662132793414406,0.9999854128923323
ZDHHC12,5,1.2913467338306186,0.1450979387897498,1.696693627678666,4,0.7913181431073676,0,0.1450979387897498,0.21521502282664834,0.2513170020573657,0.2828479538478741,0.9999854128923323
ZDHHC13,3,-0.8197984550646368,0.1278296331861287,0.13854545386800676,2,0.9330721714615755,0,0.1278296331861287,0.1616931173328053,0.18077840092500108,0.19803281619267177,0.9999854128923323
ZDHHC15,2,-0.7261797084617045,0.1586874336884106,0.2983044480000109,1,0.5849473371749837,0,0.1586874336884106,0.18093151216357484,0.19435162056417374,0.20690309987538444,0.9999854128923323
ZDHHC17,5,-0.7756147703933141,0.07370026915492768,1.5152051324197315,4,0.8239446991079603,0,0.07370026915492768,0.10931516492106357,0.1276526107078361,0.14366827332202953,0.9999854128923323
ZDHHC20,5,-0.978893053380281,0.0837474926191216,2.0353779387060578,4,0.7292518105577281,0,0.0837474926191216,0.12421760561199696,0.14505491222281813,0.16325391749039694,0.9999854128923323
ZDHHC21,5,-0.9336236067157039,0.08288139733702642,0.19819155241070785,4,0.9954026442638138,0,0.08288139733702642,0.12293297870784596,0.1435547911900336,0.16156558697087875,0.9999854128923323
ZDHHC24,2,0.6141799635552762,0.10938576838591355,0.014446862381722672,1,0.9043285982233874,0,0.10938576838591355,0.12471896496920483,0.13396965883387582,0.14262159287127749,0.9999854128923323
ZDHHC6,4,-0.709412135005013,0.05588960674308214,0.7742333547001021,3,0.8556196210591279,0,0.05588960674308214,0.07703850640817946,0.08836922741962233,0.09840380703955895,0.9999854128923323
ZDHHC8,5,0.8783522176621883,0.07279869415926565,2.07671764023323,4,0.7216508560083815,0,0.07279869415926565,0.10797791309729717,0.1260910370085158,0.14191078010820155,0.9999854128923323
ZEB2,2,-0.65138525082745935,0.16564147898705692,0.008998696258098418,1,0.9244248702928514,0,0.16564147898705692,0.18886034371811755,0.2028685518791156,0.2159700656427491,0.9999854128923323
ZER1,4,0.6685300179861957,0.05936179356122615,0.11718777831569643,3,0.989697911045813,0,0.05936179356122615,0.08182458564594566,0.09385923682309631,0.10451722278121177,0.9999854128923323
ZFAND1,5,-0.8003372646855806,0.07981269090391457,1.149036574598982,4,0.8864160013061454,0,0.07981269090391457,0.11838135150652901,0.13823963573437043,0.15558357686925206,0.9999854128923323
ZFAND2B,4,0.7076394569564906,0.06716137431305544,0.5342148497859607,3,0.9113127653377081,0,0.06716137431305544,0.0925755657788536,0.10619145680819082,0.11824980177072966,0.9999854128923323
ZFHX2,2,0.6406849089125717,0.13198926765681046,0.1624779882076161,1,0.6868852652316779,0,0.13198926765681046,0.15049091935912778,0.16165317864141035,0.172092950233843,0.9999854128923323
ZFP14,4,-0.7492212663902054,0.06199018915888147,0.610263185494314,3,0.8940788847243981,0,0.06199018915888147,0.08544757895173169,0.09801509516337148,0.10914499077400257,0.9999854128923323
ZFP30,2,-0.7410151741620259,0.11515152124389028,0.6655062596555505,1,0.4146227304598182,0,0.11515152124389028,0.13129293468506503,0.14103123507639423,0.15013921485118267,0.9999854128923323
ZFP36L1,2,0.7268935593286588,0.13725782624772867,0.03545181770543409,1,0.8506520433367635,0,0.13725782624772867,0.15649800039018766,0.1681058187552635,0.178962310201416,0.9999854128923323
ZFP36L2,3,0.6839329239560353,0.15049146816132566,0.27702216995835305,2,0.8706536000385982,0,0.15049146816132566,0.19035832312500042,0.2128270752951856,0.2331403799740472,0.9999854128923323
ZFP37,3,-0.8376195741909476,0.11018371896320721,0.5638742838399264,2,0.754321098218872,0,0.11018371896320721,0.13937260519664849,0.15582330971047323,0.17069588342707995,0.9999854128923323
ZFP41,4,0.6785038869509751,0.09628187270098763,0.5662394811572566,3,0.9041156683695043,0,0.09628187270098763,0.1327154027252958,0.15223500756075448,0.1695217299743855,0.9999854128923323
ZFP82,5,-0.6567249409816218,0.061483830777994165,0.26889188975935896,4,0.9917327954331342,0,0.061483830777994165,0.09119525855932122,0.10649311875145298,0.11985405082482896,0.9999854128923323
ZFPL1,2,0.7761474252318803,0.08368522748896597,0.0018557078253841515,1,0.9656394143801705,0,0.08368522748896597,0.09541583982674984,0.10249305317834949,0.10911218726519954,0.9999854128923323
ZFPM1,4,1.2860103637280689,0.12682954725699022,0.7856687034508901,3,0.8528917299163153,0,0.12682954725699022,0.1748224662595884,0.200535121970025,0.22330646112009533,0.9999854128923323
ZFR2,2,0.8441167856802642,0.18809906575194577,0.06219691525275864,1,0.8030567267405333,0,0.18809906575194577,0.2144659322544755,0.23037336609324485,0.2452511763732912,0.9999854128923323
ZFYVE16,5,-0.979223177794843,0.07553601578956066,0.3129097247101077,4,0.9889656401730693,0,0.07553601578956066,0.11203801720395479,0.13083221714884402,0.1472468023054181,0.9999854128923323
ZGPAT,2,0.6566267809286631,0.16024411872331537,5.246387206407993e-4,1,0.981726057319535,0,0.16024411872331537,0.18270640618499284,0.1962581625770454,0.20893276884012327,0.9999854128923323
ZGRF1,5,-0.8706764202667272,0.0852694076782197,1.8115807174919447,4,0.7703629205928618,0,0.0852694076782197,0.12647497044375125,0.14769094642998024,0.16622067610865635,0.9999854128923323
ZHX2,2,0.6970179709580946,0.13578495683973973,1.6944026499145757e-4,1,0.9896142919972837,0,0.13578495683973973,0.15481867088681836,0.1663019295015995,0.17704192344399383,0.9999854128923323
ZIC2,4,0.8418416877960739,0.13735229709433702,1.1344344504751205,3,0.7687686395195182,0,0.13735229709433702,0.18932707593599216,0.2171730503371161,0.24183367404681705,0.9999854128923323
ZMAT1,3,-0.8406614608215875,0.15353958394852513,0.2734893221078717,2,0.8721929025184165,0,0.15353958394852513,0.19421391850878741,0.2171377619811266,0.23786250064650138,0.9999854128923323
ZMAT5,4,0.6934786991658389,0.06798810413445631,0.7277467449031974,3,0.8666590348982347,0,0.06798810413445631,0.09371513419515326,0.10749863143079633,0.11970540982667739,0.9999854128923323
ZMIZ2,4,0.7304802262664777,0.07830894901444607,0.2736734752268151,3,0.9649012773375397,0,0.07830894901444607,0.1079414370940072,0.12381732002982372,0.13787713239263447,0.9999854128923323
ZMPSTE24,4,-0.7973266830922779,0.07900454592522682,0.2305995435741407,3,0.9725045614942155,0,0.07900454592522682,0.10890025126700774,0.12491715531554577,0.1391018571343997,0.9999854128923323
ZMYM1,5,-0.7531341052975804,0.06737059748916346,1.6382808359900456,4,0.8018960232996831,0,0.06737059748916346,0.099926744634773,0.11668929778750335,0.13132947172275589,0.9999854128923323
ZMYM5,4,-0.7131740777913341,0.0826881425828823,1.6739115459870524,3,0.6427493459070657,0,0.0826881425828823,0.11397773885822371,0.1307414330253332,0.14558749830875564,0.9999854128923323
ZMYM6,5,-0.7865431318575274,0.07726372625784746,1.4755384256849127,4,0.8309655145328573,0,0.07726372625784746,0.11460062595616435,0.13382469946068534,0.15061473002977108,0.9999854128923323
ZMYND15,5,1.146889471455547,0.15950743481858373,0.37221136613356287,4,0.9846881591447351,0,0.15950743481858373,0.23658775935641815,0.276274981290768,0.31093723272895124,0.9999854128923323
ZNF100,2,-0.7125739357568924,0.16924718746338824,0.09753286457303864,1,0.75481062438206,0,0.16924718746338824,0.1929714839129022,0.20728462484323557,0.22067133431702082,0.9999854128923323
ZNF107,3,-0.7606564034349497,0.10452560062640477,0.34503197009649966,2,0.8415448365694392,0,0.10452560062640477,0.13221558871062472,0.1478215220210553,0.16193036419135728,0.9999854128923323
ZNF12,2,-0.6253404952885898,0.08728675349100197,0.011367652616188391,1,0.9150910904490284,0,0.08728675349100197,0.09952221126712685,0.10690400367852654,0.11380800266017414,0.9999854128923323
ZNF121,4,-0.675612139184683,0.08000614295786576,0.029411929082174437,3,0.9986702338852163,0,0.08000614295786576,0.11028085749979213,0.1265008192759483,0.14086535068668518,0.9999854128923323
ZNF124,5,-1.1005215030827824,0.07929746398879392,2.779915546631191,4,0.5953045976540408,0,0.07929746398879392,0.11761714649284326,0.13734723653995445,0.1545792147127338,0.9999854128923323
ZNF135,2,0.6903255270492756,0.1908334473135333,0.2167754495877936,1,0.64150792470438045,0,0.1908334473135333,0.2175836069138418,0.2337222858872269,0.24881637374389984,0.9999854128923323
ZNF138,5,-1.1113524383255378,0.10776488209707366,3.6639832620078114,4,0.45338600402005463,0,0.10776488209707366,0.15984115111407204,0.18665425106380126,0.21007242867855244,0.9999854128923323
ZNF140,2,-0.6269184481249296,0.1468212699967278,0.00559205615758749,1,0.9403897136725818,0,0.1468212699967278,0.16740200393211443,0.17981859743969214,0.19143151529951505,0.9999854128923323
ZNF141,5,-0.9111959428293351,0.08987193151873098,1.575893683937202,4,0.8131181157986304,0,0.08987193151873098,0.13330161651231553,0.1556627515647928,0.1751926467767651,0.9999854128923323
ZNF142,5,0.7039163562769235,0.058525789458190126,1.8685935929033777,4,0.7599117668383346,0,0.058525789458190126,0.08680777424718178,0.10136964089466428,0.11408776674331352,0.9999854128923323
ZNF160,4,-0.6288378393954179,0.08906762985406722,0.17362009806184664,3,0.9817311746941347,0,0.08906762985406722,0.1227712552141589,0.1408282880658315,0.15681974471425938,0.9999854128923323
ZNF181,5,-0.8940664512093096,0.07500085740261193,1.3961915409893562,4,0.844856674273568,0,0.07500085740261193,0.11124424904002564,0.1299052956325522,0.1462035865575203,0.9999854128923323
ZNF189,2,-0.7681282656462137,0.15569185699070628,8.54984837597145e-4,1,0.9766730807690049,0,0.15569185699070628,0.17751602922885273,0.1906828033668002,0.20299734571285585,0.9999854128923323
ZNF197,4,-0.6351228543620201,0.05946395601106113,0.4230968954063121,3,0.9354309561719718,0,0.05946395601106113,0.08196540686486149,0.09402076983950691,0.10469709833565005,0.9999854128923323
ZNF205,5,0.8231557142793272,0.09303576621131796,0.37683992471339145,4,0.9843287913243085,0,0.09303576621131796,0.1379943417244324,0.1611426739991025,0.18136009599468852,0.9999854128923323
ZNF213,4,0.8003671937917258,0.08857490390402828,2.9388648118854253,3,0.40114738262026445,0,0.08857490390402828,0.12209207936248323,0.1400492199336348,0.15595221115772714,0.9999854128923323
ZNF214,3,-0.7262930169824027,0.11217576198739526,0.0055368635427389505,2,0.9972353968020039,0,0.11217576198739526,0.14189236245804213,0.1586404839721107,0.17378194321012355,0.9999854128923323
ZNF219,4,0.8231673357063977,0.14201440199978124,0.44046066928445826,3,0.9317630941180691,0,0.14201440199978124,0.19575334406639236,0.22454448543303993,0.2500421567728169,0.9999854128923323
ZNF22,4,-0.6910241506521032,0.061953575565837825,0.5706363459540357,3,0.9031203558199433,0,0.061953575565837825,0.08539711059658141,0.09795720398970126,0.10908052589126589,0.9999854128923323
ZNF226,2,-0.6239089521907062,0.1472301396202492,4.4644821311249033e-4,1,0.9831424952012187,0,0.1472301396202492,0.16786818702892306,0.1803193584141678,0.19196461606613008,0.9999854128923323
ZNF23,2,-0.6437358192372242,0.14771187838739228,0.21352567485629337,1,0.6440179397114327,0,0.14771187838739228,0.16841745373253716,0.18090936549857678,0.19259272657201779,0.9999854128923323
ZNF234,3,-0.6145094383636561,0.09420324853766986,0.2296112187248142,2,0.8915394339823125,0,0.09420324853766986,0.11915873134638517,0.13322351170157615,0.14593904509801342,0.9999854128923323
ZNF235,2,-0.6291790876889214,0.09770261914360641,4.788454071963479e-4,1,0.9825416552303788,0,0.09770261914360641,0.11139812531536063,0.11966078171765762,0.12738862994311945,0.9999854128923323
ZNF24,4,-0.9716400430275639,0.14756401904157684,0.4263587088853367,3,0.9347451591130249,0,0.14756401904157684,0.2034029632523465,0.2333192004299199,0.2598132658635406,0.9999854128923323
ZNF248,3,-0.7440100317695797,0.1125075693837489,0.1560660009214048,2,0.9249339027949817,0,0.1125075693837489,0.14231206930482923,0.1591097304921297,0.17429597701821398,0.9999854128923323
ZNF251,2,0.87339305110746,0.1997184852489819,0.07248432311633474,1,0.7877533669704538,0,0.1997184852489819,0.22771410881891385,0.24460419053078727,0.2604010458797185,0.9999854128923323
ZNF254,4,-0.8313527365164837,0.13971777773381155,0.6509319663140796,3,0.8846799253742196,0,0.13971777773381155,0.19258766598165641,0.22091320362800165,0.24599853248771986,0.9999854128923323
ZNF260,4,-0.901355940697027,0.12460225104586732,6.086940321192561,3,0.10745615741796502,50.714154539102886,0.12460225104586732,0.171752350303642,0.19701345744451917,0.21938490147150455,0.9999854128923323
ZNF267,4,-0.7777971452174167,0.10763526914747919,1.322122910679529,3,0.7238865962054656,0,0.10763526914747919,0.14836497973732055,0.17018630353564212,0.1895114471735042,0.9999854128923323
ZNF277,5,-0.6946102438801107,0.05911586040303185,1.41649930828703,4,0.8413223473264771,0,0.05911586040303185,0.08768299089686464,0.10239167375120033,0.11523802677295739,0.9999854128923323
ZNF280B,4,-0.73142740046433,0.1029351956745718,0.24272764284606899,3,0.9704135286756678,0,0.1029351956745718,0.1418863755484244,0.1627548348633796,0.18123611388612199,0.9999854128923323
ZNF280D,2,-0.6215306134121097,0.0940056293082164,0.01727175177035302,1,0.8954414569637318,0,0.0940056293082164,0.10718290835820762,0.11513291237717688,0.1225683449377426,0.9999854128923323
ZNF281,4,-0.7204693998610046,0.0968140882670104,0.14790712620459104,3,0.9855251693148174,0,0.0968140882670104,0.13344901125616374,0.15307651425816832,0.17045879217457421,0.9999854128923323
ZNF282,4,0.8221263163979962,0.0911171664868403,0.0014439727733687414,3,0.9999854128923323,0,0.0911171664868403,0.1255963465006928,0.14406889001958903,0.1604283263287091,0.9999854128923323
ZNF283,5,-0.8822059394146156,0.07609719790791003,1.873715512167573,4,0.7589716838057412,0,0.07609719790791003,0.11287038479937232,0.13180421309012424,0.1483407476449252,0.9999854128923323
ZNF292,3,-0.6969473841256262,0.08350874508239994,0.642697421067222,2,0.7251703323614525,0,0.08350874508239994,0.10563113560110775,0.11809919987228751,0.1293711915867262,0.9999854128923323
ZNF300,4,-0.7919708533249383,0.1114138239750401,1.9124275783324147,3,0.5907800951334448,0,0.1114138239750401,0.1535733581328751,0.17616072329510077,0.19616427945856446,0.9999854128923323
ZNF316,3,0.6836849924483304,0.09156283011277502,0.002443141783122935,2,0.9987791749224408,0,0.09156283011277502,0.11581883686696841,0.12948939615475008,0.14184852646335866,0.9999854128923323
ZNF317,5,0.7524242787081608,0.0639252903242048,1.460182184081786,4,0.8336705067226886,0,0.0639252903242048,0.09481652827790372,0.11072185073011385,0.12461333164444609,0.9999854128923323
ZNF319,3,0.6921490580010052,0.11258913290667441,0.30331405358875413,2,0.8592829412328,0,0.11258913290667441,0.142415239907402,0.1592250787324459,0.1744223346845934,0.9999854128923323
ZNF322,3,-1.0211804593935465,0.1573686949351005,4.335358960241322,2,0.11444287599110724,53.86771849017382,0.1573686949351005,0.19905740336124844,0.22255294267017334,0.2437945338792159,0.9999854128923323
ZNF326,5,-0.9556101992837313,0.06990124915272913,1.9991133417923017,4,0.7359219740005202,0,0.06990124915272913,0.10368030764251336,0.12107251504505778,0.13626261998738054,0.9999854128923323
ZNF33A,3,-0.9162776935153866,0.12007664812206488,0.7192347884423462,2,0.6979433121370855,0,0.12007664812206488,0.15188628074572205,0.169814024298526,0.18602194337806616,0.9999854128923323
ZNF347,5,-0.9236017834412813,0.10736550978242017,3.4075062600562767,4,0.4920808365367921,0,0.10736550978242017,0.15924878624292782,0.18596251792368504,0.20929390871496487,0.9999854128923323
ZNF35,4,-0.7935095205592982,0.11024379942047485,1.0289880477127546,3,0.794238182143625,0,0.11024379942047485,0.1519605905827481,0.17431075203972568,0.19410423865297702,0.9999854128923323
ZNF365,4,-0.6419268441802979,0.08407326866757434,0.7528497912069408,3,0.8607082249567057,0,0.08407326866757434,0.11588700340614239,0.13293150966240225,0.14802626443910358,0.9999854128923323
ZNF37A,5,-0.7385856826518357,0.07168182690628729,0.45540543573007336,4,0.9776945254757412,0,0.07168182690628729,0.1063213312509322,0.12415656618104737,0.13973360502315518,0.9999854128923323
ZNF383,4,-0.8361932479129459,0.09939447025751648,2.8512844934603976,3,0.41512700957838056,0,0.09939447025751648,0.13700582237177886,0.1571564564198074,0.17500202348857058,0.9999854128923323
ZNF397,5,-0.7544450533166233,0.06197517490689629,1.9507494459875523,4,0.7448170885468128,0,0.06197517490689629,0.09192403967640267,0.10734415174671214,0.12081185686021663,0.9999854128923323
ZNF404,5,-0.7138625944436555,0.10907149645611408,0.6234719869226931,4,0.9604200408291228,0,0.10907149645611408,0.16177917340061865,0.1889173735195583,0.21261948896766072,0.9999854128923323
ZNF408,5,0.8904320191440384,0.07702054827765083,1.6438361211148722,4,0.8008927508225041,0,0.07702054827765083,0.11423993472239852,0.1334035028437028,0.15014068887733856,0.9999854128923323
ZNF414,5,0.8620431639932937,0.08964944158225642,2.808645530548749,4,0.5903412639335073,0,0.08964944158225642,0.13297161060626023,0.1552773876906461,0.17475893404584367,0.9999854128923323
ZNF419,3,-0.6925067219830182,0.10961870112605517,0.6795433015175875,2,0.7119328735341921,0,0.10961870112605517,0.13865790788303944,0.1550242538221901,0.16982056155763994,0.9999854128923323
ZNF423,5,1.2238021498265155,0.13774077308058885,1.2546921282885404,4,0.8690144220059052,0,0.13774077308058885,0.20430258258633002,0.2385740172493954,0.2685061976222996,0.9999854128923323
ZNF425,3,0.6290644725025862,0.08904247514088352,0.04003278619759347,2,0.9801826049447687,0,0.08904247514088352,0.1126308119776457,0.12592507597150665,0.13794400933029194,0.9999854128923323
ZNF428,5,0.7932035023728667,0.06624263338748915,3.2206519608847604,4,0.5216017724958841,0,0.06624263338748915,0.09825370350190593,0.11473560665428964,0.12913066489728653,0.9999854128923323
ZNF440,2,-0.6665205187202565,0.17502975924406536,0.04869537614627277,1,0.8253491676496776,0,0.17502975924406536,0.199564630151102,0.2143667999750736,0.22821088548919027,0.9999854128923323
ZNF449,5,-0.6798453169947904,0.10450709473371275,0.33095668959342484,4,0.9877291626773854,0,0.10450709473371275,0.15500907157098473,0.18101159783020432,0.2037218319885932,0.9999854128923323
ZNF451,2,-0.6345733072441049,0.09431783726466038,3.8997097030392e-4,1,0.9842446529246879,0,0.09431783726466038,0.10753888019766547,0.11551528747063929,0.12297541430985719,0.9999854128923323
ZNF461,3,-0.765245957162569,0.10283449446430923,3.7153430571906503,2,0.15603553197534306,46.16917013546802,0.10283449446430923,0.13007648981567757,0.14542993675120708,0.1593105137903714,0.9999854128923323
ZNF467,4,0.9364480791415151,0.12692769561703238,2.1860797947541615,3,0.5346954195570356,0,0.12692769561703238,0.17495775443756426,0.20069030815319672,0.22347926914014876,0.9999854128923323
ZNF470,3,-0.7579568978554431,0.09047454678782532,0.22690228352320835,2,0.892747813431147,0,0.09047454678782532,0.11444225524839953,0.1279503311169017,0.14016256518596448,0.9999854128923323
ZNF471,2,-0.6274843739538452,0.14137208990156422,0.08285227341943355,1,0.7734686746269217,0,0.14137208990156422,0.16118898270066953,0.17314474206485142,0.1843266537029605,0.9999854128923323
ZNF480,4,-0.8779914018742879,0.09670647921751165,2.703429906794165,3,0.4396447322883888,0,0.09670647921751165,0.13330068241771803,0.15290636941153737,0.17026932689185603,0.9999854128923323
ZNF483,5,-0.7877648179686885,0.09819742264669919,1.0627688292104767,4,0.9001334560236355,0,0.09819742264669919,0.14565031545382878,0.17008292519639767,0.19142201674553266,0.9999854128923323
ZNF484,2,-0.6749942300520261,0.10750784617934475,0.04159290809823729,1,0.8383977338627103,0,0.10750784617934475,0.12257780421902714,0.1316696832425083,0.14017308187810815,0.9999854128923323
ZNF493,5,-0.8932625795071794,0.0953347541275662,0.6517301248315683,4,0.9571454260641925,0,0.0953347541275662,0.1414042918656987,0.16512463787603138,0.18584164847886306,0.9999854128923323
ZNF502,2,-0.6783755645100257,0.1550170794213552,0.01652162222968915,1,0.897724444515904,0,0.1550170794213552,0.1767466644268705,0.1898563729994074,0.20211754340223778,0.9999854128923323
ZNF503,5,0.8518218370775343,0.08742168400594813,0.3305958731368742,4,0.9877544517872352,0,0.08742168400594813,0.12966731213285354,0.15141879838153366,0.17041623505657028,0.9999854128923323
ZNF506,4,-0.8519933603257844,0.07794816573160673,2.4735216661503805,3,0.48009532210402567,0,0.07794816573160673,0.10744413165804756,0.1232468715720812,0.13724190787386442,0.9999854128923323
ZNF511,3,0.6764254244979885,0.11051865037934035,0.9477017931672089,2,0.6226000774458569,0,0.11051865037934035,0.13979626365061903,0.15629697426163353,0.17121475694580207,0.9999854128923323
ZNF512B,4,0.6840113590630946,0.07370956007401684,1.5789574696375874,3,0.6641704279688996,0,0.07370956007401684,0.1016016169555371,0.11654504758145129,0.12977907251766674,0.9999854128923323
ZNF518A,4,-0.8175087164329181,0.13138550242796695,0.7945668188589612,3,0.8507661325750722,0,0.13138550242796695,0.18110241707849647,0.20773871959897913,0.2313280479526269,0.9999854128923323
ZNF519,5,-0.9642563724576825,0.10790958321623165,0.7915161839741423,4,0.9395818066942252,0,0.10790958321623165,0.16005577755826814,0.18690488075409498,0.21035450308853176,0.9999854128923323
ZNF526,3,0.7035977718435712,0.12338220292964648,1.9963722508668542,2,0.3685473338870316,0,0.12338220292964648,0.15606751359471305,0.1744887847385755,0.19114288686596193,0.9999854128923323
ZNF527,2,-0.9044247584674714,0.18094872335036988,0.7470791316406361,1,0.38740257354166585,0,0.18094872335036988,0.2063132875671543,0.22161602090822097,0.235928270496816,0.9999854128923323
ZNF528,2,-0.5877285020552064,0.11539746316213682,0.006718572483708942,1,0.9346730358584838,0,0.11539746316213682,0.13157335161625147,0.1413324511794269,0.15045988388017728,0.9999854128923323
ZNF540,5,-1.0283801364311873,0.1041899478844823,1.6181412559253865,4,0.8055279485943556,0,0.1041899478844823,0.15453866677429473,0.1804622833738768,0.20310359896528254,0.9999854128923323
ZNF559,3,-0.9804628575162121,0.1714581470120258,0.9845941485020044,2,0.611220760908927,0,0.1714581470120258,0.21687930717999798,0.24247843688376686,0.2656218191796636,0.9999854128923323
ZNF566,5,-0.7764705305953319,0.08812128685173222,0.6572016635650582,4,0.9565000388602197,0,0.08812128685173222,0.1307049908461479,0.15263054605555146,0.1717800120687504,0.9999854128923323
ZNF569,5,-0.8052043068336905,0.07161457338458266,2.9721349090441196,4,0.5624993344840175,0,0.07161457338458266,0.10622157815774866,0.124040079664467,0.13960250377415134,0.9999854128923323
ZNF571,5,-0.8291291658901209,0.08602727732555332,1.495606089171312,4,0.8274195074525974,0,0.08602727732555332,0.1275990727901455,0.1490036151646764,0.1676980360272031,0.9999854128923323
ZNF572,2,-0.7548373394923993,0.15959198025450488,0.11817590763761529,1,0.7310213474300776,0,0.15959198025450488,0.18196285392909337,0.1954594593319326,0.20808248430524437,0.9999854128923323
ZNF573,2,-0.6856142477873092,0.1262066760043162,0.32403018700218944,1,0.5691956571006235,0,0.1262066760043162,0.14389775046357042,0.15457097917166618,0.16455337315199392,0.9999854128923323
ZNF574,5,0.7970777548050422,0.07339294357957225,2.33527095533365,4,0.6743550368641066,0,0.07339294357957225,0.10885932742766423,0.12712030719685516,0.14306918548605163,0.9999854128923323
ZNF575,4,1.0202335423857531,0.1285690128170148,1.905389985817983,3,0.592273619881601,0,0.1285690128170148,0.17722015406778444,0.20328545851057397,0.22636910627534693,0.9999854128923323
ZNF577,2,-0.6741760498310602,0.15905678920945063,0.3096455609416249,1,0.5778977647667193,0,0.15905678920945063,0.18135264225178938,0.19480398684428768,0.20738468055561224,0.9999854128923323
ZNF578,2,-0.681526681933738,0.13391083633418904,0.3226440545061753,1,0.5700229810105785,0,0.13391083633418904,0.1526818447427151,0.16400661002405648,0.17459836926250868,0.9999854128923323
ZNF579,5,0.9877469172015714,0.09536434937950967,1.5049920652914741,4,0.8257568192070835,0,0.09536434937950967,0.1414481887182364,0.16517589835606028,0.18589934024571822,0.9999854128923323
ZNF580,5,0.8227323857380778,0.08559263447237504,0.7162537398575534,4,0.9493094807435329,0,0.08559263447237504,0.126954393256112,0.1482507916598249,0.16685076112652916,0.9999854128923323
ZNF581,5,0.8091192447049183,0.08647863148455898,1.3507858800170618,4,0.8527019458980043,0,0.08647863148455898,0.12826853919637793,0.1497853835002817,0.16857788726010356,0.9999854128923323
ZNF585A,2,-0.6519561149089244,0.15545203938985172,2.8925626153311504e-4,1,0.9864306042353048,0,0.15545203938985172,0.17724259509385215,0.19038908799008417,0.20268466181679565,0.9999854128923323
ZNF597,4,-0.6468305537610514,0.08916390124091918,0.2675998836469579,3,0.9660022527626625,0,0.08916390124091918,0.12290395616313878,0.1409805064938092,0.15698924798199143,0.9999854128923323
ZNF598,5,0.8078406381978491,0.07589162755055676,0.7685063631419482,4,0.9426196610007253,0,0.07589162755055676,0.11256547468473331,0.13144815478665828,0.14794001724562295,0.9999854128923323
ZNF615,2,-0.602979041880726,0.12114965560432166,0.0011064495977916398,1,0.9734645902930971,0,0.12114965560432166,0.1381318600792716,0.1483774193722502,0.15795982524103325,0.9999854128923323
ZNF618,2,0.6355003543007843,0.16573335419682464,0.024746743554540214,1,0.8749997694005529,0,0.16573335419682464,0.18896509757447055,0.20298107557108666,0.21608985626044833,0.9999854128923323
ZNF620,2,-0.8608786539060108,0.2067320308293042,0.39132949137799344,1,0.531601391309091,0,0.2067320308293042,0.23571078113241,0.2531939945105582,0.2695455905229656,0.9999854128923323
ZNF621,4,-0.6434357207263749,0.08771144097889538,0.4303016436717863,3,0.933914146455889,0,0.08771144097889538,0.12090187785691779,0.1386839651743691,0.15443192779876241,0.9999854128923323
ZNF624,5,-0.7946385014160747,0.08641431033488868,0.27318969037453095,4,0.9914784850936711,0,0.08641431033488868,0.12817313551380333,0.1496739760010515,0.16845250225653194,0.9999854128923323
ZNF626,2,-0.644845007379627,0.1070991512379595,0.05610307686692108,1,0.8127647190352578,0,0.1070991512379595,0.12211182029049736,0.13116913620908305,0.13964020886913356,0.9999854128923323
ZNF644,5,-0.9659503361460248,0.06956646790305321,1.6296309239055617,4,0.8034569500606105,0,0.06956646790305321,0.10318374680304244,0.12049265691119769,0.13561001118916266,0.9999854128923323
ZNF653,3,0.6634303145293746,0.09380822692772947,0.28670935435573514,2,0.8664467055190375,0,0.09380822692772947,0.11865906414142588,0.132664866783368,0.14532708025133698,0.9999854128923323
ZNF654,5,-1.0033453326893929,0.06039959301044601,0.28692743816571104,4,0.99064234486179,0,0.06039959301044601,0.0895870740610527,0.10461516385057451,0.11774048231659563,0.9999854128923323
ZNF660,4,-0.9440010128547042,0.10432649074996242,1.6872216889089886,3,0.639778433751948,0,0.10432649074996242,0.14380414346319714,0.16495466553118462,0.18368574164541507,0.9999854128923323
ZNF668,5,0.7061511849622361,0.07371903812701755,0.3182584523502005,4,0.9886052475723246,0,0.07371903812701755,0.10934300380554701,0.1276851195211016,0.1437048607842342,0.9999854128923323
ZNF677,3,-0.8073441726284243,0.10779194110978015,1.0827324612804199,2,0.581952627483378,0,0.10779194110978015,0.1363472189270573,0.15244082503197307,0.16699055710941965,0.9999854128923323
ZNF680,5,-0.6788571956503037,0.06413850420478984,0.2942380148058565,4,0.9901830843413016,0,0.06413850420478984,0.09513277556962825,0.11109114800416606,0.1250289620135503,0.9999854128923323
ZNF682,2,-0.8372640297879463,0.17379737864494368,0.0499007903854666,1,0.8232359958259112,0,0.17379737864494368,0.19815950007761451,0.21285744815669683,0.22660405777600645,0.9999854128923323
ZNF701,4,-0.7537479290683893,0.06937022692747519,1.157488080237928,3,0.7632174200284906,0,0.06937022692747519,0.09562025899118798,0.10968395944678287,0.12213888811637819,0.9999854128923323
ZNF703,5,1.1026740695079904,0.11880533510018891,0.14934480907317177,4,0.9973469960860368,0,0.11880533510018891,0.17621678928578285,0.20577687660377328,0.231594233657531,0.9999854128923323
ZNF706,5,-0.7614469575605476,0.06936689630303353,0.7519750334363562,4,0.9447680329477824,0,0.06936689630303353,0.1028877342834158,0.12014698876021578,0.1352209745206714,0.9999854128923323
ZNF708,4,-0.7951701066086053,0.08236679855138755,4.373808154451033,3,0.22382630213587584,31.40988598352144,0.08236679855138755,0.11353479667859202,0.13023334349932106,0.1450217137575441,0.9999854128923323
ZNF709,4,-0.9828937857432027,0.16166450268019275,0.33401807964677804,3,0.9535086226713112,0,0.16166450268019275,0.2228391386426197,0.2556140226339023,0.28463972917213354,0.9999854128923323
ZNF710,5,0.6716343936771372,0.07432794896117176,0.5293962550956621,4,0.9705768745807489,0,0.07432794896117176,0.11024616452695313,0.12873978402313582,0.14489184651919962,0.9999854128923323
ZNF711,3,-0.6580941591015212,0.09033571442507513,0.10829893454346028,2,0.9472905069921997,0,0.09033571442507513,0.11426664465670619,0.1277539925066041,0.13994748701442603,0.9999854128923323
ZNF714,2,-1.0686542124838123,0.18256664179945667,0.07796994523498807,1,0.7800675632477799,0,0.18256664179945667,0.20815799842261756,0.22359755823106983,0.23803777806575765,0.9999854128923323
ZNF720,3,-0.7720238096100591,0.154912800565016,0.4916372707982845,2,0.7820640507984102,0,0.154912800565016,0.19595091540034784,0.2190797835442441,0.23998987868106317,0.9999854128923323
ZNF738,3,-0.8714825304525726,0.1410614998242255,1.008281251691657,2,0.6040244354359691,0,0.1410614998242255,0.17843025184159764,0.1994910861801097,0.21853153584410634,0.9999854128923323
ZNF75A,2,-0.5960531244666618,0.1108042998804845,0.015079353909923564,1,0.902267041580063,0,0.1108042998804845,0.1263363397190438,0.13570699800675903,0.14447113165753003,0.9999854128923323
ZNF761,4,-0.7300777354255338,0.13032642702393146,1.231238899049582,3,0.7455220936216405,0,0.13032642702393146,0.17964258237835998,0.20606417435367153,0.22946335328447284,0.9999854128923323
ZNF765,2,-0.6605499228861464,0.13224832446700652,0.22680365480332632,1,0.6339040656817377,0,0.13224832446700652,0.1507862895678179,0.16197045714109704,0.17243071898986584,0.9999854128923323
ZNF766,2,-0.9139958479466964,0.2195992553676596,0.01035102166962446,1,0.9189630745861809,0,0.2195992553676596,0.2503816743402755,0.2689530617729529,0.28632239875471144,0.9999854128923323
ZNF768,2,0.6313301391276531,0.15221426605593072,0.054063100147753576,1,0.816138246994822,0,0.15221426605593072,0.17355096550647411,0.18642364170463596,0.1984631218755959,0.9999854128923323
ZNF770,5,-0.8429463020086438,0.07476546250785175,0.5888746916196654,4,0.9642919022212668,0,0.07476546250785175,0.11089510198754754,0.12949757971498524,0.14574471743171122,0.9999854128923323
ZNF771,3,0.750401970433478,0.1265786337217492,0.5259601371857817,2,0.7687572195715741,0,0.1265786337217492,0.16011071426916937,0.17900922051595414,0.19609477615600931,0.9999854128923323
ZNF775,2,0.6523838648178976,0.17480879283332548,0.13809336224255786,1,0.7101838736320095,0,0.17480879283332548,0.19931268967980403,0.21409617249677013,0.2279227805379174,0.9999854128923323
ZNF777,5,0.7127292189126723,0.05839475213465411,0.6581453542494149,4,0.9563883607601066,0,0.05839475213465411,0.0866134144870696,0.10114267759261207,0.11383232797451356,0.9999854128923323
ZNF780A,2,-0.704000913966175,0.09891325609664131,0.4527173468727722,1,0.501047346460699,0,0.09891325609664131,0.11277846381792792,0.12114350311700427,0.1289671074103299,0.9999854128923323
ZNF780B,3,-0.9222247159187371,0.15336951827439116,0.1654399125769542,2,0.9206089218636959,0,0.15336951827439116,0.19399880055595728,0.21689725279827224,0.23759903603702842,0.9999854128923323
ZNF781,5,-1.0139613615707292,0.07506205599601841,0.7631311197606315,4,0.9433213879464222,0,0.07506205599601841,0.11133502122319233,0.13001129470568396,0.1463228845783452,0.9999854128923323
ZNF783,3,0.6581847106038409,0.10780869791861192,0.11270481435048234,2,0.9452059798211797,0,0.10780869791861192,0.1363684147999471,0.15246452273828504,0.16701651664603606,0.9999854128923323
ZNF784,4,0.958581090149585,0.1282700882775657,1.5355115739075114,3,0.6740988608264137,0,0.1282700882775657,0.1768081150252882,0.20281281731398598,0.22584279531319332,0.9999854128923323
ZNF787,4,0.6886642898233964,0.10176240889767847,0.9438249548061933,3,0.8148409958023757,0,0.10176240889767847,0.14026980053757399,0.16090049615102428,0.1791712096862684,0.9999854128923323
ZNF79,3,0.6819654458985861,0.11120868199247347,0.5025634021180976,2,0.7778032327001989,0,0.11120868199247347,0.14066909227262736,0.1572728263273926,0.17228374932421056,0.9999854128923323
ZNF791,3,-0.7133528408035802,0.09766870135122352,1.0321575571731147,2,0.5968563713209339,0,0.09766870135122352,0.12354222095225253,0.13812440207026774,0.1513077015115978,0.9999854128923323
ZNF800,2,-0.7639179209374531,0.11751532078888377,2.625327200920279e-4,1,0.9870725526342584,0,0.11751532078888377,0.13398808083612712,0.14392628644612276,0.15322123238701038,0.9999854128923323
ZNF808,2,-0.7955244033664658,0.14321207845913567,0.36729146434922644,1,0.5444843664363103,0,0.14321207845913567,0.16328689243647612,0.17539825861415625,0.18672570526897353,0.9999854128923323
ZNF81,3,-0.6448344853669941,0.09306024622381373,0.33234767427893497,2,0.8468989988929037,0,0.09306024622381373,0.11771293507333398,0.131607062327497,0.1441683135275169,0.9999854128923323
ZNF813,2,-0.7414283938086306,0.15979684865022156,0.026175030677891616,1,0.8714735972150668,0,0.15979684865022156,0.182196439839269,0.1957103708488968,0.20834960001286562,0.9999854128923323
ZNF816,2,-0.8561412314111844,0.19217752924641168,0.1985186054114833,1,0.6559192514494478,0,0.19217752924641168,0.21911609610302948,0.2353684433412498,0.2505688421778219,0.9999854128923323
ZNF829,5,-0.6739068286897674,0.08350328396489134,0.10327812239779,4,0.9987117270624158,0,0.08350328396489134,0.12385538564158935,0.14463193042604333,0.162777867184396,0.9999854128923323
ZNF83,4,-0.7867124728176075,0.0897437437621351,1.6185239776966094,3,0.6551969640258529,0,0.0897437437621351,0.1237032139212363,0.1418973180194376,0.15801016608995658,0.9999854128923323
ZNF835,2,0.723218651274622,0.1203802038206771,0.4246729974811677,1,0.514614471506168,0,0.1203802038206771,0.1372545500647614,0.14743503724644844,0.15695658285730865,0.9999854128923323
ZNF836,3,-0.7743996492767067,0.14984219870269203,0.266196075063053,2,0.8753792678792698,0,0.14984219870269203,0.18953705500321372,0.21190886962115127,0.23213453605385154,0.9999854128923323
ZNF843,3,0.6793346139182754,0.12885151631143435,0.18159155785262096,2,0.9132041873970503,0,0.12885151631143435,0.16298570860418815,0.18222356189996855,0.19961591072310345,0.9999854128923323
ZNF846,4,-0.6242954976544333,0.07199373697726254,0.24553337425613855,3,0.9699240271296669,0,0.07199373697726254,0.09923651803397472,0.11383209305761777,0.12675805421451097,0.9999854128923323
ZNF85,3,-0.7460926164856663,0.15400015759550423,0.48437531920678933,2,0.7849088680433619,0,0.15400015759550423,0.19479650321066913,0.2177891114791561,0.23857601827228223,0.9999854128923323
ZNF852,2,-0.7440104940651471,0.1423049300568204,0.7533138437960547,1,0.3854290721141529,0,0.1423049300568204,0.1622525841212383,0.17428723326082957,0.18554292845972364,0.9999854128923323
ZNF853,3,0.7007478321455131,0.13627287871123545,0.5335144173873084,2,0.7658589927997572,0,0.13627287871123545,0.17237307201415,0.192718953257053,0.21111303591534325,0.9999854128923323
ZNF865,5,1.1160823435911316,0.08912629568768045,2.727316681123229,4,0.6044430778071062,0,0.08912629568768045,0.13219565984788328,0.15437127242146945,0.17373913495649107,0.9999854128923323
ZNF880,3,-0.703497321963961,0.1459190854907093,0.12463395214801987,2,0.9395850136154337,0,0.1459190854907093,0.18457466569578798,0.20636074971004023,0.2260568751997334,0.9999854128923323
ZNF891,5,-1.1248549152480485,0.07095139617918135,2.2430240074043324,4,0.6911606729134006,0,0.07095139617918135,0.10523792740027395,0.12289142305029041,0.138309733407109,0.9999854128923323
ZNF92,4,-0.8077571359067395,0.09621890226252111,1.208748350631724,3,0.7509068696209212,0,0.09621890226252111,0.1326286039659195,0.15213544255534764,0.16941085907660766,0.9999854128923323
ZNHIT2,4,0.9974552462202013,0.11190574697787578,2.9769466606544106,3,0.3951932218120755,0,0.11190574697787578,0.15425142719821128,0.17693852185629586,0.197030399280661,0.9999854128923323
ZNRF3,2,0.7655726958371585,0.17486090213467959,0.36903099758581837,1,0.5435329317821923,0,0.17486090213467959,0.19937210342462708,0.21415999309635536,0.2279907227544616,0.9999854128923323
ZRANB1,2,-0.6419534581615105,0.07326858087720375,0.09840605087225249,1,0.7537508852265495,0,0.07326858087720375,0.08353903534807637,0.08973531866349514,0.0955305417360903,0.9999854128923323
ZRANB2,4,-0.6931942927419165,0.09699679463356563,0.5066354410852055,3,0.9174312345282755,0,0.09699679463356563,0.13370085460255518,0.15336539838883237,0.17078047992811393,0.9999854128923323
ZSCAN18,2,0.6098671054290329,0.10314132663663894,0.0331698328912402,1,0.8554839461291489,0,0.10314132663663894,0.11759920594321886,0.12632181082674823,0.13447983693707372,0.9999854128923323
ZSCAN30,4,-0.7144022547792354,0.08138797182150577,1.0276556893540023,3,0.7945605104014275,0,0.08138797182150577,0.11218557714213807,0.12868568254878063,0.14329831146031158,0.9999854128923323
ZSWIM4,4,0.7734379323174387,0.07158806394329503,0.7245855218182937,3,0.8674065123019964,0,0.07158806394329503,0.09867733634621309,0.11319066767129368,0.12604379313303302,0.9999854128923323
ZUFSP,4,-0.7962444917086715,0.07472459296902349,1.6949231532880047,3,0.6380630842254521,0,0.07472459296902349,0.1030007432465118,0.11814995550555908,0.13156622234676088,0.9999854128923323
ZWILCH,4,-0.9707572024737421,0.131366663660302,0.38531340689215793,3,0.9432594092743692,0,0.131366663660302,0.18107644962930416,0.20770893289191314,0.23129487887940928,0.9999854128923323
ZYX,4,0.826503249306363,0.06526336424480077,0.5118370315215119,3,0.9162832770666497,0,0.06526336424480077,0.08995933944757556,0.10319043938938263,0.11490801020339517,0.9999854128923323
ZZZ3,5,-0.7328820284576764,0.0726277841499672,2.4285004096459395,4,0.6574830027381237,0,0.0726277841499672,0.10772441258681943,0.1257950121888888,0.1415776151657813,0.9999854128923323
