SYMBOL,k,meta_logFC,meta_se,meta_z,meta_p,ci_lb,ci_ub,tau2,I2,meta_FDR
SMIM14,3,-0.6515407149569473,0.05643680512602965,-11.544606635722639,7.860023926045853e-31,-0.762154820406471,-0.5409266095074237,0,0,1.63016896226191e-27
CHML,4,-0.7544407569081075,0.0678200956191379,-11.124147644156588,9.571632769089796e-29,-0.8873657017496805,-0.6215158120665345,0,0,8.404890223570848e-26
PPP1R2,3,-0.6061607305910586,0.05459530551441496,-11.102799496762815,1.2157507555791968e-28,-0.7131655631242729,-0.49915589805784427,0,0,8.404890223570848e-26
UBLCP1,5,-0.654773004876338,0.060819524688504774,-10.765835613314055,4.9906737756269804e-27,-0.773977082822652,-0.5355689269300241,0,0,2.587664352662589e-24
DYNC2LI1,4,-0.6288059400696807,0.05874755758455527,-10.703524808918928,9.797874669918426e-27,-0.743949037115102,-0.5136628430242595,0,0,4.0641584130821635e-24
MAK16,3,-0.6634049424881725,0.062299074946735415,-10.648712570056164,1.7679312919216346e-26,-0.7855088856539355,-0.5413009993224095,0,0,6.1111491657424504e-24
VPS4B,3,-0.4788566152510774,0.046304301048586224,-10.341514814112458,4.572517696937766e-25,-0.5696113776356067,-0.3881018528665482,0,0,1.354771671921275e-22
TTC19,3,-0.453360856669353,0.044025665158821066,-10.2976492242393,7.2204185499662895e-25,-0.5396495747760621,-0.36707213856264387,0,0,1.8718935090787605e-22
LRP4,4,0.6561353236019631,0.0640105613398003,10.250422896916437,1.1782688195627633e-24,0.5306769287457627,0.7815937184581636,0,0,2.6005534687540214e-22
CD37,3,0.8183069918393246,0.07987839607422309,10.244409402999942,1.2538830611157288e-24,0.6617482123910218,0.9748657712876275,0,0,2.6005534687540214e-22
NDUFA9,3,-0.3905503929051297,0.03829096903029861,-10.199543202891984,1.9920721182290175e-24,-0.46559931313765357,-0.31550147267260586,0,0,3.7559614301881654e-22
SMOX,3,0.8235541652056204,0.08310399476656448,9.909922712126516,3.7693764869909674e-23,0.660673328491749,0.9864350019194918,0,0,6.514739028349389e-21
GSTA4,4,-0.5640541535697714,0.05699761365087673,-9.896101212670597,4.3282038852271644e-23,-0.6757674235302183,-0.45234088360932445,0,0,6.905149890739339e-21
EMP3,4,0.6956985571457798,0.07075108870063972,9.83304384317537,8.112887698812636e-23,0.5570289714255272,0.8343681428660323,0,0,1.1535212524362458e-20
ARHGEF40,4,0.5164980373761983,0.05254180123687259,9.830230886978656,8.342728440956453e-23,0.41351799926906596,0.6194780754833306,0,0,1.1535212524362458e-20
STAU2,3,-0.5137338152175454,0.05241216356511241,-9.801805158822077,1.1059130975643516e-22,-0.6164597681569881,-0.4110078622781026,0,0,1.4335398527177907e-20
ID3,4,0.7465833430528129,0.07642136699740588,9.769301078822048,1.5250045004277058e-22,0.5968002160885795,0.8963664700170464,0,0,1.8605054905218012e-20
EHMT1,3,0.4230622078167296,0.043401653260428476,9.747605817644214,1.888699261695265e-22,0.33799653055679435,0.5081278850766648,0,0,2.176201260419989e-20
FAM162A,3,-0.5497738225022545,0.05664276196807946,-9.705985432208882,2.843154817784226e-22,-0.6607915959445653,-0.43875604905994364,0.001376933107628202,13.631785235223294,3.1035279432023606e-20
HSPB1,4,0.9528414575370784,0.09960863707008508,9.56585177314147,1.1128131659095339e-21,0.7576121163305903,1.1480707987435665,0,0,1.1539872530481867e-19
SEH1L,4,-0.5214665838937784,0.05484922489447563,-9.507273528423191,1.957250338352928e-21,-0.6289690892668884,-0.41396407852066847,3.6238214979958356e-5,0.27407434935685954,1.9330177151161775e-19
CREBBP,3,0.3778928878969771,0.03989657378285461,9.471813042236098,2.7502793560045108e-21,0.29969704017603715,0.4560887356179171,0,0,2.592763356524252e-19
ZNF365,4,-0.5964243230104493,0.06300570142281453,-9.466196067051204,2.9022035724114228e-21,-0.7199132286198499,-0.47293541740104883,0,0,2.617030525730996e-19
ZNF449,4,-0.6167324672020762,0.06537029016525989,-9.434445917907672,3.9306615823656944e-21,-0.7448558815849184,-0.48860905281923395,0,0,3.3967467174276876e-19
SLFN5,3,-0.7383848873659303,0.07846505806731892,-9.410365652599591,4.9441390804840924e-21,-0.8921735752227195,-0.5845961995091412,0,0,4.101657781169603e-19
SLC30A9,4,-0.4310199162677376,0.045845468346514415,-9.401581700724574,5.374891202590037e-21,-0.5208753830812769,-0.3411644494541983,0,0,4.2875093669891296e-19
BCL6,4,0.5531760374335586,0.05896994314519749,9.380643899749279,6.557105076240162e-21,0.4375970726985969,0.6687550021685202,0,0,5.036828121526703e-19
PLRG1,3,-0.4512046188602164,0.0481793568953932,-9.365102565396832,7.597646422788559e-21,-0.5456344231734885,-0.35677481454694426,0,0,5.627685243165525e-19
PLCB3,3,0.5594581358467745,0.05976638316904466,9.36074940764593,7.917311564220303e-21,0.4423181773492261,0.6765980943443228,0,0,5.662242822135486e-19
ZBTB20,4,0.5460430683082046,0.05842718574372782,9.345702028217618,9.128187815047147e-21,0.431527888532466,0.6605582480839431,0,0,6.3106205094692615e-19
AIFM3,3,0.9313756242310273,0.10039573041744601,9.277044156742146,1.7424526577751574e-20,0.7346036084112407,1.128147640050814,0,0,1.1657570362018311e-18
LMBRD2,4,-0.550565687716253,0.059406452141675954,-9.267775937927281,1.9006766670271325e-20,-0.6670001943632402,-0.4341311810692658,0,0,1.2318760648169602e-18
PRELP,4,0.761820511754901,0.08226875948085077,9.260143419717245,2.0415779818657568e-20,0.6005767061196453,0.9230643173901566,0,0,1.2831008286029029e-18
ACTR10,3,-0.5308106649991141,0.05797103259277981,-9.156481112348267,5.361717748939279e-20,-0.6444318010275601,-0.4171895289706681,0,0,3.27064782685296e-18
GPS2,3,0.3653698136979471,0.03994779476930116,9.146182306381634,5.898111287245989e-20,0.2870735746883193,0.44366605270757487,0,0,3.4170699294335044e-18
AGL,4,-0.43510388059506455,0.04757533697184344,-9.145576432860002,5.931268922835398e-20,-0.5283498276122346,-0.3418579335778945,0,0,3.4170699294335044e-18
BCAS2,3,-0.49046182823498935,0.05371933226329846,-9.13008050492983,6.844837548973856e-20,-0.5957497847445948,-0.3851738717253838,0,0,3.836808939613994e-18
PEX6,3,0.5499381724077895,0.06033205598059246,9.115190315819719,7.853251576672215e-20,0.43168951557257396,0.6681868292430051,0,0,4.286222044741625e-18
DLG5,3,0.46898124323985585,0.051481544972518965,9.109696367702247,8.261284960265598e-20,0.3680792692252396,0.5698832172544721,0,0,4.393308976305346e-18
DDHD2,3,-0.4921348470598093,0.05418850164208054,-9.081905425442468,1.0669045699397853e-19,-0.5983423586544767,-0.3859273354651419,0,0,5.531900195137787e-18
PPEF1,3,-1.3872613708606882,0.153118883362232,-9.060028001764199,1.3041707168681393e-19,-1.6873688676036522,-1.0871538741177242,0,0,6.597195284840295e-18
SUB1,4,-0.5795823467971398,0.06416886136784533,-9.032143230260985,1.683418959330167e-19,-0.7053510040070603,-0.45381368958721935,0,0,8.312883146787538e-18
MYH9,3,0.49928948438158083,0.05538881330326365,9.014265780490398,1.9819358264535902e-19,0.39072940516077104,0.6078495636023906,0,0,9.55938349782499e-18
NDFIP1,3,-0.6441321573193991,0.07155565523120751,-9.001834379660243,2.2197724297153465e-19,-0.7843786644627309,-0.5038856501760673,0,0,1.0310736409532755e-17
ZNF711,3,-0.5620505735520414,0.06244327265843035,-9.000978802416435,2.237141458191774e-19,-0.6844371390393795,-0.4396640080647032,0,0,1.0310736409532755e-17
IFT140,3,0.4029140718960363,0.044935511174928104,8.96649579277165,3.0609762214447346e-19,0.3148420883662801,0.4909860554257925,0,0,1.3801010181035608e-17
ZNF592,4,0.35381346126530044,0.03954768170915493,8.946503207630395,3.6692129662056085e-19,0.2763014294433033,0.43132549308729756,0,0,1.6191378067894534e-17
SIPA1,3,0.689208416559861,0.07709336107143662,8.939919170487629,3.8945513018005526e-19,0.538108205412703,0.840308627707019,0,0,1.6827707083196556e-17
RWDD2B,4,-0.5917918240572406,0.06631564151642344,-8.923864875991285,4.502931556371837e-19,-0.7217680930410997,-0.4618155550733815,6.093965308749552e-4,3.146900010059956,1.8995855922342695e-17
FARSB,4,-0.5536710980310886,0.06205685352434819,-8.921997597152652,4.579521678481846e-19,-0.6753002959326886,-0.4320419001294886,0,0,1.8995855922342695e-17
NT5DC2,4,0.5835819674995222,0.06591382237985287,8.853711504339932,8.465603329503611e-19,0.4543932495516404,0.712770685447404,9.84920667218357e-4,5.310264074778316,3.4426786873314684e-17
MSH2,3,-0.484639886200393,0.054811403388705764,-8.841953612526114,9.405927541170742e-19,-0.592068262784353,-0.377211509616433,0.0018241275941478315,17.98074910527452,3.7515180231515616e-17
TAC1,3,-1.5215625050377033,0.1728211727471451,-8.804259807123886,1.3171895297972787e-18,-1.8602857793880827,-1.1828392306873239,0,0,5.154436009055766e-17
LYRM9,3,-0.935946399191687,0.10649503640363357,-8.78863870842109,1.5138304773756383e-18,-1.1446728350750908,-0.7272199633082832,0,0,5.814230389031618e-17
AXIN1,4,0.449778373620147,0.051431391093057416,8.745211126145515,2.2259902584060275e-18,0.34897469940296033,0.5505820478373337,0,0,8.394006901698366e-17
MRPS23,3,-0.4003006702205472,0.045794286713365016,-8.74127973050664,2.3048454445681636e-18,-0.4900558228764438,-0.31054551756465065,0,0,8.536159735775662e-17
BOC,3,0.4863486399979503,0.055865107668561086,8.70576752278686,3.1543280662171296e-18,0.3768550409751182,0.5958422390207824,0,0,1.1477327033919872e-16
MXD4,4,0.5481985035582301,0.06335242248430611,8.653157717749968,5.009372151385588e-18,0.4240300371556246,0.6723669699608356,0,0,1.7912823865471915e-16
PCYOX1L,3,-0.9058120008720607,0.10480436640642035,-8.642884184418582,5.4811473616792006e-18,-1.111224784451184,-0.7003992172929373,0,0,1.9267626488343494e-16
OLA1,3,-0.5402873936230805,0.06268719008651323,-8.618784681167583,6.7668463499049876e-18,-0.6631520284846628,-0.4174227587614983,0,0,2.3390732216171576e-16
GLOD4,3,-0.4326797411112685,0.05022546553680477,-8.614748245473297,7.009544855135613e-18,-0.5311198446701635,-0.33423963755237346,0,0,2.3832452507461083e-16
NFATC2,4,0.6052305335267681,0.07030672456609459,8.608430235685315,7.406781277437858e-18,0.4674318855062453,0.7430291815472909,0,0,2.4776878015171156e-16
ZNF618,3,0.5757916916868193,0.06700364340061638,8.593438542500548,8.440464545056487e-18,0.44446696378864636,0.7071164195849923,0,0,2.778654518483675e-16
MPRIP,4,0.3137259203943381,0.03656432696610197,8.58010926018649,9.478306681915934e-18,0.24206115642183157,0.38539068436684465,0,0,3.0715637591083823e-16
GTF2H3,3,-0.5342235384273515,0.0622902866209747,-8.576353833110554,9.792798089534157e-18,-0.6563102567911391,-0.4121368200635639,0,0,3.121771182078556e-16
LETMD1,4,-0.4063414756040289,0.04738840199669682,-8.574703059882726,9.934276664280842e-18,-0.49922103680246066,-0.3134619144055971,0,0,3.121771182078556e-16
PREX1,3,0.541343571003393,0.06332766365278841,8.548295322743314,1.2491974900281302e-17,0.4172236310188615,0.6654635109879246,0,0,3.821558769859548e-16
RND3,3,-0.650551793492882,0.07610620166401982,-8.547947201002394,1.2529700884785403e-17,-0.7997172077545032,-0.5013863792312607,0,0,3.821558769859548e-16
ADCYAP1,3,-1.3447877810498436,0.1575602977428133,-8.53506752852771,1.4007359195030228e-17,-1.6536002900191653,-1.035975272080522,0,0,4.2103279667380714e-16
WFIKKN1,3,1.0013886654084403,0.11743576269818486,8.52711850632804,1.5003814399033748e-17,0.7712188000230057,1.2315585307938748,0,0,4.445415866227999e-16
PPP1R1A,3,0.7757539125577996,0.09099653794457715,8.525092603306343,1.5268761491153162e-17,0.5974039754685959,0.9541038496470032,0.0019717655300312952,7.092266295400769,4.460198779246713e-16
PRKX,3,0.9267227890778972,0.1096767271423214,8.449584640461968,2.923409979051195e-17,0.7117603539367207,1.1416852242190738,0,0,8.421044856322471e-16
TRIP10,3,0.9432342143910409,0.11211597373759871,8.413022542163608,3.995781380058255e-17,0.7234909437737089,1.162977485008373,0,0,1.1352398057864138e-15
YWHAZ,4,-0.6563321386951626,0.07823121256498154,-8.389645477500308,4.876103531742782e-17,-0.8096624977894238,-0.5030017796009014,4.6431116420028804e-4,1.7806025010487407,1.366626854707369e-15
ZNF441,4,-0.6460364539930891,0.07702750238138155,-8.387088170072143,4.983312517066727e-17,-0.7970075844796701,-0.495065323506508,0,0,1.3780520213861856e-15
ARAP1,5,0.4285553387885444,0.05111562012397885,8.38403872923973,5.114195431703247e-17,0.32837056429811506,0.5287401132789737,0,0,1.3956370164937545e-15
KIF3A,4,-0.46021115170795474,0.055008555897171435,-8.366174028786293,5.951927047388906e-17,-0.5680259401079691,-0.35239636330794033,0,0,1.603155415101895e-15
EFHD1,3,0.6539549108951848,0.07820549556398496,8.362007122122794,6.166012124432829e-17,0.5006749561966672,0.8072348655937023,0,0,1.6395268135991907e-15
MRPL30,4,-0.43515462386479675,0.05211311513783335,-8.350194048347744,6.81509067650956e-17,-0.5372944526571392,-0.3330147950724543,0,0,1.7891769700102313e-15
AEBP1,4,0.8602947395046119,0.10331161229191638,8.327183367091113,8.27884601269365e-17,0.6578077002276903,1.0627817787815335,0,0,2.1462908287908287e-15
KANK2,4,0.7487412220850901,0.08993497981349255,8.325361540502172,8.407175080613771e-17,0.572471900700308,0.9250105434698722,0.005573792355778772,16.582592462253047,2.1526519897769086e-15
PLEKHA7,4,0.5679009804211246,0.06828173188747123,8.317026600277645,9.019751512998702e-17,0.4340712451196608,0.7017307157225884,0,0,2.2813371509706474e-15
LRCH4,3,0.5137685955007326,0.06200724240806014,8.28562238132927,1.174930226751416e-16,0.39223663360029004,0.6353005574011752,0,0,2.9070677964282624e-15
PSMD1,4,-0.3790103259907043,0.04574451510877428,-8.285372029618609,1.177404507714436e-16,-0.4686679280941502,-0.28935272388725836,0,0,2.9070677964282624e-15
RIN3,4,0.543726350258687,0.06565730367418136,8.281277479149638,1.2186086918943077e-16,0.4150403997352822,0.6724123007820918,0,0,2.9734052082221107e-15
DDIT4,3,0.6868025775487204,0.08304945976597898,8.269801868477265,1.3418181629377506e-16,0.5240286274718934,0.8495765276255475,0,0,3.235966127828947e-15
SLC6A12,3,0.9690086475154607,0.11735507048343925,8.257066725141662,1.4929597333243567e-16,0.7389969359647602,1.1990203590661612,0,0,3.559078720591628e-15
GPSM3,3,0.6556141874094397,0.07942799821858959,8.254195020818207,1.5292946201583642e-16,0.4999381715368925,0.8112902032819869,0,0,3.604269366145963e-15
ITFG1,5,-0.5867112124597093,0.07122966835518113,-8.236893783277496,1.7673926010600126e-16,-0.7263187970665966,-0.44710362785282187,0,0,4.118620510784793e-15
RAB2A,4,-0.4479692384071875,0.05444714632726185,-8.227598113491725,1.9100466584906674e-16,-0.554683684269603,-0.341254792544772,0,0,4.4015964107884935e-15
TMEFF1,3,-0.5337705777688394,0.06501135221186546,-8.210421097369807,2.2041410970064762e-16,-0.6611904866903441,-0.40635066884733473,0,0,5.023503994715859e-15
TCEA3,4,0.6740826553401851,0.08237218611061159,8.183377025286287,2.759979181089778e-16,0.5126361372355559,0.8355291734448143,0,0,6.221953066935e-15
BEX4,4,-0.576841798870993,0.07067213331225755,-8.162224229489109,3.2891088269932557e-16,-0.7153566348736311,-0.4383269628683548,0,0,7.335066351810766e-15
RTN3,4,-0.59662551494216,0.07311713204270365,-8.159859369124383,3.3541488471364415e-16,-0.7399324603987187,-0.4533185694856013,0,0,7.400536924426575e-15
KLF15,4,0.6740632436830439,0.08293105059671813,8.127995953661763,4.3644578325056377e-16,0.5115213713134075,0.8366051160526804,0.001891934532117094,6.185435565947503,9.528300573280729e-15
ARL6IP1,3,-0.4926045893169547,0.06062799144016782,-8.125035608397045,4.472310965294998e-16,-0.6114332689946863,-0.37377590963922314,0,0,9.662055147939403e-15
FUS,3,-0.38408763754827036,0.04728030819394728,-8.123628043470333,4.524509420549962e-16,-0.476755338786361,-0.2914199363101797,0,0,9.674054163114041e-15
GFM1,3,-0.4642279719529228,0.05728153953784267,-8.104320793372422,5.304098693024115e-16,-0.5764977264261015,-0.35195821747974404,0,0,1.1225204785032666e-14
SPRYD7,4,-0.42346733367154504,0.052265735935211166,-8.10219785666994,5.397506674920976e-16,-0.5259062937300398,-0.32102837361305026,0,0,1.1273947579026754e-14
NFKBIA,3,0.6037568725591836,0.07452558486130727,8.101336925872909,5.43584743443913e-16,0.45768941030423793,0.7498243348141294,0,0,1.1273947579026754e-14
MRPL1,3,-0.4446187133435949,0.05490059634074419,-8.098613548458369,5.55890638173335e-16,-0.5522219049012249,-0.3370155217859648,0,0,1.141502161951977e-14
ZBTB40,3,0.438755900046095,0.054186530877926985,8.097139509346654,5.6266533812105765e-16,0.33255225107819053,0.5449595490139995,0,0,1.1440861875128171e-14
SHKBP1,3,0.4959360289522184,0.061292602740275814,8.091286823855748,5.90376473788936e-16,0.3758047350625568,0.61606732284188,0,0,1.1874592949522932e-14
MOB3A,4,0.4076588669794915,0.05038893825927629,8.090245221716772,5.95447283871931e-16,0.3088983627720976,0.5064193711868854,0,0,1.1874592949522932e-14
TOMM20,4,-0.5044618604985575,0.06242217219715708,-8.0814531558633,6.399951186034514e-16,-0.6268070698417428,-0.3821166511553721,0,0,1.2641427390319603e-14
SNX33,3,0.5755614150235198,0.07136144479760477,8.065439491253663,7.297287228116063e-16,0.4356955533354712,0.7154272767115684,0,0,1.4277899727464826e-14
RPGRIP1L,3,-0.4761763372492679,0.059215919824892986,-8.041356761110286,8.884916366126457e-16,-0.5922374074174696,-0.3601152670810663,0,0,1.7221791162005863e-14
NREP,3,-0.5338291238270152,0.06644041898709278,-8.034704355653158,9.38048125838792e-16,-0.6640499521594683,-0.4036082954945622,0,0,1.8013998268422725e-14
NEUROD6,5,-1.219348122806311,0.15183445666368273,-8.030773446288274,9.686007202531394e-16,-1.5169381894793368,-0.9217580561332852,0,0,1.843007242022946e-14
NIT2,4,-0.51581322536861,0.06432020528861129,-8.01945862974323,1.0621223350394529e-15,-0.6418785112125108,-0.3897479395247091,0.004397422582554752,26.095088403883235,1.9871893013942613e-14
PLAA,3,-0.4668490066114969,0.05821571768856039,-8.019294876841045,1.0635391150181439e-15,-0.5809497166152267,-0.3527482966077672,0,0,1.9871893013942613e-14
PCSK5,3,0.45483584318468023,0.05672558636320596,8.018177904278154,1.0732528769784644e-15,0.34365573691088014,0.5660159494584803,0,0,1.9874343454047636e-14
ZNF25,4,-0.5172116098068392,0.06473797612073395,-7.9893076799660605,1.356986373537756e-15,-0.6440957114354918,-0.3903275081781866,0,0,2.4906103882454035e-14
RGS9BP,3,0.761401796031329,0.09555309952942771,7.968363138202945,1.6078980336814686e-15,0.5741211623424795,0.9486824297201785,0,0,2.925246071802952e-14
NRN1,4,-0.8503450884242201,0.10710273129415471,-7.939527574593505,2.029527688436286e-15,-1.0602625844066342,-0.6404275924418059,0,0,3.660209065927702e-14
TMEM150C,3,-0.46896112785819105,0.05917710573165303,-7.924705374824543,2.286878951672247e-15,-0.5849461238015498,-0.35297613191483235,0,0,4.0887818498002075e-14
B4GALT6,3,-0.6245224561571707,0.07883574414209124,-7.921818496842621,2.3406181281019384e-15,-0.7790376753700841,-0.4700072369442574,0,0,4.149095724515744e-14
YBX1,3,0.4935687413990409,0.062383961966939745,7.911788957242034,2.5371623793049248e-15,0.3712984227309225,0.6158390600671593,0.003590197553396254,29.582362000625274,4.459385402269842e-14
CSF1,4,0.640019330226197,0.08093232607424228,7.908080260032104,2.6138828241081644e-15,0.4813948859356302,0.7986437745167637,0,0,4.531942446265441e-14
BLOC1S2,3,-0.46112783433899285,0.05831386867333432,-7.907687224837764,2.622146063412984e-15,-0.5754209167379266,-0.3468347519400591,0.0017267822380089796,15.694796104826708,4.531942446265441e-14
KIFAP3,5,-0.5107372278874335,0.06466694315190599,-7.897964601290729,2.8349463002903958e-15,-0.6374821074554683,-0.38399234831939866,0,0,4.85923853454734e-14
BMP1,3,0.48463616489058026,0.061427352775764804,7.889582457829532,3.0319924418974678e-15,0.36424076578444475,0.6050315639967158,0,0,5.1543871512256956e-14
ATP6V1D,3,-0.5245373892743154,0.06654237201084279,-7.882757608773614,3.202339031806259e-15,-0.6549580418614334,-0.3941167366871974,0,0,5.3997163837123425e-14
SLC25A14,4,-0.5642258017616222,0.0716425116718543,-7.875572597816747,3.3918585669804764e-15,-0.704642544400447,-0.4238090591227973,0,0,5.6731569902560554e-14
ELOVL4,4,-0.7198293304259896,0.09148349248697761,-7.8684067568633225,3.591861127133362e-15,-0.8991336808804063,-0.5405249799715729,0,0,5.959615982139674e-14
PSD2,3,0.6801147110565553,0.08656167677831579,7.856995570895966,3.934567601101076e-15,0.5104569421296592,0.8497724799834514,0,0,6.470045166378067e-14
DCBLD1,3,-0.5485987153735998,0.06983067054420249,-7.856128418906409,3.961888795226685e-15,-0.6854643146565187,-0.411733116090681,0.0013766736228596396,8.962710172659769,6.470045166378067e-14
MAS1,4,-1.4811856625824587,0.18881139392868793,-7.84478961657307,4.3367992076724485e-15,-1.8512491945534917,-1.1111221306114256,0,0,7.026969966181764e-14
PMS2,4,-0.4056329377917149,0.05174423289432198,-7.839191250938923,4.534574552900891e-15,-0.5070497706722388,-0.30421610491119105,0,0,7.290471025361587e-14
CCDC102A,4,0.8439793924956507,0.10782319570476225,7.827438122003042,4.979115620608477e-15,0.6326498122163029,1.0553089727749985,0,0,7.943604459339986e-14
HMGCS1,4,-0.6205505367091037,0.07935488176578763,-7.819941544877235,5.284787199746143e-15,-0.7760832469674817,-0.46501782645072565,0.0010955335662518192,3.909366312426712,8.36690736814771e-14
PYGM,3,0.8933187464749699,0.1144675429412577,7.804122666749316,5.99168922103405e-15,0.6689664849113127,1.117671008038627,0,0,9.414214730624713e-14
DDHD1,3,-0.41651658597489033,0.053457776816975514,-7.791505946850852,6.621519637568663e-15,-0.5212919032297426,-0.3117412687200381,0.0010554340168103225,11.079935225260957,1.0178417616242015e-13
PSMB2,3,-0.4456888360900979,0.057202265432726614,-7.791454284520522,6.624228090151046e-15,-0.5578032161723425,-0.3335744560078533,0,0,1.0178417616242015e-13
NAP1L5,4,-0.8773199621915397,0.1126005778945539,-7.791433921530279,6.625295941141138e-15,-1.0980130395032623,-0.6566268848798171,0,0,1.0178417616242015e-13
AAGAB,3,-0.4757116549246886,0.061104372644278315,-7.785230980016178,6.958595985625956e-15,-0.5954740246053886,-0.3559492852439886,0,0,1.0611858878079583e-13
LRRC28,3,-0.40932470679727057,0.0526994938731061,-7.767146830344787,8.027377124894453e-15,-0.5126138167920478,-0.30603559680249337,3.85578286474513e-4,3.840167207316009,1.215239427520518e-13
SPEN,3,0.40394023804541407,0.052033791427420914,7.763036806742176,8.291953529421598e-15,0.3019558808686001,0.5059245952222281,0,0,1.2461964942043765e-13
TYK2,3,0.41868178737488176,0.05404057766532966,7.747544631512919,9.368640981195062e-15,0.312764201447096,0.5245993733026675,0.002340360691688762,24.928057926134162,1.3978821147480978e-13
PIK3R5,4,0.7938203577405716,0.10248268291634913,7.745897503371595,9.490904819139948e-15,0.592957990185489,0.9946827252956542,0,0,1.4060097567783037e-13
TRPC1,3,-0.4532365471003798,0.058584721784062335,-7.736429111517611,1.0224795107178424e-14,-0.5680604918414411,-0.33841260235931847,0.0027907156128822714,25.271926773727305,1.5039875923608547e-13
TOB2,4,0.5312584866434173,0.06877139767982533,7.724991850780233,1.118604994067603e-14,0.39646902402447826,0.6660479492623564,0.0012988274154197242,5.870240168279425,1.6337934913353584e-13
KLHL17,3,0.6469980656951914,0.08378606527763847,7.7220247012586185,1.1449619745773312e-14,0.48278039534469797,0.8112157360456848,0,0,1.6605951994918775e-13
DOT1L,4,0.5615397003424679,0.07278193314126959,7.715372154962146,1.206297237985e-14,0.4188897326603774,0.7041896680245585,0,0,1.737403105264507e-13
LATS2,4,0.6152974703789299,0.07978611194363593,7.711836751909912,1.2401970982981597e-14,0.4589195645029225,0.7716753762549373,0,0,1.7739095047381953e-13
BCAR3,3,0.6535184940880653,0.08480609909858008,7.706031771705524,1.2979032892458838e-14,0.48730159418551355,0.819735393990617,0,0,1.843733850613673e-13
INPPL1,3,0.4890658977771876,0.06349698187080585,7.702191243865191,1.3375250532959559e-14,0.36461410018341545,0.6135176953709598,0,0,1.8870931704325255e-13
IKBKB,3,0.47024732388203766,0.0611001502527304,7.696336620072773,1.4002263654395547e-14,0.3504932299367002,0.5900014178273751,0,0,1.9622091094065112e-13
ITGB5,4,0.6171008275084051,0.08021285449276826,7.693290949570197,1.4339791841414202e-14,0.4598865216054275,0.7743151334113827,0.004602060570676334,17.195429602129625,1.9808708612153133e-13
FGF12,3,-0.835800792732646,0.1086406528327649,-7.69326003608639,1.4343258455393872e-14,-1.0487325595417845,-0.6228690259235073,0,0,1.9808708612153133e-13
FGFR1,4,0.434333213721317,0.05646146463148962,7.692560165700717,1.4421962393611972e-14,0.3236707765292153,0.5449956509134187,0.0011404211667997634,8.14248183478506,1.9808708612153133e-13
FOXO4,3,0.9370531626606717,0.12187259547643269,7.688793030110497,1.4852950752326605e-14,0.6981872648244446,1.175919060496899,0,0,2.0266460434424592e-13
MAX,4,0.33919557581726023,0.04414813276980758,7.68312394061731,1.5525524932481766e-14,0.25266682560374487,0.4257243260307756,0,0,2.0966758507434945e-13
LANCL2,3,-0.4689408041919689,0.061037977597608914,-7.682771000105007,1.5568374205134916e-14,-0.588573041972445,-0.34930856641149277,0,0,2.0966758507434945e-13
MED12,3,0.43125964241653236,0.056162035917432115,7.6788463126685516,1.6052767984178238e-14,0.3211840747199205,0.5413352101131442,0.003070051504064478,29.262292734343635,2.1479639225281076e-13
TRAF2,3,0.4641670945987451,0.060495858031071534,7.672708673052331,1.6840167787985755e-14,0.3455973916439967,0.5827367975534935,0,0,2.2359623769263335e-13
ATP6V1E1,3,-0.6468747605336854,0.08431569342959061,-7.672056460922903,1.6926041136809758e-14,-0.8121304829872035,-0.48161903808016737,0,0,2.2359623769263335e-13
RAB3C,4,-0.8390488909236082,0.10953970938124603,-7.659769189302407,1.8626753673561414e-14,-1.0537427761878346,-0.6243550056593817,0,0,2.445056146770024e-13
DMXL2,4,-0.5223124308643944,0.0681987768793588,-7.658677395173031,1.878576246923967e-14,-0.6559795773376206,-0.3886452843911682,0,0,2.450419582465602e-13
SGTB,3,-0.6432595622451351,0.08400112723183063,-7.657749168887154,1.892199892780593e-14,-0.8078987462802899,-0.4786203782099804,0.0064185268067638215,28.390881153733403,2.452764111016844e-13
AP3M2,3,-0.433522755986285,0.05667495710507469,-7.6492824720191495,2.0210384545302856e-14,-0.5446036307375838,-0.3224418812349862,0,0,2.603499226519138e-13
RBM38,3,0.5317658737309751,0.06981125801139274,7.6171936859266225,2.5925018305423504e-14,0.394938322313212,0.6685934251487381,0,0,3.3190424670029844e-13
ZIC2,3,0.8517081437974866,0.111941351653636,7.6085211694852894,2.7724984952348752e-14,0.6323071261756268,1.0711091614193464,0,0,3.5277066743049885e-13
TUBGCP5,4,-0.3950112950630017,0.051991617583447794,-7.597595793764237,3.016828906102004e-14,-0.49691299302453873,-0.29310959710146467,0,0,3.815184848326559e-13
ARPC5L,3,-0.47192711603384513,0.06223008528632764,-7.583584593568452,3.3613620498955084e-14,-0.5938958419499032,-0.34995839011778707,0,0,4.2251302372625966e-13
ITGAX,3,0.9001548007659018,0.11918549227662889,7.5525534490107855,4.268063950104812e-14,0.6665555284240324,1.133754073107771,0,0,5.332508814769507e-13
GHITM,3,-0.5261763199184902,0.0696959981617227,-7.549591566183612,4.366253282166062e-14,-0.6627779661820365,-0.3895746736549439,0,0,5.422520543240966e-13
HMBOX1,3,0.4231973959345087,0.05606711544708819,7.5480500924626615,4.4182300297098065e-14,0.3133078689411666,0.5330869229278509,0,0,5.454410167629845e-13
DPH6,3,-0.7238882103629055,0.09596680952355113,-7.5431101018863895,4.5889339758431025e-14,-0.9119797007402812,-0.5357967199855298,0,0,5.631626666212186e-13
EZR,3,0.5417969800073282,0.07187690821310817,7.5378448165988425,4.778019542434183e-14,0.40092082858954503,0.6826731314251114,0,0,5.829183841769703e-13
MKNK2,4,0.6285072130075866,0.08348848458898445,7.528070680666211,5.149551662962736e-14,0.4648727900893498,0.7921416359258234,0,0,6.245713537417961e-13
PWP1,3,-0.4349317509095611,0.05782749431488411,-7.521193094434576,5.427861439576346e-14,-0.5482715570829286,-0.3215919447361935,0,0,6.544991061442639e-13
IMMT,3,-0.3747808769420595,0.049869474587705305,-7.515236124714598,5.680830831410036e-14,-0.47252325106189735,-0.2770385028222217,0,0,6.810429563204864e-13
CMSS1,4,-0.5056254596673019,0.06748329585369099,-7.492601736043494,6.752155322298025e-14,-0.6378902890985974,-0.3733606302360064,0,0,8.048258700256382e-13
MRPL32,4,-0.40538270997982717,0.05418078439165153,-7.482038411431539,7.317854835912887e-14,-0.5115750960415941,-0.2991903239180603,0,0,8.608083725759995e-13
TRUB1,3,-0.5069913210387232,0.067763830145862,-7.481739446359832,7.334525335280958e-14,-0.6398059875791023,-0.37417665449834414,0,0,8.608083725759995e-13
NIPAL2,3,-0.7067485672625712,0.0944658055694186,-7.481527977265954,7.346339534520343e-14,-0.8918981439491949,-0.5215989905759475,0,0,8.608083725759995e-13
GABARAPL1,5,-0.5269454964154231,0.07044205813476853,-7.480552249158877,7.401093523917905e-14,-0.6650093933564462,-0.38888159947440004,0,0,8.62352133067738e-13
PHLPP1,3,0.4377260100797059,0.05853531590301725,7.4779815112801495,7.547281238870723e-14,0.32299889908611745,0.5524531210732944,0,0,8.744726977328424e-13
PDE1A,3,-0.816627924892931,0.1092595998497715,-7.474198386373084,7.767588361463492e-14,-1.030772805563741,-0.602483044222121,0,0,8.949987923152935e-13
GFAP,4,0.8272491440489974,0.11070366927640612,7.472644307602061,7.859909680856646e-14,0.6102739393108081,1.0442243487871867,0,0,9.006327446462257e-13
BEX3,3,-0.5869806617201287,0.07861658935156476,-7.466371494382892,8.243640215570853e-14,-0.7410663454365708,-0.4328949780036867,0,0,9.394126267634037e-13
PSMA1,4,-0.3668127397486041,0.04917022860650786,-7.46005764349965,8.64846353639088e-14,-0.4631846169289606,-0.2704408625682476,0,0,9.801592007909665e-13
MAP3K3,3,0.3279925367364736,0.043978991993621167,7.457936661759927,8.788789776072104e-14,0.24179529635260072,0.4141897771203465,0,0,9.906494562811708e-13
ZNF554,3,-0.484870623972575,0.06504240942336639,-7.454684232506091,9.00833175256243e-14,-0.6123514039100817,-0.3573898440350683,0,0,1.0099070299899719e-12
MTCH2,4,-0.4707773720994025,0.06316169366747988,-7.453526730582149,9.087757524521081e-14,-0.5945720168902147,-0.34698272730859037,0.006151925548184322,40.18758946035855,1.0133338228955227e-12
SCFD2,3,-0.4211720661040555,0.056603634933205936,-7.440724727326288,1.0013441284698368e-13,-0.5321131519671924,-0.3102309802409186,0,0,1.1105816697574556e-12
RGL2,4,0.4778855108876101,0.06429618176332011,7.432564388453868,1.0651222418022876e-13,0.3518673102880617,0.6039037114871586,0.004616451570496934,27.730801760941905,1.1750337922861406e-12
NUPR1,4,0.6884396808122335,0.0926517668596153,7.430399917309164,1.0826983062874382e-13,0.5068455546633858,0.8700338069610812,0,0,1.1881038556826173e-12
CCDC157,3,0.498108852612694,0.06705594898726694,7.428257449719762,1.1003763096963846e-13,0.36668160764849567,0.6295360975768923,0,0,1.2011476138475271e-12
JMJD6,3,0.7303294852155922,0.09835511290383933,7.4254348722025965,1.1240996969536743e-13,0.5375570062286963,0.923101964202488,0,0,1.2206192520847751e-12
SCG3,3,-0.6683816187093363,0.09011988735250558,-7.4165829357392505,1.2018063635768035e-13,-0.8450133522110539,-0.4917498852076187,0,0,1.298201248988693e-12
SOX13,4,0.533874823403191,0.07204525255591154,7.410270690478479,1.2604188245541613e-13,0.39266872313651213,0.6750809236698699,0,0,1.3544604363343683e-12
ALOX15B,3,1.2504777599643488,0.16891446448141992,7.403023558718961,1.3311812165079873e-13,0.9194114931128956,1.581544026815802,0,0,1.4231287850709101e-12
SMG5,4,0.31480131867630845,0.042534890645912385,7.401013941634782,1.3514854074933016e-13,0.23143446492397055,0.3981681724286463,0,0,1.4374260180210808e-12
TRAM1L1,3,-0.778958328602959,0.10536554420118859,-7.392913257445804,1.4364619288739867e-13,-0.9854710004487517,-0.5724456567571663,0,0,1.5200112451452287e-12
CLTC,3,-0.43591268393397703,0.05904663088948798,-7.3825157738437905,1.553261233791175e-13,-0.5516419538858037,-0.32018341398215033,0,0,1.6284900910390447e-12
ATXN10,3,-0.40666207834796625,0.05508539281398769,-7.382394089866663,1.5546819576939772e-13,-0.5146274643376236,-0.29869669235830887,0,0,1.6284900910390447e-12
FAM98A,3,-0.43176311592911054,0.05856569580949799,-7.3722869669908135,1.6772548654926603e-13,-0.546549770445255,-0.3169764614129661,0,0,1.7480535633325515e-12
HPRT1,4,-0.7788385932641633,0.10569949944501544,-7.368422720576011,1.7265857061595694e-13,-0.9860058053603049,-0.5716713811680216,0,0,1.7904693772874735e-12
ISYNA1,4,0.5721303212396627,0.07771179595837445,7.362206910597184,1.808942870543579e-13,0.41981799998732344,0.7244426424920019,0,0,1.8635787194834405e-12
ADAM33,4,0.8419531791290962,0.11436851660756672,7.361756575177891,1.8150573834891757e-13,0.6177950056129944,1.066111352645198,0,0,1.8635787194834405e-12
YWHAB,5,-0.5003523860680662,0.06803554466756688,-7.354279127371908,1.919602303369614e-13,-0.6336996032850634,-0.36700516885106904,0,0,1.9612094468909257e-12
CMAS,4,-0.4645012046921399,0.06320434050956333,-7.349197870704103,1.9939982196789776e-13,-0.58837943575749,-0.34062297362678984,0,0,2.0272315233402937e-12
SRRM2,3,0.4832173112099649,0.06575758909352188,7.34846453270546,2.0049664995818625e-13,0.35433480487647817,0.6120998175434517,0.0021167986371860444,16.238914624050448,2.0284392781135524e-12
GABRA4,3,-0.8110293462718404,0.11038263297553051,-7.347436135643081,2.0204477783829427e-13,-1.0273753314225835,-0.5946833611210973,0,0,2.0341789768768073e-12
ICA1,3,-0.7919017430361944,0.10788609155917325,-7.34016527609449,2.1333025245457138e-13,-1.0033545969249646,-0.5804488891474242,0,0,2.137424848264643e-12
NDUFS1,3,-0.38555898701302904,0.05263974935035093,-7.3244837175589375,2.398201773123058e-13,-0.48873099989493257,-0.2823869741311255,0.002316874538567138,27.288832834095786,2.3912838833928953e-12
ZFP36L1,4,0.4789956098261859,0.06546346298782589,7.316991615846288,2.5359168963483557e-13,0.3506895800667763,0.6073016395855955,0,0,2.516503178481574e-12
BGN,3,0.6029064481093328,0.082424270806472,7.314671300216007,2.580121763565215e-13,0.4413578458766715,0.7644550503419941,0,0,2.5481773988734554e-12
PJA2,3,-0.4680224639224992,0.06398978725407341,-7.3140181270520825,2.592701452095701e-13,-0.5934401423188632,-0.34260478552613516,0,0,2.5484657875101818e-12
PYROXD2,4,0.4889792377761024,0.06688289100575695,7.3109764010352585,2.652081132627675e-13,0.3578911802229009,0.6200672953293039,0,0,2.5896658244938832e-12
EBF4,4,0.4937471555510221,0.06753855871213241,7.310596568332261,2.659589299022166e-13,0.3613740129074987,0.6261202981945455,0,0,2.5896658244938832e-12
COL25A1,4,-0.8530639470218865,0.11672679410724668,-7.308210197549889,2.707240703273485e-13,-1.081844259502912,-0.6242836345408608,0,0,2.623746363826733e-12
TIMM8A,3,-0.3618162036829561,0.04958893496789746,-7.296309225378326,2.95768718652001e-13,-0.459008730251734,-0.26462367711417817,0,0,2.8531363836476745e-12
UBIAD1,3,0.35798273726981245,0.04908948023068275,7.292453201532575,3.0436130711526154e-13,0.26176912399788327,0.4541963505417416,0,0,2.922432180356724e-12
VDAC3,4,-0.4926094225219278,0.06761307499158925,-7.285712454036532,3.199747933808183e-13,-0.6251286143894486,-0.36009023065440704,0,0,3.0581922648470834e-12
CERS4,3,0.40532211209516267,0.05571757123354769,7.274583279953115,3.47491451847928e-13,0.2961176791713643,0.5145265450189611,0.0022716604505868764,23.15865511077849,3.305950785011939e-12
FEN1,3,-0.5907947117558792,0.08124705815636549,-7.27158281372914,3.5529944843778903e-13,-0.7500360195921867,-0.4315534039195716,0,0,3.3647993427396096e-12
GRIA4,3,-0.4447354528165035,0.061201217374281025,-7.266774614901656,3.681723269822408e-13,-0.5646876346801013,-0.3247832709529057,0,0,3.4708609370962157e-12
DHX34,3,0.45948660087655313,0.06330509497301788,7.25828783721748,3.920206649200236e-13,0.3354108946915505,0.5835623070615558,0,0,3.6789631630956065e-12
AMACR,4,-0.4922212094648548,0.06786074247396044,-7.253401473668376,4.0643306119520267e-13,-0.6252258206779648,-0.35921659825174485,0,0,3.797036796931758e-12
SLC20A1,3,-0.34515479996048154,0.04763855031600676,-7.24528344525438,4.315357657379528e-13,-0.438524642855554,-0.2517849570654091,0,0,3.999069901799018e-12
MAP10,3,-0.7353787963378754,0.10149925600159482,-7.245164401267342,4.3191497492911285e-13,-0.9343136825586121,-0.5364439101171387,0,0,3.999069901799018e-12
LCLAT1,4,-0.3872977178446258,0.05349699811509444,-7.239615894173843,4.499572412809287e-13,-0.49214990743121806,-0.28244552825803354,0,0,4.147605859629538e-12
STK10,3,0.47976616833501706,0.06642059028035437,7.223154240424155,5.079534421636764e-13,0.34958420355363135,0.6099481331164027,0,0,4.661484243572853e-12
PHF21A,3,0.37672098523607306,0.05219270208528461,7.217886221343712,5.280186446711238e-13,0.27442516889308666,0.47901680157905946,0,0,4.824276075100928e-12
OXCT1,4,-0.4884577760802731,0.06768376555443649,-7.216764198608568,5.323917524558226e-13,-0.6211155189050213,-0.3558000332555249,0,0,4.842896906111298e-12
MCM4,3,-0.5244007545826482,0.0726899083076594,-7.214216757065185,5.424529046644202e-13,-0.6668703569051795,-0.381931152260117,0,0,4.912870411676889e-12
PFN2,3,-0.6303223787079865,0.08741406168300894,-7.210766398130943,5.563783248078065e-13,-0.8016507913490467,-0.4589939660669262,0,0,5.0170810680495245e-12
ZSWIM8,3,0.3780506567027415,0.0524667989234821,7.205521671983322,5.782204614929974e-13,0.27521762042861175,0.4808836929768713,0,0,5.191468559032366e-12
TSFM,3,-0.4579548186755854,0.063579179158455415,-7.202905491029477,5.894282979629537e-13,-0.5825677199927777,-0.3333419173583932,0.0019693334815678214,13.25272596654409,5.269285732651578e-12
ABCC12,3,-1.0288860925108483,0.14286331572717612,-7.2018914531963985,5.938295994189457e-13,-1.308893046048088,-0.7488791389736085,0,0,5.2858480222956794e-12
MFSD6,4,-0.40555186559807643,0.05640297550532348,-7.190256577151666,6.466967784830444e-13,-0.5160996662094053,-0.2950040649867476,0,0,5.731833840059121e-12
GATB,3,-0.418390979815518,0.05824533184014494,-7.183253431601994,6.807174705268392e-13,-0.5325497324897861,-0.30423222714124987,0,0,6.007693761160274e-12
HSPB7,3,0.8787884982191716,0.12284037545513884,7.153905993555873,8.434283688521239e-13,0.6380257864797214,1.1195512099586218,0,0,7.412162868641122e-12
PPP1R7,3,-0.29571200388744445,0.041353895412791594,-7.150765385840163,8.629537221111101e-13,-0.37676414951695214,-0.2146598582579368,0,0,7.551755357208617e-12
MRPL15,3,-0.40749638086905293,0.05705978184787084,-7.141569204654407,9.227139877201016e-13,-0.5193314982565921,-0.2956612634815138,0,0,8.040793321560886e-12
PREPL,4,-0.6423041866449308,0.0899910481726498,-7.1374231069367715,9.509678582907048e-13,-0.8186833999943335,-0.4659249732955282,0,0,8.252331958556157e-12
JADE2,3,0.35749602374224887,0.05010184571676033,7.135386304194726,9.651570939925166e-13,0.2592982105784163,0.45569383690608145,0,0,8.340565887251999e-12
SMTN,3,0.8901638868718712,0.12477991558124567,7.133871526722384,9.758442024591835e-13,0.6455997463386813,1.134728027405061,0,0,8.397928945644592e-12
SDHAF4,3,-0.48010539873072655,0.06732287559415825,-7.131385795594065,9.936337955312703e-13,-0.6120558102309472,-0.3481549872305058,0,0,8.508959697755071e-12
TRIM47,3,0.5704383011643985,0.07999497064213312,7.130927064356597,9.969514014245334e-13,0.41365103976147866,0.7272255625673184,0,0,8.508959697755071e-12
TPM2,3,0.6361458639242117,0.08921975607382238,7.130100909465059,1.0029537049653045e-12,0.4612783553100711,0.8110133725383523,0,0,8.525106492205089e-12
APBA3,4,0.42178552147734283,0.05916200491625641,7.129331098132638,1.0085785647991935e-12,0.30583012258829867,0.537740920366387,0,0,8.537926299565417e-12
SBNO2,3,0.5191913424918724,0.07294765890952169,7.117313293574436,1.100511448899467e-12,0.3762165582726975,0.6621661267110472,0,0,9.278295711453231e-12
CISD1,3,-0.6239161970155309,0.08776733578605711,-7.108751694780821,1.1709719685714394e-12,-0.7959370141752362,-0.45189537985582556,0,0,9.832371914239535e-12
NLK,3,-0.5439494407393372,0.07653297725595509,-7.107386387441395,1.1826101410173006e-12,-0.6939513197906322,-0.3939475616880421,0.00860859064388442,47.24005882769817,9.890054163185007e-12
MDH1,3,-0.8874032919254118,0.1251124911057459,-7.092843281134677,1.3138421637795125e-12,-1.1326192685087615,-0.642187315342062,0,0,1.0943408223609274e-11
SLC4A11,3,0.6820094786868007,0.09616329907401334,7.092201341406592,1.3199528151862905e-12,0.49353287586718064,0.8704860815064208,0,0,1.0950328554785465e-11
CSRNP1,3,0.5958378497759341,0.08411973726131482,7.083211017706654,1.4085194301838813e-12,0.4309661943547851,0.7607095051970831,0,0,1.1638523100403863e-11
ACP1,3,-0.3668881674303596,0.05186590661943631,-7.073782978911071,1.507660109745964e-12,-0.46854347642997235,-0.2652328584307469,0,0,1.2408282014337815e-11
TMCC2,4,0.4871816495643062,0.06889269086925671,7.071601405276368,1.5315581995151938e-12,0.35215445666251166,0.6222088424661008,0.005656941171863793,29.714376085116974,1.2555145082191747e-11
SNCA,4,-0.6071626482164165,0.0861280286888869,-7.049536108734354,1.7951524707939854e-12,-0.7759704825060674,-0.4383548139267657,0,0,1.4642663335500692e-11
SYTL2,3,-0.6141405884410752,0.08712282329009856,-7.049135522113777,1.8003274592828723e-12,-0.7848981843211158,-0.44338299256103464,0,0,1.4642663335500692e-11
ATP6AP2,3,-0.5953111360392264,0.08450335152719216,-7.044822782533808,1.8569769627652773e-12,-0.7609346616054508,-0.42968761047300197,0.005582985764310727,23.43490479479507,1.5044414924903067e-11
CASC3,3,0.5433002398127389,0.07712703372383331,7.044225786747088,1.864955252455035e-12,0.39213403147961945,0.6944664481458583,0,0,1.5050261453664368e-11
CYP4X1,3,-0.7292057418504739,0.10370113045924696,-7.031801279514896,2.038840498475517e-12,-0.9324562227066875,-0.5259552609942604,0,0,1.6389748813326443e-11
CTDSP2,3,0.4857292548665271,0.06910399319597847,7.028960735872414,2.0807751690381006e-12,0.3502879170145084,0.6211705927185458,0,0,1.6662269114227877e-11
SCG2,4,-0.7751175441723156,0.11041359766778251,-7.02012759791167,2.2166571708737137e-12,-0.991524219004665,-0.5587108693399662,0,0,1.7682103739969548e-11
ZFP36L2,4,0.5738532449025728,0.08183527184399213,7.012297166881127,2.3443659401188903e-12,0.4134590594233035,0.7342474303818421,0.003915414290369987,13.771326664574309,1.8629176091212945e-11
PARD3,3,0.5137754846591293,0.07331909103255663,7.0073902638944645,2.42804314405077e-12,0.3700727068561046,0.6574782624621539,0,0,1.922046366702785e-11
MCF2,3,-0.7243020999754177,0.10338396587085355,-7.005942303279507,2.4532900561165333e-12,-0.9269309496612088,-0.5216732502896266,0,0,1.9346477476751674e-11
FBXO16,3,-0.7361406838954592,0.1051031985125492,-7.003979843749139,2.487919219700214e-12,-0.9421391676400194,-0.530142200150899,0,0,1.9545244172947893e-11
LILRA2,3,0.7893419608756166,0.11272604454633198,7.00230336345374,2.517881395005349e-12,0.5684029734451481,1.010280948306085,7.590637827346241e-5,0.17123880117588056,1.964441512559148e-11
LAMB2,4,0.5375366671688822,0.07676667092246094,7.002214121175416,2.5194862215078753e-12,0.3870767569478205,0.6879965773899438,0.0027172441644013833,10.683080377044286,1.964441512559148e-11
GSKIP,3,-0.5131612342689615,0.07329880196529089,-7.000949817869579,2.542330007848894e-12,-0.6568242462308653,-0.3694982223070577,0,0,1.9748286278197027e-11
TFCP2,3,-0.3100144163040168,0.04430935985778085,-6.9965898243410845,2.622676532375495e-12,-0.3968591658032921,-0.22316966680474154,0,0,2.0296384806517822e-11
DNM2,3,0.36934166380504957,0.05279653795885378,6.9955659610274195,2.641902502047266e-12,0.2658623508972943,0.4728209767128048,0,0,2.0369166502773343e-11
OPA1,3,-0.5486391725846025,0.0784359242196218,-6.994743518906009,2.6574462582594885e-12,-0.7023707591491741,-0.39490758602003084,0.009267789150171546,50.882995570979986,2.0413124220852513e-11
WSCD1,3,0.5884797338233956,0.0841773978532721,6.990947081176856,2.7303674301845887e-12,0.423495065718683,0.7534644019281082,0,0,2.089587472399571e-11
SLC4A1AP,3,-0.40478809562177115,0.057919629417504566,-6.988789460373091,2.772681343836774e-12,-0.5183084832779867,-0.29126770796555557,0,0,2.1141695246755402e-11
EBNA1BP2,3,-0.41971071733532095,0.0600774629751784,-6.986159144382122,2.8251359931821382e-12,-0.5374603810492091,-0.3019610536214327,0,0,2.146275476139104e-11
AHI1,3,-0.5399072189060892,0.0772889346469418,-6.9855694268837025,2.8370292177547473e-12,-0.691390747217565,-0.38842369059461335,0,0,2.1474447436581555e-11
RTKN2,3,-0.9532522737262263,0.13647677219982116,-6.984721710230157,2.8542117457508306e-12,-1.220741831964153,-0.6857627154882997,0,0,2.1525946038862627e-11
BBS7,3,-0.46816993652096883,0.06708830203833373,-6.978413856017108,2.9853117095828536e-12,-0.599660592300048,-0.3366792807418897,9.994635243247372e-4,6.9454614000658434,2.2433103208966804e-11
FBXW7,4,-0.5945627712183852,0.08520711392363699,-6.977853653759886,2.9972362398992484e-12,-0.761565645735315,-0.42755989670145533,0,0,2.2441400583216754e-11
ARHGAP9,3,0.5166401573814429,0.07405316804598731,6.976611143234376,3.023851395403715e-12,0.37149861507021537,0.6617816996926704,0,0,2.2559236669306852e-11
MYO1C,4,0.4806965519035235,0.06896088609435962,6.970568087622647,3.1566370163796674e-12,0.3455356988166096,0.6158574049904374,0,0,2.3465466566205844e-11
RWDD2A,4,-0.42397760647467314,0.06085791800917806,-6.966679445240512,3.2450891219626378e-12,-0.5432569339467537,-0.3046982790025926,0,0,2.403683871053754e-11
ZRANB3,4,-0.40290233843664064,0.057858750165961745,-6.9635506691893205,3.3180174501322735e-12,-0.5163034049524265,-0.28950127192085473,0,0,2.4489566518058134e-11
CLK2,3,0.40455802223568327,0.05824994367424799,6.945208814245366,3.779009314556985e-12,0.2903902305326705,0.5187258139386961,0,0,2.7793139426919105e-11
PLEKHM1,4,0.3788568832454161,0.05462445780843559,6.935663957966273,4.0431766101040384e-12,0.27179491326585464,0.4859188532249776,0.0036312100715765135,30.54543680606802,2.9630912683235956e-11
FBRS,3,0.36648972852983935,0.05285662799103655,6.9336569974155156,4.100983103370384e-12,0.262892641323176,0.4700868157365027,0,0,2.994872871968372e-11
TTC8,4,-0.5241032389661743,0.07571315990276845,-6.92222117844814,4.4461631919029535e-12,-0.6724983055313225,-0.375708172401026,0,0,3.2355587578970966e-11
PNRC1,3,0.35016884447816193,0.050593804040200786,6.921180391969045,4.478956932372407e-12,0.25100681071849135,0.4493308782378325,0,0,3.248026810398732e-11
AFG3L2,3,-0.3999244613297282,0.05779103244369482,-6.920181980125901,4.510638284673437e-12,-0.5131928035487558,-0.28665611911070055,0,0,3.2596041123389225e-11
LOXL3,4,0.5460876251916412,0.07892289741695199,6.9192546531413335,4.540260707749111e-12,0.3914015886988661,0.7007736616844163,0,0,3.269618301344325e-11
POLR2B,3,-0.5181974399447028,0.07501468824020688,-6.907946324929947,4.917199456344268e-12,-0.6652235272070086,-0.371171352682397,0,0,3.528813727494122e-11
PPP3CB,3,-0.6457860053093,0.09355740869178916,-6.902564044251642,5.107218392339876e-12,-0.8291551568321013,-0.46241685378649866,0,0,3.6525417054182423e-11
MAPKAPK2,3,0.4650362079154452,0.06742562239683511,6.897025068281365,5.3102814427335066e-12,0.33288441638245114,0.5971879994484393,0,0,3.77513415969285e-11
TLN1,3,0.49378804537392174,0.0715956739532266,6.896897788775801,5.31503941480382e-12,0.35346310297672523,0.6341129877711182,0,0,3.77513415969285e-11
PGPEP1,4,0.4562559962775547,0.06618697149580516,6.893441200984269,5.445863514106362e-12,0.3265319158999974,0.585980076655112,0,0,3.854853559131944e-11
GPR22,4,-0.8418047319367206,0.12214281333297858,-6.891971037557829,5.502457838109097e-12,-1.0812002470397573,-0.6024092168336839,0.010627774910489619,17.57574238341121,3.881665835455193e-11
INPP5D,3,0.5869175860311684,0.08522787349803725,6.8864511332045,5.72013968764135e-12,0.41987402349607966,0.7539611485662572,0,0,4.021549054972258e-11
MDH1B,4,-0.7435460017965605,0.1079898940160701,-6.885329489127126,5.765393415160747e-12,-0.9552023047623553,-0.5318896988307656,0.007486212635339078,15.081963574788025,4.039670926703848e-11
FBXL19-AS1,3,0.7656132007717971,0.11121981245733507,6.883784317344477,5.8283098611712876e-12,0.5476263739881211,0.983600027555473,0.0037527076400454685,9.60684848327093,4.07000493335665e-11
CDK2AP2,4,0.6043398865176449,0.08780890680837934,6.88244403083691,5.883428408436304e-12,0.4322375916513875,0.7764421813839024,0.01118765991359575,37.257412456933785,4.088694793698927e-11
G3BP2,4,-0.5185430054297877,0.07534578993150345,-6.8821762423778825,5.894502137492667e-12,-0.666218040082255,-0.37086797077732037,0,0,4.088694793698927e-11
RAPGEF1,4,0.3573487395282403,0.05193417716765,6.880801025780653,5.9516934352427364e-12,0.25555962271292393,0.4591378563435567,0,0,4.114604061564478e-11
HMGCR,4,-0.5416680326080717,0.07876644463197346,-6.876888186828149,6.117408682514024e-12,-0.696047427277008,-0.3872886379391355,0,0,4.2151181420379024e-11
COLGALT1,3,0.414188135519374,0.06031450671787998,6.867139566551237,6.5501980674609214e-12,0.2959738746070301,0.5324023964317179,0.002943626359521848,26.487823046166422,4.498381056925149e-11
RPS6KA6,3,-0.6930942189638639,0.10096442528962948,-6.86473693061327,6.66138949483997e-12,-0.8909808562513227,-0.4952075816764051,0.012013406994363115,38.95477735698069,4.55964416247462e-11
TBC1D14,3,0.327460817893928,0.04770587266517217,6.864161571725987,6.68828979264608e-12,0.23395902561913673,0.4209626101687193,6.267301873321176e-4,8.316481727004811,4.562997707219727e-11
PCDHA9,3,-0.5107756338429353,0.07446948439565458,-6.858858201960909,6.94130946044103e-12,-0.6567331412056858,-0.36481812648018486,0,0,4.7200904330999e-11
TMEM169,3,-0.5110644618129551,0.07465454611530653,-6.8457245861973135,7.608974342578412e-12,-0.6573846834811404,-0.3647442401447697,0,0,5.157193721080924e-11
UQCRC2,3,-0.3904202673683788,0.057061784877661115,-6.842061954518757,7.806131223912973e-12,-0.5022593106221669,-0.27858122411459074,0,0,5.273588325210263e-11
NEK10,3,-0.794004273506427,0.11619704075593834,-6.833257270072506,8.300789396510448e-12,-1.021746288498199,-0.5662622585146551,0,0,5.589557535182685e-11
ERLEC1,4,-0.4510873475219538,0.0660302028062385,-6.8315305474017904,8.401339623950965e-12,-0.5805041669140568,-0.32167052812985075,0.005036631855276131,28.622082601393657,5.6389574045547904e-11
POU3F4,3,0.9134260056221116,0.13380939277727827,6.826322029145457,8.711925250127058e-12,0.6511644149854723,1.175687596258751,0,0,5.82855902218178e-11
CACNA2D1,4,-0.5355895190567601,0.07847663021325134,-6.824828201737974,8.803059867945532e-12,-0.6894008879028006,-0.38177815021071965,0,0,5.870593622546314e-11
FAXC,3,-0.7667823567895887,0.11237678104224884,-6.823316611118373,8.896228815397552e-12,-0.98703680033094,-0.5465279132482375,0,0,5.913711077927732e-11
NLGN1,3,-0.5457591451063826,0.0800373706511869,-6.818804024495891,9.180152924628838e-12,-0.702629508999992,-0.38888878121277315,0,0,6.082951171143837e-11
RND2,4,0.5677597986734216,0.08338838339946149,6.808619804435352,9.853951025977447e-12,0.40432157048145945,0.7311980268653838,0.008908296920004825,31.832567006966983,6.508628798687014e-11
SIRT2,3,0.3739185358258881,0.05494266579516101,6.805613277301524,1.0061966958330896e-11,0.26623288965275177,0.4816041819990244,0,0,6.624926816374057e-11
THOC7,3,-0.3531072995199612,0.05189170534644937,-6.804696379941234,1.012625704760867e-11,-0.45481317309536656,-0.2514014259445559,0,0,6.646157315424171e-11
SCYL3,3,-0.4787838423007951,0.07040286253183407,-6.800630330681559,1.0416238922186467e-11,-0.6167709172717143,-0.34079676732987596,0,0,6.814914676534616e-11
NECAP1,4,-0.6004822125507493,0.08831170246457881,-6.799576905355192,1.049268413543103e-11,-0.7735699687947408,-0.4273944563067577,0,0,6.836865011694245e-11
STAT4,3,-1.0518699015540829,0.15470571491501847,-6.799166418201722,1.052262103856591e-11,-1.35508753099004,-0.7486522721181257,0,0,6.836865011694245e-11
PCSK1,3,-1.3912464594238916,0.2046308780553902,-6.7988099970294025,1.0548682756712432e-11,-1.792315610537264,-0.9901773083105192,0,0,6.836865011694245e-11
PHF2,3,0.3494984535617998,0.05142805605069861,6.795871366735281,1.0765980704239052e-11,0.24870131590752334,0.4502955912160763,0,0,6.955963856882179e-11
TWNK,3,0.4639947385707343,0.0683271913345923,6.790777280725511,1.11530993240021e-11,0.33007590439015616,0.5979135727513125,0,0,7.183704347198869e-11
UHRF1,3,0.7408775635299326,0.10914935847220983,6.787740889183193,1.1390297847558508e-11,0.5269487519887496,0.9548063750711157,0,0,7.313770196853358e-11
CLDN15,3,0.8606854038369364,0.1268156521759993,6.7869020035669285,1.1456696978045799e-11,0.6121312928960192,1.1092395147778535,0,0,7.333700472983637e-11
ZFHX3,5,0.4445989642335984,0.06554353360434269,6.783262051714295,1.1749223699955643e-11,0.316135998949596,0.5730619295176008,0,0,7.497812293448616e-11
SLC41A1,3,0.39582355288509297,0.05838041585406862,6.78007422685235,1.2011415490425388e-11,0.2814000404086473,0.5102470653615386,0,0,7.641618321209281e-11
PDHX,3,-0.31142616551636015,0.04598832630762871,-6.771852566086965,1.2714367420764889e-11,-0.4015616287885883,-0.221290702244132,0,0,8.057202216754e-11
LAMB1,3,-0.8772282360344288,0.129546444579752,-6.771534632850424,1.2742344875097935e-11,-1.131134601735957,-0.6233218703329008,0,0,8.057202216754e-11
RGS4,4,-1.192690383497791,0.17619727708445132,-6.769062514661534,1.2961953095210173e-11,-1.5380307007573402,-0.847350066238242,0,0,8.171152194366535e-11
PLEKHB2,3,-0.37952674759044547,0.05609616633213683,-6.765645005816006,1.327165956678951e-11,-0.489473213272202,-0.26958028190868893,0,0,8.341036951976195e-11
FECH,3,-0.4105013191714397,0.06069397881341929,-6.763460349722185,1.347342597254576e-11,-0.5294593317241786,-0.29154330661870087,0,0,8.442261470410848e-11
PRX,4,0.7713616917615478,0.11430249075404121,6.74842417407493,1.4945947234042476e-11,0.5473329265404046,0.995390456982691,0,0,9.336715229940993e-11
BEX2,3,-0.6556794660013465,0.09722170887891875,-6.744167260194312,1.53907161589696e-11,-0.8462305139194652,-0.4651284180832278,0,0,9.58568928339428e-11
EMB,3,-0.8009640663072827,0.11880448355876191,-6.741867329536579,1.56363832715074e-11,-1.033816575284337,-0.5681115573302283,0,0,9.709538594343217e-11
MAPK10,3,-0.41740405600036484,0.06197013240216918,-6.735568245869267,1.6329049774220213e-11,-0.538863283625795,-0.29594482837493463,0,0,1.0109387830367977e-10
ATL1,3,-0.5586069834441113,0.08295378547154462,-6.733954095870989,1.6511328880920877e-11,-0.7211934153496007,-0.39602055153862187,0,0,1.0191814315187469e-10
FYCO1,3,0.5226029278523527,0.07762004878530006,6.732834313179729,1.6638950267574234e-11,0.37047042775492267,0.6747354279497828,0,0,1.0240113606809781e-10
COL6A2,3,0.769398290342571,0.11428653766404498,6.732186538053003,1.6713217553172167e-11,0.5454007926032625,0.9933957880818796,0,0,1.0255388522271915e-10
ZBTB47,3,0.532432854339304,0.07912013016230703,6.729423387538308,1.7033674409392972e-11,0.37736024876906105,0.6875054599095469,0,0,1.0421191954301186e-10
RMND1,4,-0.39924183283120024,0.05936237567115773,-6.725502952287993,1.7498694419159135e-11,-0.5155899511834061,-0.28289371447899436,0.0037340133890289297,26.148030244748895,1.0674203595687072e-10
ATP2B1-AS1,3,-0.7157158233986171,0.106509824285042,-6.719716497543134,1.820784682241147e-11,-0.924471242996989,-0.5069604038002451,0.0026780603985068424,7.225015334753381,1.1061321977247099e-10
CDKN2C,4,0.5406052193659375,0.08045581085876703,6.719281225254464,1.8262314864441327e-11,0.38291472773578755,0.6982957109960874,0,0,1.1061321977247099e-10
SUCLA2,4,-0.4320448027800914,0.06430162411522064,-6.7190340636796355,1.829331455253498e-11,-0.5580736701933561,-0.3060159353668267,0.001482310928351629,8.128067226863637,1.1061321977247099e-10
ZNF768,4,0.4777007616059234,0.07112616375470568,6.716245280054471,1.8646681916285563e-11,0.3382960422882021,0.6171054809236447,0.006755161165914779,33.63825272530632,1.1242214620458214e-10
KLHL36,4,0.2871653664441292,0.04276323608622053,6.715239367412179,1.877577443859136e-11,0.20335096385275342,0.370979769035505,0,0,1.126192591867602e-10
MDGA1,4,0.7118345206562355,0.10600434678218103,6.71514463570934,1.8787976701359225e-11,0.5040698187584663,0.9195992225540047,0.01996396197626915,47.48725356435561,1.126192591867602e-10
CACFD1,4,0.5341243897860939,0.0796179908345408,6.708589154128389,1.9651509267390754e-11,0.37807599522895385,0.6901727843432339,0.0026049941698331816,9.356209821052529,1.174559948719551e-10
ARMCX5,3,-0.5672621768621324,0.08465924629747765,-6.700534220076485,2.076589620345702e-11,-0.7331912505634945,-0.4013331031607703,0.0032283060027488058,12.778686027052146,1.2375996760336168e-10
COPS4,3,-0.4515366713638376,0.06742879203904396,-6.69649652187718,2.1347552811491473e-11,-0.583694675281405,-0.31937866744627036,0,0,1.2686196140697224e-10
ABRACL,3,-0.6323175565593301,0.09445639526074366,-6.694279988282837,2.167360952163908e-11,-0.8174486893798675,-0.4471864237387927,0,0,1.2801958902014924e-10
COBL,3,0.5038246136050202,0.07526467557996666,6.694038202153948,2.1709470335572818e-11,0.35630856016019424,0.6513406670498461,0.0023659670029358066,13.537669704619653,1.2801958902014924e-10
FLT3LG,4,0.6209506518449676,0.09276342830648134,6.693916591713354,2.1727529091172872e-11,0.43913767328180076,0.8027636304081344,0.010372786612467336,30.106596269932645,1.2801958902014924e-10
EMC1,3,-0.27694689626575547,0.04141376317900732,-6.687315399681914,2.2730165546972314e-11,-0.3581163805608808,-0.19577741197063012,0,0,1.3354777151393931e-10
FRRS1L,3,-0.5984471700648688,0.08954789233722016,-6.6829844281675745,2.3412446214628133e-11,-0.7739578139372906,-0.42293652619244704,0,0,1.3716783460208686e-10
RPH3A,4,-1.037486211588476,0.1553217086704486,-6.679595662894401,2.3960239465783903e-11,-1.3419111665997778,-0.7330612565771741,0.022265813258154885,22.5949279434785,1.3998179338601638e-10
OTOGL,3,-0.7836503435068153,0.11733492497671678,-6.678747556725485,2.4099286871296844e-11,-1.0136225705898894,-0.5536781164237412,0,0,1.4039865441311702e-10
RAPGEF3,4,0.5133596046364387,0.07687781511395274,6.677603985954953,2.4288027161550124e-11,0.3626818558029623,0.6640373534699151,0,0,1.4110187208138643e-10
DHX57,3,-0.39148899346303284,0.05870980236743048,-6.668204927908479,2.5895104531875483e-11,-0.506558091642661,-0.2764198952834047,0,0,1.5001800781874232e-10
HTR3B,3,-0.9615090044096977,0.14422722703334406,-6.666626157815578,2.617506975359977e-11,-1.2441891749851337,-0.6788288338342616,0.011069267681359013,16.190702513962442,1.51217533896841e-10
HIPK1,3,0.34262423101782985,0.05141872181483351,6.663414004176745,2.6753862069523805e-11,0.24184538812967218,0.44340307390598754,9.41926126577296e-4,11.426092218566621,1.5413197203386769e-10
NDUFB6,3,-0.3608826501226486,0.054235939777220486,-6.653939280945623,2.8535043387729665e-11,-0.46718313875368406,-0.2545821614916131,0,0,1.6393817170679036e-10
ZPR1,3,-0.4003357369294322,0.06018113664760176,-6.652179723251965,2.8878375227416162e-11,-0.5182885973074152,-0.2823828765514492,0,0,1.6543532972489237e-10
PIDD1,4,0.6116116046332939,0.09195250053602372,6.651386325200436,2.9034505692147353e-11,0.4313880152942874,0.7918351939723004,0.007992590239548819,22.992193816816176,1.6543532972489237e-10
SLC27A2,3,-0.940894779756195,0.1414584934947614,-6.651384137574171,2.9034937328766068e-11,-1.2181483323132207,-0.6636412271991692,0,0,1.6543532972489237e-10
ITPKB,4,0.5553377592162736,0.08356623236833137,6.64548039893117,3.022296822674097e-11,0.39155095345063884,0.7191245649819084,0,0,1.7173270165002953e-10
PRPF19,3,-0.5000228585566153,0.07525278468086656,-6.644576153256279,3.040908543874316e-11,-0.6475156062674613,-0.35253011084576935,0,0,1.7231815081954458e-10
CMTM3,3,0.6199936907597493,0.09331667813074895,6.643975151912893,3.053340717215636e-11,0.4370963624665649,0.8028910190529337,0,0,1.7255118930531962e-10
OPN3,4,-0.6883535460743788,0.10381511390758327,-6.630571601425536,3.3438941879262895e-11,-0.8918274303841653,-0.48487966176459235,0,0,1.88457514830411e-10
SPR,3,0.5607465185373629,0.08459584059211864,6.628535334745581,3.390339733807213e-11,0.3949417177349188,0.726551319339807,0,0,1.9055730644759241e-10
VDAC1,3,-0.5139539916112501,0.07761193267289243,-6.622100157940779,3.541309618732541e-11,-0.6660705844206667,-0.36183739880183347,0,0,1.985047607905754e-10
ZDHHC23,3,-0.6856019058632215,0.10357306934860132,-6.619499742309028,3.604164716394659e-11,-0.8886013915547494,-0.4826024201716935,0,0,2.014834938491246e-10
SERPINI1,4,-0.7576301223018119,0.11449733488726213,-6.617010981502754,3.665342775701354e-11,-0.9820407750066671,-0.5332194695969568,0,0,2.039954384023306e-10
FBXW4,4,0.49356980828934877,0.07459394029726975,6.616754743379794,3.671698953875218e-11,0.34736837184176905,0.6397712447369285,0,0,2.039954384023306e-10
SGIP1,4,-0.37639537111080207,0.056887582876172856,-6.616476778950188,3.678606266271535e-11,-0.48789298471563836,-0.2648977575059658,0,0,2.039954384023306e-10
USP21,3,0.32870659663579954,0.04970013694836202,6.613796597327743,3.745863550552e-11,0.23129611819030155,0.42611707508129754,0,0,2.0717122676919594e-10
SIGLEC8,3,0.9204814117522404,0.13928109716695253,6.608803566853612,3.874383955087275e-11,0.6474954775777897,1.1934673459266911,0,0,2.1370937028859064e-10
SKP1,4,-0.43879921891301876,0.06645018411580947,-6.603431198148058,4.017487924471007e-11,-0.5690391865460609,-0.30855925127997663,0.00774165450094562,48.25399999195006,2.210151181791212e-10
TCEAL5,3,-0.6210590353254534,0.09408772146225486,-6.6008510533928,4.088041211252974e-11,-0.8054675807789091,-0.4366504898719976,0,0,2.2430152042694887e-10
FLNA,3,0.49720114838036705,0.07535007558717348,6.598548767282239,4.15201907893789e-11,0.34951771399713627,0.6448845827635978,0,0,2.2721075381839533e-10
ABL1,3,0.38797645355594956,0.05882532172496315,6.595398753107161,4.241143894229617e-11,0.27268094159604017,0.503271965515859,0,0,2.3147716938505855e-10
GARNL3,3,-0.4413473871701249,0.06700587700458276,-6.586696673486411,4.497197196768406e-11,-0.5726764928516277,-0.3100182814886221,0,0,2.4480805737789174e-10
DAXX,3,0.29420213557312663,0.0446743019687248,6.585489254629857,4.5338988530216814e-11,0.2066421126799592,0.3817621584662941,0,0,2.4615984872164836e-10
NDFIP2,3,-0.60536736787203,0.09203634027208916,-6.57748196073821,4.784818856338612e-11,-0.7857552800741981,-0.42497945566986195,0.003175517096024007,12.067040869403957,2.5910481222052953e-10
THYN1,3,-0.345510339159284,0.05255060513339856,-6.5748118082030365,4.871474218499903e-11,-0.4485076325865308,-0.24251304573203714,0,0,2.6311035232210416e-10
CGNL1,4,0.5156605556518048,0.07864937009511588,6.556448640697089,5.510428548832653e-11,0.3615106228586161,0.6698104884449935,0,0,2.968475015656863e-10
PAFAH1B1,3,-0.3471255803458264,0.052947583771402386,-6.556023063196191,5.5261688205731196e-11,-0.45090093760619254,-0.24335022308546028,0.0020265956901623595,23.364095975009395,2.9692420035929147e-10
GPATCH2,3,-0.43577189831681745,0.06656937423169469,-6.546131811305804,5.904647015796703e-11,-0.5662454742843077,-0.30529832234932713,0.0031591924452800666,21.058975538564574,3.1644025609205066e-10
KIAA1614,3,0.5037669023323837,0.076965537800144,6.545356749672985,5.935352734012887e-11,0.35291722019334537,0.6546165844714221,0,0,3.17266019854194e-10
TNS3,4,0.6739940218251846,0.10302558693569444,6.542006135290178,6.069901209816971e-11,0.4720675819451232,0.8759204617052461,0.012163095028372336,28.529828876372587,3.2362403879589714e-10
NDUFB5,3,-0.6290994122440389,0.09617506609876403,-6.541190328873854,6.103109977476292e-11,-0.8175990780083755,-0.44059974647970224,0.018513368259563415,68.11823623917543,3.2456025880220074e-10
C5ORF22,4,-0.6193978659101944,0.094744223426653,-6.537579216000501,6.252253154018642e-11,-0.8050931315696503,-0.4337026002507385,0.018778163462260286,55.05129196767491,3.3121369911934984e-10
NRIP3,4,-0.6543180744324882,0.10008857773496388,-6.5373900722731095,6.260162490587519e-11,-0.850488082056855,-0.4581480668081215,0,0,3.3121369911934984e-10
PER1,3,0.48032508081381786,0.07353841562081742,6.531621286083928,6.50615029231547e-11,0.336192434716878,0.6244577269107577,0.005944024827621081,36.29206763217239,3.433525625003126e-10
SAMD1,4,0.4187308302269463,0.06414995341461951,6.527375437368895,6.693212878777573e-11,0.29299923192436983,0.5444624285295228,0,0,3.5232800788286006e-10
TAF9,3,-0.5176915247711212,0.0793254770328249,-6.526169701531078,6.747287076634396e-11,-0.6731666028119172,-0.3622164467303252,0,0,3.542752758718921e-10
STMN1,4,-0.5796573748079963,0.08892670686948301,-6.518372210260239,7.10744504741558e-11,-0.7539505175359336,-0.405364232080059,0,0,3.7224346031161394e-10
MCM7,3,0.7319763227859425,0.11245931957452934,6.508809812786082,7.574855153938696e-11,0.5115601066939847,0.9523925388779003,0,0,3.957241710143288e-10
SLC8A1,4,-0.607789532977073,0.09340853712653267,-6.506787834111478,7.677472350357262e-11,-0.7908669015936496,-0.4247121643604965,0,0,4.000773280060543e-10
SGPL1,3,0.3244061260875817,0.049882877284127915,6.503356336880822,7.854743450266402e-11,0.22663748316545979,0.4221747690097036,0,0,4.0828917082337136e-10
NCALD,4,-0.7806865845731779,0.1200981704290533,-6.500403642987718,8.010478458836263e-11,-1.0160746732232757,-0.5452984959230801,0,0,4.153433080906602e-10
SNX4,4,-0.3704662345008826,0.0571241650011116,-6.485280519963374,8.856684259506203e-11,-0.4824275405499848,-0.2585049284517804,0.004060836130854678,31.174395253465413,4.580738941200964e-10
PXN,3,0.4301095892455062,0.06646253972978626,6.471458824688061,9.706120967599944e-11,0.29984540505406265,0.5603737734369497,0,0,5.007585792736887e-10
CACNB4,3,-0.5797953634160095,0.08960828051193832,-6.4703324302575425,9.778754266710429e-11,-0.755424365935971,-0.40416636089604796,0,0,5.03254003701177e-10
STXBP5L,3,-0.8288622373018378,0.12816999382195218,-6.466897692553959,1.0003532638711951e-10,-1.0800708090915854,-0.5776536655120903,0,0,5.131242800686631e-10
NPNT,3,0.6484144451312229,0.10027351185189762,6.46645792249623,1.0032674648874062e-10,0.4518819732981534,0.8449469169642925,0,0,5.131242800686631e-10
ROBO2,3,-0.8542792765394188,0.13211302779491912,-6.466275815474673,1.0044766524005653e-10,-1.1132160529059993,-0.5953425001728383,0,0,5.131242800686631e-10
DDX24,3,-0.4982383499506597,0.07708628042800028,-6.463385536107448,1.0238598988420951e-10,-0.649324683291695,-0.3471520166096243,0,0,5.217408919406646e-10
SERPINB8,3,-0.7897517319615285,0.12219691920996519,-6.462943068184358,1.0268593406408493e-10,-1.0292532926348108,-0.550250171288246,0,0,5.219868314924316e-10
RGS3,3,0.4605032934801898,0.07129188005348529,6.4594073425291425,1.0511382207273754e-10,0.3207737761852092,0.6002328107751704,0,0,5.330221686524638e-10
PPARA,3,0.49696383744845146,0.0769568334099238,6.457696028126419,1.0630900141110249e-10,0.34613121560075205,0.6477964592961509,0,0,5.377679729917721e-10
PPME1,3,-0.47974210542369444,0.07431469171026489,-6.455548618758906,1.0782755539938411e-10,-0.6253962246980109,-0.33408798614937796,0,0,5.441225058353349e-10
C2ORF80,3,-0.7778556898982714,0.12052070870335474,-6.454124758035209,1.0884611715049047e-10,-1.0140719383480896,-0.5416394414484531,0,0,5.479292402187312e-10
GABRA2,3,-0.515957279544744,0.0800289742152372,-6.447130987298195,1.1398726890373235e-10,-0.6728111867262936,-0.35910337236319445,0,0,5.710811315443056e-10
GPRASP1,3,-0.6375788186602153,0.0988935948476052,-6.447119448359854,1.1399594429090768e-10,-0.8314067028632173,-0.44375093445721325,0,0,5.710811315443056e-10
CARTPT,3,-1.342888563599756,0.2083532377533134,-6.4452493183221495,1.1541053722300789e-10,-1.7512534056585614,-0.9345237215409508,0,0,5.76774588434984e-10
PPCS,3,-0.3590134446511418,0.05571258481890964,-6.444027786865268,1.1634376995133093e-10,-0.4682081043818377,-0.24981878492044596,0,0,5.800408146131259e-10
UBE2N,4,-0.5724195454337199,0.08893846354449375,-6.436130360486296,1.2255778577889676e-10,-0.7467357308212561,-0.3981033600461836,0.013660102137240013,44.71539733979365,6.095559897012755e-10
FAM81A,3,-0.719597585669245,0.1118201492704228,-6.435312332923021,1.2321968745342804e-10,-0.9387610509851665,-0.5004341203533236,0,0,6.113818942067219e-10
ZWILCH,3,-0.7703091815577265,0.11970913235572919,-6.434840570631369,1.2360299805407686e-10,-1.0049347695954942,-0.5356835935199589,0.021240991503321448,49.9919037054444,6.118200906065761e-10
B3GALNT1,3,-0.49725723253093174,0.07737622151733078,-6.42648636467155,1.3058712945483702e-10,-0.6489118399646933,-0.3456026250971702,0,0,6.448516821174571e-10
DOK3,4,0.47255411140935744,0.07357843218313381,6.422454208227609,1.3409459555021288e-10,0.32834303429149236,0.6167651885272225,0,0,6.605990289100749e-10
ACIN1,3,0.2740821810298353,0.04268943358523574,6.42037520789752,1.3593886912112577e-10,0.19041242868235864,0.3577519333773119,0,0,6.680976648275234e-10
SLC12A7,4,0.6930837140184405,0.10796753310486745,6.4193715840970205,1.3683802956795227e-10,0.48147123763326427,0.9046961904036167,8.134948681152555e-4,1.543759134755379,6.694897251144313e-10
SASH1,3,0.5141189717850845,0.08009198165504075,6.419106646648034,1.3707635877678798e-10,0.35714157229076193,0.671096371279407,0,0,6.694897251144313e-10
NUP188,3,0.3166384286908854,0.04932846550643464,6.41897990217396,1.3719051744148183e-10,0.21995641288564716,0.4133204444961236,0,0,6.694897251144313e-10
MRTO4,3,-0.3987299900222837,0.06214120781213181,-6.416514967455135,1.3942924782838955e-10,-0.5205245192898811,-0.27693546075468634,0,0,6.7881751172788715e-10
PLCB1,4,-0.5862651904735982,0.09150564718734584,-6.406874422441894,1.4853305792008523e-10,-0.7656129633428249,-0.4069174176043714,0,0,7.214462813261282e-10
OLFM3,3,-1.131124050079881,0.17673863487779803,-6.39998181983227,1.5539545335929182e-10,-1.4775254091171397,-0.7847226910426222,0,0,7.530144165120823e-10
NCR3LG1,3,-0.6006928929498102,0.09389683427116832,-6.397371089370765,1.5807483408442036e-10,-0.7847273063836264,-0.41665847951599405,0,0,7.637487579911605e-10
ATOH8,4,0.6544364723914355,0.1023019235120185,6.397108186480501,1.5834713883133993e-10,0.45392838675870795,0.8549445580241631,0,0,7.637487579911605e-10
MAPK7,3,0.34822468085844765,0.054455528522064964,6.394661668141733,1.6090322784902748e-10,0.24149380619610666,0.45495555552078865,0,0,7.742767855194501e-10
FAM107A,4,0.6191772308292821,0.09686587407076197,6.392109055630509,1.6361313525369262e-10,0.42932360631959643,0.8090308553389678,0.007681888284851308,19.878418815820996,7.85494542861478e-10
DNM1L,4,-0.5584930620906386,0.08740597857792302,-6.389643719768417,1.6627269905148013e-10,-0.7298056321368472,-0.38718049204443006,0.014121200342113165,47.23672179372844,7.95674434867806e-10
THAP9-AS1,3,-0.4814695748535784,0.07535742018100546,-6.389146200826781,1.6681451401379507e-10,-0.6291674043762009,-0.3337717453309559,4.035871326674807e-4,1.772091226847238,7.95674434867806e-10
NHLRC1,3,-0.6417454362130046,0.1004440743977579,-6.389082084341747,1.6688446440091398e-10,-0.8386122044930718,-0.4448786679329374,0,0,7.95674434867806e-10
HGSNAT,3,-0.43383684158817654,0.067923771698191,-6.387113535388831,1.69046133808185e-10,-0.5669649878107519,-0.3007086953656012,0,0,8.04132297060036e-10
DPP10,3,-0.42503894133127545,0.06656393678087205,-6.385423727723621,1.7092351986760616e-10,-0.5555018600909857,-0.29457602257156523,0,0,8.112022430329867e-10
SERTM1,3,-1.0018280874952794,0.15693314521277496,-6.383789008605983,1.727590818089061e-10,-1.3094114000929127,-0.6942447748976461,0,0,8.180418622640897e-10
AGAP1,4,0.28519758784315424,0.04467909335755043,6.383244744042193,1.7337447818790354e-10,0.19762817400045266,0.37276700168585586,0,0,8.190858035574304e-10
BCAM,4,0.5643814649062671,0.08844229854541809,6.381352296225525,1.7553097346200053e-10,0.3910377450473084,0.73772518476522575,0,0,8.273891794549753e-10
CD200,4,-0.6267221320175673,0.09838728677550455,-6.369950351894469,1.8908940000435653e-10,-0.8195576706341702,-0.43388659340096447,0,0,8.892775864150463e-10
VIM,3,0.7616466680816928,0.11957801340309833,6.369454102855652,1.8970217606537988e-10,0.5272780684687722,0.9960152676946133,0,0,8.901409799990902e-10
ZNF184,4,-0.4560219264378158,0.07161106025775635,-6.36803762989144,1.9146195076651224e-10,-0.5963770254377458,-0.31566682743788577,0,0,8.96370397042317e-10
BEX1,3,-0.8464829093230753,0.13300856786228712,-6.364123175880647,1.9640847785109106e-10,-1.1071749119684098,-0.5857909066777409,0,0,9.17457619511628e-10
SLC17A6,3,-1.1437579091573413,0.17973472240524987,-6.363589037506608,1.9709305244414534e-10,-1.4960314918429354,-0.7914843264717473,0,0,9.185864961104661e-10
CDK14,4,-0.5240848603750978,0.08237530207172998,-6.3621601037497895,1.9893591478780588e-10,-0.6855374856512962,-0.3626322350988994,0,0,9.250966082284965e-10
MICAL3,3,0.3198761603226371,0.05035698584042879,6.352170507906503,2.122978115679112e-10,0.2211782817054032,0.418574038939871,0,0,9.850238505410466e-10
PHACTR4,3,0.3637330636592575,0.057324441751456505,6.345165387502718,2.2218662203387187e-10,0.2513792223925386,0.4760869049259764,0,0,1.0286050314693085e-9
RXRA,4,0.5674899397263056,0.0894592582600577,6.3435573999128705,2.2451926377304338e-10,0.39215301545292514,0.742826863999686,0.01219149519449125,38.695255630842645,1.0370889823280444e-9
NFATC3,3,0.4347158696152733,0.06859639400914798,6.3372991524496145,2.3382772020619605e-10,0.30026940788802414,0.5691623313425225,0,0,1.077685981572557e-9
NOTCH2,3,0.5856124121653499,0.09242353423991641,6.336182845434104,2.355272628861584e-10,0.4044656137312092,0.7667592105994905,0,0,1.0831120692370122e-9
TSPYL5,3,-0.4559847808935166,0.07202615821972777,-6.33082191476129,2.438586729304058e-10,-0.5971534569489666,-0.31481610483806655,0,0,1.1179620315257378e-9
TMX4,3,-0.4899489682532907,0.0773972148990106,-6.330317814311352,2.4465674032383807e-10,-0.6416447219590583,-0.3382532145475231,0.006712597555571449,37.10337380823628,1.1179620315257378e-9
DUSP1,3,0.6697548384119233,0.10580183408662383,6.330276258382917,2.4472264335230715e-10,0.4623870541038584,0.8771226227199882,0,0,1.1179620315257378e-9
INPP5F,3,-0.5958910238923281,0.09423624510838614,-6.323374018213077,2.559128592094372e-10,-0.7805906703430537,-0.4111913774416024,0,0,1.1665126813195004e-9
PCOLCE,3,0.606809950661545,0.0960183295313504,6.319730343396767,2.6202011652121594e-10,0.41861748292439954,0.7950024183986903,0.008017907583056106,28.241871736340045,1.1917318457565828e-9
DOK1,3,0.4972490461663682,0.07869507424600584,6.318680691652133,2.638057183592884e-10,0.34300953488349123,0.6514885574492453,0.005449307416860501,28.834879447325125,1.1972277021382146e-9
TMEM120A,3,0.4360215484671279,0.069058869739474,6.313766068168044,2.723254929172339e-10,0.30066865096471584,0.5713744459695399,0.0059487055058438125,40.76123139679265,1.23319448102695e-9
MLLT6,4,0.29044768667989024,0.046022544164750816,6.3109871901073085,2.772611455021228e-10,0.2002451576400746,0.38065021571970586,0,0,1.2528096204169992e-9
SLC19A1,3,0.48198351360118985,0.07639795414658859,6.308853672657044,2.811097319467828e-10,0.33224627498133374,0.631720752221046,0,0,1.267438226212234e-9
SLC37A2,4,0.6250848862520063,0.09909450433092236,6.3079672326182585,2.8272405021261766e-10,0.4308632266975501,0.8193065458064626,0,0,1.2719515838198894e-9
CHCHD7,4,-0.42863824383967414,0.06802788715758316,-6.300919545638031,2.9588495823855434e-10,-0.561970452612892,-0.29530603506645625,0.008511227464340632,47.77298515032173,1.3282800939107396e-9
LRRC40,4,-0.5549913337031552,0.08809341150616666,-6.3000322522905705,2.975837170003872e-10,-0.7276512475305082,-0.3823314198758022,0.01427675809888679,48.702438071358266,1.3330207971032462e-9
IL33,3,-0.6061376623543288,0.09621833616063173,-6.299606567114319,2.984020853407955e-10,-0.7947221358815348,-0.41755318882712267,0,0,1.3338058728379524e-9
POLDIP3,4,0.3471790929329072,0.05517782870861858,6.292003528559998,3.1339435812153045e-10,0.23903253591889456,0.4553256499469199,0,0,1.3959085775597484e-9
TMPRSS5,4,0.7976140917403818,0.12676878267781377,6.291880973311381,3.1364194654910455e-10,0.5491518433278817,1.0460763401528819,0,0,1.3959085775597484e-9
NRXN3,3,-0.5847247181656045,0.09301675687079053,-6.286229899176607,3.2526815944336936e-10,-0.7670342115910724,-0.4024152247401364,0,0,1.4445528108898245e-9
SYT16,3,-0.781288390563629,0.12457202014899921,-6.271780690632926,3.569421109949883e-10,-1.0254450635370653,-0.5371317175901926,0,0,1.581833201289756e-9
DUS4L,3,-0.41289737626614986,0.06589663573555954,-6.265833933056763,3.7083538008581764e-10,-0.5420524090102017,-0.2837423435220981,0,0,1.6398988876289675e-9
TSPAN5,3,-0.33505604064120376,0.05347930074955447,-6.2651537313526875,3.7245777409194427e-10,-0.4398735440287164,-0.2302385372536911,0,0,1.6435689860993454e-9
CD99L2,3,-0.37886239016038614,0.060475716084742,-6.264702837573725,3.735370475740278e-10,-0.4973926156257501,-0.2603321646950222,0,0,1.6448319249862713e-9
PLEKHA4,3,0.8067747734343608,0.1288414880107158,6.26176230879343,3.806508474817599e-10,0.5542500972188087,1.0592994496499128,0,0,1.6726056306719706e-9
COX15,3,-0.28378365381903703,0.0453238698725798,-6.261240591698051,3.8192673867687715e-10,-0.3726168064092734,-0.19495050122880062,0,0,1.6746639662068568e-9
PPP2R2B,3,-0.36351113914685385,0.05809140197538642,-6.2575721498488726,3.9101677444702983e-10,-0.47736819483005016,-0.24965408346365753,0,0,1.7109046206817294e-9
COG1,3,-0.45804829894861604,0.07321445922504394,-6.2562546223374245,3.9433274900846663e-10,-0.6015460021772785,-0.3145505957199536,0,0,1.721781308302231e-9
NAA20,4,-0.31619606863189936,0.05054960228840886,-6.255164320143501,3.970975835110959e-10,-0.4152714685500042,-0.2171206687137945,0,0,1.7302108995840605e-9
SUSD4,3,-0.6047823141128593,0.09673156382630538,-6.252171371888785,4.047848625021721e-10,-0.7943726953806554,-0.4151919328450633,0,0,1.7600079765817714e-09
ADGRB3,3,-0.4229812822075563,0.0676592450640231,-6.251640582263472,4.0616325951101184e-10,-0.555590965754211,-0.2903715986609017,0,0,1.762306695033135e-9
MAFF,3,0.9698502745966309,0.15516261875979326,6.2505407703775155,4.0903393749704055e-10,0.6657371300805172,1.2739634191127447,0,0,1.7710571740477288e-9
CLDN9,4,0.8947674507140793,0.14323851312202351,6.246696026171644,4.192257942883618e-10,0.6140251237958453,1.1755097776323131,0.017568912325704927,20.873847318440315,1.8114047861542967e-9
ENGASE,3,0.44748668300001776,0.0716836903659868,6.242517380387906,4.305839142904026e-10,0.3069892316037628,0.5879841343962727,0,0,1.8566133851108002e-9
ARF3,3,-0.42808134552720656,0.06862257387021876,-6.238200075922653,4.426342999473645e-10,-0.5625791188392747,-0.2935835722151384,0,0,1.9046131495660456e-9
GRIA3,4,-0.5522220187425974,0.08861267704777624,-6.231862495756249,4.6092197466680256e-10,-0.7258996743299179,-0.37854436315527684,0,0,1.979197050639645e-9
DHX36,3,-0.6293879053046852,0.10101506020196405,-6.230634363295147,4.6455019788798153e-10,-0.8273737851966801,-0.43140202541269035,0.017034470049218202,56.284319377774096,1.990655186817508e-9
ZBBX,3,-0.9626886979518614,0.15455095334043814,-6.228940534784619,4.695999771499349e-10,-1.2656030002754504,-0.6597743956282723,0,0,2.008145056925701e-9
TGFB1I1,3,0.6596600930891676,0.10590890325633767,6.228561271119508,4.707379883480793e-10,0.4520824570646089,0.8672377291137263,0,0,2.008869522292009e-9
SLC6A9,3,0.7018678382061764,0.1129494400256077,6.214000158363336,5.165247569368909e-10,0.48049100368201847,0.9232446727303343,0,0,2.1997378765649114e-9
CROT,3,-0.566556256216693,0.0912417676073967,-6.209395883851378,5.318867525852588e-10,-0.745386834612964,-0.38772567782042217,0.011232482406043989,47.229015205437776,2.26051869848735e-9
FGD3,3,0.5950755897141845,0.09600263744340401,6.198533764918664,5.699158053342616e-10,0.4069138779042562,0.78323730152411275,0.00708217266938392,25.0682674607545,2.41718891669378e-9
SAMD4A,3,0.7913857432066786,0.1278415800352976,6.190362658128707,6.002594924755516e-10,0.5408208506108005,1.0419506358025568,0.017183956752718273,34.4414295189575,2.5406901783557017e-9
MEAF6,3,-0.38631983573111495,0.06243363709551588,-6.187687498328706,6.105320807523721e-10,-0.50868751586217,-0.2639521556000599,0,0,2.5789074042371075e-9
MAML2,3,0.5180460460378934,0.08374336866764744,6.186114247372402,6.166532386328629e-10,0.3539120595052444,0.6821800325705424,0,0,2.5994691400905645e-9
MRGPRF,3,1.0697407089422342,0.172998755119848,6.183516801616012,6.26890580279167e-10,0.7306693795370678,1.4088120383474005,0.025572007601995277,27.22727415914811,2.6372638204847718e-9
SIAE,3,-0.28823409294389224,0.04663894683138174,-6.180115815778873,6.405459294325141e-10,-0.3796447490102789,-0.19682343687750556,0,0,2.6892555822733484e-9
OXR1,3,-0.4825577971242703,0.07811616205249475,-6.177438630433318,6.514988659879185e-10,-0.6356626613576545,-0.3294529328908862,0,0,2.7297144405231173e-9
KIF1C,3,0.8711775419826836,0.14104330413852711,6.17666713995191,6.54688969252151e-10,0.5947377456106413,1.147617338354726,0,0,2.737550246429357e-9
RREB1,4,0.4383452684134783,0.07097926549359779,6.175680536635256,6.587907742570381e-10,0.2992284643969201,0.5774620724300366,0,0,2.749159086135004e-9
DVL2,3,0.2991278875027069,0.048447854938185896,6.174223562309642,6.648940355556184e-10,0.20417183669564157,0.3940839383097723,0,0,2.769056686229624e-9
ZBTB12,3,0.4932708854318024,0.0799107571429081,6.172772015533069,6.710294031738158e-10,0.3366486794543757,0.6498930914092291,0.004330644115032955,21.569787155531237,2.7890079803256393e-9
PAK1,3,-0.8783125922076287,0.14252989619744413,-6.1623042999408195,7.16939080515009e-10,-1.1576660554748517,-0.5989591289404058,0,0,2.9738633059762572e-9
FMNL3,3,0.37919014038037135,0.06154240882230414,6.1614445654091075,7.208430573675962e-10,0.25856923556681516,0.49981104519392755,0,0,2.9840888243121644e-9
SLC25A12,4,-0.5578172628027119,0.09086947927390149,-6.138664678833721,8.321801612868946e-10,-0.7359181694734678,-0.37971635613195615,0,0,3.4381307858745405e-9
ELN,4,0.5926990626478832,0.09656265149191849,6.137974190751041,8.358043697371862e-10,0.40343974347203004,0.7819583818237363,0,0,3.4462390911231096e-9
FANCE,3,0.42575960378171473,0.06939366388355038,6.135424762931996,8.493195447195029e-10,0.2897505218146781,0.5617686857487514,0,0,3.495017332833827e-9
TAF4,3,0.32372939554091007,0.052785837880346395,6.132883525970199,8.630033325412879e-10,0.22027105440166106,0.4271877366801591,0,0,3.5442948746349134e-9
DDX25,3,-0.5379362263393749,0.08783727961506231,-6.1242359587731325,9.111977969904098e-10,-0.7100941308848713,-0.3657783217938785,0,0,3.734830495964644e-9
TBX6,3,0.7414547309907374,0.12108774247028017,6.123284783946818,9.166564274035417e-10,0.5041271167797272,0.9787823452017477,0,0,3.745803357630007e-9
KCNH5,3,-0.7141008238436561,0.11662329483785323,-6.123140534114592,9.174870326306864e-10,-0.9426782814842445,-0.4855233662030678,0,0,3.745803357630007e-9
NUP93,3,-0.34126915946528896,0.0558023514401845,-6.115677039722981,9.614787267928063e-10,-0.4506397585406974,-0.23189856038988055,0,0,3.911918500210077e-9
COL8A2,4,0.7783208923709556,0.12726812945564905,6.1155993704000196,9.619471721828057e-10,0.5288799422581023,1.0277618424838089,0,0,3.911918500210077e-9
TXLNA,3,0.3075976618412868,0.05030246393380877,6.114962126826305,9.657989794675878e-10,0.2090066441973966,0.406188679485177,0,0,3.916216133831652e-9
MXI1,3,0.40857287148557087,0.06681704415647648,6.114800147829773,9.667804534820664e-10,0.2776138713854545,0.5395318715856872,0,0,3.916216133831652e-9
C11ORF87,3,-0.8756535404939564,0.14336217676197685,-6.107981618804501,1.0089897037093667e-9,-1.156638243692696,-0.5946688372952167,0,0,4.0792293284468355e-9
ENO2,3,-0.7083738799437447,0.11599869296602003,-6.106740186729962,1.0168656538405809e-9,-0.9357271404108636,-0.4810206194766258,0,0,4.103072696625223e-9
MAGEH1,3,-0.393566400185359,0.06446713748821287,-6.104915085725939,1.0285534973845072e-9,-0.5199196678486482,-0.2672131325220698,7.326342291677275e-4,3.6996445044686146,4.142174667136832e-9
EPHA5,3,-0.7802246349031026,0.12788585321635784,-6.100945611107705,1.0544278597851922e-9,-1.0308763013393398,-0.5295729684668654,0,0,4.238146087586218e-9
FSTL5,3,-0.7351232370937787,0.12052945598853886,-6.0991168595640355,1.0665607809023546e-9,-0.9713566299075204,-0.498889844280037,0,0,4.2786210050125406e-9
MYO9B,3,0.501724815143979,0.08227600034271206,6.098070069693433,1.0735668951267908e-9,0.3404668176802583,0.6629828126076998,0.004470514679737549,21.82247206607673,4.298412626434293e-9
LLGL2,4,0.5998391783752833,0.09838607257726459,6.09678954207891,1.0821984445582444e-9,0.4070060195435009,0.7926723372070658,0,0,4.324623456673987e-9
TUBB2A,3,-0.7561793497781791,0.12407291347046145,-6.094636843989368,1.096861686012845e-9,-0.999357791637238,-0.5130009079191202,0,0,4.374790647674309e-9
RUNX3,3,0.882349149430692,0.14486220404470715,6.090954885363906,1.1223918080120315e-9,0.5984244467819735,1.1662738520794105,0,0,4.468024203103557e-9
KRI1,3,0.35333891401459294,0.05802257265854511,6.089680236930273,1.1313642989321481e-9,0.23961676131348608,0.4670610667156998,0,0,4.495114091925815e-9
KDM6B,3,0.41022197807816757,0.06737161891736242,6.088943455275182,1.136582497437416e-9,0.2781760314199799,0.5422679247363553,0.0013851606936717553,7.045902065826518,4.507212427696369e-9
SLC8A3,4,-0.4582190097644854,0.07528958117315411,-6.086087910499253,1.1570292849442204e-9,-0.6057838772749723,-0.31065414225399846,0,0,4.577679244276743e-9
LRPPRC,4,-0.40941215892125016,0.0672728249975877,-6.0858475756879695,1.15876644322338e-9,-0.5412644730547879,-0.27755984478771245,0.008449866456465019,49.96166084013368,4.577679244276743e-9
RGCC,4,0.4996902398730769,0.08211542176886823,6.085217966480939,1.163329371425991e-9,0.33874697063077885,0.660633509115375,0,0,4.58696790178233e-9
TJP2,3,0.48656419373917015,0.07997954271717912,6.0836080978824985,1.1750762782942541e-9,0.3298071705135163,0.6433212169648239,0,0,4.624493740383839e-9
RRBP1,3,0.4240178243913822,0.06974254538662387,6.07975837475966,1.2036378578559598e-9,0.2873249472434493,0.5607107015393151,0.0041348732987967355,27.201269004377284,4.727925979532691e-9
ATP6V1H,3,-0.6040736786464636,0.09937249927369615,-6.078881813998629,1.2102351545667521e-9,-0.7988401982766407,-0.40930715901628645,0,0,4.744853895220121e-9
TARBP1,3,-0.7932730777409216,0.13051942987200713,-6.077815988920873,1.2183044221638229e-9,-1.0490864595727567,-0.5374596959090864,0.014981440018987926,28.385061685870966,4.767478059561827e-9
HOMER3,4,0.5775004237997405,0.09504072383851028,6.076347069715169,1.2295114901991911e-9,0.391224028011643,0.763776819587838,0.01606201848654332,47.01419718336378,4.80227275079684e-9
CXCL16,3,0.49467544343988346,0.08144950939637711,6.0733999149402695,1.2523006215255824e-9,0.3350373384645276,0.6543135484152394,0,0,4.88208926512041e-9
C5ORF34,3,-0.576438862539776,0.09510700150637742,-6.060950859660136,1.3531917365369968e-9,-0.7628451601698725,-0.39003256490967964,0,0,5.265515312528577e-9
BRPF3,4,0.31085997768193757,0.05132484793743045,6.056715025457133,1.3892939130387796e-9,0.21026512421257904,0.4114548311512961,0,0,5.395871864498931e-9
PHKA2,4,0.28741232928352345,0.0474577565573899,6.056171849083518,1.3939908010775414e-9,0.19439683564396967,0.3804278229230772,0,0,5.403994245672562e-9
PPFIA2,4,-0.4855794515595498,0.08024784858873478,-6.050996507683517,1.4395256922286726e-9,-0.6428623446302933,-0.32829655848880623,0,0,5.570105010601244e-9
NFU1,3,-0.32305234235326213,0.0533977742438783,-6.049921498184879,1.4491643187678787e-9,-0.4277100567258641,-0.21839462798066017,0,0,5.596958653863278e-9
MAVS,3,0.38468235725663175,0.06363831378432727,6.044823226465982,1.4957390602980547e-9,0.25995355420249144,0.509411160310772,0,0,5.76610187929027e-9
TBCC,3,-0.4040763907005011,0.06686389652837052,-6.043267169286948,1.5102425902454428e-9,-0.5351272197621201,-0.27302556163888214,0,0,5.80664345957725e-9
CAPS,3,0.8300179011912837,0.1373498003895161,6.043095067028863,1.5118550955504895e-9,0.5608172391440667,1.0992185632385008,0.019600394613713986,34.257994766813894,5.80664345957725e-9
CNTN5,3,-0.8901559047144719,0.14734556258631568,-6.041280708355331,1.5289570743645592e-9,-1.178947900665443,-0.6013639087635008,0,0,5.861473146454891e-9
DLG2,3,-0.4096979406205889,0.06784217012912731,-6.0389863685196215,1.5508534435990845e-9,-0.5426661507067174,-0.2767297305344603,0,0,5.934446572000924e-9
GDAP1,4,-0.6588699089903539,0.10914547619272372,-6.036621323882941,1.5737444019433363e-9,-0.8727911114035662,-0.4449487065771416,0.025125804003306804,54.886028817991416,6.010950072984308e-9
R3HDM1,3,-0.5554995534976844,0.09214218561561667,-6.0287212614537316,1.6526203010412172e-9,-0.7360949187610977,-0.3749041882342712,0,0,6.300614897719641e-9
SNRPA1,3,-0.4033636673536486,0.06692300873333511,-6.027279331700587,1.6674267981846363e-9,-0.5345303542080448,-0.2721969804992523,0.003833537157304783,27.072661816079894,6.3454003292384144e-9
LCAT,4,0.6009519260895587,0.09972631071897466,6.026011809290938,1.6805490915714629e-9,0.4054919487693177,0.7964119034097997,0.006128325859376803,13.941925630281151,6.383624204980245e-9
ARMCX4,4,-0.28203232014557633,0.04682113126394906,-6.023611829360757,1.7056716102263864e-9,-0.3738000511383388,-0.19026458915281386,0,0,6.467208262540266e-9
S100A6,4,0.5048485905409692,0.08383728784278377,6.02176672851928,1.7252342251902997e-9,0.3405305258075953,0.6691666552743432,0.0035188974618335367,12.082773656120738,6.529444859570587e-9
YTHDF2,3,-0.3155052874747087,0.05239800211722279,-6.0213228506093115,1.72997295067982e-9,-0.41820348448631883,-0.21280709046309854,0,0,6.535453369234875e-9
KPNA2,3,-0.3833434512315156,0.06369412530981859,-6.018505621466197,1.7603460176811384e-9,-0.5081816428655411,-0.25850525959749004,0,0,6.6381048012194205e-9
FZD7,3,0.5721537977651644,0.09508878018327833,6.017048453691064,1.7762592667083734e-9,0.38578321327209286,0.7585243822582359,0.007563779908048353,26.750072908900446,6.685955933127344e-9
TUSC3,3,-0.566569693184255,0.0942019725949208,-6.0144143225171,1.8053822012762718e-9,-0.751202166742929,-0.381937219625581,0,0,6.783265734505412e-9
PPFIBP2,3,0.6205109224487162,0.10323738656076846,6.010525286626331,1.8492316147844333e-9,0.41816936293157064,0.8228524819658618,0,0,6.935454555267477e-9
DYNC1I1,3,-0.6492815390826449,0.10811176429797249,-6.005651126857258,1.905655637977522e-9,-0.8611767034117541,-0.4373863747535356,0,0,7.134169301742565e-9
APLN,3,0.848603624922464,0.14134956753016686,6.003581332085468,1.9301201155012422e-9,0.5715635633330247,1.1256436865119033,0.018402414626806186,24.653425694259948,7.212737152341579e-9
GAD2,4,-0.9495209095328487,0.15836388029470214,-5.995817403348974,2.0246441953036815e-9,-1.2599084113624772,-0.6391334077032202,0,0,7.552359822050064e-9
CDH8,3,-0.6189431470429506,0.10324017620983787,-5.995177166154147,2.0326371834932904e-9,-0.8212901741718017,-0.4165961199140995,0,0,7.568562869955268e-9
CSK,3,0.34020250402470015,0.05679933669328391,5.98955065024424,2.1042159400061514e-9,0.22887784976009934,0.45152715828930096,0.004600430242620512,47.53587757353748,7.821046343320354e-9
SLC26A2,3,-0.7278473694541786,0.12163360732258434,-5.983933104309367,2.178128002714717e-9,-0.9662448591161312,-0.48944987979222593,0.016103606740543057,32.52575130259529,8.081283502022045e-9
LINC01094,3,0.7422489825112154,0.12414407732158163,5.978931887249851,2.2460543963360947e-9,0.49893106206695975,0.985566902955471,0,0,8.318422889287609e-9
ATP6V0E2,3,-0.4362715596465907,0.07302064719277793,-5.974632880133387,2.306089021631014e-9,-0.5793893982722412,-0.29315372102094017,0,0,8.525541231484354e-9
ZFP69B,3,-0.4980469686035415,0.08338055728882136,-5.973178697743166,2.3267479205018537e-9,-0.66146985790051,-0.3346240793065729,0,0,8.586610653239938e-9
ASCL1,3,0.5263154098993239,0.08815184338108338,5.9705547803923364,2.3644817349267127e-9,0.35354097170158494,0.6990898480970629,0,0,8.710364330795741e-9
ABTB2,3,0.5108910835848567,0.08560178311708964,5.968229457160242,2.3984192216750675e-9,0.3431146716629522,0.6786674955067612,0,0,8.819718910911507e-9
NDUFAF1,3,-0.29264699995452625,0.049050126183997705,-5.96628434464661,2.4271716521637135e-9,-0.38878348071230684,-0.19651051919674567,0,0,8.9096531090045e-9
GAD1,4,-0.7980049119142455,0.13380470017455395,-5.963952767527703,2.4620793557226663e-9,-1.0602573052185515,-0.5357525186099394,0,0,9.021824352948426e-9
STEAP3,4,0.6327110918518872,0.10628679614258638,5.952866346663508,2.6348646863568535e-9,0.4243927993802672,0.8410293843235073,0,0,9.637935378314134e-9
ZNF395,3,0.37907823680371433,0.06370371006735648,5.950646146086307,2.670859608904824e-9,0.254221259390114,0.5039352142173147,0,0,9.752399346599658e-9
GSK3B,3,-0.33589069062469334,0.0564648098938715,-5.948673009897972,2.703250581749478e-9,-0.44655968441058236,-0.2252216968388043,0.0024653958672386468,24.809252689649156,9.853324616078063e-9
SLCO4A1,3,0.9390245771378041,0.15786292959262,5.948353926796142,2.7085244530541926e-9,0.6296189206422866,1.2484302336333215,0,0,9.855227571288413e-9
ATP1B1,5,-0.5607072357506735,0.09445482310247677,-5.936247799038764,2.9161894054094674e-9,-0.7458352871976298,-0.3755791843037172,0,0,1.0592253637161534e-8
PLOD1,3,0.5135654274293217,0.0865184182296338,5.935908653186844,2.92222477607903e-9,0.34399244369986576,0.6831384111587775,0,0,1.0595619205573265e-8
MCCC2,3,-0.3789686680162427,0.06392350621298995,-5.928471238006531,3.057679558702891e-9,-0.5042564379592254,-0.25368089807326,0,0,1.1067412573734373e-8
RAMP2-AS1,3,0.6820314503839245,0.11511966496988177,5.924543391977047,3.1316631355496536e-9,0.45640105313063906,0.90766184763721,0,0,1.1315451817299618e-8
ANKRD46,3,-0.41776625972934245,0.07052895906345971,-5.923329441931075,3.1548792072643857e-9,-0.5560004793608233,-0.2795320400978616,0,0,1.1379512131941454e-8
NAPB,3,-0.9041393396893401,0.1526870608472723,-5.921519051268661,3.189813443066604e-9,-1.2034004798552695,-0.6048781995234107,0,0,1.1485543543264126e-8
VWC2,4,-0.4551933047457746,0.07689902653795548,-5.919363680385502,3.231895897932181e-9,-0.6059126272063571,-0.304473982285192,0,0,1.1616901373156574e-8
RASL10B,3,0.6069973081529101,0.10256772941338939,5.918014482961456,3.2585128087188057e-9,0.40596825252661733,0.8080263637792029,0,0,1.1692310666579244e-8
DCTN1-AS1,3,-0.7287161961239224,0.12320558574688627,-5.914636026494756,3.3261026256153425e-9,-0.9701947068819808,-0.48723768536586387,0,0,1.1914225985364802e-8
OSBPL7,3,0.3554862077185672,0.06017730130958569,5.907313887170635,3.477308206452974e-9,0.23754086446496422,0.47343155097217016,0,0,1.2434374517557704e-8
HERC6,4,-0.41940219436335296,0.07103224407351892,-5.904391728484158,3.5395023265866374e-9,-0.5586228344885087,-0.2801815542381972,0,0,1.2634987651188788e-8
MANSC1,3,-0.27504864002168355,0.046603078986367466,-5.901941373919564,3.5924883421170475e-9,-0.3663889964036392,-0.1837082836397279,0,0,1.2802097631530511e-8
DHX35,3,-0.41594458628105024,0.07048586950496108,-5.901105983402452,3.6107285544340007e-9,-0.5540943519297641,-0.27779482063233646,0,0,1.2845027481811523e-8
DLD,3,-0.5053553305839835,0.0857038600994416,-5.89652939783136,3.7122664532779908e-9,-0.6733318097149484,-0.3373788514530186,0.0131823024667538,62.29068127661374,1.3176432179131048e-8
PARD3B,4,0.4430748739750046,0.07514408764139381,5.896337128869907,3.7165924902563466e-9,0.29579516854675136,0.5903545794032579,0,0,1.3176432179131048e-8
SPACA6,4,0.6679046528009347,0.11335264514896759,5.892272314626422,3.809207542835237e-9,0.44573755075660937,0.89007175484526,0.014899742327186579,28.200123243371184,1.348173454580253e-8
GOT1,3,-0.6793158957876315,0.11538298640551367,-5.887487548642352,3.921107019127658e-9,-0.905462393571113,-0.45316939800415007,0,0,1.3854132806934858e-8
LNP1,3,-0.4349927199928768,0.07391910276641843,-5.884713202856877,3.987448239203108e-9,-0.5798714991845719,-0.29011394080118164,0,0,1.4064570830114363e-8
TMEM216,3,0.3360290809504179,0.0571129710829703,5.88358606772978,4.014711687819323e-9,0.22408971457771854,0.44796844732311725,0,0,1.413669276831456e-8
WWTR1,3,0.6136343541294755,0.10446305338544846,5.874175933430583,4.249518857915594e-9,0.4088905317789116,0.8183781764800395,0,0,1.4938139171723627e-8
THNSL1,4,-0.48553900995992016,0.0826850807167567,-5.87214774117675,4.301850966967605e-9,-0.6475987902235506,-0.3234792296962897,0.013378004477806935,51.92240925281139,1.5096512530441307e-8
SLITRK4,4,-0.6387309533207363,0.10898690768904241,-5.860620939380543,4.6113954365719174e-9,-0.8523413671776509,-0.42512053946382167,0.01505520447268359,31.701806389064252,1.615546306663878e-8
MTMR7,3,-0.4289750984358689,0.07320753674114071,-5.859712230896524,4.636699588567969e-9,-0.5724592338453974,-0.28549096302634036,0.006251926839122964,38.678445550587575,1.621671997755475e-8
FPGT-TNNI3K,3,-0.5933047212751601,0.10128519062234596,-5.857763781946842,4.691412946739523e-9,-0.7918200470622322,-0.394789395488088,0.004911455431662296,12.066645969324957,1.6380455305619143e-8
PTPN20,3,-0.5675265034217597,0.09690622335739361,-5.856450532889943,4.7286434726433324e-9,-0.7574592110800453,-0.37759379576347407,0,0,1.6482700104642473e-8
TEP1,3,0.43278913150813925,0.07393384136773233,5.853735224652153,4.8065363003030474e-9,0.2878814651886863,0.5776967978275922,0,0,1.6726101152396847e-8
ZNF596,4,-0.495307554195705,0.08463262950146948,-5.852441985004199,4.844072437186127e-9,-0.6611844599355072,-0.32943064845590275,0,0,1.682848615531663e-8
SLC35B4,4,-0.3801282348266605,0.06502977319994054,-5.845449186143066,5.052031407428165e-9,-0.507584248221352,-0.2526722214319691,0.008094870283862368,50.38666751300843,1.752159387793648e-8
TSC22D3,3,0.3461211100692249,0.05921521842308254,5.8451377751619384,5.0614917152739655e-9,0.23006141462331045,0.4621808055151394,3.2267748437266687e-4,2.9030685081253704,1.752509819278498e-8
PDP1,3,-0.6370033539088479,0.10901097268116565,-5.843479222701276,5.112167723064413e-9,-0.8506609342836122,-0.42334577353408354,0,0,1.7671059762725987e-8
PDE10A,4,-0.5724944941067246,0.09803754564951479,-5.839543312858914,5.2344107382993004e-9,-0.764644552712475,-0.3803444355009742,0.01160117514505916,29.212323147400934,1.8063507273265806e-8
RRAD,3,1.0356321048176254,0.17741135185405665,5.83746245093473,5.300183427699824e-9,0.687912244735111,1.3833519649001396,0,0,1.826010038048079e-8
RAB3B,4,-0.7577744509557559,0.129875844068046,-5.834606553615423,5.391764302039812e-9,-1.0123264277908661,-0.5032224741206457,0,0,1.854480789789481e-8
TBL1X,3,0.42228373093090293,0.07241334359226688,5.831573436363173,5.490713699779841e-9,0.28035618548993557,0.5642112763718703,0.0031719898191510955,19.034634262263534,1.8853874525402964e-8
MYO10,3,0.4702486110785778,0.08067391886023051,5.829004190230237,5.575910362040864e-9,0.31213063562081944,0.6283665865363361,0,0,1.9114773703921903e-8
F3,3,-0.6735043720321606,0.11574687509105329,-5.818769375003364,5.928246159447062e-9,-0.9003640785336813,-0.4466446655306399,0,0,2.0289080090252816e-8
CEP68,3,-0.26037328362282974,0.04477174724024468,-5.815571195505722,6.042718720970882e-9,-0.34812429573863984,-0.17262227150701964,0,0,2.064678521794664e-8
TTC30A,3,-0.4208003966272657,0.0723642598672452,-5.815030754121426,6.062273956936205e-9,-0.5626317397349635,-0.2789690535195679,0,0,2.0679533201785675e-8
EHD2,3,0.5186770367514342,0.08921255338170547,5.813946771955051,6.101682308166895e-9,0.3438236451544344,0.6935304283484339,0,0,2.077978506919235e-8
TCEAL8,3,-0.4160491479698207,0.07160316123161875,-5.810485749700397,6.229183525144973e-9,-0.5563887651630081,-0.2757095307766333,0,0,2.117922398549291e-8
ATP6V1B2,3,-0.6394078087192461,0.1101462811614038,-5.805078500855461,6.433585431084834e-9,-0.8552905528266201,-0.423525064611872,0,0,2.183838982662839e-8
COX6C,3,-0.4610756942501318,0.07949538678036215,-5.800030831022158,6.630272809946548e-9,-0.6168837892767232,-0.30526759922354046,0,0,2.2469257855929966e-8
PFDN4,3,-0.4646235128994074,0.08014683937509388,-5.79715328167753,6.745003761055715e-9,-0.6217084315493081,-0.3075385942495067,0.0067047095340930195,34.158799733813844,2.2820779446051473e-8
FIZ1,4,0.38316926191644163,0.06610131693965525,5.796696339140139,6.763399305848022e-9,0.25361306138404993,0.5127254624488333,0.0027836926779962997,15.014461248558504,2.2845749446789575e-8
POLR3H,3,0.4643291481814854,0.08022557863580919,5.787794317936265,7.131665981858138e-9,0.3070899034164134,0.6215683929465574,0.006950454326155435,35.56671425662601,2.4050528855892326e-8
SPN,3,0.9483723166272908,0.16387393482952703,5.787206596423361,7.156653892167322e-9,0.6271853063565539,1.2695593268980279,0.007777529158862539,8.9189745573868,2.4095617162914006e-8
MIER2,3,0.3617039179832569,0.06257966940718884,5.779894994806511,7.474726349491762e-9,0.23905001978074375,0.48435781618577006,0.0034245901149536026,28.6102830171269,2.5125741408178143e-8
HCN1,4,-0.6902233402833967,0.11959230723343735,-5.771469388378971,7.858323632865537e-9,-0.9246199552889829,-0.45582672527781054,0.009978740815145942,16.97655960947728,2.6372432386024474e-8
CCDC184,3,-0.7549052756373024,0.1309163069677479,-5.766319667291549,8.102131545472483e-9,-1.0114965222830783,-0.4983140289915264,0,0,2.7146721850258368e-8
CRTAP,3,0.5142772958110293,0.08920935025065412,5.76483624604427,8.17371642893881e-9,0.339430182235528,0.6891244093865306,0,0,2.7342399796159823e-8
BCL9L,4,0.6151148045695642,0.10674154110434415,5.7626562086850965,8.280034746705481e-9,0.40590522835074794,0.8243243807883806,0.02748770534662143,62.03276306812652,2.7653449379496245e-8
ANXA6,3,-0.5549842417380615,0.09635311419687217,-5.759899369771252,8.41640975414128e-9,-0.7438328753622059,-0.3661356081139171,0,0,2.806371998406594e-8
ZIC1,3,0.5375954628227552,0.09335498788909712,5.758615313210711,8.480672390939436e-9,0.3546230487829519,0.7205678768625584,0,0,2.8232607606434012e-8
KYAT3,3,-0.4868910628661737,0.08455773257448747,-5.758090337122842,8.50708281174348e-9,-0.6526211733265385,-0.3211609524058089,0,0,2.827514383262176e-8
CLGN,3,-0.7564191191452027,0.1315077493050434,-5.751897687721994,8.824720304898769e-9,-1.01416957147101,-0.4986686668193953,0,0,2.925884553819378e-8
NUDT11,3,-0.6417248913178344,0.11156993739664978,-5.7517724423954375,8.831261960901306e-9,-0.8603979503726564,-0.42305183226301235,0,0,2.925884553819378e-8
PTPRO,3,-0.6136635144235074,0.10670738337397236,-5.750900219086337,8.876949742772765e-9,-0.8228061427210014,-0.40452088612601345,0,0,2.936330744260082e-8
MTBP,3,-0.5992541427835192,0.10421989550420518,-5.749901589177277,8.929540979687186e-9,-0.8035213844442892,-0.39498690112274915,0.0104583112396677,31.24996636623923,2.9490235655845895e-8
ADAMTS2,4,0.8801037091823165,0.15311930303698798,5.747829906002876,9.039610583577757e-9,0.5799953898919457,1.1802120284726874,0.05013678726724016,54.96832361035829,2.980389407950579e-8
CCDC85C,3,0.53093693279152,0.09237581982497463,5.747574785235914,9.053256157226928e-9,0.34988365289220863,0.7119902126908313,0,0,2.980389407950579e-8
TRIM36,3,-0.6562236840348249,0.1143528079864708,-5.7385882829607775,9.546899387981337e-9,-0.8803510692193319,-0.4320962988503179,0,0,3.137919069837289e-8
NFATC1,4,0.6486506035014142,0.11304895713363043,5.7377849380306225,9.592281201839712e-9,0.4270787190296862,0.8702224879731423,0.021708133274475686,44.584255442413784,3.1440101547969884e-8
POU3F2,4,0.4252745313585089,0.0741190328920164,5.737723696126593,9.595749411699583e-9,0.28000389632121714,0.5705451663958007,0,0,3.1440101547969884e-8
NAP1L3,4,-0.6710876390382605,0.11699950169268553,-5.735816215704575,9.704384861421491e-9,-0.9004024485650572,-0.4417728295114638,0,0,3.174588990944507e-8
PRKCI,3,-0.3820237459995253,0.06663236452508738,-5.733306160187242,9.849161440020477e-9,-0.5126207806734409,-0.25142671132560973,0.004600847698447331,34.193066250033624,3.2168757207247985e-8
COQ3,3,-0.38952678483183967,0.06794564170224168,-5.732917889551528,9.871743036779327e-9,-0.5226977954746961,-0.25635577418898325,0,0,3.219181612937158e-8
VASP,3,0.4698065634569687,0.08204127136241318,5.726466151184102,1.0254421062701418e-8,0.30900862634076154,0.6306045005731759,0,0,3.333133309521792e-8
RENBP,3,0.5457693850301664,0.09530695859950747,5.726437954269026,1.0256124767593085e-8,0.3589711786990818,0.7325675913612509,0.011948548316664422,44.40690700762308,3.333133309521792e-8
CACNA2D3,4,-0.5065437068758234,0.08846042217899047,-5.726218509910396,1.0269393369259522e-8,-0.6799229484038529,-0.33316446534779387,0,0,3.333133309521792e-8
CGN,3,0.5720083504582999,0.09992593779232226,5.724323064619262,1.0384697152716559e-8,0.37615711126395845,0.7678595896526413,0,0,3.36529092105221e-8
TMEM145,3,0.46352053147568584,0.08102135455303348,5.720967441642598,1.059191952368941e-8,0.3047215945730899,0.6223194683782818,0,0,3.427089093936324e-8
ELAVL4,3,-0.7248389421657085,0.12681735255711904,-5.71561326230366,1.0930908474468299e-8,-0.9733963857923804,-0.47628149853903673,0,0,3.5312623327176404e-8
NAP1L2,4,-0.686779111936723,0.12023391735168756,-5.712024751949776,1.1163984529132545e-8,-0.9224332596661962,-0.45112496420724996,0.013974786440796189,23.718637324694885,3.6006878632505714e-8
ELMOD1,3,-0.5775601250985477,0.10111749091507016,-5.711772709863298,1.1180535120218746e-8,-0.7757467654991413,-0.37937348469795407,0,0,3.6006878632505714e-8
DISC1,3,0.5654041379624957,0.09904638961615614,5.708478018771405,1.1399089607693819e-8,0.37127678151610766,0.7595314944088837,0,0,3.6653816816057336e-8
TUBB3,3,-0.7305078028729224,0.1279775613937893,-5.708092847816786,1.1424909504281473e-8,-0.981339214034013,-0.47967639171183174,0,0,3.6679972619008944e-8
NUP37,3,-0.7082601496192609,0.12410532318271371,-5.706928046724691,1.1503338119635037e-8,-0.9515021133470836,-0.4650181858914382,0.01717590271430381,36.28316237313538,3.6874688191844e-8
MRPS21,3,-0.3399764593489162,0.05958318407799282,-5.705912911668097,1.1572115860673661e-8,-0.4567573542260025,-0.22319556447182987,0,0,3.7036213712622596e-8
GNA13,3,0.4347065394380179,0.07618867642664227,5.705658108611088,1.1589441995897814e-8,0.2853794776120232,0.5840336012640126,0,0,3.7036213712622596e-8
CHST11,4,0.3963891170123425,0.06950907991033406,5.702695497101674,1.1792753776302648e-8,0.2601538237895711,0.5326244102351139,0,0,3.762795589546414e-8
SLC2A9,3,0.5443964650376019,0.09555212564868741,5.697376812308311,1.2166483014142747e-8,0.3571177401199286,0.7316751899552751,0,0,3.876080763645477e-8
LTBP1,4,0.3936538381727012,0.06914364228952295,5.693275985149396,1.2462469505891842e-8,0.25813478952531566,0.5291728868200868,0,0,3.9642886127637545e-8
GNA12,3,0.4226756993492683,0.0742760236576984,5.690607527634655,1.265881658726625e-8,0.2770973680653344,0.5682540306332022,0,0,4.020579724653936e-8
ATRN,3,-0.3222458799477373,0.05666525369034552,-5.686833799574795,1.2941629356896555e-8,-0.4333077363556399,-0.21118402353983468,0,0,4.1041191569118434e-8
TAF3,3,0.35607780436272324,0.06262761932858331,5.685635318413085,1.303272406248897e-8,0.23332992604121539,0.4788256826842311,0,0,4.1266976649774234e-8
PTPRR,3,-0.723322087069797,0.12723966372365483,-5.6847217754421475,1.3102579166484878e-8,-0.972707245373148,-0.4739369287664459,0,0,4.1424922547697615e-8
PTAFR,3,0.6164003043012678,0.10847729810252686,5.6822977257294855,1.3289704791376949e-8,0.40378870688010005,0.8290119017224356,0,0,4.1952584075062086e-8
XRCC3,3,0.534701359318738,0.09411270314385627,5.6815003868438305,1.3351821274416932e-8,0.35024385066907016,0.7191588679684058,0.0011211838681770931,3.8624518809019217,4.2084615992615076e-8
LGMN,3,-0.4185479055566879,0.07368289231864017,-5.680394626023718,1.3438432325246025e-8,-0.5629637207779656,-0.2741320903354102,0.005846074300913653,33.995201657765975,4.224212870842379e-8
TRIOBP,3,0.45786199086036994,0.08060464507585721,5.680342496756546,1.3442528904320009e-8,0.299879789525056,0.6158441921956839,0.004861448238083265,23.55534828321223,4.224212870842379e-8
NRXN1,3,-0.5196997610506329,0.09167320471385439,-5.669047598726432,1.4359347396339773e-8,-0.6993759406371549,-0.34002358146411077,0.0029617600766365547,10.211341087127074,4.505489636915082e-8
GPER1,3,0.7481090121392433,0.13199683378602858,5.667628462603533,1.4478749569796714e-8,0.48939997184530754,1.0068180524331791,0,0,4.5360916325919006e-8
GALNTL6,3,-0.6923064644591639,0.12216521425989828,-5.666968855686926,1.4534574849058356e-8,-0.9317458845721835,-0.4528670443461442,0,0,4.5467131579105625e-8
ANKRD31,3,-0.6278039184517262,0.11080245572290877,-5.66597476884193,1.4619103763510507e-8,-0.8449727410672214,-0.41063509583623103,0,0,4.566268253843493e-8
MAEL,3,-0.6437056917266494,0.11362707820599759,-5.665072990433302,1.469619646913662e-8,-0.8664106726789207,-0.42100071077437806,0,0,4.5834453348856165e-8
MED10,3,-0.291840393112007,0.051553637169035875,-5.660907923045477,1.505742071328988e-8,-0.3928836652353628,-0.1907971209886512,0,0,4.6890526365410226e-8
CHGB,3,-0.9836607486730433,0.17392075915647837,-5.65579838452771,1.5512347777897355e-8,-1.3245391727836058,-0.6427823245624809,0,0,4.8234796538769285e-8
DDX39A,3,0.3358479754501993,0.059400227129043776,5.65398470144883,1.5677017070706556e-8,0.21942566960377446,0.4522702812966241,0,0,4.8673852402163774e-8
MIPEP,3,-0.41127017023762935,0.07278927597021373,-5.650147837793114,1.603099061784962e-8,-0.553934529599995,-0.2686058108752637,0,0,4.9698467177010635e-8
MID1IP1,3,0.6681945801198448,0.1183514478006057,5.6458504947535175,1.643666381542586e-8,0.4362300049124854,0.9001591553272041,0,0,5.080910797581534e-8
MTF2,4,-0.2967728195869506,0.05256492132903828,-5.645833991251601,1.6438240815704962e-8,-0.39979817224204695,-0.1937474669318543,0,0,5.080910797581534e-8
DNALI1,3,0.5000467742559407,0.08874539341346253,5.634622316971829,1.7544240200184834e-8,0.326108999371716,0.6739845491401654,0,0,5.414695561783236e-8
DPP6,3,-0.507752724772556,0.0901962145265801,-5.629423889213503,1.8081253672738822e-8,-0.6845340567865014,-0.33097139275861054,0,0,5.572142662297224e-8
ZC2HC1A,3,-0.5642983222720263,0.10026620115220439,-5.6280014180992035,1.823095910567379e-8,-0.7608164653969953,-0.3677801791470572,0.008590034371113503,27.171580369316,5.609942015603478e-8
MECR,3,-0.4641983096271459,0.08248970094698135,-5.6273486786611135,1.830005771130316e-8,-0.625875152578709,-0.3025214666755829,0.006207243888625299,29.15599285447463,5.622862176776704e-8
BCL7C,3,0.3888062405848445,0.06913212591353259,5.624103634121511,1.864736835773486e-8,0.2533097636196324,0.5243027175500565,0,0,5.721100883719245e-8
UCHL1,3,-0.7057658716840005,0.12555357732612063,-5.621232677829646,1.8959970596328022e-8,-0.9518463613733616,-0.4596853819946394,0,0,5.806950775454061e-8
TBX3,3,0.778985197240034,0.13858428108994272,5.621021310017578,1.898318527366371e-8,0.5073649974803711,1.050605396999697,0,0,5.806950775454061e-8
GJA1,3,0.7280853100028942,0.12962548360821996,5.616837752393343,1.944838844221486e-8,0.474024030652196,0.9821465893535924,0,0,5.940494496193463e-8
PPM1E,4,-0.6828602087125156,0.12158919260970813,-5.616125858360157,1.9528643917360122e-8,-0.9211706471368473,-0.444549770288184,0.009592834060819793,15.455595452246063,5.956236394794837e-8
DGKB,4,-0.6536328757403235,0.11654075429916651,-5.608620603762457,2.0394555505005476e-8,-0.8820485568978212,-0.4252171945828257,0.014526951409594861,26.667798396251655,6.211205303580228e-8
TRIM8,4,0.38154300797381996,0.06803256261172681,5.6082410146939425,2.043932650400975e-8,0.24820163547886917,0.5148843804687707,0.00726060270581842,40.44824112556058,6.215713074679798e-8
NEDD8,3,-0.3380659518605615,0.06030637027812142,-5.60580831347445,2.0728527360284407e-8,-0.45626426564401623,-0.21986763807710674,0,0,6.294431295055617e-8
GREM2,3,-0.7430139331578065,0.13255538830137142,-5.605309166825617,2.078835543720624e-8,-1.0028177201852164,-0.48321014613039653,0,0,6.30336976268505e-8
ENPP5,3,-0.5592065776083269,0.09978798139023937,-5.603947187000869,2.0952457362226435e-8,-0.7547874272231492,-0.3636257279935047,0,0,6.338477671203852e-8
SCPEP1,3,-0.3460749615702372,0.06175673807016991,-5.603841335936755,2.0965263656923057e-8,-0.46711594399044387,-0.22503397915003054,0,0,6.338477671203852e-8
ADAMTSL5,3,1.0310239068452902,0.1842166995490036,5.596799363843922,2.1834514263227774e-8,0.6699658103784072,1.3920820033121732,0,0,6.591671409306318e-8
GTPBP4,3,-0.3785442550657656,0.06764599047202204,-5.595959973744921,2.194043202411137e-8,-0.5111279600894685,-0.2459605500420628,0,0,6.614019770059153e-8
FAM47E,3,-0.49983216691693994,0.08942391978444339,-5.589468322589602,2.2776591028451997e-8,-0.6750998290508478,-0.3245645047830321,0.0060559759635752065,22.822425530816023,6.849937648563955e-8
TTC39C,3,-0.5110919665247955,0.09143994522386008,-5.589373060904159,2.278908860901219e-8,-0.6903109659118766,-0.3318729671377144,0,0,6.849937648563955e-8
NBEA,4,-0.46865663601636265,0.08385625033571896,-5.588809828010354,2.2863116448080513e-8,-0.6330118665529466,-0.3043014054797787,0,0,6.862243634344282e-8
VAT1,3,0.5153637160561059,0.09223096290055675,5.587751660055528,2.3002827185780767e-8,0.3345943505115648,0.696133081600647,0.011590320986264188,45.331716232319316,6.894199939784582e-8
ANKRD42,3,-0.39685209002161076,0.07107151822461995,-5.583841459068998,2.3526318740533947e-8,-0.5361497060684479,-0.2575544739747736,0,0,7.040921366214632e-8
CDH20,3,0.3546133127364397,0.06352926531983537,5.581889086095269,2.3792009345393535e-8,0.2300982407452729,0.4791283847276065,0,0,7.110176856245848e-8
CREG2,3,-0.716907863584973,0.128570999075983,-5.575968676740968,2.4615622001524297e-8,-0.9689023912302323,-0.46491333593971385,0,0,7.339713564543805e-8
SGF29,3,0.38328323117031377,0.06873973982276536,5.575860952609792,2.4630861335209682e-8,0.24855581681103994,0.5180106455295876,0.006371499999355422,44.91432599033318,7.339713564543805e-8
ZNF524,3,0.4263743065198612,0.07649444213455109,5.57392530257144,2.490625613267767e-8,0.27644795491865787,0.5763006581210646,0.0030280825829654434,16.981492578280587,7.411129873626038e-8
PSMD13,3,-0.3928195735677986,0.07047866018778301,-5.573595929905194,2.4953414217825555e-8,-0.5309552092144902,-0.254683937921107,0.004281559734194623,25.991749317551186,7.414524511141863e-8
POLR3A,3,-0.3555984324160608,0.0638298066852188,-5.571040410160093,2.5322258071279536e-8,-0.4807025546592436,-0.230494310172878,0,0,7.513356686671497e-8
FKTN,3,-0.5544443429239128,0.09955918943128864,-5.568992135141536,2.5621704963012594e-8,-0.7495767685392393,-0.35931191730858625,0.003950957302231889,12.848189386318243,7.591345156184018e-8
TCF3,4,0.4613530232281856,0.08290540276953641,5.564812519042604,2.6243440582892142e-8,0.298861419676107,0.6238446267802642,0.014151817781046393,54.07343629787351,7.764464446350685e-8
SYNE2,3,0.46024144275797996,0.08280752622366445,5.557966331645513,2.7293601489257895e-8,0.29794167371074154,0.6225412118052184,0,0,8.063665169333457e-8
STARD10,4,0.43229556177094947,0.077811240423707,5.555695544974767,2.765084662029761e-8,0.2797883329480966,0.5848027905938024,0.0064448203219514355,26.370409961539462,8.157589742602738e-8
PAK3,4,-0.6424049835721755,0.1156599976025628,-5.554253820578853,2.7880012269580054e-8,-0.8690944133251876,-0.41571555381916336,0.018458948872319685,34.47997868889891,8.213514978282532e-8
DYNC1LI1,4,-0.38035218630870604,0.06850191905093689,-5.552431108183735,2.817237582195834e-8,-0.5146134805204206,-0.24609089209699156,0.008608250820425382,47.1096202163801,8.287873397835688e-8
PIP5K1B,3,-0.4802524704462418,0.08656330128173459,-5.5479916238774285,2.8896971692020513e-8,-0.6499134233413315,-0.3105915175511521,0,0,8.488997066466082e-8
ITPRIP,4,0.5918035733710229,0.10671114362444249,5.545846040726608,2.925361541506407e-8,0.38265357511803455,0.8009535716240112,0.009836829335310732,21.17183442720739,8.581612216526573e-8
LRP10,3,0.5983102373789917,0.10789880102988651,5.545105521731125,2.937769464971262e-8,0.38683247338536086,0.8097880013726225,0.012900762566884405,36.68717739474191,8.60583879992994e-8
GOT2,3,-0.38328360441225096,0.06917369457305558,-5.540886702349811,3.009438859902949e-8,-0.5188615544530137,-0.24770565437148823,0,0,8.803351474525693e-8
RGL3,3,0.6226640862289587,0.11249166590380719,5.535201930082584,3.1086998838539634e-8,0.4021844724965843,0.8431436999613332,0.005207223311412619,12.138391486278712,9.080906421286085e-8
NRSN1,3,-0.6348935485026106,0.11473426108773765,-5.533600360376274,3.137233381543208e-8,-0.8597685680273918,-0.4100185289778294,0,0,9.151367135472032e-8
RNF128,3,-0.539760833316445,0.09782398897063856,-5.517673517468725,3.43516846955465e-8,-0.73149232852294,-0.34802933810994996,0,0,1.0006375570022955e-7
A4GALT,3,0.5539340559162672,0.10039720994116537,5.517424799363278,3.440032074780679e-8,0.35715914028327644,0.750708971549258,0,0,1.0006488812195131e-7
NYNRIN,4,0.5157886642295592,0.09350585054187477,5.5161111442815365,3.465831197056861e-8,0.3325205648236995,0.6990567636354188,0.007182923782521486,19.70476392188119,1.006741442954612e-7
CHST6,4,0.5574548375956823,0.10108449040961692,5.514741532917174,3.492929059996298e-8,0.3593328769972486,0.7555767981941159,0,0,1.0131936881723526e-7
CDC42EP4,4,0.4739472706667548,0.08595497482682313,5.513901570230636,3.509649323374598e-8,0.3054786157141345,0.6424159256193751,0.004352342083528684,13.81147559239994,1.0166218850110218e-7
HAUS5,3,0.41666604946524044,0.07557380124447627,5.513366306894544,3.5203447229399916e-8,0.26854412085127866,0.5647879780792022,0.0011312038325387015,4.680086616053873,1.0182977622562822e-7
C2CD5,3,-0.5221724449685211,0.09476632769246873,-5.510105305157025,3.5861908782418605e-8,-0.7079110341928806,-0.3364338557441616,0.013308912297174092,52.04220179282639,1.0358997049406153e-7
RASL12,3,0.631103229944533,0.11459733059288237,5.507137266456805,3.6471587657673095e-8,0.40649658925805354,0.8557098706310126,0,0,1.052045518804089e-7
GPRC5B,3,0.459814765681316,0.08353507893639282,5.504451202248084,3.703200133690184e-8,0.2960890195202756,0.6235405118423565,0,0,1.0667273718435336e-7
KCNQ3,3,-0.4949012223489021,0.08999339795417252,-5.499305877981421,3.8128921225921556e-8,-0.6712850411854608,-0.31851740351234337,0,0,1.0968014233364952e-7
CFAP221,3,-0.672873883586979,0.12251350768394846,-5.492242417242763,3.96862130376621e-8,-0.912995946267189,-0.43275182090676884,0.011937308711511899,23.131099723905546,1.1400167013865817e-7
ECE1,3,0.5454875435030795,0.09940328390734084,5.487620952357649,4.073830645941868e-8,0.35066068709968157,0.7403143999064774,0.01582907660344901,54.33192396137282,1.1686202987114017e-7
FAAP20,3,0.5694123832702374,0.1037904673196336,5.486172265865924,4.107363712554493e-8,0.36598680538517403,0.7728379611553007,0.012792234415342968,38.918357004351215,1.1766122016350854e-7
EDA,3,0.4449193338219574,0.08116986080165937,5.481336661511952,4.2212433778275124e-8,0.2858293300205756,0.6040093376233393,0,0,1.2075667262916223e-7
VCAN,3,0.6375488575549465,0.11632417277468834,5.480794252367763,4.234206593615739e-8,0.4095576683851427,0.8655400467247503,0,0,1.209606677019152e-7
BEX5,3,-0.8573275061869895,0.15672875284362506,-5.470135445041036,4.4969178249280156e-8,-1.1645102171023742,-0.5501447952716048,0.022224642040219615,29.182147900655988,1.282665572313588e-7
MAML3,3,0.4238581750800979,0.07748887727319925,5.469922781120173,4.502316955854831e-8,0.27198276642218305,0.5757335837380126,0.00809321588779095,45.238751389963056,1.282665572313588e-7
MLLT11,3,-0.7364737341405011,0.13476352918657997,-5.464933566119762,4.630802001855051e-8,-1.0006053977757103,-0.472342070505292,0,0,1.3157548233459656e-7
MPST,3,0.45394588264049807,0.08306541923230104,5.4649201416896656,4.631152464043177e-8,0.2911406525844673,0.6167511126965288,0,0,1.3157548233459656e-7
RTCA,4,-0.401255153774289,0.0734301134444239,-5.464449596390475,4.6434529190345857e-8,-0.5451755315060502,-0.25733477604252775,0.00922347008589377,45.970114657913996,1.31744478167958e-7
HYKK,3,-0.43714320529116263,0.08003006335989012,-5.462237401029628,4.701707316329618e-8,-0.5939992471570058,-0.28028716342531945,0.0045789779561365065,21.061802417381134,1.3321504062933918e-7
GABRB2,3,-0.8653343968666404,0.15844563365929937,-5.461396296519862,4.7240417419549284e-8,-1.1758821323464943,-0.5547866613867863,0,0,1.3366524655954326e-7
SYNJ1,3,-0.49164587079088523,0.09010480807973516,-5.456377759062758,4.85945541937865e-8,-0.6682480494610598,-0.3150436921207107,0,0,1.373094078990643e-7
GLRB,3,-0.6902691647829357,0.126529782428648,-5.455388854178963,4.8865789627447965e-8,-0.9382629813147747,-0.4422753482510966,0,0,1.378879560371797e-7
PCDH11X,3,-0.630735175204645,0.11574726125432017,-5.4492449183639176,5.0584115047528705e-8,-0.857595638572261,-0.403874711837029,0,0,1.4254273723991105e-7
MAP3K11,3,0.4644808054024024,0.08529134320838576,5.445814169763657,5.156895384335973e-8,0.2973128445209214,0.6316487662838834,0.007593062168565346,33.85817522345017,1.4512077377357946e-7
CKMT1B,3,-0.9581331138207931,0.17601232453548468,-5.44355695744266,5.2227023434725154e-8,-1.3031109307455186,-0.6131552968960675,0,0,1.4677350488295388e-7
PSMA3,3,-0.38743169326811516,0.07118565960923343,-5.4425525505401335,5.252245888798895e-8,-0.5269530223179403,-0.24791036421829005,0.0067065322588688815,43.914749261639045,1.4740403211595275e-7
PRR14,3,0.46948610279071273,0.08632338414621245,5.43868972972038,5.3673832287745577e-8,0.3002953788405205,0.638676826740905,0.007894509622460667,31.95602161984661,1.5043179481727612e-7
PARL,3,-0.3244892120494682,0.05967073549243379,-5.4379958512596716,5.388322896736056e-8,-0.44144170454565435,-0.20753671955328204,0,0,1.508148675820591e-7
DCLK1,3,-0.5873546095594783,0.10802604488591229,-5.437157401993113,5.413731027670346e-8,-0.7990817669281736,-0.3756274521907829,0.0036061006105525886,9.816766423910371,1.5132180797019267e-7
AGFG2,3,0.5855462011541944,0.10774685693159497,5.434462014292806,5.496200359984558e-8,0.37436624212087843,0.7967261601875104,0.015522459419545675,43.95272948535815,1.534201823231221e-7
MSX1,4,0.7659418075922587,0.1409674005399528,5.433467629100364,5.5269313961856006e-8,0.4896507795397191,1.0422328356447983,0.014904056982200086,17.864801246407396,1.5407064133990506e-7
NFATC4,4,0.5437376017925661,0.10014416102516448,5.429548724822153,5.649672732604658e-8,0.347458652921264,0.7400165506638683,0.006882925547870937,15.038682124260067,1.572808221130478e-7
YWHAG,3,-0.5996903241164883,0.11056674431709132,-5.42378567642955,5.8349839886520586e-8,-0.8163971608658359,-0.3829834873671406,0,0,1.6222194091775292e-7
M6PR,3,-0.3990167943345604,0.07358423147049567,-5.422585605104134,5.874306644676117e-8,-0.5432392378467907,-0.25479435082233004,0,0,1.630965459311682e-7
NEGR1,3,-0.7270059058429799,0.13410587842889143,-5.421133766544536,5.922222256864487e-8,-0.9898485976787139,-0.46416321400724575,0,0,1.6420707166760625e-7
HOMER1,3,-0.5565007229482964,0.10269989361391091,-5.418707881435598,6.003131003198877e-8,-0.7577888156476569,-0.355212630248936,0.004803236008796742,14.302990804249747,1.6622822030219587e-7
SYT4,3,-0.9687496112489524,0.17888119907165692,-5.415603295799057,6.108239560524806e-8,-1.3193503189407396,-0.6181489035571652,0,0,1.6891318464704598e-7
PRR13,3,-0.46061818771807367,0.08524829377988191,-5.403254039399634,6.54426716965532e-8,-0.6277017732701321,-0.29353460216601523,0.011109415601094321,50.89862320511556,1.8056815850179436e-7
GCNT1,3,-0.5894969138355491,0.10910192879223539,-5.403175914131984,6.547119343941628e-8,-0.803332764912184,-0.37566106275891425,0.012585404414452132,34.322997255922296,1.8056815850179436e-7
TMEM150A,3,0.46625632531154804,0.08651721217770088,5.38917417211603,7.078218254044718e-8,0.29668570540044414,0.6358269452226519,0.01123583780635705,50.23338657600709,1.9495650277408693e-7
DGKI,3,-0.589169328743489,0.1095578615477124,-5.377700152415864,7.544332311149806e-8,-0.8038987916002309,-0.3744398658867471,0.015064818804907303,41.79931950804764,2.0751916728547347e-7
SZRD1,4,0.427792999453924,0.07959705489356501,5.374482762282562,7.680283003049415e-8,0.27178563858707894,0.5838003603207691,0.008664153503943004,34.14999330119654,2.1097889997780777e-7
ZFP37,3,-0.6512969801205517,0.12138382088132034,-5.365599594672005,8.068074568924648e-8,-0.8892048973538005,-0.4133890628873029,0.020611652751178103,45.86015206526936,2.2133844783002275e-7
ZC3H15,3,-0.44951280138005184,0.0838174671759983,-5.362996718048918,8.185249400198255e-8,-0.6137920183203767,-0.285233584439727,5.627024045116066e-5,0.2527381729224285,2.2425637062101958e-7
SLIT2,4,-0.4921114414438466,0.09181857510667234,-5.3596066032621925,8.340336781709288e-8,-0.6720725417647103,-0.3121503411229829,0,0,2.2820393780033063e-7
ATP6V1A,3,-0.6496320266595033,0.1212646109729737,-5.357144359324148,8.454756748262267e-8,-0.8873062967657923,-0.4119577565532142,0,0,2.3102984843077658e-7
RTN1,3,-0.6404651853270875,0.11972837377583134,-5.349318337240904,8.828613004091062e-8,-0.8751284858552668,-0.4058018847989082,0,0,2.409282022432219e-7
DCAF8,3,-0.31109512528470507,0.05816392193441219,-5.348592648816006,8.864079661985078e-8,-0.4250943174757522,-0.19709593309365792,0,0,2.413025841471214e-7
PALLD,3,0.5198852178536034,0.09720094088190352,5.3485615791029195,8.865601211191248e-8,0.3293748744616656,0.7103955612455413,0,0,2.413025841471214e-7
MRC2,3,0.4537461803023085,0.08489399235813881,5.344856187091638,9.048886939536315e-8,0.2873570127765379,0.6201353478280791,0,0,2.459684339790081e-7
LPIN3,3,0.6260815363557859,0.11714922905719534,5.344307780720575,9.076323398048602e-8,0.39647326658704984,0.855689806124522,0.015341469482046224,37.00609448906088,2.463912922454555e-7
IGF1R,3,0.34586770984981013,0.06483868258808997,5.3342803407505,9.592422824310661e-8,0.2187862271721295,0.4729491925274908,0,0,2.600612410146446e-7
PGM2L1,3,-0.7255327845779915,0.13603065694571764,-5.33359759386821,9.628577503773436e-8,-0.9921479729849214,-0.45891759617106165,0.008065911267459815,13.70658039222498,2.607006493841528e-7
MAP1B,3,-0.46518563682118086,0.087330217975391,-5.326743109152282,9.998942207030473e-8,-0.6363497188149796,-0.29402155482738207,0,0,2.7037556893586964e-7
GALNS,3,0.34845508044060863,0.06543890496860609,5.324891677325252,1.0101321773535707e-7,0.2201971835144015,0.4767129773668157,0.005044194333315049,39.0623438728224,2.7278829893636794e-7
TFCP2L1,3,0.7403930706706957,0.1392223387484102,5.318062297521563,1.0487816289980872e-7,0.46752230088037655,1.0132638404610148,0,0,2.8285736001846986e-7
EVI2B,3,0.6858155538259373,0.1290928728215717,5.312574883772639,1.0808698716701511e-7,0.4327981724348472,0.9388329352170274,0,0,2.9113300179790823e-7
ALG5,3,-0.5365266100711704,0.10104831698444618,-5.309604613738941,1.098633091349721e-7,-0.734577672059072,-0.3384755480832689,0,0,2.9553372651871876e-7
HMG20A,3,-0.3216952754620568,0.06061528491463992,-5.3071642889260815,1.1134381578188391e-7,-0.44049905080738505,-0.20289150011672852,0,0,2.9912833410832545e-7
STEAP2,3,-0.6438260364436517,0.12133623705105193,-5.306131557160153,1.1197615569894573e-7,-0.8816406910833279,-0.40601138180397545,0.016698629024618723,37.79847506687277,3.004379649671584e-7
PLEKHH3,3,0.5868283600331337,0.11069105223843774,5.301497710664603,1.1485648878634288e-7,0.369877884234954,0.8037788358313134,0.023734196511870635,67.00794514243563,3.077679040605622e-7
WWC2,3,0.3146051404877389,0.059387913135091605,5.2974607774497215,1.1742411742926888e-7,0.19820696962596618,0.43100331134951164,0,0,3.142420897397467e-7
PMEPA1,3,0.31434215829163065,0.059501848854886616,5.2828973274133,1.2715666256181204e-7,0.19772067752250705,0.43096363906075424,0,0,3.398491213314409e-7
TMEM178B,4,-0.4686089460100108,0.08871396413704628,-5.282245591980296,1.2760997326531637e-7,-0.6424851206443994,-0.29473277137562215,0.008331081305876514,26.087948886767883,3.4062173044049696e-7
MROH6,3,0.7307313646710015,0.13842874766743432,5.278754427704093,1.300649762206909e-7,0.4594160048178473,1.0020467245241558,0.02844148498581607,51.19676342404886,3.4672848416672614e-7
ACADSB,4,-0.5271063018022054,0.0998705579322652,-5.277894834228348,1.3067642069723937e-7,-0.7228489984653662,-0.3313636051390446,0.02292210932700864,58.88218292507719,3.4791129207455e-7
FGF9,3,-1.087006157101043,0.20599449965764394,-5.2768698140368375,1.3140917164547256e-7,-1.4907479574433735,-0.6832643567587124,0.0656964559607983,51.20063081683333,3.4941361793937187e-7
RIOK3,3,-0.38258075402440506,0.07253719499420261,-5.274270035600109,1.3328553209710448e-7,-0.5247510437526013,-0.24041046429620885,0,0,3.5394903145889206e-7
LGALS9,3,0.4609485212818528,0.08740781164008972,5.273539202421104,1.338176526470227e-7,0.28963235849981606,0.6322646840638896,0,0,3.5490768745514714e-7
TRAPPC11,3,-0.4234689534599633,0.08033244154314016,-5.271456279995571,1.3534553050896533e-7,-0.5809176456746873,-0.26602026124523936,0.01083804932798939,57.30308909529442,3.5850144351927724e-07
EPHA7,3,-0.5216226570294559,0.09896851034451518,-5.270592183449633,1.3598430808881187e-7,-0.7155973729082854,-0.32764794115062634,0,0,3.597339986941273e-7
EEF1D,3,0.4113565725690207,0.07806274024008628,5.269563575450603,1.3674850207673178e-7,0.258356413163946,0.5643567319740954,0,0,3.612947685441296e-7
RIN2,4,0.3615611461901004,0.0687633102150254,5.258053241757638,1.455883738182157e-7,0.2267875347108954,0.49633475766930535,0,0,3.8416067086384143e-7
MTR,4,-0.340555401833864,0.06478565177587176,-5.256648540204973,1.467042914585726e-7,-0.467532946029526,-0.213577857638202,0.001983241719201065,10.975780372269332,3.8661334242068563e-7
RTEL1,3,0.6328278047066183,0.12059728785170988,5.247446405965304,1.5422189274740427e-7,0.3964614638840571,0.8691941455291794,0,0,4.0590889030217827e-7
PDCD5,4,-0.36166343740189083,0.06897341732609148,-5.243519190763362,1.5754241450091153e-7,-0.4968488512516811,-0.2264780235521006,0.005900043521451001,30.85725763663004,4.141228994612047e-7
UBE2V2,3,-0.6328829322120384,0.12074558119343766,-5.241458328799155,1.5931245781635075e-7,-0.8695399226435331,-0.3962259417805437,0.027141131814873595,65.37044696217221,4.182456171026727e-7
FAM133A,4,-0.478887378288283,0.09141374587462481,-5.2386801755731955,1.6172903277153115e-7,-0.6580550278944446,-0.29971972868212143,0.008159262133882766,23.975275296374512,4.240531150039894e-7
PTRH2,3,-0.36262590865725264,0.06927007511819387,-5.234957635580916,1.650227097598168e-7,-0.49839276109529673,-0.22685905621920854,0.006844347726280983,47.25847661570103,4.3205596165016177e-7
THOC3,3,-0.5406911861647229,0.10328859619202638,-5.234761688110376,1.6519786768976774e-7,-0.7431331147147955,-0.33824925761465024,0,0,4.3205596165016177e-7
CDH7,3,-0.7556501383361324,0.14438279985179728,-5.233657604034377,1.6618817629427739e-7,-1.03863522603271,-0.47266505063955466,0,0,4.340985864412233e-7
ORAI2,3,0.5882659697992367,0.11249119405411481,5.2294401774795505,1.7002410653100752e-7,0.36778728087526547,0.808744658723208,0,0,4.4355974458529506e-7
S1PR3,3,0.5582294786725697,0.10676606320941522,5.228529196376156,1.7086385452735084e-7,0.34897184001098897,0.7674871173341504,0,0,4.451904953388513e-7
UNC119B,3,0.41174633775037567,0.0787838680575716,5.226277255763712,1.7295695168552757e-7,0.2573327937947798,0.5661598817059715,0,0,4.50078692341009e-7
REEP5,3,-0.5677112304190307,0.10867402772758611,-5.223982604584383,1.7511523775973162e-7,-0.7807084108200066,-0.3547140500180548,0.02131289742415083,62.108481353597085,4.551240640522348e-7
ZNF106,3,0.3059272516882162,0.05857942781584108,5.222434958736269,1.765855897312823e-7,0.1911136829342039,0.42074082044222855,0,0,4.5837110525992427e-7
CLIP2,3,0.6136623432370566,0.11762123955149661,5.217274920558753,1.815746596660052e-7,0.38312894989916513,0.8441957365749481,0.028550593195140424,73.03782697575241,4.707323051841184e-7
WDR7,3,-0.3673191217249586,0.0704229731258032,-5.215899094018394,1.8292774300258224e-7,-0.505345612735765,-0.22929263071415223,0,0,4.736481135922042e-7
TM2D2,3,-0.4763699145519783,0.09136701342326642,-5.213806347649224,1.8500460228251293e-7,-0.6554459702365681,-0.29729385886738846,0.016749816098428686,67.68198415467242,4.784283605161244e-7
TCAP,3,0.6766922433516469,0.13002537072574286,5.204309278832713,1.9471948463254527e-7,0.42184719965272227,0.9315372870505716,0.015230097322126768,29.354657701508344,5.029242977931493e-7
SFMBT2,3,0.27170008277785096,0.05222966241698304,5.2020264004138905,1.9712721414990823e-7,0.169331825515879,0.3740683400398229,0,0,5.085097539140668e-7
RTF1,3,-0.37676108894281235,0.07245547532642008,-5.199898106326144,1.993978064041762e-7,-0.5187712110653262,-0.2347509668202985,0,0,5.137280130214428e-7
ARHGEF16,3,0.7292612760457855,0.14026396146967965,5.199206327873659,2.0014126557106908e-7,0.4543489632362996,1.0041735888552714,0,0,5.150037032188551e-7
TOP3B,3,0.5418461539367946,0.10424015085067677,5.198056118634988,2.013833378963943e-7,0.33753921252644586,0.7461530953471434,0.017464957276588745,53.5899124140107,5.175576738502129e-7
RHBDF1,3,0.5312400373483238,0.10220652965565903,5.197711331537318,2.0175711096423544e-7,0.3309189202384072,0.7315611544582404,0.012362330289859103,39.58712490555397,5.178765447275053e-7
LOC730098,3,-0.3900980623060377,0.07511987885341853,-5.193007074295691,2.0692431864891802e-7,-0.53733031938175,-0.24286580523032542,0,0,5.30483358316262e-7
FLRT3,3,-0.6695106319782785,0.12900434380243656,-5.18983014249194,2.1048599893590424e-7,-0.922354499680277,-0.41666676427627997,0,0,5.389481009790931e-7
BPGM,3,-0.4536469435318151,0.0874400430077906,-5.188091495922489,2.1246021670967144e-7,-0.6250262786337181,-0.28226760842991216,0,0,5.43332292793907e-7
TIGD5,4,0.46692263312874577,0.09002177261712015,5.186774483042644,2.139675721781558e-7,0.29048320097473623,0.6433620652827553,0.018224378540273818,58.90007798552945,5.465132323860776e-7
RFK,3,-0.733701586449474,0.14174428168877656,-5.176234114759136,2.264093245087655e-7,-1.0115152735739763,-0.4558878993249717,0.03570045304734054,59.98980917754916,5.775804908132591e-7
PREP,3,-0.39177204403752336,0.07570645067408094,-5.174883256964673,2.2805352970576167e-7,-0.5401539607560801,-0.24339012731896664,0,0,5.810602218792993e-7
NELL2,3,-0.6537685197302914,0.12659870372525342,-5.164101215041748,2.415969491462932e-7,-0.9018974195212448,-0.40563961993933795,0,0,6.14812358931794e-7
EIF5A2,3,-0.6108359397913689,0.1183253318574296,-5.1623429252441575,2.4387799277129836e-7,-0.8427493286906808,-0.37892255089205695,0.02001564683547516,49.20138412130464,6.198565649603833e-7
AHNAK,3,0.5594877440122563,0.10845325898535439,5.1587914392485885,2.4854898706881747e-7,0.34692326239496674,0.7720522256295459,0,0,6.309554457536443e-7
C15ORF39,3,0.5665632267507787,0.10982980456073857,5.158556268189073,2.488613214854576e-7,0.3513007653826582,0.7818256881188993,0.018227647803870133,50.50675933324971,6.309760156000478e-7
LDHA,3,-0.5923418641977873,0.11487001936276202,-5.156627181607403,2.51437722814829e-7,-0.8174829650522195,-0.36720076334335516,0.01941885184837926,49.34584182539979,6.367115740633335e-7
PODN,3,0.5474844034391134,0.10617562239887857,5.156403994340004,2.5173745936930255e-7,0.3393840075011872,0.7555847993770397,0.004637132196053233,11.904295440870998,6.367115740633335e-7
COA7,4,-0.39476624981818953,0.07664217666418677,-5.150770332996757,2.594187089278163e-7,-0.5449821557767518,-0.2445503438596273,0.010746459191948726,47.3820595953309,6.553403195082717e-7
FOXJ1,4,1.6671628916419896,0.3237134841382541,5.150118772716815,2.603215531507798e-7,1.0326961214210335,2.301629661862946,0.19018922810126745,46.37783142781829,6.568210477307997e-7
ELK1,3,0.537507853373327,0.10439991912325401,5.148546645316343,2.6251250896440543e-7,0.3328877719028547,0.7421279348437992,0,0,6.615442813999719e-7
LONRF2,3,-0.4891091606874523,0.09501682627433217,-5.147605743800561,2.6383228109000785e-07,-0.6753387181104424,-0.30287960326446217,0,0,6.637607057388425e-7
LDLRAD3,3,0.44034394069221944,0.08554580817605134,5.147463681516709,2.6403210329534474e-7,0.2726772376387867,0.6080106437456522,0,0,6.637607057388425e-7
GRIA2,3,-0.45238911009123883,0.08790328676763644,-5.146441353064354,2.6547440901881e-7,-0.6246763862785025,-0.28010183390397514,0,0,6.665786008535253e-7
CARHSP1,3,0.40419509715940655,0.07883712140546971,5.126964175677824,2.9445151804341763e-7,0.24967717855987417,0.558713015758939,0,0,7.384431057098527e-7
TMEM241,3,-0.49563160827910596,0.0966901702383968,-5.125977201788863,2.9599842538670125e-7,-0.6851408596054103,-0.30612235695280166,0.009919616147276624,35.02179676168444,7.414260075507469e-7
SVOP,3,-0.8767049216067521,0.1710523342737087,-5.125360757742693,2.969685707491054e-7,-1.2119613362547272,-0.5414485069587768,0.01527145786746274,16.732926969356242,7.429587644555423e-7
ZNF444,3,0.38965085056500637,0.07603865690583084,5.124378394105051,2.985209401352905e-7,0.24061782159678008,0.5386838795332327,0.0011822359361506475,5.895816898690447,7.457722446609404e-7
PEAR1,3,0.6759473552274724,0.13191289819339655,5.124194559325585,2.9881231210860247e-7,0.41740282567211645,0.9344918847828283,0,0,7.457722446609404e-7
MST1,3,0.6285061046832962,0.12272615054469678,5.1212076798122554,3.035850704654612e-7,0.3879672696544497,0.8690449397121426,0,0,7.567733607516426e-7
TSPAN11,3,0.6505205121092755,0.12712616997579385,5.117125075294422,3.1022791095634475e-7,0.40135779746420247,0.8996832267543486,0,0,7.72404186462736e-7
SV2B,3,-0.7734969953217624,0.1512085468836492,-5.115431708479726,3.1302418733369025e-7,-1.069860301368351,-0.4771336892751738,0,0,7.784318519545247e-7
CNTNAP2,4,-0.5579121037328323,0.10912205423112771,-5.112734613217028,3.175282459569739e-7,-0.7717873999448692,-0.34403680752079535,0,0,7.886869246883399e-7
TRIM41,3,0.4529032539058974,0.08860979874847177,5.11120959874326,3.201025935383486e-7,0.2792312396815504,0.6265752681302444,0,0,7.941301184193003e-7
NFKB2,3,0.5828259834973416,0.11409512689908749,5.108246069201777,3.251630166350393e-7,0.35920364396360305,0.8064483230310802,0,0,8.057205454015192e-7
GRIN3A,3,-0.6479625709363911,0.1268776794506641,-5.106986301624068,3.27337468370964e-7,-0.8966382531017104,-0.39928688877107177,0.004310464776478361,8.620810365565932,8.093778965079811e-7
CENPB,3,0.5446440250587021,0.10664784371995582,5.10693893154437,3.274195058679827e-7,0.3356180923387325,0.7536699577786717,0,0,8.093778965079811e-7
PFKFB4,3,0.32184317021604364,0.06308539182266235,5.101706764709782,3.3660400710319367e-7,0.19819807429302783,0.44548826613905945,0,0,8.310913223000282e-7
PLCXD3,3,-0.8539124388536878,0.16761649494242847,-5.094441565234869,3.497706927349774e-7,-1.1824347321556878,-0.525390145551688,0.04640834639264121,55.13121693816822,8.625736227495161e-7
EMILIN1,3,0.4693684235987221,0.09218478385362805,5.0916041018655545,3.5504684583779466e-7,0.28868956732300166,0.6500472798744426,0,0,8.745453186075845e-7
CAMK4,3,-0.6717800578452531,0.1319623222366014,-5.090695938502714,3.567517089069045e-7,-0.9304214567452609,-0.41313865894524526,0.027490605973942615,53.76939408141408,8.777023063735704e-7
GABRG3,3,-0.5291299367483494,0.10397873048520172,-5.088828592917427,3.602820723093378e-7,-0.7329245036575417,-0.3253353698391571,0,0,8.853376990160741e-7
TPMT,3,-0.3112689531340113,0.06117082560181414,-5.088519732595861,3.608692374310153e-7,-0.43116156821814766,-0.19137633804987494,0,0,8.857311224046458e-7
PLOD3,3,0.6105319539097841,0.12010566260519032,5.08329033508367,3.7095201326766566e-7,0.3751291808642919,0.8459347269552763,0,0,9.09402453329951e-7
CHST3,3,0.537632584718019,0.10577513981890482,5.082787748033114,3.719352455361671e-7,0.33031712021327697,0.744948049222761,0,0,9.107363627414528e-7
VEZT,3,-0.41462526527283916,0.08159593100082109,-5.081445363601119,3.7457375506559705e-7,-0.5745503513194637,-0.2547001792262146,0.01239674042766832,67.22003481088669,9.15166515096683e-7
SCAMP2,3,0.47616726694653333,0.09370755009951913,5.081418374942414,3.746269871345631e-7,0.2925038436719931,0.6598306902210735,0.0154843019422937,61.787520875089406,9.15166515096683e-7
YAP1,4,0.5276792689661397,0.10409828705153917,5.069048530115439,3.998092876684963e-7,0.3236503754928107,0.7317081624394687,0.006452995498132925,13.687130172163409,9.75534661911131e-7
RCAN2,3,-0.5448252856285652,0.10760766800451944,-5.063071207952234,4.1255566746604546e-7,-0.7557324393777665,-0.33391813187936403,0,0,1.0054529428020895e-6
XKR8,4,0.43172905676037326,0.08533101324304977,5.059462443398768,4.2044007522232045e-7,0.2644833440396853,0.5989747694810612,0.014191040089411636,50.58564700168782,1.0234656291210007e-6
GABRB3,3,-0.70202645286358,0.139059164908885,-5.048401184658092,4.4552280936043825e-7,-0.9745774078052107,-0.42947549792194933,0,0,1.0832524110358135e-6
STON1,3,0.6251309673889529,0.1238510383231079,5.047442281090001,4.477639802970551e-7,0.38238739282777146,0.8678745419501344,0.001577023738949368,3.1656901308187506,1.087426809292848e-6
TEAD2,3,0.6915977563632897,0.1371568767870664,5.042384841096833,4.5976545182113895e-7,0.42277521762864184,0.9604202950979375,0,0,1.1152673065228562e-6
ABI2,3,-0.33946668354038323,0.06742417490903337,-5.034791808700385,4.783684483623458e-7,-0.47161563804941775,-0.20731772903134868,0.007182298466319987,54.26728030800883,1.159037572317179e-6
BORCS7,3,-0.4095090408184522,0.08135304560012128,-5.033727229234079,4.810340125998261e-7,-0.5689580802273346,-0.25006000140956974,0.011019393129154063,56.56628054802242,1.16413598848546e-6
THY1,3,-0.6206356185916548,0.12336376386628248,-5.030939387228648,4.880824478484259e-7,-0.8624241527668721,-0.37884708441643755,0,0,1.1798170126312765e-6
GYPC,3,0.7921081749280933,0.1577868037047606,5.020116741893255,5.16400858492254e-7,0.4828517224310714,1.1013646274251152,0.05368630679829781,74.12973011281558,1.2468165081640686e-6
GAS7,4,-0.36717601950425305,0.0731728135434729,-5.017929497628366,5.223133653514349e-7,-0.5105920986969246,-0.2237599403115815,0.0024830463538696034,11.186175938298314,1.2596254880684603e-6
GSAP,4,-0.39930417180043365,0.07959164489558311,-5.0169106609655305,5.250896944156381e-7,-0.5553009292660778,-0.24330741433478953,0.012228406888918363,50.538970982193206,1.2648502046667055e-6
C17ORF75,3,-0.42110319034183946,0.08398417826399439,-5.014077639935359,5.328846760054534e-7,-0.5857091550104601,-0.25649722567321886,0.010820487496337022,53.406480703507285,1.2821378399481559e-6
SIX5,4,0.6541930193388541,0.13058337271563394,5.009772727830084,5.449435102789353e-7,0.3982543118364412,0.910131726841267,0.03184961507602072,49.04748703056426,1.309632491678461e-6
SOX8,3,0.46432262945856373,0.09276192381836088,5.005530398094846,5.570842019213658e-7,0.2825125996379282,0.6461326592791993,0,0,1.3372599939640191e-6
PSMB3,3,-0.42620558444526896,0.08517750347122996,-5.003734167780893,5.62302861029734e-7,-0.5931504235419152,-0.2592607453486228,0.005161680424625939,20.780239937714725,1.3482267442493274e-6
SV2A,3,-0.5539488855364499,0.1107584802382112,-5.001412843017143,5.69116946092889e-7,-0.7710315177857352,-0.3368662532871647,0,0,1.3629890833679581e-6
TENM1,4,-0.3801821445208263,0.0760350568001287,-5.000090228382427,5.730349156738926e-7,-0.529208117411536,-0.23115617163011676,0,0,1.3707894061218607e-6
PLCL2,3,-0.41117909959183124,0.08227684651668091,-4.997506795650807,5.80762927482481e-7,-0.5724387555260556,-0.24991944365760688,0.0015440861045527483,6.982958313774746,1.387675474192011e-6
LAMA5,4,0.5458983346751768,0.10929956634693443,4.994515101207333,5.898377640658189e-7,0.3316751211093392,0.7601215482410144,0.003184551263663894,5.316750840978129,1.4069276933744784e-6
EBP,3,-0.3035781765085565,0.0607836628136142,-4.99440412861335,5.901769977028911e-7,-0.42271196647166687,-0.18444438654544612,0,0,1.4069276933744784e-6
STXBP5,3,-0.4840119250992247,0.0969751506462749,-4.991092273367012,6.003880569318675e-7,-0.6740797277612696,-0.29394412243717977,0.01570136237169014,56.78583770124067,1.4296266705817374e-6
RELA,4,0.4180655526535025,0.08381618063785487,4.987885984209195,6.104357473633954e-7,0.25378885728160355,0.5823422480254015,0.01274946927003993,46.25892867337858,1.4518850229721125e-6
SSX2IP,3,-0.5665337426168309,0.11369704590065818,-4.98283608099928,6.265902904439251e-7,-0.7893758577307183,-0.34369162750294346,0.0186479617212593,48.830322342636336,1.4886005296457052e-6
PGAM2,4,0.5036063715901608,0.10108076501221805,4.982217650700287,6.28596730054579e-7,0.305491712636457,0.7017210305438645,0.00369204332319003,8.184786832796942,1.4916586019830627e-6
FGFRL1,4,0.6686165851374268,0.13424963659108394,4.980397728553943,6.345372880391291e-7,0.4054921324813118,0.9317410377935419,0.035380763284665044,51.23722680983762,1.504034669020747e-6
SAMD11,3,1.283922640502364,0.2580672668928558,4.975147200808781,6.519807648632013e-7,0.7781200918036809,1.789725189201047,0,0,1.5436165597331957e-6
RASGRF1,3,-0.5151195793945982,0.10357226205978312,-4.9735283284366725,6.574516123613938e-7,-0.7181174828291174,-0.312121675960079,0,0,1.554794348959556e-6
RFC3,3,-0.5163265184363189,0.10395611528983213,-4.966773883352492,6.807588530868934e-7,-0.7200767603770836,-0.3125762764955543,0.010628149458610176,31.891900618422312,1.6080795686813407e-6
POMT2,3,0.2905541214580551,0.05852585239126681,4.964543181970151,6.886296383451603e-7,0.17584555860666476,0.40526268430944545,0,0,1.6248212399634387e-6
AZGP1,3,0.9453881742538549,0.1904446455075907,4.9641100264810225,6.9016811317478e-7,0.5721235280104794,1.3186528204972303,0,0,1.6266007576414702e-6
CDK2AP1,4,0.6683448996962076,0.134673958200993,4.962688470912409,6.952404766990338e-7,0.40438879196680866,0.9323010074256065,0.04536252274882438,67.54704409224686,1.6366792517514702e-6
TIPRL,4,-0.5486795829737747,0.11056582063691861,-4.962470136006635,6.960227097612327e-7,-0.7653846093432506,-0.3319745566042988,0.03239030893792511,70.31486940621413,1.6366792517514702e-6
KLHL6,3,0.8225732520795216,0.16598618942177754,4.955672848114671,7.208041076043403e-7,0.49724629888179434,1.147900205277249,0,0,1.693032524542924e-6
PRKAG1,3,-0.37183608729442386,0.07505885845893921,-4.953926757330529,7.273059208965201e-7,-0.5189487465946343,-0.22472342799421344,0.006864662018755387,40.560710794768916,1.7063715836418356e-6
HVCN1,3,0.629904720193377,0.1272168515886874,4.951425163625024,7.367195050301371e-7,0.38056427285297256,0.8792451675337813,0.017901041138242955,35.37641897255749,1.7265042411666717e-6
PEG3,3,-0.39607427378620874,0.08001986228936904,-4.949699517776211,7.432814678140769e-7,-0.5529103219212269,-0.2392382256511906,0,0,1.7399162124677149e-6
PCAT19,3,0.7948229400815716,0.16087709876618866,4.940559881905445,7.789856385301611e-7,0.4795096205625487,1.1101362596005946,0,0,1.8214387985474117e-6
SMO,4,0.6896329017258627,0.13969084902233386,4.936850957327947,7.939409865755324e-7,0.4158438686722661,0.9634219347794593,0.04925014226930772,66.3565185010535,1.8543171240514122e-6
PGK1,3,-0.4227399471434811,0.08582702759385497,-4.925487448358848,8.415031259281135e-7,-0.5909578301275622,-0.2545220641594,0,0,1.9631917696005707e-6
CFLAR,3,0.35285233011209455,0.07176191991379068,4.916985645534353,8.788699328096932e-7,0.21220155161961715,0.4935031086045719,0,0,2.0480631917385436e-6
DZIP1L,3,0.5914844995543392,0.12033999999588486,4.91511134763641,8.87320134594423e-7,0.3556224336628547,0.8273465654458239,0,0,2.065434297585671e-6
NBEAL2,3,0.5006058532967548,0.1018873454768081,4.913327076626058,8.95437104968733e-7,0.30091032568182097,0.7003013809116886,0.01010625849536572,32.08802626349006,2.0819916543779734e-6
OPCML,3,-0.6410350812791029,0.1305248369538399,-4.911211507629042,9.0515386784155e-7,-0.8968590607965918,-0.385211101761614,0,0,2.1022274601381575e-6
PYROXD1,3,-0.8095099840638263,0.16490065187820552,-4.909076919002873,9.150608466813632e-7,-1.1327093227722864,-0.48631064535536633,0.05062861639343002,62.11618745559047,2.1228592796612386e-6
RAB3IL1,3,0.5928404964523392,0.12079362564458025,4.907878981931516,9.206663209110142e-7,0.356089340626948,0.8295916522777302,0.02915139206587793,68.03789076543771,2.1334770386250763e-6
P3H2,3,0.526979327957384,0.10746863541642929,4.903563964643231,9.411327685435559e-7,0.3163446730735169,0.7376139828412511,0.007124989928177716,17.830334569657527,2.1784702700439004e-6
GBGT1,3,0.4220185532419446,0.08614050580751642,4.8991882423462645,9.623341283578803e-7,0.25318626424914903,0.5908508422347402,0,0,2.225062410495255e-6
DNAJA2,3,-0.4011500548180026,0.08199722421600748,-4.892239446560316,9.969505009778868e-7,-0.5618616611136328,-0.24043844852237237,0.010696889649384636,53.05527619651073,2.302533785109284e-6
HMG20B,4,0.5658742167824213,0.11578432850111442,4.887312679599596,1.0222167730389022e-6,0.3389411029460826,0.7928073306187601,0.03190154962235151,63.19946348520907,2.3582620548194473e-6
TCF7L1,4,0.5770020399772012,0.11824097132408705,4.879882442742241,1.0614909384304038e-6,0.3452539946849573,0.8087500852694451,0.03184255245584366,62.026354125097896,2.4461468958940637e-6
APOL2,4,-0.35938615751049796,0.07371613431672322,-4.875271347875979,1.0865899016226128e-6,-0.5038671258507926,-0.21490518917020332,0,0,2.5012069433577124e-6
EEF1E1,3,-0.49759972265568003,0.10215839382018631,-4.870864782110105,1.1111086257136637e-6,-0.6978264952617044,-0.2973729500496557,0.013241032200425173,40.98013023116048,2.5548107424946104e-6
GSDMD,3,0.5015538649953325,0.10317119048882471,4.861375182538577,1.1657307427997306e-6,0.2993420473951147,0.7037656825955503,0,0,2.6774369441491046e-6
HLTF,3,-0.5044690963788315,0.10379256969623558,-4.8603584809128,1.171733810904905e-6,-0.7078987948463167,-0.3010393979113464,0.018450639335693977,56.35318899828273,2.688247703337138e-6
ANTXR1,3,0.43941540314786354,0.0904499365604289,4.8581062614045445,1.185138043791418e-6,0.2621367850854902,0.6166940212102369,0,0,2.7132590547549404e-6
XKR4,4,-0.5364279463631834,0.11041957927702394,-4.858087214925687,1.185252026811946e-6,-0.7528463449342155,-0.3200095477921512,0.025749563458379934,53.377987282387636,2.7132590547549404e-6
CPD,3,-0.4826444879712016,0.09937766821109652,-4.8566694777540516,1.1937661042035301e-6,-0.6774211385325217,-0.2878678374098814,0.011423031733450582,37.41845462237577,2.7297363838127025e-6
MMP14,3,0.5797742762014134,0.11951626497937104,4.851007319392759,1.2283601263531665e-6,0.34552670127510043,0.8140218511277264,0,0,2.8057476894895014e-6
HSPG2,3,0.5783567517527127,0.11925288656985843,4.849834401399676,1.2356459018868696e-6,0.34462538902334994,0.8120881144820755,0,0,2.8192844890136057e-6
SLC16A6,3,-0.7893691745407476,0.16279852120313443,-4.848749047024818,1.2424247808501857e-6,-1.1084484128352714,-0.47028993624622384,0.043331386315770486,55.16655186066377,2.8316362587728406e-6
CDKL5,3,-0.6389647544178001,0.13190550558317468,-4.844109816287333,1.2718057987689157e-6,-0.8974947947233695,-0.38043471411223073,0.019173787181655605,34.62215870726719,2.8954173728284645e-6
AK5,3,-0.4978936519552152,0.10291806276719678,-4.837767429430372,1.3130565203524364e-6,-0.6996093483375535,-0.29617795557287685,0,0,2.986051779836571e-6
CDC123,3,-0.43677410188187143,0.09029962476653877,-4.836942600936715,1.3185148251674485e-6,-0.6137581142417685,-0.25979008952197435,0.01848275809566168,77.1073625989101,2.9951804462182784e-6
NBPF10,4,0.4389528477900135,0.09079270762000846,4.834670749408064,1.3336618793539464e-6,0.26100241079592157,0.6169032847841054,0.006016328111430568,15.286412372284474,3.0262743301751473e-6
CHPT1,3,0.5517684016770819,0.11423486758811807,4.830122477723019,1.3644909244286219e-6,0.3278721754256685,0.7756646279284952,0,0,3.092846095371543e-6
SERTAD1,3,0.5137057819397345,0.10641811239246736,4.827240122858036,1.3843816386740668e-6,0.3051301143477629,0.722281449531706,0,0,3.1345060246834222e-6
DYNLT3,3,-0.6460347050722988,0.13392943422639025,-4.823694722552634,1.4092305521414573e-6,-0.9085315726258496,-0.38353783751874787,0.03714530521923005,69.912970450262,3.187289165912086e-6
RAB13,3,0.45972268012703,0.09531050227751939,4.823421020156175,1.4111666026903597e-6,0.2729175283146692,0.6465278319393908,0,0,3.1881912134856273e-6
SLC25A18,3,0.75155940117486,0.15605649275121142,4.815944456556588,1.4650527482386042e-6,0.4456942958288496,1.0574245065208703,0.037087229669238365,49.83623464410421,3.3063323175700377e-6
SKI,4,0.40572184102147796,0.08426659082956321,4.814741370540159,1.4739065486506768e-6,0.24056235789556088,0.570881324147395,0.016035475034460494,62.316352391545976,3.3226980238059824e-6
ST3GAL5,3,-0.3057770534207221,0.06356753420753862,-4.810270796762466,1.5072595251547662e-6,-0.43036713105351565,-0.18118697578792853,0,0,3.39419788835069e-6
E2F3,3,-0.5128694050225862,0.10672101867617816,-4.805701926241703,1.5420950619889084e-6,-0.7220387580213218,-0.30370005202385053,0.01978161963565786,59.37036882222476,3.46887761232646e-6
REEP1,3,-0.7065971498510903,0.147080206888411,-4.804162060957543,1.5540092575177532e-6,-0.9948690581910759,-0.41832524151110484,0.03633109955639482,55.99737361069589,3.4918907909987215e-6
ZMYND10,3,0.5812515573950314,0.12104035451989122,4.802130328356823,1.5698645799585058e-6,0.34401682186008475,0.8184862929299781,0,0,3.5237003667033995e-6
RADIL,3,0.480317459492769,0.10037434052435974,4.785261422227738,1.7076492042754002e-6,0.28358736709306465,0.6770475518924733,0.01614548289889017,54.68754476000289,3.828826432072627e-6
CD82,3,0.44507313763573436,0.09352455197112518,4.7588908821840334,1.946596271388948e-6,0.2617683841020845,0.6283778911693843,0.008780214018332715,32.66576406352173,4.359871130519091e-6
MORF4L2,4,-0.4592192618897068,0.09676778003908434,-4.745580209696129,2.0790950396815918e-6,-0.648880625630206,-0.26955789814920755,0.023636559404451658,65.26730370437684,4.65161069287985e-6
FAR2,3,-0.37077785274678016,0.07816720546143936,-4.743393991866428,2.1016694639673993e-6,-0.5239827602233439,-0.2175729452702164,0,0,4.697050073565072e-6
LRP5,4,0.7727669342023379,0.1630336219184984,4.739923735416055,2.137986759611375e-6,0.4532269069729611,1.0923069614317147,0.07237314261699876,70.7623303549578,4.773072701220658e-6
ZNF853,4,0.42880368333844754,0.09047801574012014,4.7393135208678725,2.1444348401970134e-6,0.25147003109516397,0.6061373355817311,0.01825239513089435,58.44111065119305,4.782320278030758e-6
IDNK,3,-0.3459019455247758,0.07302544490908248,-4.736731778292179,2.1719231395511848e-6,-0.4890291875015913,-0.20277470354796032,0.00235245842216496,12.803425735516242,4.838419539666119e-6
NECAB1,5,-0.698194878416289,0.14746484458867065,-4.7346530650324885,2.194301194389197e-6,-0.9872206627958797,-0.4091690940366983,0.07324924741541809,69.23684120858124,4.883026477642912e-6
CSRNP3,4,-0.6329969874310695,0.13395696068720578,-4.725375853436535,2.296901251017594e-6,-0.8955478058564407,-0.37044616900569827,0.03650037035492007,52.65477383568376,5.105866232165584e-6
LZTS2,3,0.416877695233168,0.08827940934521944,4.72225288235623,2.3324641024434464e-6,0.24385323234006923,0.5899021581262667,0.012689312606723999,55.31288084847644,5.179368895575704e-6
TRAF3IP2,4,0.323827955535524,0.06859491060519586,4.720874372143216,2.348329535300625e-6,0.18938440122659553,0.45827150984445253,0,0,5.209021878303204e-6
ATP6V1G2,3,-0.8047625713445634,0.1704825188258242,-4.720499068686099,2.352666858627184e-6,-1.1389021682368505,-0.4706229744522763,0.02807243040693142,28.540361629251574,5.2130673769153634e-06
VSTM4,3,0.28364261011637654,0.060110398246650654,4.718694575146674,2.3736287265903174e-6,0.16582839445658165,0.4014568257761714,0,0,5.253901791833851e-6
ATP2B1,3,-0.5701268126545926,0.12088452546741892,-4.7162927632805625,2.401807654217751e-6,-0.8070561288589486,-0.33319749645023666,0,0,5.3106066896030015e-6
RAB9B,3,-0.6743641285412629,0.1429933058410722,-4.716053836050024,2.404628333430292e-6,-0.9546258580200854,-0.3941023990624405,0.03841891904115953,64.43919392217686,5.31118121782154e-6
NDST3,3,-0.7073581680478533,0.15019365206119117,-4.709640909188791,2.4815360446852693e-6,-1.0017323167943282,-0.4129840193013786,0.01708623874545967,25.018392907836834,5.475218890082179e-6
TSNAX,3,-0.6448853926613485,0.1370314629588516,-4.706111857354959,2.5248601593366793e-6,-0.913462124809532,-0.3763086605131649,0.0418350065589953,78.96798452254359,5.5648883851905125e-6
GPCPD1,3,-0.6445165044616794,0.1371610800520519,-4.698975133595396,2.6147028413493314e-6,-0.9133472814443164,-0.37568572747904244,0.04332606336103483,77.39425543815503,5.756787359828571e-6
SLC25A43,3,0.3744049739953451,0.07970174205502778,4.697575791214801,2.6326750600936246e-6,0.21819243006238928,0.5306175179283009,0,0,5.790210047332108e-6
IL16,3,0.464557833426547,0.09892534383222265,4.69604466793097,2.6524756104806377e-6,0.2706677223571491,0.6584479444959449,1.5511483367275247e-4,0.3843445412810592,5.827578830653435e-6
ATP1A1,3,-0.46600030119054175,0.09946122668950272,-4.685245866163483,2.7962405958551213e-6,-0.6609407233601411,-0.2710598790209424,0,0,6.136934387093673e-6
NUAK2,3,0.6178431719622755,0.13191550786037815,4.683628043309452,2.8184125469546688e-6,0.3592935275536239,0.8763928163709269,0.017912390556770665,32.82241856325603,6.179056683281166e-6
LRRC7,3,-0.5059266999232334,0.1080258431775597,-4.683385799559582,2.82174693739474e-6,-0.7176534619508222,-0.29419993789564447,0,0,6.179834369753634e-6
RTN4,3,-0.4202416154096362,0.08976931601788933,-4.681350310454521,2.849914573211994e-6,-0.5961862417214938,-0.24429698909777858,0.014031914924541394,60.0550967565774,6.234939688651556e-6
ST8SIA3,3,-0.7140821594009031,0.1526931662277925,-4.676582305822468,2.916955550961772e-6,-1.013355265892764,-0.4148090529090422,0,0,6.374884944883788e-6
ZNF521,3,0.44140952231756836,0.0943919926023524,4.676344996520052,2.920331485542152e-6,0.2564046163879865,0.6264144282471502,0,0,6.3755447379099185e-6
VPS35,3,-0.3345539689927131,0.0715606468526228,-4.6751110241040426,2.9379463459589723e-6,-0.4748102595342434,-0.19429767845118287,0.0037534630998251528,21.666353242167546,6.4055567444782305e-6
FGF14,3,-0.7328032246796092,0.1567510366026542,-4.674949783822999,2.9402555548424666e-6,-1.040029610960131,-0.42557683839908733,0.03937595929100122,55.852507972802144,6.4055567444782305e-6
LRRC3,3,0.6195612676335869,0.13255099249666533,4.674135258920627,2.9519474468653767e-6,0.35976609622508393,0.8793564390420898,0.007291560908864329,12.672713154291309,6.424280172926329e-6
TXN,3,-0.46688069745665656,0.09991068430241665,-4.672980679858717,2.968597012787331e-6,-0.6627020403601445,-0.27105935455316865,0.014590744774838325,48.242445246081864,6.453742352747301e-6
DDX1,3,-0.38355446372154145,0.08223537784111237,-4.664105325357781,3.099626036325877e-6,-0.544732842545165,-0.222376084897918,0.010891971181690404,54.558243448860146,6.731543873654313e-6
ELAVL2,3,-0.81716333676096,0.17537429208922217,-4.659538904055708,3.169184967040483e-6,-1.160890633070043,-0.47343604045187687,0.04369178594811182,47.35153659127942,6.875407554018788e-6
MYCBP2,3,-0.3510674470153568,0.07539861385833439,-4.6561525345144075,3.2217328146358196e-6,-0.4988460146619348,-0.20328887936877882,0,0,6.982104344362267e-6
GSG1L,3,0.5094211922090992,0.10949427808790772,4.652491446175016,3.2794834651604845e-6,0.2948163506435869,0.7240260337746115,0,0,7.099842073844306e-6
TMEM204,4,0.4916939052492219,0.10578435568570263,4.648077705460536,3.350427065033986e-6,0.2843603779774699,0.699027432520974,0,0,7.245866249093312e-6
PLEKHB1,3,0.5384360320646314,0.11585331343958319,4.647566962730182,3.3587307876808947e-6,0.3113677102334182,0.7655043538958446,0.008439830394806704,18.140346566193795,7.256257972552267e-6
MAGI1,3,-0.27737359804855666,0.05970298562394318,-4.645891577276819,3.3861082031216664e-6,-0.3943892996409979,-0.16035789645611542,0,0,7.307792313500869e-6
STRBP,3,-0.44875669728609746,0.09662413262635942,-4.644354211399927,3.4114184255412785e-6,-0.6381365172711835,-0.25937687730101144,0.013949992448776817,51.68736131156617,7.35476280101103e-6
GPSM1,4,0.5138639936993338,0.11067292100717668,4.643086936017635,3.432418362287733e-6,0.29694905446142117,0.7307789329372464,0.026894862734069703,56.64168345547866,7.392352734563612e-6
TXNDC9,3,-0.5015349253278661,0.10834935161878825,-4.62886872726701,3.676687350940857e-6,-0.7138957522489577,-0.28917409840677455,0.026512293515669458,77.59071503294629,7.910217391961968e-6
SOWAHB,3,-1.1527009269621926,0.24956670849955154,-4.618808870351648,3.859491519364046e-6,-1.6418426873615197,-0.6635591665628655,0.09503723917877939,51.893399541958885,8.294907161824903e-6
LRRC8B,3,-0.6268233611279898,0.13598099142900355,-4.609639586686333,4.033676325059448e-6,-0.8933412069108865,-0.36030551534509303,0.04145158875817748,75.7062780203493,8.660294718605896e-6
CCDC69,3,0.4860443563513532,0.10566235659613729,4.599976491240983,4.225386228481978e-6,0.27894994290129593,0.6931387698014104,0.01205156941360726,34.13046164821309,9.062513999867241e-6
SHROOM1,3,0.43003158614805614,0.09349983413252641,4.599276460090085,4.239608473869871e-6,0.24677527868783555,0.6132878936082767,0,0,9.083623940915406e-6
MAP2,3,-0.47242564828758377,0.10276559159033521,-4.597118947856219,4.2837308859644456e-6,-0.673842506654593,-0.27100878992057453,0,0,9.168687159432673e-6
TLE3,3,0.39953520198699394,0.0869506990972929,4.594962503290936,4.328270934868526e-6,0.22911496332572048,0.5699554406482674,0.01261717854693156,60.528203855330155,9.254467957646725e-6
FLII,3,0.3657517420159204,0.07961396816655598,4.594064966724827,4.346939483797266e-6,0.20971123174315234,0.5217922522886885,0.012154640055852503,64.4310512173651,9.28481203851239e-6
SLITRK3,3,-0.5265631677257492,0.11469813438354169,-4.590860789112425,4.414216967827431e-6,-0.7513673802114261,-0.30175895524007224,0,0,9.418812748224375e-6
TRMT6,3,-0.34681314966057364,0.07556905862522932,-4.589353843621751,4.446201846979069e-6,-0.49492578291161904,-0.19870051640952827,0.004330292299774851,22.5099582981389,9.4773100006522e-6
KHDRBS1,3,-0.3111861922789682,0.06794040626417094,-4.580281593680658,4.643503028897789e-6,-0.4443469416517627,-0.1780254429061737,0.005802466973235631,40.77705118996529,9.887705628269008e-6
POLR3F,4,-0.45183666212724444,0.09868495438834929,-4.578576997149508,4.681498376908435e-6,-0.645255618544387,-0.2584177057101019,0.023546731731407027,65.82745956743686,9.958387316623688e-6
PHF21B,4,0.41839406477927404,0.09151766003045507,4.571730359364976,4.837131310285023e-6,0.2390227471702013,0.5977653823883468,0.004210884824818074,10.318997271486802,1.0278904034355675e-5
KY,3,0.5311861395332758,0.11630913392598509,4.567019988914227,4.94706852187334e-6,0.3032244259652993,0.7591478531012522,0.0011786402129756906,2.6286885864442096,1.050176060835753e-5
CD151,3,0.5594810379265021,0.12278421288089744,4.556620308094553,5.198326963504994e-6,0.3188284028098441,0.8001336730431601,0.02937299575143075,67.05608272326764,1.1023854930786663e-5
FLCN,3,0.5180214744462771,0.11393976137721817,4.54645040664315,5.455821791864048e-6,0.29470364573984165,0.7413393031527126,0.0218681442215777,56.24999406599452,1.1558094378269697e-5
ABCA1,3,0.4234925181882615,0.09319236230360534,4.54428354126911,5.512241818788165e-6,0.24083884443898687,0.6061461919375362,0,0,1.1665703604251687e-5
EPOR,3,0.5384260718433298,0.11849038993358797,4.544048442621459,5.518396708824396e-6,0.30618917505939003,0.7706629686272696,0.028028700862717075,67.85340974030515,1.1666824438432004e-5
AASDHPPT,3,-0.5225971568689858,0.11502693074195056,-4.543259161120897,5.539108280024941e-6,-0.748045798375392,-0.2971485153625796,0.026065064693409367,67.31754713705864,1.1698686937649418e-5
FXYD5,3,0.6163320699659416,0.13567049412387,4.542860066561102,5.549609244524e-6,0.3504227877184034,0.8822413522134798,0.03779203416408886,69.97271902517302,1.1708941580002825e-5
SELPLG,3,0.8008917705015552,0.1764523077423049,4.53885687724298,5.656000761681636e-6,0.45505160233765957,1.1467319386654509,0.061352153160758344,68.77546127165772,1.1921286158259872e-5
CAPN15,3,0.5965358888667,0.13155289298061126,4.5345706609022995,5.7720776330083634e-6,0.3386969565626498,0.85437482117075,0.035089951346853186,69.45278288340091,1.2153592904425733e-5
MAP2K4,3,-0.4998660158879057,0.11039538761149563,-4.527961056190485,5.95555539454533e-6,-0.7162369996657764,-0.283495032110035,0.017457725762703203,47.735607178096906,1.2527202726457417e-5
CELF2,3,-0.30118670070917963,0.06658023296568162,-4.52366546786378,6.077776270762484e-6,-0.43168155940420205,-0.17069184201415724,0,0,1.2771335345047003e-5
TNFRSF1A,3,0.4522023210896531,0.0999706511349562,4.523350763007423,6.086824204425363e-6,0.25626344535412066,0.6481411968251856,0,0,1.2777402226698585e-5
SCN1A,3,-0.4879529120684537,0.107925978326791,-4.521181272881051,6.149549840097989e-6,-0.6994839425852145,-0.2764218815516929,0,0,1.28960226171519e-5
ORC3,4,-0.46459595292629885,0.10278076901243938,-4.520261498238738,6.1763292250839936e-6,-0.6660425584940104,-0.2631493473585873,0.026150362783955206,71.29942085038296,1.2939097790731517e-5
FOCAD,3,-0.43181042128325775,0.095563541840594,-4.518568619019423,6.225909647585147e-6,-0.6191115215259085,-0.244509321040607,0.008767690031439082,31.406543085938562,1.3029804852766494e-5
KNOP1,3,0.4263613016747947,0.09460199865093916,4.50689528503489,6.5783077148231864e-6,0.2409447914534472,0.6117778118961422,0,0,1.3753437702160575e-5
PLIN4,3,0.7673266732512458,0.17030839575486348,4.505512895299135,6.62128177945056e-6,0.4335283513069192,1.1011249951955724,0.05413802446160938,64.22893723115995,1.3829343817301572e-5
PSMA6,3,-0.41808194096780193,0.09280060446232725,-4.505163984546284,6.632170669001253e-6,-0.5999677834575103,-0.2361960984780935,0.018339833433519078,73.9568519642055,1.3838150872745068e-5
SCG5,4,-0.6322765376387843,0.1405690379702197,-4.497978692667268,6.860257074670387e-6,-0.9077867894018583,-0.3567662858757104,0.042072420174718385,54.94254287451514,1.4299671530518977e-5
ZNF385D,3,-0.5629413508503026,0.12545386423266539,-4.487238032032857,7.215244747121464e-6,-0.8088264064677044,-0.3170562952329008,0.014949746218936494,29.607881909098595,1.502451566820273e-5
TFRC,3,-0.4544703528357935,0.10152276549817286,-4.476536376897384,7.5863746871762626e-6,-0.653451316823118,-0.2554893888484691,0.01749192143083819,57.32595686996992,1.57814855578772e-5
DNAJC6,3,-0.46573360910523864,0.10404988092734063,-4.47606095225103,7.603278642466315e-6,-0.6696676283185073,-0.26179958989196994,0,0,1.580080150749012e-5
NLRP1,4,0.4541486167124673,0.10159781440695025,4.4700628587675535,7.81966120417689e-6,0.2550205595668602,0.6532766738580744,0.016796511409326045,40.88844969420083,1.623421154901188e-5
PRDM2,3,-0.34402890860277097,0.07707566991409408,-4.463521484616532,8.06235100805169e-6,-0.49509444571869277,-0.1929633714868492,0,0,1.6721315990699205e-5
ITPR3,3,0.4403919660371195,0.09872445864332843,4.4608192548127,8.164692997243744e-6,0.24689558270298176,0.6338883493712573,0,0,1.691665661966386e-5
TMCO6,3,0.4309317150609056,0.09664109826936204,4.459093726975195,8.230692591545652e-6,0.24151864302655987,0.6203447870952513,0,0,1.703638366753062e-5
EIF4EBP1,3,0.5185150573430051,0.11684962945168562,4.437455726441974,9.102843709036917e-6,0.28949399201085046,0.7475361226751597,0.021803290072470997,53.276445075158925,1.8809874359226954e-5
ZNF214,3,-0.5803166811191315,0.13077884952125188,-4.437389403894615,9.10564795403272e-6,-0.8366385161203684,-0.32399484611789453,0.029008517615882707,59.91319707527564,1.8809874359226954e-5
TRIM23,3,-0.44436727213362104,0.1002383698253938,-4.433105535411926,9.288537039040762e-6,-0.6408308668603994,-0.24790367740684272,0.018758170880251702,65.47013598408569,1.91685829044483e-5
DDAH2,3,0.6849271506029488,0.15451787320565408,4.4326726506994545,9.30721198161282e-6,0.3820776841521403,0.9877766170537574,0.036201127993746134,51.99831609848749,1.9188029473026826e-5
DIO2,3,-0.603504003000545,0.1364189972075448,-4.423900009192909,9.693489831159288e-6,-0.870880324334403,-0.336127681666687,0,0,1.9964546087213864e-5
KIAA0930,3,0.453193126635843,0.10258917287619332,4.417553177690258,9.982451554250004e-6,0.2521220425947507,0.6542642106769353,0.0171841015306703,56.74809892482953,2.0539290201899313e-5
GTF2H1,4,-0.3873652908104509,0.0877935532504408,-4.412229331981229,1.0231165784246629e-5,-0.5594374932561142,-0.21529308836478755,0.020892605048007447,75.81686084902134,2.1030166339472256e-5
RFX2,3,0.5856003864747231,0.13279365462147125,4.409852173614612,1.0344120738064711e-5,0.3253296060411886,0.8458711669082577,0.03428809954987666,67.64780652656538,2.1241293475986347e-5
GDF11,3,0.7311167235432358,0.16589356359314986,4.407143397897478,1.0474284744823208e-5,0.40597131363365696,1.0562621334528146,0.04520343073735185,57.33033503427034,2.1487306192644244e-5
ELK3,3,0.33190140926975037,0.07550319245873395,4.395859280402615,1.1033539927586533e-5,0.18391787133283563,0.4798849472066651,0,0,2.2612215227089395e-5
GAREM2,4,0.8674527995351689,0.1976069508676569,4.389788900270655,1.1346075027191168e-5,0.4801502927397854,1.2547553063305523,0.10554160855870932,73.74483177680581,2.3229772563074512e-5
COL27A1,3,0.8216037920208004,0.1872095549825193,4.388685140016052,1.140380301346082e-5,0.45467980669329155,1.1885277773483092,0.05448917072585015,50.23435571392825,2.3324938313528342e-5
ADRA1A,3,0.4291986997058087,0.09786473612640265,4.385631808698214,1.1564960132505888e-5,0.23738734154154362,0.6210100578700738,0,0,2.363125843824356e-5
SPARCL1,3,-0.5575776215205125,0.12721158034405128,-4.383072830417723,1.170169716575349e-5,-0.8069077374112764,-0.30824750562974856,0.008858901886170454,15.710338979379332,2.3887125907256633e-5
DCTN6,3,-0.35163237698461197,0.08023699640354519,-4.382421984194257,1.173671999902701e-5,-0.5088940001632304,-0.19437075380599358,0.010095963930950682,53.6601804940638,2.3935061236953805e-5
CCDC40,4,0.6490614163588929,0.1483475220248871,4.375276428614729,1.2127868877140508e-5,0.3583056159943518,0.939817216723434,0.059078612381801655,68.68335958405659,2.470844798741593e-5
CTSH,3,0.47855973099505944,0.10939656014650521,4.3745409394423955,1.2168828515715172e-5,0.2641464130753394,0.6929730489147794,0,0,2.4767566576637164e-5
HELZ2,3,0.5576130947394503,0.12756921528258774,4.371063140148989,1.2364302872790159e-5,0.3075820272495417,0.8076441622293589,0,0,2.511879050073571e-5
SLITRK1,3,-0.30554910514532396,0.0699030680990035,-4.371039976565488,1.2365614802917629e-5,-0.4425566010282216,-0.16854160926242634,0,0,2.511879050073571e-5
SLC4A8,3,-0.4009755610473529,0.09180995604617476,-4.367451835459836,1.257045052183454e-5,-0.5809197683200608,-0.221031353774645,0,0,2.5509896655856005e-5
MBTPS2,4,-0.4711766015409387,0.10789593186879853,-4.366954280666388,1.2599108690613534e-5,-0.6826487420821713,-0.2597044609997061,0.029480727707862833,67.42858871801408,2.5543061020852853e-5
ASAH2B,3,-0.821784565406454,0.1883005120648778,-4.364218431457654,1.2757805354454795e-5,-1.1908467873240642,-0.45272234348884355,0.07775139922801375,74.95551064941883,2.5839539360487545e-5
KLHL21,4,0.49381748857300295,0.11320601908590905,4.362113362525873,1.2881209218805377e-5,0.27193776833146727,0.7156972088145386,0.03619768749714168,73.15815684283848,2.6064027238831565e-5
ARHGAP20,3,-0.47496231848764503,0.1090584640212423,-4.3551165216771475,1.329961534301221e-5,-0.6887129801785372,-0.26121165679675284,0,0,2.6884407623204022e-5
MICALL2,4,0.45310595129657044,0.10409558438108607,4.352787430807668,1.3441746797474389e-5,0.2490823549599916,0.6571295476331493,0.021969360323815385,55.807867140448906,2.714526081593173e-5
NWD1,4,0.7564411103882372,0.1737952473979664,4.352484441971504,1.3460342679469443e-5,0.41580868480399463,1.09707353597248,0.05461224525324303,45.79186762453048,2.7156372293015198e-5
BNC2,3,0.5225691239720004,0.12009172642255911,4.351416534168805,1.3526081192051177e-5,0.28719366534254737,0.7579445826014535,0,0,2.7262480459003055e-5
CIC,3,0.4312134639245228,0.09917310740996016,4.3480886622013335,1.3732909018895802e-5,0.23683774516607856,0.625589182682967,0.018359576788275392,64.01594941842141,2.765247893707757e-5
CNTN4,3,-0.44425293716308595,0.10218300984091484,-4.347620390657193,1.3762253161288616e-5,-0.6445279562831809,-0.24397791804299096,0,0,2.7684687736675644e-5
PCED1A,4,0.4076673299513723,0.0938985910295082,4.341570256610776,1.4146802705210977e-5,0.22362947333448044,0.5917051865682641,0.02404284210421113,72.30050357244993,2.8430686831984076e-5
PTTG1IP,3,0.338877252423774,0.07809889135579437,4.33907891060776,1.4308114354046927e-5,0.18580623813391048,0.49194826671363745,0,0,2.872703695091319e-5
L3HYPDH,3,-0.2908319111607434,0.06707524376079105,-4.335905393022958,1.4516137264064762e-5,-0.4222969731861388,-0.15936684913534802,0,0,2.9116507432950012e-5
ACSL4,5,-0.5299288868760087,0.12238551924831274,-4.329996637925892,1.4911161838447108e-5,-0.7698000968319352,-0.2900576769200822,0.05132417781849891,72.82633583243029,2.987995135549691e-5
RBFOX2,3,-0.46399667679679363,0.10735310206428507,-4.322154347425784,1.545130324191101e-5,-0.6744048904714448,-0.2535884631221424,0.014346906517554795,38.383268634668454,3.09324352545593e-5
SYCP2L,3,-0.5276664031741841,0.122263459540199,-4.315814431871958,1.5901552411914886e-5,-0.7672983804982442,-0.28803442585012407,0.015952249691445264,34.62348377558411,3.180310482382977e-5
NFKBID,4,0.40365804346284195,0.09360398878324314,4.3124021605274185,1.6149035118420806e-5,0.22019759663839422,0.5871184902872897,0.008399612707704564,20.94051857928648,3.226695456223965e-5
ADAT3,3,0.8766999545586813,0.20410124539705016,4.295416977261385,1.7436528435975327e-5,0.47666886438069156,1.276731044736671,0.043302040848900145,34.572072445600874,3.4805928754776546e-5
GLMN,4,-0.723327764039881,0.16852591803210412,-4.292086181676146,1.770022185644337e-5,-1.0536324938443542,-0.3930230342354077,0.08906803714050246,82.58564994109287,3.529832704833033e-5
ZNF844,3,0.3388293043367511,0.07904168266027366,4.2867167415079175,1.8133327339583215e-5,0.18391045304517067,0.4937481556283316,0,0,3.612730153918884e-5
HECW2,3,-0.33289763967715136,0.07771777172548817,-4.283417193856253,1.8404461296881277e-5,-0.4852216732178135,-0.18057360613648923,0,0,3.663229628573106e-5
SLC7A14,3,-0.5230092066413589,0.1222175431532404,-4.2793300629975235,1.8745670032113923e-5,-0.7625511895006799,-0.2834672237820378,0,0,3.7275666008249545e-5
DHRS7B,3,-0.4028773275732109,0.09448709902858493,-4.263834234675037,2.0094854469189517e-5,-0.5880686386729068,-0.2176860164735149,0.017578334071877474,68.1442628449349,3.9920237709865e-5
TPD52L1,3,0.5004639420269411,0.11782943901118793,4.247359116930209,2.1630509649626393e-5,0.26952248524645395,0.7314053988074283,0.022186664322516977,56.11676453419276,4.29298344625121e-5
SYDE1,3,0.6069528851093015,0.14294588040118716,4.246032718157722,2.1758887121857142e-5,0.32678410778460465,0.8871216624339983,0.022081824387466677,35.03107636804411,4.3143338327659376e-5
PPIH,3,-0.3472789605463842,0.08186955756107026,-4.241857057641149,2.2167786870030407e-5,-0.5077403447963107,-0.18681757629645765,0.008333668193128422,38.18223688066542,4.39121203136992e-5
DSN1,3,-0.4674905282155765,0.1103273064753494,-4.237305732828968,2.2621800405023844e-5,-0.6837280754185739,-0.25125298101257904,0.01770529408767878,48.3305768727893,4.476871568704146e-5
DLAT,4,-0.4709059436060774,0.11116046120358866,-4.236271948742822,2.272615097122791e-5,-0.6887764440699731,-0.25303544314218174,0.025004353577787148,55.568344675023624,4.4932351872570716e-5
MAP2K3,3,0.44063884587755825,0.10405063173474662,4.2348502698269685,2.287040418509734e-5,0.2367033551088145,0.644574336646302,0.019488445854236522,62.740186563712385,4.517449359989703e-5
SRD5A3,3,-0.405797157798378,0.09613220819102337,-4.221240367141285,2.429616878415493e-5,-0.5942128236070902,-0.21738149198966583,0.008565335699043263,28.37942514430541,4.794505619251886e-5
NFIA,3,0.36402651117020446,0.08625330318904748,4.220435597374651,2.4383071038712222e-5,0.19497314337205765,0.5330798789683513,0,0,4.807080735198588e-5
STIP1,3,0.47259031964901077,0.11202903089108637,4.21846298133614,2.45973344982615e-5,0.2530174538795563,0.6921631854184652,0.0026923876390480914,6.174102044413033,4.8424415625602574e-5
GRIK1,3,-0.4053596975385779,0.09609426191012364,-4.218354868240814,2.4609129252355405e-5,-0.5937009900033794,-0.21701840507377645,0,0,4.8424415625602574e-5
MAF,3,0.3922333391482226,0.09300841906337914,4.217181015419059,2.473753925783044e-5,0.20994018752499094,0.5745264907714542,0.011147341518335713,42.62458785089237,4.8630953953308376e-5
MZT1,3,-0.5426562020174526,0.12892457339581448,-4.209098294639537,2.563918389559065e-5,-0.7953437225954397,-0.2899686814394654,0.03224511355791916,65.45407149419543,5.03557456434233e-5
MYLK,3,0.5155845998996829,0.12255017673279296,4.207130610866908,2.5863367499875498e-5,0.2753906672043902,0.7557785325949755,0.027051965146633026,62.292952479875524,5.0747988831354574e-5
PARTICL,3,-0.4321028159804082,0.10281469996488643,-4.202733812655011,2.637106296323284e-5,-0.6336159249928771,-0.23058970696793923,0.005699896889799864,15.03958540998269,5.169525953284018e-5
PPP1R3D,3,0.4297116348547799,0.10234430930573096,4.198686158222159,2.6846809838750923e-5,0.22912047459291976,0.6303027951166401,0,0,5.257817148778981e-5
PPP2CA,3,-0.5049567629343271,0.12027699533558012,-4.198282153004131,2.6894740587306775e-5,-0.7406953419607563,-0.26921818390789803,0.029368418568254624,69.39528046125987,5.2622350922711556e-5
ADAT2,4,-0.49796636218595913,0.11883207207489924,-4.190504747506999,2.783345905771772e-5,-0.7308729436610295,-0.26505978071088876,0.035600743212539546,67.10647779874698,5.440772298370081e-5
TMEM79,3,0.3936636679858554,0.09395602170957339,4.189871610387098,2.7911233489217114e-5,0.20951324930442813,0.5778140866672826,0,0,5.450837877272721e-5
NDUFS4,3,-0.39270871135681157,0.09392145043416532,-4.1812462386543165,2.8991568770189516e-5,-0.5767913715835393,-0.20862605113008376,0.017420901602849984,66.13954474307438,5.655348440002862e-5
FZD1,3,0.5785782000661015,0.13838013498735216,4.1810784482829355,2.9012973674845926e-5,0.30735811931510026,0.8497982808171027,0,0,5.655348440002862e-5
NYAP2,3,-0.44523050051052576,0.1066020937462777,-4.176564313738652,2.959450951247677e-5,-0.6541667649297925,-0.23629423609125896,0,0,5.760728221812995e-5
LINC01000,3,0.3870126957080096,0.09266542824208275,4.1764518121792165,2.960914312657981e-5,0.20539179374154667,0.5686335976744725,0,0,5.760728221812995e-5
GPNMB,3,0.8757264829876474,0.20982652563173493,4.173573766953702,2.9985851107959512e-5,0.4644740497482765,1.2869789162270184,0.04537288845261635,31.954525204791736,5.8285525021469566e-5
FBXL7,4,0.5708122111897392,0.13751387916990027,4.150942542203271,3.31108888793773e-5,0.301289960642342,0.8403344617371364,0.05210805547940352,75.58440697097308,6.42996100522739e-5
GDA,3,-0.7647168697176575,0.1842472192563075,-4.1504934120815955,3.317593176615423e-5,-1.125834783711675,-0.40359895572364013,0.030950395640101012,29.505627244277424,6.43656524630532e-5
FAM76A,3,-0.33697791351627965,0.08121583855674276,-4.149164984374871,3.3369025411126374e-5,-0.49615803206171494,-0.17779779497084436,0,0,6.467977448848233e-5
ARL1,3,-0.45313972337499314,0.10950078746848062,-4.138232553856543,3.4999153110947296e-5,-0.66775732309199,-0.23852212365799627,0.025649997609066947,74.62781261333961,6.777613777040588e-5
GLO1,3,-0.4132923236394664,0.09990892282308585,-4.13669081760901,3.523503599222143e-5,-0.6091102141069065,-0.21747443317202633,0.01619152267403317,52.406261933708166,6.816927672375675e-5
KCNAB1,3,-0.42612978743132196,0.10307931087063052,-4.133999187927588,3.565047331677167e-5,-0.6281615242889659,-0.22409805057367807,0.011180971438416419,28.739526744782367,6.89087433914114e-5
FRG1,3,-0.361937739818268,0.08756258560985172,-4.133474786034027,3.57319512099985e-5,-0.5335572540067826,-0.19031822562975342,0.008767587182427289,34.64588333987584,6.900192440366562e-5
HLCS,3,-0.34196131648419825,0.08283833190275934,-4.128056524431385,3.6584219551040557e-5,-0.5043214635529819,-0.1796011694154146,0,0,7.05820198594029e-5
FEZ2,3,-0.38526942357192145,0.09340014270473744,-4.124933992765515,3.70841096445827e-5,-0.5683303394241083,-0.20220850771973461,0.01927885551907515,77.49260224301533,7.14799659877923e-5
ARHGAP27,3,0.38011210648961097,0.09220614126915581,4.122416373330695,3.74918736996967e-5,0.19939139044865326,0.5608328225305687,0,0,7.21988357039656e-5
VDAC2,3,-0.38716668485748607,0.09396971613456022,-4.120121894409913,3.7867201148895644e-5,-0.5713439441186765,-0.20298942559629563,0.019434447688636725,74.2076455111171,7.285396584676212e-5
PLXNA3,3,0.5138205866726743,0.12472417534658345,4.119655112931154,3.794399193440464e-5,0.2693656949919122,0.7582754783534363,0.03299920136039927,73.49694562558025,7.293404937159892e-5
PLXNB1,3,0.558664110201492,0.1360418652459611,4.106560206238263,4.0159482149293526e-5,0.292026953929757,0.8253012664732269,0.03585824554609069,69.25837282985913,7.712107960892108e-5
NETO2,3,-0.4483415211902932,0.10921386947311061,-4.105170189036098,4.040173259584917e-5,-0.6623967719698485,-0.23428627041073796,0.01859358514212073,52.09870332982147,7.75145174873184e-5
NEAT1,3,1.0309992905663845,0.2512614046702808,4.103293507888007,4.073099890299078e-5,0.53853598670769,1.523462594425079,0.12583312652117265,67.51869477911423,7.807402192680488e-5
RAB6C,3,-0.42891111784224967,0.10460449321363388,-4.100312564645612,4.125924948856707e-5,-0.6339321571620365,-0.2238900785224628,0.015282406185016455,49.01420076256979,7.897638229265678e-5
RCN3,3,0.5138894488100277,0.12533253496113422,4.100207890707592,4.1277916299537105e-5,0.26824219419509754,0.7595367034249579,0.022459651941520317,46.942601544317434,7.897638229265678e-5
EGFR,4,0.4488889594597828,0.10949337630380045,4.099690543967655,4.1370294002244715e-5,0.23428588535864256,0.663492033560923,0.007506243099904435,13.746227599233817,7.90801748946134e-5
SMPD2,3,0.48529195553189425,0.11871351748744058,4.087924996268738,4.3524881665964295e-5,0.25261773677844485,0.7179661742853436,0.024738192185898265,59.72143631323688,8.308163871099697e-5
ALKBH8,3,-0.42311807681269015,0.10350691076146167,-4.087824413848009,4.3543751822012394e-5,-0.6259878940561563,-0.22024825956922398,0.016458293673993162,54.305172821303486,8.308163871099697e-5
GAS2,3,-0.4837066215420516,0.11844285316741013,-4.0838818772658945,4.428955052214726e-5,-0.7158503479763413,-0.25156289510776186,0.014698866392083456,34.515139867997334,8.438611651667882e-5
GATA2,3,0.5841763873826985,0.14304792658613366,4.083780879067461,4.4308814313723836e-5,0.30380760321074685,0.8645451715546502,0.011367286048655584,16.664423635033963,8.438611651667882e-5
MAP3K6,3,0.352831941588386,0.08645501837115643,4.081104234732308,4.482224711825234e-5,0.18338321929817067,0.5222806638786013,0,0,8.528563350757372e-5
NUDT17,3,0.5049202489240747,0.12378667256174254,4.07895485414417,4.5238620070117745e-5,0.26230282893700685,0.7475376689111426,0,0,8.599898994081045e-5
FLT4,3,0.8110644985972739,0.19913960968450278,4.072843669234086,4.644259859458845e-5,0.42075803572028475,1.2013709614742631,0.06462037518569126,57.9203311078262,8.820691344796377e-5
SLC44A5,3,-0.6234595827984915,0.15313404776538286,-4.0713322209943525,4.674502527294098e-5,-0.9235968012254782,-0.32332236437150474,0.04451813853094246,67.24747505283274,8.87000754035495e-5
GALM,3,0.3837953599487362,0.09429471375212438,4.070168354905151,4.697917562279913e-5,0.1989811170620587,0.5686096028354137,0.008191332290982003,26.901233465666046,8.906289784431938e-5
CXXC1,3,0.44383712576510564,0.1090828656405928,4.068806985942817,4.725447144607862e-5,0.23003863777912203,0.6576356137510893,0.027915425626024618,78.51707265630066,8.950298975266398e-5
CDH23,4,0.7727207418710831,0.19003658375854426,4.066168348158072,4.7792417641862994e-5,0.400255881959307,1.1451856017828592,0.10653950152046988,78.0317225391809,9.043930126754001e-5
CHM,3,-0.3983312639229621,0.09834504743882751,-4.050343909496121,5.1142414531614336e-5,-0.5910840149609471,-0.2055785128849771,0.01735067287899046,63.55981123196148,9.66903990324231e-5
KPTN,4,0.4763815148144122,0.11780714472816461,4.043740436232827,5.260515609162829e-5,0.2454837540257119,0.7072792756031125,0.033997855012105165,64.23927797376628,9.936529483974232e-5
TSNARE1,3,0.5466730620530901,0.13522014033472235,4.042837558812334,5.2808207316433884e-5,0.2816464570125824,0.8116996670935978,0.03288291733345339,61.49568595220851,9.965807277004902e-5
PSMA4,3,-0.42609184197595806,0.10559633335048262,-4.035100731781334,5.4578877128193385e-5,-0.6330568522423897,-0.21912683170952638,0.022952731793358085,71.97985637134528,1.0290599196715735e-4
CLN3,3,0.44552277002370766,0.11079488749527018,4.021149171190115,5.791491376602641e-5,0.22836878086181092,0.6626767591856044,0.029905866356898524,83.19324608736738,1.0909675853836401e-4
FZD9,3,0.807982191672141,0.20159243590401918,4.007998554354649,6.123549509499863e-5,0.4128682777445642,1.2030961055997178,0.09686829187645973,79.49454207976424,1.1524720220238399e-4
ATPAF1,3,-0.2823634742653027,0.07056933622876801,-4.0012204925656585,6.30166022749066e-5,-0.42067683168658565,-0.1440501168440198,0,0,1.1849177979887243e-4
SIPA1L3,4,0.4130086243602755,0.10328612342729819,3.9986845343361845,6.369550967075703e-5,0.21057154234001235,0.6154457063805387,0.033637199555885074,80.33685359298542,1.1965986146480986e-4
DCC,4,-0.4628030692006657,0.11575850774376976,-3.998004796546578,6.387865707262592e-5,-0.6896855752825554,-0.23592056311877604,0.01840289711851988,33.736375641060675,1.1989532558246712e-4
SSBP1,3,-0.4864082581467984,0.12186184749085754,-3.99147286999149,6.566420133173507e-5,-0.7252530903183919,-0.24756342597520486,0.02671386704006102,62.15426795681385,1.2313522021882326e-4
NUAK1,4,-0.42849032780859286,0.10743598146896458,-3.9883316738943035,6.653959082223473e-5,-0.6390609821314761,-0.21791967348570968,0.02462251865920773,60.321704853010715,1.2466405724057347e-4
RBM3,4,-0.6848875398743807,0.17174779329947504,-3.9877516136708002,6.670244545686093e-5,-1.0215070291655812,-0.34826805058318,0.08287699067457553,74.58266433986196,1.2485638256094726e-4
HIF3A,3,0.762210580224224,0.19126687209170903,3.9850632359311953,6.746215756192883e-5,0.3873343994888452,1.137086760959603,0.07695139385637627,72.82179610268219,1.261645759994954e-4
TCEAL7,4,-0.6089184942906809,0.1530568549592425,-3.978381069262332,6.938610339419195e-5,-0.908904417597767,-0.30893257098359483,0.07304121314855905,82.1289628399906,1.2964574634194062e-4
PDE9A,3,0.4175160966133051,0.10509480708033112,3.9727566776364993,7.104561325397274e-5,0.21153405977367104,0.6234981334529391,0.022321907787229096,68.57080232297713,1.3262700440030555e-4
NSF,3,-0.6389368722679276,0.16095946394199837,-3.969551442456146,7.200805997553973e-5,-0.9544116245651179,-0.32346211997073737,0.03308203415497931,42.192288742772554,1.343028025083358e-4
CYCS,4,-0.48445655410154315,0.12207121811893477,-3.9686386485431315,7.228439578538613e-5,-0.7237117451635886,-0.24520136303949774,0.04679699020983543,81.25153097084018,1.3469706815713461e-4
TRAPPC6B,3,-0.610986041190966,0.15397652141069512,-3.968046787869097,7.246410919914475e-5,-0.912774477620689,-0.3091976047612431,0.05697089157396088,80.88027857760322,1.3491073831151367e-4
TRMT10C,3,-0.5768364101706407,0.14566361265092126,-3.9600583815878085,7.493144236469767e-5,-0.8623318448244393,-0.29134097551684207,0.048065348409117754,77.3389716875026,1.393255143354466e-4
SEC61G,3,-0.5890717126165596,0.14875787561846202,-3.959936307018969,7.496975602620944e-5,-0.880631791245434,-0.29751163398768504,0.051640909291492156,78.78223399520145,1.393255143354466e-4
NDUFV2,3,-0.3750434538743443,0.09473983083871966,-3.9586671261087587,7.536919335898331e-5,-0.5607301102196519,-0.18935679752903664,0.011098324266763571,36.275930123139084,1.399424413845402e-4
IGF1,3,-0.8713602598205812,0.22121226924024284,-3.939023196196496,8.181402089805113e-5,-1.3049283404698349,-0.4377921791713276,0.06417034257549449,42.03073666350407,1.5177305844593742e-4
NIPSNAP3B,3,-0.7148280855065503,0.18150149255227238,-3.938414364833281,8.202185759409785e-5,-1.070564474049269,-0.35909169696383164,0.05571709364947381,55.54452982524797,1.520226386507229e-4
GDPD1,3,-0.46443912338591553,0.11798593678000291,-3.936393913216206,8.27151605395743e-5,-0.695687310156941,-0.23319093661489015,0.027618443506636062,68.86140466864954,1.5317075264203314e-4
ARPC1B,3,0.5363807313891741,0.13643653734577355,3.931356965105431,8.446774513166088e-5,0.2689700320161039,0.8037914307622442,0.035674169668553336,65.94805027829781,1.5627663104644484e-4
LRRN1,3,0.36372772127776026,0.09258173113657242,3.9287202433189052,8.539911648406838e-5,0.1822708626237078,0.5451845799318127,0,0,1.5785897289479305e-4
RHOQ,3,0.4849803764870384,0.12358971653226718,3.9241159385653113,8.704880885772144e-5,0.24274898322428026,0.7272117697497965,0.02248519546832921,49.058466855997494,1.6076511983162446e-4
CEP41,3,-0.44633063615230806,0.11403320636445942,-3.9140409217802663,9.076424309580605e-5,-0.6698316136682722,-0.22282965863634394,0.028319384226126464,73.60579475690662,1.6743088348612629e-4
NDUFA5,4,-0.6746094183538052,0.17236272444757916,-3.91389391480044,9.081954866050726e-5,-1.0124341505482617,-0.3367846861593486,0.09549370369322253,84.41635230330591,1.6743088348612629e-4
OVGP1,3,-0.4787031040020446,0.12234455966201192,-3.9127453261878244,9.125275695472336e-5,-0.7184940346439999,-0.23891217336008935,0.016909263260719145,36.196644434242494,1.680801224903164e-4
RNMT,3,-0.42434334616844965,0.10847436641175048,-3.9119227906592564,9.15641877398228e-5,-0.6369491975812819,-0.2117374947556174,0.023017001525196708,65.91186475215609,1.6850410414586734e-4
ABHD15,3,0.4225990518268302,0.10804449680583805,3.911342681212761,9.178443384544446e-5,0.21083572935963474,0.6343623742940256,0.018810655095309835,57.80667555152425,1.687596771236275e-4
AIG1,4,-0.3985701166710228,0.10209066691914635,-3.9040798605682725,9.458454712546456e-5,-0.5986641469902244,-0.19847608635182126,0.0326037925275342,81.26592146481278,1.737540750559907e-4
GDPD3,3,0.758239607485026,0.1945779617915876,3.8968421732013834,9.745508265626482e-5,0.37687381018830357,1.1396054047817483,0.06167861348015713,53.91141581892441,1.788688862204365e-4
BTBD3,3,-0.4626871707342982,0.1189419723363188,-3.8900243677312654,1.0023415636590967e-4,-0.6958091527636425,-0.22956518870495396,0,0,1.838069321864692e-4
TATDN3,3,-0.4663442282415466,0.12000120146329417,-3.886162992994628,1.0184114133387888e-4,-0.7015422612111384,-0.23114619527195482,0.03228582806126864,78.07606841368214,1.8658880488203603e-4
IMPA1,3,-0.4443199398059676,0.11443668374669083,-3.8826705323747728,1.0331551140746922e-4,-0.6686117184596818,-0.22002816115225343,0.025917026477481175,69.65613605509499,1.8912301029046e-4
SLC12A4,3,0.5588804606026337,0.14435714621867077,3.8715122544473632,1.0816221847977445e-4,0.27594565310305663,0.8418152681022109,0.039300315207964,66.96769547882343,1.978204948210337e-4
EFNB1,3,0.6366577118417126,0.16446362630224087,3.8711156147785726,1.0833838971705066e-4,0.3143149275224662,0.9590004961609591,0.05797175443684902,78.72062698099711,1.979681235886899e-4
MFN1,3,-0.46638362941422784,0.12093511566549303,-3.856478135798428,1.1503238177310653e-4,-0.7034121005847799,-0.22935515824367583,0.02762641895214521,65.97088516291544,2.1001510545547796e-4
ENY2,3,-0.4485874376691351,0.11635070484656176,-3.8554767524675735,1.1550430727345303e-4,-0.6766306287442461,-0.22054424659402416,0.030636111226000233,78.69786005574056,2.106912341997727e-4
C1ORF74,3,-0.3893773819034252,0.10105099031116442,-3.8532762588909097,1.1654776432268233e-4,-0.5874336835154134,-0.191321080291437,0,0,2.1240778840531034e-4
GMPR,3,0.7307235066640483,0.189850572189108,3.848940238832585,1.1862994194346387e-4,0.35862322272907504,1.1028237905990215,0.07625928952327642,70.76693961462011,2.1601273010600882e-4
PHYHD1,3,0.6830201763301762,0.17767595940540887,3.8441901685286943,1.2095118857393444e-4,0.3347816949769742,1.0312586576833782,0.06799991622406419,73.925352639072,2.2004628517749127e-4
ZNF358,4,0.5023377841832097,0.1308379759810905,3.8393882236133843,1.2334126671155804e-4,0.24590006345015575,0.7587755049162637,0.03883289072224476,59.22286020981695,2.2419788532845872e-4
HSD3B7,4,0.5057105716477847,0.13175124325657242,3.8383741902379147,1.2385164446916276e-4,0.24748287994652707,0.7639382633490422,0.02456995336764128,34.324018137396315,2.2492846815152677e-4
NBPF1,3,0.3800097431484731,0.09907171449596501,3.835703713030525,1.2520527630857626e-4,0.18583275084974687,0.5741867354471992,0.006744502313472705,19.129197030569056,2.271878766964017e-4
RAB3GAP2,3,-0.44817934622774347,0.11714327576312353,-3.8259075760695898,1.302911700914197e-4,-0.6777759477545093,-0.21858274470097758,0.02718399798132779,67.16777429528814,2.3620969123217174e-4
SCOC,3,-0.6365911584513314,0.16640535187241043,-3.825544979703724,1.304831063826047e-4,-0.9627396549559706,-0.3104426619466922,0.06730147117594351,83.8303676385858,2.3635105907207174e-4
PARVG,3,0.6229514858574533,0.16294341598802023,3.823115417583079,1.3177605787977748e-4,0.3035882590030057,0.9423147127119009,0,0,2.3848476792553096e-4
CEBPA,3,0.5853543552943234,0.15376062704004645,3.8069196683353135,1.407084251198058e-4,0.28398906405553687,0.88671964653311,0.049868102403913935,76.2375922067881,2.544283118556907e-4
ACTR2,5,-0.5191996515756687,0.13655779605237472,-3.8020506084950094,1.4350340391333075e-4,-0.786848013646489,-0.25155128950484834,0.06627092185887623,79.32006002299882,2.592561495786132e-4
C17ORF67,3,0.7138980111012927,0.1883225750074878,3.790825455062452,1.501474463762304e-4,0.34479254661077374,1.0830034755918116,0.06927955347099761,67.60820237243377,2.710233279236744e-4
NPRL3,3,0.5048255279523023,0.13353564626065262,3.7804551974602854,1.565418884300503e-4,0.24310047062914242,0.7665505852754622,0.04125824778689983,79.55708806169656,2.8231989269906463e-4
SYPL2,3,0.6953086632774573,0.1840480010957275,3.7778658781293237,1.5817802135713208e-4,0.33458120970324307,1.0560361168516716,0,0,2.8502277697193043e-4
MACROD1,3,0.5669338930319258,0.1502999018805373,3.772017718830856,1.619327536126684e-4,0.27235149846616874,0.8615162875976827,0.04989674466574792,75.98316222126199,2.9153518315336313e-4
SYNPR,3,-0.4449094888539081,0.1181954021740168,-3.7641860907489146,1.670924208627682e-4,-0.6765682202532082,-0.21325075745460795,0,0,3.004282144033674e-4
RFX1,3,0.5354869882382896,0.14226230984169402,3.764081919056187,1.6716208265259692e-4,0.25665798459109124,0.8143159918854879,0.05235666268185611,87.36728158555823,3.004282144033674e-4
CDC7,3,-0.5892892948654447,0.15669690162514982,-3.760695257875245,1.694417528943003e-4,-0.8964095785397541,-0.2821690111911352,0.0565390904342339,79.28420876767143,3.0426164112794707e-4
ZNF391,3,-0.47930818355873617,0.1276533887256304,-3.7547627081716484,1.7350577723485177e-4,-0.7295042279654631,-0.22911213915200923,0.020362940178288984,40.825621239793136,3.1128977680370466e-4
ABHD10,3,-0.3859190678492082,0.10284641237071225,-3.752382401616053,1.7516200541805427e-4,-0.5874943320349588,-0.18434380366345754,0.015317907580885543,47.13909387953237,3.139896276897533e-4
MICU3,3,-0.6726096560048868,0.17933996718777304,-3.7504727281490418,1.765015019130154e-4,-1.0241095326815168,-0.32110977932825663,0.07659953677371521,80.24582220314193,3.1611754314990844e-4
RARG,3,0.4295475722431278,0.11458143347243807,3.748840970351912,1.7765368671590888e-4,0.20497208934017697,0.6541230551460786,0.02515336307628532,66.10321316485107,3.1790659728110014e-4
ERICH3,3,-0.691363957956522,0.1846136308907189,-3.7449236799083994,1.8044862181374198e-4,-1.053200025557502,-0.3295278903555418,0.0622902052000858,62.24074638917156,3.226296910704318e-4
RAB18,3,-0.5286361913928619,0.14117297596749157,-3.7445990478701314,1.8068208805702068e-4,-0.8053301398794839,-0.25194224290623984,0.035199352982144945,61.03297718960578,3.22768863591956e-4
MAMDC4,3,0.6974460255035015,0.18674948684522935,3.7346610011384795,1.879682104444622e-4,0.3314237571555155,1.0634682938514877,0.06402587314222603,64.09878525874362,3.354957559912346e-4
RBMS2,3,0.47376513293613415,0.12704091094755243,3.729232806994932,1.9206364347766077e-4,0.22476952291577112,0.7227607429564972,0.02076175742546342,42.35731956756263,3.4251074511837355e-4
COL18A1,3,0.3963367863789286,0.10636710209998748,3.7261218793604347,1.9444840921327715e-4,0.18786109712305843,0.6048124756347988,0,0,3.464656363473684e-4
ZDBF2,3,-0.597304206966389,0.1604421615151071,-3.7228631260377734,1.9697631732239538e-4,-0.9117650651377571,-0.28284334879502077,0.057400974408341285,76.681075336459,3.5066856834905407e-4
SOX12,3,0.405838719848055,0.10940361602996211,3.7095548993271747,2.0762393460512182e-4,0.19141157265088032,0.6202658670452297,0.027209062458844913,77.48562638635394,3.6930706721357003e-4
KLF2,3,0.7200901096130339,0.1943006612181941,3.7060610349873864,2.1050759031788946e-4,0.33926781145305507,1.1009124077730128,0.06526837330518777,58.26301364616622,3.741154604278515e-4
GTF2H5,3,-0.44994388280755215,0.12217815771895388,-3.682686751936111,2.3078868207811095e-4,-0.6894086716341561,-0.2104790939809482,0.03163006232134414,77.9925382687765,4.0980798512842647e-4
ANO2,3,0.7670596607349421,0.2094713081877329,3.661884137599819,2.5036709381177767e-4,0.3565034408924955,1.1776158805773886,0.06983311042173886,56.726064404527435,4.4419277379437714e-4
EXOC1,3,-0.4221889734054095,0.11534301681166716,-3.6602907143894328,2.5192925358312023e-4,-0.6482571322244751,-0.19612081458634392,0.020339425311958856,50.89950424126703,4.465822837020439e-4
PROB1,4,0.46380255621085503,0.1270105655349362,3.651684836276704,2.605254880202775e-4,0.21486642210631585,0.7127386903153943,0.033691649720708455,53.68006088760182,4.6142601379509443e-4
HIVEP3,3,0.38244287651675374,0.10498030314655347,3.64299649604612,2.694825079875053e-4,0.17668526326341205,0.5882004897700954,0,0,4.768828682304488e-4
PRMT9,3,-0.4650438158147271,0.12818844759647077,-3.6278137736612273,2.8583130152475596e-4,-0.7162885563379098,-0.21379907529154435,0.03036421614990187,67.06840548932568,5.051682760272307e-4
GADD45G,3,0.810851290456775,0.22351642455390808,3.6277033872345807,2.859534985805057e-4,0.37276714837795094,1.248935432535599,0.10113872313917284,68.378565440886,5.051682760272307e-4
NAPG,5,-0.4790977310565841,0.1323008790664522,-3.621273981225344,2.9315585228176835e-4,-0.7384026891498195,-0.21979277296334865,0.06636074878761523,79.88556807408014,5.17451266070117e-4
TMEM242,3,-0.4882330758234429,0.1348969050051292,-3.6193052450304832,2.9539503121603193e-4,-0.752626151259417,-0.22384000038746876,0.04275201384664734,81.59816774780253,5.209602846446005e-4
LIG1,3,0.4655660895057882,0.12867307005750003,3.618209228222666,2.966485380455098e-4,0.21337150641288893,0.7177606725986875,0.03473055083290894,73.72188624370719,5.227264808040673e-4
SALL3,3,0.6643765151883055,0.18366237946439642,3.6173794389781233,2.976008742223055e-4,0.30440486612315976,1.0243481642534513,0.05812933624810364,57.46910743252168,5.239594339024292e-4
ADCYAP1R1,3,0.5690881387032906,0.15750441518490738,3.6131567361790538,3.024917266958673e-4,0.26038515753482855,0.8777911198717525,0.04924809462150739,66.46157730432864,5.32118609980686e-4
MFAP4,4,0.6896071809054671,0.19106465240788367,3.6092870775139394,3.070396736472742e-4,0.31512734346735105,1.0640870183435833,0.0893670178893905,63.65460364908784,5.396612569020734e-4
TMEM128,3,-0.5014002369765866,0.13937109094955466,-3.597591391159221,3.21177658849627e-4,-0.7745625557237701,-0.22823791822940326,0.04123216381725492,78.21749739241413,5.640325693938411e-4
LIN7A,3,-0.588025748866048,0.1635594007927077,-3.5951816038461857,3.241653693822561e-4,-0.9085962837527071,-0.26745521397938893,0.046834150830876574,59.73527835656806,5.687977801174273e-4
RASSF3,3,0.6029279502880581,0.16809271941567291,3.5868772447966077,3.3466177112579786e-4,0.2734722741699426,0.9323836264061737,0.05206660937553258,64.34933101226905,5.867189461664453e-4
ARL6,3,-0.5881464732605272,0.16497590646427643,-3.565044653280225,3.637942464545099e-4,-0.9114933082473576,-0.2647996382736967,0.06247644778840529,77.56614858846946,6.372544486035926e-4
PRKD2,3,0.5191379297121371,0.1456921139276797,3.5632534645617997,3.6628669535585364e-4,0.23358663358237858,0.8046892258418956,0.04147537997014572,73.93984228997688,6.410789925468696e-4
FANCM,4,-0.5404006126833936,0.15173999518551398,-3.561359099970391,3.6894008019914924e-4,-0.8378055382612821,-0.242995687105505,0.06883081594125318,80.07633344657349,6.451785213600637e-4
ZNF483,3,-0.5356551806567016,0.1507820015894572,-3.552514060100891,3.8156862644115724e-4,-0.8311824732888988,-0.2401278880245043,0.052199116657426034,78.17599221289294,6.666719067774446e-4
PIM3,3,0.6167031283879941,0.1736093677362891,3.55224569059407,3.8195803433304124e-4,0.27643502024609745,0.9569712365298908,0.06778288793364279,78.67079961646897,6.666719067774446e-4
IL1RAP,3,-0.5822949440132906,0.16393058679295522,-3.5520823502494427,3.821952252451213e-4,-0.9035929900920003,-0.260996897934581,0.057592653395313255,73.25104327017782,6.666719067774446e-4
CCDC17,3,0.5276534898469988,0.148717192067464,3.548032897283552,3.8811974180162466e-4,0.23617314951284352,0.819133830181154,0.009967225984580866,12.79364447976064,6.764372642828315e-4
MT1F,3,1.0699036044981045,0.30174352413090627,3.545738413375013,3.915146457970972e-4,0.4784971646333356,1.6613100443628734,0.19227251938922818,76.14800691810349,6.817811716063641e-4
MAP9,4,-0.5113026782116085,0.14455081834899258,-3.537182867945845,4.044195454053752e-4,-0.7946170761114255,-0.2279882803117914,0.061056829455647596,75.93496713488848,7.036628667539834e-4
MBD3,4,0.44997003448798367,0.1272535341190767,3.53601208487402,4.0621611047222993e-4,0.2005576907091544,0.6993823782668129,0.045667571721132054,72.94793474520455,7.061963228159303e-4
TMEM67,3,-0.5105270281475098,0.14450857857086855,-3.5328492826959885,4.1110676911871837e-4,-0.7937586376034889,-0.22729541869153086,0.04661872381711781,76.33894747782256,7.141000327908056e-4
TRAPPC13,4,-0.5710557644197938,0.16198927287708664,-3.5252690149001187,4.2305293810636905e-4,-0.8885489051407146,-0.25356262369887295,0.08544159716318407,86.28665166947654,7.342358105712212e-4
STMN2,3,-0.8073440641029391,0.22916414414209407,-3.5229946950267337,4.266999011297459e-4,-1.256497533169389,-0.3581905950364892,0.07491575186217446,49.49448820161375,7.399461496179708e-4
OCIAD1,3,-0.5949632852889069,0.1693674291769314,-3.5128553829991267,4.433186999395186e-4,-0.9269173466298306,-0.26300922394798304,0.07763403358727461,91.41551183525573,7.681227933789153e-4
TGFB1,4,0.7176261719381126,0.20431517856954573,3.512348798373018,4.44164657094199e-4,0.3171757804469332,1.118076563429292,0.12970474681244226,82.33017400669512,7.689461592766016e-4
MTMR6,4,-0.4843729183258741,0.13805892196498706,-3.5084506776658393,4.507248007535052e-4,-0.7549634331216746,-0.21378240353007366,0.05990407031727414,83.04545685986129,7.796524076420098e-4
BCAR1,3,0.4979618459715112,0.1420529314320265,3.505466877392742,4.558072126494323e-4,0.21954321646640151,0.7763804754766209,0.046073166650199,78.05294789037038,7.876803175958467e-4
TCF7,3,0.48701607211763004,0.13893780733723018,3.505281114272542,4.5612539124041077e-4,0.21470297364569402,0.7593291705895661,0.03007697601028711,51.24922434762684,7.876803175958467e-4
UCKL1,3,0.5660280841117145,0.16172167620832056,3.500013711103202,4.6523422776026076e-4,0.24905942322395808,0.8829967449994709,0.06380783883613475,83.8039854796553,8.027419204449091e-4
RBM14,3,0.5885540856033179,0.16852793893933446,3.4923235239658488,4.7883789217495e-4,0.25824539489345705,0.9188627763131787,0.06298432361165851,75.94062698133885,8.255276711312106e-4
CASKIN2,3,0.5334508642924434,0.15284554966616443,3.4901301703423684,4.827853249111673e-4,0.23387909174953303,0.8330226368353537,0.05228294395428688,76.72541117979576,8.316418304532898e-4
PLEKHO2,3,0.44137615661135626,0.12655124037515372,3.4877268314630703,4.8714551015364207e-4,0.19334028327718383,0.6894120299455286,0.027858686096450203,61.51224623181727,8.38456255650335e-4
STAT1,3,-0.5631279486298287,0.16170031148220837,-3.4825409021663436,4.966793392903189e-4,-0.8800547354238657,-0.24620116183579183,0.054347454762658426,71.07571508626108,8.541566746999348e-4
RARRES2,3,0.5274567354400204,0.15175135488681182,3.475795888830379,5.093397781500206e-4,0.23002954525671288,0.8248839256233278,0.05100002703867067,75.43644700422253,8.752035624549649e-4
SSC5D,3,0.7202709515286095,0.20871822709064822,3.4509250177551065,5.586687584078911e-4,0.31119074351388687,1.129351159543332,0.10324557381031127,81.3139413451528,9.591713617036143e-4
STMN4,3,-0.6020803517507004,0.17464936314671742,-3.4473664312472283,5.660802371455847e-4,-0.9443868134411235,-0.2597738900602773,0.04045415769073331,43.12785017842064,9.710921520595059e-4
BRI3,3,0.4829187152513455,0.14032648806087308,3.441393866009511,5.787254573238331e-4,0.20788385257504438,0.7579535779276466,0.04738573484244393,83.30733589497201,9.919641309831652e-4
C1QL3,3,-0.7092873185702661,0.20626278274858,-3.438755693676634,5.843943635971293e-4,-1.1135549441084924,-0.3050196930320397,0.05908153035509566,45.76161055618301,0.0010008537655660167
ARHGEF10L,4,0.4751886637401001,0.13851279998807664,3.430648025171717,6.021413444739517e-4,0.20370856436566986,0.7466687631145303,0.06520578495983836,88.25084239038634,0.001030396987160871
RLIM,3,-0.44907584308635234,0.13105778528199216,-3.4265483894763866,6.113048310743441e-4,-0.7059443821326405,-0.19220730404006414,0.04166331885507818,83.33246076701779,0.001045215350080948
CDC42,3,-0.4488520800254473,0.1314660122816728,-3.414206244148931,6.396813269282705e-4,-0.7065207292886264,-0.19118343076226824,0.041022180380151034,82.3114061156587,0.0010928328435331409
SCN7A,4,-0.5772893936382211,0.1691121667689868,-3.4136479040376724,6.409935570164401e-4,-0.9087431498529666,-0.24583563742347564,0.07249518098642346,64.85265313113388,0.0010941733639934952
MYSM1,3,-0.5512231208400054,0.16153840648535917,-3.412334768140509,6.440896093293573e-4,-0.8678325796713008,-0.23461366200870992,0.06129244755006435,83.58302046275156,0.0010985541527541835
PPP1R13L,4,0.6356056046256547,0.1869354078605996,3.400134901674887,6.735261507270825e-4,0.26921893778357386,1.0019922714677356,0.10542040620437217,79.82208550672713,0.0011478169569498515
VWC2L,3,-0.7636453623054142,0.22466946059715845,-3.398972696492389,6.763946836543653e-4,-1.2039894135018856,-0.32330131110894295,0.09076752289303612,60.433927630135024,0.0011517590918712264
SEC61A2,3,-0.5315254605145616,0.1564891804913092,-3.3965636400280115,6.823768775681492e-4,-0.8382386182477157,-0.22481230278140757,0.04850074109997538,68.6185134805155,0.0011609923249190658
MGAT1,3,0.5234928118387554,0.1543185439422923,3.3922871384434297,6.931176324268528e-4,0.2210340235652008,0.82595160011231,0.05898718160123029,85.13251237199643,0.0011782999751256498
DCHS1,3,0.4892692671099998,0.14433726942059188,3.3897639124950647,6.995283927265424e-4,0.20637341741878523,0.7721651168012144,0.0405865074754062,67.6247617274155,0.0011882243132799745
CALM2,3,-0.43626477418436854,0.12889305914548094,-3.3847033895902703,7.125520698388017e-4,-0.6888905279667021,-0.1836390204020349,0.03730615655740962,79.17709147170761,0.0012093559679588173
CDK7,3,-0.44043397723678257,0.1303962628616747,-3.3776579755510183,7.310594765195953e-4,-0.6960059561642827,-0.1848619983092824,0.026515034782815285,48.90980504907739,0.0012397525382678992
ZNF382,3,-0.5548195100393372,0.16437762339450845,-3.375273948983695,7.374224518380223e-4,-0.8769937317568623,-0.23264528832181203,0.0546350293436448,72.58305984270834,0.0012495213767255379
SLC15A3,4,0.5896133277561005,0.17499134163281777,3.369385720770569,7.533592341897238e-4,0.2466366005494332,0.9325900549627679,0.08782599566429716,80.8985055949782,0.0012754833075179488
MAZ,3,0.47636195066174303,0.14229246464661943,3.3477665303273696,8.146560982068237e-4,0.19747384468293006,0.755250056640556,0.042828747175750075,73.3972463337423,0.00137708673538848
CCDC120,3,0.4625678385528028,0.13817267249338214,3.3477519845681334,8.146988545427507e-4,0.19175437681812568,0.7333813002874799,0.04188539310536979,79.65002680647542,0.00137708673538848
PLCD3,4,0.6129291231108908,0.18356331617019664,3.3390610711270536,8.406208123569766e-4,0.25315163453456646,0.9727066116872151,0.10623288603187742,82.20988475557074,0.0014197455739644704
SALL2,3,0.521809107893451,0.15630951771233392,3.338306684905577,8.429065946735354e-4,0.21544808273645094,0.8281701330504512,0.05597798300983825,79.09574313143621,0.0014224477439812142
ZNF385A,3,0.42571293619731265,0.12793827088875045,3.327487023546645,8.763307043178208e-4,0.17495853301103254,0.6764673393835927,0.02638011396048523,54.73346723387036,0.001477650309557041
LIG4,3,-0.6337241879981551,0.19084886950209395,-3.320555105468948,8.983862170493336e-4,-1.007781098712444,-0.2596672772838663,0.08954265730904426,84.2152095041659,0.0015136092722667083
GNG7,3,0.4541515050109501,0.13682965442971212,3.319101454314077,9.030761267749968e-4,0.1859703103116529,0.7223326997102473,0.03624586054650317,65.61369949130507,0.001520275882249467
ATR,4,-0.49351953179432256,0.14877586519328317,-3.31720155788147,9.092399676301397e-4,-0.7851148693419437,-0.20192419424670138,0.07415467173250177,89.2032695344816,0.0015294109431183373
EIF1B,3,-0.4560790411050046,0.13755741501338614,-3.3155540256453793,9.146166029976571e-4,-0.7256866203376707,-0.18647146187233843,0.03926514566658795,74.35920637706597,0.001537208131780503
RSPO3,3,-0.7851031157151473,0.23864546325742617,-3.289830466495225,0.0010024776277981276,-1.2528396287735792,-0.31736660265671535,0.05633757240522337,30.446817841851324,0.0016835130364804183
VPS13A,3,-0.600294418859002,0.18261270341005648,-3.2872544332857396,0.001011693816854753,-0.9582087406622074,-0.24238009705579666,0.08002475326691491,84.75680045022133,0.0016976156765022312
KBTBD8,3,-0.39771606776677976,0.12170271059533005,-3.2679310577495126,0.0010833675203314036,-0.6362489973545279,-0.15918313817903162,0.022603574365784432,49.85265758715474,0.0018164140963357568
ARL6IP6,3,0.577186682483353,0.17680051051809073,3.26462113028963,0.0010961058413387756,0.23066404941960023,0.9237093155471059,0.08140297402936081,87.38720557203892,0.0018362871687694834
DMPK,3,0.515659416675369,0.157998202426304,3.263704325470987,0.0010996586001454773,0.20598863029774417,0.8253302030529938,0.06046844378807727,84.23241672916713,0.0018407521684436802
NATD1,3,0.4248480714786523,0.1302994958862227,3.260550385011688,0.0011119620917462477,0.16946575233793088,0.6802303906193736,0.039771646149803414,79.33739948791185,0.001859846272807837
RRAS,3,0.7065885071327312,0.2174583581989076,3.2493048921413257,0.0011568740877069964,0.28037795692566203,1.1327990573398004,0.10760321451495192,82.3640564043759,0.0019334060095925146
COPS8,3,-0.522401480189005,0.1611330658415005,-3.242050149426613,0.0011867313759707967,-0.8382164859568672,-0.20658647442114286,0.06261421993346687,84.31018110457767,0.0019811573496899865
HSPB2,3,0.6615876897464451,0.2040740629292454,3.241899927164308,0.0011873570808412022,0.2616098762263636,1.0615655032665265,0.10729590318935356,87.20886082396171,0.0019811573496899865
CIITA,3,0.5319497279049964,0.1653491805289974,3.217129508614093,0.0012948013695354519,0.20787128919494996,0.8560281666150429,0.060205512286503005,74.61648769401037,0.00215869617396827
RAB11A,3,-0.5661388433205522,0.1763268695006773,-3.2107349544839368,0.0013239598658107408,-0.9117331570485738,-0.22054452959253062,0.08059849708226915,88.00671323820653,0.0022055363547722703
GPR108,3,0.412942433644793,0.1289778370192459,3.2016542003505166,0.0013664091996098133,0.16015051828319415,0.6657343490063918,0.04006294780895946,82.53285355731228,0.0022744243017582284
CFAP69,3,-0.683790545969282,0.21359793451274423,-3.201297557156312,0.0013681017231279948,-1.1024348047864057,-0.2651462871521584,0.11079660925916354,85.0272267933659,0.002275415375916168
ACACB,3,0.5485066534451033,0.17172004918960315,3.1941911036810535,0.0014022325929796185,0.21194154161003464,0.885071765280172,0.06565339075051171,76.12095129214363,0.002330312818781834
AQP6,3,0.4160750336789361,0.13049808515080044,3.18836121770009,0.0014308167498431358,0.16030348673192607,0.6718465806259462,0.0086185263882792,12.796598283601153,0.002375911880844406
NACC2,3,0.45888981911983506,0.14398213089527276,3.187130349207114,0.0014369200090627564,0.17669002814776869,0.7410896100919014,0.035659591159551675,58.515497051121635,0.0023841376790369254
NDUFAF5,3,-0.48367482832089337,0.15223824409230755,-3.1770914805587473,0.0014876010417808202,-0.7820563038114338,-0.18529335283035298,0.054045339739066806,78.75065793238791,0.0024662546448068912
SNX10,3,-0.7619881708703837,0.23990299987540295,-3.1762344416957404,0.0014920032153264379,-1.2321894104092905,-0.29178693133147693,0.14176208127825396,82.29862181947982,0.0024715772113314952
ZNF366,3,0.7128651437575081,0.2245158865330189,3.175121167439833,0.0014977394619013695,0.27282209219570974,1.1529081953193066,0.08109959663859889,55.57990705909434,0.0024790994764432883
MRAS,3,0.527628620637681,0.16655599041319982,3.1678753752940105,0.0015355733043924192,0.2011848780184109,0.8540723632569511,0.045398640580740564,53.03113950214403,0.0025396961988117042
EXT1,3,-0.3591413217603929,0.11345756640106062,-3.165424159468271,0.0015485702576952555,-0.5815140656800334,-0.13676857784075236,0.024212811050277155,68.69334909925908,0.0025591511669003663
GEN1,3,-0.6964974490761865,0.22043464559590678,-3.159655085947704,0.001579560099779297,-1.1285414153890145,-0.2644534827633584,0.10816879398911572,82.81262815597533,0.0026082863431068962
NUDT21,3,-0.4757997783304093,0.1506141570107765,-3.159064113052571,0.0015827666715819931,-0.7709981016333921,-0.18060145502742653,0.05718271486819516,86.71072673098284,0.002611502050008794
FAM181B,4,0.5734650304204912,0.18157735144335949,3.1582409692729527,0.0015872429717513304,0.21757996118333467,0.9293500996576478,0.10314769210610787,83.34588544055502,0.0026168059804548963
ABCA10,3,-0.5612760550507041,0.1778328596324529,-3.1561999070967888,0.001598392702865685,-0.9098220551980786,-0.21273005490332964,0.06955774985986886,80.03116679803134,0.0026330948893911283
ORAI3,3,0.4500584212848154,0.1431351347891639,3.1442903375732683,0.0016649016670860029,0.16951871217576803,0.7305981303938627,0.018075704493716777,26.643399184327624,0.002740480998044738
RGMA,3,0.5371291161778189,0.17092179090920245,3.1425432258848383,0.0016748698118488595,0.2021285618226965,0.8721296705329413,0.06565260317124555,76.97677254411218,0.002754702608861645
CDC40,3,-0.4874593315142954,0.15531291619740586,-3.1385627380450747,0.0016977858643108562,-0.7918670535950985,-0.1830516094334923,0.06072657297219732,84.99038781627789,0.0027901805725679203
PSTPIP1,3,0.6597500267745313,0.21056196959386284,3.1332819884192458,0.001728632809342465,0.24705614985674224,1.0724439036923203,0.10863478470647102,83.22825996135052,0.00283862584843727
HSF1,3,0.43838323731493295,0.14030124122742624,3.124585595107603,0.0017805570978042383,0.16339785752291136,0.7133686171069545,0.04757707898630601,84.003775983205,0.0029215786557325873
ADRA2C,4,0.6818866063236512,0.21825991625684307,3.124195308135385,0.001782920691351903,0.25410503119151057,1.1096681814557918,0.15060807246613298,83.12533307089724,0.0029231442797342665
DDR1,3,0.6262874121282133,0.20138358107156148,3.109922908291429,0.0018713617876495944,0.23158284615025065,1.0209919781061758,0.07565337402402496,78.93391679914323,0.0030657222334796673
CDK11A,3,0.4278720366481217,0.13769103556000334,3.1074792553336748,0.0018869022781407838,0.15800256595649131,0.697741507339752,0.030541199401615725,52.3878771611824,0.0030887413771617882
ALG14,3,-0.5179171882590033,0.1668549962533658,-3.1039956842080834,0.0019092611598811489,-0.8449469715561659,-0.19088740496184076,0.0702002858254495,90.30131178916521,0.0031228766921084406
PINLYP,3,0.48552935596563285,0.15650938514784377,3.1022379616850855,0.001920635011223509,0.17877659783335104,0.7922821140979146,0.05112677323209219,69.99660323690908,0.003139004738595396
VANGL2,3,0.5374847001874442,0.1737736298810324,3.0930164752581444,0.001981331353089297,0.19689464415782737,0.878074756217061,0.06897729578416517,84.97666193142177,0.003235654508903309
PIEZO1,3,0.6047535005234623,0.19566769821939606,3.0907170985645838,0.0019967377650123444,0.22125185907559403,0.9882551419713306,0.09740963312197397,85.67447117316735,0.0032582487211924487
UTP15,3,-0.6125189545294695,0.19847052843845783,-3.0861960178606602,0.0020273512409293764,-1.0015140422614794,-0.22352386679745961,0.09802365861435444,86.18765245593967,0.003305602573653716
TSPAN4,3,0.7595656427128639,0.2462777011834635,3.0841835824471526,0.0020411160180872053,0.276870218197958,1.2422610672277696,0.14066489486289294,80.64043661332697,0.0033254317529559027
PRKACB,3,-0.5466329775059365,0.17739347596939942,-3.081471708690298,0.002059800497571918,-0.8943178014983308,-0.19894815351354217,0.07603767768998612,85.18653440744838,0.00335323880059981
VEGFB,3,0.5664332747259009,0.18434342081669197,3.0727067568587256,0.0021212682682479863,0.20512680913827336,0.9277397403135283,0.08909666782891713,87.5806434652961,0.0034505963830167245
USP14,3,-0.4595587484394812,0.14958214168413325,-3.072283517707036,0.0021242785477002877,-0.7527343588707498,-0.16638313800821253,0.058364891118885105,88.33298735677529,0.003452785037563007
AKT1S1,3,0.4699978622918049,0.1530604211336324,3.0706688169991643,0.002135799087808428,0.17000494941135208,0.7699907751722577,0.05626822343542913,85.83814672139063,0.003468791940575317
SH3BP2,3,0.4555878881175901,0.1488928108391682,3.0598380509433016,0.002214567058263179,0.1637633413158855,0.7474124349192948,0.033561457409047854,49.021589046716855,0.003593906164974831
RCN2,3,-0.4505576100476416,0.14763092888408832,-3.0519188184570365,0.0022738358864101567,-0.7399089136646486,-0.16120630643063455,0.05674214922546449,88.98203210359009,0.003687205338869949
CROCC,3,0.6419894091284479,0.21043322425333594,3.0507987101674163,0.00228233527792394,0.22954786844126895,1.054430949815627,0.11003846018288738,87.4897486176366,0.0036980963800111338
NFIC,3,0.43221325873464794,0.14210769130317327,3.0414487405369353,0.002354426500882808,0.15368730185429252,0.7107392156150034,0.05089805262017081,85.48084416346437,0.0038119286204769272
C9ORF72,3,-0.5247732837846648,0.1725795861295956,-3.0407610514872574,0.0023598102558967863,-0.8630230570655004,-0.1865235105038292,0.0691401527307247,83.14999336056378,0.0038176649537675
LEF1,3,0.6460912820848894,0.2125501558610496,3.039712106855657,0.0023680439075908907,0.22950063168885715,1.0626819324809218,0.07651899291967085,58.29662659592656,0.0038279992707275974
NINJ1,4,0.5164140118448818,0.16993264675228897,3.0389334934426055,0.0023741726034244136,0.18335214441282804,0.8494758792769355,0.09786342839528159,87.92071538216707,0.0038324784994805644
CCDC88B,3,0.6470614322005425,0.2129268586795358,3.038890613487132,0.0023745105457244576,0.22973245784740248,1.0643904065536824,0.10841328024275763,85.57912292771783,0.0038324784994805644
TPD52,3,-0.4966601845251949,0.16345972649618937,-3.038425397932947,0.002378179799605884,-0.8170353613804936,-0.1762850076698962,0.06614352376348613,83.50527403412691,0.003835415944309956
GIT1,3,0.5002284755751563,0.1647536632379527,3.036220656609494,0.0023956397584745715,0.1773172293077283,0.8231397218425842,0.0701609957960492,86.63238358491347,0.003860572540074795
ANKRD9,3,0.5048498624674866,0.16637747847857287,3.0343641884950454,0.0024104325629721157,0.17875599681089588,0.8309437281240775,0.05897064056916647,72.74986944880197,0.003881395291618143
PANK1,3,-0.4285315359833417,0.14165146781011043,-3.025253056733628,0.0024842517740356874,-0.7061633112483929,-0.15089976071829048,0.04802586702219677,81.25103056614765,0.003997159177152844
GOLT1B,3,-0.6617395065197316,0.21978089805121162,-3.010905462610032,0.002604699342056459,-1.0925021511899757,-0.2309768618494875,0.12298081029585922,86.23618567426028,0.004187710415058214
CERS1,4,0.7605793937593974,0.2528833768490292,3.007629062994764,0.0026329429719381897,0.2649370828464302,1.2562217046723647,0.22932679820292204,91.82740426283351,0.004229840219829439
RFLNB,3,0.45533922516003456,0.1515524203344145,3.004499856586165,0.0026601788422452783,0.15830193953470645,0.7523765107853626,0.03210578458749527,45.995166926257205,0.004270287088867421
SYT1,3,-0.6749716030052691,0.2252961020039819,-2.9959311190982776,0.002736082306208848,-1.1165438487903359,-0.23339935722020239,0.08935372109667929,58.638426789134144,0.0043887352692012
AMY2B,3,-0.45811321024271634,0.15309904723627393,-2.9922668920056807,0.002769140563545065,-0.7581818288932097,-0.15804459159222295,0.05723262805572952,87.31196050359128,0.0044383288475985045
ORAI1,3,0.5709714179840435,0.1908529887724564,2.991681826187074,0.002774452613569427,0.1969064336482017,0.9450364023198853,0.06436487821642257,61.24360455138039,0.004443409050612349
ITPK1,3,0.434912036566809,0.1454063293230707,2.991011729623548,0.002780548126100949,0.14992086796942006,0.7199032051641979,0.05416656546450197,87.79538047792833,0.004449735195627599
FOXO6,3,0.6792303350847443,0.22711911211069047,2.990634864553845,0.0027839816390321423,0.23408505514707623,1.1243756150224122,0.12704076446290682,82.2338246538393,0.004451794849153942
SEC22A,3,-0.5097652193246376,0.17131043064817048,-2.9756811502714045,0.002923386363712464,-0.8455274935710984,-0.17400294507817682,0.07701872542166432,91.13466180302974,0.004671111955577543
PLXNB2,4,0.5233632305578736,0.17610953220837255,2.971805239585958,0.0029605442188197976,0.1781948900952668,0.8685315710204804,0.10413875141103711,87.8344801732074,0.00472684273274231
BCAT1,4,-0.6036168203870372,0.20370893683953867,-2.9631337228101366,0.003045242435157289,-1.0028789999214776,-0.20435464085259686,0.14281568283439855,88.98884454419,0.004858332931166321
UCHL5,3,-0.5640040579849979,0.19078795118247793,-2.956182790838609,0.0031147243705243587,-0.9379415709868406,-0.19006654498315512,0.09323246949757556,89.60816987289178,0.004965363831258662
NAGLU,3,0.48949628136189016,0.1666457379431925,2.9373465376519468,0.003310339653882084,0.16287663681613296,0.8161159259076474,0.06399085389783575,79.05214431953773,0.0052731524133267605
LINC00472,3,0.6556697879524904,0.2240301355580826,2.926703527269437,0.003425752741634978,0.21657879080702247,1.0947607850979584,0.10239410359874926,71.574264682202,0.0054528098128556746
IRAK1,3,0.5596116831249235,0.19205889034135434,2.913750475858223,0.0035711522336140953,0.18318317514514137,0.9360401911047056,0.09305416020788151,87.82336721340015,0.0056798847641991055
ZNF219,3,0.5594349272620109,0.1921609550805794,2.9112830284769426,0.0035994780343505126,0.18280637606925626,0.9360634784547657,0.0895557831582987,83.06433932494141,0.005720549764937136
FASTKD2,3,-0.5535554515432937,0.1901791229312785,-2.9107056705867853,0.0036061354211434633,-0.926299683100015,-0.18081121998657235,0.09207671683022269,88.4123266379045,0.005726741855629053
ANO7,3,0.5678434826291944,0.19544012099758393,2.905460146722966,0.003667135459276982,0.18478788433977955,0.9508990809186092,0.08597083663303257,75.82972539271883,0.005819157568890942
VPS50,4,-0.50298127260598,0.1731928631284265,-2.9041685870913043,0.003682298208260039,-0.842433046717071,-0.16352949849488907,0.10437519005236313,90.92929756687961,0.005838751134504068
CSMD3,3,-0.49672773473322723,0.17191415902533755,-2.889393971674067,0.0038598514993109685,-0.8336732948553802,-0.1597821746110742,0.04469996736532654,47.68351226800241,0.006115608869038158
PLEKHF1,3,0.6129408318017913,0.2125745486053591,2.8834158925568514,0.003933876836238839,0.1963023725054283,1.0295792910981543,0.10592204385247991,79.72278310441892,0.006228137830808666
EYA2,3,0.613504486711604,0.21321537385157033,2.8773932931247934,0.004009754974558415,0.19561003301228297,1.031398940410925,0.10899842314556027,84.36010744091531,0.006343426252657629
ARL8B,3,-0.534694344491718,0.18628803560869256,-2.870255960049257,0.0041013965023588865,-0.8998121850354706,-0.16957650394796553,0.0860332346647102,84.2869184245401,0.006483457580710618
CTSO,3,-0.47373602493669936,0.16525598444610348,-2.8666799966400216,0.004148022027039802,-0.7976318026807735,-0.14984024719262523,0.04197721309005972,50.36799971412184,0.006552168837837434
TP53I3,3,0.47198341805114175,0.1655164234702914,2.8515805752403667,0.004350245929280332,0.14757718919949048,0.796389646902793,0.054569831844062444,71.674978671697815,0.006866369906641864
MYBPC1,3,0.5549346868140682,0.19482433311494435,2.8483848908476053,0.004394174610611557,0.1730860105967431,0.9367833630313933,0.07809852679168246,71.54719422770528,0.006930432047458835
CSRP1,3,0.6978569007912014,0.24566398332702707,2.8406968385846643,0.004501508291477826,0.2163643411715801,1.1793494604108228,0.14904792379466783,87.37400897006846,0.007094322337784963
DGKE,3,-0.4379019701775462,0.15507652861516144,-2.8237798078666407,0.004746097851702138,-0.7418463811107576,-0.13395755924433467,0.05777647285673737,81.93603374167232,0.007474113093720754
CAPG,3,0.5763319949754775,0.20620664127296845,2.7949245059112875,0.005191183621754006,0.17217440470748874,0.9804895852434663,0.0957309667610086,81.11192241537422,0.008168827641515788
RAB6A,3,-0.5244726944173705,0.18784634565797287,-2.7920303297905016,0.00523784462382534,-0.8926447665344592,-0.1563006223002818,0.0947119304838405,90.5793059689216,0.00823600435922195
ATAD1,3,-0.5037008156624296,0.18046372051902215,-2.791147241194864,0.005252157369193861,-0.857403208395815,-0.1499984229290443,0.08691726868719994,91.37852600025924,0.00825225332099096
DPP8,3,-0.46136299515931717,0.1661750237185843,-2.7763678610368707,0.0054969974527032325,-0.7870600567778316,-0.1356659335408027,0.07412759622881203,91.68835227718003,0.008630410837930737
SLC6A8,3,0.4539305352551981,0.1636070908121399,2.7745162694471417,0.005528386880539651,0.13326652964802999,0.7745945408623662,0.06684624038042,85.2059873104029,0.008673127375370073
UBALD2,3,0.5658938240162906,0.20471714733987656,2.7642717347794,0.0057050007608012215,0.16465558821235288,0.9671320598202284,0.09982926872724635,85.24344719174478,0.008943440346108642
MT1G,3,0.9621441948044921,0.3510827745423409,2.7405052727485972,0.006134479769563212,0.27403460110910827,1.6502537884998758,0.2367653717281525,73.92981354188923,0.009609449427548414
ZNF467,3,0.5754901085921773,0.21018156506196356,2.73806177255611,0.006180246616000478,0.16354181085646663,0.987438406327888,0.11331882179758863,86.67608321877692,0.009673835080441503
SLC25A46,3,-0.5185432152554005,0.19073756332829434,-2.7186213675325845,0.006555460104178134,-0.8923819698777851,-0.14470446063301584,0.09491016975926878,89.4632088627614,0.010253411957817081
ZNF205,3,0.4986647112044139,0.18359163936308068,2.7161624185850197,0.006604350950445783,0.1388317101901097,0.8584977122187181,0.09071656019008562,90.0039019486463,0.010322097868292806
C2ORF69,3,-0.43222011990739406,0.15920040255694487,-2.714943636859159,0.006628705093283702,-0.7442471752432843,-0.1201930645715038,0.06700107918592661,89.20372859846435,0.010352360213456625
ZIC5,3,0.6937794165438161,0.25566771652503206,2.713598048175508,0.006655686902433156,0.19267990014515735,1.194878932942475,0.12127732575063735,62.59070075846205,0.010386677679192149
ABCA5,3,-0.7324276478687181,0.27211651392304453,-2.691595733421203,0.007111108585011867,-1.2657662147564774,-0.19908908098095868,0.19853058105231847,92.76152700729857,0.011089052034071137
DNAJB9,3,-0.49707305707414373,0.18482713266702538,-2.689394408177309,0.007158178915923857,-0.8593275804673199,-0.13481853368096752,0.0895058706694579,89.04982840042237,0.011154066920831015
NDUFAF4,3,-0.5956270236810369,0.2219597857580759,-2.683490712728647,0.007285799878581452,-1.0306602097830921,-0.16059383757898177,0.12916587890382447,89.86495636370752,0.0113444061172507
PPIP5K2,3,-0.5247172083425742,0.19562657252774823,-2.6822389288047606,0.007313120784146873,-0.9081382449159734,-0.14129617176917492,0.09779752752662921,91.31540444820497,0.011378403980735644
TMX3,3,-0.5812963263713237,0.21846342496321677,-2.660840488375562,0.007794587375897598,-1.009476771238497,-0.1531158815041503,0.13209497461640785,93.90722276823887,0.012118421452482472
KIF7,3,0.5727424820692184,0.215515813944958,2.6575427184916225,0.007871261411551016,0.15033924863826564,0.9951457155001712,0.11981716149717794,89.13754057644677,0.012228461548731692
PHGDH,3,0.530759402696869,0.20129994202799975,2.6366594910546137,0.008372683014901135,0.1362187662319888,0.9253000391617493,0.10332579177602016,88.69013536800158,0.012997713003671373
SLC6A16,3,0.6171132852296555,0.23426959544205322,2.634201352784164,0.0084335458624344509,0.15795331549046238,1.0762732549688485,0.11416433268565158,71.63548685044927,0.013082403978077077
HES6,3,0.6534552083242668,0.2489037195600516,2.625333239211041,0.008656420041751817,0.16561288236850796,1.1412975342800258,0.1383200360920788,76.44210038506885,0.013418098031833534
TC2N,3,-0.6553306334089076,0.25033133556356413,-2.6178529824625416,0.008848491890607019,-1.145971035315304,-0.16469023150251122,0.13886333101985374,76.44674897549932,0.01370558041905822
SERHL2,3,0.5999166809464854,0.2306346340152603,2.6011560818172303,0.009291017159999785,0.14788110468899884,1.051952257203972,0.11849041917146189,76.6987921842416,0.0143802758133131
RAVER1,3,0.5140683441826278,0.19787524054079988,2.597941727209838,0.009378440801594676,0.1262399992904601,0.9018966890747955,0.10631593899090945,92.54183738590773,0.014504762283748961
C1QTNF5,3,0.8257819703465169,0.3188046274346767,2.590244617812896,0.009590775380070856,0.20093638246984058,1.4506275582231933,0.24992689137244223,84.18282221872366,0.01482210740556405
PSMD12,3,-0.535529900823698,0.20686117964045966,-2.588837121370425,0.0096300632568798,-0.9409703627184691,-0.13008943892892683,0.11695034587042634,92.69470364625865,0.014871743257459944
ZNF540,3,-0.6686964409785191,0.2586573508131415,-2.5852597611331634,0.00973056572722573,-1.1756555329088183,-0.1617373490482198,0.17943119348235892,92.47293252801015,0.015015768837995656
SH2B2,3,0.526222001773184,0.2043279894169864,2.5753789447772912,0.010013031701007905,0.1257465014824094,0.9266975020639586,0.10746491883761689,86.96570117592708,0.015440169329286539
PPP1R14B,3,0.6368780353388453,0.248114104362202,2.566875579185607,0.010261942642690317,0.15058332673251718,1.1231727439451735,0.1554324255921721,87.5545743924846,0.015812235543045852
MFSD8,3,-0.526662078849679,0.2070307690489443,-2.543883120702558,0.010962776035898854,-0.9324349298772394,-0.12088922782211847,0.1180512971767286,93.27504657768256,0.01687958240419764
BLOC1S6,3,-0.6026060506197325,0.2386128312858801,-2.525455346941318,0.011554846458478103,-1.0702786061891896,-0.1349334950502753,0.14774144820300295,89.82842472947625,0.017778005604513047
TMEM184B,3,0.5829821576196219,0.23148047882508224,2.5184938297114514,0.011785794852173953,0.12928875599837414,1.0366755592408696,0.14179262432273293,90.14280127785612,0.01811989512483972
EIF4E,3,-0.5668298315671443,0.22657434054871145,-2.501738856193563,0.012358504599970935,-1.0109073788635319,-0.12275228427075668,0.1366855904281174,89.81629920469474,0.01898632484469609
MPHOSPH6,3,-0.5167409746943895,0.20840133358199978,-2.4795473513180144,0.013154926210014803,-0.9252000828452267,-0.10828186654355232,0.10963478761694899,91.13846804197306,0.020194905225440936
AP3S1,3,-0.6224029286754248,0.25267834940431005,-2.4632222354734448,0.013769453917127063,-1.1176433931809002,-0.1271624641699493,0.17738774400927473,94.86652491264658,0.021122668213107636
SLC35A1,3,-0.5163668733946,0.21092400587518637,-2.4481180852413664,0.014360458238460282,-0.9297703283848799,-0.10296341840432,0.06834126102958034,50.7208983073805,0.022013001024809038
GLIS2,3,0.640042293682735,0.26425342471356267,2.4220775733616637,0.015432055903810601,0.12211509845278556,1.1579694889126846,0.18768907333992763,90.40730534831098,0.023638171303178128
SPIN1,3,-0.5253851040419519,0.21772388468535894,-2.4130797813074385,0.01581835663342133,-0.9521160765994072,-0.09865413148449664,0.12277573339970312,87.69087880849754,0.024195266013465038
C1QL1,3,0.6811444620220918,0.2822737977545818,2.4130630169729796,0.0158190842402404,0.12789798464376834,1.234390939400415,0.20031739193327705,88.62252407356839,0.024195266013465038
PAK4,3,0.5392566260498286,0.2282065768404303,2.3630196531403866,0.018126708294930734,0.09197995440741286,0.9865332976922443,0.13872857529837807,92.35373689896265,0.027704342670365763
CNNM3,3,0.5067871924505294,0.21615073730007403,2.3446008039610597,0.019047460879176515,0.08313953211060587,0.9304348527904529,0.1291447953402992,94.04072685376308,0.02909015748410316
SLC16A7,3,-0.7334971875390955,0.3142165344185223,-2.3343685235930653,0.019576433492213715,-1.3493502783463895,-0.11764409673180154,0.2654076454908026,90.27793979401541,0.0298760287438199
TSPAN33,3,0.6173827537312232,0.2677176396792353,2.306096656428533,0.02110523210361451,0.09266582193385076,1.1420996855285956,0.19015267695605673,91.33250556529529,0.032185478958012124
ACSL3,3,-0.5456799465855907,0.2381011871422941,-2.2917985127872598,0.021917272544266727,-1.0123496980607185,-0.07901019511046292,0.16124117282544995,95.20947497981314,0.0333992823341728
LHPP,3,0.5792540080188977,0.2536244422875457,2.2839045117038475,0.022377143428601483,0.08215923553625065,1.0763487805015448,0.17350557036716735,90.27354557577347,0.034075033385403436
CD47,3,-0.5968477531914963,0.26295305252948253,-2.2697882661946935,0.023220432851140633,-1.1122262657741508,-0.08146924060884164,0.18818826951124662,92.35085189533673,0.03533321917334238
VAMP1,3,-0.5133704883574159,0.22922969338437152,-2.2395461983042404,0.02512039889695396,-0.9626524315779436,-0.06408854513688833,0.10045479003734728,72.66486545468705,0.03819626635797838
DNAJB14,3,-0.603548294886737,0.2710000884067892,-2.227114752747869,0.025939605481537963,-1.1346987079712143,-0.07239788180225959,0.2042590485246354,94.37580406626118,0.03941299763275438
EVA1B,3,0.7566559202998948,0.3429647720864684,2.2062205272474062,0.027368562685862498,0.08445731904442877,1.428854521555361,0.31912114072434195,91.1969194223026,0.041553732804157265
CRB2,3,0.7504548437433534,0.362239668678689,2.0717080668738572,0.038292674586802786,0.0404781393614011,1.4604315481253056,0.36710891997328166,95.07137282023201,0.05809729853184271
GUF1,3,-0.4982792743332336,0.24217418064877425,-2.057524352919724,0.039635814847386194,-0.972931946390328,-0.02362660227613922,0.16978267550323528,96.7294471335202,0.06009114034611036
BTF3L4,3,-0.5744997766278441,0.28022135111202023,-2.0501641803810453,0.040348412122930624,-1.1237235325065567,-0.02527602074913149,0.22012426487732326,94.79769094210384,0.06112681281443252
DPY19L2,3,-0.6841874279221372,0.3344832805982052,-2.0455056130115237,0.040805036399848164,-1.3397626113254244,-0.028612244518850027,0.3098005372645784,94.4487904261393,0.06177346386371174
PLPP4,5,0.37861478356828304,0.18599685682841166,2.035597751619899,0.041790763759663216,0.014067642946943404,0.7431619241896227,0.11565316776053748,75.23692190736242,0.06321957989609155
RNPEPL1,3,0.6416079180154372,0.3279355000644303,1.956506440715869,0.050405524472808695,-0.0011338513629787217,1.2843496873938531,0.309034506533719,96.14246116681605,0.07619610623659273
RAMP1,3,0.8184753439584227,0.4347488292038695,1.882639558701629,0.05974923155456428,-0.03361670360211666,1.670567391518962,0.5399236664768589,96.10951286983168,0.09025484795642122
NIPSNAP1,4,-0.26793538857984833,0.16001750444292695,-1.6744129932073286,0.09404946097114605,-0.5815639341839631,0.04569315702426652,0.08098941053879449,81.87700059677542,0.14196403351830925
FOXN3,4,0.2588630906682924,0.1574117958809564,1.6444961396924733,0.10007376103733893,-0.04965836000015256,0.5673845413367373,0.085802262337628,88.1998381979061,0.15094762210286614
SST,4,-0.8458699192713325,0.5436361119618014,-1.5559487323586179,0.11972028388374266,-1.9113771194118474,0.21963728086918255,0.9407471001215626,82.66307811052575,0.18045048602825745
YPEL4,4,-0.2630081888767782,0.1762038794382992,-1.4926356316058011,0.13553259100232778,-0.6083614465120823,0.08234506875852599,0.09966384006661487,84.69785123964724,0.20413550743560482
TENM2,4,-0.31152005234881275,0.21043674079110367,-1.4803501098605802,0.13877983684007547,-0.7239684853233668,0.10092838062574128,0.1351158941986344,79.92145262845642,0.20887473266060705
AKR1C2,4,0.32710266041031283,0.2337663194481055,1.3992719788828576,0.16173143910049356,-0.13107090650645908,0.7852762273270848,0.17329676313446638,81.97422745564144,0.24324220790023468
MICALL1,4,0.26244866405919126,0.1921451558792758,1.3658874867711313,0.17197428087962607,-0.1141489212680239,0.6390462493864064,0.12121499002849007,84.15744104171787,0.2584598974959018
TFB1M,4,-0.22021237212181566,0.16277072515001,-1.352899128014987,0.1760878580242095,-0.5392371311533033,0.09881238690967192,0.08741404776050038,83.91741002357581,0.26445055578726323
CCPG1,4,-0.2371812155308094,0.17660042679079108,-1.343038744814502,0.1792594284333319,-0.5833116916951624,0.10894926063354354,0.11040054905027079,91.43345746612803,0.26901885280081794
PILRA,4,0.3790554712158926,0.283666795253183,1.3362701506095267,0.1814609892245293,-0.17692123109024355,0.9350321735220288,0.27585175996978306,86.6886903511105,0.2721258797192146
SAP30L,4,0.19725102877940184,0.14845840336787927,1.3286619302419322,0.18395953015403385,-0.09372209502396137,0.4882241525827651,0.06709123167039156,82.47197138998786,0.2756734577597299
NOS2,4,-0.4098836819959861,0.3095457719019212,-1.324145632736527,0.18545468281968963,-1.0165822464904022,0.19681488249842993,0.31056802459770705,83.85343321448369,0.27771336618630776
ARL4D,4,-0.4065687518969537,0.30888451103877546,-1.3162484273804054,0.18809067440203311,-1.0119712689152183,0.19883376512131085,0.3217755337817821,86.06383079525845,0.2814574738166066
FAT4,4,-0.3914417137371942,0.3093948188916881,-1.2651850963096731,0.20580498373480316,-0.9978444157681956,0.2149609882938071,0.2989284503663212,90.52022193787506,0.307742996586865
DDIT4L,4,0.5339429412424211,0.42483748901895074,1.2568169124514421,0.20881994047333796,-0.29872323651715293,1.3666091190019953,0.6175957077008654,92.12367016783969,0.3120263375660684
DNAJC5G,4,-0.6969246521497768,0.5590792555957698,-1.246557880970052,0.21255965358661477,-1.7926998576209487,0.3988505533213952,1.092397414583916,88.72645577558151,0.31738568865272787
DHRS11,4,-0.40838482776569557,0.33459557428648834,-1.220532664356245,0.22226301473321447,-1.0641801027537088,0.2474104472223177,0.4114166671946725,93.99197163997736,0.33163560615588983
RCC1,4,0.36592867967792403,0.30269903792554836,1.2088861668860922,0.22670658132792806,-0.2273505328110746,0.9592078921669227,0.3212484943232008,89.89905461408031,0.33802260939908185
STAMBPL1,4,-0.20995082994210265,0.17379454285470036,-1.2080404050294633,0.22703172096121912,-0.5505818746469183,0.130680214762713,0.10329667722920655,86.84834262076276,0.33826421643216126
ITGB8,4,0.29098289487977724,0.24355126729363916,1.1947500750589477,0.23218469148805837,-0.18636881740484346,0.7683346071643979,0.1975149413944581,85.6824419014184,0.345693503335415
LIMD1,4,0.2634233347587226,0.2218566553638496,1.1873582711625341,0.23508633232708093,-0.1714077194849376,0.6982543890023828,0.16512823777054828,85.47675457366446,0.3497625919988277
PARP2,4,-0.27263436052476636,0.23025028526655011,-1.1840782746876954,0.2363820792010979,-0.723916627077278,0.17864790602774527,0.17576789635433165,87.79667734436372,0.3514383026975463
TRIM5,4,0.3697859012341573,0.3125178518135569,1.1832472899972626,0.23671115602781562,-0.2427378328462398,0.9823096353145544,0.34085755955497177,89.03964223169788,0.35167545673473466
PBX3,4,0.21063396354706168,0.17873092141875038,1.1784976090039023,0.23859828498462243,-0.13967220535734756,0.5609401324514709,0.10774649007082207,86.23320373626504,0.35422537083615385
PGBD2,4,0.20115021396476773,0.17191324460265667,1.1700681610057824,0.24197354010087116,-0.13579355392186415,0.5380939818513997,0.08603445512723296,77.79257719299247,0.3589793434686744
MGAT5B,3,0.5740445003040731,0.49676549865997394,1.1555643494819174,0.24785939731331788,-0.39959798583155626,1.5476869864397025,0.6999475521392697,96.39907401950748,0.36744845605991516
ANO6,4,0.22389953987144273,0.19389982009281556,1.154717625649508,0.248206079299855,-0.15613712411927166,0.6039362038621572,0.1309844186070249,88.02707611969694,0.36769957747707094
COPG1,4,-0.23719646839617914,0.20962727317346483,-1.1315153071704607,0.2578382644142256,-0.6480583739935095,0.1736654372011513,0.15855933152995352,92.38577699472036,0.3816963314740213
ZNF891,3,-0.6250736269447935,0.552826041218955,-1.130687739612512,0.25818654348021053,-1.7085927574498005,0.4584455035602134,0.8822873212016323,98.13744220160395,0.38193929470610316
VGF,4,-0.8115177281169548,0.7303144005131156,-1.11118954733302,0.26648676950877165,-2.2429076505136214,0.6198721942797121,1.9960909374715359,95.05053796706181,0.3939369636216624
LYPD5,4,-0.18263080549578195,0.16550766330151287,-1.1034583043026538,0.2698281890463347,-0.5070198647321288,0.14175825374056486,0.07971578676328739,75.80801224198831,0.3985809130516163
DCT,4,-0.23040691429139493,0.2088847868915746,-1.1030334842479064,0.27001262431895895,-0.6398135735172055,0.17899974493441567,0.13080211731645439,79.1539626746675,0.3985809130516163
EVC,4,0.444645912226809,0.41032103827034333,1.0836537022355905,0.27851837050386397,-0.359568544882145,1.248860369335763,0.6367901116450986,96.84386885208697,0.4108443104018591
ARF5,3,-0.27367439473685856,0.2578457614869221,-1.0613879908618908,0.2885136122781566,-0.7790428008175307,0.23169401134381368,0.1836661986163851,92.32087336178643,0.4252858790795286
DCAF4,4,-0.17872954908189653,0.17003159165843024,-1.051154949139918,0.2931874303518832,-0.5119853449664409,0.15452624680264776,0.09681609491001954,87.34110718232432,0.43186841658366887
TNFRSF10D,4,0.5185179556771503,0.49477513268637613,1.0479870984256279,0.2946445510627326,-0.4512234848341733,1.4882593961884738,0.8890403626987654,94.38999093575971,0.43370674159269507
DTD1,3,-0.2739510492320355,0.2620556084004482,-1.0453928114883533,0.2958414577149848,-0.7875706036436461,0.23966850517957505,0.19030539657397663,93.27088322720054,0.43515970446870816
BCHE,3,-0.4367511853304818,0.4208338608168927,-1.0378232979701099,0.2993523281055858,-1.2615703960065332,0.38806802534556967,0.4736321819026502,91.754911457484,0.43984192958107987
PPP2R1B,4,0.2905686354173567,0.2800348046453518,1.0376161484117856,0.2994487968025481,-0.2582894961052426,0.839426766939956,0.2808409440359013,96.03530237705945,0.43984192958107987
TFAP2E,4,0.3270084046302568,0.315518526671004,1.0364158583030958,0.30000817517617234,-0.29139654410005145,0.9454133533605651,0.3370938553991262,85.28968192991316,0.44035170227557074
POGK,4,0.2636682439407703,0.2556153578318338,1.031503921271563,0.3023045703126019,-0.23732865130494235,0.7646651391864829,0.24196031496305037,94.67040928432475,0.4434085423114118
ZCCHC17,3,-0.21375435926906883,0.21258939408745545,-1.0054798838230572,0.3146658310782439,-0.6304219151756738,0.2029131966375361,0.1248186047126872,92.38918426836592,0.46121338067581474
JADE3,4,0.3036825035310215,0.3028163096353544,1.0028604598500992,0.31592819263569816,-0.2898265572856024,0.8971915643476454,0.3263831177759667,89.98923453888456,0.46273663243392515
PTPN12,4,0.16245462918977316,0.16226150489659164,1.0011902040062095,0.3167348615836552,-0.15557207648481602,0.48048133486436234,0.09149705597327741,87.55225930827098,0.4635907571803112
SMARCC1,4,0.25883192761509527,0.2592123688350705,0.99853231841642065,0.31802130104154297,-0.2492149796489555,0.766878834879146,0.2447244434673402,91.60297774922961,0.4651454008181665
HHIP,3,-0.37614146480461086,0.379754570282114,-0.9904856827007532,0.3219367837626998,-1.120446745522039,0.3681638159128172,0.3982625553471726,92.60229904574594,0.47054044363906933
RAB37,4,-0.24452064162607004,0.2479503684030391,-0.9861676883198088,0.32405083228803677,-0.7304944336494649,0.24145315039732476,0.19400882281387713,81.14630788493106,0.47329677898971007
TBC1D31,3,-0.20219879034056323,0.20528616509974568,-0.9849606291895885,0.32464341028181437,-0.6045522804604081,0.20015469977928166,0.11780927206899737,95.1124655267661,0.47382859459851023
LRRK1,3,0.33626350827133333,0.3418236903929261,0.983733771889241,0.325246430109617,-0.3336986139613718,1.0062256305040385,0.31384236460811693,90.60988558012038,0.47417827502939563
ZNF780B,3,-0.41431281868145275,0.4212801776707991,-0.9834614601905365,0.3253803743870522,-1.240006794316854,0.4113811569539485,0.5046770615551188,95.376662525995,0.47417827502939563
POU6F2,3,0.6103971320086997,0.6209038552048587,0.9830783411826418,0.3255688831445802,-0.6065520620548958,1.8273463260722953,0.9987302545952106,89.4852524058983,0.47417827502939563
TP53I11,3,0.40631402551424806,0.4150202858797532,0.9790220847950848,0.3275690674672131,-0.40711078766358527,1.2197388386920813,0.4895947138199984,95.10590730837158,0.47675666380842097
TUBB4A,4,-0.25381978273848865,0.26183637454243097,-0.969383200413038,0.33235403112422457,-0.7670096466841936,0.2593700812072162,0.23040233504407814,84.82746503169886,0.48338166939105315
CALD1,4,0.2906928531137374,0.30119986812793575,0.9651161367383618,0.33448664535271283,-0.2996480405652303,0.8810337467927051,0.3409837268907355,94.81371786080909,0.4861424684383507
ADAMTS8,3,0.3938644931016184,0.41109736438234784,0.958080803299187,0.3380220146752444,-0.4118715352271225,1.1996005214303593,0.45524318827386007,95.25039009922293,0.4909367355997597
CHP1,4,-0.1873520694101292,0.19568391470913649,-0.95742192038936,0.33835433875959087,-0.5708854945938444,0.196181355773586,0.13024414777690935,89.94363790986704,0.4910755063592663
MRPL2,4,-0.2000918992749777,0.21054992090296187,-0.9503299664842711,0.34194461694828,-0.61276216119254,0.21257836264258465,0.16168203746583276,93.06002495364928,0.49593925562988295
SORCS1,4,-0.3687301883477665,0.39037564572808436,-0.9445522341949708,0.34488752272857365,-1.1338523944163792,0.3963920177208462,0.5181570245050628,87.45072859851204,0.4996691349276865
SWAP70,4,0.24371831852975626,0.2580844278232721,0.9443356214294598,0.34499816837822905,-0.2621178649744841,0.7495545020339965,0.2507475635740851,95.70227035987682,0.4996691349276865
KCNH4,3,0.5525986563823609,0.5864628412697384,0.9422568959116681,0.3460611307342711,-0.5968473907773565,1.7020447035420783,0.8917681391117528,90.70133805667717,0.5005318090580346
CIRBP,4,-0.269711924522608,0.2862494379821457,-0.9422269137850003,0.3460764774297115,-0.8307505135624453,0.2913266645172293,0.2957243605652623,90.86451878487347,0.5005318090580346
CCDC57,3,0.3260342524334554,0.3465081586239069,0.9409136388829636,0.3467491176315813,-0.35310925881869415,1.005177763685605,0.3313661799018168,93.77165170323505,0.5011551707093377
ZHX1,4,0.13334318827216005,0.14180461183649495,0.9403304063615986,0.34704810750175474,-0.14458874376905226,0.4112751203133723,0.05802304634306031,79.66414939803833,0.5012380048458491
PPIA,4,-0.2352784271128014,0.2518287954207505,-0.9342792857334005,0.3501598465752606,-0.7288537964075776,0.2582969421819748,0.2308584481422048,94.14466217607354,0.505380321361928
RFXAP,3,-0.17612879596085923,0.1888241164977562,-0.9327664242663206,0.3509405804345004,-0.5462172637090568,0.19395967178733836,0.09925315236856791,93.53652116288714,0.5061549122539317
TUBA1A,3,-0.28197370347903783,0.3028160476788673,-0.9311715995252257,0.35176480633452273,-0.8754822508703815,0.3115348439123058,0.23949679081089736,90.5283802938203,0.5069911107281446
ATP11C,4,0.2700883773123383,0.2904205479459903,0.9299905919968404,0.3523759556098287,-0.2991254370321906,0.8393021916568673,0.30125902201273846,93.84799701492531,0.507519258288045
PELI2,4,0.26390666929038087,0.2868257365785783,0.9200941046588456,0.3575235848410344,-0.2982614442428053,0.82607478282356706,0.308799419124434,96.32897885154982,0.5145759298822383
ANAPC16,4,0.26169314454129994,0.2852091721000978,0.9175481370895583,0.35885548050853694,-0.2973065608353776,0.8206928499179775,0.3054547361648605,97.1364571397365,0.516134720232112
MRPL55,4,-0.226081891370671,0.2466369702260967,-0.9166585656782011,0.35932158467858566,-0.7094814702698982,0.2573176875285561,0.2282529097088297,94.39715527834991,0.5164469623169693
C2CD4C,3,0.3390972080056617,0.37280281145865335,0.9095886554044138,0.3630394836862554,-0.391582875788575,1.0697772917998982,0.38372496707909165,93.96262700826918,0.5214292861255496
ANKRD36,3,-0.20837429172468264,0.2292796618712018,-0.9088215240030195,0.36344434306784434,-0.6577541713797596,0.24100558793039428,0.14597074520485365,92.7014803503316,0.5216495276973766
EPHB6,3,0.3685282272549747,0.40636461598915113,0.9068905430112878,0.364464682645244,-0.42793178467521087,1.1649882391851603,0.4620288130085345,95.6441864392786,0.5227522488286557
ALKBH6,3,-0.17872068502801122,0.1988069739038958,-0.8989658738752576,0.3686708381919328,-0.5683751937550413,0.2109338236990189,0.10609794539495153,89.98196725548699,0.5284197086455208
SLC7A2,4,0.3209757369166685,0.35836650187281044,0.8956633369448898,0.3704325972032213,-0.3814097000196457,1.0233611738529826,0.4356556442231851,88.82146530811613,0.5305781813532328
ALPK1,3,-0.3075386271329083,0.34420091687964305,-0.8934857870830296,0.37159708008776443,-0.9821600276626734,0.36708277339685674,0.31458998512229985,92.26872505487341,0.531570885387775
ARHGAP42,4,0.3496838698198937,0.39140408966063533,0.8934088300484675,0.37163827570505,-0.4174540493166376,1.116821788956425,0.570962082383487,95.84003996928998,0.531570885387775
DDR2,4,0.19593885752706208,0.2203903216283808,0.8890538208726405,0.3739741554026372,-0.23601823540576317,0.6278959504598873,0.16384093546245082,87.80140776253778,0.5345433482460851
LINC01561,4,0.4182924322615596,0.47163604303865664,0.886896662024779,0.37513453895527166,-0.5060972259051901,1.3426820904283094,0.7623580116069646,88.05148596367492,0.5358326679016758
VAMP2,4,-0.17646027907937253,0.20164764873888358,-0.8750921728220767,0.38152375557353285,-0.5716824081747679,0.21876185001602286,0.1437930890801665,89.57190987260383,0.5445838052715122
HAP1,4,0.27163979426019547,0.31296597917108543,0.8679531078095275,0.38542000380269453,-0.3417622533014446,0.8850418418218355,0.336380320010074,87.27989289570853,0.5497669105136096
BAIAP3,3,0.3030907880610064,0.3517380968536112,0.8616945129692587,0.3888556458376067,-0.3863032137627327,0.9924847898847455,0.34133241738833886,93.97354302099754,0.5542863295307191
SDHA,4,-0.14615481430355115,0.17015164225139573,-0.8589679909619107,0.3903581759703832,-0.4796459050266305,0.1873362764195282,0.10011868464613638,87.5773438577168,0.5560459182435267
SPTLC2,3,-0.3658781354098431,0.4265151153968763,-0.8578315801759806,0.3909854689342557,-1.2018324004496657,0.4700761296299794,0.5084823289623469,96.61545535445265,0.5565572152159549
OBSL1,3,0.34512691124920236,0.403510936363147,0.8553099312743264,0.39237959098190345,-0.4457399913905993,1.135993813889004,0.4634420298778646,96.16510991104391,0.5581586225627351
NOL6,4,-0.17249927324440248,0.2018890919220379,-0.8544259206981589,0.3928690389105548,-0.5681946222830931,0.22319607579428816,0.15110805994722024,93.86020276391146,0.5581601413315412
NUDT2,3,-0.17856281461234885,0.20900773989505472,-0.8543358954171141,0.39291890373387184,-0.5882104572967715,0.23108482807207376,0.11393562163414034,88.4130073534789,0.5581601413315412
FUCA1,3,-0.17753268143400477,0.20812681897249655,-0.853002425686741,0.3936579590371241,-0.5854537508369856,0.230388387968976,0.0897830521022932,78.45186474548862,0.5588272464359996
EPB41,3,0.3335926491830463,0.3928352994052941,0.849192141561784,0.3957743853130501,-0.43635038950733895,1.1035356878734315,0.41010400478439707,89.88641126610119,0.561099327502642
DMKN,4,-0.2217767019583522,0.2611759052854367,-0.8491468679546625,0.3957995738362417,-0.7336720699474525,0.2901186660307481,0.19444648910235784,77.52655612725489,0.561099327502642
IL1RAPL1,3,-0.2798894197414815,0.3304597091474594,-0.846969878608069,0.39701191092896054,-0.9275785480120834,0.36779970852912036,0.29906291487556375,92.45815900451636,0.5624335404826941
ZNF589,3,-0.27310270585551477,0.3227622467512929,-0.8461420398586961,0.3974735108441643,-0.9057050850572789,0.3594996733462493,0.26888274315540706,90.84099265755866,0.5627031136455951
IL34,3,0.2689067291385462,0.31951170975094106,0.8416177590115824,0.4000019454925705,-0.35732471461211346,0.8951381728892058,0.28171545062346565,92.75843603851013,0.5658963403489708
TUBB4B,4,-0.22722359167095968,0.27248769566174774,-0.8338856957160495,0.404345398578767,-0.7612896613982962,0.30684247805637693,0.27486100052766677,93.03571484216467,0.5715544167179334
LRRC37A2,3,-0.7126712557314616,0.8550157603915662,-0.8335182680200935,0.40455249939340704,-2.3884713523130596,0.9631288408501364,1.9360862647290042,90.79868298474696,0.5715544167179334
ATP1B2,3,0.24050205471315728,0.29027152153852925,0.8285416820720878,0.4073637994268228,-0.3284196732400026,0.8094237826663171,0.22910295502669914,93.11649329706492,0.5751344588231657
MTCL1,3,0.30648291945794587,0.3716908844539363,0.82456399195318,0.4096191714153264,-0.4220178274536078,1.0349836663694996,0.3801223490168149,94.5998030215099,0.57792527994244
CYB5D2,4,-0.1489228348347462,0.18218184649207433,-0.8174405831440783,0.41367669144270636,-0.5059926925962166,0.20814702292672424,0.11554771530705078,91.24009921183432,0.5832532005793154
CAMK2G,3,0.19018522409716818,0.2330793986596016,0.8159675423520473,0.41451869981997086,-0.26664200281390427,0.6470124510082406,0.1443639205206606,90.47547790288033,0.5840433311322144
STAG3L5P-PVRIG2P-PILRB,3,0.29018304431895914,0.35665139706748167,0.8136321537079354,0.41585571211618416,-0.40884084896919914,0.9892069376071174,0.34513660649827865,90.5663970261519,0.5855293597616877
TRAPPC4,3,-0.1408856666555656,0.17398047569084416,-0.8097786035825847,0.41806743204087055,-0.4818811330227665,0.2001097997116353,0.08026769016398368,89.47866057211031,0.5882441343641557
NICN1,4,-0.19952975059448122,0.248479326306068,-0.8030034271290142,0.4219727537150774,-0.6865402810571505,0.287480779868188,0.2207624693339185,96.68526558490099,0.5933366042068275
SEMA4A,3,0.25970387259660704,0.3237466299427367,0.8021824741234919,0.42244741277723785,-0.37482786220737346,0.8942356074005875,0.2995937134280108,95.85057892016302,0.5934832718714634
RAB3IP,3,-0.44304163230347626,0.5525358072742785,-0.8018333408816537,0.4226493696018088,-1.5259919147298264,0.6399086501228739,0.8881079427582647,98.49144721290614,0.5934832718714634
ADRB1,3,0.33669486909893215,0.4210142879984052,0.7997231417006151,0.42387122195134896,-0.48847797235471585,1.16186771055258,0.5139533531469446,96.95003333299255,0.594509241492578
DNAH11,3,0.3765049304241898,0.47087749282186026,0.799581496596668,0.42395331155618265,-0.5463979966371739,1.2994078574855537,0.590930699870131,91.30141754739076,0.594509241492578
AGT,3,0.3686746797906572,0.4619598212721818,0.7980665478122566,0.4248318727964437,-0.5367499322073794,1.2740992917886937,0.6139402711886418,96.33287664221598,0.5950090611523926
SPATC1L,3,0.36690886829621894,0.4598104714853354,0.7979567475072622,0.4248955903862183,-0.5343030955294198,1.2681208321218578,0.6062376584699104,96.66882481402473,0.5950090611523926
NDUFS3,3,-0.19216108741502386,0.24105929761191425,-0.7971527724451745,0.4253623106593657,-0.664628628872898,0.28030645404285026,0.16553649695612366,95.16631110270104,0.5950090611523926
ARHGAP11A,4,0.2777427886768232,0.34860982696184734,0.7967153166546279,0.42561638638608545,-0.40551991682513777,0.9610054941787842,0.3977470230115434,86.77157334170155,0.5950090611523926
ERC1,4,0.13394380502384445,0.16816646609379404,0.7964953306989155,0.42574418840412276,-0.195656411927368,0.4635440219750569,0.09612627338268483,87.06479599185516,0.5950090611523926
PTCH2,3,0.3069975332455286,0.38651845872972196,0.794263576064295,0.42704200387169305,-0.4505647252246576,1.0645597917157148,0.41119769551129337,93.08709839515063,0.5964209535554824
BPHL,3,-0.1596057300847505,0.20138107383853604,-0.7925557602931431,0.42803669240644837,-0.5543053819762824,0.23509392180678138,0.10198867157039414,86.49036114372474,0.5974078735201709
CSNK2B,3,-0.295862530697771,0.3739152266298831,-0.7912556366436184,0.42879483080847813,-1.028722908163474,0.43699784676793185,0.34117140071426494,97.55495218282871,0.5980635367160616
ATP2B2,3,-0.25614348935376513,0.3240433384809668,-0.7904605925691947,0.4292588277271524,-0.8912567622065821,0.3789697834990519,0.28549382984547056,90.7339904122562,0.5983083391842164
BBS1,3,0.23691206271806087,0.30080328112793825,0.7875980003598996,0.4309318847144478,-0.352651534724175,0.8264756601602967,0.2525947206386466,94.73384739728489,0.5999508340254345
MGMT,3,0.2145793404428457,0.2724974071403287,0.7874546135858945,0.43101578722174416,-0.3195057634327462,0.7486644443184376,0.20210475282023305,94.87730794115575,0.5999508340254345
LAYN,3,-0.2835679776732915,0.36076367381574753,-0.7860214269192688,0.4318549342561111,-0.9906517852825123,0.42351582993592934,0.34460518327311684,89.60341447842505,0.6007157167318407
ANKRD24,3,0.32716450642808403,0.41674697944226513,0.7850434977739494,0.43242806578017157,-0.48964456394460987,1.143973576800778,0.4943597980930275,96.12905604632559,0.6011097911716325
TAL1,3,0.31737434286738997,0.40550979136023213,0.7826551901565613,0.43382962264341934,-0.47741024357701645,1.1121589293117964,0.4555606476639393,92.7225256253132,0.6022346406614953
KIF5C,3,-0.26335651311805724,0.3367650896318725,-0.7820184491389524,0.43420373126910417,-0.9234039600469304,0.39669093381081594,0.31634377887760146,95.97685307339592,0.6022346406614953
CTC1,3,0.19151529037614626,0.24490476339724346,0.7819990420745808,0.4342151365553181,-0.2884892255247542,0.6715198062770467,0.15947865767872474,89.98760106232008,0.6022346406614953
GRM2,3,0.2708047267589336,0.3464364287760872,0.7816866364650215,0.4343987571984556,-0.40819819657487283,0.9498076500927399,0.3023828467259131,87.19175184770612,0.6022346406614953
RAB29,3,0.23962063406112952,0.30812938649728555,0.7776623865222944,0.4367680718925124,-0.36430186605197246,0.8435431341742315,0.25464518759410193,90.03329814604768,0.604959061994685
PRKCD,3,0.3012586253642377,0.38767331168629365,0.7770940538925131,0.43710328184405195,-0.4585671033082686,1.061084354036744,0.4180584185581378,92.97495543008613,0.604959061994685
TGFB2,3,0.3597448097480625,0.4630730476189986,0.7768640640991241,0.4372389748939406,-0.5478616857963761,1.267351305292501,0.5733401492250296,89.84599982516566,0.604959061994685
NCAN,3,0.3013201157538606,0.38818053818188153,0.7762370498148915,0.4376090339409217,-0.4594997585820025,1.0621399900897237,0.418846267871763,94.96612945929533,0.6050674242623144
MAGED1,3,-0.22555972619402467,0.29180357981038835,-0.7729847808604391,0.4395313876561311,-0.797484233182245,0.34636478079419575,0.237306412560461,93.21339024304179,0.6073205183203303
NKAIN4,3,0.3382900964689259,0.4380742467270463,0.7722209168796595,0.4399835949973674,-0.5203196496705984,1.1968998426084503,0.5169652255990692,91.3915622591837,0.6075405965542876
MTMR11,3,0.17312096072784525,0.22445694144239212,0.7712880680603835,0.44053620321590536,-0.2668065605792591,0.6130484820349497,0.1317254171277281,88.3575419304391,0.6078989257949353
ZNF528,3,-0.20326945733465937,0.26464303795124217,-0.7680891925526858,0.44243419718745325,-0.7219602804783607,0.3154213658090419,0.19658361791389947,94.13287967910028,0.6101120511747194
SLC5A3,4,0.44315623874587157,0.5811513025720455,0.7625488178114053,0.44573251857607743,-0.695879383863877,1.5821918613556203,1.2699434975502395,96.6820438127923,0.6140398726423095
DDX51,3,0.20877237254726908,0.27402976834087184,0.7618601942821497,0.44614344965308034,-0.32831610409269396,0.7458608491872322,0.19667244694199312,88.7553983001791,0.6140398726423095
PRPS1,3,-0.16034999981512205,0.21048431155110447,-0.7618144964509145,0.44617072713209277,-0.5728916697659949,0.2521916701357508,0.11488247786382483,87.94794563598761,0.6140398726423095
FAM163B,3,0.42234771859820164,0.5551505440622518,0.7607805182135274,0.44678817256023856,-0.6657273537616282,1.5104227909580314,0.8837776673883109,96.0325241562388,0.6144501480938418
RORB,4,-0.23345109518614007,0.30712957061039564,-0.7601062142019557,0.4471910984496214,-0.8354139921697669,0.36851180179748677,0.32055191648554815,86.53426520562333,0.6144501480938418
HP1BP3,4,0.19086112421169138,0.2511900312885972,0.7598276222690035,0.44735762951866015,-0.30146229038944833,0.683184538812831,0.2403767870961519,96.3267322559336,0.6144501480938418
NAALAD2,3,-0.28494149146856634,0.37736628534865707,-0.7550793553411974,0.45020136940491556,-1.0245658197315992,0.45468283679446647,0.38920272306228837,93.44521980852697,0.6179468167741858
VPS39,3,-0.19189273114485053,0.2544196270857412,-0.754237137059325,0.45070684174707093,-0.6905460371930144,0.3067605749033133,0.17279942353240552,93.96200347273965,0.6182314747244875
C2ORF74,3,-0.18389086429772186,0.24455287367334544,-0.7519472641460303,0.45208277322620427,-0.6632056890132524,0.2954239604178087,0.15714048576575962,88.46623767501383,0.6197089700404148
RBM17,3,0.12083704388565575,0.16111612181014143,0.749999705355679,0.45325488221062454,-0.19494475219098972,0.4366188399623012,0.06889818943907976,89.30219018203046,0.6209053009939467
GDI1,4,-0.1753751646635568,0.2345024062633313,-0.74786083204034,0.4545441049281284,-0.6349914352276661,0.2842411059005525,0.2085610640673056,96.04974458899679,0.6219571530762693
ZNF471,3,-0.214809837894247,0.28728228072522555,-0.7477308985154721,0.45462248990531545,-0.7778727615122144,0.3482530857237204,0.22989999800532776,93.04359553975155,0.6219571530762693
DBNDD1,3,0.21264107555253894,0.2851700856193706,0.7456640309613702,0.45587039250145334,-0.34628202172963085,0.7715641728347088,0.2297335042413035,94.58931011191947,0.6232532590955927
CYSLTR2,3,-0.42377162292295184,0.570122233335792,-0.7432995911130478,0.4573003190857865,-1.541190667046645,0.6936474212007415,0.9104677435472028,95.2036915030172,0.6247963516363118
PHLDA1,3,-0.22065118338581638,0.2973471722209935,-0.7420658543267553,0.45804743674827036,-0.8034409318437924,0.3621385650721597,0.2511844757423519,95.83266876032805,0.6254051243027734
SEC31B,3,0.2344111876846724,0.3165295515089272,0.7405665176196391,0.4589563156422965,-0.38597533331544076,0.8547977086847856,0.2618180135887462,87.53930113344396,0.6262338148961335
TLR5,3,0.3648533684696968,0.49616986589587764,0.7353396357735721,0.46213267489606946,-0.6076216989002916,1.3373284358396853,0.6706746053539333,91.01189093457306,0.6301532989707088
ECM2,4,0.37043495446158964,0.50510698048762,0.7333792023701182,0.4633271803676243,-0.6195565356339214,1.3604264445571006,0.9386332137526605,92.8748652857388,0.6313669987401135
ZNF251,3,0.26273559392224427,0.3599856605155712,0.7298501655481348,0.46548177664140433,-0.4428233356391377,0.9682945234836262,0.3086297528681679,85.55530113218633,0.633872101999594
MAN1B1,4,-0.14367035545362894,0.19697933578219745,-0.7293676510945649,0.4657768001192773,-0.5297427592853579,0.24240204837809998,0.14268926410579705,93.93011469180662,0.633872101999594
SNU13,3,-0.15049033653781632,0.20677916321495401,-0.7277828877824429,0.4667465013184072,-0.5557700491924558,0.25478937611682306,0.11505619054254265,90.20804028512963,0.6343987270887493
FBXO36,3,-0.15852291378190317,0.21783040769657383,-0.7277354684232936,0.46677553401033334,-0.5854626676048644,0.26841684004105804,0.12418910551102431,88.13889186204656,0.6343987270887493
RGS11,3,0.2215961528855658,0.304721132644514,0.7272096653174319,0.4670975262012252,-0.37564629242593417,0.8188385981970657,0.23196212367827504,85.57335194981245,0.6344206086059863
TBC1D2B,3,0.1500204039156376,0.20654758769384166,0.7263236796452334,0.4676403661446269,-0.2548054290579205,0.5548462368891957,0.11637735376907893,91.79268603507252,0.63474222472772
UQCRHL,3,-0.23435495264264392,0.32340263330291447,-0.7246538169747548,0.46866443423627935,-0.8682124664217701,0.3995025611364822,0.29734058996962587,95.34283959876076,0.6357161782904142
FIBP,3,-0.22631184412207564,0.3127064903784683,-0.723719689502353,0.46923784269905877,-0.8392053029957943,0.3865816147516431,0.28635256175438906,98.06245450796823,0.636077964547613
LHFPL2,3,0.24325943550309442,0.33724661430187675,0.7213102376332462,0.47071865957227743,-0.4177317824366546,0.9042506534428434,0.3074791724873119,90.68932450791938,0.6376685172781864
FAM174A,3,-0.21213472814841136,0.29438942019412595,-0.7205922278338865,0.47116043713963557,-0.7891273891585266,0.36485793286170387,0.2310668556136506,92.47633512341243,0.6378210281642978
GKAP1,4,0.18340460254535063,0.2546834039830893,0.7201278123231323,0.4714463048099655,-0.3157656967215693,0.6825749018122705,0.24285162476666455,95.2155292323901,0.6378210281642978
MGAT3,3,0.20038656377206704,0.27881353098478734,0.7187117607394763,0.47231853545938385,-0.3460779153605585,0.7468510429046926,0.21630991341942796,92.98193489497568,0.6381069879200949
PHYH,3,0.20364861302674978,0.28337370806950674,0.7186574026719453,0.4723520355425864,-0.3517536489550507,0.7590508750085502,0.2135151306441946,91.84003683822728,0.6381069879200949
ASIC3,3,0.2736025174859613,0.3809100344909621,0.7182864527357394,0.4725806815068783,-0.4729674314662341,1.0201724664381566,0.3888947758758712,89.50096888787908,0.6381069879200949
JUNB,3,0.27392086287569933,0.3827617339840984,0.7156432802843327,0.4742116419624568,-0.47627835039323435,1.024120076144633,0.37314919678724034,86.85510326214694,0.6396768272979072
IFITM1,3,0.2738989638434043,0.38302406638489683,0.7150959636258629,0.4745497479194166,-0.47681441148307224,1.024612339169881,0.38347659135417855,88.88125560861968,0.6396768272979072
TCEAL6,3,-0.29161388648185904,0.4081864566497933,-0.714413429772491,0.47497157000520174,-1.0916446404924738,0.5084168675287558,0.415662603437892,85.24577761193392,0.6396768272979072
MAP4K4,3,0.2642022485997961,0.3698215776589666,0.7144046333700731,0.474977007733258,-0.4606347243175611,0.9890392215171533,0.35925562953672535,88.29897329292191,0.6396768272979072
TRNP1,3,-0.2224153304105478,0.313005538764429,-0.7105795357121132,0.4773448281115294,-0.8358949133503843,0.39106425252928867,0.2617028008450772,89.52143707585931,0.6423325775996334
RBL1,4,0.2152682766052661,0.3031012961114523,0.7102189247191821,0.47756838700994914,-0.3787993474405907,0.8093359006511229,0.3507911773877547,96.99253604461033,0.6423325775996334
SEZ6L2,4,-0.27635911746975045,0.38993525909079074,-0.7087307726778416,0.47849156468151866,-1.0406181815899949,0.487899946650494,0.5779165435014156,95.74695196165948,0.6431571647112571
SETD2,3,0.11078507327335843,0.1567385917840135,0.7068142696217455,0.47968190565758784,-0.1964169216108336,0.4179870681575505,0.06149228107076541,85.55968365533519,0.644336461826867
RNFT2,4,-0.21621698113275592,0.30615496211768783,-0.7062337962356487,0.48004275642613514,-0.8162696805716486,0.38383571830613683,0.3611801136722352,96.73355115648985,0.644336461826867
COL28A1,3,0.20323482426946282,0.2879420045698268,0.7058186059831286,0.4803009498477996,-0.3611211343236653,0.767590782862591,0.21352626191634808,87.63557671476653,0.644336461826867
KLHL35,3,-0.1829608312342313,0.25962450133363024,-0.7047132697199392,0.48098869164894364,-0.6918155033523177,0.32589384088385515,0.17678973511483007,88.03481427503456,0.6448419822106717
SYCP2,3,-0.2791160007789248,0.4009773708146332,-0.6960891588766405,0.48637299538378215,-1.065017206191168,0.5067852046333183,0.4547487849522963,94.85855938499563,0.6516392715930002
DNAH1,3,0.27030273236150787,0.3891121552760084,0.6946653521264953,0.4872650463014983,-0.4923430779262257,1.0329485426492415,0.39753228281930325,88.52686598916546,0.6524129800060088
TIMM23,3,-0.15349676747573324,0.22145264677605825,-0.693135845113449,0.488224304547318,-0.5875359794378775,0.28054244448641097,0.129826341145281,89.43420292716002,0.6532756178265404
PDLIM4,3,0.21754793735758007,0.3142284087134439,0.6923242180689329,0.4887337445633116,-0.39832842664010193,0.833424301355262,0.26780203827332777,92.67802791606589,0.6535356455346926
LYNX1,4,-0.24130302765403547,0.34979239176505245,-0.6898464155735932,0.49029077607743715,-0.9268835175796631,0.44427746227159226,0.4683884249504575,96.81133312257533,0.655195276794204
GSS,4,-0.2365888308583206,0.34475228411541586,-0.6862574716955773,0.4925507620377111,-0.9122908913124558,0.43911322959581456,0.4616504452712833,97.75101471774394,0.6577915521353592
DNAH6,3,-0.25021584775776357,0.36838876575292884,-0.6792168247757546,0.4970004883696812,-0.9722445609426664,0.47181286542713935,0.3754905410037609,92.3657404782125,0.6633069580944136
KLRG1,3,0.17453010449351838,0.2576843642757197,0.6773018804772062,0.49821443802953513,-0.33052196886599194,0.6795821778530287,0.16856349086253777,86.58441649555267,0.6644995141307112
PLGLB1,3,-0.40628815295010196,0.602513954375114,-0.6743215655004638,0.5001068963747853,-1.5871938037081346,0.7746174978079308,1.0178136097631107,94.37291409788389,0.6665949248594504
NDUFV1,4,-0.17410048528119207,0.25842277912058703,-0.6737040978881823,0.5004994560668772,-0.680599825142292,0.3323988545799079,0.25689484517995026,96.94650984138686,0.6666897057692378
SLC25A45,3,-0.18280186219061015,0.27378359344037356,-0.6676874238281264,0.5043331393762194,-0.7194078448916988,0.3538041205104786,0.196029663519484,88.79726650275688,0.6713651675650057
SDE2,3,-0.17348705944210352,0.26030515832323065,-0.6664756878412611,0.5051070984706454,-0.6836757947456322,0.3367016758614252,0.1896813661014161,93.96715171789201,0.671964157939781
FAHD2B,4,-0.17086537808750787,0.2582981390714358,-0.6615044874181334,0.5082888377745067,-0.6771204279412402,0.33538967176622436,0.24476575915840484,94.06148040470313,0.6757634932976454
AP1B1,3,0.29568178171541376,0.44852247964596154,0.6592351445769415,0.5097447820427252,-0.5834061246472702,1.1747696880780978,0.5953186489430853,98.89009140915118,0.6771224841125684
ITGA10,3,0.43494293326515987,0.6601108689364619,0.6588937612342582,0.5099639923740751,-0.8588505956537452,1.7287364621840648,1.272005202042104,97.58118916396431,0.6771224841125684
USP11,4,-0.213862185424608,0.32555263138353374,-0.6569204632619198,0.5112320596506039,-0.8519336180085781,0.42420924715936215,0.40512271641619535,96.58425472221802,0.6783719076873657
PART1,3,-0.48545336097996045,0.7411573645009455,-0.6549936413393639,0.5124718480326378,-1.9380951022784387,0.9671883803185177,1.5228046671106783,93.57776149506168,0.6795822332606718
CHN2,3,-0.19594022439066716,0.2998035544962288,-0.6535620457199478,0.5133940034448314,-0.783544393640367,0.39166394485903266,0.24617332484009985,91.38358405805073,0.6803700722968565
NEK7,3,0.23228913779882202,0.356111285801482,0.6522936707159404,0.5142117423106045,-0.4656761568603326,0.9302544324579766,0.32488319533545446,86.51448597865189,0.681018616572282
MLIP,3,-0.36083778530463745,0.555119096956341,-0.6500186847886745,0.5156801523444454,-1.4488512224694639,0.7271756518601891,0.8689742770063004,94.11440073002085,0.6825275277360433
SOWAHC,3,0.19786866659023136,0.30494316425201695,0.648870641437645,0.5164219924796634,-0.39980895267540384,0.7955462858558666,0.23947156576291173,87.03140737715547,0.6827855234340025
SFT2D2,3,0.18968146435439523,0.2924032784078918,0.6486981452027243,0.5165335035043153,-0.3834184302865111,0.7627813589953016,0.24334946036331626,96.41329759793321,0.6827855234340025
EMX1,3,0.26856047835255975,0.4144998555320119,0.6479145282399713,0.5170402335525011,-0.543844310087239,1.0809652667923584,0.46508018666725914,92.24983619713775,0.6830200282725396
KCNQ2,3,0.24052257633964097,0.3722311448398337,0.6461645664903585,0.5181727843317767,-0.48903706147054543,0.9700822141498273,0.39116010070482493,94.9160203430059,0.684080429474287
TRIM66,3,-0.19902277522494757,0.308395205343789,-0.645349771255631,0.5187005457417837,-0.8034662707036084,0.40542072025371323,0.24549964577203054,88.05783903583804,0.68434155971276045
GREM1,3,-0.34739096287010895,0.5406190851005732,-0.6425799096705633,0.5204967226244401,-1.406984899022227,0.7122029732820089,0.824773512886006,94.70135222243609,0.6862747633331778
ANKRD40,3,0.25920029791564086,0.4040981186649817,0.6414291132360638,0.521243922897193,-0.5328174608881162,1.0512180567193978,0.42620375467644966,87.94815897891115,0.6868233139064664
COPS7A,3,-0.21062577784385653,0.3286604477073333,-0.6408613488880027,0.5216127697365007,-0.8547884184930395,0.43353686280532655,0.31429701865939097,97.27082665544282,0.6868416041181454
MLKL,3,0.365833917861196,0.571268830545141,0.6403883746153174,0.5219201389055916,-0.7538324154975953,1.4855002512199873,0.8751035385302648,92.47861550600598,0.6868416041181454
NDUFC2,3,-0.187479333830549,0.2934802362839653,-0.6388141709452214,0.5229438283773558,-0.7626900271214261,0.38773135946032816,0.24614349887813167,95.54262922236173,0.6876175229827287
ANO4,3,-0.18689431458293784,0.29272571626586125,-0.6384622334075886,0.5231728308904271,-0.7606261758127165,0.3868375466468409,0.2298535865691669,90.20792289525644,0.6876175229827287
CCND1,3,-0.22864515720475745,0.358499874854054,-0.63778308792392,0.5236148900583535,-0.9312920003808197,0.4740016859713049,0.3662175990982384,96.27835946772808,0.6877626864984326
SEMA6A,3,-0.14042633412956324,0.22132204983602755,-0.6344886749133306,0.5257619554054724,-0.5742095807927561,0.29335691253362967,0.1281519405799244,88.19059026897443,0.6897200975137044
CUX2,3,0.41391970442049403,0.652380417835171,0.634475979205547,0.5257702382686436,-0.8647224187556328,1.692561827596621,1.2049594778038826,94.81496128937309,0.6897200975137044
FANCC,3,0.24299559024574144,0.3840117298154004,0.6327816870660505,0.5268762172110093,-0.5096535698333693,0.9956447503248522,0.41746583104159524,95.86756604937591,0.690595901756948
ADAM12,3,0.18407863387506732,0.29106413191844205,0.6324332464525284,0.5271038150825693,-0.3863965818764943,0.7545538496266289,0.2185151580232406,86.46328400377321,0.690595901756948
ATP10D,3,0.13302809231431734,0.21098165682361852,0.6305197063910126,0.5283546137076935,-0.28048835645856424,0.546544541087199,0.12056192832772698,90.34017408324937,0.69179764446323
KIAA1958,3,0.23229849060387545,0.3690673241032198,0.6294203670518033,0.529073887564607,-0.4910601725090067,0.9556571537167575,0.38849554052081675,95.90746535972941,0.6919934763150226
DPH2,3,-0.20262051317381938,0.3221271472858155,-0.6290078774206483,0.5293438990525761,-0.8339781202966471,0.4287370939490084,0.2967767379523343,96.45456974979592,0.6919934763150226
SMIM10L2A,3,-0.23415791513051643,0.372678162994224,-0.6283113377215652,0.5298000058438996,-0.9645936924237434,0.4962778621627105,0.39324692972440145,95.03012565093458,0.6919934763150226
CCDC115,3,-0.1641862376400441,0.26133813117664867,-0.6282521302988281,0.5298387851438071,-0.6763995625332797,0.3480270872531914,0.19419317937415032,95.02989890282191,0.6919934763150226
TM7SF2,3,-0.20068537149997467,0.3206547551321971,-0.6258612051994602,0.5314059823930697,-0.829157143030591,0.4277864000306416,0.2964460340216902,96.74075768298879,0.6936035289384685
ZBED6,3,0.34661698174432587,0.5543034859622142,0.6253198663231103,0.5317611437995438,-0.7397978872466173,1.433031850735269,0.8638728351003456,97.08802553981252,0.6936305737360086
PRRX1,4,0.23486814521313804,0.37623558782115946,0.6242581850730737,0.5324580403446737,-0.502540056618591,0.9722763470448671,0.5309134754417443,95.04122108585237,0.6941030645347914
S100A16,3,0.30889628263364627,0.4952529766939341,0.6237141363504493,0.5328153375995157,-0.6617817149227192,1.2795742801900118,0.6988158647479141,96.14135003346688,0.6941325440837912
ACP2,4,-0.22476063280297146,0.3608705521184253,-0.6228289659091184,0.5333969214332883,-0.9320539180361694,0.4825326524302266,0.5053168231189197,97.85006642251433,0.6944539956388198
FKBP5,3,0.3433085772372683,0.55496084185129,0.618617659746997,0.5361682652347102,-0.7443946856212886,1.4310118400958254,0.8869602239621444,96.72071588458756,0.6976242045776593
HLA-C,3,-0.3596536923744423,0.5831499859520299,-0.6167430353055474,0.5374042306684342,-1.5026066624254593,0.7832992776765748,0.788050957019492,88.32040492916926,0.6987939651450361
CCKBR,3,-0.291884523763694,0.4745631231802774,-0.6150594294129608,0.5385154737343611,-1.2220111535878828,0.6382421060604948,0.6355838017967826,94.8036895677127,0.6998001832863816
AP1M1,3,-0.09492319116996142,0.1553245007551867,-0.6111282554165344,0.5411146753416922,-0.39935361856679175,0.20950723622686887,0.05758004517909374,82.1869568070577,0.7026449531272377
HECW1,3,-0.2459802492055523,0.40276813336414985,-0.6107242078736085,0.541382176999675,-1.0353912847197113,0.5434307863086066,0.43900447013894045,90.54673848859231,0.7026449531272377
BHLHE22,3,-0.37141987523475695,0.6093720070325698,-0.6095125324897067,0.5421847683589254,-1.5657670622054822,0.8229273117359682,1.050849306108857,95.52552879290472,0.7032465350696756
KCNS1,4,0.25468219105253775,0.4184750633281941,0.6085958599946496,0.5427923492853517,-0.565513861498841,1.0748782436039166,0.5902167790546845,88.16701265733249,0.7035945827611371
SLIT3,3,-0.23450767256410376,0.3869376475526911,-0.6060606251351383,0.544474496297179,-0.9928915260300313,0.5238761809018238,0.4168630221515237,93.19308339085097,0.7053342319302619
GNG12,3,0.1867578781962919,0.3094336250260458,0.6035474592671433,0.5461445533280722,-0.4197208824604298,0.7932366388530135,0.22562116410716873,84.73323548424692,0.70667899693338
METRNL,3,0.2008183736074134,0.3327805270790048,0.6034559034150982,0.5462054422162763,-0.4514194742236921,0.8530562214385189,0.29981655669794555,93.3763109103963,0.70667899693338
NUDCD3,4,-0.1251709814580989,0.2075938967129241,-0.6029607972106926,0.5465347690844463,-0.532047542425758,0.2817055795095602,0.1614972921955107,95.57761492201973,0.70667899693338
FLT1,3,0.3116871080868526,0.5233783939873534,0.5955291843674847,0.5514897969919005,-0.7141156944147746,1.3374899105884799,0.7149212564392289,88.11216045737338,0.7126416442125867
PBLD,3,-0.20983727962503845,0.35507691489288357,-0.5909628895146289,0.5545452863910703,-0.905775244556684,0.48610068530660716,0.3373725968545443,89.36205668849057,0.7161437882783809
FCGBP,3,0.4380507164032565,0.7430610326599578,0.5895218523775271,0.5555112575041963,-1.0183221459254015,1.8944235787319146,1.463202994196909,89.35221395916889,0.716944833891539
OTUB1,3,-0.15299940033794432,0.2600071230238161,-0.588443110937118,0.5562349081492513,-0.6626039971884989,0.35660519651261025,0.18823370540474998,92.94875274152156,0.7174323379984746
PTK2B,3,-0.20995748217225182,0.3572865710493853,-0.5876444825664349,0.5567709469758022,-0.9102262935888582,0.4903113292443545,0.34623050636520475,90.5244079385782,0.7176774046164163
NFKB1,3,0.17847682674236218,0.3040950089685436,0.58691139768369,0.5572632145606177,-0.4175384387143679,0.7744920921990923,0.26654918115672377,96.48953523666181,0.7178657807445472
EFNA3,3,0.21076435387636713,0.35975633322126044,0.5858530744662138,0.5579742538002695,-0.49434510244749374,0.9158738102002281,0.3657342927412437,94.61813672031457,0.7183355694486401
COX8A,3,0.43487802158370914,0.7429640977080013,0.5853284471285775,0.5583268905705241,-1.021304851730271,1.8910608948976892,1.6492940896832209,99.59679239539899,0.7183436544933418
SMAD4,3,0.11949069577578031,0.2050217311130723,0.582819660760154,0.5600147081848965,-0.28234451325389637,0.521325904805457,0.1121070300305702,92.07175468197862,0.719838327989043
FAM131A,3,-0.184375271238406,0.31648600782597996,-0.582570055797806,0.5601827682614828,-0.8046764481881884,0.43592590571137635,0.28346014404943376,95.61012770930584,0.719838327989043
MYOM2,3,0.2102562577703072,0.36133521860619805,0.5818869762580642,0.5606428135423409,-0.49794775704374816,0.9184602725843626,0.37072977318795214,95.62811603188149,0.7199834026543747
DNAJC30,3,-0.17743918019079563,0.30596386706997697,-0.5799350815180196,0.561958397041511,-0.7771173402185511,0.4222389798369598,0.26952094137563787,96.02501942653237,0.7212263090743154
RALGAPA2,3,0.138460982903186,0.23921508136357358,0.5788137692403458,0.56271483930146,-0.3303919611282369,0.6073139269346088,0.16370703719031807,95.68095769953406,0.721690307678539
CPNE2,3,0.1547783023813298,0.26774252659899933,0.5780863591129952,0.5632058160883362,-0.36998740688246623,0.6795440116451259,0.19700410355455283,92.8524829949691,0.721690307678539
CARD8,3,0.1994437072342986,0.34526927060664586,0.5776468519305861,0.563502568391373,-0.47727162812314106,0.8761590425917383,0.3420349084719533,96.46499454551213,0.721690307678539
CBFB,3,0.16282554892070825,0.2820285970532944,0.5773370169619338,0.5637118121693506,-0.38994034391410803,0.7155914417555245,0.2121667269165119,90.0460751324361,0.721690307678539
CPNE5,3,0.20967993056637904,0.36398949500956823,0.5760603903166688,0.5645743632312039,-0.5037263704032964,0.9230862315360544,0.3602341049243988,93.56119082961061,0.7223486917591098
FXYD7,3,-0.22205956732876975,0.3861578428210981,-0.5750487047123035,0.5652583579757706,-0.9789150316058011,0.5347958969482616,0.4205932422112152,95.08692281113846,0.722456643160056
KIAA0513,3,-0.15116537252373566,0.2629396525638131,-0.574905196115482,0.5653554155490699,-0.666517621656284,0.36418687660881277,0.17953332769871336,87.80335408594419,0.722456643160056
TNFRSF21,3,-0.11918761936420028,0.20813491709410753,-0.5726459597853539,0.566884434233538,-0.527124560793881,0.28874932206548043,0.11569475582717689,90.96922920627084,0.7239644806652449
ANGPT1,3,0.2987683617135114,0.5255177256609956,0.5685219491649323,0.5696806060863505,-0.7312274538194404,1.3287641772464633,0.7808609171354599,94.74281761816961,0.7270877397065175
ZFX,3,0.158912431926788,0.28019300526615837,0.5671534582950611,0.570609925609158,-0.390255767114924,0.7080806309684999,0.21142261692225645,90.55816825375275,0.7278259444731819
GPR176,3,0.15517850318802315,0.2747223116584781,0.5648558438927734,0.5721718196813027,-0.383267333412182,0.6936243397882284,0.21079632252247582,93.30666203882893,0.7293696091081879
ME3,3,-0.17775239869915802,0.31498718523439556,-0.5643162866034844,0.5725388993462559,-0.79511593735022,0.43961113995190393,0.275928238871831,93.6251814938918,0.7293892366364464
MAGED2,3,-0.1662262066472691,0.29571866809903175,-0.5621092767521948,0.5740415682270572,-0.745824145677525,0.41337173238298686,0.2475567690782808,94.84836858604933,0.7308546424204523
CNPY2,3,-0.15078011054029575,0.26902869092864906,-0.5604610795221286,0.5751649798496734,-0.6780666555684054,0.37650643448781396,0.2049245647521036,94.46820030603094,0.7318356860173145
PLXNA4,3,-0.17759459821168205,0.3179465181460809,-0.5585675202459239,0.5764569117455588,-0.8007583227879114,0.4455691263645472,0.2503875380023393,83.6625086938135,0.7326659123698557
EPN2,3,0.12281047261236028,0.21990552320136456,0.5584692499965286,0.5765239966189029,-0.3081964328637514,0.553817378088472,0.12831986288566885,89.46443017227473,0.7326659123698557
CAMK1G,3,-0.3125344115638957,0.5616650987626172,-0.5564426421588742,0.5779082948832683,-1.4133777765117577,0.7883089533839662,0.8964702232726331,94.90094534600885,0.7339753849282905
NUDT18,3,-0.2512018249150474,0.4524562580688908,-0.5551958237624808,0.5787607251398929,-1.1379997953098333,0.6355961454797386,0.595444135025116,97.5006913284664,0.7346048440222007
CA12,3,-0.25120054149846976,0.4538711872568212,-0.5534621904878243,0.5799469639068879,-1.140771722142274,0.6383706391453343,0.5203570589742238,85.62939526907367,0.7346048440222007
TRAPPC1,3,-0.157696793341343,0.28496237913732775,-0.5533951317319207,0.5799928717600201,-0.7162127933993534,0.4008192067166674,0.23703465672939855,97.32031594201402,0.7346048440222007
EFR3B,3,-0.18920155948554765,0.34220802725044913,-0.55288463279407,0.5803424108259814,-0.8599169681169292,0.48151384914583395,0.33224643833657025,96.18671097524874,0.7346048440222007
RIMBP2,3,-0.1986529298359704,0.3593343819635807,-0.5528358537539119,0.5803758150426184,-0.9029353768915477,0.5056295172196069,0.3401884416700745,88.19422227091563,0.7346048440222007
ADAM11,3,-0.17633676352531036,0.31909685200414106,-0.5526120437033392,0.5805290932268019,-0.8017551010335345,0.4490815739829138,0.26767915096236744,88.08574816734833,0.7346048440222007
TMEM14A,3,-0.14033006420697036,0.2557918163803507,-0.5486104528000457,0.5832728109031853,-0.6416728118525403,0.3610126834385996,0.1572741466995946,83.14609090278928,0.7376267133007356
TP53INP1,3,0.15084513505464442,0.27567726332564596,0.547180181763693,0.584254950240415,-0.38947237242018634,0.6911626425294752,0.19490833137680447,86.42193845605506,0.7383998275399466
CIT,3,-0.15217123317203124,0.2783534459401588,-0.5466834896117845,0.5845961990456086,-0.6977339621873593,0.39339149584329686,0.19442313890824303,85.38927096715793,0.7383998275399466
MCL1,3,0.169503890048755,0.3103841191923631,0.5461100603014537,0.5849902848206567,-0.43883780494146396,0.7778455850389739,0.26178607327739567,93.43699175942993,0.7384478701874875
SEMA4F,3,-0.12982328725841613,0.23865755153179707,-0.5439730962844449,0.5864599865730531,-0.5975834928992503,0.33793691838241807,0.1469407106428659,87.6732354192489,0.739852805445567
CES2,3,-0.14213024330888274,0.2624881398883444,-0.541473010435219,0.5881815956756873,-0.6565975438589493,0.37233705724118377,0.19757199392091843,96.03144927742275,0.7415736349126902
SMIM10L2B,3,-0.2712263210435837,0.5022455179809121,-0.5400273597939637,0.5891781642718319,-1.2556094476828354,0.7131568055956681,0.7195355912975436,96.79490523643061,0.7423788047993799
ARHGAP44,3,-0.12230362697079368,0.22701141758256213,-0.5387553995001723,0.5900556420203267,-0.5672378295119982,0.32263057557041086,0.12728556749108033,83.40967716929183,0.7430330306922632
VWA3A,3,-0.17513348679350144,0.32743723900877564,-0.5348612372974709,0.5927458141299236,-0.8168986824479352,0.46663170886093236,0.25509771513663,81.59815499687302,0.7459677296756441
NPL,3,0.1190005053736724,0.22369330421292025,0.5319806321086972,0.594739409765241,-0.3194303144664132,0.5574313252137579,0.12521843659052762,84.03068360817993,0.7478720179684701
CRY2,3,-0.15354741924332485,0.2888221692364612,-0.5316330794455542,0.5949801492998918,-0.719628468883521,0.4125336303968714,0.24023359366084543,96.4492289803591,0.7478720179684701
TRIM56,3,0.18401316487128475,0.3473468730061916,0.5297677312557947,0.5962729808535112,-0.49677419636345865,0.8648005261060281,0.3171138083216024,89.0290820008671,0.7488256705231527
YES1,3,0.17820312931342697,0.33655193116772125,0.529496677363052,0.5964609487484323,-0.4814265347027099,0.8378327933295638,0.3040339542475576,93.34941770715042,0.7488256705231527
MLLT3,3,-0.1659340607233582,0.3138869749620543,-0.5286427088712996,0.5970533271091651,-0.7811412268652103,0.4492731054184939,0.2744573454059322,93.79695133238536,0.7490124668743084
ITGA8,3,0.17386468999346757,0.3291389080934106,0.5282410730490855,0.5973320251736288,-0.4712357157804561,0.8189650957673913,0.2838566113015589,88.48669349348924,0.7490124668743084
FMN1,3,-0.17075048675217167,0.32488808585573814,-0.5255670927495659,0.5991890257394897,-0.8075194340355752,0.46601846053123197,0.27320106842524555,86.71838103178042,0.7508870328602427
SEMA3A,3,-0.22160446775556053,0.4241457410112073,-0.5224724577623545,0.6013414181194355,-1.05291484433358,0.609705908822459,0.48147125165598975,90.0671796544562,0.7531292881519984
ZNF652,3,0.1923437486660394,0.36921747539426963,0.5209497423182495,0.6024017824514103,-0.5313092055695325,0.9159967029016114,0.37647090595370974,92.55102352235946,0.7537963758279231
FCHSD2,3,0.15203545714155697,0.2920030967039904,0.5206638520538653,0.602600960039873,-0.42028009577243064,0.7243510100555446,0.24207788909788217,95.4509569697463,0.7537963758279231
SLC7A4,3,-0.285472775436185,0.5488480354741393,-0.5201308139685159,0.6029724028179613,-1.36119515795106,0.79024960707869,0.8711459760485095,96.54741267302876,0.753806367356511
AP2M1,3,-0.15684222609520884,0.301893429038139,-0.5195284527885321,0.6033922767248903,-0.7485424741792597,0.43485802198884205,0.2594517746292071,96.19853586242672,0.7538768565827846
STRIP2,3,-0.20869969620137171,0.4024423656532543,-0.5185828183437031,0.6040516932005382,-0.9974722387348494,0.5800728463321059,0.4578583603865637,94.62930391875798,0.7539064775559647
SLC27A3,4,0.17127981572932424,0.3303677863108314,0.5184519279012667,0.6041429921398329,-0.47622914709212993,0.8187887785507785,0.3988292482298277,95.56971183102468,0.7539064775559647
CNTLN,3,0.1748911116048633,0.33914636627089845,0.5156803345053866,0.6060776918169732,-0.4898235517737274,0.8396057749834539,0.33179825466512,96.76440747468855,0.7558659848637417
WSCD2,3,-0.19520166912982778,0.38058318078975245,-0.5129014601348452,0.6080202520100247,-0.9411309965994388,0.5507276583397831,0.40543041259889007,94.02432113533665,0.7578329342961486
RAI14,3,0.18313265556007505,0.3581129588959041,0.5113823753395862,0.6090833337049776,-0.5187558462729697,0.8850211573931198,0.3548449496767901,93.13886798494457,0.7587020024649391
PCDH18,4,0.24671992322196265,0.48323555164829857,0.5105583030478824,0.609660379448398,-0.7004043540580476,1.193844200501973,0.8960070453433696,96.99673101309675,0.7589649621704547
CHMP4B,3,-0.11982512810755719,0.23518376414171793,-0.5094957491851032,0.6104047771392662,-0.5807768355738869,0.3411265793587725,0.1597310751105052,96.94430900162212,0.7594358175086011
GPR179,3,-0.18584847550760084,0.36619957415859855,-0.507505984775152,0.6117998382258145,-0.9035864520123587,0.5318895009971569,0.310429562507484,82.82782920279115,0.7607151465709469
ATP6V0D1,3,-0.16446873138608983,0.3247774120989754,-0.5064044642857375,0.6125727412426689,-0.8010207620922049,0.47208329932002513,0.3022077925030187,95.79703240114488,0.7612198114663243
ANGPT2,3,-0.31533190226024527,0.6237585770446602,-0.5055351763726817,0.6131829983038372,-1.5378762483157316,0.9072124437952411,1.0981982451337329,94.78696924633856,0.7615218793306336
ANTXR2,3,0.2013273594710834,0.39876543135827486,0.504876660911459,0.6136454675796857,-0.5802385242707143,0.9828932432128811,0.46234311100069936,97.00362208735558,0.7616401554519857
FMO2,3,0.23707964733513653,0.470082558016681,0.5043361922114195,0.6140251486233761,-0.6842652361380185,1.1584245308082917,0.5798454043255816,87.85591769396832,0.7616555970364126
PKM,3,-0.162652087866691,0.32440737529158553,-0.5013822133991103,0.6161021551730701,-0.7984788597573675,0.4731746840239856,0.30002593523418847,96.0090126837227,0.7637751762277031
INAFM2,3,-0.14161261636933095,0.28295359808228315,-0.5004799985902632,0.616737136298338,-0.6961914779066276,0.41296624516796565,0.20823317692292095,87.05328554779734,0.7640235267742833
GULP1,3,-0.2184979229949822,0.43695138136144007,-0.500050880521748,0.6170392513726733,-1.074906893458431,0.6379110474684665,0.5367954173684066,94.48943612824031,0.7640235267742833
PGR,3,0.22131259885384116,0.4431162646445956,0.49944589380249094,0.6174652946439283,-0.6471793208134854,1.0898045185211678,0.4760330033996917,85.59232819869031,0.7640948813195152
MKX,3,-0.1995667859384271,0.40291710170056555,-0.4953048284526241,0.6203849631084519,-0.9892697940267977,0.5901362221499434,0.42144128651188817,87.7047429477343,0.7670388606289531
HBP1,3,0.1425717329843024,0.28801041214779793,0.4950228428239568,0.6205839962079958,-0.4219183019979188,0.7070617679665235,0.2377366153126944,96.9873029775644,0.7670388606289531
SPATA13,3,0.15850537836833806,0.32115491629470666,0.4935480365584258,0.6216254068354748,-0.47094669102726266,0.7879574477639388,0.2780914658849523,90.332281781348,0.7678684298849165
IQGAP1,3,0.148765759268107,0.3021660632033085,0.49233112974706195,0.622485276996211,-0.4434688419606313,0.7410003604968453,0.25327519866813675,92.95018196872198,0.7684728955298463
PYM1,3,-0.11795304074750519,0.24069392563564065,-0.4900540819050871,0.6240956296477914,-0.5897044662909229,0.35379838479591247,0.16010204786083887,92.64663715409108,0.7700025793512906
VARS2,3,0.13807714556718412,0.2823361893359522,0.48905223907688977,0.6248047135641883,-0.4152916170635639,0.6914459081979321,0.16696834627956098,83.25679394047651,0.7704191295672571
PPP1CC,4,0.14607065740291775,0.29937537188560687,0.4879180825159266,0.6256078657888826,-0.4406942893511567,0.7328356041569921,0.34113674855816767,97.42262881144583,0.7708291234452899
HLA-A,3,-0.2360706321929513,0.48483583147587417,-0.48690838602901065,0.6263232557836123,-1.1863314003001957,0.714190135914293,0.534467967357583,91.57229679575845,0.7708291234452899
CACNA1C,3,-0.1091750319066502,0.2243294940197618,-0.48667266149600763,0.6264903219648613,-0.5488527608554767,0.3305026970421763,0.12773868427721502,85.47187304961342,0.7708291234452899
ELAC2,3,-0.11197956442234985,0.23018127289511564,-0.4864842522326933,0.6266238679502212,-0.5631265692123621,0.3391674403676625,0.1509501941519292,95.7866295855296,0.7708291234452899
CLEC2L,3,-0.24795741842013416,0.5112426105169242,-0.4850092956246763,0.6276697516617041,-1.2499745223955436,0.7540596855552754,0.7467412231821962,96.02531790989516,0.7716580112308088
TP53INP2,3,0.1761757214718376,0.365948661003503,0.4814219595413445,0.6302166326125306,-0.5410704742856856,0.8934219172293607,0.352527917636752,88.62849745054848,0.7743301516815096
ZC3H12C,3,0.13585981442526704,0.2836743150392029,0.4789288533453995,0.6319892436799225,-0.4201316263906395,0.6918512552411736,0.23195879668820008,96.49533010593501,0.776048366721231
DCN,3,-0.23655786408431134,0.4951952873649297,-0.47770621029755916,0.6328593235357536,-1.207122792633536,0.7340070644649133,0.687303265301785,94.69743316159557,0.7766569449781969
EID2,3,-0.17102520204361668,0.35925050979275064,-0.4760611255423967,0.6340308311161936,-0.8751432626650619,0.5330928585778285,0.3627386367603161,94.18524113908606,0.7776345025044267
RAB31,4,0.1362206288172803,0.2881489428938541,0.4727438089802749,0.636395967370831,-0.42854092143796246,0.700982179072523,0.3045432509198933,93.45290008973998,0.780074016741787
ZC3H11A,3,0.10963169962567422,0.23278824137843432,0.47095033226979216,0.6376762037684708,-0.3466248695004738,0.5658882687518222,0.1572237482173161,96.88817307982058,0.7810921999118521
CMPK2,3,-0.13586350719353674,0.2888916056072861,-0.4702923330289737,0.638146174392879,-0.7020806496197669,0.4303536352326935,0.2333457474062345,93.45807886079713,0.7810921999118521
ATF5,3,-0.11388268790074052,0.24230462545048959,-0.4699979940086217,0.6383564507476323,-0.5887910270711674,0.3610256512696864,0.1414935932813922,81.26497206899151,0.7810921999118521
CALN1,3,-0.1576702795701247,0.33596478882612674,-0.46930596542878916,0.6388509518576938,-0.8161491657429378,0.5008086066026884,0.2897695021424641,87.15347830402585,0.7812363644769205
HPCAL1,3,0.1516177396003439,0.3235448061992204,0.46861435169194576,0.6393453170168374,-0.4825184279351197,0.7857539071358074,0.2956627632069367,94.91381903115686,0.7813801929834536
POLR2A,3,-0.17221635867225746,0.3690293739745434,-0.46667384988203514,0.6407332417403021,-0.8955006408997251,0.5510679235552102,0.3957023835842492,97.38378691172196,0.7826152787805575
B4GAT1,3,-0.18197394560960603,0.3910337527910476,-0.46536633809932376,0.6416691359395745,-0.948386017819598,0.584438126600386,0.43033577206434176,94.14418913959604,0.7832313252929952
CATSPER2,3,-0.14659334178959335,0.3153126678020392,-0.4649142161380847,0.6419928895844224,-0.7645948145508324,0.4714081309716457,0.2717204559055476,92.19721641823119,0.7832313252929952
RPS6KL1,3,-0.1256024865090697,0.27162462100498524,-0.46241200832366536,0.6437858895396577,-0.6579769609931826,0.4067719879750432,0.20458439914193072,93.62931593720265,0.7844960285316163
NFIL3,3,0.12373537418294756,0.2675869721326962,0.46241180277486477,0.6437860369145665,-0.40072545392926007,0.6481962022951552,0.16967715368089767,81.41257370476328,0.7844960285316163
APBB2,3,-0.11592737679018679,0.25213400322084883,-0.4597847783690003,0.6456707100543325,-0.6101009423809565,0.37824618880058286,0.1761306261983538,93.85996980291564,0.7863306239886586
EPHX4,3,-0.28177052709917466,0.6139726812548512,-0.45893007246395023,0.6462843825801297,-1.4851348698501732,0.921593815651824,1.042359819353395,93.12653711871936,0.786616085370416
UBL5,3,0.23487024337363815,0.5126649754053003,0.45813592627028116,0.6468547894643606,-0.7699346445558629,1.2396751313031391,0.7812328468378533,99.14958672590892,0.7866205933955426
SH2D5,3,-0.2327627640193709,0.5083611713466042,-0.4578688875918724,0.6470466404690431,-1.2291323509973102,0.7636068229585685,0.7471981594062886,96.75222690430101,0.7866205933955426
KLHDC9,3,-0.17107404190564507,0.3743568767787627,-0.4569811656131172,0.6476845831266154,-0.9048000377569188,0.5626519539456287,0.40720639465413394,97.40106951086942,0.7869348713559462
ZNF718,3,0.11090929305787932,0.24464290926582946,0.4533517582451779,0.6502954683597233,-0.36858199817624665,0.5904005842920053,0.15311380532255525,87.72423318038152,0.7893496428458409
PSMD8,3,-0.1193671591889299,0.26341038902738834,-0.4531604073388259,0.6504332399342054,-0.6356420348362957,0.3969077164584358,0.19647666900948085,95.0540622656189,0.7893496428458409
ATF1,3,0.13474583234396767,0.2985390149745867,0.4513508304950962,0.6517367152226341,-0.4503798849862861,0.7198715496742214,0.2590200412634108,97.35212551147163,0.7904303077564536
CLK1,3,0.1419571959192995,0.3148543395935928,0.4508662516849372,0.6520859482021659,-0.47514597006028597,0.7590603618988849,0.2830105749922624,96.18951092271108,0.7904303077564536
PCDH8,3,-0.35853839753862377,0.7977620608540109,-0.44943024384339036,0.6531213181368378,-1.922123305044936,1.2050465099676884,1.8573047684078217,97.40728531317465,0.7912229052662393
WEE1,3,0.1652540367924459,0.3684275559508744,0.4485387537475092,0.6537644240375889,-0.5568507037833835,0.8873587773682753,0.38161088559531914,94.03109757794479,0.791336480426089
PPM1D,3,0.12828796709270984,0.28648416655749664,0.4478012472181871,0.6542966432171065,-0.43321068150095776,0.6897866156863774,0.23344664998167688,95.9011787609133,0.791336480426089
TUBB,3,-0.15824320669764083,0.3534471972451973,-0.4477138535289123,0.6543597222424024,-0.850986983734852,0.5345005703395704,0.3602647687513684,96.93617028230618,0.791336480426089
SLC22A9,3,-0.1571976365627268,0.35157293522840527,-0.4471266721956305,0.6547836020224822,-0.8462679275494343,0.5318726544239807,0.29248475920661154,82.3281413420382,0.7913375824989521
PRRT2,3,-0.15295643292542038,0.34244825122433126,-0.4466556111136966,0.6551237363310998,-0.8241426718938341,0.5182298060429933,0.3314815403211173,95.05849548288346,0.7913375824989521
PDIA4,3,0.12630808004454785,0.28344658453331534,0.4456151068198955,0.655875296299635,-0.4292370171816381,0.6818531772707338,0.2161653793683617,90.54123129902094,0.7917842634024698
COMMD4,3,-0.12799662940462472,0.28781620869445906,-0.4447165431899071,0.6565246125172235,-0.6921060326126284,0.4361127738033789,0.2316716471528243,93.92560671567458,0.7921070659457368
ACTB,3,-0.1623786165622519,0.3661744698688638,-0.4434460344010431,0.6574431449532965,-0.880067389563272,0.5553101564387684,0.3891284158105919,97.56963003376443,0.7927541178099633
IDH2,3,-0.1536965935403323,0.34745440255182264,-0.4423503988193344,0.6582356660341058,-0.8346947088117864,0.5273015217311219,0.3495857518494004,96.73884157831634,0.7931031546282459
C21ORF62,3,0.22762345449463353,0.515455722556612,0.44159652232716046,0.6587812010040732,-0.7826511973413962,1.2378981063306633,0.6894263532624557,89.12349288590833,0.7931031546282459
PIN1,3,-0.13472138790486174,0.30517216524381463,-0.44146027471813254,0.6588798145730316,-0.7328478408668444,0.46340506505712087,0.2651570711243418,95.47963487116188,0.7931031546282459
MSC,3,-0.2588058788942315,0.5881120916583317,-0.440062162579352,0.6598920854601994,-1.4114843974170808,0.8938726396286176,0.9638819724906535,94.75555322537238,0.7937280078016
WDR54,3,-0.1734102205775427,0.39466009600026464,-0.43939132011315996,0.6603780147715538,-0.9469297948731816,0.6001093537180962,0.4344254847677771,93.03544787317787,0.7937280078016
NGEF,3,0.20358031620586955,0.4635696044645689,0.43915803418778593,0.6605470306005601,-0.7049994128721636,1.1121600452839027,0.6076096231307279,94.9829886657802,0.7937280078016
HABP4,3,-0.07979857726857224,0.18330808990115172,-0.435324907436455,0.6633266081473992,-0.43907583154965996,0.27947867701251544,0.09159824022126827,91.40466169500255,0.7966064767213121
TRAPPC2L,3,-0.11563280856038231,0.26628783433018627,-0.434239922568157,0.6641142252434062,-0.6375473733687159,0.4062817562479513,0.20132832682786964,95.83676543977171,0.7970908004368197
ATP1A3,3,-0.25132495939547883,0.5802262219685349,-0.43314995062237627,0.6649058363112375,-1.3885474573395502,0.8858975385485927,0.9596795939685406,95.39960558279233,0.7975793548348794
DTX3L,3,0.14583228761189101,0.3405173470833827,0.428266838271182,0.66845685945355,-0.5215694487826642,0.8132340240064463,0.3177777810156438,93.67907436133528,0.8013754488477819
BCL2L11,3,0.1622532401011512,0.3805944585259654,0.4263152982561929,0.6698781119197212,-0.5836981913252642,0.9082046715275666,0.39872926895924227,93.08245625915437,0.8026153692209715
DUSP4,3,-0.18351581966353547,0.4310084066950734,-0.42578245995412306,0.6702663690468383,-1.0282767738198717,0.6612451344928006,0.4693214822650454,84.71926155580965,0.8026168876461562
NHSL2,3,-0.11840576528889184,0.2791030618328837,-0.4242367120995208,0.6713931894152594,-0.6654377144561995,0.42862618387841583,0.19952448198812278,86.2110695874309,0.8029327874233603
SCAND1,3,0.2743210398420848,0.6476016957585293,0.42359530810180374,0.6718609776770756,-0.994954960171698,1.5435970398558676,1.2468752403000463,99.1173238059855,0.8029327874233603
GNRH1,3,0.23876913175308745,0.5640780064606359,0.42329097929427945,0.6720829749986474,-0.8668034453809107,1.3443417088870855,0.9160755008918311,96.51766767500409,0.8029327874233603
ITPA,3,-0.10519512173185984,0.24866143873690758,-0.4230455766129461,0.6722620085826124,-0.5925625860001117,0.382172342536392,0.1750327244978855,94.55107257151299,0.8029327874233603
SYN1,3,-0.1608008095079624,0.38082877236360074,-0.42223912996373064,0.6728504827853234,-0.9072114876172225,0.5856098686012977,0.3943803749251175,90.838342597595,0.8029327874233603
SYNGR1,3,-0.16538580259371938,0.3916907694844306,-0.42223563963840954,0.6728530301551592,-0.9330856038599837,0.602313998672545,0.44369925045710973,96.85012550672839,0.8029327874233603
BMP7,3,0.14585635583031797,0.34754875865174734,0.41967163512866906,0.6747253490951794,-0.5353266939987102,0.8270394056593462,0.3006175688092699,84.42723316479777,0.8047040678685464
BACE2,3,0.2172978397502759,0.522431072867965,0.41593590242897743,0.677456907097917,-0.8066482474755561,1.2412439269761077,0.7655892293080849,94.2060188005981,0.8067165187727647
POLA1,3,0.11942825317176868,0.2871543113862197,0.41590269912799205,0.6774812043561287,-0.4433838551506219,0.6822403614941592,0.23627114775965538,97.20076862081736,0.8067165187727647
SLC6A17,3,-0.17338623856620475,0.41738846449596545,-0.41540735625165015,0.6778437224148193,-0.991452596540772,0.6446801194083626,0.5003430860855533,95.99798140795126,0.8067165187727647
GPI,3,-0.12700666603678135,0.3062286137735698,-0.41474460688605685,0.6783288740465916,-0.7272037200686045,0.47319038799504176,0.26659227460721363,95.87358042153332,0.8067165187727647
ZNF765,3,0.16271056793566754,0.3923521744185118,0.41470540637837383,0.6783575741271464,-0.606285563180593,0.931706699051928,0.4456272845261768,97.1550999139835,0.8067165187727647
TLN2,3,-0.119418373863769,0.2924245275087202,-0.408373315607761,0.6829996210400079,-0.6925599159770028,0.4537231682494649,0.2460396658379695,96.8147714690977,0.8113955997570187
CFAP46,3,-0.12808837959429803,0.31459707200346065,-0.40715057765346596,0.6838973978901366,-0.7446873103628351,0.48851055117423897,0.24360713484018925,83.68709375274686,0.8113955997570187
AK8,3,-0.23047481399762648,0.5662451359404913,-0.40702303537640966,0.6839910696455234,-1.3402948868619762,0.8793452588667232,0.8872938817872743,92.68684290152424,0.8113955997570187
BMPR1A,3,0.12426883556333787,0.3054482550455407,0.40684087569860256,0.6841248628678295,-0.47439874346652666,0.7229364145932025,0.2576485584359106,95.42306675766669,0.8113955997570187
COPZ1,3,-0.08689469059233328,0.21385234734158454,-0.40633031001309106,0.6844999176174991,-0.5060375893911889,0.33224820820652234,0.11571505627185232,85.82001599776545,0.8113955997570187
DEK,4,0.11698218722032971,0.2880339045316655,0.4061403375777558,0.6846394887052955,-0.44755389198818285,0.6815182664288423,0.31824789368992024,97.14378580295386,0.8113955997570187
USP5,3,-0.15394071355474354,0.382263616314248,-0.4027082541598552,0.6871628609985652,-0.9031636341307074,0.5952822070212203,0.4302982180687309,98.5035711590933,0.8136886658218336
KTN1,4,0.12078069528894936,0.3001197349478831,0.40244169651130535,0.6873589886788103,-0.4674431762586084,0.709004566836507,0.3456291036607466,96.9842898525501,0.8136886658218336
EFCAB2,3,0.14192854644627578,0.35545234692175515,0.3992899404811587,0.6896795784501237,-0.5547452517406011,0.8386023446331525,0.3577396059312852,94.42665237071554,0.8159700203682582
ACTG1,3,-0.17744906993174273,0.4469665491041581,-0.3970074948279657,0.6913619337688666,-1.053487408470046,0.6985892686065607,0.5872570707298361,98.28977439887113,0.8174940995647828
MED27,3,-0.10308826876047267,0.2613220122104228,-0.394487505619938,0.6932211499691527,-0.6152700010604375,0.4090934635394922,0.18432189313021957,90.19570372671798,0.8192254501629759
TKFC,3,-0.15896977256427522,0.4037386072029889,-0.3937442932831774,0.6937698361967516,-0.950282901850497,0.6323433567219465,0.46991827248838947,96.83699158907562,0.819406970542177
PTPRN,3,-0.14406126122677396,0.366711056007162,-0.3928467900459494,0.694432643732287,-0.862801723733462,0.574679201279914,0.37573371742257167,93.24033949476366,0.8197229955041339
SZT2,3,0.11046098198963554,0.2822287868541104,0.39138807639326667,0.695510404493154,-0.44269727564485223,0.6636192396241233,0.21110514829790494,88.58604005115549,0.8205282018878279
DUSP18,3,0.09967280565656865,0.25519524820854267,0.39057469273533324,0.6961116349427809,-0.40050068985793463,0.599846301171072,0.17901219744832944,92.41484155549057,0.8207706258506695
RANBP17,3,-0.15171391487346372,0.38963008268305155,-0.3893793667797384,0.6969955330108424,-0.9153748442256081,0.6119470144786806,0.4139465535942883,92.45266231208743,0.821345872423004
IGSF8,3,-0.15440164028727954,0.3994625511853402,-0.38652344213273004,0.6991090447018105,-0.9373338537830341,0.628530573208475,0.4543461604189876,95.52565885295712,0.8226106156411604
TRAPPC6A,4,-0.13864056170517006,0.3593625036317285,-0.38579584765818437,0.6996478707808519,-0.8429781262175022,0.5656970028071622,0.49436160573675014,96.63361110577203,0.8226106156411604
PRKACA,3,-0.11521678547955003,0.29866775891881997,-0.3857690763028318,0.6996676994153376,-0.7005948363037287,0.47016126534462854,0.26006278337793337,97.47538813688162,0.8226106156411604
CLTA,3,-0.08871648127498138,0.23019527948435653,-0.385396614012714,0.6999435908333486,-0.5398909384754521,0.36245797592548934,0.15102085944742474,95.21435091498101,0.8226106156411604
FNDC5,3,-0.16096059520171263,0.41780778958972975,-0.38525034528381913,0.700051946290573,-0.9798488152578717,0.6579276248544466,0.48524913622511606,93.69123000937063,0.8226106156411604
PTPN5,3,-0.17558561848378457,0.4566906711806225,-0.3844738453489012,0.7006272774293283,-1.070682886073229,0.7195116491056599,0.5985545277246433,95.8122925154044,0.8228204832324048
SLC38A2,3,0.24037270876135836,0.6300647659428864,0.38150476229478203,0.7028287381404914,-0.9945315404143578,1.4752769579370744,1.1579511047552273,98.04637973874952,0.8243915386442642
PYGB,4,-0.12566913682333683,0.3296608781141637,-0.38120731080445885,0.703049424738138,-0.7717925850389462,0.5204543113922726,0.42325907540624974,97.99309849397531,0.8243915386442642
NFS1,3,-0.0919722585465734,0.24167238036887487,-0.3805658652684772,0.7035254141526839,-0.5656414201276329,0.3816969030344861,0.16891509896263876,96.77689789358575,0.8243915386442642
BRINP2,3,-0.1297784090686392,0.3419397415284028,-0.37953590445075336,0.7042899472456111,-0.7999679873472436,0.5404111692099653,0.3363327274806041,96.27300410627463,0.8243915386442642
PRKD3,3,0.09686240742664774,0.25550527730755107,0.37910139644612784,0.7046125693518204,-0.4039187339560715,0.597643548809367,0.18153673853668822,92.92200643463121,0.8243915386442642
MAPRE3,3,-0.12620381596062868,0.3331602747299218,-0.3788081158923779,0.7048303601504857,-0.7791859555107453,0.526778323589488,0.32052289728064487,96.5150147332841,0.8243915386442642
MAGEF1,3,-0.1057033462213759,0.27957266600287567,-0.3780889874988302,0.7053644888872145,-0.6536557026488578,0.44224901020610596,0.22321964505514794,95.51894644216672,0.8243915386442642
LPP,3,0.12468279323022137,0.33050305851843087,0.3772515564277851,0.7059866693366035,-0.523091298246237,0.7724568847066797,0.31303123438261515,95.68737894394658,0.8243915386442642
BMP2,3,0.0970376214141318,0.25750127338213524,0.37684326815008296,0.7062900838051318,-0.40765560038805565,0.6017308432163193,0.16498739629000572,84.92883298723916,0.8243915386442642
TBC1D12,3,0.10647646739585061,0.283596857605174,0.3754500959389616,0.707325753978786,-0.4493631596390245,0.6623160944307257,0.22606987973941833,93.85220796814808,0.8243915386442642
UBXN10,3,-0.15577045302866818,0.4150381922374118,-0.3753159490911712,0.7074255060200003,-0.9692303620226066,0.6576894559652702,0.47392352388236325,92.43386905579291,0.8243915386442642
ZNF710,4,0.11363113512286839,0.3029833746106259,0.3750408261473078,0.7076301040653051,-0.4802053670283658,0.7074676372741026,0.34859787354689364,96.2190649022958,0.8243915386442642
MYCT1,3,0.1613558726653071,0.4303141526686163,0.3749722654127223,0.707681093256924,-0.6820443686030511,1.0047561139336654,0.4760100072832093,90.24938591893147,0.8243915386442642
NDN,3,-0.13071254349965672,0.34936095672295764,-0.37414754277568413,0.7082945490437198,-0.8154474362811102,0.5540223492817966,0.35442280660197895,96.97112031665417,0.8243915386442642
ADH1B,3,0.23873432649759538,0.638100733691233,0.3741326625916641,0.708305619153188,-1.0119201300458054,1.4893887830409962,1.144651471277273,94.51788828541419,0.8243915386442642
GFRA2,3,-0.186832506809804,0.5000504465720114,-0.37362731718488446,0.7086816073246719,-1.1669133725441168,0.7932483589245087,0.7158983160454816,95.52445568995329,0.8243915386442642
STOML1,3,-0.15500100088938934,0.4149153481834993,-0.37357258912687663,0.7087223304738298,-0.9682201399619443,0.6582181381831658,0.5017850666036873,97.62426064610352,0.8243915386442642
TBX18,3,0.23659957123476014,0.6350257940201152,0.37258261548233357,0.7094591135273981,-1.0080281142986163,1.4812272567681366,1.1607225627461897,96.26238852646583,0.8245508899748952
FSTL4,4,0.1786049166359898,0.4803443473348355,0.37182683136997335,0.7100217851635761,-0.762852704317686,1.1200625375896656,0.8382475733871942,92.47521011654047,0.8245508899748952
MGA,4,0.08346012590684582,0.22485393273006268,0.3711748551315745,0.7105073002255625,-0.35724548402626904,0.5241657358399607,0.19328384394667256,96.44599806680226,0.8245508899748952
EDA2R,3,0.15627418249233085,0.4213971792675229,0.37084771844929837,0.710750957354606,-0.6696491120587827,0.9821974770434444,0.47060646682638047,89.06907559977753,0.8245508899748952
NSRP1,4,0.09593135478296647,0.2591383739591933,0.3701935507169341,0.7112382815749323,-0.41197052518932464,0.6038332347552575,0.2521170079030622,94.50828513438529,0.8245508899748952
INHA,3,-0.26281800808629247,0.7107113368526375,-0.36979571657063137,0.7115347070469769,-1.6557866317217764,1.1301506155491914,1.4346830324449051,95.98703920840566,0.8245508899748952
LRRC1,3,0.14099421792756434,0.3814248653237449,0.36965135402982074,0.7116422820901941,-0.6065847809150162,0.8885732167701448,0.4070832606715322,93.93001647119375,0.8245508899748952
CCNA2,3,0.18287166863013296,0.49584331612719484,0.3688093853083669,0.7122698086236705,-0.7889633729540774,1.1547067102143433,0.7119315152259517,97.25503311077192,0.8246064502027869
ROCK1,3,0.11468647696920267,0.31120815286384373,0.36852015576654573,0.7124854188830252,-0.4952702943391667,0.724643248277572,0.28250874253971325,97.53769145981919,0.8246064502027869
YBX3,3,0.18995408723081586,0.5181645157938282,0.36659030373742624,0.7139246419350973,-0.8256297017917233,1.205537876253355,0.7360647558715344,94.71082170614689,0.8253201631054842
TMEM38A,3,0.13309782741291026,0.3634494407323028,0.366207269833008,0.7142104178859352,-0.579249986623628,0.8454456414494487,0.3776815346120624,96.7423146592564,0.8253201631054842
LYVE1,3,0.1565045998205363,0.42749990961993267,0.3660927085567718,0.7142958981554215,-0.6813798264286598,0.9943890260697325,0.4791956914541284,87.71374978693841,0.8253201631054842
C11ORF96,3,0.15703403363454826,0.43033281238711757,0.36491299086271867,0.7151763567280898,-0.6864027800100341,1.0004708472791306,0.45299199482065355,82.43821093503387,0.8258773740835512
S100A9,3,0.3016045831307639,0.8318220024278665,0.3625830793733041,0.7169163520315291,-1.3287365831758438,1.9319457494373715,1.6972674621493173,82.61192495694748,0.8266724531561255
MRPL37,3,-0.08854643653880587,0.24463750134996765,-0.36194956231234243,0.7173897219350445,-0.5680271284526113,0.3909342553749995,0.1746394199041837,97.48545941223182,0.8266724531561255
APEX1,3,-0.1315830943772392,0.3635498105107374,-0.36193965881149287,0.7173971227861851,-0.8441276295646456,0.5809614408101673,0.37903158973056744,96.06436221508145,0.8266724531561255
NDUFA1,3,0.19122746797414034,0.5284620607828892,0.36185656864533805,0.7174592168182381,-0.8445391383561391,1.2269940743044199,0.8302115898377755,99.10732276850733,0.8266724531561255
CAPNS1,3,-0.10320726809354329,0.2859025365433723,-0.36098759158048405,0.7181087230250448,-0.6635659428071996,0.457151406620113,0.22492358491739944,93.28948035746743,0.8269614056379473
TDRD6,3,0.19237977117722468,0.5355182997206025,0.3592403308674896,0.7194153078886812,-0.8572168093372822,1.2419763516917315,0.8304315184694214,96.88892436147526,0.8280062977586709
MCHR1,3,-0.25381632521226455,0.7084769888720484,-0.358256272538026,0.7201515386569426,-1.6424057072768639,1.1347730568523349,1.348753926519528,90.7481312976024,0.8283939496253461
SULT1A1,3,-0.13052580831436178,0.36558054357468456,-0.35703707598349427,0.7210640498762008,-0.8470505071693193,0.5859988905405957,0.38267133638239154,95.91825380992813,0.8289838356115523
NEDD4,3,0.1454982960553761,0.40880286236706476,0.3559131049447813,0.7219056412735898,-0.6557405909609554,0.9467371830717076,0.4849658273595012,97.10637366809466,0.8293711470281638
CCDC117,4,0.12745124516126327,0.358493357653761,0.35551912592020146,0.7222007191576008,-0.5751828245369447,0.8300853148594712,0.4885486110456389,96.38855130032785,0.8293711470281638
PSMD2,3,-0.07966927546527391,0.2248866659765902,-0.3542641139673757,0.7231409589440725,-0.5204390413826798,0.361100490452132,0.1417434793008451,93.93161904673528,0.8296739547207734
COX6B1,3,0.2144323194343725,0.6055711544132997,0.3540992959648527,0.7232644696890832,-0.9724653332920385,1.4013299721607835,1.0908227021887043,99.23819588474552,0.8296739547207734
RNF152,4,0.18945628039222787,0.5365403485003928,0.3531072377347762,0.7240080470287393,-0.8621434789211112,1.241056039705567,1.1150499092455457,97.746104766015,0.8300678217454978
CCDC96,3,-0.14129123087621787,0.40281936611782054,-0.35075580461266015,0.7257715559494111,-0.9308026807424001,0.6482202189899644,0.4532490727936114,94.44587450859561,0.8316299486403749
SLC6A7,3,-0.16955805750932904,0.4855809900004163,-0.34918594632212363,0.7269497161914698,-1.121279309487449,0.7821631944687909,0.5994856529085508,87.5902675880302,0.8325199952408108
ACOT7,3,-0.16648881219200973,0.47775057215583616,-0.3484847991719478,0.7274761277568036,-1.1028627272108529,0.7698851028268334,0.6576354439300394,96.46288944857736,0.8326630733816835
PFDN6,3,-0.07869107493537536,0.22758228833674213,-0.3457697675442129,0.7295157473251761,-0.5247441635945999,0.36736201372384913,0.13620846567270453,89.54440553444527,0.83453704354794
MX1,3,-0.08356423861499004,0.24244683768880443,-0.3446703591252856,0.7303422041440049,-0.5587513086506749,0.39162283142069476,0.14380543835233706,82.09240784908279,0.8345672976246592
SNAP23,3,0.10373531405563681,0.30097519198429995,0.3446640016132893,0.7303469841797283,-0.48616522247361943,0.6936358505848931,0.25820469167848,96.12309052681468,0.8345672976246592
ZBTB1,4,0.09772021807261365,0.2848854046999119,0.34301588098396485,0.7315865128728265,-0.46064491486033143,0.6560853510055588,0.3093548135566732,95.82752444701904,0.8355233632699571
NOXA1,3,-0.2003133441667143,0.5872720606173358,-0.34109122091751903,0.7330349100623333,-1.351345432103316,0.9507187437698873,0.9914160094034269,97.15056502124463,0.8361259236406058
PDZD11,3,-0.09562012392518496,0.28056938197796155,-0.3408074083176183,0.7332485729726493,-0.6455260077666508,0.45428575991628095,0.22494911724499914,96.06624140547214,0.8361259236406058
PLEKHH2,3,0.1078233342949153,0.3164686280793682,0.3407078134388535,0.7333235559798756,-0.5124437789774475,0.7280904475672781,0.2580644873021557,86.90855868769488,0.8361259236406058
DAPK1,3,-0.13837693419789301,0.40764991930015854,-0.33945041479575044,0.7342704450839577,-0.9373560943268631,0.6606022259310771,0.4791031745018503,96.86040827100327,0.8367455511561144
CRY1,3,0.1036139745780521,0.3078237925500281,0.33660157884388536,0.7364172658482393,-0.49970957240453195,0.7069375215606362,0.26258980727443443,95.18245545258667,0.8387311418831676
BAZ1A,3,0.14901160223658647,0.4462368409436341,0.3339294037701578,0.7384328311111914,-0.7255965345878648,1.0236197390610378,0.5666263201710291,96.4459486754863,0.8405651436468776
KHDRBS2,3,-0.1578799187619577,0.4746362283409184,-0.33263351875566655,0.7394109385000198,-1.088149832068087,0.7723899945441716,0.635874056605997,94.30518012682063,0.8409695660158808
TMEM160,3,0.22384994896907268,0.6734672386002448,0.33238431825478154,0.7395990783090486,-1.0961215834550504,1.5438214813931956,1.3443119008531075,98.83209561212861,0.8409695660158808
SLC1A6,3,-0.18238050570249856,0.5517563295513562,-0.33054538015140794,0.7409879092395972,-1.2638030398651698,0.8990420284601728,0.8722253869205124,96.57993575499401,0.8420870815139313
CHCHD6,4,-0.13236227509345747,0.4012666442300374,-0.32986114594059573,0.7415048828373316,-0.9188304459815777,0.6541058957946628,0.6239757073064912,97.81420497534566,0.842213103507462
FOSL2,3,0.11273530081295942,0.34411799562268575,0.3276065252238945,0.7432091875822546,-0.5617235770396165,0.7871941786655354,0.30443945470185724,86.72180679021704,0.8436868391054166
PSEN2,3,-0.08908406607224942,0.27278441771234596,-0.32657314820009076,0.7439907555437706,-0.6237317003321774,0.4455635681876786,0.21064482800764797,96.30195815812593,0.8441120497799672
GLTP,3,0.10855932538904949,0.3336558201108746,0.32536320017728143,0.7449062036224257,-0.5453940652604398,0.7625127160385387,0.3068027934589313,92.52929589713672,0.8446886092470808
INPP4A,3,-0.10477312972590419,0.32260189364752057,-0.3247753091008846,0.7453511328858065,-0.7370612226194653,0.527514963167657,0.29856294413747536,96.10467020911109,0.8447312839372473
AZIN2,3,-0.07747568349692172,0.24002505565257065,-0.3227816499668498,0.7468606109803165,-0.5479161479631822,0.39296478096933884,0.15832419734305994,92.61622793190033,0.8457211051464744
PLEKHF2,3,0.09218695235226683,0.2860690373229781,0.32225421253187136,0.7472601174584272,-0.46849805789281473,0.6528719625973484,0.22137548541103114,93.60189819799503,0.8457211051464744
POLN,3,0.13166649394534635,0.40889399007188315,0.3220064298871194,0.7474478234009101,-0.669751000090423,0.9330839879811157,0.4806317774026961,96.16609285339885,0.8457211051464744
RASSF8,3,0.12022491169340732,0.3753197292987693,0.3203266503416439,0.7487207225972621,-0.6153882404195029,0.8558380638063176,0.4080883485225831,96.7062285622407,0.8466994431116258
NDUFS2,3,-0.08259005762418838,0.259131055302499,-0.31871925782024124,0.7499394100312291,-0.5904775932929434,0.42529747804456663,0.18101773250657827,90.13444676427349,0.8476154421824356
SEZ6L,3,-0.10243645244753563,0.32303779916781944,-0.3171036105106681,0.7511649853685403,-0.7355789044615447,0.5307059995664735,0.2836028739518934,92.00294980555587,0.8481857806238583
SPAG7,3,-0.0990153618618699,0.3125622821068025,-0.316786021635318,0.7514059714881571,-0.7116261777168509,0.5135954539931111,0.285775029517834,97.9188815723404,0.8481857806238583
DAB2,3,0.1108345599850073,0.35025800787480094,0.31643690506178207,0.7516709087688773,-0.5756585207463492,0.7973276407163636,0.3547239753723765,96.876916963473093,0.8481857806238583
MCM8,3,0.13225304672171112,0.4192518265840923,0.31545013840311603,0.7524199035780348,-0.6894654338357421,0.9539715272791643,0.5105351144870935,97.25888520433985,0.8485692659167179
BMI1,3,0.10373642369034695,0.33039389691102744,0.3139780264109491,0.7535377278573212,-0.5438237149671061,0.7512965623478001,0.31844224956230266,97.43761166357852,0.8493680693348284
TUBD1,3,0.11145541808349639,0.3573783243744004,0.3118695524654492,0.7551396628492445,-0.5889932265456014,0.8119040627125941,0.3564369142729607,94.74444247773515,0.8507113855238094
ENPP1,3,0.09313481297943682,0.30106764291013,0.3093484642826196,0.7570564684616354,-0.4969469240347837,0.6832165499936573,0.23774069565918157,88.15114318242611,0.8524077717640781
KIF5B,3,0.1695292728797388,0.5502777739623635,0.3080794480558719,0.7580218792401209,-0.9089953455793662,1.248053891338844,0.8734671385798404,97.28516576737678,0.853031675281612
BCL2,3,0.06779824967478516,0.22208534142316189,0.30528016500468724,0.760152781382216,-0.3674810210088935,0.5030775203584639,0.13778953063671012,93.36231037554516,0.8549657638756594
ASS1,3,-0.11785904315191587,0.3883047650850201,-0.3035220109289939,0.7614920758481445,-0.8789223977438414,0.6432043114400097,0.4356515327568327,97.54248202160116,0.8555061172351717
CEP135,3,0.10560744386764362,0.34842576527953645,0.30309883593974873,0.7618145412385029,-0.5772945073660541,0.7885093951013414,0.34903573137808513,96.00841732005975,0.8555061172351717
RASGRP3,3,0.13072202524299234,0.4316929509901349,0.30281250815693683,0.7620327505666529,-0.7153806110774865,0.9768246615634713,0.5313579053464488,95.218953907117,0.8555061172351717
VSX1,3,0.10444081588341535,0.3455434332245545,0.30225090637316077,0.7624608001113036,-0.5728118683310325,0.7816935000978632,0.32654359072166556,92.94043273169898,0.8555061172351717
MRPL28,3,-0.10134849078810397,0.336594529655806,-0.3010996372749749,0.7633385176121672,-0.7610616463066827,0.5583646647304749,0.329511091599699,97.14261128298313,0.8555061172351717
BLM,3,0.09509016299080626,0.3158842652169079,0.3010284887900662,0.7633927705905578,-0.5240316201172316,0.7142119460988442,0.2781589149591121,93.40797482304237,0.8555061172351717
ZIC4,3,0.18982227642574567,0.630930583205948,0.3008607943225729,0.7635206475420938,-1.0467789434027641,1.4264234962542552,1.064141440584007,90.41389340217276,0.8555061172351717
ITGB1,3,0.13760644623265755,0.4601563446749089,0.2990428097430097,0.7649073817525657,-0.7642834165877632,1.0394963090530784,0.6107441614527608,97.55192252296341,0.8565971434961237
BLVRA,3,-0.08811735996540447,0.29667207171236226,-0.2970193973999631,0.766451700059183,-0.6695839357405187,0.4933492158097097,0.25157489084959045,96.0173575347348,0.8573391193877385
GABPB2,3,0.07903737555961883,0.26681362254792607,0.296226912272524,0.7670567976271734,-0.44390771521898026,0.601982466338218,0.20245710759940616,96.0811828160047,0.8573391193877385
HINT1,3,-0.10369705156936213,0.3503583668906895,-0.2959742405744094,0.7672497535684701,-0.790386832357384,0.5829927292186597,0.35751705911903664,97.79056357737838,0.8573391193877385
PPDPF,3,0.21035973161471,0.7120763724264867,0.2954173734172413,0.7676750631559648,-1.1852843125831343,1.606003775812554,1.502920294609655,98.89123965148397,0.8573391193877385
NIPBL,3,0.08528924322135972,0.2887732537708871,0.295350217195074,0.7677263587279983,-0.4806959338680243,0.6512744203107437,0.2427431486030513,97.67306047835669,0.8573391193877385
JAKMIP1,3,-0.13377473610528134,0.45358701063645057,-0.2949262941140562,0.7680501850638468,-1.022788940807911,0.7552394685973481,0.5983431545134626,97.01665274547787,0.8573391193877385
MIEF2,3,0.10570382572755611,0.3661870924775309,0.2886607089627062,0.7728410329676672,-0.6120096871318426,0.8234173385869548,0.37886774578547744,94.94456464800813,0.8622228630311682
ITSN2,3,0.08695200976294269,0.3018151253660299,0.28809692575045937,0.7732725458074415,-0.5045947659439171,0.6784987854698025,0.2615663070843687,97.66382940379259,0.8622404623680826
HSP90AA1,3,0.1536220328023712,0.5351833090035484,0.28704563505240527,0.7740773780883055,-0.8953179779715543,1.2025620435762967,0.8024583329251614,96.78104620416991,0.8625552079326547
TUBA1B,3,-0.12217445827207832,0.42622692311863225,-0.28664181365679087,0.7743865945856331,-0.9575638768259199,0.7132149602817633,0.5275811682562306,97.44677199595267,0.8625552079326547
SLC25A11,3,-0.08031539784907618,0.2816795386498679,-0.2851303940429606,0.7755442450374981,-0.6323971487846753,0.47176635308652304,0.23227927166189233,97.93953246280384,0.8633809791775475
STX1B,3,-0.14190361505463944,0.4988696645893119,-0.28445027855413857,0.7760653328022961,-1.1196701906292674,0.8358629605199885,0.7179891548806323,97.01105515769164,0.863497585961353
ZNF28,3,0.0827972268605677,0.2923094277036253,0.28325198920548134,0.7769836778006152,-0.4901187237800525,0.6557131775011878,0.2445437833437319,95.62561278249103,0.8640558433021318
MIR124-2HG,3,-0.12166097880020053,0.4373066740885009,-0.27820517272869044,0.7808548642863199,-0.9787663102126575,0.7354443526122564,0.49835716955712017,87.53717828488662,0.8678954922453522
NBPF11,3,-0.09305228377906581,0.3367964711847933,-0.2762863976921241,0.7823281025430023,-0.7531612374214427,0.567056669863311,0.3120571601190889,91.78901525486638,0.8682011455358776
ASMTL,3,-0.09500545269034508,0.34392730468301863,-0.27623701694143493,0.7823660274877325,-0.7690905831689954,0.5790796777883052,0.3415009391737408,97.1720760392735,0.8682011455358776
CCDC71,3,-0.09801906928014746,0.3553907104779601,-0.2758065036317999,0.7826966882208403,-0.7945720622570508,0.5985339236967558,0.3628506554557049,96.10232080649848,0.8682011455358776
BSCL2,3,0.10178278453209111,0.3698293333268745,0.27521555312144524,0.7831506385321537,-0.6230693892150416,0.8266349582792238,0.3945291654123337,96.69572421306272,0.8682011455358776
ZNF81,3,0.0986938965534228,0.3587284536733396,0.27512146177089725,0.7832229234800516,-0.6044009528760681,0.8017887459829136,0.3788904683830972,98.22251769133773,0.8682011455358776
CCNG1,3,0.06270934686926213,0.22999354741600814,0.2726569835276057,0.7851169043212923,-0.388069722742719,0.5134884164812432,0.14546255996406926,92.29092138674845,0.869835715578184
QSOX1,3,-0.08776878506715954,0.3248547104161303,-0.27017858215671264,0.7870228691415005,-0.7244723176909637,0.5489347475566445,0.3025956962262266,96.19003999110004,0.8701486969860799
SLC45A1,3,-0.09970479532284138,0.3696302298350469,-0.269741994228492,0.787358750888851,-0.8241667333967958,0.624757142751113,0.39631962428069034,97.13923136519186,0.8701486969860799
SND1,3,-0.06915075576592027,0.2566191472603565,-0.2694684184877382,0.7875692420528095,-0.5721150421395994,0.4338135306077589,0.1899641350299661,96.71216360569152,0.8701486969860799
GPRASP2,3,-0.10179254322688144,0.3779878063339672,-0.2693011296161858,0.7876979629735736,-0.8426350302367581,0.6390499437829952,0.3755444812561463,91.73279884333381,0.8701486969860799
CHRM4,3,-0.16340449577561555,0.6072788908558686,-0.26907652848812413,0.7878707920999165,-1.3536492504245483,1.0268402588733172,1.0760468523331403,97.40311421644556,0.8701486969860799
RHOBTB2,3,-0.10938816309115021,0.406621960544129,-0.26901686014392906,0.7879167082641552,-0.9063525610807098,0.6875762348984095,0.47435955520014905,97.14852716733769,0.8701486969860799
ZNF586,3,0.0945626151116622,0.3541867131022746,0.2669852132040774,0.7894805461363069,-0.5996305863714169,0.7887558165947413,0.3668095885938449,97.93235632694565,0.8709625584897563
NMRAL1,3,-0.10017909271504596,0.37524710134298356,-0.26696833195116465,0.7894935438576384,-0.8356498966503454,0.6352917112202534,0.40403161001626914,96.29651201939295,0.8709625584897563
MRPL12,3,0.12342727795603513,0.4673936347361872,0.2640756501224105,0.7917216264680922,-0.7926474127301609,1.039501968642231,0.6468009802471888,98.80470964254063,0.8724117842159302
SNURF,3,-0.07795890854382487,0.2958860449451667,-0.2634761249327326,0.7921836231760374,-0.6578849001643512,0.5019670830767016,0.2496974397152861,95.36671925505463,0.8724117842159302
CPM,3,0.16991872241121544,0.64507794015363,0.26340805015088264,0.7922360865146977,-1.0944108075111834,1.4342482523336144,1.2082438514435248,97.92272204653965,0.8724117842159302
CYP20A1,4,0.09276635428128144,0.35261801648489,0.26307888407413965,0.7924897789116743,-0.5983522583290539,0.7838849668916168,0.47687346229502786,96.24280686586943,0.8724117842159302
PHYHIP,3,-0.12738178462178262,0.4857885340779102,-0.2622165318569526,0.7931545086178096,-1.079509815516995,0.82474624627343,0.6804740309831303,96.38760951883289,0.8726803452908949
VWA7,4,0.12047792557597206,0.4658583062191116,0.25861495645267407,0.7959323421687556,-0.7925875765123185,1.0335434276642625,0.8056557701631705,93.60913369359334,0.8752723635514311
MRPL9,3,-0.06175101005355651,0.24093252627669018,-0.2563000148126153,0.7977191858166294,-0.5339700842601194,0.4104680641530064,0.1511973313834601,87.3754865831893,0.8767724384651242
ZC3HAV1,3,0.07110989014307913,0.27950404915303073,0.2544145258666571,0.7991753300644459,-0.47670797972997403,0.6189277600161323,0.2228427195303407,95.3886306152638,0.8779076454203711
TMX1,3,0.09686153504472012,0.38357000486750154,0.2525263545520966,0.8006342460416402,-0.6549218600454361,0.8486449301348762,0.42272754576258736,96.93603209083558,0.8787506739610036
RIMS3,3,-0.06848139259139087,0.27180854331685594,-0.2519471675015009,0.8010819008533687,-0.6012163481827236,0.4642535629999419,0.20183286828379515,91.12620277622575,0.8787506739610036
MAT2A,3,0.08731190557789507,0.3467834281160151,0.25177646478736926,0.8012138497879739,-0.5923711239648293,0.7669949351206193,0.344005020837096,96.6110266555035,0.8787506739610036
CACNB1,3,-0.09924365605784019,0.396555800065404,-0.25026403860811497,0.8023831647529266,-0.8764787420464983,0.6779914299308178,0.45569833475922905,96.81665003515783,0.8792910077904209
LDHB,3,-0.050150276207521376,0.20056694944475373,-0.2500425735464222,0.8025544251433302,-0.44325427360830444,0.3429537211932617,0.10809770128834982,90.77628037713428,0.8792910077904209
IRAK3,3,0.1248963841066008,0.5028264340552754,0.24838865987875056,0.8038337068168011,-0.8606253171164434,1.110418085329645,0.73481341694171,96.95837820428295,0.8798001718984222
MAP1LC3A,3,-0.09753679101672748,0.392747311105566,-0.24834489825574058,0.8038675630412295,-0.8673073758085847,0.6722337937751297,0.4515884943035347,97.75878259595534,0.8798001718984222
EBF1,3,0.11588888377067993,0.46791554666622337,0.24767051361374526,0.8043893478984758,-0.8012087355014887,1.0329865030428487,0.6213421906285398,95.13710760354313,0.8798714604845337
RNF169,3,0.07024044422185956,0.28477345278923755,0.24665376471677264,0.8051761915032037,-0.48790526699816333,0.6283861554418825,0.2372946640789088,97.77955696340254,0.8798714604845337
DOLK,3,-0.06332876456726796,0.2567909741003929,-0.2466160066144282,0.8052054156218154,-0.5666298253589959,0.4399722962244599,0.16982294603124273,87.72465714106272,0.8798714604845337
PRMT7,3,-0.06624944813862743,0.2709488248151498,-0.24450908094480564,0.8068365697990947,-0.5972993864297734,0.46480049015251856,0.2023468641047182,94.11351838041014,0.8810547814833793
BTBD7,3,0.06394466112523822,0.26193953734106185,0.24411992849318592,0.80713793867812,-0.44944739819032753,0.577336720440804,0.2003764542819164,97.36922380655395,0.8810547814833793
DNA2,3,0.10986475609406031,0.45372935608203196,0.24213720056102633,0.8086738538150374,-0.7794284405552719,0.9991579527433926,0.6015834615957786,97.64917282361779,0.8821040364649392
ATP6V0C,3,-0.08908271812480632,0.3694271534563511,-0.24113744019991673,0.8094485956999966,-0.8131466338104061,0.6349811975607935,0.3909342550586998,96.3498292425789,0.8821040364649392
GNG3,3,-0.1441716211124042,0.6019613070879263,-0.23950313652193858,0.8107154646346897,-1.323994103091395,1.0356508608665866,1.024251912556772,94.6658339082694,0.8821040364649392
SLC22A17,4,-0.08355079300056245,0.34924745366316734,-0.23923092960083037,0.8109265205020472,-0.7680632238726918,0.6009616378715669,0.4689813121402158,96.9281772176203,0.8821040364649392
ZMAT5,3,0.08012207629063002,0.33513141250346334,0.23907659294636255,0.8110461916647049,-0.5767234223041944,0.7369675748854545,0.2891433048318375,92.19681632480084,0.8821040364649392
STXBP4,3,0.0885278721152808,0.3704828498203366,0.23895268609116957,0.8111422710484082,-0.6376051704223404,0.814660914652902,0.4010194028078915,97.7712894165987,0.8821040364649392
SLC16A4,3,0.07557261847199799,0.3163031134004759,0.23892467468796116,0.8111639919387396,-0.5443700919908232,0.6955153289348193,0.26171287909701324,89.31921327330546,0.8821040364649392
KCNF1,3,-0.11281428438280941,0.4753650607730083,-0.23732136349978694,0.8124074897742458,-1.0445126830065996,0.8188841142409807,0.6485386045540832,97.17434701313657,0.8821040364649392
RAB27A,3,0.07369130908305531,0.31071606228298176,0.23716607548901555,0.8125279534042789,-0.5353009824096931,0.6826836005758038,0.2699519931623924,94.75166906281535,0.8821040364649392
GLUD2,3,-0.11189440342428161,0.4719168242886367,-0.23710619682387943,0.812574405061431,-1.0368343827285265,0.8130455758799632,0.6463654669851167,98.11027472422582,0.8821040364649392
MDH2,3,-0.10273073927371237,0.4342823748030982,-0.2365528633767144,0.8130036919015792,-0.9539085530083098,0.7484470744608851,0.554459789320904,98.4183735552837,0.8821040364649392
SYT2,3,0.14884904353876363,0.6299260687723299,0.23629605269211548,0.8132029497208119,-1.085783364177904,1.3834814512554314,1.0589876102584908,89.82250742693341,0.8821040364649392
TRAP1,3,-0.06899899084885867,0.2931222302050383,-0.23539323783322078,0.8139035340693418,-0.6435080051187925,0.5055100234210752,0.2508136918496833,97.49612162379668,0.8821101960486623
POP7,4,-0.08268228212746287,0.35184447331507473,-0.23499667722056658,0.8142113122115071,-0.7722847779844734,0.6069202137295476,0.4768587468096832,96.84022679204638,0.8821101960486623
CBR3,3,-0.07751957135824132,0.3303701361134357,-0.2346446088323923,0.8144845831403994,-0.7250331397081706,0.5699939969916881,0.3088969517398614,94.62080373019279,0.8821101960486623
RCOR2,3,-0.07911575709328364,0.33909332049360524,-0.23331558692491447,0.81551635595142,-0.7437264526588477,0.5854949384722804,0.32705803627046426,94.97921598314826,0.8824482302735953
GPSM2,3,0.08699407589278882,0.3731305603006477,0.23314647779772815,0.8156476651082364,-0.6443283838277314,0.8183165356133091,0.39567785427030244,96.89450591414497,0.8824482302735953
SLCO2A1,3,-0.076494076793825,0.3303708794537907,-0.2315400101858079,0.8168953061388408,-0.7240091020640784,0.5710209484764284,0.24647905062085132,79.14012156916404,0.8833372601313637
POLR2G,3,-0.06304569085055274,0.2739605234227653,-0.23012691778684868,0.8179931487793349,-0.5999984499449146,0.47390706824380907,0.20973450899846305,94.01701073691686,0.8840037193940128
TIAM2,3,-0.08248146541148825,0.35916231822729283,-0.22964955181988372,0.8183640989568488,-0.7864266737408959,0.6214637429179194,0.35768611672491296,92.48629919257297,0.8840037193940128
PCF11,3,0.05152757033699015,0.22973886933785542,0.22428755954750254,0.822533555688348,-0.3987523394141598,0.50180748008814,0.1508425443992987,95.47013518302357,0.888045077822818
IMP3,3,0.08404554736450406,0.3764287402898926,0.2232708036580297,0.8233247490441074,-0.6537412263494669,0.821832321078475,0.4144984256624131,97.77019133354672,0.888115703277007
ZFAND4,3,0.061395098207332896,0.2751873251250866,0.22310292881194912,0.8234553989400599,-0.4779621480397511,0.6007523444544169,0.2116033690674065,95.18729977723122,0.888115703277007
PEMT,3,-0.06725626698298554,0.30266655933366055,-0.22221241464882818,0.8241485302099191,-0.6604718226016155,0.5259592886356443,0.2607382743631395,95.72013936259748,0.8884012742491538
ZNF577,3,0.06911820504960554,0.31262102637614697,0.22109263043120528,0.8250203083457873,-0.5436077474575888,0.6818441575567998,0.27673549788342244,95.13742509829072,0.888879023121643
MTHFD2L,3,0.08549625028343737,0.3880892425482827,0.22030048996475513,0.8256371385987868,-0.67514468789862625,0.8461371884655009,0.4383072497411647,97.39064877965195,0.889081736995786
HSD17B8,3,-0.13209956244796453,0.6044354770239723,-0.21855031259643515,0.8270003618163786,-1.3167713283932374,1.0525722034973082,1.0616564987581378,97.14869205991872,0.8900875715657338
SIRT1,3,0.06806159313887239,0.312901364078001,0.21751772587960272,0.8278048944237391,-0.5452138111674646,0.6813369974452094,0.28523257700979876,97.53821576133767,0.8904913646446239
ZNF704,3,0.07461287847052961,0.34611250658696785,0.21557406060327264,0.8293197770228796,-0.6037551690388094,0.7529809259798688,0.34865797892150957,97.72993822886795,0.8916584849898664
LIMCH1,3,0.05169644339617795,0.24105800547287037,0.21445644708943748,0.8301911270094802,-0.4207685655157072,0.5241614523080631,0.16517782647573667,94.8509118749681,0.8921328484029335
TUBG1,4,-0.07170502672036473,0.33700671391980824,-0.2127703210608058,0.8315061140391835,-0.7322260485513821,0.5888159951106526,0.44212018476270176,97.91879024284073,0.8930503000142113
CKLF,3,0.0568835663440235,0.2679930615759878,0.2122576084974294,0.8319060653941447,-0.4683731824515376,0.5821403151395845,0.19962715584792654,93.0853119204632,0.8930503000142113
NDUFA7,3,0.09295201570805754,0.44644937048431754,0.20820281504086627,0.8350706106694351,-0.7820726713617842,0.9679767027778993,0.5841320339778573,97.93156264705235,0.8959836764244223
CBLB,3,0.058195830973934125,0.28303315890615116,0.20561488695828337,0.8370917478857732,-0.49653896691272414,0.6129306288605924,0.23370167720275467,97.99594535051342,0.8976878413211447
IFI6,3,0.0957094796368741,0.47006095357031513,0.20361078475018915,0.8386576646818763,-0.825593059899498,1.0170120191732461,0.6406406085923381,96.8528297293677,0.8984790649999881
PGAM1,3,-0.09403427746222462,0.46194472106941087,-0.20356175354603787,0.8386959835294006,-0.9994292936066709,0.8113607386822217,0.627792900285022,98.66719805673092,0.8984790649999881
RNF181,3,-0.06418811038585745,0.3168201340213203,-0.20260110862000308,0.8394468234195718,-0.6851441626447983,0.5567679418730833,0.2931592482600217,97.91622832069658,0.8988191594074301
PM20D2,3,0.08669422192371373,0.43281073354791477,0.20030515697484697,0.8412419295971306,-0.7615992279525607,0.9349876717999883,0.5420403925921343,96.77231220153608,0.9002764509723679
CCDC106,3,0.09348875398894951,0.4730479022444503,0.19763062798794243,0.8433340697427472,-0.8336680973723972,1.0206456053502961,0.6580574059660677,98.37541388963062,0.9020499539177192
LSM4,3,0.08416119915588541,0.4274008622322945,0.1969139667063736,0.8438948638149838,-0.7535290977807771,0.9218514960925479,0.5392473180621752,98.46712434163528,0.9021845090475651
XPO1,3,-0.0792323070480886,0.40368775801678675,-0.19627126529012517,0.8443978509324856,-0.870445773760711,0.7119811596645338,0.48020511150493855,98.3458976372239,0.9022571575651598
SLC39A3,3,0.07814294678953305,0.403290413099516,0.19376346238672051,0.8463610975526119,-0.7122917381957987,0.8685776317748648,0.47930009072432606,98.43299764261194,0.9038892463049006
HINT2,3,-0.08254754350766544,0.43060378792697424,-0.1917018517302607,0.8479757554203957,-0.9265154594510582,0.7614203724357272,0.5474820510794607,98.49522275540915,0.9051475639433354
SDHAF1,3,-0.06518306562760029,0.3424510916296481,-0.19034270066831638,0.8490405949420075,-0.7363748716881364,0.606008740432936,0.34108182362989,97.59317942733668,0.9058180009823681
IKBIP,3,-0.08797197602074464,0.46666656392785427,-0.18851141868896554,0.8504757651642156,-1.0026216341083976,0.8266776820669084,0.6368046754307327,97.63177524478859,0.9068826411056983
DCTN3,3,-0.05388126283423432,0.2887793260419298,-0.18658282631496598,0.8519877328915465,-0.6198783413561664,0.5121158156876977,0.24139510840472028,97.57224221931101,0.907587664605206
THAP2,3,0.07799913271713466,0.4181100151472095,0.18655169666211527,0.8520121422306345,-0.7414814385468924,0.8974797039811617,0.5029614002219447,96.5364271652093,0.907587664605206
HMGN5,3,0.09655679646223686,0.5212030804637667,0.18525753220092364,0.8530270457978926,-0.9249824698780775,1.1180960628025514,0.785562373540967,97.27843753914671,0.9078973494012907
NFYA,3,0.05528553691849803,0.29873642525547034,0.18506459957542679,0.8531783673978378,-0.5302270974524655,0.6407981712894616,0.2594714768218484,97.89508385614226,0.9078973494012907
UQCRC1,3,-0.06994733274953777,0.3802042900748908,-0.1839730233863481,0.8540346179027342,-0.8151340480639432,0.6752393825648676,0.4259700704028682,98.37612351029128,0.9079638268811734
NDUFA2,3,0.0843449103546749,0.4587234199365265,0.18386876860646376,0.8541164060969958,-0.81473647158596,0.9834262922953096,0.6230904602164393,98.74542083731205,0.9079638268811734
TMEM178A,3,-0.06882576658257847,0.37585268321492427,-0.18311899756538855,0.8547046499062296,-0.805483489176572,0.6678319560114151,0.3939993678374713,93.2400304349823,0.908123690525369
ZNF234,3,0.0569549668620135,0.31223985143070804,0.18240774392199224,0.8552627489866472,-0.5550238964803115,0.6689338302043385,0.284239930860492,97.23119873929303,0.9082513780841303
FBXO32,3,0.07420971886262703,0.4102726683948842,0.1808790216344628,0.8564625355465894,-0.7299099350324904,0.8783293727577445,0.48524549341964934,97.16462549046648,0.9087501363336018
BABAM1,3,-0.046962617698613825,0.25990313849453944,-0.18069276873930673,0.856608735068559,-0.5563634086168369,0.46243817321960917,0.19612346712875675,97.3989128157505,0.9087501363336018
GRAMD1B,3,-0.0410390695134893,0.22825639782783277,-0.17979373154063302,0.8573145049318038,-0.4884133884968881,0.4063352494699095,0.1444941702110592,92.60068220321445,0.9090338871311662
ARF1,3,0.06892454791453914,0.38763650648864234,0.17780716408494052,0.8588744208806423,-0.6908290438961266,0.828678139725205,0.43855317279206696,97.56453221524374,0.910222559482091
PPP4R2,4,0.05530992862319627,0.3144684328728755,0.17588388162812962,0.8603851685413237,-0.5610368740823912,0.6716567313287838,0.381195344451851,96.93798248306156,0.9113579364426483
PAWR,3,0.07879618123514408,0.46241405710346517,0.1704017860718136,0.8646941676029626,-0.8275187166326955,0.9851110791029837,0.6084599578287996,97.06095147703667,0.9151771094321348
PACSIN1,3,-0.08397375082650785,0.49479767064135555,-0.16971331073095247,0.8652356054849071,-1.0537593649178763,0.8858118632648606,0.7114040354983302,97.1241678734822,0.9151771094321348
SMAD5,3,0.04943568233835961,0.2918156749084883,0.16940722034161582,0.8654763445790308,-0.5225125306065261,0.6213838952832453,0.24548820486487724,96.5175850513711,0.9151771094321348
PEX14,3,0.0724778535604928,0.4298638375054911,0.16860653824960783,0.8661061374179448,-0.7700397862064479,0.9149954933274334,0.54702772258771,98.83951256611466,0.9151771094321348
USP53,3,0.04924200139913661,0.29446175706999556,0.16722715332922317,0.8671913199733904,-0.5278924372824373,0.6263764400807105,0.2491874465829928,96.38471837581076,0.9151771094321348
MPV17L2,3,-0.08259221689570356,0.49402873768317995,-0.16718099696594949,0.8672276362081469,-1.050870750082522,0.8856863162911148,0.719297228520588,98.43205996376909,0.9151771094321348
SHROOM2,3,-0.04514255322305696,0.2705626260939651,-0.16684696580147462,0.8674904632297573,-0.5754355559298054,0.48515044948369157,0.2056017309539754,93.91592425881662,0.9151771094321348
EIF3K,3,-0.05325963550138807,0.3194608169132302,-0.1667172707313714,0.8675925156484253,-0.6793913311230633,0.5728720601202872,0.30231397051645725,98.8336141704512,0.9151771094321348
MICA,3,0.08740071656830543,0.5257261394325825,0.16624761451396966,0.8679620898037652,-0.943003582450839,1.11780501558745,0.7328793029328985,92.25680851086402,0.9151771094321348
TUBA8,3,-0.08282496469083733,0.5228687686894753,-0.15840488025022195,0.8741377684483477,-1.107628919963013,0.9419789905813384,0.782544260084744,95.49309810307564,0.9212203921554234
METTL21A,3,0.044624258118250444,0.2928866521985411,0.15236016316646855,0.8789028753847999,-0.5294230317433991,0.6186715479799,0.24154384578487195,93.88022535026113,0.9257717438029838
MRPL20,3,-0.043849037890515134,0.2901690551413864,-0.15111548634691407,0.8798846164505384,-0.6125699353956494,0.5248718596146192,0.24712755138993273,98.00854369889373,0.926311358891406
TUBG2,3,0.06296025927361522,0.41812324080173546,0.1505782341897363,0.8803084321962205,-0.7565462337969546,0.8824667523441851,0.5139912403650067,98.30948692933823,0.926311358891406
ABCC8,4,0.046748188797839325,0.32163710097318154,0.1453445160909383,0.884438869102393,-0.5836489452014691,0.6771453227971479,0.3816579208867339,93.69939196364423,0.9301857071594133
GLRX5,3,-0.03226189743665736,0.2262675394049572,-0.14258296846953977,0.8866195492263427,-0.4757381255408709,0.4112143306675562,0.14323859544268647,93.59571780997956,0.9319284114598654
MIDN,4,0.04102765423353529,0.28870716279780484,0.14210819654055096,0.8869945439834978,-0.5248279869289043,0.6068832953959749,0.29819161874052075,90.3153518133561,0.9319284114598654
UBXN2A,3,0.05505773422569963,0.39184935746120714,0.14050739953337887,0.8882591065062182,-0.7129528937634279,0.823068362214827,0.44269111267309685,96.37384594814218,0.9327844996931123
PRPF38B,3,0.0425214374953606,0.31755926728590833,0.13390079231124202,0.8934810237551218,-0.5798832893419482,0.6649261643326695,0.2956862825342488,97.99993058011539,0.9377933417348798
PURA,3,-0.05841782591257784,0.44476081260429884,-0.131346612059889,0.8955011200648034,-0.9301330003517716,0.813297348526616,0.5796009759822544,98.04610590600525,0.939438200816592
OPRL1,3,0.06152642349015462,0.4751226788388701,0.12949586755259956,0.8969652946369133,-0.8696969152722216,0.9927497622525308,0.6579250019221153,97.94668602349824,0.940498493972173
OTUD4,3,0.040720015375553455,0.3250812745097972,0.12526103029759794,0.9003169024550268,-0.5964275747120277,0.6778676054631346,0.3084966611831866,97.69247498662953,0.9435357532550407
NUP160,3,0.035913419543110524,0.289927037508492,0.12387054291912535,0.9014177766293542,-0.5323331321179271,0.6041599712041482,0.2441019908671935,97.58696895853554,0.9442014270795182
SLC22A3,3,0.040602122803994264,0.3322731551438944,0.12219501387769677,0.902744575213417,-0.6106412943075284,0.6918455399155169,0.29684034052995045,90.11568340689531,0.9442014270795182
NDUFS5,3,0.05021429697444372,0.41351141257187435,0.1214338841632714,0.9033473797782938,-0.7602531788627133,0.8606817728116006,0.49919646747084034,97.36646974468842,0.9442014270795182
UROD,3,-0.03569682516824701,0.294524370760023,-0.12120160065576577,0.9035313563254823,-0.6129539844272138,0.5415603340907198,0.25467863794290474,98.10547656386451,0.9442014270795182
SLC32A1,3,-0.07616862342169331,0.6309565595302734,-0.12071928292242237,0.9039133851330516,-1.3128207559103318,1.160483509066945,1.1184632287157628,93.98954779071425,0.9442014270795182
CHORDC1,3,-0.08832606522771427,0.7318094016661364,-0.12069545024513102,0.9039322628295839,-1.5226461360411476,1.3459940055857191,1.5686433051609119,97.83593087504232,0.9442014270795182
PAPOLA,3,0.05348582289444765,0.4453878059177443,0.12008820669043101,0.9044132744794671,-0.8194582358576465,0.9264298816465419,0.5840533645814505,98.54054026872267,0.9442014270795182
ACTR1B,3,-0.051974593749272775,0.4336278945244828,-0.11985989463677889,0.9045941348153339,-0.9018696497091924,0.7979204622106467,0.553343254998539,98.42145648077933,0.9442014270795182
POLR3K,3,-0.039092074620981375,0.3322793177056512,-0.1176482330916876,0.9063463858133871,-0.6903475701316001,0.6121634208896373,0.31965949659052684,96.80871327469617,0.9455545292640668
SRSF2,3,-0.03748083587721233,0.3207881624747397,-0.11683983469983478,0.9069869763952361,-0.6662140809944852,0.5912524092400606,0.29683366522037147,96.44960551654664,0.9457471035916137
LRRTM1,3,-0.054571613758813635,0.47370555358663025,-0.11520154945541228,0.9082853705673534,-0.9830174380652174,0.8738742105475902,0.6513045573266381,97.09316012441742,0.9466250545511009
PPP2R1A,3,-0.043326772411212626,0.38191063204389625,-0.11344741092788616,0.9096758538142119,-0.7918578565301779,0.7052043117077527,0.42638690416988656,97.8081984860476,0.9467844614287404
SOAT1,3,-0.043286688757123465,0.38176895566974484,-0.11338451729576798,0.909725713958758,-0.7915400922852918,0.7049667147710448,0.4282242617543092,98.1578590541009,0.9467844614287404
CD101,3,-0.047259540059827604,0.4172369288627428,-0.11326787441524487,0.9098181858016731,-0.8650288936509039,0.7705098135312487,0.43392487273310437,85.19484180008529,0.9467844614287404
ZNF846,3,0.04012470722941294,0.3561081449380921,0.11267562340195407,0.9102877278614643,-0.657834431450617,0.738083845909443,0.3696290903727976,97.81431859038193,0.9467844614287404
CLIP3,3,-0.04746208554951494,0.4232796913618006,-0.11212937100009948,0.9107208295806833,-0.8770750360058739,0.782150864906844,0.5226483518361454,98.00898241069235,0.9467844614287404
HDDC3,3,-0.030156697415887373,0.27052797410409357,-0.11147348999953587,0.9112408864765058,-0.560381783470495,0.5000683886387204,0.211208296765955,96.29460707656476,0.9468505002766899
ZNF761,3,0.03754105833699161,0.3417082356942512,0.10986290178438093,0.9125181044816357,-0.6321947768444648,0.707276893518448,0.33777589738554253,96.6285642582736,0.9473376017008961
DNAL4,3,-0.052880504169842316,0.48191306527544303,-0.10973038080969613,0.9126232054958487,-0.9974127557890108,0.8916517474493261,0.6793675534060952,98.18776292243828,0.9473376017008961
ALDOA,3,-0.04768253752171128,0.4386566258671864,-0.10870128184533177,0.9134394251162001,-0.9074337258012576,0.8120686507578351,0.5613370841006459,97.81922918246823,0.947710539115057
MKLN1,3,-0.03658795437543573,0.3388847365499097,-0.10796577841754519,0.9140228383544466,-0.7007898329236031,0.6276139241727317,0.3375365152699431,98.30796411834167,0.9478416833735611
CHCHD2,3,-0.0474802231504389,0.4423611327143063,-0.10733362323019333,0.9145243111277797,-0.9144921114308222,0.8195316651299445,0.5799583189905207,98.91628757007116,0.9478877667561295
PTRH1,3,-0.053802110505183985,0.5096760988144877,-0.1055613763924349,0.9159303706463058,-1.0527489079624575,0.9451446869520895,0.7576225871300514,97.40381768044591,0.9488709234367823
CCDC50,3,0.03211127059317104,0.31006566706052946,0.10356280621969809,0.9175163052335928,-0.5756062696878541,0.6398288108741961,0.2769195937854984,96.94907853738181,0.9493521351293588
PRDX2,3,-0.044673336530548724,0.43150296485374373,-0.10352961664050346,0.9175426451016039,-0.8904036068661391,0.8010569338050416,0.5486102357720493,98.44392671587818,0.9493521351293588
HNRNPH3,3,0.03698342573683365,0.35820845246741484,0.10324554175671755,0.9177680959182084,-0.6650922400571272,0.7390590915307945,0.37787526862417803,98.39362562587198,0.9493521351293588
PIGZ,3,-0.04650273661862421,0.4579915149711411,-0.10153624051649611,0.9191247904298839,-0.9441496111869977,0.8511441379497492,0.6093371471624842,97.76808092365582,0.9502815629868291
ZNF808,3,-0.03179338152345864,0.3234667559465785,-0.09828948706156812,0.9217024258696148,-0.6657765733747598,0.6021898103278425,0.3020529319762924,96.36703513566982,0.9524717644512113
ZBTB44,3,-0.03773095033823201,0.39028532334555593,-0.09667529902175001,0.9229842564534465,-0.8026761277900911,0.727214227113627,0.44873350946428586,98.4691626408786,0.9533213883886693
AP2S1,3,-0.04128818281216186,0.45567837667806443,-0.09060816778965101,0.9278039416747033,-0.9344013896348445,0.8518250240105208,0.605808602204644,97.66917752786998,0.9578224863281904
IDH3G,3,-0.0398489185992381,0.4567470589377832,-0.08724504694548281,0.9304767335562298,-0.9350567041618866,0.8553588669634103,0.6114222994811431,97.88727449805964,0.9601038534306571
FBXW9,3,0.0379476121825735,0.4487538444024263,0.08456219964668078,0.9326094516976319,-0.8415937607700733,0.9174889851352203,0.5897305001137335,98.07058697655155,0.9618259586379355
PAG1,3,-0.030156821603857114,0.3596606723617904,-0.08384798205993932,0.9331772981414831,-0.7350787860884266,0.6747651428807123,0.37959860570793574,98.15428297449562,0.961933258620992
GABRE,3,-0.05463762063366099,0.6661077902621084,-0.08202519386864023,0.9346266791478279,-1.3601848993689534,1.2509096581016315,1.2897742490898971,97.0955454790317,0.9625704292688727
TPT1,3,0.02714004983255961,0.3313671767305858,0.08190325336484823,0.9347236473228109,-0.6223276822181075,0.6766077818832267,0.31738262780688214,96.4120554497297,0.9625704292688727
SEMA5A,4,0.02243408199910581,0.28334653693250306,0.07917542328900921,0.9368930925863285,-0.5329149255327484,0.57778308953096,0.2756496811340764,88.84264510020331,0.9630044363985787
MSANTD2,3,0.03381011457625374,0.42994459636222904,0.07863830563826568,0.9373203183731353,-0.8088658096413258,0.8764860387938332,0.5443694728605758,98.41905969452728,0.9630044363985787
TRPM7,3,-0.034138490871419264,0.4347148204213511,-0.07853077297509718,0.9374058525073466,-0.8861638824430645,0.817886900700226,0.5608179440982602,99.14681746315263,0.9630044363985787
ATM,3,0.036479512614877356,0.4645663041332003,0.07852380228682698,0.9374113971897742,-0.8740537119170764,0.9470127371468311,0.6267923507046854,97.5643650197402,0.9630044363985787
PNPT1,3,-0.036690845528883194,0.46767178442707064,-0.07845426376070976,0.937466710264576,-0.9533106995915217,0.8799290085337552,0.6432632209244353,98.55914137916501,0.9630044363985787
COA3,3,-0.026243345777255293,0.34335193760072225,-0.07643278777058542,0.93907478502269,-0.6992007774967148,0.6467140859422043,0.3454764710571477,97.83834075332412,0.9641787644242867
ELK4,3,-0.025833340750887016,0.3457048268603143,-0.07472658390542303,0.9404322559050649,-0.7034023506787581,0.651735669176984,0.34930103266907364,98.05093056246926,0.9644541796625631
CFL1,3,0.03289567738029276,0.44306394447042435,0.0742458911198734,0.9408147307570116,-0.8354936966299933,0.9012850513905788,0.5820924844174654,98.93912096212605,0.9644541796625631
NPIPB4,3,0.033412015188022406,0.4525170191136647,0.07383593053243787,0.9411409366119751,-0.8535050446661836,0.9203290750422284,0.5748105367814909,93.96663902349344,0.9644541796625631
FARSA,3,-0.02940749996204233,0.3987036508765915,-0.07375778951957646,0.9412031145790877,-0.810852296184793,0.7520372962607085,0.4688980915972363,98.59217733175474,0.9644541796625631
OTULIN,3,0.023719095859419663,0.3290142502659044,0.0720913937321871,0.9425291752124372,-0.6211369850622008,0.6685751767810402,0.31813350710257887,98.58609400524432,0.9653360540200467
HSPBP1,3,0.02444792675399217,0.34988815797211864,0.06987354729490541,0.9442943078558523,-0.6613202614884213,0.7102161149964057,0.3566448713675632,97.50653526735366,0.9666665323262772
RNF187,3,0.035527149109134515,0.5252288285636642,0.0676412778146434,0.9460711956822933,-0.9939024385178095,1.0649567367360784,0.8163385821667138,98.94555437998862,0.9680077256265792
TOX2,3,0.02942788010538427,0.46905623994778245,0.06273848975692195,0.949974747355913,-0.889905456916047,0.9487612171268155,0.6450562181782646,97.93295559660577,0.9713086662457057
KATNB1,3,0.02725870808736463,0.43674764927638576,0.06241294745953991,0.9502339844804902,-0.8287509548268823,0.8832683710016116,0.5593262700350661,98.2264885618484,0.9713086662457057
HPS6,3,0.02093750729231691,0.3397492625439063,0.061626350961133065,0.9508603917887329,-0.6449588110677825,0.6868338256524164,0.33915594034350355,97.95557932646834,0.9713408389996031
SLFN11,3,0.022468277299805814,0.3671453841830873,0.06119722123103523,0.9512021427233336,-0.6971234527891668,0.7420600073887784,0.38712863052529023,96.23656523153971,0.9713408389996031
EDF1,4,0.02626462726089261,0.43442965453811366,0.060457721949983376,0.9517910872187623,-0.8252018494499878,0.877731103971773,0.744755838816425,98.89708707958061,0.9714639344939532
PEF1,3,-0.018083118098576007,0.3115181346571492,-0.05804836408152589,0.9537101044804882,-0.6286474425576872,0.5924812063605353,0.28448381431741465,97.86411616184863,0.9721298104046767
LDOC1,3,0.02581582782857746,0.4469276938157066,0.057762873471033496,0.9539375114556181,-0.850146355743752,0.901778011400907,0.5880426728049514,98.25800279671608,0.9721298104046767
EXOC3,3,-0.017551583771473075,0.3078118804180669,-0.057020488447797064,0.9545288742709468,-0.620851783404434,0.585748615861488,0.27609784487974587,97.7023199214724,0.9721298104046767
CREBRF,3,-0.01798251053295646,0.31617615857889814,-0.05687497315984099,0.9546447905591778,-0.6376763941178215,0.6017113730519087,0.2919798683814212,97.78483502497232,0.9721298104046767
ABHD3,3,-0.021195413603867487,0.3738409499249886,-0.056696340002667864,0.9547870895826068,-0.7539102114030869,0.711519384195352,0.4040527164549168,96.69917493660519,0.9721298104046767
ZNF431,3,0.01716439077489982,0.3187076688709761,0.0538562213946868,0.9570497162788378,-0.6074911618089306,0.6418199433587303,0.29699950989497415,97.55493112676233,0.9739554031218399
CHST9,3,0.021025501408747475,0.40039261316082025,0.0525122110589549,0.9581205657419017,-0.7637296000623381,0.8057806028798331,0.4548322669432646,94.72736540497304,0.9741144711682156
PKP4,4,-0.016682099483290736,0.31786891295834946,-0.05248106626103636,0.9581453814769334,-0.6396937206865528,0.6063295217199715,0.37453972753841414,92.80707397392435,0.9741144711682156
BARD1,3,0.018042553445446013,0.3568486930040055,0.05056079453048043,0.959675504276506,-0.6813680327725951,0.7174531396634871,0.3624790431959628,96.23690472475674,0.9751920606905798
NPM3,3,-0.0203500068556621,0.4143777700406313,-0.04910979383297204,0.9608317984765579,-0.8325155121293201,0.7918154984179958,0.4890927683342963,95.68117569006877,0.9758889079531738
GCNT2,3,0.018679319307642845,0.400596974158918,0.046628707934855004,0.9628091512862091,-0.766476322359559,0.8038349609748447,0.4643176931159152,96.97106471491666,0.9766162666010021
EFCAB13,3,-0.021456814548196586,0.46346564672672047,-0.046296450879882496,0.9630739680656222,-0.9298327902041326,0.8869191611077394,0.6192718347105486,96.19135831445743,0.9766162666010021
PRAF2,3,0.01736475453871063,0.3831244870579857,0.04532405295222616,0.9638490156523714,-0.7335454416903232,0.7682749507677445,0.43163506549631364,98.24576908144046,0.9766162666010021
EMCN,3,-0.025944289738864788,0.5730731280533615,-0.045272214781721526,0.9638903341154098,-1.1491469812311639,1.0972584017534341,0.9217395768138321,95.67358148239714,0.9766162666010021
B3GALT6,3,0.015464054446396504,0.3416932551611533,0.045257125251428124,0.9639023614909602,-0.6542424194297187,0.6851705283225118,0.3414024074984617,97.57643370239902,0.9766162666010021
CPNE6,3,0.019600684612987505,0.5316739401965442,0.03686598708550904,0.9705918596753927,-1.0224610896907416,1.0616624589167165,0.8306447904412035,98.28083694414971,0.982913826643928
ALDOC,3,-0.016681075920558067,0.4674749752430369,-0.03568335590987667,0.9715348421599035,-0.9329151910706637,0.8995530392295474,0.6427240486756413,98.27689944558293,0.9833886103658565
PDE5A,3,-0.012308189842341355,0.3593156945305745,-0.03425452889949966,0.9726741842525833,-0.716554010202263,0.6919376305175802,0.37373289797350195,96.69371925718946,0.984061589336516
PLD3,3,-0.01574637287310907,0.48952262788607037,-0.03216679265901845,0.9743390380869028,-0.9751930931472097,0.9437003474009915,0.6968851213214878,97.50892867825726,0.9847622580251453
PPP4R3A,3,0.009318430618498873,0.2938340448127665,0.03171324352301196,0.9747007333955245,-0.5665857146462516,0.5852225758832494,0.25483246147353755,98.4754720807004,0.9847622580251453
TM4SF18,3,-0.020699467122310987,0.6577023809462631,-0.031472391954138625,0.9748928092633362,-1.3097724463232292,1.268373512078607,1.2439571223568535,96.19803507473797,0.9847622580251453
VPS54,3,-0.010419343764885958,0.33605970826831144,-0.031004442093269663,0.9752659970991554,-0.6690842686258137,0.6482455810960418,0.32967456857621136,98.20391371567739,0.9847622580251453
SNRNP48,3,0.01598300358154097,0.5352893773599414,0.029858622751621718,0.9761798053844316,-1.0331648973508143,1.0651309045138961,0.8499427446574307,98.92519921730967,0.9852053121008814
SNRPN,3,0.011893011695939431,0.41305823636656247,0.02879257850068665,0.9770300199261672,-0.7976862551001557,0.8214722784920346,0.5020688357974243,98.43182833021801,0.9855073670679086
PGAP3,3,-0.008679680078819151,0.31479510024263163,-0.02757247515011891,0.9780031349644343,-0.6256667390640531,0.6083073789064148,0.28872539497414057,97.26657070863759,0.9855073670679086
ZEB1,3,0.005963575871957976,0.2180501256282044,0.027349564026972514,0.9781809252585106,-0.42140681718375683,0.43333396892767273,0.12416580650963069,89.05097807760103,0.9855073670679086
ICAM5,3,0.018083867620646957,0.667295450993075,0.02710024112068258,0.9783797824459132,-1.2897911833731925,1.3259589186144864,1.3026082592576653,97.72798735968752,0.9855073670679086
DYNC1LI2,3,0.013245448394922936,0.5134852938906178,0.02579518547564182,0.9794207020065591,-0.9931672342216529,1.0196581310114987,0.7706638581381371,97.62084931575927,0.986076959204662
RBM48,3,-0.012545872111370758,0.526322133301637,-0.023836869699303858,0.9809827306299708,-1.0441182976488685,1.0190265534261271,0.8189052966062125,98.54202759132423,0.9871703946271516
APEH,3,-0.0070406635690669,0.3140587955453308,-0.02241829768480616,0.9821142845777128,-0.6225845918659435,0.6085032647278098,0.29021768314379093,98.31879257146362,0.9878297896286016
KLHL24,3,-0.007074449930273978,0.3619912949718929,-0.019543149320271028,0.9844078154268929,-0.7165643507921992,0.7024154509316513,0.38251883073708914,97.7259284913453,0.9896567179812776
UBOX5,3,-0.005915899256986649,0.3180106071505499,-0.018602836270131057,0.985157940212039,-0.6292052359737802,0.6173734374598069,0.2954670473699086,97.61955690417446,0.9897538743795621
HS3ST2,3,0.006298428525553933,0.3455817882167014,0.018225579993828914,0.9854588961397278,-0.6710294300921291,0.683626287143237,0.3164173716946796,89.5864668905126,0.9897538743795621
TMEM9,3,0.006253348751812901,0.36950987418684866,0.01692336034476522,0.9864977565744528,-0.717972696586337,0.7304793940899629,0.40346470701427206,98.6459745636602,0.9903176898041699
NAA16,3,-0.0068375669260441465,0.4216065941807166,-0.01621788420869268,0.987060567804558,-0.8331713071648429,0.8194961733127547,0.5259038477774293,98.74295227809924,0.9904032983196195
OMA1,3,-0.006687667571293886,0.4400343271726565,-0.0151980587838772,0.9878741703499915,-0.8691391007910154,0.8557637656484276,0.5626100327807958,97.95746837326027,0.9907403429912389
PODXL2,3,0.005807232412123694,0.4031224287776264,0.014405629648870582,0.9885063680464626,-0.784298209352337,0.7959126741765843,0.47559642970770893,97.87617442281105,0.9908415118812767
SYT12,3,-0.00720209695700725,0.5191088838885156,-0.013873962054084168,0.9889305350020458,-1.0246368134332824,1.010232619519268,0.7891924482443494,98.01100992130546,0.9908415118812767
PLD5,3,-0.004977497496178536,0.39818750676853354,-0.012500385902544039,0.9900263948302971,-0.7854106698563031,0.7754556748639462,0.46029953031181825,97.38150620903117,0.9914605228768886
LIN7B,3,-0.0028618555246088316,0.39246666382649836,-0.007291970983487149,0.994181900495312,-0.7720823817571344,0.7663586707079167,0.4477012568207884,97.32674530173777,0.9951415355344001
ATL3,3,-9.103631303096735e-4,0.36952057093596585,-0.002463633155804552,0.99803430712996,-0.7251573737114809,0.7233366474508616,0.38957712502442504,97.12946388019282,0.9985157515617641
DOCK11,3,-1.713585554640774e-4,0.48355917712735863,-3.5436935864200427e-4,0.9997172541658357,-0.9479299301189116,0.9475872130079833,0.6833242687694887,97.87529776297005,0.9997172541658357
