"ID","Description","GeneRatio","BgRatio","RichFactor","FoldEnrichment","zScore","pvalue","p.adjust","qvalue","geneID","Count"
"GO:0010698","acetyltransferase activator activity","1/16","11/18706",0.0909090909090909,106.284090909091,10.2195213722808,0.00937110492760374,1,1,"NUPR1",1
"GO:0005201","extracellular matrix structural constituent","2/16","181/18706",0.0110497237569061,12.9185082872928,4.71428982772998,0.0102205049372033,1,1,"AEBP1/PRELP",2
"GO:0003711","transcription elongation factor activity","1/16","13/18706",0.0769230769230769,89.9326923076923,9.38486025637477,0.0110660718496646,1,1,"TCEA3",1
"GO:0031005","filamin binding","1/16","14/18706",0.0714285714285714,83.5089285714286,9.03589709112599,0.0119125353841645,1,1,"HSPB7",1
"GO:0030021","extracellular matrix structural constituent conferring compression resistance","1/16","22/18706",0.0454545454545455,53.1420454545455,7.15976341576151,0.0186598325604986,1,1,"PRELP",1
"GO:0031683","G-protein beta/gamma-subunit complex binding","1/16","23/18706",0.0434782608695652,50.8315217391304,6.99646970135959,0.0195002009333864,1,1,"PIK3R5",1
"GO:0019207","kinase regulator activity","2/16","308/18706",0.00649350649350649,7.59172077922078,3.41289596999671,0.0278510695262873,1,1,"PIK3R5/HSPB1",2
"GO:0004180","carboxypeptidase activity","1/16","48/18706",0.0208333333333333,24.3567708333333,4.74061919726626,0.0402914402712554,1,1,"AEBP1",1
"GO:0005080","protein kinase C binding","1/16","50/18706",0.02,23.3825,4.63680172863238,0.0419367574761037,1,1,"HSPB1",1
"GO:0004175","endopeptidase activity","2/16","403/18706",0.00496277915632754,5.80210918114144,2.85139648636448,0.0455273754414776,1,1,"TMPRSS5/ADAM33",2
"GO:0030291","protein serine/threonine kinase inhibitor activity","1/16","56/18706",0.0178571428571429,20.8772321428571,4.35857679290097,0.0468568567097746,1,1,"HSPB1",1
"GO:0005518","collagen binding","1/16","65/18706",0.0153846153846154,17.9865384615385,4.01385018664779,0.054192609971631,1,1,"AEBP1",1
"GO:0098632","cell-cell adhesion mediator activity","1/16","66/18706",0.0151515151515152,17.7140151515152,3.97982524195136,0.0550044182566186,1,1,"CLDN9",1
"GO:0044183","protein folding chaperone","1/16","80/18706",0.0125,14.6140625,3.57031990478343,0.0663013627264376,1,1,"HSPB1",1
"GO:0001618","virus receptor activity","1/16","83/18706",0.0120481927710843,14.085843373494,3.49582866624623,0.0687056067388256,1,1,"CLDN9",1
"GO:0140272","exogenous protein binding","1/16","84/18706",0.0119047619047619,13.9181547619048,3.47185166736479,0.0695057307946803,1,1,"CLDN9",1
"GO:0004860","protein kinase inhibitor activity","1/16","97/18706",0.0103092783505155,12.0528350515464,3.19324495653301,0.0798488701510669,1,1,"HSPB1",1
"GO:0019210","kinase inhibitor activity","1/16","101/18706",0.0099009900990099,11.575495049505,3.1180333275743,0.0830096257607982,1,1,"HSPB1",1
"GO:0043130","ubiquitin binding","1/16","102/18706",0.00980392156862745,11.4620098039216,3.09988969252808,0.0837982226964517,1,1,"HSPB1",1
"GO:0098631","cell adhesion mediator activity","1/16","103/18706",0.00970873786407767,11.3507281553398,3.08199705177176,0.0845861838035712,1,1,"CLDN9",1
"GO:0008238","exopeptidase activity","1/16","106/18706",0.00943396226415094,11.0294811320755,3.02976624757238,0.0869462569370928,1,1,"AEBP1",1
"GO:0004222","metalloendopeptidase activity","1/16","108/18706",0.00925925925925926,10.8252314814815,2.99609613302041,0.0885164686470904,1,1,"ADAM33",1
"GO:0032182","ubiquitin-like protein binding","1/16","122/18706",0.00819672131147541,9.58299180327869,2.78280779769782,0.099437271830068,1,1,"HSPB1",1
"GO:0051082","unfolded protein binding","1/16","123/18706",0.00813008130081301,9.50508130081301,2.76890023784891,0.100212616408777,1,1,"HSPB1",1
"GO:0005200","structural constituent of cytoskeleton","1/16","126/18706",0.00793650793650794,9.27876984126984,2.72811343003775,0.10253489693128,1,1,"GFAP",1
"GO:0005178","integrin binding","1/16","151/18706",0.00662251655629139,7.74254966887417,2.43397630250242,0.121669884699774,1,1,"GFAP",1
"GO:0008201","heparin binding","1/16","168/18706",0.00595238095238095,6.95907738095238,2.270055230946,0.134462472027901,1,1,"PRELP",1
"GO:0004252","serine-type endopeptidase activity","1/16","178/18706",0.00561797752808989,6.56811797752809,2.18392819707789,0.141905709738511,1,1,"TMPRSS5",1
"GO:0008237","metallopeptidase activity","1/16","184/18706",0.00543478260869565,6.3539402173913,2.1353677824561,0.146342804007482,1,1,"ADAM33",1
"GO:0008236","serine-type peptidase activity","1/16","197/18706",0.0050761421319797,5.93464467005076,2.03719085559128,0.155882824241731,1,1,"TMPRSS5",1
"GO:0017171","serine hydrolase activity","1/16","203/18706",0.00492610837438424,5.75923645320197,1.99479570213155,0.16025211619446,1,1,"TMPRSS5",1
"GO:0005516","calmodulin binding","1/16","206/18706",0.00485436893203883,5.6753640776699,1.97422832490136,0.162428802576045,1,1,"AEBP1",1
"GO:0005539","glycosaminoglycan binding","1/16","233/18706",0.00429184549356223,5.01770386266094,1.80559924665397,0.181782349261813,1,1,"PRELP",1
"GO:1901681","sulfur compound binding","1/16","266/18706",0.0037593984962406,4.39520676691729,1.63177691448216,0.2048673698458,1,1,"PRELP",1
"GO:0019887","protein kinase regulator activity","1/16","274/18706",0.00364963503649635,4.2668795620438,1.59388275334394,0.210371037648564,1,1,"HSPB1",1
"GO:0003713","transcription coactivator activity","1/16","298/18706",0.00335570469798658,3.92323825503356,1.48834372085607,0.226668530535393,1,1,"NUPR1",1
"GO:0001227","DNA-binding transcription repressor activity, RNA polymerase II-specific","1/16","302/18706",0.0033112582781457,3.87127483443709,1.47182549202666,0.229353925262713,1,1,"AEBP1",1
"GO:0001217","DNA-binding transcription repressor activity","1/16","312/18706",0.0032051282051282,3.74719551282051,1.43173608626791,0.2360292146757,1,1,"AEBP1",1
"GO:0061629","RNA polymerase II-specific DNA-binding transcription factor binding","1/16","351/18706",0.00284900284900285,3.33084045584046,1.28980218448172,0.261548401630798,1,1,"HSPB1",1
"GO:0001228","DNA-binding transcription activator activity, RNA polymerase II-specific","1/16","452/18706",0.00221238938053097,2.58655973451327,0.999035266408682,0.323971767116611,1,1,"KLF15",1
"GO:0001216","DNA-binding transcription activator activity","1/16","460/18706",0.00217391304347826,2.54157608695652,0.97947699998035,0.328698572728085,1,1,"KLF15",1
"GO:0004857","enzyme inhibitor activity","1/16","470/18706",0.00212765957446809,2.4875,0.955598168058958,0.334563511253095,1,1,"HSPB1",1
"GO:0140297","DNA-binding transcription factor binding","1/16","489/18706",0.00204498977505112,2.39084867075665,0.911864014292723,0.345574782771389,1,1,"HSPB1",1
"GO:0000014","single-stranded DNA endodeoxyribonuclease activity","0/16","10/18706",0,0,-0.0925464676779197,1,1,1,"",0
"GO:0000030","mannosyltransferase activity","0/16","25/18706",0,0,-0.146387549561533,1,1,1,"",0
"GO:0000049","tRNA binding","0/16","80/18706",0,0,-0.262252351550717,1,1,1,"",0
"GO:0000062","fatty-acyl-CoA binding","0/16","15/18706",0,0,-0.11336097112005,1,1,1,"",0
"GO:0000099","sulfur amino acid transmembrane transporter activity","0/16","11/18706",0,0,-0.0970661501090895,1,1,1,"",0
"GO:0000146","microfilament motor activity","0/16","40/18706",0,0,-0.185241616346443,1,1,1,"",0
"GO:0000149","SNARE binding","0/16","107/18706",0,0,-0.303515789267423,1,1,1,"",0
"GO:0000175","3'-5'-RNA exonuclease activity","0/16","36/18706",0,0,-0.17571680106777,1,1,1,"",0
"GO:0000182","rDNA binding","0/16","10/18706",0,0,-0.0925464676779197,1,1,1,"",0
"GO:0000217","DNA secondary structure binding","0/16","37/18706",0,0,-0.178145366542645,1,1,1,"",0
"GO:0000287","magnesium ion binding","0/16","235/18706",0,0,-0.451359849379875,1,1,1,"",0
"GO:0000295","adenine nucleotide transmembrane transporter activity","0/16","26/18706",0,0,-0.149290590192634,1,1,1,"",0
"GO:0000339","RNA cap binding","0/16","20/18706",0,0,-0.130915486052565,1,1,1,"",0
"GO:0000340","RNA 7-methylguanosine cap binding","0/16","12/18706",0,0,-0.101384998891928,1,1,1,"",0
"GO:0000400","four-way junction DNA binding","0/16","17/18706",0,0,-0.120688426626803,1,1,1,"",0
"GO:0000774","adenyl-nucleotide exchange factor activity","0/16","15/18706",0,0,-0.11336097112005,1,1,1,"",0
"GO:0000900","mRNA regulatory element binding translation repressor activity","0/16","22/18706",0,0,-0.137312668756023,1,1,1,"",0
"GO:0000979","RNA polymerase II core promoter sequence-specific DNA binding","0/16","21/18706",0,0,-0.134152043696729,1,1,1,"",0
"GO:0000993","RNA polymerase II complex binding","0/16","36/18706",0,0,-0.17571680106777,1,1,1,"",0
"GO:0000995","RNA polymerase III general transcription initiation factor activity","0/16","12/18706",0,0,-0.101384998891928,1,1,1,"",0
"GO:0001046","core promoter sequence-specific DNA binding","0/16","47/18706",0,0,-0.20083478862274,1,1,1,"",0
"GO:0001091","RNA polymerase II general transcription initiation factor binding","0/16","24/18706",0,0,-0.14342608167785,1,1,1,"",0
"GO:0001094","TFIID-class transcription factor complex binding","0/16","10/18706",0,0,-0.0925464676779197,1,1,1,"",0
"GO:0001098","basal transcription machinery binding","0/16","60/18706",0,0,-0.226995361182015,1,1,1,"",0
"GO:0001099","basal RNA polymerase II transcription machinery binding","0/16","60/18706",0,0,-0.226995361182015,1,1,1,"",0
"GO:0001161","intronic transcription regulatory region sequence-specific DNA binding","0/16","11/18706",0,0,-0.0970661501090895,1,1,1,"",0
"GO:0001163","RNA polymerase I transcription regulatory region sequence-specific DNA binding","0/16","11/18706",0,0,-0.0970661501090895,1,1,1,"",0
"GO:0001164","RNA polymerase I core promoter sequence-specific DNA binding","0/16","10/18706",0,0,-0.0925464676779197,1,1,1,"",0
"GO:0001221","transcription coregulator binding","0/16","127/18706",0,0,-0.330845239511841,1,1,1,"",0
"GO:0001222","transcription corepressor binding","0/16","51/18706",0,0,-0.209228893479969,1,1,1,"",0
"GO:0001223","transcription coactivator binding","0/16","51/18706",0,0,-0.209228893479969,1,1,1,"",0
"GO:0001530","lipopolysaccharide binding","0/16","41/18706",0,0,-0.18754786652178,1,1,1,"",0
"GO:0001540","amyloid-beta binding","0/16","84/18706",0,0,-0.268757553331314,1,1,1,"",0
"GO:0001614","purinergic nucleotide receptor activity","0/16","20/18706",0,0,-0.130915486052565,1,1,1,"",0
"GO:0001637","G protein-coupled chemoattractant receptor activity","0/16","31/18706",0,0,-0.163036460608927,1,1,1,"",0
"GO:0001653","peptide receptor activity","0/16","130/18706",0,0,-0.334757080692163,1,1,1,"",0
"GO:0001664","G protein-coupled receptor binding","0/16","300/18706",0,0,-0.510875546642982,1,1,1,"",0
"GO:0001671","ATPase activator activity","0/16","27/18706",0,0,-0.152138548305562,1,1,1,"",0
"GO:0001727","lipid kinase activity","0/16","41/18706",0,0,-0.18754786652178,1,1,1,"",0
"GO:0001784","phosphotyrosine residue binding","0/16","47/18706",0,0,-0.20083478862274,1,1,1,"",0
"GO:0001786","phosphatidylserine binding","0/16","62/18706",0,0,-0.230759980998274,1,1,1,"",0
"GO:0001846","opsonin binding","0/16","21/18706",0,0,-0.134152043696729,1,1,1,"",0
"GO:0001848","complement binding","0/16","25/18706",0,0,-0.146387549561533,1,1,1,"",0
"GO:0001851","complement component C3b binding","0/16","11/18706",0,0,-0.0970661501090895,1,1,1,"",0
"GO:0001965","G-protein alpha-subunit binding","0/16","31/18706",0,0,-0.163036460608927,1,1,1,"",0
"GO:0001968","fibronectin binding","0/16","29/18706",0,0,-0.157681098364912,1,1,1,"",0
"GO:0001972","retinoic acid binding","0/16","20/18706",0,0,-0.130915486052565,1,1,1,"",0
"GO:0002020","protease binding","0/16","140/18706",0,0,-0.347487384098418,1,1,1,"",0
"GO:0002039","p53 binding","0/16","71/18706",0,0,-0.24700097792541,1,1,1,"",0
"GO:0002161","aminoacyl-tRNA deacylase activity","0/16","13/18706",0,0,-0.105527675063572,1,1,1,"",0
"GO:0002162","dystroglycan binding","0/16","12/18706",0,0,-0.101384998891928,1,1,1,"",0
"GO:0003678","DNA helicase activity","0/16","60/18706",0,0,-0.226995361182015,1,1,1,"",0
"GO:0003684","damaged DNA binding","0/16","72/18706",0,0,-0.248741013504536,1,1,1,"",0
"GO:0003688","DNA replication origin binding","0/16","16/18706",0,0,-0.11708183961519,1,1,1,"",0
"GO:0003697","single-stranded DNA binding","0/16","121/18706",0,0,-0.322883311970144,1,1,1,"",0
"GO:0003707","nuclear steroid receptor activity","0/16","27/18706",0,0,-0.152138548305562,1,1,1,"",0
"GO:0003714","transcription corepressor activity","0/16","218/18706",0,0,-0.434527710678057,1,1,1,"",0
"GO:0003724","RNA helicase activity","0/16","75/18706",0,0,-0.253890672346346,1,1,1,"",0
"GO:0003725","double-stranded RNA binding","0/16","75/18706",0,0,-0.253890672346346,1,1,1,"",0
"GO:0003727","single-stranded RNA binding","0/16","86/18706",0,0,-0.271952831044314,1,1,1,"",0
"GO:0003730","mRNA 3'-UTR binding","0/16","265/18706",0,0,-0.479694677741658,1,1,1,"",0
"GO:0003735","structural constituent of ribosome","0/16","176/18706",0,0,-0.389989416332981,1,1,1,"",0
"GO:0003743","translation initiation factor activity","0/16","51/18706",0,0,-0.209228893479969,1,1,1,"",0
"GO:0003746","translation elongation factor activity","0/16","18/18706",0,0,-0.124190689062987,1,1,1,"",0
"GO:0003755","peptidyl-prolyl cis-trans isomerase activity","0/16","39/18706",0,0,-0.182906540972136,1,1,1,"",0
"GO:0003756","protein disulfide isomerase activity","0/16","18/18706",0,0,-0.124190689062987,1,1,1,"",0
"GO:0003774","cytoskeletal motor activity","0/16","115/18706",0,0,-0.314725361928463,1,1,1,"",0
"GO:0003777","microtubule motor activity","0/16","68/18706",0,0,-0.241706872830969,1,1,1,"",0
"GO:0003779","actin binding","0/16","446/18706",0,0,-0.625390442197506,1,1,1,"",0
"GO:0003785","actin monomer binding","0/16","29/18706",0,0,-0.157681098364912,1,1,1,"",0
"GO:0003796","lysozyme activity","0/16","10/18706",0,0,-0.0925464676779197,1,1,1,"",0
"GO:0003823","antigen binding","0/16","178/18706",0,0,-0.392220173116272,1,1,1,"",0
"GO:0003841","1-acylglycerol-3-phosphate O-acyltransferase activity","0/16","21/18706",0,0,-0.134152043696729,1,1,1,"",0
"GO:0003887","DNA-directed DNA polymerase activity","0/16","23/18706",0,0,-0.140402489371814,1,1,1,"",0
"GO:0003899","DNA-directed RNA polymerase activity","0/16","31/18706",0,0,-0.163036460608927,1,1,1,"",0
"GO:0003906","DNA-(apurinic or apyrimidinic site) endonuclease activity","0/16","16/18706",0,0,-0.11708183961519,1,1,1,"",0
"GO:0003924","GTPase activity","0/16","343/18706",0,0,-0.546901909635393,1,1,1,"",0
"GO:0003925","G protein activity","0/16","119/18706",0,0,-0.320186508323379,1,1,1,"",0
"GO:0003950","NAD+ poly-ADP-ribosyltransferase activity","0/16","23/18706",0,0,-0.140402489371814,1,1,1,"",0
"GO:0003954","NADH dehydrogenase activity","0/16","13/18706",0,0,-0.105527675063572,1,1,1,"",0
"GO:0003959","NADPH dehydrogenase activity","0/16","10/18706",0,0,-0.0925464676779197,1,1,1,"",0
"GO:0003964","RNA-directed DNA polymerase activity","0/16","13/18706",0,0,-0.105527675063572,1,1,1,"",0
"GO:0003995","acyl-CoA dehydrogenase activity","0/16","12/18706",0,0,-0.101384998891928,1,1,1,"",0
"GO:0004000","adenosine deaminase activity","0/16","11/18706",0,0,-0.0970661501090895,1,1,1,"",0
"GO:0004016","adenylate cyclase activity","0/16","11/18706",0,0,-0.0970661501090895,1,1,1,"",0
"GO:0004022","alcohol dehydrogenase (NAD+) activity","0/16","23/18706",0,0,-0.140402489371814,1,1,1,"",0
"GO:0004029","aldehyde dehydrogenase (NAD+) activity","0/16","22/18706",0,0,-0.137312668756023,1,1,1,"",0
"GO:0004030","aldehyde dehydrogenase [NAD(P)+] activity","0/16","23/18706",0,0,-0.140402489371814,1,1,1,"",0
"GO:0004032","aldose reductase (NADPH) activity","0/16","12/18706",0,0,-0.101384998891928,1,1,1,"",0
"GO:0004065","arylsulfatase activity","0/16","14/18706",0,0,-0.109514173163739,1,1,1,"",0
"GO:0004089","carbonate dehydratase activity","0/16","15/18706",0,0,-0.11336097112005,1,1,1,"",0
"GO:0004090","carbonyl reductase (NADPH) activity","0/16","10/18706",0,0,-0.0925464676779197,1,1,1,"",0
"GO:0004112","cyclic-nucleotide phosphodiesterase activity","0/16","28/18706",0,0,-0.154934461507984,1,1,1,"",0
"GO:0004114","3',5'-cyclic-nucleotide phosphodiesterase activity","0/16","24/18706",0,0,-0.14342608167785,1,1,1,"",0
"GO:0004115","3',5'-cyclic-AMP phosphodiesterase activity","0/16","22/18706",0,0,-0.137312668756023,1,1,1,"",0
"GO:0004126","cytidine deaminase activity","0/16","12/18706",0,0,-0.101384998891928,1,1,1,"",0
"GO:0004129","cytochrome-c oxidase activity","0/16","13/18706",0,0,-0.105527675063572,1,1,1,"",0
"GO:0004143","ATP-dependent diacylglycerol kinase activity","0/16","11/18706",0,0,-0.0970661501090895,1,1,1,"",0
"GO:0004177","aminopeptidase activity","0/16","41/18706",0,0,-0.18754786652178,1,1,1,"",0
"GO:0004181","metallocarboxypeptidase activity","0/16","34/18706",0,0,-0.170756889878,1,1,1,"",0
"GO:0004190","aspartic-type endopeptidase activity","0/16","36/18706",0,0,-0.17571680106777,1,1,1,"",0
"GO:0004197","cysteine-type endopeptidase activity","0/16","86/18706",0,0,-0.271952831044314,1,1,1,"",0
"GO:0004198","calcium-dependent cysteine-type endopeptidase activity","0/16","17/18706",0,0,-0.120688426626803,1,1,1,"",0
"GO:0004300","enoyl-CoA hydratase activity","0/16","14/18706",0,0,-0.109514173163739,1,1,1,"",0
"GO:0004303","estradiol 17-beta-dehydrogenase [NAD(P)+] activity","0/16","18/18706",0,0,-0.124190689062987,1,1,1,"",0
"GO:0004364","glutathione transferase activity","0/16","27/18706",0,0,-0.152138548305562,1,1,1,"",0
"GO:0004382","GDP phosphatase activity","0/16","10/18706",0,0,-0.0925464676779197,1,1,1,"",0
"GO:0004386","helicase activity","0/16","142/18706",0,0,-0.349979486192934,1,1,1,"",0
"GO:0004402","histone acetyltransferase activity","0/16","35/18706",0,0,-0.173254462537481,1,1,1,"",0
"GO:0004407","histone deacetylase activity","0/16","22/18706",0,0,-0.137312668756023,1,1,1,"",0
"GO:0004435","phosphatidylinositol-4,5-bisphosphate phospholipase C activity","0/16","25/18706",0,0,-0.146387549561533,1,1,1,"",0
"GO:0004438","phosphatidylinositol-3-phosphate phosphatase activity","0/16","14/18706",0,0,-0.109514173163739,1,1,1,"",0
"GO:0004445","inositol-polyphosphate 5-phosphatase activity","0/16","10/18706",0,0,-0.0925464676779197,1,1,1,"",0
"GO:0004465","lipoprotein lipase activity","0/16","13/18706",0,0,-0.105527675063572,1,1,1,"",0
"GO:0004467","long-chain fatty acid-CoA ligase activity","0/16","15/18706",0,0,-0.11336097112005,1,1,1,"",0
"GO:0004497","monooxygenase activity","0/16","107/18706",0,0,-0.303515789267423,1,1,1,"",0
"GO:0004518","nuclease activity","0/16","218/18706",0,0,-0.434527710678057,1,1,1,"",0
"GO:0004519","endonuclease activity","0/16","140/18706",0,0,-0.347487384098418,1,1,1,"",0
"GO:0004520","DNA endonuclease activity","0/16","59/18706",0,0,-0.225089749223637,1,1,1,"",0
"GO:0004521","RNA endonuclease activity","0/16","75/18706",0,0,-0.253890672346346,1,1,1,"",0
"GO:0004523","RNA-DNA hybrid ribonuclease activity","0/16","11/18706",0,0,-0.0970661501090895,1,1,1,"",0
"GO:0004526","ribonuclease P activity","0/16","12/18706",0,0,-0.101384998891928,1,1,1,"",0
"GO:0004527","exonuclease activity","0/16","86/18706",0,0,-0.271952831044314,1,1,1,"",0
"GO:0004529","DNA exonuclease activity","0/16","29/18706",0,0,-0.157681098364912,1,1,1,"",0
"GO:0004532","RNA exonuclease activity","0/16","44/18706",0,0,-0.19430386640389,1,1,1,"",0
"GO:0004535","poly(A)-specific ribonuclease activity","0/16","13/18706",0,0,-0.105527675063572,1,1,1,"",0
"GO:0004536","DNA nuclease activity","0/16","78/18706",0,0,-0.258939546837661,1,1,1,"",0
"GO:0004540","RNA nuclease activity","0/16","127/18706",0,0,-0.330845239511841,1,1,1,"",0
"GO:0004549","tRNA-specific ribonuclease activity","0/16","17/18706",0,0,-0.120688426626803,1,1,1,"",0
"GO:0004550","nucleoside diphosphate kinase activity","0/16","14/18706",0,0,-0.109514173163739,1,1,1,"",0
"GO:0004553","hydrolase activity, hydrolyzing O-glycosyl compounds","0/16","92/18706",0,0,-0.281324953520606,1,1,1,"",0
"GO:0004559","alpha-mannosidase activity","0/16","15/18706",0,0,-0.11336097112005,1,1,1,"",0
"GO:0004601","peroxidase activity","0/16","48/18706",0,0,-0.202965522549921,1,1,1,"",0
"GO:0004602","glutathione peroxidase activity","0/16","23/18706",0,0,-0.140402489371814,1,1,1,"",0
"GO:0004620","glycerophospholipase activity","0/16","106/18706",0,0,-0.302086040910215,1,1,1,"",0
"GO:0004622","phosphatidylcholine lysophospholipase A1 activity","0/16","23/18706",0,0,-0.140402489371814,1,1,1,"",0
"GO:0004623","A2-type glycerophospholipase activity","0/16","36/18706",0,0,-0.17571680106777,1,1,1,"",0
"GO:0004629","C-type glycerophospholipase activity","0/16","30/18706",0,0,-0.160380990618216,1,1,1,"",0
"GO:0004653","polypeptide N-acetylgalactosaminyltransferase activity","0/16","19/18706",0,0,-0.12759721770975,1,1,1,"",0
"GO:0004659","prenyltransferase activity","0/16","17/18706",0,0,-0.120688426626803,1,1,1,"",0
"GO:0004674","protein serine/threonine kinase activity","0/16","442/18706",0,0,-0.622511505066357,1,1,1,"",0
"GO:0004675","transmembrane receptor protein serine/threonine kinase activity","0/16","18/18706",0,0,-0.124190689062987,1,1,1,"",0
"GO:0004683","calcium/calmodulin-dependent protein kinase activity","0/16","27/18706",0,0,-0.152138548305562,1,1,1,"",0
"GO:0004693","cyclin-dependent protein serine/threonine kinase activity","0/16","30/18706",0,0,-0.160380990618216,1,1,1,"",0
"GO:0004697","diacylglycerol-dependent serine/threonine kinase activity","0/16","16/18706",0,0,-0.11708183961519,1,1,1,"",0
"GO:0004707","MAP kinase activity","0/16","16/18706",0,0,-0.11708183961519,1,1,1,"",0
"GO:0004708","MAP kinase kinase activity","0/16","16/18706",0,0,-0.11708183961519,1,1,1,"",0
"GO:0004709","MAP kinase kinase kinase activity","0/16","26/18706",0,0,-0.149290590192634,1,1,1,"",0
"GO:0004712","protein serine/threonine/tyrosine kinase activity","0/16","43/18706",0,0,-0.192078031691522,1,1,1,"",0
"GO:0004713","protein tyrosine kinase activity","0/16","141/18706",0,0,-0.348735594138213,1,1,1,"",0
"GO:0004714","transmembrane receptor protein tyrosine kinase activity","0/16","61/18706",0,0,-0.228885310147793,1,1,1,"",0
"GO:0004715","non-membrane spanning protein tyrosine kinase activity","0/16","48/18706",0,0,-0.202965522549921,1,1,1,"",0
"GO:0004721","phosphoprotein phosphatase activity","0/16","176/18706",0,0,-0.389989416332981,1,1,1,"",0
"GO:0004722","protein serine/threonine phosphatase activity","0/16","104/18706",0,0,-0.299206515551124,1,1,1,"",0
"GO:0004725","protein tyrosine phosphatase activity","0/16","96/18706",0,0,-0.28740652708308,1,1,1,"",0
"GO:0004726","non-membrane spanning protein tyrosine phosphatase activity","0/16","12/18706",0,0,-0.101384998891928,1,1,1,"",0
"GO:0004745","all-trans-retinol dehydrogenase (NAD+) activity","0/16","20/18706",0,0,-0.130915486052565,1,1,1,"",0
"GO:0004806","triacylglycerol lipase activity","0/16","24/18706",0,0,-0.14342608167785,1,1,1,"",0
"GO:0004812","aminoacyl-tRNA ligase activity","0/16","41/18706",0,0,-0.18754786652178,1,1,1,"",0
"GO:0004842","ubiquitin-protein transferase activity","0/16","462/18706",0,0,-0.63678841376072,1,1,1,"",0
"GO:0004843","cysteine-type deubiquitinase activity","0/16","108/18706",0,0,-0.304938986798167,1,1,1,"",0
"GO:0004859","phospholipase inhibitor activity","0/16","15/18706",0,0,-0.11336097112005,1,1,1,"",0
"GO:0004861","cyclin-dependent protein serine/threonine kinase inhibitor activity","0/16","13/18706",0,0,-0.105527675063572,1,1,1,"",0
"GO:0004862","cAMP-dependent protein kinase inhibitor activity","0/16","11/18706",0,0,-0.0970661501090895,1,1,1,"",0
"GO:0004864","protein phosphatase inhibitor activity","0/16","54/18706",0,0,-0.215312068595657,1,1,1,"",0
"GO:0004865","protein serine/threonine phosphatase inhibitor activity","0/16","15/18706",0,0,-0.11336097112005,1,1,1,"",0
"GO:0004866","endopeptidase inhibitor activity","0/16","171/18706",0,0,-0.384358028360558,1,1,1,"",0
"GO:0004867","serine-type endopeptidase inhibitor activity","0/16","102/18706",0,0,-0.296299635598327,1,1,1,"",0
"GO:0004869","cysteine-type endopeptidase inhibitor activity","0/16","40/18706",0,0,-0.185241616346443,1,1,1,"",0
"GO:0004875","complement receptor activity","0/16","12/18706",0,0,-0.101384998891928,1,1,1,"",0
"GO:0004879","nuclear receptor activity","0/16","59/18706",0,0,-0.225089749223637,1,1,1,"",0
"GO:0004890","GABA-A receptor activity","0/16","19/18706",0,0,-0.12759721770975,1,1,1,"",0
"GO:0004896","cytokine receptor activity","0/16","102/18706",0,0,-0.296299635598327,1,1,1,"",0
"GO:0004935","adrenergic receptor activity","0/16","10/18706",0,0,-0.0925464676779197,1,1,1,"",0
"GO:0004950","chemokine receptor activity","0/16","31/18706",0,0,-0.163036460608927,1,1,1,"",0
"GO:0004953","icosanoid receptor activity","0/16","15/18706",0,0,-0.11336097112005,1,1,1,"",0
"GO:0004954","prostanoid receptor activity","0/16","11/18706",0,0,-0.0970661501090895,1,1,1,"",0
"GO:0004955","prostaglandin receptor activity","0/16","10/18706",0,0,-0.0925464676779197,1,1,1,"",0
"GO:0004970","glutamate-gated receptor activity","0/16","18/18706",0,0,-0.124190689062987,1,1,1,"",0
"GO:0004983","neuropeptide Y receptor activity","0/16","10/18706",0,0,-0.0925464676779197,1,1,1,"",0
"GO:0004984","olfactory receptor activity","0/16","434/18706",0,0,-0.616717139622069,1,1,1,"",0
"GO:0004993","G protein-coupled serotonin receptor activity","0/16","13/18706",0,0,-0.105527675063572,1,1,1,"",0
"GO:0005001","transmembrane receptor protein tyrosine phosphatase activity","0/16","17/18706",0,0,-0.120688426626803,1,1,1,"",0
"GO:0005003","ephrin receptor activity","0/16","19/18706",0,0,-0.12759721770975,1,1,1,"",0
"GO:0005005","transmembrane-ephrin receptor activity","0/16","15/18706",0,0,-0.11336097112005,1,1,1,"",0
"GO:0005024","transforming growth factor beta receptor activity","0/16","12/18706",0,0,-0.101384998891928,1,1,1,"",0
"GO:0005031","tumor necrosis factor receptor activity","0/16","10/18706",0,0,-0.0925464676779197,1,1,1,"",0
"GO:0005035","death receptor activity","0/16","13/18706",0,0,-0.105527675063572,1,1,1,"",0
"GO:0005041","low-density lipoprotein particle receptor activity","0/16","15/18706",0,0,-0.11336097112005,1,1,1,"",0
"GO:0005044","scavenger receptor activity","0/16","32/18706",0,0,-0.165649644747452,1,1,1,"",0
"GO:0005048","signal sequence binding","0/16","50/18706",0,0,-0.207161922422981,1,1,1,"",0
"GO:0005049","nuclear export signal receptor activity","0/16","12/18706",0,0,-0.101384998891928,1,1,1,"",0
"GO:0005068","transmembrane receptor protein tyrosine kinase adaptor activity","0/16","18/18706",0,0,-0.124190689062987,1,1,1,"",0
"GO:0005078","MAP-kinase scaffold activity","0/16","12/18706",0,0,-0.101384998891928,1,1,1,"",0
"GO:0005085","guanyl-nucleotide exchange factor activity","0/16","239/18706",0,0,-0.455234295695294,1,1,1,"",0
"GO:0005092","GDP-dissociation inhibitor activity","0/16","17/18706",0,0,-0.120688426626803,1,1,1,"",0
"GO:0005095","GTPase inhibitor activity","0/16","12/18706",0,0,-0.101384998891928,1,1,1,"",0
"GO:0005096","GTPase activator activity","0/16","274/18706",0,0,-0.487891494949019,1,1,1,"",0
"GO:0005104","fibroblast growth factor receptor binding","0/16","27/18706",0,0,-0.152138548305562,1,1,1,"",0
"GO:0005109","frizzled binding","0/16","39/18706",0,0,-0.182906540972136,1,1,1,"",0
"GO:0005112","Notch binding","0/16","26/18706",0,0,-0.149290590192634,1,1,1,"",0
"GO:0005114","type II transforming growth factor beta receptor binding","0/16","11/18706",0,0,-0.0970661501090895,1,1,1,"",0
"GO:0005123","death receptor binding","0/16","21/18706",0,0,-0.134152043696729,1,1,1,"",0
"GO:0005125","cytokine activity","0/16","241/18706",0,0,-0.457159829635218,1,1,1,"",0
"GO:0005126","cytokine receptor binding","0/16","278/18706",0,0,-0.491493176797894,1,1,1,"",0
"GO:0005131","growth hormone receptor binding","0/16","10/18706",0,0,-0.0925464676779197,1,1,1,"",0
"GO:0005132","type I interferon receptor binding","0/16","15/18706",0,0,-0.11336097112005,1,1,1,"",0
"GO:0005149","interleukin-1 receptor binding","0/16","16/18706",0,0,-0.11708183961519,1,1,1,"",0
"GO:0005154","epidermal growth factor receptor binding","0/16","35/18706",0,0,-0.173254462537481,1,1,1,"",0
"GO:0005158","insulin receptor binding","0/16","23/18706",0,0,-0.140402489371814,1,1,1,"",0
"GO:0005159","insulin-like growth factor receptor binding","0/16","17/18706",0,0,-0.120688426626803,1,1,1,"",0
"GO:0005160","transforming growth factor beta receptor binding","0/16","26/18706",0,0,-0.149290590192634,1,1,1,"",0
"GO:0005161","platelet-derived growth factor receptor binding","0/16","14/18706",0,0,-0.109514173163739,1,1,1,"",0
"GO:0005164","tumor necrosis factor receptor binding","0/16","31/18706",0,0,-0.163036460608927,1,1,1,"",0
"GO:0005165","neurotrophin receptor binding","0/16","12/18706",0,0,-0.101384998891928,1,1,1,"",0
"GO:0005172","vascular endothelial growth factor receptor binding","0/16","13/18706",0,0,-0.105527675063572,1,1,1,"",0
"GO:0005179","hormone activity","0/16","138/18706",0,0,-0.344977822332121,1,1,1,"",0
"GO:0005184","neuropeptide hormone activity","0/16","32/18706",0,0,-0.165649644747452,1,1,1,"",0
"GO:0005212","structural constituent of eye lens","0/16","23/18706",0,0,-0.140402489371814,1,1,1,"",0
"GO:0005216","monoatomic ion channel activity","0/16","445/18706",0,0,-0.624671833705943,1,1,1,"",0
"GO:0005217","intracellularly ligand-gated monoatomic ion channel activity","0/16","29/18706",0,0,-0.157681098364912,1,1,1,"",0
"GO:0005221","intracellularly cyclic nucleotide-activated monoatomic cation channel activity","0/16","11/18706",0,0,-0.0970661501090895,1,1,1,"",0
"GO:0005225","volume-sensitive anion channel activity","0/16","10/18706",0,0,-0.0925464676779197,1,1,1,"",0
"GO:0005227","calcium-activated cation channel activity","0/16","26/18706",0,0,-0.149290590192634,1,1,1,"",0
"GO:0005229","intracellularly calcium-gated chloride channel activity","0/16","19/18706",0,0,-0.12759721770975,1,1,1,"",0
"GO:0005230","extracellular ligand-gated monoatomic ion channel activity","0/16","74/18706",0,0,-0.252185620106578,1,1,1,"",0
"GO:0005231","excitatory extracellular ligand-gated monoatomic ion channel activity","0/16","32/18706",0,0,-0.165649644747452,1,1,1,"",0
"GO:0005242","inward rectifier potassium channel activity","0/16","28/18706",0,0,-0.154934461507984,1,1,1,"",0
"GO:0005243","gap junction channel activity","0/16","24/18706",0,0,-0.14342608167785,1,1,1,"",0
"GO:0005244","voltage-gated monoatomic ion channel activity","0/16","173/18706",0,0,-0.386620061520926,1,1,1,"",0
"GO:0005245","voltage-gated calcium channel activity","0/16","42/18706",0,0,-0.189826342154833,1,1,1,"",0
"GO:0005246","calcium channel regulator activity","0/16","61/18706",0,0,-0.228885310147793,1,1,1,"",0
"GO:0005247","voltage-gated chloride channel activity","0/16","11/18706",0,0,-0.0970661501090895,1,1,1,"",0
"GO:0005248","voltage-gated sodium channel activity","0/16","21/18706",0,0,-0.134152043696729,1,1,1,"",0
"GO:0005249","voltage-gated potassium channel activity","0/16","99/18706",0,0,-0.291886235482816,1,1,1,"",0
"GO:0005251","delayed rectifier potassium channel activity","0/16","25/18706",0,0,-0.146387549561533,1,1,1,"",0
"GO:0005253","monoatomic anion channel activity","0/16","102/18706",0,0,-0.296299635598327,1,1,1,"",0
"GO:0005254","chloride channel activity","0/16","82/18706",0,0,-0.265524525620704,1,1,1,"",0
"GO:0005261","monoatomic cation channel activity","0/16","338/18706",0,0,-0.542827213140237,1,1,1,"",0
"GO:0005262","calcium channel activity","0/16","127/18706",0,0,-0.330845239511841,1,1,1,"",0
"GO:0005267","potassium channel activity","0/16","125/18706",0,0,-0.328212155816795,1,1,1,"",0
"GO:0005272","sodium channel activity","0/16","53/18706",0,0,-0.213303404198075,1,1,1,"",0
"GO:0005283","amino acid:sodium symporter activity","0/16","22/18706",0,0,-0.137312668756023,1,1,1,"",0
"GO:0005310","dicarboxylic acid transmembrane transporter activity","0/16","31/18706",0,0,-0.163036460608927,1,1,1,"",0
"GO:0005313","L-glutamate transmembrane transporter activity","0/16","15/18706",0,0,-0.11336097112005,1,1,1,"",0
"GO:0005315","phosphate transmembrane transporter activity","0/16","23/18706",0,0,-0.140402489371814,1,1,1,"",0
"GO:0005319","lipid transporter activity","0/16","197/18706",0,0,-0.412834356231434,1,1,1,"",0
"GO:0005324","long-chain fatty acid transmembrane transporter activity","0/16","17/18706",0,0,-0.120688426626803,1,1,1,"",0
"GO:0005326","neurotransmitter transmembrane transporter activity","0/16","20/18706",0,0,-0.130915486052565,1,1,1,"",0
"GO:0005337","nucleoside transmembrane transporter activity","0/16","10/18706",0,0,-0.0925464676779197,1,1,1,"",0
"GO:0005338","nucleotide-sugar transmembrane transporter activity","0/16","13/18706",0,0,-0.105527675063572,1,1,1,"",0
"GO:0005343","organic acid:sodium symporter activity","0/16","35/18706",0,0,-0.173254462537481,1,1,1,"",0
"GO:0005344","oxygen carrier activity","0/16","14/18706",0,0,-0.109514173163739,1,1,1,"",0
"GO:0005345","purine nucleobase transmembrane transporter activity","0/16","10/18706",0,0,-0.0925464676779197,1,1,1,"",0
"GO:0005346","purine ribonucleotide transmembrane transporter activity","0/16","22/18706",0,0,-0.137312668756023,1,1,1,"",0
"GO:0005347","ATP transmembrane transporter activity","0/16","17/18706",0,0,-0.120688426626803,1,1,1,"",0
"GO:0005372","water transmembrane transporter activity","0/16","18/18706",0,0,-0.124190689062987,1,1,1,"",0
"GO:0005381","iron ion transmembrane transporter activity","0/16","10/18706",0,0,-0.0925464676779197,1,1,1,"",0
"GO:0005385","zinc ion transmembrane transporter activity","0/16","26/18706",0,0,-0.149290590192634,1,1,1,"",0
"GO:0005402","carbohydrate:monoatomic cation symporter activity","0/16","15/18706",0,0,-0.11336097112005,1,1,1,"",0
"GO:0005416","amino acid:monoatomic cation symporter activity","0/16","28/18706",0,0,-0.154934461507984,1,1,1,"",0
"GO:0005432","calcium:sodium antiporter activity","0/16","10/18706",0,0,-0.0925464676779197,1,1,1,"",0
"GO:0005436","sodium:phosphate symporter activity","0/16","12/18706",0,0,-0.101384998891928,1,1,1,"",0
"GO:0005452","solute:inorganic anion antiporter activity","0/16","33/18706",0,0,-0.168222513706313,1,1,1,"",0
"GO:0005484","SNAP receptor activity","0/16","37/18706",0,0,-0.178145366542645,1,1,1,"",0
"GO:0005496","steroid binding","0/16","111/18706",0,0,-0.309170177252904,1,1,1,"",0
"GO:0005501","retinoid binding","0/16","39/18706",0,0,-0.182906540972136,1,1,1,"",0
"GO:0005504","fatty acid binding","0/16","47/18706",0,0,-0.20083478862274,1,1,1,"",0
"GO:0005506","iron ion binding","0/16","155/18706",0,0,-0.36577699128253,1,1,1,"",0
"GO:0005507","copper ion binding","0/16","62/18706",0,0,-0.230759980998274,1,1,1,"",0
"GO:0005520","insulin-like growth factor binding","0/16","19/18706",0,0,-0.12759721770975,1,1,1,"",0
"GO:0005521","lamin binding","0/16","17/18706",0,0,-0.120688426626803,1,1,1,"",0
"GO:0005522","profilin binding","0/16","10/18706",0,0,-0.0925464676779197,1,1,1,"",0
"GO:0005523","tropomyosin binding","0/16","15/18706",0,0,-0.11336097112005,1,1,1,"",0
"GO:0005525","GTP binding","0/16","383/18706",0,0,-0.578542533511122,1,1,1,"",0
"GO:0005527","macrolide binding","0/16","12/18706",0,0,-0.101384998891928,1,1,1,"",0
"GO:0005528","FK506 binding","0/16","10/18706",0,0,-0.0925464676779197,1,1,1,"",0
"GO:0005536","D-glucose binding","0/16","10/18706",0,0,-0.0925464676779197,1,1,1,"",0
"GO:0005537","D-mannose binding","0/16","23/18706",0,0,-0.140402489371814,1,1,1,"",0
"GO:0005540","hyaluronic acid binding","0/16","24/18706",0,0,-0.14342608167785,1,1,1,"",0
"GO:0005542","folic acid binding","0/16","13/18706",0,0,-0.105527675063572,1,1,1,"",0
"GO:0005544","calcium-dependent phospholipid binding","0/16","54/18706",0,0,-0.215312068595657,1,1,1,"",0
"GO:0005545","1-phosphatidylinositol binding","0/16","14/18706",0,0,-0.109514173163739,1,1,1,"",0
"GO:0005546","phosphatidylinositol-4,5-bisphosphate binding","0/16","85/18706",0,0,-0.270359826899489,1,1,1,"",0
"GO:0005547","phosphatidylinositol-3,4,5-trisphosphate binding","0/16","41/18706",0,0,-0.18754786652178,1,1,1,"",0
"GO:0005548","phospholipid transporter activity","0/16","84/18706",0,0,-0.268757553331314,1,1,1,"",0
"GO:0005549","odorant binding","0/16","74/18706",0,0,-0.252185620106578,1,1,1,"",0
"GO:0008009","chemokine activity","0/16","51/18706",0,0,-0.209228893479969,1,1,1,"",0
"GO:0008013","beta-catenin binding","0/16","108/18706",0,0,-0.304938986798167,1,1,1,"",0
"GO:0008017","microtubule binding","0/16","287/18706",0,0,-0.499507624076533,1,1,1,"",0
"GO:0008020","G protein-coupled photoreceptor activity","0/16","15/18706",0,0,-0.11336097112005,1,1,1,"",0
"GO:0008028","monocarboxylic acid transmembrane transporter activity","0/16","70/18706",0,0,-0.245248785863257,1,1,1,"",0
"GO:0008035","high-density lipoprotein particle binding","0/16","12/18706",0,0,-0.101384998891928,1,1,1,"",0
"GO:0008046","axon guidance receptor activity","0/16","11/18706",0,0,-0.0970661501090895,1,1,1,"",0
"GO:0008066","glutamate receptor activity","0/16","26/18706",0,0,-0.149290590192634,1,1,1,"",0
"GO:0008080","N-acetyltransferase activity","0/16","67/18706",0,0,-0.239916597756313,1,1,1,"",0
"GO:0008081","phosphoric diester hydrolase activity","0/16","86/18706",0,0,-0.271952831044314,1,1,1,"",0
"GO:0008083","growth factor activity","0/16","165/18706",0,0,-0.377493599156955,1,1,1,"",0
"GO:0008093","cytoskeletal anchor activity","0/16","27/18706",0,0,-0.152138548305562,1,1,1,"",0
"GO:0008094","ATP-dependent activity, acting on DNA","0/16","131/18706",0,0,-0.336051186816428,1,1,1,"",0
"GO:0008097","5S rRNA binding","0/16","10/18706",0,0,-0.0925464676779197,1,1,1,"",0
"GO:0008106","alcohol dehydrogenase (NADP+) activity","0/16","37/18706",0,0,-0.178145366542645,1,1,1,"",0
"GO:0008135","translation factor activity, RNA binding","0/16","22/18706",0,0,-0.137312668756023,1,1,1,"",0
"GO:0008137","NADH dehydrogenase (ubiquinone) activity","0/16","41/18706",0,0,-0.18754786652178,1,1,1,"",0
"GO:0008138","protein tyrosine/serine/threonine phosphatase activity","0/16","28/18706",0,0,-0.154934461507984,1,1,1,"",0
"GO:0008139","nuclear localization sequence binding","0/16","25/18706",0,0,-0.146387549561533,1,1,1,"",0
"GO:0008140","cAMP response element binding protein binding","0/16","10/18706",0,0,-0.0925464676779197,1,1,1,"",0
"GO:0008142","oxysterol binding","0/16","16/18706",0,0,-0.11708183961519,1,1,1,"",0
"GO:0008143","poly(A) binding","0/16","26/18706",0,0,-0.149290590192634,1,1,1,"",0
"GO:0008146","sulfotransferase activity","0/16","53/18706",0,0,-0.213303404198075,1,1,1,"",0
"GO:0008157","protein phosphatase 1 binding","0/16","27/18706",0,0,-0.152138548305562,1,1,1,"",0
"GO:0008168","methyltransferase activity","0/16","202/18706",0,0,-0.418097019647819,1,1,1,"",0
"GO:0008170","N-methyltransferase activity","0/16","103/18706",0,0,-0.29775654480712,1,1,1,"",0
"GO:0008171","O-methyltransferase activity","0/16","24/18706",0,0,-0.14342608167785,1,1,1,"",0
"GO:0008172","S-methyltransferase activity","0/16","11/18706",0,0,-0.0970661501090895,1,1,1,"",0
"GO:0008173","RNA methyltransferase activity","0/16","69/18706",0,0,-0.243484174841488,1,1,1,"",0
"GO:0008174","mRNA methyltransferase activity","0/16","12/18706",0,0,-0.101384998891928,1,1,1,"",0
"GO:0008175","tRNA methyltransferase activity","0/16","33/18706",0,0,-0.168222513706313,1,1,1,"",0
"GO:0008179","adenylate cyclase binding","0/16","12/18706",0,0,-0.101384998891928,1,1,1,"",0
"GO:0008186","ATP-dependent activity, acting on RNA","0/16","78/18706",0,0,-0.258939546837661,1,1,1,"",0
"GO:0008187","poly-pyrimidine tract binding","0/16","30/18706",0,0,-0.160380990618216,1,1,1,"",0
"GO:0008188","neuropeptide receptor activity","0/16","57/18706",0,0,-0.221229913874736,1,1,1,"",0
"GO:0008190","eukaryotic initiation factor 4E binding","0/16","10/18706",0,0,-0.0925464676779197,1,1,1,"",0
"GO:0008191","metalloendopeptidase inhibitor activity","0/16","14/18706",0,0,-0.109514173163739,1,1,1,"",0
"GO:0008194","UDP-glycosyltransferase activity","0/16","147/18706",0,0,-0.356135755511519,1,1,1,"",0
"GO:0008195","phosphatidate phosphatase activity","0/16","14/18706",0,0,-0.109514173163739,1,1,1,"",0
"GO:0008198","ferrous iron binding","0/16","25/18706",0,0,-0.146387549561533,1,1,1,"",0
"GO:0008199","ferric iron binding","0/16","10/18706",0,0,-0.0925464676779197,1,1,1,"",0
"GO:0008200","ion channel inhibitor activity","0/16","53/18706",0,0,-0.213303404198075,1,1,1,"",0
"GO:0008227","G protein-coupled amine receptor activity","0/16","41/18706",0,0,-0.18754786652178,1,1,1,"",0
"GO:0008234","cysteine-type peptidase activity","0/16","187/18706",0,0,-0.402111259866963,1,1,1,"",0
"GO:0008235","metalloexopeptidase activity","0/16","71/18706",0,0,-0.24700097792541,1,1,1,"",0
"GO:0008242","omega peptidase activity","0/16","15/18706",0,0,-0.11336097112005,1,1,1,"",0
"GO:0008252","nucleotidase activity","0/16","12/18706",0,0,-0.101384998891928,1,1,1,"",0
"GO:0008253","5'-nucleotidase activity","0/16","10/18706",0,0,-0.0925464676779197,1,1,1,"",0
"GO:0008266","poly(U) RNA binding","0/16","27/18706",0,0,-0.152138548305562,1,1,1,"",0
"GO:0008271","secondary active sulfate transmembrane transporter activity","0/16","11/18706",0,0,-0.0970661501090895,1,1,1,"",0
"GO:0008276","protein methyltransferase activity","0/16","98/18706",0,0,-0.290400517572764,1,1,1,"",0
"GO:0008296","3'-5'-DNA exonuclease activity","0/16","20/18706",0,0,-0.130915486052565,1,1,1,"",0
"GO:0008297","single-stranded DNA exodeoxyribonuclease activity","0/16","11/18706",0,0,-0.0970661501090895,1,1,1,"",0
"GO:0008301","DNA binding, bending","0/16","18/18706",0,0,-0.124190689062987,1,1,1,"",0
"GO:0008307","structural constituent of muscle","0/16","44/18706",0,0,-0.19430386640389,1,1,1,"",0
"GO:0008308","voltage-gated monoatomic anion channel activity","0/16","18/18706",0,0,-0.124190689062987,1,1,1,"",0
"GO:0008320","protein transmembrane transporter activity","0/16","27/18706",0,0,-0.152138548305562,1,1,1,"",0
"GO:0008327","methyl-CpG binding","0/16","30/18706",0,0,-0.160380990618216,1,1,1,"",0
"GO:0008331","high voltage-gated calcium channel activity","0/16","14/18706",0,0,-0.109514173163739,1,1,1,"",0
"GO:0008353","RNA polymerase II CTD heptapeptide repeat kinase activity","0/16","12/18706",0,0,-0.101384998891928,1,1,1,"",0
"GO:0008373","sialyltransferase activity","0/16","21/18706",0,0,-0.134152043696729,1,1,1,"",0
"GO:0008374","O-acyltransferase activity","0/16","57/18706",0,0,-0.221229913874736,1,1,1,"",0
"GO:0008375","acetylglucosaminyltransferase activity","0/16","44/18706",0,0,-0.19430386640389,1,1,1,"",0
"GO:0008376","acetylgalactosaminyltransferase activity","0/16","34/18706",0,0,-0.170756889878,1,1,1,"",0
"GO:0008378","galactosyltransferase activity","0/16","26/18706",0,0,-0.149290590192634,1,1,1,"",0
"GO:0008381","mechanosensitive monoatomic ion channel activity","0/16","19/18706",0,0,-0.12759721770975,1,1,1,"",0
"GO:0008391","arachidonate monooxygenase activity","0/16","17/18706",0,0,-0.120688426626803,1,1,1,"",0
"GO:0008392","arachidonate epoxygenase activity","0/16","15/18706",0,0,-0.11336097112005,1,1,1,"",0
"GO:0008395","steroid hydroxylase activity","0/16","27/18706",0,0,-0.152138548305562,1,1,1,"",0
"GO:0008401","retinoic acid 4-hydroxylase activity","0/16","10/18706",0,0,-0.0925464676779197,1,1,1,"",0
"GO:0008408","3'-5' exonuclease activity","0/16","59/18706",0,0,-0.225089749223637,1,1,1,"",0
"GO:0008409","5'-3' exonuclease activity","0/16","17/18706",0,0,-0.120688426626803,1,1,1,"",0
"GO:0008417","fucosyltransferase activity","0/16","13/18706",0,0,-0.105527675063572,1,1,1,"",0
"GO:0008420","RNA polymerase II CTD heptapeptide repeat phosphatase activity","0/16","15/18706",0,0,-0.11336097112005,1,1,1,"",0
"GO:0008429","phosphatidylethanolamine binding","0/16","17/18706",0,0,-0.120688426626803,1,1,1,"",0
"GO:0008432","JUN kinase binding","0/16","11/18706",0,0,-0.0970661501090895,1,1,1,"",0
"GO:0008474","palmitoyl-(protein) hydrolase activity","0/16","14/18706",0,0,-0.109514173163739,1,1,1,"",0
"GO:0008483","transaminase activity","0/16","23/18706",0,0,-0.140402489371814,1,1,1,"",0
"GO:0008484","sulfuric ester hydrolase activity","0/16","17/18706",0,0,-0.120688426626803,1,1,1,"",0
"GO:0008494","translation activator activity","0/16","14/18706",0,0,-0.109514173163739,1,1,1,"",0
"GO:0008504","monoamine transmembrane transporter activity","0/16","12/18706",0,0,-0.101384998891928,1,1,1,"",0
"GO:0008509","monoatomic anion transmembrane transporter activity","0/16","147/18706",0,0,-0.356135755511519,1,1,1,"",0
"GO:0008519","ammonium channel activity","0/16","10/18706",0,0,-0.0925464676779197,1,1,1,"",0
"GO:0008525","phosphatidylcholine transporter activity","0/16","20/18706",0,0,-0.130915486052565,1,1,1,"",0
"GO:0008526","phosphatidylinositol transfer activity","0/16","18/18706",0,0,-0.124190689062987,1,1,1,"",0
"GO:0008527","taste receptor activity","0/16","29/18706",0,0,-0.157681098364912,1,1,1,"",0
"GO:0008528","G protein-coupled peptide receptor activity","0/16","124/18706",0,0,-0.326887874765107,1,1,1,"",0
"GO:0008559","ABC-type xenobiotic transporter activity","0/16","14/18706",0,0,-0.109514173163739,1,1,1,"",0
"GO:0008569","minus-end-directed microtubule motor activity","0/16","17/18706",0,0,-0.120688426626803,1,1,1,"",0
"GO:0008574","plus-end-directed microtubule motor activity","0/16","19/18706",0,0,-0.12759721770975,1,1,1,"",0
"GO:0008603","cAMP-dependent protein kinase regulator activity","0/16","13/18706",0,0,-0.105527675063572,1,1,1,"",0
"GO:0008641","ubiquitin-like modifier activating enzyme activity","0/16","10/18706",0,0,-0.0925464676779197,1,1,1,"",0
"GO:0008649","rRNA methyltransferase activity","0/16","25/18706",0,0,-0.146387549561533,1,1,1,"",0
"GO:0008656","cysteine-type endopeptidase activator activity involved in apoptotic process","0/16","12/18706",0,0,-0.101384998891928,1,1,1,"",0
"GO:0008757","S-adenosylmethionine-dependent methyltransferase activity","0/16","167/18706",0,0,-0.37979503262154,1,1,1,"",0
"GO:0008970","glycerophospholipid phospholipase A1 activity","0/16","22/18706",0,0,-0.137312668756023,1,1,1,"",0
"GO:0009055","electron transfer activity","0/16","114/18706",0,0,-0.313345575832897,1,1,1,"",0
"GO:0009881","photoreceptor activity","0/16","17/18706",0,0,-0.120688426626803,1,1,1,"",0
"GO:0009931","calcium-dependent protein serine/threonine kinase activity","0/16","11/18706",0,0,-0.0970661501090895,1,1,1,"",0
"GO:0009975","cyclase activity","0/16","21/18706",0,0,-0.134152043696729,1,1,1,"",0
"GO:0009982","pseudouridine synthase activity","0/16","13/18706",0,0,-0.105527675063572,1,1,1,"",0
"GO:0010181","FMN binding","0/16","15/18706",0,0,-0.11336097112005,1,1,1,"",0
"GO:0010314","phosphatidylinositol-5-phosphate binding","0/16","21/18706",0,0,-0.134152043696729,1,1,1,"",0
"GO:0010484","histone H3 acetyltransferase activity","0/16","16/18706",0,0,-0.11708183961519,1,1,1,"",0
"GO:0010485","histone H4 acetyltransferase activity","0/16","21/18706",0,0,-0.134152043696729,1,1,1,"",0
"GO:0010851","cyclase regulator activity","0/16","19/18706",0,0,-0.12759721770975,1,1,1,"",0
"GO:0010853","cyclase activator activity","0/16","13/18706",0,0,-0.105527675063572,1,1,1,"",0
"GO:0010854","adenylate cyclase regulator activity","0/16","10/18706",0,0,-0.0925464676779197,1,1,1,"",0
"GO:0015020","glucuronosyltransferase activity","0/16","34/18706",0,0,-0.170756889878,1,1,1,"",0
"GO:0015026","coreceptor activity","0/16","65/18706",0,0,-0.236295946683669,1,1,1,"",0
"GO:0015035","protein-disulfide reductase activity","0/16","36/18706",0,0,-0.17571680106777,1,1,1,"",0
"GO:0015036","disulfide oxidoreductase activity","0/16","43/18706",0,0,-0.192078031691522,1,1,1,"",0
"GO:0015078","proton transmembrane transporter activity","0/16","185/18706",0,0,-0.399933556514283,1,1,1,"",0
"GO:0015079","potassium ion transmembrane transporter activity","0/16","161/18706",0,0,-0.372849629688893,1,1,1,"",0
"GO:0015081","sodium ion transmembrane transporter activity","0/16","167/18706",0,0,-0.37979503262154,1,1,1,"",0
"GO:0015085","calcium ion transmembrane transporter activity","0/16","145/18706",0,0,-0.353685709453196,1,1,1,"",0
"GO:0015095","magnesium ion transmembrane transporter activity","0/16","20/18706",0,0,-0.130915486052565,1,1,1,"",0
"GO:0015106","bicarbonate transmembrane transporter activity","0/16","32/18706",0,0,-0.165649644747452,1,1,1,"",0
"GO:0015108","chloride transmembrane transporter activity","0/16","119/18706",0,0,-0.320186508323379,1,1,1,"",0
"GO:0015116","sulfate transmembrane transporter activity","0/16","15/18706",0,0,-0.11336097112005,1,1,1,"",0
"GO:0015125","bile acid transmembrane transporter activity","0/16","19/18706",0,0,-0.12759721770975,1,1,1,"",0
"GO:0015132","prostaglandin transmembrane transporter activity","0/16","12/18706",0,0,-0.101384998891928,1,1,1,"",0
"GO:0015143","urate transmembrane transporter activity","0/16","10/18706",0,0,-0.0925464676779197,1,1,1,"",0
"GO:0015144","carbohydrate transmembrane transporter activity","0/16","37/18706",0,0,-0.178145366542645,1,1,1,"",0
"GO:0015145","monosaccharide transmembrane transporter activity","0/16","24/18706",0,0,-0.14342608167785,1,1,1,"",0
"GO:0015149","hexose transmembrane transporter activity","0/16","22/18706",0,0,-0.137312668756023,1,1,1,"",0
"GO:0015165","pyrimidine nucleotide-sugar transmembrane transporter activity","0/16","11/18706",0,0,-0.0970661501090895,1,1,1,"",0
"GO:0015166","polyol transmembrane transporter activity","0/16","12/18706",0,0,-0.101384998891928,1,1,1,"",0
"GO:0015171","amino acid transmembrane transporter activity","0/16","100/18706",0,0,-0.293364587697848,1,1,1,"",0
"GO:0015172","acidic amino acid transmembrane transporter activity","0/16","18/18706",0,0,-0.124190689062987,1,1,1,"",0
"GO:0015173","aromatic amino acid transmembrane transporter activity","0/16","11/18706",0,0,-0.0970661501090895,1,1,1,"",0
"GO:0015174","basic amino acid transmembrane transporter activity","0/16","21/18706",0,0,-0.134152043696729,1,1,1,"",0
"GO:0015175","neutral L-amino acid transmembrane transporter activity","0/16","40/18706",0,0,-0.185241616346443,1,1,1,"",0
"GO:0015179","L-amino acid transmembrane transporter activity","0/16","61/18706",0,0,-0.228885310147793,1,1,1,"",0
"GO:0015187","glycine transmembrane transporter activity","0/16","11/18706",0,0,-0.0970661501090895,1,1,1,"",0
"GO:0015203","polyamine transmembrane transporter activity","0/16","11/18706",0,0,-0.0970661501090895,1,1,1,"",0
"GO:0015205","nucleobase transmembrane transporter activity","0/16","11/18706",0,0,-0.0970661501090895,1,1,1,"",0
"GO:0015215","nucleotide transmembrane transporter activity","0/16","34/18706",0,0,-0.170756889878,1,1,1,"",0
"GO:0015216","purine nucleotide transmembrane transporter activity","0/16","29/18706",0,0,-0.157681098364912,1,1,1,"",0
"GO:0015217","ADP transmembrane transporter activity","0/16","11/18706",0,0,-0.0970661501090895,1,1,1,"",0
"GO:0015220","choline transmembrane transporter activity","0/16","17/18706",0,0,-0.120688426626803,1,1,1,"",0
"GO:0015245","fatty acid transmembrane transporter activity","0/16","20/18706",0,0,-0.130915486052565,1,1,1,"",0
"GO:0015250","water channel activity","0/16","15/18706",0,0,-0.11336097112005,1,1,1,"",0
"GO:0015252","proton channel activity","0/16","28/18706",0,0,-0.154934461507984,1,1,1,"",0
"GO:0015269","calcium-activated potassium channel activity","0/16","12/18706",0,0,-0.101384998891928,1,1,1,"",0
"GO:0015271","outward rectifier potassium channel activity","0/16","24/18706",0,0,-0.14342608167785,1,1,1,"",0
"GO:0015276","ligand-gated monoatomic ion channel activity","0/16","186/18706",0,0,-0.401023827613932,1,1,1,"",0
"GO:0015278","intracellularly gated calcium channel activity","0/16","16/18706",0,0,-0.11708183961519,1,1,1,"",0
"GO:0015279","store-operated calcium channel activity","0/16","10/18706",0,0,-0.0925464676779197,1,1,1,"",0
"GO:0015280","ligand-gated sodium channel activity","0/16","18/18706",0,0,-0.124190689062987,1,1,1,"",0
"GO:0015291","secondary active transmembrane transporter activity","0/16","290/18706",0,0,-0.502152400000741,1,1,1,"",0
"GO:0015293","symporter activity","0/16","147/18706",0,0,-0.356135755511519,1,1,1,"",0
"GO:0015294","solute:monoatomic cation symporter activity","0/16","116/18706",0,0,-0.3160992727313,1,1,1,"",0
"GO:0015295","solute:proton symporter activity","0/16","24/18706",0,0,-0.14342608167785,1,1,1,"",0
"GO:0015296","monoatomic anion:monoatomic cation symporter activity","0/16","24/18706",0,0,-0.14342608167785,1,1,1,"",0
"GO:0015297","antiporter activity","0/16","138/18706",0,0,-0.344977822332121,1,1,1,"",0
"GO:0015355","secondary active monocarboxylate transmembrane transporter activity","0/16","17/18706",0,0,-0.120688426626803,1,1,1,"",0
"GO:0015368","calcium:monoatomic cation antiporter activity","0/16","14/18706",0,0,-0.109514173163739,1,1,1,"",0
"GO:0015370","solute:sodium symporter activity","0/16","79/18706",0,0,-0.260601124437902,1,1,1,"",0
"GO:0015373","monoatomic anion:sodium symporter activity","0/16","17/18706",0,0,-0.120688426626803,1,1,1,"",0
"GO:0015377","chloride:monoatomic cation symporter activity","0/16","21/18706",0,0,-0.134152043696729,1,1,1,"",0
"GO:0015378","sodium:chloride symporter activity","0/16","15/18706",0,0,-0.11336097112005,1,1,1,"",0
"GO:0015385","sodium:proton antiporter activity","0/16","16/18706",0,0,-0.11708183961519,1,1,1,"",0
"GO:0015386","potassium:proton antiporter activity","0/16","14/18706",0,0,-0.109514173163739,1,1,1,"",0
"GO:0015399","primary active transmembrane transporter activity","0/16","166/18706",0,0,-0.37864600235817,1,1,1,"",0
"GO:0015453","oxidoreduction-driven active transmembrane transporter activity","0/16","67/18706",0,0,-0.239916597756313,1,1,1,"",0
"GO:0015459","potassium channel regulator activity","0/16","67/18706",0,0,-0.239916597756313,1,1,1,"",0
"GO:0015464","acetylcholine receptor activity","0/16","20/18706",0,0,-0.130915486052565,1,1,1,"",0
"GO:0015485","cholesterol binding","0/16","56/18706",0,0,-0.219274834724271,1,1,1,"",0
"GO:0015556","C4-dicarboxylate transmembrane transporter activity","0/16","15/18706",0,0,-0.11336097112005,1,1,1,"",0
"GO:0015562","efflux transmembrane transporter activity","0/16","16/18706",0,0,-0.11708183961519,1,1,1,"",0
"GO:0015605","organophosphate ester transmembrane transporter activity","0/16","52/18706",0,0,-0.211275862106251,1,1,1,"",0
"GO:0015631","tubulin binding","0/16","396/18706",0,0,-0.588488008470109,1,1,1,"",0
"GO:0015643","toxic substance binding","0/16","11/18706",0,0,-0.0970661501090895,1,1,1,"",0
"GO:0015645","fatty acid ligase activity","0/16","25/18706",0,0,-0.146387549561533,1,1,1,"",0
"GO:0015651","quaternary ammonium group transmembrane transporter activity","0/16","13/18706",0,0,-0.105527675063572,1,1,1,"",0
"GO:0015658","branched-chain amino acid transmembrane transporter activity","0/16","10/18706",0,0,-0.0925464676779197,1,1,1,"",0
"GO:0015662","P-type ion transporter activity","0/16","25/18706",0,0,-0.146387549561533,1,1,1,"",0
"GO:0015923","mannosidase activity","0/16","16/18706",0,0,-0.11708183961519,1,1,1,"",0
"GO:0015924","mannosyl-oligosaccharide mannosidase activity","0/16","11/18706",0,0,-0.0970661501090895,1,1,1,"",0
"GO:0015926","glucosidase activity","0/16","14/18706",0,0,-0.109514173163739,1,1,1,"",0
"GO:0015929","hexosaminidase activity","0/16","15/18706",0,0,-0.11336097112005,1,1,1,"",0
"GO:0015932","nucleobase-containing compound transmembrane transporter activity","0/16","58/18706",0,0,-0.223168073005088,1,1,1,"",0
"GO:0016004","phospholipase activator activity","0/16","18/18706",0,0,-0.124190689062987,1,1,1,"",0
"GO:0016018","cyclosporin A binding","0/16","16/18706",0,0,-0.11708183961519,1,1,1,"",0
"GO:0016174","NAD(P)H oxidase H2O2-forming activity","0/16","13/18706",0,0,-0.105527675063572,1,1,1,"",0
"GO:0016175","superoxide-generating NAD(P)H oxidase activity","0/16","11/18706",0,0,-0.0970661501090895,1,1,1,"",0
"GO:0016176","superoxide-generating NADPH oxidase activator activity","0/16","11/18706",0,0,-0.0970661501090895,1,1,1,"",0
"GO:0016208","AMP binding","0/16","11/18706",0,0,-0.0970661501090895,1,1,1,"",0
"GO:0016209","antioxidant activity","0/16","76/18706",0,0,-0.25558453132869,1,1,1,"",0
"GO:0016229","steroid dehydrogenase activity","0/16","35/18706",0,0,-0.173254462537481,1,1,1,"",0
"GO:0016247","channel regulator activity","0/16","186/18706",0,0,-0.401023827613932,1,1,1,"",0
"GO:0016248","channel inhibitor activity","0/16","54/18706",0,0,-0.215312068595657,1,1,1,"",0
"GO:0016251","RNA polymerase II general transcription initiation factor activity","0/16","52/18706",0,0,-0.211275862106251,1,1,1,"",0
"GO:0016273","arginine N-methyltransferase activity","0/16","12/18706",0,0,-0.101384998891928,1,1,1,"",0
"GO:0016274","protein-arginine N-methyltransferase activity","0/16","12/18706",0,0,-0.101384998891928,1,1,1,"",0
"GO:0016278","lysine N-methyltransferase activity","0/16","64/18706",0,0,-0.234464951377143,1,1,1,"",0
"GO:0016279","protein-lysine N-methyltransferase activity","0/16","63/18706",0,0,-0.232619743142415,1,1,1,"",0
"GO:0016289","acyl-CoA hydrolase activity","0/16","28/18706",0,0,-0.154934461507984,1,1,1,"",0
"GO:0016298","lipase activity","0/16","132/18706",0,0,-0.337340467069037,1,1,1,"",0
"GO:0016303","1-phosphatidylinositol-3-kinase activity","0/16","10/18706",0,0,-0.0925464676779197,1,1,1,"",0
"GO:0016405","CoA-ligase activity","0/16","27/18706",0,0,-0.152138548305562,1,1,1,"",0
"GO:0016407","acetyltransferase activity","0/16","95/18706",0,0,-0.285898018253385,1,1,1,"",0
"GO:0016408","C-acyltransferase activity","0/16","20/18706",0,0,-0.130915486052565,1,1,1,"",0
"GO:0016409","palmitoyltransferase activity","0/16","36/18706",0,0,-0.17571680106777,1,1,1,"",0
"GO:0016410","N-acyltransferase activity","0/16","92/18706",0,0,-0.281324953520606,1,1,1,"",0
"GO:0016411","acylglycerol O-acyltransferase activity","0/16","32/18706",0,0,-0.165649644747452,1,1,1,"",0
"GO:0016413","O-acetyltransferase activity","0/16","10/18706",0,0,-0.0925464676779197,1,1,1,"",0
"GO:0016417","S-acyltransferase activity","0/16","34/18706",0,0,-0.170756889878,1,1,1,"",0
"GO:0016423","tRNA (guanine) methyltransferase activity","0/16","12/18706",0,0,-0.101384998891928,1,1,1,"",0
"GO:0016493","C-C chemokine receptor activity","0/16","26/18706",0,0,-0.149290590192634,1,1,1,"",0
"GO:0016500","protein-hormone receptor activity","0/16","22/18706",0,0,-0.137312668756023,1,1,1,"",0
"GO:0016502","nucleotide receptor activity","0/16","20/18706",0,0,-0.130915486052565,1,1,1,"",0
"GO:0016504","peptidase activator activity","0/16","60/18706",0,0,-0.226995361182015,1,1,1,"",0
"GO:0016505","peptidase activator activity involved in apoptotic process","0/16","15/18706",0,0,-0.11336097112005,1,1,1,"",0
"GO:0016530","metallochaperone activity","0/16","20/18706",0,0,-0.130915486052565,1,1,1,"",0
"GO:0016538","cyclin-dependent protein serine/threonine kinase regulator activity","0/16","52/18706",0,0,-0.211275862106251,1,1,1,"",0
"GO:0016594","glycine binding","0/16","10/18706",0,0,-0.0925464676779197,1,1,1,"",0
"GO:0016597","amino acid binding","0/16","47/18706",0,0,-0.20083478862274,1,1,1,"",0
"GO:0016614","oxidoreductase activity, acting on CH-OH group of donors","0/16","134/18706",0,0,-0.339904769500686,1,1,1,"",0
"GO:0016616","oxidoreductase activity, acting on the CH-OH group of donors, NAD or NADP as acceptor","0/16","124/18706",0,0,-0.326887874765107,1,1,1,"",0
"GO:0016620","oxidoreductase activity, acting on the aldehyde or oxo group of donors, NAD or NADP as acceptor","0/16","30/18706",0,0,-0.160380990618216,1,1,1,"",0
"GO:0016627","oxidoreductase activity, acting on the CH-CH group of donors","0/16","61/18706",0,0,-0.228885310147793,1,1,1,"",0
"GO:0016628","oxidoreductase activity, acting on the CH-CH group of donors, NAD or NADP as acceptor","0/16","34/18706",0,0,-0.170756889878,1,1,1,"",0
"GO:0016638","oxidoreductase activity, acting on the CH-NH2 group of donors","0/16","20/18706",0,0,-0.130915486052565,1,1,1,"",0
"GO:0016641","oxidoreductase activity, acting on the CH-NH2 group of donors, oxygen as acceptor","0/16","16/18706",0,0,-0.11708183961519,1,1,1,"",0
"GO:0016645","oxidoreductase activity, acting on the CH-NH group of donors","0/16","27/18706",0,0,-0.152138548305562,1,1,1,"",0
"GO:0016646","oxidoreductase activity, acting on the CH-NH group of donors, NAD or NADP as acceptor","0/16","18/18706",0,0,-0.124190689062987,1,1,1,"",0
"GO:0016651","oxidoreductase activity, acting on NAD(P)H","0/16","60/18706",0,0,-0.226995361182015,1,1,1,"",0
"GO:0016653","oxidoreductase activity, acting on NAD(P)H, heme protein as acceptor","0/16","10/18706",0,0,-0.0925464676779197,1,1,1,"",0
"GO:0016655","oxidoreductase activity, acting on NAD(P)H, quinone or similar compound as acceptor","0/16","20/18706",0,0,-0.130915486052565,1,1,1,"",0
"GO:0016661","oxidoreductase activity, acting on other nitrogenous compounds as donors","0/16","13/18706",0,0,-0.105527675063572,1,1,1,"",0
"GO:0016667","oxidoreductase activity, acting on a sulfur group of donors","0/16","57/18706",0,0,-0.221229913874736,1,1,1,"",0
"GO:0016668","oxidoreductase activity, acting on a sulfur group of donors, NAD(P) as acceptor","0/16","11/18706",0,0,-0.0970661501090895,1,1,1,"",0
"GO:0016670","oxidoreductase activity, acting on a sulfur group of donors, oxygen as acceptor","0/16","11/18706",0,0,-0.0970661501090895,1,1,1,"",0
"GO:0016684","oxidoreductase activity, acting on peroxide as acceptor","0/16","50/18706",0,0,-0.207161922422981,1,1,1,"",0
"GO:0016701","oxidoreductase activity, acting on single donors with incorporation of molecular oxygen","0/16","24/18706",0,0,-0.14342608167785,1,1,1,"",0
"GO:0016702","oxidoreductase activity, acting on single donors with incorporation of molecular oxygen, incorporation of two atoms of oxygen","0/16","23/18706",0,0,-0.140402489371814,1,1,1,"",0
"GO:0016705","oxidoreductase activity, acting on paired donors, with incorporation or reduction of molecular oxygen","0/16","188/18706",0,0,-0.403195876261705,1,1,1,"",0
"GO:0016706","2-oxoglutarate-dependent dioxygenase activity","0/16","68/18706",0,0,-0.241706872830969,1,1,1,"",0
"GO:0016709","oxidoreductase activity, acting on paired donors, with incorporation or reduction of molecular oxygen, NAD(P)H as one donor, and incorporation of one atom of oxygen","0/16","35/18706",0,0,-0.173254462537481,1,1,1,"",0
"GO:0016712","oxidoreductase activity, acting on paired donors, with incorporation or reduction of molecular oxygen, reduced flavin or flavoprotein as one donor, and incorporation of one atom of oxygen","0/16","46/18706",0,0,-0.198681437270838,1,1,1,"",0
"GO:0016713","oxidoreductase activity, acting on paired donors, with incorporation or reduction of molecular oxygen, reduced iron-sulfur protein as one donor, and incorporation of one atom of oxygen","0/16","10/18706",0,0,-0.0925464676779197,1,1,1,"",0
"GO:0016717","oxidoreductase activity, acting on paired donors, with oxidation of a pair of donors resulting in the reduction of molecular oxygen to two molecules of water","0/16","11/18706",0,0,-0.0970661501090895,1,1,1,"",0
"GO:0016722","oxidoreductase activity, acting on metal ions","0/16","18/18706",0,0,-0.124190689062987,1,1,1,"",0
"GO:0016725","oxidoreductase activity, acting on CH or CH2 groups","0/16","12/18706",0,0,-0.101384998891928,1,1,1,"",0
"GO:0016741","transferase activity, transferring one-carbon groups","0/16","212/18706",0,0,-0.428436734716593,1,1,1,"",0
"GO:0016747","acyltransferase activity, transferring groups other than amino-acyl groups","0/16","233/18706",0,0,-0.449410735179998,1,1,1,"",0
"GO:0016757","glycosyltransferase activity","0/16","267/18706",0,0,-0.481527556252359,1,1,1,"",0
"GO:0016758","hexosyltransferase activity","0/16","196/18706",0,0,-0.411774096744154,1,1,1,"",0
"GO:0016763","pentosyltransferase activity","0/16","50/18706",0,0,-0.207161922422981,1,1,1,"",0
"GO:0016765","transferase activity, transferring alkyl or aryl (other than methyl) groups","0/16","61/18706",0,0,-0.228885310147793,1,1,1,"",0
"GO:0016769","transferase activity, transferring nitrogenous groups","0/16","27/18706",0,0,-0.152138548305562,1,1,1,"",0
"GO:0016776","phosphotransferase activity, phosphate group as acceptor","0/16","37/18706",0,0,-0.178145366542645,1,1,1,"",0
"GO:0016779","nucleotidyltransferase activity","0/16","150/18706",0,0,-0.359780519467331,1,1,1,"",0
"GO:0016780","phosphotransferase activity, for other substituted phosphate groups","0/16","20/18706",0,0,-0.130915486052565,1,1,1,"",0
"GO:0016782","transferase activity, transferring sulphur-containing groups","0/16","70/18706",0,0,-0.245248785863257,1,1,1,"",0
"GO:0016783","sulfurtransferase activity","0/16","10/18706",0,0,-0.0925464676779197,1,1,1,"",0
"GO:0016790","thiolester hydrolase activity","0/16","46/18706",0,0,-0.198681437270838,1,1,1,"",0
"GO:0016791","phosphatase activity","0/16","274/18706",0,0,-0.487891494949019,1,1,1,"",0
"GO:0016798","hydrolase activity, acting on glycosyl bonds","0/16","127/18706",0,0,-0.330845239511841,1,1,1,"",0
"GO:0016799","hydrolase activity, hydrolyzing N-glycosyl compounds","0/16","35/18706",0,0,-0.173254462537481,1,1,1,"",0
"GO:0016801","hydrolase activity, acting on ether bonds","0/16","12/18706",0,0,-0.101384998891928,1,1,1,"",0
"GO:0016803","ether hydrolase activity","0/16","12/18706",0,0,-0.101384998891928,1,1,1,"",0
"GO:0016805","dipeptidase activity","0/16","18/18706",0,0,-0.124190689062987,1,1,1,"",0
"GO:0016810","hydrolase activity, acting on carbon-nitrogen (but not peptide) bonds","0/16","128/18706",0,0,-0.332154164902517,1,1,1,"",0
"GO:0016811","hydrolase activity, acting on carbon-nitrogen (but not peptide) bonds, in linear amides","0/16","68/18706",0,0,-0.241706872830969,1,1,1,"",0
"GO:0016812","hydrolase activity, acting on carbon-nitrogen (but not peptide) bonds, in cyclic amides","0/16","15/18706",0,0,-0.11336097112005,1,1,1,"",0
"GO:0016814","hydrolase activity, acting on carbon-nitrogen (but not peptide) bonds, in cyclic amidines","0/16","33/18706",0,0,-0.168222513706313,1,1,1,"",0
"GO:0016829","lyase activity","0/16","206/18706",0,0,-0.42226194411907,1,1,1,"",0
"GO:0016830","carbon-carbon lyase activity","0/16","54/18706",0,0,-0.215312068595657,1,1,1,"",0
"GO:0016831","carboxy-lyase activity","0/16","37/18706",0,0,-0.178145366542645,1,1,1,"",0
"GO:0016835","carbon-oxygen lyase activity","0/16","80/18706",0,0,-0.262252351550717,1,1,1,"",0
"GO:0016836","hydro-lyase activity","0/16","62/18706",0,0,-0.230759980998274,1,1,1,"",0
"GO:0016840","carbon-nitrogen lyase activity","0/16","12/18706",0,0,-0.101384998891928,1,1,1,"",0
"GO:0016846","carbon-sulfur lyase activity","0/16","15/18706",0,0,-0.11336097112005,1,1,1,"",0
"GO:0016849","phosphorus-oxygen lyase activity","0/16","28/18706",0,0,-0.154934461507984,1,1,1,"",0
"GO:0016853","isomerase activity","0/16","427/18706",0,0,-0.611606254479536,1,1,1,"",0
"GO:0016854","racemase and epimerase activity","0/16","19/18706",0,0,-0.12759721770975,1,1,1,"",0
"GO:0016857","racemase and epimerase activity, acting on carbohydrates and derivatives","0/16","12/18706",0,0,-0.101384998891928,1,1,1,"",0
"GO:0016859","cis-trans isomerase activity","0/16","42/18706",0,0,-0.189826342154833,1,1,1,"",0
"GO:0016860","intramolecular oxidoreductase activity","0/16","51/18706",0,0,-0.209228893479969,1,1,1,"",0
"GO:0016863","intramolecular oxidoreductase activity, transposing C=C bonds","0/16","15/18706",0,0,-0.11336097112005,1,1,1,"",0
"GO:0016864","intramolecular oxidoreductase activity, transposing S-S bonds","0/16","18/18706",0,0,-0.124190689062987,1,1,1,"",0
"GO:0016866","intramolecular transferase activity","0/16","29/18706",0,0,-0.157681098364912,1,1,1,"",0
"GO:0016868","intramolecular phosphotransferase activity","0/16","11/18706",0,0,-0.0970661501090895,1,1,1,"",0
"GO:0016874","ligase activity","0/16","166/18706",0,0,-0.37864600235817,1,1,1,"",0
"GO:0016875","ligase activity, forming carbon-oxygen bonds","0/16","41/18706",0,0,-0.18754786652178,1,1,1,"",0
"GO:0016877","ligase activity, forming carbon-sulfur bonds","0/16","40/18706",0,0,-0.185241616346443,1,1,1,"",0
"GO:0016878","acid-thiol ligase activity","0/16","30/18706",0,0,-0.160380990618216,1,1,1,"",0
"GO:0016879","ligase activity, forming carbon-nitrogen bonds","0/16","47/18706",0,0,-0.20083478862274,1,1,1,"",0
"GO:0016881","acid-amino acid ligase activity","0/16","22/18706",0,0,-0.137312668756023,1,1,1,"",0
"GO:0016887","ATP hydrolysis activity","0/16","410/18706",0,0,-0.599029278128818,1,1,1,"",0
"GO:0016888","DNA endonuclease activity, producing 5'-phosphomonoesters","0/16","15/18706",0,0,-0.11336097112005,1,1,1,"",0
"GO:0016891","RNA endonuclease activity producing 5'-phosphomonoesters, hydrolytic mechanism","0/16","35/18706",0,0,-0.173254462537481,1,1,1,"",0
"GO:0016895","DNA exonuclease activity, producing 5'-phosphomonoesters","0/16","28/18706",0,0,-0.154934461507984,1,1,1,"",0
"GO:0016896","RNA exonuclease activity, producing 5'-phosphomonoesters","0/16","42/18706",0,0,-0.189826342154833,1,1,1,"",0
"GO:0016903","oxidoreductase activity, acting on the aldehyde or oxo group of donors","0/16","41/18706",0,0,-0.18754786652178,1,1,1,"",0
"GO:0016917","GABA receptor activity","0/16","23/18706",0,0,-0.140402489371814,1,1,1,"",0
"GO:0016918","retinal binding","0/16","20/18706",0,0,-0.130915486052565,1,1,1,"",0
"GO:0016922","nuclear receptor binding","0/16","138/18706",0,0,-0.344977822332121,1,1,1,"",0
"GO:0017017","MAP kinase tyrosine/serine/threonine phosphatase activity","0/16","13/18706",0,0,-0.105527675063572,1,1,1,"",0
"GO:0017022","myosin binding","0/16","74/18706",0,0,-0.252185620106578,1,1,1,"",0
"GO:0017025","TBP-class protein binding","0/16","26/18706",0,0,-0.149290590192634,1,1,1,"",0
"GO:0017046","peptide hormone binding","0/16","52/18706",0,0,-0.211275862106251,1,1,1,"",0
"GO:0017056","structural constituent of nuclear pore","0/16","25/18706",0,0,-0.146387549561533,1,1,1,"",0
"GO:0017069","snRNA binding","0/16","52/18706",0,0,-0.211275862106251,1,1,1,"",0
"GO:0017070","U6 snRNA binding","0/16","15/18706",0,0,-0.11336097112005,1,1,1,"",0
"GO:0017075","syntaxin-1 binding","0/16","19/18706",0,0,-0.12759721770975,1,1,1,"",0
"GO:0017080","sodium channel regulator activity","0/16","42/18706",0,0,-0.189826342154833,1,1,1,"",0
"GO:0017081","chloride channel regulator activity","0/16","14/18706",0,0,-0.109514173163739,1,1,1,"",0
"GO:0017110","nucleoside diphosphate phosphatase activity","0/16","17/18706",0,0,-0.120688426626803,1,1,1,"",0
"GO:0017116","single-stranded DNA helicase activity","0/16","23/18706",0,0,-0.140402489371814,1,1,1,"",0
"GO:0017124","SH3 domain binding","0/16","114/18706",0,0,-0.313345575832897,1,1,1,"",0
"GO:0017128","phospholipid scramblase activity","0/16","23/18706",0,0,-0.140402489371814,1,1,1,"",0
"GO:0017134","fibroblast growth factor binding","0/16","23/18706",0,0,-0.140402489371814,1,1,1,"",0
"GO:0017147","Wnt-protein binding","0/16","31/18706",0,0,-0.163036460608927,1,1,1,"",0
"GO:0017154","semaphorin receptor activity","0/16","13/18706",0,0,-0.105527675063572,1,1,1,"",0
"GO:0017166","vinculin binding","0/16","12/18706",0,0,-0.101384998891928,1,1,1,"",0
"GO:0018455","alcohol dehydrogenase [NAD(P)+] activity","0/16","53/18706",0,0,-0.213303404198075,1,1,1,"",0
"GO:0018812","3-hydroxyacyl-CoA dehydratase activity","0/16","10/18706",0,0,-0.0925464676779197,1,1,1,"",0
"GO:0019001","guanyl nucleotide binding","0/16","407/18706",0,0,-0.596784758421703,1,1,1,"",0
"GO:0019003","GDP binding","0/16","64/18706",0,0,-0.234464951377143,1,1,1,"",0
"GO:0019104","DNA N-glycosylase activity","0/16","13/18706",0,0,-0.105527675063572,1,1,1,"",0
"GO:0019107","myristoyltransferase activity","0/16","11/18706",0,0,-0.0970661501090895,1,1,1,"",0
"GO:0019198","transmembrane receptor protein phosphatase activity","0/16","17/18706",0,0,-0.120688426626803,1,1,1,"",0
"GO:0019199","transmembrane receptor protein kinase activity","0/16","79/18706",0,0,-0.260601124437902,1,1,1,"",0
"GO:0019200","carbohydrate kinase activity","0/16","21/18706",0,0,-0.134152043696729,1,1,1,"",0
"GO:0019203","carbohydrate phosphatase activity","0/16","13/18706",0,0,-0.105527675063572,1,1,1,"",0
"GO:0019205","nucleobase-containing compound kinase activity","0/16","40/18706",0,0,-0.185241616346443,1,1,1,"",0
"GO:0019208","phosphatase regulator activity","0/16","127/18706",0,0,-0.330845239511841,1,1,1,"",0
"GO:0019209","kinase activator activity","0/16","157/18706",0,0,-0.368149124913805,1,1,1,"",0
"GO:0019211","phosphatase activator activity","0/16","31/18706",0,0,-0.163036460608927,1,1,1,"",0
"GO:0019212","phosphatase inhibitor activity","0/16","59/18706",0,0,-0.225089749223637,1,1,1,"",0
"GO:0019213","deacetylase activity","0/16","37/18706",0,0,-0.178145366542645,1,1,1,"",0
"GO:0019215","intermediate filament binding","0/16","11/18706",0,0,-0.0970661501090895,1,1,1,"",0
"GO:0019239","deaminase activity","0/16","32/18706",0,0,-0.165649644747452,1,1,1,"",0
"GO:0019531","oxalate transmembrane transporter activity","0/16","10/18706",0,0,-0.0925464676779197,1,1,1,"",0
"GO:0019706","protein-cysteine S-palmitoyltransferase activity","0/16","27/18706",0,0,-0.152138548305562,1,1,1,"",0
"GO:0019707","protein-cysteine S-acyltransferase activity","0/16","29/18706",0,0,-0.157681098364912,1,1,1,"",0
"GO:0019763","immunoglobulin receptor activity","0/16","14/18706",0,0,-0.109514173163739,1,1,1,"",0
"GO:0019783","ubiquitin-like protein peptidase activity","0/16","127/18706",0,0,-0.330845239511841,1,1,1,"",0
"GO:0019787","ubiquitin-like protein transferase activity","0/16","498/18706",0,0,-0.661786259738621,1,1,1,"",0
"GO:0019789","SUMO transferase activity","0/16","35/18706",0,0,-0.173254462537481,1,1,1,"",0
"GO:0019825","oxygen binding","0/16","33/18706",0,0,-0.168222513706313,1,1,1,"",0
"GO:0019829","ATPase-coupled monoatomic cation transmembrane transporter activity","0/16","54/18706",0,0,-0.215312068595657,1,1,1,"",0
"GO:0019838","growth factor binding","0/16","135/18706",0,0,-0.341179898887453,1,1,1,"",0
"GO:0019840","isoprenoid binding","0/16","40/18706",0,0,-0.185241616346443,1,1,1,"",0
"GO:0019841","retinol binding","0/16","16/18706",0,0,-0.11708183961519,1,1,1,"",0
"GO:0019842","vitamin binding","0/16","151/18706",0,0,-0.360987522826632,1,1,1,"",0
"GO:0019843","rRNA binding","0/16","69/18706",0,0,-0.243484174841488,1,1,1,"",0
"GO:0019855","calcium channel inhibitor activity","0/16","14/18706",0,0,-0.109514173163739,1,1,1,"",0
"GO:0019864","IgG binding","0/16","14/18706",0,0,-0.109514173163739,1,1,1,"",0
"GO:0019865","immunoglobulin binding","0/16","30/18706",0,0,-0.160380990618216,1,1,1,"",0
"GO:0019870","potassium channel inhibitor activity","0/16","14/18706",0,0,-0.109514173163739,1,1,1,"",0
"GO:0019888","protein phosphatase regulator activity","0/16","112/18706",0,0,-0.310568064101709,1,1,1,"",0
"GO:0019894","kinesin binding","0/16","43/18706",0,0,-0.192078031691522,1,1,1,"",0
"GO:0019902","phosphatase binding","0/16","195/18706",0,0,-0.410711215182326,1,1,1,"",0
"GO:0019903","protein phosphatase binding","0/16","148/18706",0,0,-0.357354676143973,1,1,1,"",0
"GO:0019905","syntaxin binding","0/16","61/18706",0,0,-0.228885310147793,1,1,1,"",0
"GO:0019911","structural constituent of myelin sheath","0/16","11/18706",0,0,-0.0970661501090895,1,1,1,"",0
"GO:0019914","cyclin-dependent protein kinase regulator activity","0/16","52/18706",0,0,-0.211275862106251,1,1,1,"",0
"GO:0019955","cytokine binding","0/16","143/18706",0,0,-0.351219106162387,1,1,1,"",0
"GO:0019956","chemokine binding","0/16","34/18706",0,0,-0.170756889878,1,1,1,"",0
"GO:0019957","C-C chemokine binding","0/16","25/18706",0,0,-0.146387549561533,1,1,1,"",0
"GO:0019992","diacylglycerol binding","0/16","15/18706",0,0,-0.11336097112005,1,1,1,"",0
"GO:0020037","heme binding","0/16","143/18706",0,0,-0.351219106162387,1,1,1,"",0
"GO:0022804","active transmembrane transporter activity","0/16","459/18706",0,0,-0.634665372358711,1,1,1,"",0
"GO:0022821","solute:potassium antiporter activity","0/16","19/18706",0,0,-0.12759721770975,1,1,1,"",0
"GO:0022824","transmitter-gated monoatomic ion channel activity","0/16","62/18706",0,0,-0.230759980998274,1,1,1,"",0
"GO:0022829","wide pore channel activity","0/16","44/18706",0,0,-0.19430386640389,1,1,1,"",0
"GO:0022832","voltage-gated channel activity","0/16","175/18706",0,0,-0.388869420784405,1,1,1,"",0
"GO:0022834","ligand-gated channel activity","0/16","188/18706",0,0,-0.403195876261705,1,1,1,"",0
"GO:0022835","transmitter-gated channel activity","0/16","62/18706",0,0,-0.230759980998274,1,1,1,"",0
"GO:0022836","gated channel activity","0/16","317/18706",0,0,-0.5253935920427,1,1,1,"",0
"GO:0022839","monoatomic ion-gated channel activity","0/16","31/18706",0,0,-0.163036460608927,1,1,1,"",0
"GO:0022840","leak channel activity","0/16","20/18706",0,0,-0.130915486052565,1,1,1,"",0
"GO:0022841","potassium ion leak channel activity","0/16","16/18706",0,0,-0.11708183961519,1,1,1,"",0
"GO:0022842","narrow pore channel activity","0/16","20/18706",0,0,-0.130915486052565,1,1,1,"",0
"GO:0022843","voltage-gated monoatomic cation channel activity","0/16","143/18706",0,0,-0.351219106162387,1,1,1,"",0
"GO:0022848","acetylcholine-gated monoatomic cation-selective channel activity","0/16","17/18706",0,0,-0.120688426626803,1,1,1,"",0
"GO:0022851","GABA-gated chloride ion channel activity","0/16","15/18706",0,0,-0.11336097112005,1,1,1,"",0
"GO:0022853","active monoatomic ion transmembrane transporter activity","0/16","116/18706",0,0,-0.3160992727313,1,1,1,"",0
"GO:0022858","alanine transmembrane transporter activity","0/16","16/18706",0,0,-0.11708183961519,1,1,1,"",0
"GO:0022884","macromolecule transmembrane transporter activity","0/16","31/18706",0,0,-0.163036460608927,1,1,1,"",0
"GO:0023023","MHC protein complex binding","0/16","37/18706",0,0,-0.178145366542645,1,1,1,"",0
"GO:0023026","MHC class II protein complex binding","0/16","27/18706",0,0,-0.152138548305562,1,1,1,"",0
"GO:0030020","extracellular matrix structural constituent conferring tensile strength","0/16","42/18706",0,0,-0.189826342154833,1,1,1,"",0
"GO:0030023","extracellular matrix constituent conferring elasticity","0/16","10/18706",0,0,-0.0925464676779197,1,1,1,"",0
"GO:0030145","manganese ion binding","0/16","70/18706",0,0,-0.245248785863257,1,1,1,"",0
"GO:0030159","signaling receptor complex adaptor activity","0/16","53/18706",0,0,-0.213303404198075,1,1,1,"",0
"GO:0030165","PDZ domain binding","0/16","85/18706",0,0,-0.270359826899489,1,1,1,"",0
"GO:0030169","low-density lipoprotein particle binding","0/16","17/18706",0,0,-0.120688426626803,1,1,1,"",0
"GO:0030170","pyridoxal phosphate binding","0/16","56/18706",0,0,-0.219274834724271,1,1,1,"",0
"GO:0030215","semaphorin receptor binding","0/16","24/18706",0,0,-0.14342608167785,1,1,1,"",0
"GO:0030228","lipoprotein particle receptor activity","0/16","18/18706",0,0,-0.124190689062987,1,1,1,"",0
"GO:0030235","nitric-oxide synthase regulator activity","0/16","11/18706",0,0,-0.0970661501090895,1,1,1,"",0
"GO:0030246","carbohydrate binding","0/16","280/18706",0,0,-0.493284738411586,1,1,1,"",0
"GO:0030247","polysaccharide binding","0/16","26/18706",0,0,-0.149290590192634,1,1,1,"",0
"GO:0030275","LRR domain binding","0/16","17/18706",0,0,-0.120688426626803,1,1,1,"",0
"GO:0030276","clathrin binding","0/16","47/18706",0,0,-0.20083478862274,1,1,1,"",0
"GO:0030280","structural constituent of skin epidermis","0/16","62/18706",0,0,-0.230759980998274,1,1,1,"",0
"GO:0030292","protein tyrosine kinase inhibitor activity","0/16","10/18706",0,0,-0.0925464676779197,1,1,1,"",0
"GO:0030295","protein kinase activator activity","0/16","145/18706",0,0,-0.353685709453196,1,1,1,"",0
"GO:0030296","protein tyrosine kinase activator activity","0/16","35/18706",0,0,-0.173254462537481,1,1,1,"",0
"GO:0030297","transmembrane receptor protein tyrosine kinase activator activity","0/16","14/18706",0,0,-0.109514173163739,1,1,1,"",0
"GO:0030331","nuclear estrogen receptor binding","0/16","39/18706",0,0,-0.182906540972136,1,1,1,"",0
"GO:0030332","cyclin binding","0/16","33/18706",0,0,-0.168222513706313,1,1,1,"",0
"GO:0030371","translation repressor activity","0/16","36/18706",0,0,-0.17571680106777,1,1,1,"",0
"GO:0030414","peptidase inhibitor activity","0/16","179/18706",0,0,-0.393330986761699,1,1,1,"",0
"GO:0030506","ankyrin binding","0/16","19/18706",0,0,-0.12759721770975,1,1,1,"",0
"GO:0030507","spectrin binding","0/16","27/18706",0,0,-0.152138548305562,1,1,1,"",0
"GO:0030515","snoRNA binding","0/16","30/18706",0,0,-0.160380990618216,1,1,1,"",0
"GO:0030527","structural constituent of chromatin","0/16","98/18706",0,0,-0.290400517572764,1,1,1,"",0
"GO:0030544","Hsp70 protein binding","0/16","50/18706",0,0,-0.207161922422981,1,1,1,"",0
"GO:0030547","signaling receptor inhibitor activity","0/16","48/18706",0,0,-0.202965522549921,1,1,1,"",0
"GO:0030548","acetylcholine receptor regulator activity","0/16","18/18706",0,0,-0.124190689062987,1,1,1,"",0
"GO:0030551","cyclic nucleotide binding","0/16","36/18706",0,0,-0.17571680106777,1,1,1,"",0
"GO:0030552","cAMP binding","0/16","25/18706",0,0,-0.146387549561533,1,1,1,"",0
"GO:0030553","cGMP binding","0/16","15/18706",0,0,-0.11336097112005,1,1,1,"",0
"GO:0030594","neurotransmitter receptor activity","0/16","94/18706",0,0,-0.284381671008381,1,1,1,"",0
"GO:0030627","pre-mRNA 5'-splice site binding","0/16","20/18706",0,0,-0.130915486052565,1,1,1,"",0
"GO:0030695","GTPase regulator activity","0/16","499/18706",0,0,-0.662468562491955,1,1,1,"",0
"GO:0030742","GTP-dependent protein binding","0/16","24/18706",0,0,-0.14342608167785,1,1,1,"",0
"GO:0030881","beta-2-microglobulin binding","0/16","11/18706",0,0,-0.0970661501090895,1,1,1,"",0
"GO:0030955","potassium ion binding","0/16","13/18706",0,0,-0.105527675063572,1,1,1,"",0
"GO:0030957","Tat protein binding","0/16","10/18706",0,0,-0.0925464676779197,1,1,1,"",0
"GO:0030971","receptor tyrosine kinase binding","0/16","82/18706",0,0,-0.265524525620704,1,1,1,"",0
"GO:0030983","mismatched DNA binding","0/16","14/18706",0,0,-0.109514173163739,1,1,1,"",0
"GO:0031072","heat shock protein binding","0/16","130/18706",0,0,-0.334757080692163,1,1,1,"",0
"GO:0031210","phosphatidylcholine binding","0/16","31/18706",0,0,-0.163036460608927,1,1,1,"",0
"GO:0031267","small GTPase binding","0/16","289/18706",0,0,-0.501272262839444,1,1,1,"",0
"GO:0031369","translation initiation factor binding","0/16","34/18706",0,0,-0.170756889878,1,1,1,"",0
"GO:0031386","protein tag activity","0/16","15/18706",0,0,-0.11336097112005,1,1,1,"",0
"GO:0031404","chloride ion binding","0/16","14/18706",0,0,-0.109514173163739,1,1,1,"",0
"GO:0031406","carboxylic acid binding","0/16","185/18706",0,0,-0.399933556514283,1,1,1,"",0
"GO:0031418","L-ascorbic acid binding","0/16","20/18706",0,0,-0.130915486052565,1,1,1,"",0
"GO:0031419","cobalamin binding","0/16","10/18706",0,0,-0.0925464676779197,1,1,1,"",0
"GO:0031420","alkali metal ion binding","0/16","20/18706",0,0,-0.130915486052565,1,1,1,"",0
"GO:0031432","titin binding","0/16","13/18706",0,0,-0.105527675063572,1,1,1,"",0
"GO:0031434","mitogen-activated protein kinase kinase binding","0/16","10/18706",0,0,-0.0925464676779197,1,1,1,"",0
"GO:0031435","mitogen-activated protein kinase kinase kinase binding","0/16","17/18706",0,0,-0.120688426626803,1,1,1,"",0
"GO:0031489","myosin V binding","0/16","17/18706",0,0,-0.120688426626803,1,1,1,"",0
"GO:0031490","chromatin DNA binding","0/16","146/18706",0,0,-0.354912780640481,1,1,1,"",0
"GO:0031491","nucleosome binding","0/16","92/18706",0,0,-0.281324953520606,1,1,1,"",0
"GO:0031492","nucleosomal DNA binding","0/16","59/18706",0,0,-0.225089749223637,1,1,1,"",0
"GO:0031543","peptidyl-proline dioxygenase activity","0/16","12/18706",0,0,-0.101384998891928,1,1,1,"",0
"GO:0031593","polyubiquitin modification-dependent protein binding","0/16","57/18706",0,0,-0.221229913874736,1,1,1,"",0
"GO:0031624","ubiquitin conjugating enzyme binding","0/16","32/18706",0,0,-0.165649644747452,1,1,1,"",0
"GO:0031625","ubiquitin protein ligase binding","0/16","293/18706",0,0,-0.504784174069575,1,1,1,"",0
"GO:0031681","G-protein beta-subunit binding","0/16","23/18706",0,0,-0.140402489371814,1,1,1,"",0
"GO:0031690","adrenergic receptor binding","0/16","18/18706",0,0,-0.124190689062987,1,1,1,"",0
"GO:0031731","CCR6 chemokine receptor binding","0/16","11/18706",0,0,-0.0970661501090895,1,1,1,"",0
"GO:0031956","medium-chain fatty acid-CoA ligase activity","0/16","10/18706",0,0,-0.0925464676779197,1,1,1,"",0
"GO:0031957","very long-chain fatty acid-CoA ligase activity","0/16","10/18706",0,0,-0.0925464676779197,1,1,1,"",0
"GO:0031994","insulin-like growth factor I binding","0/16","13/18706",0,0,-0.105527675063572,1,1,1,"",0
"GO:0031996","thioesterase binding","0/16","10/18706",0,0,-0.0925464676779197,1,1,1,"",0
"GO:0032036","myosin heavy chain binding","0/16","13/18706",0,0,-0.105527675063572,1,1,1,"",0
"GO:0032050","clathrin heavy chain binding","0/16","11/18706",0,0,-0.0970661501090895,1,1,1,"",0
"GO:0032052","bile acid binding","0/16","10/18706",0,0,-0.0925464676779197,1,1,1,"",0
"GO:0032183","SUMO binding","0/16","17/18706",0,0,-0.120688426626803,1,1,1,"",0
"GO:0032266","phosphatidylinositol-3-phosphate binding","0/16","48/18706",0,0,-0.202965522549921,1,1,1,"",0
"GO:0032356","oxidized DNA binding","0/16","10/18706",0,0,-0.0925464676779197,1,1,1,"",0
"GO:0032393","MHC class I receptor activity","0/16","19/18706",0,0,-0.12759721770975,1,1,1,"",0
"GO:0032394","MHC class Ib receptor activity","0/16","10/18706",0,0,-0.0925464676779197,1,1,1,"",0
"GO:0032395","MHC class II receptor activity","0/16","14/18706",0,0,-0.109514173163739,1,1,1,"",0
"GO:0032396","inhibitory MHC class I receptor activity","0/16","13/18706",0,0,-0.105527675063572,1,1,1,"",0
"GO:0032404","mismatch repair complex binding","0/16","11/18706",0,0,-0.0970661501090895,1,1,1,"",0
"GO:0032451","demethylase activity","0/16","46/18706",0,0,-0.198681437270838,1,1,1,"",0
"GO:0032452","histone demethylase activity","0/16","32/18706",0,0,-0.165649644747452,1,1,1,"",0
"GO:0032454","histone H3K9 demethylase activity","0/16","14/18706",0,0,-0.109514173163739,1,1,1,"",0
"GO:0032561","guanyl ribonucleotide binding","0/16","407/18706",0,0,-0.596784758421703,1,1,1,"",0
"GO:0032794","GTPase activating protein binding","0/16","11/18706",0,0,-0.0970661501090895,1,1,1,"",0
"GO:0032813","tumor necrosis factor receptor superfamily binding","0/16","49/18706",0,0,-0.205074344078679,1,1,1,"",0
"GO:0032934","sterol binding","0/16","69/18706",0,0,-0.243484174841488,1,1,1,"",0
"GO:0032977","membrane insertase activity","0/16","16/18706",0,0,-0.11708183961519,1,1,1,"",0
"GO:0033038","bitter taste receptor activity","0/16","23/18706",0,0,-0.140402489371814,1,1,1,"",0
"GO:0033130","acetylcholine receptor binding","0/16","15/18706",0,0,-0.11336097112005,1,1,1,"",0
"GO:0033204","ribonuclease P RNA binding","0/16","10/18706",0,0,-0.0925464676779197,1,1,1,"",0
"GO:0033293","monocarboxylic acid binding","0/16","79/18706",0,0,-0.260601124437902,1,1,1,"",0
"GO:0033549","MAP kinase phosphatase activity","0/16","18/18706",0,0,-0.124190689062987,1,1,1,"",0
"GO:0033558","protein lysine deacetylase activity","0/16","22/18706",0,0,-0.137312668756023,1,1,1,"",0
"GO:0033612","receptor serine/threonine kinase binding","0/16","30/18706",0,0,-0.160380990618216,1,1,1,"",0
"GO:0033691","sialic acid binding","0/16","22/18706",0,0,-0.137312668756023,1,1,1,"",0
"GO:0033764","steroid dehydrogenase activity, acting on the CH-OH group of donors, NAD or NADP as acceptor","0/16","32/18706",0,0,-0.165649644747452,1,1,1,"",0
"GO:0034056","estrogen response element binding","0/16","11/18706",0,0,-0.0970661501090895,1,1,1,"",0
"GO:0034061","DNA polymerase activity","0/16","35/18706",0,0,-0.173254462537481,1,1,1,"",0
"GO:0034062","5'-3' RNA polymerase activity","0/16","33/18706",0,0,-0.168222513706313,1,1,1,"",0
"GO:0034185","apolipoprotein binding","0/16","18/18706",0,0,-0.124190689062987,1,1,1,"",0
"GO:0034212","protein N-acetyltransferase activity","0/16","54/18706",0,0,-0.215312068595657,1,1,1,"",0
"GO:0034236","protein kinase A catalytic subunit binding","0/16","13/18706",0,0,-0.105527675063572,1,1,1,"",0
"GO:0034237","protein kinase A regulatory subunit binding","0/16","25/18706",0,0,-0.146387549561533,1,1,1,"",0
"GO:0034450","ubiquitin-ubiquitin ligase activity","0/16","16/18706",0,0,-0.11708183961519,1,1,1,"",0
"GO:0034452","dynactin binding","0/16","15/18706",0,0,-0.11336097112005,1,1,1,"",0
"GO:0034483","heparan sulfate sulfotransferase activity","0/16","15/18706",0,0,-0.11336097112005,1,1,1,"",0
"GO:0034485","phosphatidylinositol-3,4,5-trisphosphate 5-phosphatase activity","0/16","10/18706",0,0,-0.0925464676779197,1,1,1,"",0
"GO:0034593","phosphatidylinositol bisphosphate phosphatase activity","0/16","26/18706",0,0,-0.149290590192634,1,1,1,"",0
"GO:0034594","phosphatidylinositol trisphosphate phosphatase activity","0/16","13/18706",0,0,-0.105527675063572,1,1,1,"",0
"GO:0034595","phosphatidylinositol phosphate 5-phosphatase activity","0/16","14/18706",0,0,-0.109514173163739,1,1,1,"",0
"GO:0034596","phosphatidylinositol phosphate 4-phosphatase activity","0/16","10/18706",0,0,-0.0925464676779197,1,1,1,"",0
"GO:0034713","type I transforming growth factor beta receptor binding","0/16","11/18706",0,0,-0.0970661501090895,1,1,1,"",0
"GO:0034987","immunoglobulin receptor binding","0/16","19/18706",0,0,-0.12759721770975,1,1,1,"",0
"GO:0035014","phosphatidylinositol 3-kinase regulator activity","0/16","15/18706",0,0,-0.11336097112005,1,1,1,"",0
"GO:0035035","histone acetyltransferase binding","0/16","26/18706",0,0,-0.149290590192634,1,1,1,"",0
"GO:0035091","phosphatidylinositol binding","0/16","283/18706",0,0,-0.495960670677029,1,1,1,"",0
"GO:0035173","histone kinase activity","0/16","27/18706",0,0,-0.152138548305562,1,1,1,"",0
"GO:0035197","siRNA binding","0/16","12/18706",0,0,-0.101384998891928,1,1,1,"",0
"GO:0035198","miRNA binding","0/16","41/18706",0,0,-0.18754786652178,1,1,1,"",0
"GO:0035250","UDP-galactosyltransferase activity","0/16","26/18706",0,0,-0.149290590192634,1,1,1,"",0
"GO:0035251","UDP-glucosyltransferase activity","0/16","13/18706",0,0,-0.105527675063572,1,1,1,"",0
"GO:0035252","UDP-xylosyltransferase activity","0/16","11/18706",0,0,-0.0970661501090895,1,1,1,"",0
"GO:0035254","glutamate receptor binding","0/16","47/18706",0,0,-0.20083478862274,1,1,1,"",0
"GO:0035255","ionotropic glutamate receptor binding","0/16","30/18706",0,0,-0.160380990618216,1,1,1,"",0
"GO:0035256","G protein-coupled glutamate receptor binding","0/16","10/18706",0,0,-0.0925464676779197,1,1,1,"",0
"GO:0035259","nuclear glucocorticoid receptor binding","0/16","14/18706",0,0,-0.109514173163739,1,1,1,"",0
"GO:0035325","Toll-like receptor binding","0/16","13/18706",0,0,-0.105527675063572,1,1,1,"",0
"GO:0035374","chondroitin sulfate binding","0/16","10/18706",0,0,-0.0925464676779197,1,1,1,"",0
"GO:0035473","lipase binding","0/16","10/18706",0,0,-0.0925464676779197,1,1,1,"",0
"GO:0035497","cAMP response element binding","0/16","13/18706",0,0,-0.105527675063572,1,1,1,"",0
"GO:0035591","signaling adaptor activity","0/16","143/18706",0,0,-0.351219106162387,1,1,1,"",0
"GO:0035613","RNA stem-loop binding","0/16","21/18706",0,0,-0.134152043696729,1,1,1,"",0
"GO:0035615","clathrin-cargo adaptor activity","0/16","21/18706",0,0,-0.134152043696729,1,1,1,"",0
"GO:0035651","AP-3 adaptor complex binding","0/16","23/18706",0,0,-0.140402489371814,1,1,1,"",0
"GO:0035673","oligopeptide transmembrane transporter activity","0/16","13/18706",0,0,-0.105527675063572,1,1,1,"",0
"GO:0035925","mRNA 3'-UTR AU-rich region binding","0/16","29/18706",0,0,-0.157681098364912,1,1,1,"",0
"GO:0036002","pre-mRNA binding","0/16","58/18706",0,0,-0.223168073005088,1,1,1,"",0
"GO:0036041","long-chain fatty acid binding","0/16","16/18706",0,0,-0.11708183961519,1,1,1,"",0
"GO:0036122","BMP binding","0/16","21/18706",0,0,-0.134152043696729,1,1,1,"",0
"GO:0036312","phosphatidylinositol 3-kinase regulatory subunit binding","0/16","12/18706",0,0,-0.101384998891928,1,1,1,"",0
"GO:0036408","histone H3K14 acetyltransferase activity","0/16","10/18706",0,0,-0.0925464676779197,1,1,1,"",0
"GO:0036435","K48-linked polyubiquitin modification-dependent protein binding","0/16","10/18706",0,0,-0.0925464676779197,1,1,1,"",0
"GO:0038024","cargo receptor activity","0/16","74/18706",0,0,-0.252185620106578,1,1,1,"",0
"GO:0038036","sphingosine-1-phosphate receptor activity","0/16","10/18706",0,0,-0.0925464676779197,1,1,1,"",0
"GO:0038187","pattern recognition receptor activity","0/16","56/18706",0,0,-0.219274834724271,1,1,1,"",0
"GO:0038191","neuropilin binding","0/16","17/18706",0,0,-0.120688426626803,1,1,1,"",0
"GO:0039706","co-receptor binding","0/16","13/18706",0,0,-0.105527675063572,1,1,1,"",0
"GO:0042043","neurexin family protein binding","0/16","14/18706",0,0,-0.109514173163739,1,1,1,"",0
"GO:0042054","histone methyltransferase activity","0/16","58/18706",0,0,-0.223168073005088,1,1,1,"",0
"GO:0042056","chemoattractant activity","0/16","44/18706",0,0,-0.19430386640389,1,1,1,"",0
"GO:0042162","telomeric DNA binding","0/16","37/18706",0,0,-0.178145366542645,1,1,1,"",0
"GO:0042166","acetylcholine binding","0/16","10/18706",0,0,-0.0925464676779197,1,1,1,"",0
"GO:0042169","SH2 domain binding","0/16","41/18706",0,0,-0.18754786652178,1,1,1,"",0
"GO:0042171","lysophosphatidic acid acyltransferase activity","0/16","24/18706",0,0,-0.14342608167785,1,1,1,"",0
"GO:0042277","peptide binding","0/16","230/18706",0,0,-0.446471907835196,1,1,1,"",0
"GO:0042285","xylosyltransferase activity","0/16","11/18706",0,0,-0.0970661501090895,1,1,1,"",0
"GO:0042287","MHC protein binding","0/16","41/18706",0,0,-0.18754786652178,1,1,1,"",0
"GO:0042288","MHC class I protein binding","0/16","20/18706",0,0,-0.130915486052565,1,1,1,"",0
"GO:0042301","phosphate ion binding","0/16","13/18706",0,0,-0.105527675063572,1,1,1,"",0
"GO:0042379","chemokine receptor binding","0/16","77/18706",0,0,-0.257267418173264,1,1,1,"",0
"GO:0042393","histone binding","0/16","174/18706",0,0,-0.387746311565324,1,1,1,"",0
"GO:0042562","hormone binding","0/16","95/18706",0,0,-0.285898018253385,1,1,1,"",0
"GO:0042577","lipid phosphatase activity","0/16","19/18706",0,0,-0.12759721770975,1,1,1,"",0
"GO:0042578","phosphoric ester hydrolase activity","0/16","363/18706",0,0,-0.562927320042679,1,1,1,"",0
"GO:0042605","peptide antigen binding","0/16","45/18706",0,0,-0.196504724914525,1,1,1,"",0
"GO:0042608","T cell receptor binding","0/16","12/18706",0,0,-0.101384998891928,1,1,1,"",0
"GO:0042625","ATPase-coupled ion transmembrane transporter activity","0/16","24/18706",0,0,-0.14342608167785,1,1,1,"",0
"GO:0042626","ATPase-coupled transmembrane transporter activity","0/16","99/18706",0,0,-0.291886235482816,1,1,1,"",0
"GO:0042799","histone H4K20 methyltransferase activity","0/16","10/18706",0,0,-0.0925464676779197,1,1,1,"",0
"GO:0042800","histone H3K4 methyltransferase activity","0/16","19/18706",0,0,-0.12759721770975,1,1,1,"",0
"GO:0042805","actinin binding","0/16","37/18706",0,0,-0.178145366542645,1,1,1,"",0
"GO:0042809","nuclear vitamin D receptor binding","0/16","15/18706",0,0,-0.11336097112005,1,1,1,"",0
"GO:0042813","Wnt receptor activity","0/16","15/18706",0,0,-0.11336097112005,1,1,1,"",0
"GO:0042826","histone deacetylase binding","0/16","133/18706",0,0,-0.33862497659434,1,1,1,"",0
"GO:0042834","peptidoglycan binding","0/16","16/18706",0,0,-0.11708183961519,1,1,1,"",0
"GO:0042910","xenobiotic transmembrane transporter activity","0/16","29/18706",0,0,-0.157681098364912,1,1,1,"",0
"GO:0042923","neuropeptide binding","0/16","26/18706",0,0,-0.149290590192634,1,1,1,"",0
"GO:0042974","nuclear retinoic acid receptor binding","0/16","24/18706",0,0,-0.14342608167785,1,1,1,"",0
"GO:0042975","peroxisome proliferator activated receptor binding","0/16","10/18706",0,0,-0.0925464676779197,1,1,1,"",0
"GO:0043014","alpha-tubulin binding","0/16","42/18706",0,0,-0.189826342154833,1,1,1,"",0
"GO:0043015","gamma-tubulin binding","0/16","31/18706",0,0,-0.163036460608927,1,1,1,"",0
"GO:0043021","ribonucleoprotein complex binding","0/16","180/18706",0,0,-0.394438791572722,1,1,1,"",0
"GO:0043022","ribosome binding","0/16","114/18706",0,0,-0.313345575832897,1,1,1,"",0
"GO:0043023","ribosomal large subunit binding","0/16","20/18706",0,0,-0.130915486052565,1,1,1,"",0
"GO:0043024","ribosomal small subunit binding","0/16","18/18706",0,0,-0.124190689062987,1,1,1,"",0
"GO:0043027","cysteine-type endopeptidase inhibitor activity involved in apoptotic process","0/16","16/18706",0,0,-0.11708183961519,1,1,1,"",0
"GO:0043028","cysteine-type endopeptidase regulator activity involved in apoptotic process","0/16","30/18706",0,0,-0.160380990618216,1,1,1,"",0
"GO:0043047","single-stranded telomeric DNA binding","0/16","12/18706",0,0,-0.101384998891928,1,1,1,"",0
"GO:0043138","3'-5' DNA helicase activity","0/16","19/18706",0,0,-0.12759721770975,1,1,1,"",0
"GO:0043175","RNA polymerase core enzyme binding","0/16","42/18706",0,0,-0.189826342154833,1,1,1,"",0
"GO:0043176","amine binding","0/16","13/18706",0,0,-0.105527675063572,1,1,1,"",0
"GO:0043177","organic acid binding","0/16","187/18706",0,0,-0.402111259866963,1,1,1,"",0
"GO:0043178","alcohol binding","0/16","94/18706",0,0,-0.284381671008381,1,1,1,"",0
"GO:0043208","glycosphingolipid binding","0/16","11/18706",0,0,-0.0970661501090895,1,1,1,"",0
"GO:0043236","laminin binding","0/16","27/18706",0,0,-0.152138548305562,1,1,1,"",0
"GO:0043274","phospholipase binding","0/16","23/18706",0,0,-0.140402489371814,1,1,1,"",0
"GO:0043295","glutathione binding","0/16","10/18706",0,0,-0.0925464676779197,1,1,1,"",0
"GO:0043325","phosphatidylinositol-3,4-bisphosphate binding","0/16","29/18706",0,0,-0.157681098364912,1,1,1,"",0
"GO:0043394","proteoglycan binding","0/16","39/18706",0,0,-0.182906540972136,1,1,1,"",0
"GO:0043395","heparan sulfate proteoglycan binding","0/16","20/18706",0,0,-0.130915486052565,1,1,1,"",0
"GO:0043422","protein kinase B binding","0/16","10/18706",0,0,-0.0925464676779197,1,1,1,"",0
"GO:0043425","bHLH transcription factor binding","0/16","32/18706",0,0,-0.165649644747452,1,1,1,"",0
"GO:0043495","protein-membrane adaptor activity","0/16","66/18706",0,0,-0.238113056968874,1,1,1,"",0
"GO:0043522","leucine zipper domain binding","0/16","11/18706",0,0,-0.0970661501090895,1,1,1,"",0
"GO:0043531","ADP binding","0/16","38/18706",0,0,-0.180541521909269,1,1,1,"",0
"GO:0043539","protein serine/threonine kinase activator activity","0/16","76/18706",0,0,-0.25558453132869,1,1,1,"",0
"GO:0043548","phosphatidylinositol 3-kinase binding","0/16","27/18706",0,0,-0.152138548305562,1,1,1,"",0
"GO:0043560","insulin receptor substrate binding","0/16","12/18706",0,0,-0.101384998891928,1,1,1,"",0
"GO:0043855","cyclic nucleotide-activated monoatomic ion channel activity","0/16","11/18706",0,0,-0.0970661501090895,1,1,1,"",0
"GO:0043995","histone H4K5 acetyltransferase activity","0/16","11/18706",0,0,-0.0970661501090895,1,1,1,"",0
"GO:0043996","histone H4K8 acetyltransferase activity","0/16","11/18706",0,0,-0.0970661501090895,1,1,1,"",0
"GO:0043997","histone H4K12 acetyltransferase activity","0/16","12/18706",0,0,-0.101384998891928,1,1,1,"",0
"GO:0044325","transmembrane transporter binding","0/16","148/18706",0,0,-0.357354676143973,1,1,1,"",0
"GO:0044389","ubiquitin-like protein ligase binding","0/16","313/18706",0,0,-0.522011511500809,1,1,1,"",0
"GO:0044390","ubiquitin-like protein conjugating enzyme binding","0/16","38/18706",0,0,-0.180541521909269,1,1,1,"",0
"GO:0044548","S100 protein binding","0/16","14/18706",0,0,-0.109514173163739,1,1,1,"",0
"GO:0044769","ATPase activity, coupled to transmembrane movement of ions, rotational mechanism","0/16","24/18706",0,0,-0.14342608167785,1,1,1,"",0
"GO:0045028","G protein-coupled purinergic nucleotide receptor activity","0/16","13/18706",0,0,-0.105527675063572,1,1,1,"",0
"GO:0045125","bioactive lipid receptor activity","0/16","18/18706",0,0,-0.124190689062987,1,1,1,"",0
"GO:0045159","myosin II binding","0/16","12/18706",0,0,-0.101384998891928,1,1,1,"",0
"GO:0045182","translation regulator activity","0/16","64/18706",0,0,-0.234464951377143,1,1,1,"",0
"GO:0045236","CXCR chemokine receptor binding","0/16","17/18706",0,0,-0.120688426626803,1,1,1,"",0
"GO:0045294","alpha-catenin binding","0/16","11/18706",0,0,-0.0970661501090895,1,1,1,"",0
"GO:0045295","gamma-catenin binding","0/16","12/18706",0,0,-0.101384998891928,1,1,1,"",0
"GO:0045296","cadherin binding","0/16","334/18706",0,0,-0.539546912824652,1,1,1,"",0
"GO:0045309","protein phosphorylated amino acid binding","0/16","59/18706",0,0,-0.225089749223637,1,1,1,"",0
"GO:0045499","chemorepellent activity","0/16","28/18706",0,0,-0.154934461507984,1,1,1,"",0
"GO:0045504","dynein heavy chain binding","0/16","14/18706",0,0,-0.109514173163739,1,1,1,"",0
"GO:0045505","dynein intermediate chain binding","0/16","37/18706",0,0,-0.178145366542645,1,1,1,"",0
"GO:0046030","inositol trisphosphate phosphatase activity","0/16","14/18706",0,0,-0.109514173163739,1,1,1,"",0
"GO:0046332","SMAD binding","0/16","79/18706",0,0,-0.260601124437902,1,1,1,"",0
"GO:0046527","glucosyltransferase activity","0/16","20/18706",0,0,-0.130915486052565,1,1,1,"",0
"GO:0046624","sphingolipid transporter activity","0/16","20/18706",0,0,-0.130915486052565,1,1,1,"",0
"GO:0046625","sphingolipid binding","0/16","29/18706",0,0,-0.157681098364912,1,1,1,"",0
"GO:0046703","natural killer cell lectin-like receptor binding","0/16","12/18706",0,0,-0.101384998891928,1,1,1,"",0
"GO:0046873","metal ion transmembrane transporter activity","0/16","448/18706",0,0,-0.626825423167211,1,1,1,"",0
"GO:0046875","ephrin receptor binding","0/16","27/18706",0,0,-0.152138548305562,1,1,1,"",0
"GO:0046906","tetrapyrrole binding","0/16","153/18706",0,0,-0.363389889621869,1,1,1,"",0
"GO:0046915","transition metal ion transmembrane transporter activity","0/16","44/18706",0,0,-0.19430386640389,1,1,1,"",0
"GO:0046933","proton-transporting ATP synthase activity, rotational mechanism","0/16","17/18706",0,0,-0.120688426626803,1,1,1,"",0
"GO:0046943","carboxylic acid transmembrane transporter activity","0/16","187/18706",0,0,-0.402111259866963,1,1,1,"",0
"GO:0046961","proton-transporting ATPase activity, rotational mechanism","0/16","24/18706",0,0,-0.14342608167785,1,1,1,"",0
"GO:0046965","nuclear retinoid X receptor binding","0/16","16/18706",0,0,-0.11708183961519,1,1,1,"",0
"GO:0046966","nuclear thyroid hormone receptor binding","0/16","28/18706",0,0,-0.154934461507984,1,1,1,"",0
"GO:0046974","histone H3K9 methyltransferase activity","0/16","13/18706",0,0,-0.105527675063572,1,1,1,"",0
"GO:0046975","histone H3K36 methyltransferase activity","0/16","13/18706",0,0,-0.105527675063572,1,1,1,"",0
"GO:0046982","protein heterodimerization activity","0/16","368/18706",0,0,-0.566868235622164,1,1,1,"",0
"GO:0047045","testosterone dehydrogenase (NADP+) activity","0/16","11/18706",0,0,-0.0970661501090895,1,1,1,"",0
"GO:0047372","monoacylglycerol lipase activity","0/16","14/18706",0,0,-0.109514173163739,1,1,1,"",0
"GO:0047429","nucleoside triphosphate diphosphatase activity","0/16","10/18706",0,0,-0.0925464676779197,1,1,1,"",0
"GO:0047555","3',5'-cyclic-GMP phosphodiesterase activity","0/16","23/18706",0,0,-0.140402489371814,1,1,1,"",0
"GO:0047617","fatty acyl-CoA hydrolase activity","0/16","26/18706",0,0,-0.149290590192634,1,1,1,"",0
"GO:0047676","arachidonate-CoA ligase activity","0/16","11/18706",0,0,-0.0970661501090895,1,1,1,"",0
"GO:0048019","receptor antagonist activity","0/16","32/18706",0,0,-0.165649644747452,1,1,1,"",0
"GO:0048020","CCR chemokine receptor binding","0/16","50/18706",0,0,-0.207161922422981,1,1,1,"",0
"GO:0048027","mRNA 5'-UTR binding","0/16","24/18706",0,0,-0.14342608167785,1,1,1,"",0
"GO:0048029","monosaccharide binding","0/16","71/18706",0,0,-0.24700097792541,1,1,1,"",0
"GO:0048038","quinone binding","0/16","16/18706",0,0,-0.11708183961519,1,1,1,"",0
"GO:0048156","tau protein binding","0/16","44/18706",0,0,-0.19430386640389,1,1,1,"",0
"GO:0048185","activin binding","0/16","11/18706",0,0,-0.0970661501090895,1,1,1,"",0
"GO:0048306","calcium-dependent protein binding","0/16","82/18706",0,0,-0.265524525620704,1,1,1,"",0
"GO:0048407","platelet-derived growth factor binding","0/16","11/18706",0,0,-0.0970661501090895,1,1,1,"",0
"GO:0048487","beta-tubulin binding","0/16","43/18706",0,0,-0.192078031691522,1,1,1,"",0
"GO:0050145","nucleoside monophosphate kinase activity","0/16","19/18706",0,0,-0.12759721770975,1,1,1,"",0
"GO:0050308","sugar-phosphatase activity","0/16","12/18706",0,0,-0.101384998891928,1,1,1,"",0
"GO:0050321","tau-protein kinase activity","0/16","22/18706",0,0,-0.137312668756023,1,1,1,"",0
"GO:0050431","transforming growth factor beta binding","0/16","23/18706",0,0,-0.140402489371814,1,1,1,"",0
"GO:0050656","3'-phosphoadenosine 5'-phosphosulfate binding","0/16","10/18706",0,0,-0.0925464676779197,1,1,1,"",0
"GO:0050660","flavin adenine dinucleotide binding","0/16","85/18706",0,0,-0.270359826899489,1,1,1,"",0
"GO:0050661","NADP binding","0/16","54/18706",0,0,-0.215312068595657,1,1,1,"",0
"GO:0050664","oxidoreductase activity, acting on NAD(P)H, oxygen as acceptor","0/16","18/18706",0,0,-0.124190689062987,1,1,1,"",0
"GO:0050681","nuclear androgen receptor binding","0/16","26/18706",0,0,-0.149290590192634,1,1,1,"",0
"GO:0050698","proteoglycan sulfotransferase activity","0/16","28/18706",0,0,-0.154934461507984,1,1,1,"",0
"GO:0050699","WW domain binding","0/16","24/18706",0,0,-0.14342608167785,1,1,1,"",0
"GO:0050700","CARD domain binding","0/16","15/18706",0,0,-0.11336097112005,1,1,1,"",0
"GO:0050750","low-density lipoprotein particle receptor binding","0/16","26/18706",0,0,-0.149290590192634,1,1,1,"",0
"GO:0050780","dopamine receptor binding","0/16","15/18706",0,0,-0.11336097112005,1,1,1,"",0
"GO:0050786","RAGE receptor binding","0/16","12/18706",0,0,-0.101384998891928,1,1,1,"",0
"GO:0050811","GABA receptor binding","0/16","19/18706",0,0,-0.12759721770975,1,1,1,"",0
"GO:0050815","phosphoserine residue binding","0/16","10/18706",0,0,-0.0925464676779197,1,1,1,"",0
"GO:0050840","extracellular matrix binding","0/16","61/18706",0,0,-0.228885310147793,1,1,1,"",0
"GO:0050997","quaternary ammonium group binding","0/16","40/18706",0,0,-0.185241616346443,1,1,1,"",0
"GO:0050998","nitric-oxide synthase binding","0/16","11/18706",0,0,-0.0970661501090895,1,1,1,"",0
"GO:0051010","microtubule plus-end binding","0/16","19/18706",0,0,-0.12759721770975,1,1,1,"",0
"GO:0051011","microtubule minus-end binding","0/16","13/18706",0,0,-0.105527675063572,1,1,1,"",0
"GO:0051015","actin filament binding","0/16","209/18706",0,0,-0.425360043462179,1,1,1,"",0
"GO:0051018","protein kinase A binding","0/16","54/18706",0,0,-0.215312068595657,1,1,1,"",0
"GO:0051019","mitogen-activated protein kinase binding","0/16","29/18706",0,0,-0.157681098364912,1,1,1,"",0
"GO:0051020","GTPase binding","0/16","323/18706",0,0,-0.530429005328058,1,1,1,"",0
"GO:0051059","NF-kappaB binding","0/16","32/18706",0,0,-0.165649644747452,1,1,1,"",0
"GO:0051087","protein-folding chaperone binding","0/16","136/18706",0,0,-0.342450416871174,1,1,1,"",0
"GO:0051117","ATPase binding","0/16","88/18706",0,0,-0.27511167431942,1,1,1,"",0
"GO:0051119","sugar transmembrane transporter activity","0/16","26/18706",0,0,-0.149290590192634,1,1,1,"",0
"GO:0051139","metal cation:proton antiporter activity","0/16","26/18706",0,0,-0.149290590192634,1,1,1,"",0
"GO:0051213","dioxygenase activity","0/16","98/18706",0,0,-0.290400517572764,1,1,1,"",0
"GO:0051219","phosphoprotein binding","0/16","95/18706",0,0,-0.285898018253385,1,1,1,"",0
"GO:0051287","NAD binding","0/16","53/18706",0,0,-0.213303404198075,1,1,1,"",0
"GO:0051371","muscle alpha-actinin binding","0/16","14/18706",0,0,-0.109514173163739,1,1,1,"",0
"GO:0051378","serotonin binding","0/16","10/18706",0,0,-0.0925464676779197,1,1,1,"",0
"GO:0051393","alpha-actinin binding","0/16","27/18706",0,0,-0.152138548305562,1,1,1,"",0
"GO:0051427","hormone receptor binding","0/16","35/18706",0,0,-0.173254462537481,1,1,1,"",0
"GO:0051428","peptide hormone receptor binding","0/16","22/18706",0,0,-0.137312668756023,1,1,1,"",0
"GO:0051536","iron-sulfur cluster binding","0/16","76/18706",0,0,-0.25558453132869,1,1,1,"",0
"GO:0051537","2 iron, 2 sulfur cluster binding","0/16","28/18706",0,0,-0.154934461507984,1,1,1,"",0
"GO:0051539","4 iron, 4 sulfur cluster binding","0/16","45/18706",0,0,-0.196504724914525,1,1,1,"",0
"GO:0051540","metal cluster binding","0/16","77/18706",0,0,-0.257267418173264,1,1,1,"",0
"GO:0051721","protein phosphatase 2A binding","0/16","27/18706",0,0,-0.152138548305562,1,1,1,"",0
"GO:0051787","misfolded protein binding","0/16","18/18706",0,0,-0.124190689062987,1,1,1,"",0
"GO:0051861","glycolipid binding","0/16","31/18706",0,0,-0.163036460608927,1,1,1,"",0
"GO:0051864","histone H3K36 demethylase activity","0/16","10/18706",0,0,-0.0925464676779197,1,1,1,"",0
"GO:0051879","Hsp90 protein binding","0/16","42/18706",0,0,-0.189826342154833,1,1,1,"",0
"GO:0051880","G-quadruplex DNA binding","0/16","10/18706",0,0,-0.0925464676779197,1,1,1,"",0
"GO:0051959","dynein light intermediate chain binding","0/16","28/18706",0,0,-0.154934461507984,1,1,1,"",0
"GO:0052629","phosphatidylinositol-3,5-bisphosphate 3-phosphatase activity","0/16","12/18706",0,0,-0.101384998891928,1,1,1,"",0
"GO:0052650","all-trans-retinol dehydrogenase (NADP+) activity","0/16","13/18706",0,0,-0.105527675063572,1,1,1,"",0
"GO:0052689","carboxylic ester hydrolase activity","0/16","159/18706",0,0,-0.370506578173886,1,1,1,"",0
"GO:0052742","phosphatidylinositol kinase activity","0/16","26/18706",0,0,-0.149290590192634,1,1,1,"",0
"GO:0052744","phosphatidylinositol monophosphate phosphatase activity","0/16","16/18706",0,0,-0.11708183961519,1,1,1,"",0
"GO:0052745","inositol phosphate phosphatase activity","0/16","20/18706",0,0,-0.130915486052565,1,1,1,"",0
"GO:0052816","long-chain fatty acyl-CoA hydrolase activity","0/16","14/18706",0,0,-0.109514173163739,1,1,1,"",0
"GO:0052866","phosphatidylinositol phosphate phosphatase activity","0/16","31/18706",0,0,-0.163036460608927,1,1,1,"",0
"GO:0052890","oxidoreductase activity, acting on the CH-CH group of donors, with a flavin as acceptor","0/16","12/18706",0,0,-0.101384998891928,1,1,1,"",0
"GO:0055056","D-glucose transmembrane transporter activity","0/16","21/18706",0,0,-0.134152043696729,1,1,1,"",0
"GO:0055102","lipase inhibitor activity","0/16","20/18706",0,0,-0.130915486052565,1,1,1,"",0
"GO:0055105","ubiquitin-protein transferase inhibitor activity","0/16","16/18706",0,0,-0.11708183961519,1,1,1,"",0
"GO:0055106","ubiquitin-protein transferase regulator activity","0/16","36/18706",0,0,-0.17571680106777,1,1,1,"",0
"GO:0060229","lipase activator activity","0/16","25/18706",0,0,-0.146387549561533,1,1,1,"",0
"GO:0060589","nucleoside-triphosphatase regulator activity","0/16","499/18706",0,0,-0.662468562491955,1,1,1,"",0
"GO:0060590","ATPase regulator activity","0/16","50/18706",0,0,-0.207161922422981,1,1,1,"",0
"GO:0061133","endopeptidase activator activity","0/16","29/18706",0,0,-0.157681098364912,1,1,1,"",0
"GO:0061134","peptidase regulator activity","0/16","237/18706",0,0,-0.453301002225266,1,1,1,"",0
"GO:0061135","endopeptidase regulator activity","0/16","200/18706",0,0,-0.415999602668861,1,1,1,"",0
"GO:0061459","L-arginine transmembrane transporter activity","0/16","13/18706",0,0,-0.105527675063572,1,1,1,"",0
"GO:0061575","cyclin-dependent protein serine/threonine kinase activator activity","0/16","16/18706",0,0,-0.11708183961519,1,1,1,"",0
"GO:0061578","K63-linked deubiquitinase activity","0/16","17/18706",0,0,-0.120688426626803,1,1,1,"",0
"GO:0061608","nuclear import signal receptor activity","0/16","22/18706",0,0,-0.137312668756023,1,1,1,"",0
"GO:0061628","histone H3K27me3 reader activity","0/16","14/18706",0,0,-0.109514173163739,1,1,1,"",0
"GO:0061630","ubiquitin protein ligase activity","0/16","386/18706",0,0,-0.580851499133509,1,1,1,"",0
"GO:0061631","ubiquitin conjugating enzyme activity","0/16","36/18706",0,0,-0.17571680106777,1,1,1,"",0
"GO:0061650","ubiquitin-like protein conjugating enzyme activity","0/16","42/18706",0,0,-0.189826342154833,1,1,1,"",0
"GO:0061659","ubiquitin-like protein ligase activity","0/16","403/18706",0,0,-0.593780020154959,1,1,1,"",0
"GO:0061665","SUMO ligase activity","0/16","15/18706",0,0,-0.11336097112005,1,1,1,"",0
"GO:0061733","protein-lysine-acetyltransferase activity","0/16","48/18706",0,0,-0.202965522549921,1,1,1,"",0
"GO:0061783","peptidoglycan muralytic activity","0/16","14/18706",0,0,-0.109514173163739,1,1,1,"",0
"GO:0061809","NAD+ nucleosidase activity, cyclic ADP-ribose generating","0/16","11/18706",0,0,-0.0970661501090895,1,1,1,"",0
"GO:0061891","calcium ion sensor activity","0/16","22/18706",0,0,-0.137312668756023,1,1,1,"",0
"GO:0061980","regulatory RNA binding","0/16","57/18706",0,0,-0.221229913874736,1,1,1,"",0
"GO:0062072","histone H3K9me2/3 reader activity","0/16","25/18706",0,0,-0.146387549561533,1,1,1,"",0
"GO:0062105","RNA 2'-O-methyltransferase activity","0/16","10/18706",0,0,-0.0925464676779197,1,1,1,"",0
"GO:0070001","aspartic-type peptidase activity","0/16","37/18706",0,0,-0.178145366542645,1,1,1,"",0
"GO:0070003","threonine-type peptidase activity","0/16","19/18706",0,0,-0.12759721770975,1,1,1,"",0
"GO:0070006","metalloaminopeptidase activity","0/16","26/18706",0,0,-0.149290590192634,1,1,1,"",0
"GO:0070008","serine-type exopeptidase activity","0/16","12/18706",0,0,-0.101384998891928,1,1,1,"",0
"GO:0070034","telomerase RNA binding","0/16","22/18706",0,0,-0.137312668756023,1,1,1,"",0
"GO:0070063","RNA polymerase binding","0/16","60/18706",0,0,-0.226995361182015,1,1,1,"",0
"GO:0070064","proline-rich region binding","0/16","18/18706",0,0,-0.124190689062987,1,1,1,"",0
"GO:0070097","delta-catenin binding","0/16","11/18706",0,0,-0.0970661501090895,1,1,1,"",0
"GO:0070182","DNA polymerase binding","0/16","23/18706",0,0,-0.140402489371814,1,1,1,"",0
"GO:0070273","phosphatidylinositol-4-phosphate binding","0/16","31/18706",0,0,-0.163036460608927,1,1,1,"",0
"GO:0070279","vitamin B6 binding","0/16","58/18706",0,0,-0.223168073005088,1,1,1,"",0
"GO:0070300","phosphatidic acid binding","0/16","26/18706",0,0,-0.149290590192634,1,1,1,"",0
"GO:0070325","lipoprotein particle receptor binding","0/16","31/18706",0,0,-0.163036460608927,1,1,1,"",0
"GO:0070402","NADPH binding","0/16","18/18706",0,0,-0.124190689062987,1,1,1,"",0
"GO:0070403","NAD+ binding","0/16","17/18706",0,0,-0.120688426626803,1,1,1,"",0
"GO:0070410","co-SMAD binding","0/16","11/18706",0,0,-0.0970661501090895,1,1,1,"",0
"GO:0070411","I-SMAD binding","0/16","16/18706",0,0,-0.11708183961519,1,1,1,"",0
"GO:0070412","R-SMAD binding","0/16","27/18706",0,0,-0.152138548305562,1,1,1,"",0
"GO:0070492","oligosaccharide binding","0/16","14/18706",0,0,-0.109514173163739,1,1,1,"",0
"GO:0070530","K63-linked polyubiquitin modification-dependent protein binding","0/16","23/18706",0,0,-0.140402489371814,1,1,1,"",0
"GO:0070566","adenylyltransferase activity","0/16","30/18706",0,0,-0.160380990618216,1,1,1,"",0
"GO:0070628","proteasome binding","0/16","18/18706",0,0,-0.124190689062987,1,1,1,"",0
"GO:0070679","inositol 1,4,5 trisphosphate binding","0/16","12/18706",0,0,-0.101384998891928,1,1,1,"",0
"GO:0070696","transmembrane receptor protein serine/threonine kinase binding","0/16","24/18706",0,0,-0.14342608167785,1,1,1,"",0
"GO:0070697","activin receptor binding","0/16","11/18706",0,0,-0.0970661501090895,1,1,1,"",0
"GO:0070700","BMP receptor binding","0/16","13/18706",0,0,-0.105527675063572,1,1,1,"",0
"GO:0070717","poly-purine tract binding","0/16","32/18706",0,0,-0.165649644747452,1,1,1,"",0
"GO:0070739","protein-glutamic acid ligase activity","0/16","10/18706",0,0,-0.0925464676779197,1,1,1,"",0
"GO:0070740","tubulin-glutamic acid ligase activity","0/16","10/18706",0,0,-0.0925464676779197,1,1,1,"",0
"GO:0070742","C2H2 zinc finger domain binding","0/16","15/18706",0,0,-0.11336097112005,1,1,1,"",0
"GO:0070840","dynein complex binding","0/16","23/18706",0,0,-0.140402489371814,1,1,1,"",0
"GO:0070851","growth factor receptor binding","0/16","140/18706",0,0,-0.347487384098418,1,1,1,"",0
"GO:0070888","E-box binding","0/16","61/18706",0,0,-0.228885310147793,1,1,1,"",0
"GO:0070990","snRNP binding","0/16","10/18706",0,0,-0.0925464676779197,1,1,1,"",0
"GO:0071617","lysophospholipid acyltransferase activity","0/16","24/18706",0,0,-0.14342608167785,1,1,1,"",0
"GO:0071714","icosanoid transmembrane transporter activity","0/16","13/18706",0,0,-0.105527675063572,1,1,1,"",0
"GO:0071723","lipopeptide binding","0/16","10/18706",0,0,-0.0925464676779197,1,1,1,"",0
"GO:0071813","lipoprotein particle binding","0/16","31/18706",0,0,-0.163036460608927,1,1,1,"",0
"GO:0071814","protein-lipid complex binding","0/16","31/18706",0,0,-0.163036460608927,1,1,1,"",0
"GO:0071837","HMG box domain binding","0/16","12/18706",0,0,-0.101384998891928,1,1,1,"",0
"GO:0071855","neuropeptide receptor binding","0/16","40/18706",0,0,-0.185241616346443,1,1,1,"",0
"GO:0071889","14-3-3 protein binding","0/16","33/18706",0,0,-0.168222513706313,1,1,1,"",0
"GO:0071933","Arp2/3 complex binding","0/16","15/18706",0,0,-0.11336097112005,1,1,1,"",0
"GO:0071949","FAD binding","0/16","43/18706",0,0,-0.192078031691522,1,1,1,"",0
"GO:0072341","modified amino acid binding","0/16","94/18706",0,0,-0.284381671008381,1,1,1,"",0
"GO:0072349","modified amino acid transmembrane transporter activity","0/16","32/18706",0,0,-0.165649644747452,1,1,1,"",0
"GO:0072542","protein phosphatase activator activity","0/16","24/18706",0,0,-0.14342608167785,1,1,1,"",0
"GO:0072582","17-beta-hydroxysteroid dehydrogenase (NADP+) activity","0/16","12/18706",0,0,-0.101384998891928,1,1,1,"",0
"GO:0080025","phosphatidylinositol-3,5-bisphosphate binding","0/16","29/18706",0,0,-0.157681098364912,1,1,1,"",0
"GO:0086008","voltage-gated potassium channel activity involved in cardiac muscle cell action potential repolarization","0/16","14/18706",0,0,-0.109514173163739,1,1,1,"",0
"GO:0086080","protein binding involved in heterotypic cell-cell adhesion","0/16","12/18706",0,0,-0.101384998891928,1,1,1,"",0
"GO:0089720","caspase binding","0/16","13/18706",0,0,-0.105527675063572,1,1,1,"",0
"GO:0090482","vitamin transmembrane transporter activity","0/16","34/18706",0,0,-0.170756889878,1,1,1,"",0
"GO:0097001","ceramide binding","0/16","19/18706",0,0,-0.12759721770975,1,1,1,"",0
"GO:0097027","ubiquitin-protein transferase activator activity","0/16","18/18706",0,0,-0.124190689062987,1,1,1,"",0
"GO:0097110","scaffold protein binding","0/16","72/18706",0,0,-0.248741013504536,1,1,1,"",0
"GO:0097157","pre-mRNA intronic binding","0/16","12/18706",0,0,-0.101384998891928,1,1,1,"",0
"GO:0097177","mitochondrial ribosome binding","0/16","12/18706",0,0,-0.101384998891928,1,1,1,"",0
"GO:0097371","MDM2/MDM4 family protein binding","0/16","12/18706",0,0,-0.101384998891928,1,1,1,"",0
"GO:0097472","cyclin-dependent protein kinase activity","0/16","30/18706",0,0,-0.160380990618216,1,1,1,"",0
"GO:0097493","structural molecule activity conferring elasticity","0/16","12/18706",0,0,-0.101384998891928,1,1,1,"",0
"GO:0097602","cullin family protein binding","0/16","25/18706",0,0,-0.146387549561533,1,1,1,"",0
"GO:0097718","disordered domain specific binding","0/16","27/18706",0,0,-0.152138548305562,1,1,1,"",0
"GO:0097747","RNA polymerase activity","0/16","33/18706",0,0,-0.168222513706313,1,1,1,"",0
"GO:0098505","G-rich strand telomeric DNA binding","0/16","10/18706",0,0,-0.0925464676779197,1,1,1,"",0
"GO:0098531","ligand-modulated transcription factor activity","0/16","60/18706",0,0,-0.226995361182015,1,1,1,"",0
"GO:0098599","palmitoyl hydrolase activity","0/16","15/18706",0,0,-0.11336097112005,1,1,1,"",0
"GO:0098634","cell-matrix adhesion mediator activity","0/16","11/18706",0,0,-0.0970661501090895,1,1,1,"",0
"GO:0098641","cadherin binding involved in cell-cell adhesion","0/16","18/18706",0,0,-0.124190689062987,1,1,1,"",0
"GO:0098847","sequence-specific single stranded DNA binding","0/16","13/18706",0,0,-0.105527675063572,1,1,1,"",0
"GO:0098918","structural constituent of synapse","0/16","30/18706",0,0,-0.160380990618216,1,1,1,"",0
"GO:0098960","postsynaptic neurotransmitter receptor activity","0/16","28/18706",0,0,-0.154934461507984,1,1,1,"",0
"GO:0098973","structural constituent of postsynaptic actin cytoskeleton","0/16","11/18706",0,0,-0.0970661501090895,1,1,1,"",0
"GO:0099094","ligand-gated monoatomic cation channel activity","0/16","137/18706",0,0,-0.343716374610796,1,1,1,"",0
"GO:0099095","ligand-gated monoatomic anion channel activity","0/16","45/18706",0,0,-0.196504724914525,1,1,1,"",0
"GO:0099103","channel activator activity","0/16","15/18706",0,0,-0.11336097112005,1,1,1,"",0
"GO:0099106","ion channel regulator activity","0/16","178/18706",0,0,-0.392220173116272,1,1,1,"",0
"GO:0099122","RNA polymerase II C-terminal domain binding","0/16","10/18706",0,0,-0.0925464676779197,1,1,1,"",0
"GO:0099186","structural constituent of postsynapse","0/16","22/18706",0,0,-0.137312668756023,1,1,1,"",0
"GO:0099507","ligand-gated monoatomic ion channel activity involved in regulation of presynaptic membrane potential","0/16","16/18706",0,0,-0.11708183961519,1,1,1,"",0
"GO:0099508","voltage-gated monoatomic ion channel activity involved in regulation of presynaptic membrane potential","0/16","10/18706",0,0,-0.0925464676779197,1,1,1,"",0
"GO:0099589","serotonin receptor activity","0/16","15/18706",0,0,-0.11336097112005,1,1,1,"",0
"GO:0099602","neurotransmitter receptor regulator activity","0/16","19/18706",0,0,-0.12759721770975,1,1,1,"",0
"GO:0099604","ligand-gated calcium channel activity","0/16","28/18706",0,0,-0.154934461507984,1,1,1,"",0
"GO:0101005","deubiquitinase activity","0/16","115/18706",0,0,-0.314725361928463,1,1,1,"",0
"GO:0106018","phosphatidylinositol-3,5-bisphosphate phosphatase activity","0/16","16/18706",0,0,-0.11708183961519,1,1,1,"",0
"GO:0106019","phosphatidylinositol-4,5-bisphosphate phosphatase activity","0/16","11/18706",0,0,-0.0970661501090895,1,1,1,"",0
"GO:0106222","lncRNA binding","0/16","37/18706",0,0,-0.178145366542645,1,1,1,"",0
"GO:0106310","protein serine kinase activity","0/16","363/18706",0,0,-0.562927320042679,1,1,1,"",0
"GO:0120013","lipid transfer activity","0/16","76/18706",0,0,-0.25558453132869,1,1,1,"",0
"GO:0120014","phospholipid transfer activity","0/16","40/18706",0,0,-0.185241616346443,1,1,1,"",0
"GO:0120015","sterol transfer activity","0/16","32/18706",0,0,-0.165649644747452,1,1,1,"",0
"GO:0120016","sphingolipid transfer activity","0/16","10/18706",0,0,-0.0925464676779197,1,1,1,"",0
"GO:0120020","cholesterol transfer activity","0/16","26/18706",0,0,-0.149290590192634,1,1,1,"",0
"GO:0120227","acyl-CoA binding","0/16","19/18706",0,0,-0.12759721770975,1,1,1,"",0
"GO:0120283","protein serine/threonine kinase binding","0/16","27/18706",0,0,-0.152138548305562,1,1,1,"",0
"GO:0120515","fatty acid-CoA ligase activity","0/16","25/18706",0,0,-0.146387549561533,1,1,1,"",0
"GO:0120543","macromolecular conformation isomerase activity","0/16","278/18706",0,0,-0.491493176797894,1,1,1,"",0
"GO:0120544","polypeptide conformation or assembly isomerase activity","0/16","124/18706",0,0,-0.326887874765107,1,1,1,"",0
"GO:0120545","nucleic acid conformation isomerase activity","0/16","154/18706",0,0,-0.364585329798505,1,1,1,"",0
"GO:0120558","lysophospholipase A1 activity","0/16","25/18706",0,0,-0.146387549561533,1,1,1,"",0
"GO:0120569","phospholipase activity","0/16","111/18706",0,0,-0.309170177252904,1,1,1,"",0
"GO:0140002","histone H3K4me3 reader activity","0/16","26/18706",0,0,-0.149290590192634,1,1,1,"",0
"GO:0140006","histone H3 reader activity","0/16","76/18706",0,0,-0.25558453132869,1,1,1,"",0
"GO:0140008","histone H4 reader activity","0/16","19/18706",0,0,-0.12759721770975,1,1,1,"",0
"GO:0140030","modification-dependent protein binding","0/16","82/18706",0,0,-0.265524525620704,1,1,1,"",0
"GO:0140031","phosphorylation-dependent protein binding","0/16","10/18706",0,0,-0.0925464676779197,1,1,1,"",0
"GO:0140035","ubiquitin-like protein reader activity","0/16","23/18706",0,0,-0.140402489371814,1,1,1,"",0
"GO:0140036","ubiquitin-modified protein reader activity","0/16","20/18706",0,0,-0.130915486052565,1,1,1,"",0
"GO:0140078","class I DNA-(apurinic or apyrimidinic site) endonuclease activity","0/16","10/18706",0,0,-0.0925464676779197,1,1,1,"",0
"GO:0140097","catalytic activity, acting on DNA","0/16","265/18706",0,0,-0.479694677741658,1,1,1,"",0
"GO:0140098","catalytic activity, acting on RNA","0/16","427/18706",0,0,-0.611606254479536,1,1,1,"",0
"GO:0140101","catalytic activity, acting on a tRNA","0/16","155/18706",0,0,-0.36577699128253,1,1,1,"",0
"GO:0140102","catalytic activity, acting on a rRNA","0/16","26/18706",0,0,-0.149290590192634,1,1,1,"",0
"GO:0140103","catalytic activity, acting on a glycoprotein","0/16","19/18706",0,0,-0.12759721770975,1,1,1,"",0
"GO:0140104","molecular carrier activity","0/16","149/18706",0,0,-0.358569583904882,1,1,1,"",0
"GO:0140135","mechanosensitive monoatomic cation channel activity","0/16","10/18706",0,0,-0.0925464676779197,1,1,1,"",0
"GO:0140142","nucleocytoplasmic carrier activity","0/16","34/18706",0,0,-0.170756889878,1,1,1,"",0
"GO:0140161","monocarboxylate:sodium symporter activity","0/16","13/18706",0,0,-0.105527675063572,1,1,1,"",0
"GO:0140186","protein N-acyltransferase activity","0/16","54/18706",0,0,-0.215312068595657,1,1,1,"",0
"GO:0140223","general transcription initiation factor activity","0/16","67/18706",0,0,-0.239916597756313,1,1,1,"",0
"GO:0140296","general transcription initiation factor binding","0/16","54/18706",0,0,-0.215312068595657,1,1,1,"",0
"GO:0140299","molecular sensor activity","0/16","83/18706",0,0,-0.267145843524858,1,1,1,"",0
"GO:0140303","intramembrane lipid transporter activity","0/16","50/18706",0,0,-0.207161922422981,1,1,1,"",0
"GO:0140311","protein sequestering activity","0/16","67/18706",0,0,-0.239916597756313,1,1,1,"",0
"GO:0140312","cargo adaptor activity","0/16","28/18706",0,0,-0.154934461507984,1,1,1,"",0
"GO:0140313","molecular sequestering activity","0/16","102/18706",0,0,-0.296299635598327,1,1,1,"",0
"GO:0140318","protein transporter activity","0/16","45/18706",0,0,-0.196504724914525,1,1,1,"",0
"GO:0140322","A1-type glycerophospholipase activity","0/16","40/18706",0,0,-0.185241616346443,1,1,1,"",0
"GO:0140326","ATPase-coupled intramembrane lipid transporter activity","0/16","27/18706",0,0,-0.152138548305562,1,1,1,"",0
"GO:0140327","flippase activity","0/16","15/18706",0,0,-0.11336097112005,1,1,1,"",0
"GO:0140328","floppase activity","0/16","16/18706",0,0,-0.11708183961519,1,1,1,"",0
"GO:0140333","glycerophospholipid flippase activity","0/16","12/18706",0,0,-0.101384998891928,1,1,1,"",0
"GO:0140358","P-type transmembrane transporter activity","0/16","25/18706",0,0,-0.146387549561533,1,1,1,"",0
"GO:0140359","ABC-type transporter activity","0/16","49/18706",0,0,-0.205074344078679,1,1,1,"",0
"GO:0140375","immune receptor activity","0/16","184/18706",0,0,-0.398840423268034,1,1,1,"",0
"GO:0140410","monoatomic cation:bicarbonate symporter activity","0/16","13/18706",0,0,-0.105527675063572,1,1,1,"",0
"GO:0140416","transcription regulator inhibitor activity","0/16","46/18706",0,0,-0.198681437270838,1,1,1,"",0
"GO:0140457","protein demethylase activity","0/16","34/18706",0,0,-0.170756889878,1,1,1,"",0
"GO:0140463","chromatin-protein adaptor activity","0/16","140/18706",0,0,-0.347487384098418,1,1,1,"",0
"GO:0140517","protein-RNA adaptor activity","0/16","32/18706",0,0,-0.165649644747452,1,1,1,"",0
"GO:0140537","transcription regulator activator activity","0/16","12/18706",0,0,-0.101384998891928,1,1,1,"",0
"GO:0140566","histone reader activity","0/16","118/18706",0,0,-0.318829772044367,1,1,1,"",0
"GO:0140597","protein carrier chaperone","0/16","53/18706",0,0,-0.213303404198075,1,1,1,"",0
"GO:0140608","cysteine-type endopeptidase activator activity","0/16","11/18706",0,0,-0.0970661501090895,1,1,1,"",0
"GO:0140612","DNA damage sensor activity","0/16","25/18706",0,0,-0.146387549561533,1,1,1,"",0
"GO:0140658","ATP-dependent chromatin remodeler activity","0/16","35/18706",0,0,-0.173254462537481,1,1,1,"",0
"GO:0140662","ATP-dependent protein folding chaperone","0/16","26/18706",0,0,-0.149290590192634,1,1,1,"",0
"GO:0140664","ATP-dependent DNA damage sensor activity","0/16","21/18706",0,0,-0.134152043696729,1,1,1,"",0
"GO:0140666","annealing activity","0/16","11/18706",0,0,-0.0970661501090895,1,1,1,"",0
"GO:0140693","molecular condensate scaffold activity","0/16","54/18706",0,0,-0.215312068595657,1,1,1,"",0
"GO:0140713","histone chaperone activity","0/16","16/18706",0,0,-0.11708183961519,1,1,1,"",0
"GO:0140767","enzyme-substrate adaptor activity","0/16","178/18706",0,0,-0.392220173116272,1,1,1,"",0
"GO:0140776","protein-containing complex destabilizing activity","0/16","17/18706",0,0,-0.120688426626803,1,1,1,"",0
"GO:0140784","metal ion sensor activity","0/16","23/18706",0,0,-0.140402489371814,1,1,1,"",0
"GO:0140806","NAD+-protein-aspartate ADP-ribosyltransferase activity","0/16","13/18706",0,0,-0.105527675063572,1,1,1,"",0
"GO:0140807","NAD+-protein-glutamate ADP-ribosyltransferase activity","0/16","12/18706",0,0,-0.101384998891928,1,1,1,"",0
"GO:0140828","metal cation:monoatomic cation antiporter activity","0/16","42/18706",0,0,-0.189826342154833,1,1,1,"",0
"GO:0140829","bicarbonate:monoatomic anion antiporter activity","0/16","16/18706",0,0,-0.11708183961519,1,1,1,"",0
"GO:0140852","histone ubiquitin ligase activity","0/16","16/18706",0,0,-0.11708183961519,1,1,1,"",0
"GO:0140900","chloride:bicarbonate antiporter activity","0/16","16/18706",0,0,-0.11708183961519,1,1,1,"",0
"GO:0140938","histone H3 methyltransferase activity","0/16","43/18706",0,0,-0.192078031691522,1,1,1,"",0
"GO:0140939","histone H4 methyltransferase activity","0/16","18/18706",0,0,-0.124190689062987,1,1,1,"",0
"GO:0140993","histone modifying activity","0/16","204/18706",0,0,-0.420184417219815,1,1,1,"",0
"GO:0140994","RNA polymerase II CTD heptapeptide repeat modifying activity","0/16","27/18706",0,0,-0.152138548305562,1,1,1,"",0
"GO:0140996","histone H3 kinase activity","0/16","12/18706",0,0,-0.101384998891928,1,1,1,"",0
"GO:0141047","molecular tag activity","0/16","15/18706",0,0,-0.11336097112005,1,1,1,"",0
"GO:0141052","histone H3 demethylase activity","0/16","28/18706",0,0,-0.154934461507984,1,1,1,"",0
"GO:0141069","receptor ligand inhibitor activity","0/16","13/18706",0,0,-0.105527675063572,1,1,1,"",0
"GO:0141108","transporter regulator activity","0/16","199/18706",0,0,-0.414947089404539,1,1,1,"",0
"GO:0141109","transporter activator activity","0/16","25/18706",0,0,-0.146387549561533,1,1,1,"",0
"GO:0141110","transporter inhibitor activity","0/16","58/18706",0,0,-0.223168073005088,1,1,1,"",0
"GO:0141147","intracellularly calcium-gated channel activity","0/16","19/18706",0,0,-0.12759721770975,1,1,1,"",0
"GO:0141221","histone deacetylase activity, hydrolytic mechanism","0/16","11/18706",0,0,-0.0970661501090895,1,1,1,"",0
"GO:0160041","neuropeptide activity","0/16","35/18706",0,0,-0.173254462537481,1,1,1,"",0
"GO:0160072","ubiquitin ligase complex scaffold activity","0/16","10/18706",0,0,-0.0925464676779197,1,1,1,"",0
"GO:0160215","deacylase activity","0/16","79/18706",0,0,-0.260601124437902,1,1,1,"",0
"GO:0170055","lipid transmembrane transporter activity","0/16","57/18706",0,0,-0.221229913874736,1,1,1,"",0
"GO:0180030","inositol phosphate kinase activity","0/16","11/18706",0,0,-0.0970661501090895,1,1,1,"",0
"GO:0180051","translation factor activity","0/16","83/18706",0,0,-0.267145843524858,1,1,1,"",0
"GO:1900750","oligopeptide binding","0/16","12/18706",0,0,-0.101384998891928,1,1,1,"",0
"GO:1901338","catecholamine binding","0/16","12/18706",0,0,-0.101384998891928,1,1,1,"",0
"GO:1901474","azole transmembrane transporter activity","0/16","14/18706",0,0,-0.109514173163739,1,1,1,"",0
"GO:1901505","carbohydrate derivative transmembrane transporter activity","0/16","57/18706",0,0,-0.221229913874736,1,1,1,"",0
"GO:1901567","fatty acid derivative binding","0/16","16/18706",0,0,-0.11708183961519,1,1,1,"",0
"GO:1901611","phosphatidylglycerol binding","0/16","18/18706",0,0,-0.124190689062987,1,1,1,"",0
"GO:1901612","cardiolipin binding","0/16","14/18706",0,0,-0.109514173163739,1,1,1,"",0
"GO:1901682","sulfur compound transmembrane transporter activity","0/16","63/18706",0,0,-0.232619743142415,1,1,1,"",0
"GO:1901702","salt transmembrane transporter activity","0/16","10/18706",0,0,-0.0925464676779197,1,1,1,"",0
"GO:1901981","phosphatidylinositol phosphate binding","0/16","181/18706",0,0,-0.395543612849288,1,1,1,"",0
"GO:1902282","voltage-gated potassium channel activity involved in ventricular cardiac muscle cell action potential repolarization","0/16","12/18706",0,0,-0.101384998891928,1,1,1,"",0
"GO:1902936","phosphatidylinositol bisphosphate binding","0/16","122/18706",0,0,-0.324223518031882,1,1,1,"",0
"GO:1903231","mRNA base-pairing post-transcriptional repressor activity","0/16","298/18706",0,0,-0.509142119460593,1,1,1,"",0
"GO:1904047","S-adenosyl-L-methionine binding","0/16","22/18706",0,0,-0.137312668756023,1,1,1,"",0
"GO:1904315","transmitter-gated monoatomic ion channel activity involved in regulation of postsynaptic membrane potential","0/16","50/18706",0,0,-0.207161922422981,1,1,1,"",0
"GO:1905394","retromer complex binding","0/16","10/18706",0,0,-0.0925464676779197,1,1,1,"",0
"GO:1990226","histone methyltransferase binding","0/16","16/18706",0,0,-0.11708183961519,1,1,1,"",0
"GO:1990247","N6-methyladenosine-containing RNA reader activity","0/16","12/18706",0,0,-0.101384998891928,1,1,1,"",0
"GO:1990380","K48-linked deubiquitinase activity","0/16","19/18706",0,0,-0.12759721770975,1,1,1,"",0
"GO:1990381","ubiquitin-specific protease binding","0/16","20/18706",0,0,-0.130915486052565,1,1,1,"",0
"GO:1990404","NAD+-protein mono-ADP-ribosyltransferase activity","0/16","23/18706",0,0,-0.140402489371814,1,1,1,"",0
"GO:1990459","transferrin receptor binding","0/16","12/18706",0,0,-0.101384998891928,1,1,1,"",0
"GO:1990756","ubiquitin-like ligase-substrate adaptor activity","0/16","150/18706",0,0,-0.359780519467331,1,1,1,"",0
"GO:1990757","ubiquitin ligase activator activity","0/16","12/18706",0,0,-0.101384998891928,1,1,1,"",0
"GO:1990763","arrestin family protein binding","0/16","11/18706",0,0,-0.0970661501090895,1,1,1,"",0
"GO:1990782","protein tyrosine kinase binding","0/16","119/18706",0,0,-0.320186508323379,1,1,1,"",0
"GO:1990817","poly(A) RNA polymerase activity","0/16","12/18706",0,0,-0.101384998891928,1,1,1,"",0
"GO:1990825","sequence-specific mRNA binding","0/16","314/18706",0,0,-0.522858944448642,1,1,1,"",0
"GO:1990841","promoter-specific chromatin binding","0/16","80/18706",0,0,-0.262252351550717,1,1,1,"",0
"GO:1990948","ubiquitin ligase inhibitor activity","0/16","13/18706",0,0,-0.105527675063572,1,1,1,"",0
