study_id,SYMBOL,logFC,SE,P.Value
GSE278723,1-SEP,1.42938902245052,0.1815234291093113,3.423678592909705e-15
GSE278723,15-SEP,-0.6510442190391682,0.16682447028457928,9.517659160521833e-5
GSE278723,2-MAR,0.9576447684971642,0.10401558685430279,3.361705743690192e-20
GSE278723,5-SEP,0.6019019696006206,0.12336240004681984,1.0655138902413112e-6
GSE278723,6-MAR,-0.6779903617675551,0.08914498879999004,2.8385006546563338e-14
GSE278723,7-MAR,-0.687044808142458,0.2059003934113056,8.475427753094032e-4
GSE278723,7-SEP,-1.1003671340158727,0.08308484184537539,4.8941570542314916e-40
GSE278723,9-SEP,0.7890679836860448,0.14160189938369558,2.5119708176200765e-8
GSE278723,A1BG,0.6320397463723134,0.10930771339703312,7.372722526756386e-9
GSE278723,A2ML1,0.582228332437675,0.23248908249725977,0.012268511525044682
GSE278723,AAED1,-0.8998499521136826,0.08252000907385657,1.0954111445220245e-27
GSE278723,AASDHPPT,-0.6934835025599544,0.09098247505463063,2.4945448380707365e-14
GSE278723,AATK,0.7556323247602413,0.15822833751919563,1.7918868137974157e-6
GSE278723,ABCA10,-0.7554642347552039,0.09037031623889819,6.290447659584681e-17
GSE278723,ABCA2,0.8804331564386471,0.09665971435997774,8.346392793955272e-20
GSE278723,ABCA3,0.6770214154149501,0.05281625404677305,1.292932616960716e-37
GSE278723,ABCA5,-1.134370144502993,0.09849718987080361,1.0859781841776877e-30
GSE278723,ABCA6,-1.1241735487071476,0.1261628229142698,5.080396449273035e-19
GSE278723,ABCA7,0.7353602500962056,0.16895527298607463,1.346577695141687e-5
GSE278723,ABCA8,-0.7104504039128181,0.1620243137108196,1.1607200743384308e-5
GSE278723,ABCA9,-0.6932886288458596,0.0948868465251318,2.7423597438807345e-13
GSE278723,ABCB1,-0.660667947862331,0.260455271561106,0.011193832109738887
GSE278723,ABCC4,-0.610070626862563,0.17106847023702224,3.62144546717769e-4
GSE278723,ABCC6,1.17609354651088,0.3670399361247237,0.001354073637785724
GSE278723,ABCC8,0.7585617085504244,0.15865350521476249,1.7421053794584298e-6
GSE278723,ABCC9,-0.7881345980540809,0.1254355389410157,3.3170761575787193e-10
GSE278723,ABCD1,0.8236781986198175,0.09942483592404582,1.18675037297321e-16
GSE278723,ABCD2,-0.592288864096718,0.18696019393950203,0.001534944300062436
GSE278723,ABCD3,-0.615368018911047,0.1965527150288236,0.0017432848865525554
GSE278723,ABCE1,-1.0657299948060979,0.08987964934129607,1.97232313540499e-32
GSE278723,ABCF1,0.6121860358094201,0.09418151131155984,8.0284802027862e-11
GSE278723,ABCG2,-0.730495183766429,0.327234343045157,0.025593131700189217
GSE278723,ABCG4,0.6698471097613623,0.1162457588459814,8.295768605093632e-9
GSE278723,ABHD1,0.8261392061110041,0.3128652115615152,0.008276925787101647
GSE278723,ABHD10,-0.6306047469279736,0.18665881281670854,7.29137547950228e-4
GSE278723,ABHD12,0.7638442940767104,0.07607068920452156,1.004006555784561e-23
GSE278723,ABHD13,-1.0798931553199256,0.07911374094186258,2.022082858491945e-42
GSE278723,ABHD14A,0.7221525173671219,0.08632771364050032,5.998988888879146e-17
GSE278723,ABHD14A-ACY1,1.128510015314168,0.26332667756976036,1.822553449860316e-5
GSE278723,ABHD15,0.6880976694077333,0.12579664612465252,4.502371684447105e-8
GSE278723,ABHD16A,0.624971627952891,0.24673919487096216,0.011311547570144765
GSE278723,ABHD17A,1.0024593002192874,0.10893841062344113,3.511068775820662e-20
GSE278723,ABHD17B,-0.60370227825782,0.14044727428878256,1.7201496430141735e-5
GSE278723,ABHD3,-0.8018876987573923,0.12132794766887457,3.8625127519310055e-11
GSE278723,ABHD4,0.8206725306707177,0.12076510010443957,1.0785513129787372e-11
GSE278723,ABHD8,0.818241549959187,0.08951398315923853,6.191436631980426e-20
GSE278723,ABI3,0.7437359161085252,0.1894072003048616,8.613693067444966e-5
GSE278723,ABI3BP,0.739668426384357,0.3326867780505201,0.026194379924627188
GSE278723,ABLIM2,0.626563483929543,0.16842440961193766,1.9910722142378086e-4
GSE278723,ABLIM3,0.704376694837874,0.1064007044666558,3.5910681651743696e-11
GSE278723,ABTB1,0.6933061087490613,0.0681519377257461,2.6186134190752664e-24
GSE278723,AC007325.2,1.8256746604937366,0.12752124417446087,1.7227323738883172e-46
GSE278723,AC011043.1,-1.1932159877759125,0.15629357985811626,2.267812218533452e-14
GSE278723,AC013461.1,-0.6424147863854304,0.10864874670413971,3.364067291767228e-9
GSE278723,AC024592.12,1.5611599331808828,0.1272716277863666,1.372832820808256e-34
GSE278723,AC069368.3,1.3795253638442573,0.25147897883020875,4.119545694956013e-8
GSE278723,ACAA1,0.625495782822736,0.0633694212921428,5.581583398359502e-23
GSE278723,ACACB,0.7389975265866359,0.1309427508174675,1.664640921373613e-8
GSE278723,ACADL,-0.7152466738953235,0.15403867062570414,3.428996041357838e-6
GSE278723,ACADM,-0.603789544532762,0.132715616185015,5.377382533399397e-6
GSE278723,ACADS,0.8736853001707952,0.08710269931472407,1.1192645875649172e-23
GSE278723,ACADSB,-0.7561813572336403,0.12802845274365798,3.4976209338569488e-9
GSE278723,ACD,0.647128118295027,0.15615122468371684,3.4094284794087994e-5
GSE278723,ACE,0.7943664740157221,0.15049608882963558,1.3037384231645597e-7
GSE278723,ACER3,-0.976548419739702,0.12805098971551257,2.4168738007591085e-14
GSE278723,ACHE,0.6770388137637227,0.1353514544253335,5.671502138057407e-7
GSE278723,ACKR3,0.8607741900719824,0.11434435128592634,5.155820182299601e-14
GSE278723,ACO2,0.6749091351704889,0.0618867133003789,1.0842609898989144e-27
GSE278723,ACOT11,0.6829649943086882,0.12374607852887301,3.4077140451980446e-8
GSE278723,ACOT7,0.6833428408815552,0.12750252152106947,8.347767842266152e-8
GSE278723,ACOX2,0.7145508566754583,0.15119363606484318,2.289131086791821e-6
GSE278723,ACP2,0.6927131761321597,0.08475277033060735,2.99968018335956e-16
GSE278723,ACRC,-0.8717756192647961,0.19611500403267815,8.779930155737516e-6
GSE278723,ACSBG1,0.6976068104363666,0.14490279268298667,1.4771014509687073e-6
GSE278723,ACSF2,0.7614826033682712,0.08578668288529921,6.901800600411661e-19
GSE278723,ACSL3,-0.9978892731554663,0.09110192903395486,6.389543185470002e-28
GSE278723,ACSL4,-0.8212308493404935,0.10854957039379509,3.864008612926792e-14
GSE278723,ACSL5,-0.6383022742499528,0.1878880664918473,6.806735961002782e-4
GSE278723,ACSM5,1.0201558619863578,0.18153347145992257,1.9133682572932846e-8
GSE278723,ACSS1,0.73876664584338,0.1141935253380905,9.837541353305014e-11
GSE278723,ACTB,0.6435574937747004,0.12633512314060696,3.504933910511017e-7
GSE278723,ACTG1,0.7402939735908117,0.09479624838327755,5.749862282964848e-15
GSE278723,ACTL6B,0.7405070477179189,0.28283945311490744,0.0088416238923773
GSE278723,ACTN1,0.63933458599271,0.1590781246815045,5.8446290056870526e-5
GSE278723,ACTN4,0.6195299226408915,0.10803957819346086,9.792353699833908e-9
GSE278723,ACTR10,-0.8082288976743899,0.165851011788608,1.0979239778983694e-6
GSE278723,ACTR1B,0.6790112720457914,0.054128435465462185,4.263822210578109e-36
GSE278723,ACTR2,-0.8045143820482316,0.09549390618827844,3.6145355529248603e-17
GSE278723,ACTR3,-0.6243924848398469,0.07736501407564063,6.987654222472052e-16
GSE278723,ACTR3C,-0.6504817323470289,0.14973513220098408,1.39774041787654e-5
GSE278723,ACTR6,-0.9104437309686962,0.08985393100471915,3.96438391351408e-24
GSE278723,ACVR1C,-0.7488674117530514,0.13289697140610002,1.7511201966296597e-8
GSE278723,ACVR2A,-0.6994520715889556,0.128407419016889,5.118867641449134e-8
GSE278723,ACY1,1.050235733319497,0.1510082104016783,3.5299901735171585e-12
GSE278723,ACYP1,-0.581143644712669,0.2598079655725149,0.02529810906773092
GSE278723,ADAM10,-0.6492647841967052,0.04960042315364124,3.760821844111341e-39
GSE278723,ADAM15,0.6181632384548331,0.13189286786890683,2.7743033412609425e-6
GSE278723,ADAM17,-0.64161171973665,0.10476636442131118,9.113188669023527e-10
GSE278723,ADAM20,-0.6695104868730547,0.11378328042665717,4.002622504360242e-9
GSE278723,ADAM22,-0.861306125177781,0.2462662101922969,4.697118200390669e-4
GSE278723,ADAM28,-0.7416168366494612,0.23479888674843627,0.0015857275997337931
GSE278723,ADAM32,-0.9354555579488331,0.09211786113406041,3.1485649726410912e-24
GSE278723,ADAMTS1,-0.6631564660001072,0.21562742821528175,0.0021016852343610144
GSE278723,ADAMTS10,0.657219968908646,0.1403891288733857,2.8489959225715456e-6
GSE278723,ADAMTS13,0.663402612117802,0.08722323296454547,2.8314318893892768e-14
GSE278723,ADAMTS19,-0.682882051836365,0.2535872644089483,0.007083610171479548
GSE278723,ADAMTS2,0.8901392141623186,0.14599183594129508,1.0795264521231617e-9
GSE278723,ADAMTS7,0.6333002995028771,0.2769809502772031,0.0222285356518062
GSE278723,ADAMTS8,0.6829738454649675,0.11754973196710873,6.244141399965175e-9
GSE278723,ADAMTS9,-0.9819865909261484,0.12828216324109903,1.9346906898631935e-14
GSE278723,ADAMTSL2,0.7522990027346064,0.09146614090515073,1.9536909421976087e-16
GSE278723,ADAMTSL5,1.20923695804048,0.36354090513297377,8.801510377909882e-4
GSE278723,ADAP1,0.649704039425329,0.1074382932461567,1.4735758530473393e-9
GSE278723,ADARB2,0.7024377660247406,0.12482879316205484,1.831482796150177e-8
GSE278723,ADAT2,-0.7293595211190401,0.1224081826081411,2.5468626385117385e-9
GSE278723,ADAT3,1.31233308106527,0.30371142031980103,1.5533286762897592e-5
GSE278723,ADCK2,0.651958309379607,0.17255032595968653,1.5786066691297678e-4
GSE278723,ADCK5,0.7146948473729567,0.10059152509793247,1.2039131306134929e-12
GSE278723,ADCY3,0.583717516221615,0.10519878514502802,2.877856162353551e-8
GSE278723,ADCY5,0.6297684054040763,0.08303462683960829,3.340111344256352e-14
GSE278723,ADCY7,0.8174990249915285,0.14672938238896371,2.5259221574470863e-8
GSE278723,ADCY8,0.6829347831941533,0.10970189543538168,4.80423817309175e-10
GSE278723,ADCYAP1R1,0.8308998482605637,0.12258408864833963,1.2167972921527509e-11
GSE278723,ADGB,-1.30164063635401,0.5726659150983675,0.023029230603808924
GSE278723,ADGRA1,0.8103313997377146,0.0786696209375145,7.014262285154779e-25
GSE278723,ADGRA2,0.8057702512012856,0.10581109273060671,2.6332936822734906e-14
GSE278723,ADGRB1,0.8625081015624521,0.09813666132328763,1.5110268093463725e-18
GSE278723,ADGRB2,0.9074626237905091,0.08478805458906252,9.88359980151405e-27
GSE278723,ADGRE5,0.6658982977064434,0.1711628016419922,1.0006336964859531e-4
GSE278723,ADGRG1,0.6610952385730062,0.1593757943973626,3.353515677480446e-5
GSE278723,ADGRG6,-0.662497572667592,0.29010201066114094,0.022390868784866486
GSE278723,ADGRL1,0.6960256010235976,0.08784294753641371,2.308743310130675e-15
GSE278723,ADGRL2,-0.613447349280837,0.23099425095576853,0.00791481352125911
GSE278723,ADGRL4,-0.93850802797555255,0.1606299010181245,5.136971189062671e-9
GSE278723,ADH1B,-0.8794310804438707,0.20023853555141458,1.1235545913045351e-5
GSE278723,ADHFE1,0.597119566986993,0.16929980846319231,4.2030480329286753e-4
GSE278723,ADIRF,1.5827746994885186,0.10493525782173221,2.0843569997163462e-51
GSE278723,ADK,-0.597784361445514,0.11947495540906115,5.631964777596124e-7
GSE278723,ADORA1,0.9618674906713757,0.0786520473581436,2.165272659267453e-34
GSE278723,ADPRHL2,0.7254281571578534,0.10246362485775165,1.442997796374767e-12
GSE278723,ADPRM,-0.7708325874552185,0.09939457419886005,8.81499271828544e-15
GSE278723,ADRA1B,1.0636638520091144,0.16770380052049377,2.2604435329644584e-10
GSE278723,ADRA1D,1.073774150569587,0.3294006931859579,0.0011149823535908975
GSE278723,ADRA2A,0.994924685482338,0.358672623142114,0.0055387421405260736
GSE278723,ADRA2C,1.062498758637555,0.1423907498834349,8.531442786590434e-14
GSE278723,ADRB1,0.9088010205009268,0.11856538256386263,1.7886219195143683e-14
GSE278723,ADRB2,0.6672045742738241,0.14748662617332756,6.0730217731749684e-6
GSE278723,ADRBK1,0.6283199399184893,0.07796815672101948,7.712662183292626e-16
GSE278723,ADRBK2,-0.6422072866912454,0.15317039998698545,2.755765046697417e-5
GSE278723,ADRM1,0.7609223238549484,0.05386897824161613,2.647896972875426e-45
GSE278723,ADSS,-0.6092884750947352,0.09708641529396056,3.479896539191439e-10
GSE278723,ADSSL1,0.6792098640397715,0.11580003029214013,4.481359812081885e-9
GSE278723,AEBP1,0.8097990287944683,0.14798871992050489,4.4490416900260316e-8
GSE278723,AES,0.9082177050796251,0.07191144827472559,1.448885539554411e-36
GSE278723,AF011889.5,-0.823528960586662,0.3633951594980537,0.023438660665614626
GSE278723,AFTPH,-0.5986228222669269,0.11597652154320578,2.448659867087622e-7
GSE278723,AGAP2,0.7433387186308711,0.11040158615887265,1.6614998321548412e-11
GSE278723,AGBL3,-0.7828530184993715,0.08122214726796606,5.50293987038824e-22
GSE278723,AGFG2,0.7320908697371824,0.09270056609126721,2.8484491649046836e-15
GSE278723,AGGF1,-0.6190431338951982,0.07977901601799808,8.528290821253297e-15
GSE278723,AGL,-0.587814264343225,0.15152084732169235,1.0470225385287789e-4
GSE278723,AGO3,-0.837303265766819,0.07445188451490704,2.4169463665339547e-29
GSE278723,AGPAT1,0.6955333270943476,0.07284581584287653,1.3219826935140915e-21
GSE278723,AGPAT2,0.6084858502242927,0.16603985316461906,2.4763099961811266e-4
GSE278723,AGPAT3,0.6394772077568496,0.09215502799159565,3.944768686515859e-12
GSE278723,AGPAT4,-0.584293025776854,0.2537387765242496,0.021293787798868802
GSE278723,AGPS,-0.7670331023145783,0.06983424651081621,4.581673499921544e-28
GSE278723,AGRN,0.71946694607354,0.09518325530866026,4.0694429369956326e-14
GSE278723,AGT,1.0131110912981058,0.09932993865958425,1.9939126003220545e-24
GSE278723,AGTPBP1,-0.8494199479513026,0.1043342413467082,3.9094498957446046e-16
GSE278723,AGTRAP,0.7771182349774677,0.174470721962022,8.422739801359215e-6
GSE278723,AHDC1,0.7710042021882771,0.08100480667614152,1.7653445851902863e-21
GSE278723,AHI1,-0.6292936343051555,0.1656644082791819,1.4551283647892797e-4
GSE278723,AHR,-0.59350170282444,0.18846081211318896,0.001637153925448953
GSE278723,AHRR,0.800348118221725,0.17625308099652873,5.601383908411108e-6
GSE278723,AIFM3,0.9692868661238911,0.11567580958977589,5.322559774719787e-17
GSE278723,AIG1,-0.6939897517115886,0.09015448274204606,1.3844593468605381e-14
GSE278723,AIP,0.864588914204441,0.05359624107389918,1.531993147064921e-58
GSE278723,AK1,0.7325838089746646,0.1110596360663137,4.215165529689334e-11
GSE278723,AK6,-0.666881108384286,0.211920578045179,0.0016504270164483198
GSE278723,AK8,1.0153167879655,0.33359434560161677,0.002337912666786076
GSE278723,AK9,-0.8063425446995026,0.0704760016282684,2.5972837088443058e-30
GSE278723,AKAP11,-0.632564386674393,0.0858041122792342,1.6784509501023562e-13
GSE278723,AKAP17A,0.6945726648351732,0.09350880382693451,1.103476192639356e-13
GSE278723,AKAP7,-0.7522945480401408,0.09481146311699866,2.1111178369234897e-15
GSE278723,AKIRIN1,-0.6381643929103767,0.11266659350185036,1.4772523800327874e-8
GSE278723,AKR1C2,-0.610968464053853,0.28677644427390137,0.0331328723545618
GSE278723,AKR7A2,0.582294772801843,0.11856963955626705,9.061592215160352e-7
GSE278723,AKT1,0.6408086835744272,0.11140646668974971,8.819994884593786e-9
GSE278723,AKT1S1,0.6574129683612879,0.08767512867622644,6.465895098233364e-14
GSE278723,AKT3,-0.6904914163753529,0.06725395766831851,9.931886079976762e-25
GSE278723,ALCAM,-0.8043745504339221,0.11113603082978527,4.561971011956057e-13
GSE278723,ALDH16A1,0.6832216857264846,0.09387740224063365,3.3928836294551085e-13
GSE278723,ALDH1A1,0.714843745665011,0.2534043267302179,0.004788001001221755
GSE278723,ALDH1B1,0.914429577058592,0.27809726514043853,0.0010084286919717588
GSE278723,ALDH1L1,0.7163189532298683,0.08935673563852696,1.0889329171846124e-15
GSE278723,ALDH1L2,-0.6877894325359444,0.16528840334159206,3.166524229979603e-5
GSE278723,ALDH2,0.6311520007151227,0.059380699712705536,2.1865741512154216e-26
GSE278723,ALDH3B1,0.8859679814603926,0.18827764382675508,2.530630550515494e-6
GSE278723,ALDH4A1,1.0248465023873194,0.14143689464082682,4.2937739415942885e-13
GSE278723,ALDOA,0.7118040963632898,0.07003595437930128,2.8879635150560915e-24
GSE278723,ALDOC,0.8234600116619513,0.07576625740661964,1.6298721123006236e-27
GSE278723,ALG10,-0.67094011890082506,0.2876069566707623,0.019656707603380532
GSE278723,ALG10B,-1.3194391377002248,0.3759294154105085,4.484345516675324e-4
GSE278723,ALG13,-0.6035359130890129,0.10095843760954576,2.258062394235907e-9
GSE278723,ALG14,-0.7460494239558695,0.10145529108628219,1.931123394150581e-13
GSE278723,ALG2,-0.6428427012271989,0.1358202976174535,2.211834864717053e-6
GSE278723,ALG3,0.621212075256144,0.14541832876602911,1.938173822830664e-5
GSE278723,ALG6,-0.8226140223218329,0.1386277059387549,2.956780230059649e-9
GSE278723,ALG8,-0.5886248661625877,0.10181733990668913,7.417631707826312e-9
GSE278723,ALK,0.5992706361597806,0.11908656181777916,4.84814196825489e-7
GSE278723,ALKBH4,0.620654372985374,0.1341814088814107,3.7371910548100374e-6
GSE278723,ALKBH7,1.0872677262614514,0.0801706893358023,6.735836599445637e-42
GSE278723,ALKBH8,-0.600021595642918,0.1481999997794175,5.149659267251362e-5
GSE278723,ALOX15B,1.2365372936337424,0.2709174737315248,5.012636266642014e-6
GSE278723,ALOX5,0.748089580755634,0.17307078989078076,1.543070907145286e-5
GSE278723,ALPL,0.614112984696831,0.28391004930863173,0.030536967785235368
GSE278723,ALS2CL,0.70556291764899,0.23896207279244877,0.0031509503293078844
GSE278723,ALS2CR11,-0.7576079310818569,0.1308589644519922,7.059639700126891e-9
GSE278723,ALYREF,0.782351648960487,0.09303676263210382,4.1331231716622687e-17
GSE278723,AMACR,-0.6189814231710062,0.14076075324905876,1.0955502117436574e-5
GSE278723,AMD1,-0.7513126515188375,0.07540127200434651,2.18647349530959e-23
GSE278723,AMDHD2,0.7456372538353694,0.11498097725645536,8.880543707542477e-11
GSE278723,AMER3,0.8513840865105788,0.41350345683205375,0.03949876347379143
GSE278723,AMFR,0.608163103484269,0.19117848304430718,0.0014670311891960652
GSE278723,AMH,1.4159830399876798,0.37540177966797394,1.6200042148512882e-4
GSE278723,AMMECR1,-0.5871360518157047,0.12477368155937629,2.5311028851382696e-6
GSE278723,AMN1,-0.8763020404236163,0.08542075738868028,1.082038145086755e-24
GSE278723,AMOT,0.78242147534778,0.24026449740922606,0.001127946997492846
GSE278723,AMPD2,0.7370891684529086,0.06367378297665063,5.451711714339512e-31
GSE278723,AMY1B,-0.602265635189505,0.19721405968101102,0.0022591172861227697
GSE278723,AMY2B,-0.6675328789306462,0.06255553570433808,1.3905500100225804e-26
GSE278723,AMZ1,0.589534382026509,0.23961870996487408,0.013882016235449995
GSE278723,ANAPC1,-0.6302371985419689,0.0629276073397344,1.3060017214779911e-23
GSE278723,ANAPC11,0.7406089590275474,0.08629869139592151,9.329788484319795e-18
GSE278723,ANAPC15,0.8547877415917791,0.08799634363643198,2.6307238337461767e-22
GSE278723,ANAPC2,0.6346325540681166,0.09433156538050257,1.7238991474098367e-11
GSE278723,ANAPC4,-0.8587477498840993,0.07270638215284145,3.417545717903358e-32
GSE278723,ANAPC7,-0.667308755933185,0.11016372864830137,1.3831598641672826e-9
GSE278723,ANGEL2,-0.7647586799348958,0.08889679075117746,7.781454661937261e-18
GSE278723,ANGPT1,-0.7035121423549265,0.18343423858760588,1.254478280123782e-4
GSE278723,ANGPT2,-0.9696860000120131,0.18240864977691315,1.0606798179124121e-7
GSE278723,ANKAR,-0.6774975216790341,0.0846055123454007,1.1685156834937205e-15
GSE278723,ANKFN1,1.14157690887808,0.25089135111430466,5.36243147911541e-6
GSE278723,ANKRD12,-0.6801792907021111,0.08568814734472187,2.057230592468209e-15
GSE278723,ANKRD13B,0.6736096079713473,0.08989007259612912,6.695656853038404e-14
GSE278723,ANKRD13D,0.7404284588596272,0.06701697667219192,2.23227288477847e-28
GSE278723,ANKRD18B,-0.905092032211961,0.3137748493237494,0.003920021130634932
GSE278723,ANKRD20A1,-0.8753231178095722,0.24935721045722187,4.4757099224676446e-4
GSE278723,ANKRD20A4,1.11465388614775,0.40827535161125555,0.0063305074294547955
GSE278723,ANKRD24,0.8028970941052124,0.11339335550300386,1.4349418767475416e-12
GSE278723,ANKRD26,-0.6829276448796929,0.14359428089492562,1.9751246353779627e-6
GSE278723,ANKRD31,-0.6671231536745831,0.1610141260009079,3.424055485055625e-5
GSE278723,ANKRD34C,-1.09087893243179,0.45201815090566055,0.015806543603356416
GSE278723,ANKRD35,0.604442108502417,0.12775080156303198,2.2295974816375798e-6
GSE278723,ANKRD36,-0.6217575539990993,0.1552413678059147,6.199065638878224e-5
GSE278723,ANKRD40,-0.689578486076522,0.3065694254147653,0.02449095266816812
GSE278723,ANKRD45,-0.595182653904095,0.1726178604222671,5.647992066961328e-4
GSE278723,ANKRD49,-0.9390916305757264,0.08517426848219681,2.878113566672868e-28
GSE278723,ANKRD50,-0.616858676926024,0.1407225248570565,1.1678197316278055e-5
GSE278723,ANKRD65,0.6981336251550013,0.13191065689150389,1.2067311444626249e-7
GSE278723,ANKRD7,-0.698537830749896,0.304879240685447,0.021952130651156365
GSE278723,ANKRD9,0.6594262940744805,0.15767017152725446,2.8855603166963428e-5
GSE278723,ANLN,-0.9393854969646388,0.14150868804259564,3.171941970247573e-11
GSE278723,ANO3,-1.0523051163121546,0.24468246497413704,1.7026181702925502e-5
GSE278723,ANO5,-0.6698347317503217,0.1185192757722393,1.5887383357480225e-8
GSE278723,ANO7,0.9373426577601981,0.17873709384308417,1.5691620224712019e-7
GSE278723,ANO8,0.7591539955281741,0.08138845710423542,1.0835773229576467e-20
GSE278723,ANP32E,-0.8756331978604182,0.07710288885136271,6.870264579221892e-30
GSE278723,ANTXR2,-0.616496131011307,0.2065091372131068,0.0028328057862224646
GSE278723,ANXA1,-0.78707850522003,0.31694064510692954,0.013014857765713608
GSE278723,ANXA5,-0.6066794460834087,0.11887003512504293,3.3303988698139e-7
GSE278723,AOX1,-0.934878024637109,0.30648622194785496,0.0022860518077178946
GSE278723,AP000275.65,2.0898307916238736,0.4484922518718329,3.1669992037555594e-6
GSE278723,AP1AR,-0.6455102035513889,0.10401077066772259,5.428587510921107e-10
GSE278723,AP1B1,0.9617083383948963,0.05659507413916333,9.28613273102742e-65
GSE278723,AP1S2,-0.9644814131298151,0.10969435805099483,1.4634217169536156e-18
GSE278723,AP1S3,-0.86568965841681,0.36276218645165287,0.017015002198225316
GSE278723,AP2A1,0.688971831423844,0.047736051856752636,3.210714279801258e-47
GSE278723,AP2S1,0.7726641895444551,0.097859586587582,2.8882633922515624e-15
GSE278723,AP3D1,0.6375028665194974,0.07693122128380522,1.1647307313555677e-16
GSE278723,AP3M1,-0.6575033944852169,0.08799829688593701,7.912075972088411e-14
GSE278723,AP3S1,-1.0039072338359356,0.07976729555687329,2.538948750320611e-36
GSE278723,AP4E1,-0.7556158793926551,0.060769689279482834,1.706700601417485e-35
GSE278723,AP5B1,0.6697141270734136,0.08527800995571318,4.052182243089502e-15
GSE278723,AP5M1,-0.8433359190736357,0.08030612536921167,8.50054414802742e-26
GSE278723,AP5Z1,0.670901816979975,0.07892210697953757,1.8827270585985008e-17
GSE278723,APAF1,-0.658963409639886,0.14790760881807108,8.380067911214178e-6
GSE278723,APBA3,0.593466177893835,0.15957099591315757,1.9990568731109346e-4
GSE278723,APC,-0.639334182182278,0.10390457638181151,7.598778171805968e-10
GSE278723,APC2,0.7623531342108292,0.08746316346180708,2.875001634014699e-18
GSE278723,APCDD1,0.7223174770681915,0.13809779893855503,1.6907244405534036e-7
GSE278723,APEH,0.58563943756375,0.08505615051630529,5.765480945856903e-12
GSE278723,APEX1,0.620215941750726,0.1621338304274831,1.3059527599645259e-4
GSE278723,APEX2,0.781327092325209,0.17931710329407297,1.317147050898523e-5
GSE278723,APH1A,0.8394224403593082,0.13750865149368327,1.031188721147133e-9
GSE278723,APH1B,-0.7346590582067846,0.1984124867858534,2.1332918592004745e-4
GSE278723,API5,-0.593245358871125,0.21671456418941812,0.006191746631203068
GSE278723,APLF,-0.8697884455380845,0.08255245791422651,5.883390813324509e-26
GSE278723,APLN,0.7096847690901986,0.1108797978513109,1.5488154928144181e-10
GSE278723,APLNR,1.24937392381864,0.33054038960562604,1.5695941730334889e-4
GSE278723,APLP1,0.66872070942646,0.17665437510019572,1.5341529650511704e-4
GSE278723,APOA1BP,0.6877552796470411,0.05912205706915559,2.807233505082478e-31
GSE278723,APOBR,0.9988714043425493,0.14733885187004714,1.2066243209322971e-11
GSE278723,APOE,1.173708915976085,0.09470076400181539,2.8209572222419727e-35
GSE278723,APOL4,-1.1821719278130927,0.22132887798201367,9.231001822052084e-8
GSE278723,APOL6,-0.6746982591375762,0.1423545563695577,2.1418059500353617e-6
GSE278723,APOLD1,-0.854374686163102,0.39263495786959557,0.029555066718877594
GSE278723,APOOL,-0.748409369829257,0.27065114040143445,0.005688478858416232
GSE278723,APPBP2,-0.6592670050523619,0.08147285836393908,5.876018169734581e-16
GSE278723,APPL1,-0.8034747068692695,0.05947674649483658,1.3828296927867136e-41
GSE278723,APRT,0.6496084445769018,0.07211084044929437,2.0894843772520575e-19
GSE278723,AQP1,1.0614482201648785,0.13796038308154993,1.4275845084139125e-14
GSE278723,AQP3,1.2965260722538763,0.2871118006249403,6.309206919149929e-6
GSE278723,AQP4,-0.622408615622553,0.23520730827801334,0.00813985661282455
GSE278723,ARAF,0.7855278002701936,0.08206267560771469,1.045626354417286e-21
GSE278723,ARF1,0.972536282435838,0.13377107971238247,3.5907925044884034e-13
GSE278723,ARF4,-0.581282608494055,0.23057119931307282,0.01170036581409821
GSE278723,ARF6,-0.6579125494981937,0.08238099533045848,1.3914206384485762e-15
GSE278723,ARFGAP1,0.7477999845209071,0.10694056001222138,2.697044969783667e-12
GSE278723,ARFIP1,-0.8544971164878515,0.1067653308880754,1.2092440542822107e-15
GSE278723,ARFRP1,0.614341140438759,0.16948498330909978,0.00028923815637346153
GSE278723,ARHGAP1,0.653642767579378,0.13806436472297456,2.1977593868894763e-6
GSE278723,ARHGAP11A,-0.855620071131398,0.278277611400825,0.0021071464468030102
GSE278723,ARHGAP18,-0.6636731953989463,0.13508168971728352,8.963619453253603e-7
GSE278723,ARHGAP21,-0.768744656161415,0.1929304979946478,6.760304477880887e-5
GSE278723,ARHGAP22,0.671248864750443,0.1934417145098104,5.203971096689566e-4
GSE278723,ARHGAP23,0.7122431398801548,0.10220657881167149,3.199685483230768e-12
GSE278723,ARHGAP28,-0.7052274061035767,0.1405632598362064,5.244275421371887e-7
GSE278723,ARHGAP29,-0.9550855553408188,0.11051829347329448,5.5296693728728875e-18
GSE278723,ARHGAP30,0.750599367216601,0.2568222457589583,0.0034707581869217303
GSE278723,ARHGAP33,0.8786845011778097,0.08074615201488428,1.4035409108532798e-27
GSE278723,ARHGAP39,0.7895943653180848,0.07131687247795628,1.7222967711654567e-28
GSE278723,ARHGAP42,-0.6382591416030263,0.13784038243406058,3.649212035675116e-6
GSE278723,ARHGAP5,-1.1741428493330346,0.1457837416873837,8.012855061383474e-16
GSE278723,ARHGAP9,0.8362359702570239,0.29612683252414707,0.0047441481316928755
GSE278723,ARHGDIA,0.8014068844285162,0.05661534448555464,1.732101618630368e-45
GSE278723,ARHGDIB,0.854416785213891,0.39339759682505854,0.029863869138899504
GSE278723,ARHGDIG,0.6721547437936976,0.11462062326012987,4.513866562100836e-9
GSE278723,ARHGEF10L,0.7590478308679776,0.06404952458155887,2.1276030571407938e-32
GSE278723,ARHGEF16,0.758517419448409,0.3158097630496661,0.016313844512192168
GSE278723,ARHGEF17,0.6452294191703278,0.11780574483446231,4.324446775430587e-8
GSE278723,ARHGEF18,0.7140266757342968,0.1344268888676513,1.086455631154907e-7
GSE278723,ARHGEF4,0.7876245807871047,0.0812703353127619,3.2795177256408137e-22
GSE278723,ARHGEF40,0.6338919647079441,0.1003781597942685,2.700938612229414e-10
GSE278723,ARHGEF5,0.6835976054042847,0.18050447105137402,1.5238478232165368e-4
GSE278723,ARID4B,-0.6942516664082204,0.06444857904559607,4.6584066942572475e-27
GSE278723,ARID5A,0.675800995030483,0.265536358971767,0.010926482031279812
GSE278723,ARL1,-0.6780510715084498,0.09748702220114548,3.518231615690031e-12
GSE278723,ARL13B,-0.7096440609001132,0.06461855902841075,4.6623681332731265e-28
GSE278723,ARL14EP,-0.7141860293964818,0.08283712454598753,6.60425615421424e-18
GSE278723,ARL15,-0.9051573633255795,0.10847592082989116,7.162722246175697e-17
GSE278723,ARL17A,-1.1652776052987635,0.12395458225138312,5.412748250743393e-21
GSE278723,ARL17B,-1.2042253577739457,0.33689070145562755,3.5085981812362855e-4
GSE278723,ARL2,0.7314787077747098,0.06628063593173883,2.5594450728820317e-28
GSE278723,ARL4A,-0.7087354739810301,0.163706790969634,1.495854422523788e-5
GSE278723,ARL4D,0.782748834294367,0.3102777192414485,0.011644571881996415
GSE278723,ARL5A,-0.783614364443613,0.07830445602119285,1.4159651012709312e-23
GSE278723,ARL5B,-1.0051322184874718,0.08698250042439012,6.9188318643791235e-31
GSE278723,ARL6,-0.9393044714054827,0.15226862471741479,6.883940836836952e-10
GSE278723,ARL6IP1,-0.6722785049239178,0.14453548016504625,3.298421442496557e-6
GSE278723,ARL6IP4,0.658679323553888,0.12431659376389621,1.1682037022276282e-7
GSE278723,ARL6IP5,-0.7862048411995379,0.14141573702608964,2.705041954092254e-8
GSE278723,ARL6IP6,0.8738114885759193,0.10811362773207968,6.353378642518365e-16
GSE278723,ARL8B,-1.00571149277142,0.17870221720504414,1.824565198377778e-8
GSE278723,ARMC1,-0.7301576543560403,0.06458884062034895,1.2437439270880376e-29
GSE278723,ARMC3,-1.0941519642004525,0.29309656492758457,1.8915494521107887e-4
GSE278723,ARMC5,1.0813913291628412,0.08390510015766532,5.240831566062998e-38
GSE278723,ARMC6,0.8019241812665255,0.06943925984215005,7.505854388057432e-31
GSE278723,ARMC7,0.668800843016751,0.15659555449485016,1.9470303993400668e-5
GSE278723,ARMC8,-0.583731304133878,0.12128646596792036,1.4880687137688125e-6
GSE278723,ARMCX2,-0.602972999385639,0.16322496305588266,0.00022064746841248028
GSE278723,ARMCX3,-0.840229368742754,0.16708269440731321,4.93498550688899e-7
GSE278723,ARNTL2,-0.943473614067014,0.2304433643432769,4.2368888836213044e-5
GSE278723,ARPC1B,0.7518805869983438,0.12019159207498542,3.9577809047909373e-10
GSE278723,ARPC4-TTLL3,0.8181810006014367,0.21669639475994604,1.5955768888742982e-4
GSE278723,ARPC5,-0.666868426809927,0.20650139692190486,0.0012406534983156392
GSE278723,ARPC5L,-0.610512374317492,0.1572957570932409,1.038986208061993e-4
GSE278723,ARPP19,-0.8389083929493694,0.07976339267743258,7.178166664835222e-26
GSE278723,ARRDC1,0.8577272484147711,0.07051033003571595,4.800158533600534e-34
GSE278723,ARRDC3,-0.6584772753827077,0.17295932426650756,1.4059330968490448e-4
GSE278723,ARSA,0.6682345629462281,0.1097939236748859,1.1557740204406413e-9
GSE278723,ARSE,0.803213770144057,0.15552214028949776,2.409194753514346e-7
GSE278723,ARSI,0.779311853838672,0.16649866740411945,2.8605170539601837e-6
GSE278723,ARSK,-0.7757023952332617,0.19896305303115303,9.670018715371648e-5
GSE278723,ARVCF,0.84281794936122,0.08571126080594399,8.09845563971127e-23
GSE278723,ARX,0.9818719242759166,0.10015525918704608,1.0875241099255345e-22
GSE278723,ASAH2,-1.01108941496967,0.3095897172382548,0.001091163305811217
GSE278723,ASAH2B,-1.159086783353395,0.1435838343728037,6.884849537295623e-16
GSE278723,ASB13,0.7630793160076687,0.14471473688895464,1.3421910421923248e-7
GSE278723,ASB6,0.6362270256143053,0.0615672537757215,4.952955598911785e-25
GSE278723,ASCC2,0.582003941867971,0.1671858589123938,4.992112987642228e-4
GSE278723,ASCC3,-0.6446447818541163,0.058840689076889524,6.234907879267896e-28
GSE278723,ASCL1,0.6862032012986989,0.2155760543983891,0.0014570013298811216
GSE278723,ASF1A,-0.5994600121706675,0.0991128207371001,1.4641942038704746e-9
GSE278723,ASGR1,0.78697620527439,0.21664632013216178,2.806461520824777e-4
GSE278723,ASIC1,0.605678774169545,0.20490042922792953,0.0031169109345180078
GSE278723,ASIC2,0.7224743737753716,0.17354132180309723,3.13920142259122e-5
GSE278723,ASIC3,0.7651791369057805,0.20457030690800385,1.8371205058818126e-4
GSE278723,ASMTL,0.6025629036693139,0.10734813077617161,1.986575773238434e-8
GSE278723,ASNA1,0.7584573343706378,0.08467000750720598,3.312084810980374e-19
GSE278723,ASNSD1,-0.8059649679683406,0.15606498197233057,2.41352090084699e-7
GSE278723,ASPDH,0.7215787081590855,0.1750867409352982,3.767990941173307e-5
GSE278723,ASPHD1,0.8030688945678568,0.12387006831289629,8.982393154277482e-11
GSE278723,ASPSCR1,0.6666344068200076,0.10451449690179779,1.7895724496544784e-10
GSE278723,ASRGL1,0.6404882292622509,0.19139271414352557,8.185023002669687e-4
GSE278723,ASS1,0.6494283212216047,0.09309874258839608,3.0436499517967702e-12
GSE278723,ASTN2,0.7234023243162117,0.0674802518549183,8.181927825070821e-27
GSE278723,ATAD1,-0.836939374969748,0.09145027971835154,5.596600959838428e-20
GSE278723,ATAD3A,0.6732672098020551,0.09242646755891602,3.232126666930353e-13
GSE278723,ATAD3B,0.6374341404830551,0.11955850577686572,9.736907869651574e-8
GSE278723,ATAD5,-0.7316749925631217,0.12933925274331698,1.5402206645550217e-8
GSE278723,ATCAY,0.866229696260355,0.2866358060587491,0.002510634060910501
GSE278723,ATE1,-0.6082157346218497,0.07728641835214742,3.556836086173517e-15
GSE278723,ATF6,-0.6399245514055619,0.08636908905119275,1.270780171866819e-13
GSE278723,ATF6B,0.6446308720433475,0.061097257407552855,5.0314408167523606e-26
GSE278723,ATF7IP2,-0.9422562750714581,0.09291027649120313,3.612383095280872e-24
GSE278723,ATG10,-0.6569065268177835,0.08190145014163944,1.051487776841024e-15
GSE278723,ATG12,-0.9053244358025405,0.07354545594092077,8.029498605391421e-35
GSE278723,ATG2A,0.7907786449371427,0.07164699327370115,2.5292739494583897e-28
GSE278723,ATG4A,-0.654201800249554,0.0887959879328473,1.7389621279599682e-13
GSE278723,ATG4C,-0.9481211493616599,0.09598406118309798,5.1908279209427835e-23
GSE278723,ATG4D,0.7919573256004435,0.06156414329053763,7.182222346269033e-38
GSE278723,ATG5,-0.697271668315136,0.15980094817541549,1.2807037624426205e-5
GSE278723,ATG9A,0.6351843440322755,0.09037419852658893,2.0894298008485837e-12
GSE278723,ATL2,-0.7310500017740849,0.05929943686756636,6.392833095751589e-35
GSE278723,ATL3,-0.7184284926555229,0.08756800550152169,2.3206385154356863e-16
GSE278723,ATM,-0.7625391394292327,0.06574854084263018,4.227543134743763e-31
GSE278723,ATN1,0.8444578093577351,0.07389619835878349,3.043297229530056e-30
GSE278723,ATOH8,0.663852227375145,0.1956662772697141,6.918770363877007e-4
GSE278723,ATOX1,0.58519876068315,0.12300880957521303,1.9612879624131525e-6
GSE278723,ATP11B,-0.9413215111098178,0.06341916843156642,7.739105708644605e-50
GSE278723,ATP13A1,0.699312766402552,0.07108604879042213,7.757471024342668e-23
GSE278723,ATP13A2,0.9141184095639739,0.061103399451602015,1.336457774068714e-50
GSE278723,ATP13A3,-0.6412325464561296,0.05500297842922993,2.0854285264041374e-31
GSE278723,ATP1A2,1.0287747358842787,0.10094787297377114,2.171837115377673e-24
GSE278723,ATP1A3,0.7640971793714171,0.15446662720856796,7.548941037348735e-7
GSE278723,ATP1A4,1.436732720662155,0.2183833352897696,4.7378675929007147e-11
GSE278723,ATP1B1,-0.740902444161889,0.3418809615790336,0.030224506897236575
GSE278723,ATP1B3,-0.6725936559945968,0.15513488352789306,1.4540203475443534e-5
GSE278723,ATP2A3,1.0058790744068222,0.14810073432397228,1.1069891160617544e-11
GSE278723,ATP2B3,0.765518264901949,0.2862976180612107,0.007498490638730658
GSE278723,ATP5D,0.8355873945334572,0.08182477149151784,1.753737913565964e-24
GSE278723,ATP5F1,-0.6202595503661243,0.09953944933909498,4.625986922287059e-10
GSE278723,ATP5G1,0.6782294067141877,0.08127196546671707,7.11038282508039e-17
GSE278723,ATP5G2,0.7297640663935288,0.10702239580622343,9.180557001702484e-12
GSE278723,ATP5I,1.1498903141286676,0.07566370421238179,3.680309772395422e-52
GSE278723,ATP5S,-1.17488845981268,0.37737312322110644,0.0018498673211260368
GSE278723,ATP6AP2,-0.7801453724955745,0.16096122022735398,1.2547457222684303e-6
GSE278723,ATP6V0B,0.6237737675716438,0.11975640707650508,1.9018053269329713e-7
GSE278723,ATP6V0C,0.6126690581329096,0.1495922477714784,4.210879847843707e-5
GSE278723,ATP6V0E1,0.607252787999954,0.24046866404769704,0.01156032935891836
GSE278723,ATP6V1A,-0.763062765251227,0.34087960392432476,0.02518774665523598
GSE278723,ATP6V1C1,-0.7260033618414498,0.1321806681093542,3.9626585323997525e-8
GSE278723,ATP6V1F,0.8090989203063705,0.07733683915181735,1.2908536959067395e-25
GSE278723,ATP8A1,-0.6944673317731589,0.08916993274381065,6.800635927621596e-15
GSE278723,ATP8B1,-0.76992255312696,0.22798177562898322,7.324822306689191e-4
GSE278723,ATPIF1,0.863521871416855,0.15236201175367398,1.4483963920199604e-8
GSE278723,ATR,-0.7975864433170632,0.060674902501668446,1.8121822663276374e-39
GSE278723,ATRAID,0.617952774382272,0.09507112208890613,8.037348806881234e-11
GSE278723,ATRNL1,-0.77615239124463,0.11676292237801728,2.986186235637284e-11
GSE278723,ATRX,-0.6616475049162279,0.07361500507423284,2.5189951682801173e-19
GSE278723,ATXN3,-0.6526312860058718,0.09648307150761179,1.3404306891552841e-11
GSE278723,AURKAIP1,1.0271894085190592,0.06946459079880317,1.7707333306780804e-49
GSE278723,AVL9,-0.67799994248422,0.17440463087354832,1.0127734796115331e-4
GSE278723,AVPI1,0.7076441297147793,0.10003402679032405,1.5049313769136629e-12
GSE278723,AXIN1,0.621696999850926,0.1756369836518458,4.0062732092039407e-4
GSE278723,AXL,0.8101758434802924,0.09405638301293227,7.072405372157732e-18
GSE278723,AZGP1,1.1210242332405,0.4303100395915756,0.009183277897876634
GSE278723,AZI2,-0.7412799183727159,0.07514664310942265,5.93618937796176e-23
GSE278723,AZIN1,-0.736770579831991,0.15260132805380172,1.3785952627861023e-6
GSE278723,B3GALNT1,-0.654797797035635,0.2722342696943193,0.016160378841354257
GSE278723,B3GALT2,-0.915657798772019,0.11333748633021427,6.527996859502674e-16
GSE278723,B3GALT4,0.8474040001837929,0.10462190013322414,5.510355770328399e-16
GSE278723,B3GALT5,-0.660671660716958,0.2800706201316267,0.018326888606027294
GSE278723,B3GALT6,0.6463241356840712,0.07926700567046631,3.527807989393026e-16
GSE278723,B3GAT1,0.64754855881182,0.1370966539241387,2.3204870868458035e-6
GSE278723,B3GAT3,0.6363197191783511,0.06559921466692806,3.011683135864213e-22
GSE278723,B3GLCT,-0.7164802785620336,0.11835195228647521,1.4145910517621661e-9
GSE278723,B3GNT2,-0.6284351219707794,0.1258693249919306,5.952301660822316e-7
GSE278723,B3GNT5,-1.19679910495472,0.30625895171270134,9.313988527560637e-5
GSE278723,B3GNT9,0.7635812751788662,0.1270567426188503,1.8579144435603386e-9
GSE278723,B3GNTL1,0.693595668052135,0.24663306314247066,0.004919511116869098
GSE278723,B4GALNT1,0.608523595373812,0.25199219167417253,0.01574164783501032
GSE278723,B4GALNT4,0.622841918877127,0.13148150601390846,2.1679107199010284e-6
GSE278723,B4GALT2,0.6537775148528308,0.14107900330547926,3.5845308333352722e-6
GSE278723,B4GALT6,-0.7625220474081286,0.1354160140507822,1.7921014296702162e-08
GSE278723,B4GALT7,0.7316822557652118,0.09165593908356849,1.4290867170127858e-15
GSE278723,B4GAT1,0.5986083080923893,0.18497137105813077,0.0012112340138424541
GSE278723,BAALC,0.6691125842735427,0.1566667856972647,1.946611261415729e-5
GSE278723,BACE2,-0.7919478639328771,0.19564735231725078,5.169394516317773e-5
GSE278723,BAD,0.6894537824714372,0.08628276201796216,1.3424894875483027e-15
GSE278723,BAG2,-0.8744649401084013,0.10655002470820057,2.266261367768391e-16
GSE278723,BAG4,-0.6327156002016032,0.1723541652254092,2.4158436413374275e-4
GSE278723,BAHCC1,0.591135058028473,0.1519610375149515,1.0022622198578404e-4
GSE278723,BAHD1,0.7383701958760944,0.06138684503423663,2.5276025228187425e-33
GSE278723,BAIAP2,0.7043682664672739,0.10768250879828498,6.104443818586876e-11
GSE278723,BAIAP2L2,0.7790502167805721,0.12141035387420174,1.3928708468366414e-10
GSE278723,BAIAP3,0.6733114534206349,0.09085248278920108,1.2531205557653513e-13
GSE278723,BANF1,0.6987474616339214,0.15447077615164292,6.082735637648824e-6
GSE278723,BARD1,-0.6744166031226266,0.10315517018854972,6.239501842170522e-11
GSE278723,BAX,0.8417312694407442,0.07282837544915284,6.746262897006114e-31
GSE278723,BAZ1A,-0.6756991011600231,0.11274633180648663,2.0588872197679193e-9
GSE278723,BBC3,0.8137802142110957,0.11405240328081931,9.66865434817977e-13
GSE278723,BBIP1,-1.0386536429485174,0.08481576062502501,1.7649235565720021e-34
GSE278723,BBOF1,-0.7860792257182146,0.1616954794126622,1.1651176718216227e-6
GSE278723,BBS1,0.6590530059980452,0.09767618471967938,1.5059524558492524e-11
GSE278723,BBS10,-0.9661773591217782,0.09414548387481766,1.0387262291446317e-24
GSE278723,BBS12,-0.645217369760565,0.15389185861746627,2.7569357396131417e-5
GSE278723,BBS7,-0.6728210374838377,0.1457542944170244,3.90958654700719e-6
GSE278723,BCAM,0.6388634532084374,0.1539170474878977,3.314603239324228e-5
GSE278723,BCAN,0.8635445657126952,0.11409035355517255,3.762431724586239e-14
GSE278723,BCAP29,-0.8531616445947465,0.10746282464934753,2.0359956383374937e-15
GSE278723,BCAR1,0.7580830839084957,0.07646302332915038,3.605057746592067e-23
GSE278723,BCAR3,0.7837271884781063,0.13069222557715723,2.0131902172285648e-9
GSE278723,BCAS1,-1.08445710524382,0.4684376673635474,0.020610139423861938
GSE278723,BCAS2,-0.650489612901585,0.17817995654712002,2.614805925032083e-4
GSE278723,BCAT1,-0.9990951655086038,0.09563812113194795,1.5183957037392586e-25
GSE278723,BCAT2,0.7017043000212959,0.09388278695629017,7.763987441070527e-14
GSE278723,BCHE,-0.6840211492031928,0.1839626505381778,2.0059895466309946e-4
GSE278723,BCKDHA,0.7801933628215024,0.09205345620316786,2.3419667158539482e-17
GSE278723,BCKDK,0.7751185283784238,0.06469771285163949,4.4896886587498765e-33
GSE278723,BCL2L2,-1.60412143611658,0.7585169131661644,0.03444588760866122
GSE278723,BCL3,0.838162543060625,0.31650920218431206,0.008093458966943528
GSE278723,BCL6,0.7097904184128554,0.1133849002357995,3.849569429837476e-10
GSE278723,BCL6B,-0.9888841021456178,0.44256248984393115,0.025453427448384233
GSE278723,BCL7B,0.678038168348588,0.16611767680354583,4.4712523882352004e-5
GSE278723,BCL9L,0.8442117452331217,0.08645200661131273,1.5896862107351331e-22
GSE278723,BCLAF1,-0.8875849305724509,0.08048820798492022,2.815365691521173e-28
GSE278723,BCO2,-0.8488437121751953,0.08322887199852562,2.0051166653927824e-24
GSE278723,BDP1,-0.621437575368321,0.1850809764465239,7.860741130047365e-4
GSE278723,BEAN1,0.7748615433227329,0.15250923325802965,3.759442844651338e-7
GSE278723,BEGAIN,0.8660590624090806,0.11902600418805724,3.4331061633372736e-13
GSE278723,BEND4,-0.9123326245734589,0.3616878192956274,0.011654676025503002
GSE278723,BEND6,-0.659656215195075,0.16673637458175275,7.612510567029868e-5
GSE278723,BEST3,-0.6676074856496804,0.1688349922594338,7.679085315815734e-5
GSE278723,BET1,-0.796716283897418,0.07970642478523528,1.5926410244766022e-23
GSE278723,BET1L,0.7383501476904676,0.10712170245676192,5.4770603596888395e-12
GSE278723,BEX4,-0.6792084339544316,0.14624445983971604,3.411716583178e-6
GSE278723,BGN,0.7115862334388493,0.1690972120486308,2.5747128339062375e-5
GSE278723,BHLHB9,-0.708494119931178,0.27606672401666676,0.010276402921301811
GSE278723,BHLHE22,0.7303737359411386,0.20413750445972803,3.464297843301786e-4
GSE278723,BIN1,0.603869560797298,0.08324590761447107,4.04505598234334e-13
GSE278723,BIRC2,-0.8533021459579735,0.0835135163572592,1.654984065926544e-24
GSE278723,BIRC3,-0.8826678447092186,0.1405077670149163,3.342746586421553e-10
GSE278723,BIVM,-0.6383783974608508,0.06118956019780009,1.756364115988151e-25
GSE278723,BLM,-0.66284795140596,0.19835621530906006,8.326551200207436e-4
GSE278723,BLOC1S1,1.0494233361376275,0.07137949963673192,6.2558604305062515e-49
GSE278723,BLOC1S2,-0.6162491388582361,0.11722140860669576,1.4631440376349769e-7
GSE278723,BLOC1S3,1.5854854961992317,0.14683487098816767,3.5276070164771775e-27
GSE278723,BLOC1S4,0.595650508227898,0.20804415941335302,0.004195227492335496
GSE278723,BLOC1S6,-1.3604232430322987,0.23322446308155184,5.440466169150409e-9
GSE278723,BLVRB,0.92915193092589,0.09075881701065065,1.3454034427791862e-24
GSE278723,BLZF1,-0.787081684485413,0.0645263891849055,3.1923254946671077e-34
GSE278723,BMP7,0.671516018000812,0.23549903657677898,0.0043518999014514675
GSE278723,BMP8A,0.8687019703779832,0.11413299894075918,2.7132540831326364e-14
GSE278723,BMPR2,-0.772383483581298,0.1987189564312394,1.015688099693748e-4
GSE278723,BNIP2,-0.6196999486146971,0.11884319844587843,1.8437988617866005e-7
GSE278723,BNIP3L,-0.662503612080041,0.23509831860520516,0.004832601832372967
GSE278723,BOC,0.5985814143441718,0.10521290312361281,1.2760632104271856e-8
GSE278723,BOK,0.580939901684548,0.2823260772449966,0.0396197798705057
GSE278723,BOLA1,0.852354857646828,0.11298570262252988,4.560585246397026e-14
GSE278723,BOP1,0.858921367118867,0.06089283585958511,3.514974656988472e-45
GSE278723,BORCS6,0.7118230287305606,0.08304887244779177,1.0247077137700012e-17
GSE278723,BORCS7,-0.6625277029510322,0.11343942794824616,5.208647261762604e-9
GSE278723,BORCS8,0.7378665807812794,0.07087450777415816,2.211484664695298e-25
GSE278723,BORCS8-MEF2B,1.0565551388927854,0.20401501863777952,2.2330505169719422e-7
GSE278723,BRAF,-0.627281167766237,0.08273207526056596,3.4005991296284305e-14
GSE278723,BRAT1,0.7669210643659996,0.06670793029481148,1.3705578346938715e-30
GSE278723,BRCC3,-0.8368556444775319,0.07267512341844182,1.1083126224421451e-30
GSE278723,BRF1,0.65737813605476,0.12233142920118041,7.71170943099853e-8
GSE278723,BRI3,0.750141363529867,0.08499237989214668,1.0850178595091243e-18
GSE278723,BRINP1,0.5839107639370831,0.1061835561925358,3.818004618417874e-8
GSE278723,BRINP2,0.601062186481819,0.19808788198268762,0.002410779050922577
GSE278723,BRIX1,-0.6839514122244109,0.09450107418302921,4.57034746170345e-13
GSE278723,BRMS1,0.7344661768701127,0.12020211371292598,9.946890740337386e-10
GSE278723,BRMS1L,-0.7553269183548404,0.08963049582093105,3.542773613727543e-17
GSE278723,BROX,-0.7413241612546447,0.0859736702911772,6.540029460358812e-18
GSE278723,BRSK1,0.687215255192568,0.18463776240592444,1.9767857322132757e-4
GSE278723,BRSK2,0.6753610381841453,0.09412422271871651,7.21964249192632e-13
GSE278723,BRWD1,-0.6453176055922777,0.09353468354002352,5.228393743724638e-12
GSE278723,BRWD3,-0.6072327333477444,0.091423213469311565,3.094607195612649e-11
GSE278723,BSCL2,0.586025350127993,0.18774902218777606,0.001800404125968607
GSE278723,BSN,0.6505135650128814,0.11606260602399243,2.084346938634068e-8
GSE278723,BST2,0.581144031963044,0.28191670588997536,0.03926457890375325
GSE278723,BTAF1,-0.6451416129816437,0.06532457606763961,5.293414494626235e-23
GSE278723,BTBD10,-0.6559258413364032,0.08470133504650945,9.634861998620783e-15
GSE278723,BTBD19,0.7479136169408157,0.19741109137384752,1.514925693936716e-4
GSE278723,BTBD2,0.897362351404315,0.10692846200916847,4.772303652374347e-17
GSE278723,BTBD6,0.581208232383162,0.14503574087711524,6.140516762233975e-5
GSE278723,BTBD8,-0.7359253886419826,0.10930062309042554,1.6615518193765334e-11
GSE278723,BTF3L4,-1.0811838201295538,0.12105460934247525,4.2075542545123527e-19
GSE278723,BTG1,-0.625083343430639,0.25086207900457075,0.012711867257656913
GSE278723,BTG3,-0.8054152541377039,0.1155317364193463,3.1385434924497006e-12
GSE278723,BUB1B-PAK6,1.94991268718404,0.7005446297829171,0.005378847393656465
GSE278723,BUB3,-0.590316406496617,0.12208621855381381,1.3298377992142788e-6
GSE278723,BVES,-0.7772056560256567,0.12939946575513275,1.8986232486576654e-9
GSE278723,C10ORF105,1.4995634851779565,0.22159556271656058,1.3137225820306218e-11
GSE278723,C10ORF107,-0.9134657917169301,0.19251373582435208,2.0856993552154963e-6
GSE278723,C10ORF128,-0.6446868423251061,0.1417265668474005,5.395081614987848e-6
GSE278723,C10ORF35,0.7315784110408448,0.14124038115203133,2.2228006466825764e-7
GSE278723,C10ORF54,0.8644491898223798,0.10550804358364914,2.543571996434759e-16
GSE278723,C11ORF54,-0.7251674402856485,0.09200865392216571,3.234393792903257e-15
GSE278723,C11ORF57,-0.718041502276483,0.17615819533954197,4.579388581853381e-5
GSE278723,C11ORF63,0.64095360993547,0.3088241292661197,0.03794347785466319
GSE278723,C11ORF68,0.7450227050823157,0.07789336685021238,1.125829592909696e-21
GSE278723,C11ORF71,-0.587706703253797,0.22711539144137197,0.009661883496328329
GSE278723,C11ORF73,-0.645208464671136,0.21303670382381398,0.002456687433002198
GSE278723,C11ORF84,0.6539881746619448,0.1304306972283834,5.329158625632027e-7
GSE278723,C11ORF87,-0.877011916745631,0.3676558988069917,0.01705986161833473
GSE278723,C11ORF98,1.021536110351541,0.2416664400729854,2.36775134301145e-5
GSE278723,C12ORF10,0.6004752299100391,0.08963648053067329,2.098434362610313e-11
GSE278723,C12ORF29,-0.7331307180453335,0.08493656065584648,6.054760877249855e-18
GSE278723,C12ORF4,-0.6826955432630919,0.10113778348004325,1.4768902202814282e-11
GSE278723,C12ORF45,-0.580932774267098,0.24069353184489634,0.01579671733439214
GSE278723,C12ORF57,1.1855598705966148,0.08219551392018969,3.673528092621101e-47
GSE278723,C14ORF28,-0.7861653480567399,0.10283821993585536,2.09464571830783e-14
GSE278723,C14ORF80,0.6912887808922998,0.14913839943549081,3.565639670938382e-6
GSE278723,C14ORF93,0.718318999452092,0.22667162226173448,0.001529722233299218
GSE278723,C15ORF38-AP3S2,0.9278246334808788,0.3333123196056276,0.005375110378642277
GSE278723,C15ORF39,0.8777451617674178,0.15373345789951795,1.1329130697853167e-8
GSE278723,C15ORF40,-0.6774830424010218,0.1600965371565385,2.319153558681186e-5
GSE278723,C15ORF41,-0.8265548724347725,0.11965233536181148,4.916341676535971e-12
GSE278723,C15ORF59,0.621502632952037,0.12561793790436165,7.514847391792378e-7
GSE278723,C16ORF13,0.9322727126473758,0.06215248116928196,7.367792322593655e-51
GSE278723,C16ORF52,-0.6436698843367632,0.0798469068478231,7.548720927764678e-16
GSE278723,C16ORF86,0.8708061550600384,0.11055350744292043,3.359135026929631e-15
GSE278723,C16ORF87,-0.770463634938102,0.2191498869798279,4.3860850677193664e-4
GSE278723,C16ORF89,0.727161037309965,0.10964749169156998,3.316012838174563e-11
GSE278723,C16ORF91,0.737915302843612,0.20123981997601187,2.455611808607715e-4
GSE278723,C16ORF95,0.5839054773767774,0.14298761799902526,4.4341677683126556e-5
GSE278723,C16ORF96,1.0797387887325351,0.16236386908972703,2.928593544031829e-11
GSE278723,C17ORF107,0.765541923105978,0.28693281936823717,0.007630017317849595
GSE278723,C17ORF49,0.59957374717272,0.18785183438825048,0.0014141978500690035
GSE278723,C17ORF75,-0.6108524788079259,0.1279562629018843,1.8067756958121088e-6
GSE278723,C17ORF97,0.7201349818912074,0.1782124273630718,5.325106883038562e-5
GSE278723,C18ORF32,-0.661454696888388,0.1607146767345738,3.859925555497602e-5
GSE278723,C18ORF54,-0.9777491246769204,0.11015386840721786,6.917573107887978e-19
GSE278723,C19ORF24,0.9419175053868033,0.11439129429787019,1.808049157276017e-16
GSE278723,C19ORF44,0.6539083022808028,0.15850640619038894,3.7003035726902723e-5
GSE278723,C19ORF52,1.0394066415353607,0.07271977232151526,2.4086396166536525e-46
GSE278723,C19ORF53,1.3489037610452193,0.08350859544769981,1.0839282269535542e-58
GSE278723,C19ORF54,0.8889929100669379,0.2717452401234974,0.0010700872467471227
GSE278723,C19ORF57,0.7597231452796229,0.17688184054258768,1.7462372290678784e-5
GSE278723,C19ORF60,1.0675815380689762,0.07420921100344734,6.32591515407198e-47
GSE278723,C19ORF68,0.8997104418682204,0.1143528723274421,3.608080792610322e-15
GSE278723,C19ORF70,0.8055264601262958,0.06195200696089858,1.1852096895196679e-38
GSE278723,C19ORF71,1.037566403581534,0.22038233996768844,2.50123768751323e-6
GSE278723,C1D,-0.6777694363714921,0.11306370552550163,2.0401192149422906e-9
GSE278723,C1GALT1,-0.9764819439923105,0.08421579825889208,4.368799919218442e-31
GSE278723,C1GALT1C1,-1.2742234047949221,0.14539523875640278,1.8867741686159688e-18
GSE278723,C1ORF101,-1.1656145935484883,0.09180800016505533,6.2055108675208335e-37
GSE278723,C1ORF106,0.836721579071175,0.33250051637650113,0.011854305662329354
GSE278723,C1ORF112,-0.635946548519478,0.2525008471751039,0.011782518433788055
GSE278723,C1ORF122,0.9499959080084142,0.08923820417126294,1.827657624112593e-26
GSE278723,C1ORF159,0.662152379969686,0.1776894996388353,1.9418974815715623e-4
GSE278723,C1ORF162,-0.61136522154643,0.24497315232334935,0.012572951699136657
GSE278723,C1ORF233,1.4342427238739022,0.12555493464422837,3.201164169869445e-30
GSE278723,C1ORF27,-0.7368948495065458,0.0777370868973229,2.559414853177898e-21
GSE278723,C1ORF35,1.0618097409418656,0.09349365103486877,6.843554390650129e-30
GSE278723,C1ORF95,-1.019613500073821,0.18005763507836017,1.4900409113551039e-8
GSE278723,C1QA,0.840552504639725,0.3412781467415903,0.013779744946191014
GSE278723,C1QB,1.39288728976142,0.4464882412949022,0.001810657031342628
GSE278723,C1QC,0.862799972979057,0.3352034414438431,0.010054213650595518
GSE278723,C1QL1,1.0269900356401973,0.12768149908027268,8.739814658756558e-16
GSE278723,C1QL2,1.123876498885528,0.17570759622462684,1.5919895519702651e-10
GSE278723,C1QTNF3,-0.600734925210005,0.18554328344268672,0.0012049417709350393
GSE278723,C1QTNF4,1.2463168733968504,0.10568264686100834,4.240902252477028e-32
GSE278723,C1QTNF5,1.0968194047954392,0.22168609691977947,7.512493127101151e-7
GSE278723,C20ORF27,1.0466842554753977,0.08637370635591385,8.471141158002779e-34
GSE278723,C21ORF2,0.7153212631862257,0.0790280280683666,1.4103291348810287e-19
GSE278723,C21ORF33,0.7144318498580589,0.05441900299379549,2.2653158861373516e-39
GSE278723,C21ORF59,-0.6007989804423021,0.13595218381199795,9.907000524677138e-6
GSE278723,C21ORF62,-1.29839922318931,0.4882981574154247,0.007836609246982451
GSE278723,C21ORF91,-0.8452920304337059,0.16705387725792462,4.1926422401705504e-7
GSE278723,C2CD2L,0.6827912239679755,0.06489507657093767,6.879606876681538e-26
GSE278723,C2CD4C,0.7242020456452011,0.17462976639496058,3.3675560963989255e-5
GSE278723,C2CD5,-0.6392066422005923,0.08699046009476835,2.011816741583231e-13
GSE278723,C2ORF69,-0.7690314282676984,0.08446854874298308,8.678267319186193e-20
GSE278723,C2ORF80,-0.660641619477622,0.3012017417171291,0.02828198553058625
GSE278723,C2ORF81,0.8136661169238256,0.11720354070014473,3.856742260619234e-12
GSE278723,C2ORF82,1.0893655396913935,0.17891917661279869,1.1390929391073883e-9
GSE278723,C2ORF88,-0.9701805134865233,0.19453788685437934,6.129133724853183e-7
GSE278723,C3,0.908343088359847,0.2582455599463551,4.358591175678862e-4
GSE278723,C3ORF14,-1.0138111098950657,0.1147088824970353,9.73408599895338e-19
GSE278723,C3ORF17,-0.7483411929552718,0.08110437119699755,2.786008780806896e-20
GSE278723,C3ORF18,0.6910238151721639,0.0980672507157407,1.8356912353417425e-12
GSE278723,C3ORF33,-0.8600073151955511,0.11796239628473712,3.087589093167607e-13
GSE278723,C3ORF58,-0.728416652111484,0.2069758497179064,4.3263556438338037e-4
GSE278723,C4A,1.14484854656692,0.3221722567614464,3.800988871965524e-4
GSE278723,C4B,1.1795715116048897,0.3687847453554411,0.0013812699074249113
GSE278723,C4ORF19,0.702734322347173,0.2252851790788456,0.001812751021041433
GSE278723,C4ORF22,-0.955760142017992,0.29909234477565977,0.0013957171424068932
GSE278723,C4ORF27,-0.6520695374500618,0.09472151138866028,5.816617197114925e-12
GSE278723,C4ORF3,-0.8682702549741222,0.10224473833164793,2.0297535496341968e-17
GSE278723,C4ORF32,-0.7968216580294664,0.11455843580327896,3.5108634880097022e-12
GSE278723,C4ORF33,-0.9225931894032677,0.09380296788485694,7.922283993566537e-23
GSE278723,C4ORF36,-0.600282773633025,0.2383594642511808,0.011789174324736583
GSE278723,C4ORF46,-0.6995493692459397,0.14378030234206615,1.142227975162523e-6
GSE278723,C4ORF48,2.517878786456066,0.16245208791071858,3.511916506499606e-54
GSE278723,C5,-0.680304282607176,0.11390112668339708,2.3327057559766804e-9
GSE278723,C5ORF15,-0.6493908001713551,0.18027861472992118,3.1559489327425604e-4
GSE278723,C5ORF22,-0.8074621714813912,0.09479005742978691,1.617351231904569e-17
GSE278723,C5ORF28,-0.8054497460193086,0.0799145214916708,6.849486120045493e-24
GSE278723,C5ORF30,-0.583091258546709,0.14620330695545422,6.657032793679002e-5
GSE278723,C5ORF34,-0.897366259333964,0.3906550169631086,0.0216141432535309
GSE278723,C5ORF42,-0.6331294199388672,0.06939436433022064,7.264042365599445e-20
GSE278723,C5ORF49,0.8331373837324889,0.1197186240661813,3.4238218506523007e-12
GSE278723,C5ORF51,-0.6813778882068113,0.08788092041614358,8.944852924348736e-15
GSE278723,C5ORF63,-0.8207318785809862,0.19742054388095012,3.220634534251575e-5
GSE278723,C6ORF163,-0.7462379185413391,0.15876570228472103,2.5984778405312644e-6
GSE278723,C6ORF203,-0.6256403817687521,0.06631542915978314,3.935723639017397e-21
GSE278723,C7,-1.04752588452594,0.4362248030623644,0.016334965079868556
GSE278723,C7ORF25,-0.6888643120846653,0.12284096373678459,2.0494588587778357e-8
GSE278723,C7ORF26,0.6930386512569697,0.09023351967645646,1.584674299048881e-14
GSE278723,C7ORF43,0.6579515184741266,0.07645984607699571,7.619031157755963e-18
GSE278723,C7ORF50,0.7278837019435329,0.10493069472948931,4.010685991272386e-12
GSE278723,C7ORF55-LUC7L2,1.7634792903172074,0.44103765958886826,6.375115947019189e-5
GSE278723,C7ORF60,-0.8412646037092826,0.11248606879010829,7.498508015830712e-14
GSE278723,C8ORF58,0.606802690980689,0.20899870968916712,0.003691583154172757
GSE278723,C8ORF59,-0.7923690611627805,0.08557376827135509,2.0541976005494357e-20
GSE278723,C8ORF76,-0.7609599889164287,0.07902610784162016,6.0183014765904115e-22
GSE278723,C9ORF142,0.7107366317432212,0.09057961575620446,4.276703721442234e-15
GSE278723,C9ORF16,0.9500226499013215,0.09479521198844651,1.2220367605102192e-23
GSE278723,C9ORF172,1.1646465288728411,0.12320818911383108,3.302914233073502e-21
GSE278723,C9ORF24,0.6913900754325916,0.16538945733401805,2.9102780739982054e-5
GSE278723,C9ORF64,-0.5836211965252096,0.1317403986861006,9.419584569509095e-6
GSE278723,C9ORF72,-0.7579142152203492,0.10859856238161726,2.9719403464227304e-12
GSE278723,C9ORF85,-0.6965995229258951,0.0845830230974443,1.7852627660646745e-16
GSE278723,C9ORF9,0.7472394968425048,0.1517398642805099,8.458620469195647e-7
GSE278723,CA11,0.68355287801702,0.21057394954415326,0.001169805987288049
GSE278723,CA12,0.664676579509776,0.30562216400631126,0.029642777485135607
GSE278723,CA13,-0.8300788013419185,0.07515951167284812,2.3376771976147344e-28
GSE278723,CA7,0.794425377034594,0.20944116233484275,1.4879507987010992e-4
GSE278723,CAAP1,-0.624000005863333,0.17755188147307766,4.406394939002567e-4
GSE278723,CAB39,-0.8273259822884709,0.2670618887291473,0.0019490959948738696
GSE278723,CABLES1,0.916382349183964,0.2348839335699667,9.562758808100293e-5
GSE278723,CABLES2,0.6118190596367792,0.1012267932830717,1.502997181161545e-9
GSE278723,CABP1,0.7540444409630178,0.1930765373501095,9.406294000474786e-5
GSE278723,CABP7,0.6974969480739796,0.2302265685815328,0.002448688921100891
GSE278723,CACFD1,0.7588690097261901,0.1583546116527337,1.6495173871208512e-6
GSE278723,CACNA1A,0.6854548799638476,0.15444843443871503,9.07638707235078e-6
GSE278723,CACNA1B,0.796163836400717,0.16501844759974388,1.4021700224409789e-6
GSE278723,CACNA1G,0.749100367001663,0.28597469348449933,0.00880681105144206
GSE278723,CACNA1H,0.8897487730247359,0.13153130477407016,1.337334052120615e-11
GSE278723,CACNA1I,0.6651831384431871,0.09922919601570787,2.0348256534835944e-11
GSE278723,CACNA2D1,-0.6136353562100092,0.18796164993322556,0.0010958633200785243
GSE278723,CACNA2D2,0.6717800836900516,0.14769566337415974,5.405335647829867e-6
GSE278723,CACNA2D4,0.612908751965711,0.2951898500314516,0.037864313855788964
GSE278723,CACNB1,0.6410819833380075,0.10042209713100692,1.7266353002347297e-10
GSE278723,CACNB3,0.6152680626085694,0.14168607648045425,1.4088734697561757e-5
GSE278723,CACNB4,-0.6994308367650516,0.19487139125112135,3.317044895992205e-4
GSE278723,CACNG4,0.6829866074544841,0.2573726484810136,0.007961749829019402
GSE278723,CACNG5,0.819988965834542,0.275085711969846,0.002874505038434621
GSE278723,CACNG7,0.9140172660735542,0.07328433447898647,1.0585533479707841e-35
GSE278723,CACTIN,0.7619289182850505,0.08489098103013139,2.8237219750549056e-19
GSE278723,CACUL1,-0.8081618542976274,0.06879656706506276,7.306275117837007e-32
GSE278723,CACYBP,-0.7923592301692579,0.10849508123711375,2.810424283438919e-13
GSE278723,CADM2,-0.7084547266035772,0.16173212577371163,1.184504785918749e-5
GSE278723,CADM3,0.6120229741551987,0.11082306966954399,3.3416564425009575e-8
GSE278723,CADM4,0.7188446081628147,0.09011135562393778,1.4957851487689598e-15
GSE278723,CALCRL,-0.621087757006098,0.1660997388301995,1.8457315790727357e-4
GSE278723,CALHM2,0.582733367056678,0.194356733115707,0.0027151973952052252
GSE278723,CALM1,-0.7143796836892847,0.12238554963278388,5.310942832782312e-9
GSE278723,CALM2,-0.606539435460361,0.10644244051501316,1.2101813561889382e-8
GSE278723,CALN1,0.700686564933379,0.3029674528199674,0.020736644565991003
GSE278723,CALU,-0.6970278432027586,0.10658820311107312,6.174695801599582e-11
GSE278723,CALY,1.1315281672131208,0.11817239656220488,1.0162842762213185e-21
GSE278723,CAMK1,0.6594408000885498,0.09533286272371325,4.605101884666905e-12
GSE278723,CAMK1G,0.8866558611522579,0.2432130133673187,2.6677505140760725e-4
GSE278723,CAMK2B,0.6868508929592398,0.20353311668320626,7.391244721853831e-4
GSE278723,CAMK2D,-0.6594073253061199,0.1602945699918723,3.893299886727551e-5
GSE278723,CAMK2G,0.610730847147796,0.14915184851609065,4.227303878958983e-5
GSE278723,CAMK2N1,-0.611599563218837,0.25811472086497805,0.017812764936671263
GSE278723,CAMK2N2,1.3959821569517887,0.12197548202817239,2.4974665792889604e-30
GSE278723,CAMK4,-0.8998783136797028,0.1404720999640091,1.4928910841994878e-10
GSE278723,CAMKK1,0.7896931302480514,0.10751860823375217,2.0620378966079517e-13
GSE278723,CAMKMT,-0.642520463360437,0.12344905679028045,1.942665456721415e-7
GSE278723,CAMSAP2,-0.6264800780753742,0.10375581760639692,1.5601322688129744e-9
GSE278723,CAMSAP3,0.8700154782001458,0.08306563462816667,1.1393568719912416e-25
GSE278723,CAMTA2,0.6912043103970726,0.1115252647201296,5.728058311234554e-10
GSE278723,CAND1,-0.58786578846859,0.14244518123441638,3.6758779691487754e-5
GSE278723,CAND2,0.6693307401977064,0.06145873035431717,1.276063442452039e-27
GSE278723,CANX,-0.7467645604345994,0.11249136565393286,3.170704459160981e-11
GSE278723,CAPG,0.7949622018106455,0.1251149332200797,2.0998415215919533e-10
GSE278723,CAPN1,0.6531459385996001,0.06272129314892097,2.152436073207507e-25
GSE278723,CAPN10,0.6363302163029891,0.08202179049169368,8.62363279658792e-15
GSE278723,CAPN15,0.8064325489017229,0.10498524025206367,1.5737187866287372e-14
GSE278723,CAPN7,-0.7671185094851919,0.05562333241349776,2.8749941678802686e-43
GSE278723,CAPNS1,0.6868373167780288,0.20093638802505082,6.304073840859341e-4
GSE278723,CAPS,1.0240388977215442,0.15883180726938725,1.1384804316441668e-10
GSE278723,CAPS2,-0.6404915009300389,0.0653760375933731,1.1593588533038365e-22
GSE278723,CAPZA1,-0.814110339099314,0.08173269073311858,2.2658724409849866e-23
GSE278723,CAPZA2,-0.7161388319376528,0.19069803409681266,1.730958939380259e-4
GSE278723,CARD10,0.667818885515603,0.3247692772005438,0.03975484791550726
GSE278723,CARD11,1.0581646879374595,0.16592966893516053,1.803690387820138e-10
GSE278723,CARD19,0.7554513250004206,0.08879758380083927,1.7762228057236106e-17
GSE278723,CARF,-0.6010750345676624,0.07856533874061494,1.999832343454032e-14
GSE278723,CARM1,0.6315024602141642,0.05033544572875738,4.187367282332482e-36
GSE278723,CARNMT1,-0.866201443488838,0.06587958376169009,1.7415143407257196e-39
GSE278723,CARNS1,0.799406318288581,0.34917883177142006,0.022056737118842328
GSE278723,CASC1,-0.663197401117857,0.18604587903351932,3.6427516474101315e-4
GSE278723,CASD1,-0.9390317405500332,0.09588716216148245,1.2055259582739264e-22
GSE278723,CASKIN1,0.7525594084924698,0.10832520031313216,3.725444969356889e-12
GSE278723,CASKIN2,0.7778433098211072,0.10379440295917831,6.676621826189473e-14
GSE278723,CASP10,-0.6716521066859061,0.14178535630032688,2.16792958177642e-6
GSE278723,CASP4,-0.8634806138648863,0.11877974957495929,3.6056821889554933e-13
GSE278723,CASP8AP2,-0.799984538808357,0.08120963082656352,6.796132489018985e-23
GSE278723,CASZ1,0.9984302532608033,0.239567421131176,3.077723837451057e-5
GSE278723,CATSPER2,-0.7446769379236629,0.18072744176888486,3.781462884493958e-5
GSE278723,CAV1,-0.843745406397213,0.35265418470399057,0.016731407251574962
GSE278723,CBARP,0.8472358844520459,0.12302238272607255,5.704395675610805e-12
GSE278723,CBFA2T3,0.8646901828374245,0.11715400594555143,1.573422652292152e-13
GSE278723,CBLL1,-0.699374525367424,0.2772670955703807,0.011656186177752373
GSE278723,CBLN3,0.6317840206587846,0.15801522403624757,6.381312752461198e-5
GSE278723,CBLN4,1.22877297344044,0.5560893772410378,0.027128203252047782
GSE278723,CBR3,0.6774978420885098,0.17837171185583342,1.4572958620621572e-4
GSE278723,CBR4,-0.9428011653400767,0.06857762117451682,5.23988668247143e-43
GSE278723,CBS,0.8151317044456762,0.09581314802376151,1.7770218283139e-17
GSE278723,CBWD1,-0.7158930002031044,0.08986768344720582,1.6378922477809034e-15
GSE278723,CBWD2,-0.8748601692278385,0.09621203416133786,9.630509296334755e-20
GSE278723,CBWD3,-0.8622742791967075,0.12848065403897171,1.928767966644998e-11
GSE278723,CBWD5,-0.8327619776747541,0.19256565447512144,1.5283570006770312e-5
GSE278723,CBWD7,-0.7208241011728619,0.13133666606895048,4.056616957938161e-8
GSE278723,CBX3,-0.7334774780368533,0.1390800209236647,1.3364186377180147e-7
GSE278723,CBX5,-0.5989989120637411,0.1037953449438633,7.882060737720038e-9
GSE278723,CBX6,0.6206900718958492,0.1318833294274751,2.521823500939803e-6
GSE278723,CBX7,0.595815819404216,0.07299453816578926,3.2823871463852374e-16
GSE278723,CCBL1,0.6399972010520463,0.06380381012849681,1.1171599009543663e-23
GSE278723,CCBL2,-0.8006707041610456,0.11073569722549861,4.813391582986615e-13
GSE278723,CCDC102A,0.7224744486217475,0.16217058975721835,8.388241413222182e-6
GSE278723,CCDC102B,-0.6858885054099352,0.10376424147632286,3.8414819845251655e-11
GSE278723,CCDC106,0.9429691024232549,0.07955354978462333,2.0697304721233665e-32
GSE278723,CCDC112,-0.7120622529966122,0.11511671827367982,6.187937545256042e-10
GSE278723,CCDC117,-0.8638665426306505,0.11806599050086428,2.539330243561024e-13
GSE278723,CCDC120,0.6745856162591866,0.11064370456801742,1.0813281519366675e-9
GSE278723,CCDC122,-1.2844945364430846,0.14419307630157074,5.1887967352522245e-19
GSE278723,CCDC124,0.7257970489039115,0.05834310887717918,1.582057606428102e-35
GSE278723,CCDC126,-0.8212941091682814,0.08705802373268208,3.952298953482903e-21
GSE278723,CCDC129,-0.9647070664456989,0.4047963133089369,0.01716327105019317
GSE278723,CCDC13,0.879974365081741,0.2673365810588046,9.96069051714457e-4
GSE278723,CCDC130,0.6257763178674619,0.15536002390819387,5.627468523298654e-5
GSE278723,CCDC138,-0.7578420382390056,0.06935322826931942,8.537047707112904e-28
GSE278723,CCDC14,-0.827910086024255,0.07574518988794338,8.26658867219039e-28
GSE278723,CCDC148,-0.727184947791238,0.1714919530222062,2.2317706799649153e-5
GSE278723,CCDC150,-0.704361252378024,0.3268051496602328,0.03113881728252023
GSE278723,CCDC151,0.86086782096661,0.3061242958326927,0.00492113569377005
GSE278723,CCDC152,-0.7386851612676214,0.1539957844408542,1.612299237041883e-6
GSE278723,CCDC157,0.7134102036718001,0.15432840881033624,3.7882149364997384e-6
GSE278723,CCDC163P,1.0311587028034,0.3133426799457046,9.989088787911138e-4
GSE278723,CCDC167,1.094385747187576,0.1277734603903967,1.0803137661040926e-17
GSE278723,CCDC169,-0.8343915276332847,0.15878011065777936,1.4801410716776883e-7
GSE278723,CCDC17,0.821223384743672,0.3678073426373796,0.02556515884813022
GSE278723,CCDC170,0.841473168807098,0.39524347583942665,0.0332543004369701
GSE278723,CCDC173,-1.0348436503492784,0.12490798818390443,1.1826038905357954e-16
GSE278723,CCDC175,-0.967350270445018,0.2240413374936792,1.5764125429271092e-5
GSE278723,CCDC177,0.710081352944636,0.10444652392021198,1.0570235344003343e-11
GSE278723,CCDC18,-0.6690059227214268,0.16996416445820328,8.279623502504151e-5
GSE278723,CCDC181,-0.602600432209229,0.2733310482118946,0.027478372196224017
GSE278723,CCDC186,-0.8242326812995724,0.06838741909731795,1.883786070788348e-33
GSE278723,CCDC22,0.7231888453957671,0.06690403050292389,3.108768855801665e-27
GSE278723,CCDC24,0.585150671124585,0.17732847738699437,9.674955203724716e-4
GSE278723,CCDC34,-0.698948474397553,0.2682540482999462,0.009172774411417603
GSE278723,CCDC40,0.8485346858873424,0.158939504194069,9.360125492168968e-8
GSE278723,CCDC43,-0.6375010237165741,0.11134249556477811,1.0307736710786734e-8
GSE278723,CCDC50,-0.736295434913571,0.14467209764916175,3.5918170689299683e-7
GSE278723,CCDC51,0.593943435745846,0.15383691867048244,1.1298673917728318e-4
GSE278723,CCDC57,0.6168638170156736,0.16746652923996555,2.300486657101654e-4
GSE278723,CCDC62,-0.722145372196454,0.18894962364162513,1.3243078901169683e-4
GSE278723,CCDC66,-0.6100672776657424,0.07359992438570717,1.1423710197349642e-16
GSE278723,CCDC68,-0.8184818208307084,0.15569025821488192,1.4633164395128417e-7
GSE278723,CCDC7,-0.9913831786972734,0.084425414081139,7.697929598597442e-32
GSE278723,CCDC71,0.705334643983094,0.1701904031420386,3.407261039751148e-5
GSE278723,CCDC74A,0.8395428933312356,0.08958909339337383,7.182194845651897e-21
GSE278723,CCDC74B,0.6194314412756855,0.13786963191956134,7.026703077758874e-6
GSE278723,CCDC8,0.743582079582532,0.1970234808828207,1.606002008047848e-4
GSE278723,CCDC80,0.659792140803397,0.2756306497175633,0.01667690167275004
GSE278723,CCDC81,-0.602421898657218,0.22576004436807623,0.007620964750853816
GSE278723,CCDC82,-0.8103219295876086,0.07649294318718179,3.196913802251915e-26
GSE278723,CCDC84,-0.6113432487682202,0.1589277985202253,1.197326677480649e-4
GSE278723,CCDC85B,1.2659735991642114,0.09991021069408325,8.549236297755243e-37
GSE278723,CCDC88B,0.8605344955910574,0.11700142380521052,1.9106125787107552e-13
GSE278723,CCDC88C,0.7533758051935536,0.16983873388105336,9.171807303471712e-6
GSE278723,CCDC9,0.6634603269020568,0.09207813240348628,5.787115908763724e-13
GSE278723,CCDC90B,-0.615084611518069,0.1313838166976281,2.8466419609311926e-6
GSE278723,CCDC91,-0.7601076353771227,0.0566331135540579,4.5178238698337023e-41
GSE278723,CCDC92,0.6639765225031494,0.14759798571114865,6.8419369931195785e-6
GSE278723,CCDC94,0.7877890618385102,0.07135270987476039,2.4293456397160066e-28
GSE278723,CCDC96,0.662710146320774,0.20695914366797816,0.0013641527461095435
GSE278723,CCDC97,0.72013111116507,0.08500724885803994,2.4244386209184102e-17
GSE278723,CCKBR,0.706893637017642,0.25500405026593637,0.00556979975262983
GSE278723,CCM2,0.7555650908103039,0.06436586840312587,8.081447479429402e-32
GSE278723,CCNA2,-0.7971433985396416,0.12145793194860717,5.269219629095058e-11
GSE278723,CCNC,-0.9816602551475704,0.08077574195534239,5.5360029012909244e-34
GSE278723,CCND1,-0.6432939745591719,0.11549083880797163,2.5461273927387006e-8
GSE278723,CCND3,0.7628754696016761,0.1461755041322855,1.7998803364278818e-7
GSE278723,CCNE2,-1.0195509490077568,0.16356838813131325,4.5706505170671905e-10
GSE278723,CCNF,0.591633297448734,0.19317790369625618,0.0021939791162324416
GSE278723,CCNG2,-0.678472238115313,0.2178239566417166,0.001840863492467158
GSE278723,CCNH,-0.6804697727648464,0.0830488714583925,2.535129431319327e-16
GSE278723,CCNJL,0.6797201008843461,0.18369838249639292,2.1543264020692008e-4
GSE278723,CCNL1,-0.6339827813558306,0.12944159501539457,9.690136692105875e-7
GSE278723,CCNO,1.1161652030481821,0.2373778482938721,2.575480997152576e-6
GSE278723,CCNT2,-0.9204008913608791,0.10993217824362952,5.643584544068269e-17
GSE278723,CCNYL1,-0.6564831123635526,0.10200948307679766,1.2305891923676726e-10
GSE278723,CCP110,-0.702215136068867,0.12363257132486957,1.3480860851510471e-8
GSE278723,CCR10,1.5042296341890116,0.16825950950417462,3.8938770162491304e-19
GSE278723,CCSER1,-0.580110149316713,0.21997422743100178,0.008360012113081636
GSE278723,CCSER2,-0.620539807506348,0.15661803558272297,7.428647617289238e-5
GSE278723,CCT4,-0.613167751345597,0.18883248296203295,0.001165661686998267
GSE278723,CCT6A,-0.605463965846595,0.10729675533035664,1.6721757739990387e-8
GSE278723,CD109,-0.7243899773472656,0.18119867811021437,6.39430227172514e-5
GSE278723,CD151,0.7250633827543002,0.08856147911156016,2.6755323143487753e-16
GSE278723,CD163L1,-0.7400344659298268,0.16146936176767823,4.580753383223068e-6
GSE278723,CD164,-0.6756192274673292,0.1144101676287722,3.5213879053780704e-9
GSE278723,CD226,-0.7742894302786176,0.16697974411488178,3.534578083850154e-6
GSE278723,CD24,-0.6631413540036294,0.15763399124443192,2.589636321545285e-5
GSE278723,CD248,0.8089299277358086,0.26139187907495653,0.0019701083947119735
GSE278723,CD302,-0.7433444614454248,0.13488567387309022,3.5695838449793784e-8
GSE278723,CD320,0.8768729284914236,0.08812040681945217,2.5003894753953567e-23
GSE278723,CD36,-2.01540614772078,0.5435935893260411,2.0926538959283473e-4
GSE278723,CD37,0.8870972636937938,0.104107895665713,1.5826179191266838e-17
GSE278723,CD4,0.6747160394885309,0.16179727014791573,3.044227189159316e-5
GSE278723,CD44,-0.990165798133929,0.3533985157165325,0.005081220054174024
GSE278723,CD46,-0.9235098393037079,0.08287093341398392,7.663981949399125e-29
GSE278723,CD47,-1.0712613618619549,0.13002246654026595,1.7358608461700063e-16
GSE278723,CD58,-0.9515472301946079,0.13331365643923418,9.493476290660106e-13
GSE278723,CD68,1.1324668560132223,0.20617442676339448,3.9569807172905806e-8
GSE278723,CD74,1.1065966853579963,0.26498222993436144,2.9652788415967942e-5
GSE278723,CD81,0.9352663513385626,0.08432898791754119,1.3921555830725684e-28
GSE278723,CD93,-0.9348345714406736,0.17143710016355768,4.954647131795167e-8
GSE278723,CDADC1,-0.7344608475298817,0.07042977850153631,1.842088054522789e-25
GSE278723,CDC123,-0.6026128860367361,0.10596802987986671,1.2948556457829606e-8
GSE278723,CDC14C,-0.7281255624508973,0.12686993742877545,9.515308692861357e-9
GSE278723,CDC23,-0.6166228664288359,0.11772488124418594,1.624759752867751e-7
GSE278723,CDC25B,0.62332053641279,0.17302246328931523,3.151215482353185e-4
GSE278723,CDC27,-0.7138128558817435,0.06635023854779117,5.418586853993579e-27
GSE278723,CDC37,0.6929022179686786,0.10328750524716639,1.9666140316213654e-11
GSE278723,CDC37L1,-0.7344188521049262,0.09685443147481297,3.3841646739000186e-14
GSE278723,CDC40,-0.7647895901218448,0.0951701801100091,9.280265409757847e-16
GSE278723,CDC42,-0.6800490963557543,0.1378401482223195,8.0724857636137e-7
GSE278723,CDC42BPB,0.638691999752984,0.13480935842846653,2.161123868099778e-6
GSE278723,CDC42EP1,0.9178803200921936,0.1165974970775875,3.484225825672155e-15
GSE278723,CDC42EP2,0.635197985226979,0.22596295093742674,0.00493768296922638
GSE278723,CDC42EP3,-0.668116999291161,0.18919361024290643,4.133769998254399e-4
GSE278723,CDC42EP4,0.913911526357124,0.2556522184071824,3.5046440677087397e-4
GSE278723,CDC42SE2,-0.7949987722779897,0.12519267242851442,2.15032228977403e-10
GSE278723,CDC7,-0.8381366104251122,0.10373641494759288,6.504187938046829e-16
GSE278723,CDCP1,0.9415018882495861,0.45363650704661135,0.03794444012738536
GSE278723,CDH19,-0.9095421136991028,0.1184487234532537,1.6060628729798306e-14
GSE278723,CDH22,0.917527742243946,0.09515350392867054,5.282949311481819e-22
GSE278723,CDH23,1.0705132266776012,0.12595909390319424,1.9140245329797058e-17
GSE278723,CDH24,0.655726783498287,0.1930804234709471,6.834516000484952e-4
GSE278723,CDH3,0.587279637897575,0.2528358838687781,0.02019150472704159
GSE278723,CDH4,0.9954465574961778,0.07921307044120392,3.2189832367995544e-36
GSE278723,CDH6,-1.1208014331796707,0.10003192145717552,3.878084318358935e-29
GSE278723,CDH7,-0.7790189554114471,0.3604769549265794,0.03068928498660717
GSE278723,CDH8,-0.8031869554985671,0.30519882030747864,0.008496276183030492
GSE278723,CDH9,-0.962271965024798,0.42098103967240547,0.02226686477283964
GSE278723,CDIP1,1.21626975913672,0.2882865405223314,2.4543038676942076e-5
GSE278723,CDIPT,0.811015269667704,0.09771404756901485,1.0421301103809337e-16
GSE278723,CDK11B,0.774978562407456,0.1078610831224615,6.722232871796971e-13
GSE278723,CDK14,-0.6300203540642929,0.16022530290147313,8.421043131463656e-5
GSE278723,CDK16,0.6775861922614659,0.08541051636823764,2.1341938077487367e-15
GSE278723,CDK17,-0.7878363251486683,0.07764644962793733,3.436138379861109e-24
GSE278723,CDK18,0.6195883695073725,0.17886176363856726,5.320824127849791e-4
GSE278723,CDK20,0.6424548489891301,0.19076216313358818,7.57618454211792e-4
GSE278723,CDK2AP1,0.886352755102002,0.1329649016743903,2.627518781034528e-11
GSE278723,CDK2AP2,0.9003251876758315,0.14049739749712892,1.4731802801458646e-10
GSE278723,CDK3,1.24401277105974,0.5617312037327277,0.026787183810819366
GSE278723,CDK5R2,0.7127636604861461,0.11462657326235895,5.030943459097993e-10
GSE278723,CDK6,-1.0315302623675298,0.10594430853728393,2.1061755732992997e-22
GSE278723,CDKL1,-0.6343612540317848,0.11061484923328435,9.75899070998738e-9
GSE278723,CDKL2,-0.7031504175023601,0.1093220349855648,1.2600331511454734e-10
GSE278723,CDKL3,-0.8744288349815874,0.10514471840666754,9.065144237579257e-17
GSE278723,CDKL5,-0.60585818322715,0.21770876377629989,0.005387810534468934
GSE278723,CDKN1C,0.8871498362562679,0.40380022115779385,0.02802031349258093
GSE278723,CDKN2D,0.7307135142417176,0.08798520653193903,9.985409963515553e-17
GSE278723,CDON,-0.581945990685604,0.2714695979004638,0.03205793235929988
GSE278723,CDPF1,0.624521507779481,0.22884167003614708,0.006351610613353664
GSE278723,CDR2,0.683642047737597,0.2617597146657616,0.00900890449263757
GSE278723,CDR2L,0.628111598625949,0.20615301564420146,0.002312744145138032
GSE278723,CDYL,0.6267691252912623,0.06944072119415069,1.7812771614668582e-19
GSE278723,CEBPA,0.7426991202352109,0.09267874445816043,1.1131324436996482e-15
GSE278723,CEBPB,0.8198804403691754,0.09974888296699035,2.0444738523560095e-16
GSE278723,CEBPD,0.7470670671509465,0.14384608937050827,2.0635842370069445e-7
GSE278723,CEBPG,-0.6661378656024025,0.09560400684842402,3.222163189253946e-12
GSE278723,CEBPZ,-0.7272488935560432,0.06799257001979694,1.062609527645619e-26
GSE278723,CEBPZOS,-0.9009235203349705,0.10582139229319093,1.6858038121139792e-17
GSE278723,CECR2,0.6909981131678555,0.14361698702693432,1.498801564485398e-6
GSE278723,CELF3,1.0710980450230394,0.11315980921219843,2.9255866511611393e-21
GSE278723,CELF4,0.621650857042195,0.2997167896890029,0.03806746459158809
GSE278723,CELF5,0.6552127368752865,0.1534212323958611,1.948792957980449e-5
GSE278723,CELF6,0.621944878304228,0.16965825058896714,2.46500338059571e-4
GSE278723,CELSR2,0.7795138139393112,0.06380020978111117,2.4900176074787897e-34
GSE278723,CELSR3,0.6728460209417892,0.11688208158072802,8.581351490555674e-9
GSE278723,CEND1,1.085027228220186,0.07604053948189952,3.4113256486035118e-46
GSE278723,CENPB,0.6462944894596732,0.2684363522439898,0.016056596133268954
GSE278723,CENPC,-0.7154137161873041,0.07343262464569007,1.987037377287863e-22
GSE278723,CENPE,-0.878815662048287,0.24388744229816198,3.141229963058929e-4
GSE278723,CENPF,-0.787754943971809,0.3287784839320136,0.016574856984784805
GSE278723,CENPI,-0.638965572965521,0.25112193906395786,0.010945203280982566
GSE278723,CENPL,-0.661340399182489,0.0915852399611573,5.159264185711659e-13
GSE278723,CENPQ,-0.6443621367787242,0.13080340877266683,8.384947693658359e-7
GSE278723,CEP126,-0.6335601586418326,0.18941916260893976,8.235611925501153e-4
GSE278723,CEP131,0.8401358327149494,0.11445004512129052,2.12585242762786e-13
GSE278723,CEP135,-0.6606337169894193,0.15977514785309507,3.5530808472712836e-5
GSE278723,CEP162,-0.612886090064779,0.24483606662307175,0.012305829205054866
GSE278723,CEP170B,0.6889957482396449,0.20062696931040583,5.942769942909723e-4
GSE278723,CEP19,-0.586701064403734,0.2531385672054159,0.020465242769972792
GSE278723,CEP192,-0.6508360015355865,0.10187223608319139,1.6724987232679682e-10
GSE278723,CEP290,-0.6683759658298888,0.15392528003065878,1.410562927799144e-5
GSE278723,CEP295NL,0.600987937325528,0.29437045993607847,0.04119081848664358
GSE278723,CEP41,-0.6951531123200386,0.14137693185268163,8.787186015673865e-7
GSE278723,CEP44,-0.7282115302756021,0.06464333968992568,1.9520418268252418e-29
GSE278723,CEP57,-0.6844988186282959,0.09091888572819291,5.125745611642707e-14
GSE278723,CEP57L1,-0.9175416854760379,0.07381551098825101,1.7918182025368565e-35
GSE278723,CEP63,-0.629994593631298,0.1288868904898881,1.018837018954233e-6
GSE278723,CEP70,-0.7046120553003942,0.05391937197207153,5.024427523813388e-39
GSE278723,CEP78,-0.6925189293616356,0.05424571949333789,2.5278512629689924e-37
GSE278723,CEP83,-0.7744793677945576,0.08782445072794766,1.1600970348678373e-18
GSE278723,CEP95,-0.6252178574059817,0.07725525661981096,5.826818273086708e-16
GSE278723,CEP97,-0.8042837063455612,0.08650523045816062,1.437659346354539e-20
GSE278723,CEPT1,-1.0032836188460699,0.08384587371719199,5.367261274273921e-33
GSE278723,CERKL,-1.00212163831591,0.3948144621601019,0.01114214081658271
GSE278723,CERS1,1.2850089043710533,0.13459617750390138,1.3332266928022525e-21
GSE278723,CERS5,-0.783624209306555,0.2013675011919564,9.962113066468678e-5
GSE278723,CERS6,-0.6688856815998021,0.18900346065477625,4.0162625644331703e-4
GSE278723,CES1,1.46890053166369,0.6131915393077788,0.016597699527259615
GSE278723,CETN3,-0.632161510733258,0.1895316704305551,8.518069854394454e-4
GSE278723,CFAP161,-0.981729614834681,0.4106731910765295,0.016823736406532435
GSE278723,CFAP206,-0.9183518443108671,0.20649772535905553,8.696711518521423e-6
GSE278723,CFAP43,-0.761252952417544,0.31859152572833604,0.01687442340270535
GSE278723,CFAP44,-0.602863518085974,0.20563094479522048,0.0033703159287629884
GSE278723,CFAP46,0.701445484038133,0.3080425691195407,0.02277991555419751
GSE278723,CFAP47,-0.9007573141984789,0.3261397698027072,0.005747045635713642
GSE278723,CFAP54,-0.7320729099153571,0.11700470529225844,3.930026726862314e-10
GSE278723,CFAP69,-0.92681034026349,0.12113742707183703,1.9957751060900288e-14
GSE278723,CFAP70,-0.6220984459911821,0.19146612972910523,0.0011575835005155624
GSE278723,CFAP74,0.819292429683235,0.3758209609815052,0.029256922163485178
GSE278723,CFAP99,1.066205508578571,0.23097034680386938,3.9082873704963326e-6
GSE278723,CFH,-0.8504207274985229,0.22666397221636614,1.7549894398279168e-4
GSE278723,CFI,-0.79367098041953,0.1718790557488494,3.8817911455714705e-6
GSE278723,CFL1,0.9085869138079061,0.07588737227127171,4.931487592446366e-33
GSE278723,CFL2,-0.6838388245631865,0.14612657538028656,2.8719633318120465e-6
GSE278723,CGGBP1,-0.7717146212333607,0.10122769843382674,2.4678884789294104e-14
GSE278723,CGNL1,0.661088285495559,0.21771175214554042,0.002393182241817976
GSE278723,CGREF1,0.6867149278676876,0.1445608616827958,2.030632182000209e-6
GSE278723,CGRRF1,-0.6406486668728781,0.12024494607774348,9.937472501810838e-8
GSE278723,CHADL,0.9761784547256079,0.1620102575686206,1.6867999077070355e-9
GSE278723,CHAF1A,0.6368728119766442,0.10956665429464621,6.1490874025515105e-9
GSE278723,CHCHD10,1.4434775855785043,0.08446187743792753,1.7531393807814973e-65
GSE278723,CHCHD2,0.7735928622167945,0.06513503324503579,1.563177146904321e-32
GSE278723,CHCHD5,0.7126968512365907,0.10818158369814466,4.458856123795982e-11
GSE278723,CHCHD6,0.8260983480377072,0.08449994341592557,1.4229256855409305e-22
GSE278723,CHCHD7,-0.6735837341896188,0.09470200875504547,1.1382270997394939e-12
GSE278723,CHD1,-0.7026017440292815,0.129086542020415,5.242782180188611e-8
GSE278723,CHD5,0.704676574668602,0.10541660009225942,2.3142474297137477e-11
GSE278723,CHERP,0.7259138921914858,0.05298142951861182,9.973743437487686e-43
GSE278723,CHI3L2,-0.933892464461059,0.437049841022686,0.032613449633417675
GSE278723,CHIC1,-0.8342084322230285,0.11591600422626133,6.170396209405171e-13
GSE278723,CHID1,0.7532884918684859,0.061039909957301075,5.453091931330395e-35
GSE278723,CHL1,-0.6328958512872,0.2455507134231626,0.009953091376949877
GSE278723,CHML,-0.7817291283627419,0.08794735314046502,6.188186976122638e-19
GSE278723,CHMP1A,0.6901579581426469,0.08637229489599021,1.3439085310443762e-15
GSE278723,CHMP2B,-0.754917847644853,0.14471698280372708,1.8232397137219982e-7
GSE278723,CHMP6,0.9681989682511567,0.08307695015016264,2.1831177020262066e-31
GSE278723,CHN2,-0.6078699784476294,0.1651985859531246,2.3357090271964266e-4
GSE278723,CHORDC1,-1.4716773320443688,0.1628412993250225,1.6030391720357152e-19
GSE278723,CHP1,0.9389539850491219,0.24977472781071652,1.7045527788139912e-4
GSE278723,CHPF,1.3541502944368082,0.0731831720870016,1.932226572819704e-76
GSE278723,CHPF2,0.587767535388109,0.14694833628745407,6.338951162101548e-5
GSE278723,CHRD,0.597116052057803,0.19272393218053094,0.0019463602043000685
GSE278723,CHRM4,1.005475557071053,0.16007407428019055,3.357228427379532e-10
GSE278723,CHRNA4,0.8152621601001827,0.07612455959639916,9.177594266129192e-27
GSE278723,CHRNA7,0.601363094751512,0.256966811585976,0.01927153544502537
GSE278723,CHRNB1,0.6656514041598497,0.10586033667540093,3.215504736084168e-10
GSE278723,CHRNB2,0.6731532264406301,0.14143522297534025,1.941255944964952e-6
GSE278723,CHST1,0.9343904755602516,0.08463829250903845,2.4555805413183275e-28
GSE278723,CHST14,0.7789366187748763,0.19017944793690555,4.207165019335128e-5
GSE278723,CHST2,0.6578308497645716,0.10137651047274555,8.64154716145419e-11
GSE278723,CHST5,0.9093212793311638,0.1958334182212935,3.428203517349319e-6
GSE278723,CHST6,0.64591565866022,0.2711797826332604,0.01722486150660446
GSE278723,CHST7,1.1406789158450794,0.1417200101386443,8.359578007996813e-16
GSE278723,CHST8,0.9367918817862783,0.1597235124059634,4.489042834815997e-9
GSE278723,CHST9,-0.7656292764075184,0.15487993180425078,7.678236762440446e-7
GSE278723,CHSY3,0.586390608666982,0.20933653538705435,0.005091513606840576
GSE278723,CHTF18,0.7073587238841695,0.13890770127233779,3.5375872788336865e-7
GSE278723,CHUK,-0.6314087592094811,0.075388273562074,5.5025381508784825e-17
GSE278723,CHURC1,-0.7276567048551674,0.11611657647108385,3.6900488235311294e-10
GSE278723,CIART,0.652731665866064,0.23204242668328676,0.00490840721747125
GSE278723,CIB1,0.7930483907803585,0.08546737697740389,1.711404729218822e-20
GSE278723,CIB2,0.8020873507748116,0.09765481572345178,2.1484149199860394e-16
GSE278723,CIC,0.608442058922852,0.0967532948347387,3.203568508357279e-10
GSE278723,CIDEB,0.9453452665483997,0.24426295791133995,1.0874835505657508e-4
GSE278723,CIITA,0.9267901607940247,0.19237157691033385,1.4521639057481409e-6
GSE278723,CISD2,-0.7609456706519485,0.09754644098681374,6.1488989134838444e-15
GSE278723,CISD3,0.7199412926299027,0.08579364499607718,4.7979176781193055e-17
GSE278723,CITED4,1.4631956768921695,0.1339832053329385,9.174578699089566e-28
GSE278723,CIZ1,0.624953171516006,0.13020180742418938,1.5875999776722505e-6
GSE278723,CKAP2,-0.7055874076690843,0.12176191556913701,6.839776277207125e-9
GSE278723,CKB,0.7997000393295819,0.07201824124269948,1.1977574590496214e-28
GSE278723,CKMT1B,-1.3519270795627303,0.5491940849916962,0.013829712432058753
GSE278723,CLASRP,0.6723644993542887,0.16308007166825225,3.7411548990939844e-5
GSE278723,CLCA4,-0.855529688335973,0.3171437719241986,0.0069839552344674385
GSE278723,CLCN2,0.586453429874524,0.16970135111624332,5.486682470035145e-4
GSE278723,CLCN3,-0.6227617506432374,0.1107212370052944,1.8594725740785284e-8
GSE278723,CLCN5,-0.839549814823952,0.23393302421570894,3.3214378272518834e-4
GSE278723,CLCN7,0.6472342822938336,0.07678236612388528,3.4724855669378653e-17
GSE278723,CLDN10,0.607341751366305,0.24159372200991666,0.011940527559251816
GSE278723,CLDN5,0.9460562815402658,0.2081919768912832,5.515647870256617e-6
GSE278723,CLDN9,0.9565904371483461,0.24341140844995593,8.49696645762162e-5
GSE278723,CLDND1,-0.9446086213502629,0.11951650423853653,2.709983749378158e-15
GSE278723,CLEC11A,1.5734625179470516,0.15614253679611054,6.976105521485967e-24
GSE278723,CLEC2B,-1.4379302297537024,0.17308777881045653,9.772269928546665e-17
GSE278723,CLEC2D,-0.7590059213486048,0.07895465475841243,7.033697609457635e-22
GSE278723,CLEC2L,0.7042141803286862,0.15273308858566312,4.0121764690771405e-6
GSE278723,CLEC7A,-0.9475888791582432,0.2640245724171934,3.319262320141658e-4
GSE278723,CLGN,-1.08878728786223,0.5004799315981192,0.029593685691493215
GSE278723,CLHC1,-0.7543198891504984,0.12580423851860417,2.022600244664697e-9
GSE278723,CLIC2,-0.9760885770551739,0.11992832795879393,3.987779084755116e-16
GSE278723,CLIC4,-0.9147334311376134,0.1386197434056192,4.1430813085216835e-11
GSE278723,CLIP2,0.7758588772301612,0.06685310534910453,3.867493113603144e-31
GSE278723,CLIP3,0.688643865905289,0.07156927744483443,6.452588394771471e-22
GSE278723,CLK4,-0.7128369951449718,0.09279206834079037,1.5651414242952516e-14
GSE278723,CLN3,0.7179764555982614,0.09275157363031081,9.875069344839536e-15
GSE278723,CLN6,0.657363809058913,0.11478969049262723,1.0241517158294296e-8
GSE278723,CLOCK,-0.6259996634058791,0.12992287339525246,1.4482966102869019e-6
GSE278723,CLPP,0.9987832894467205,0.07494610142398897,1.6192895369239096e-40
GSE278723,CLPTM1,0.8422479805621855,0.05542720009501712,3.7834958108970526e-52
GSE278723,CLSPN,-0.8774388349609882,0.25128478690925804,4.797586480708256e-4
GSE278723,CLSTN1,0.711567853908029,0.20966163620777592,6.890817674991601e-4
GSE278723,CLTB,0.6927684934155881,0.07904330120291378,1.87744824946046e-18
GSE278723,CLU,0.824754704003033,0.10873596374193274,3.326658962887979e-14
GSE278723,CLUH,0.8447247513269498,0.05515292732011714,5.97433216190068e-53
GSE278723,CLVS1,-0.8306812983211168,0.20306165760278902,4.2991814247919024e-5
GSE278723,CLVS2,-0.6661967236627663,0.11846147122618444,1.8686492500044558e-8
GSE278723,CMC2,-0.7090180813419462,0.06683999760546804,2.7444573598078834e-26
GSE278723,CMC4,0.6786945401669785,0.14363563113332167,2.299878078816939e-6
GSE278723,CMPK1,-0.7695025912535933,0.07194368262968197,1.0637931002206588e-26
GSE278723,CMTM3,0.6848560126970425,0.22137187249429838,0.0019768373298962947
GSE278723,CMTM5,0.6955641163132854,0.18182159318969052,1.3049058426790376e-4
GSE278723,CMTM6,-0.7816500430138683,0.08550895159436221,6.179242606448659e-20
GSE278723,CMTM8,0.815327941964244,0.2653597667455887,0.002122468749450664
GSE278723,CMTR2,-0.716723138227373,0.1691750290249073,2.269525094301774e-5
GSE278723,CNDP1,-0.8295607586245065,0.22058349244828215,1.6940040678155508e-4
GSE278723,CNEP1R1,-0.6714830014313459,0.1161853601729126,7.496239371956554e-9
GSE278723,CNIH1,-0.67934066339268,0.1991675892414564,6.474891341029999e-4
GSE278723,CNIH2,0.8301240449826055,0.13232968678755253,3.538145310708806e-10
GSE278723,CNIH4,-0.7585249232826587,0.1368697124295104,2.9912396796366425e-8
GSE278723,CNKSR1,0.590964165219432,0.2133588340292069,0.0056088409337020865
GSE278723,CNNM3,0.8848286158509377,0.08048287224092907,4.084199934649593e-28
GSE278723,CNOT10,-0.6549288782512332,0.06320518241918507,3.693578443975671e-25
GSE278723,CNOT2,-0.7900023227064167,0.0640244120027041,5.57899125289838e-35
GSE278723,CNOT3,0.7022790907169918,0.09773936861146107,6.709792449932038e-13
GSE278723,CNOT6L,-0.60754722641954,0.21063736006938905,0.003922500211135922
GSE278723,CNOT7,-0.7737177761030579,0.074064061247865,1.5186920396834315e-25
GSE278723,CNPPD1,0.7055868702256166,0.09334648896297812,4.0682395118067166e-14
GSE278723,CNPY3,0.6742064260425334,0.062226210104404656,2.3556687488082203e-27
GSE278723,CNTF,-0.710385365841021,0.2127323585694383,8.397815010305015e-4
GSE278723,CNTFR,1.4582608490199713,0.12191726948415138,5.682575202235326e-33
GSE278723,CNTN3,-0.5993049198364824,0.19220886083196492,0.0018209022292856227
GSE278723,CNTN4,-0.911031255858351,0.3940846082208045,0.020790601980152243
GSE278723,CNTN5,-0.794069118080953,0.2381408082218232,8.546761929155353e-4
GSE278723,CNTN6,-0.919505315391517,0.4030987561811925,0.02254300821148761
GSE278723,CNTNAP2,-0.622040859410998,0.2797159106672692,0.02615982982286746
GSE278723,COA3,0.711230255256017,0.10064084770866986,1.583032643201239e-12
GSE278723,COA5,-0.612499778829989,0.10788414375142698,1.36769715085233e-8
GSE278723,COA7,-0.7230152884418533,0.1371370635112057,1.3479130381574286e-7
GSE278723,COBLL1,-0.8005999337391011,0.1194800552982355,2.074243564046458e-11
GSE278723,COCH,-0.638072090228866,0.23809141893816785,0.007363408909251212
GSE278723,COG2,-0.6247882716784382,0.07009606041200579,4.952898196468181e-19
GSE278723,COG6,-0.6595342994305057,0.059483262100370284,1.4389422046557192e-28
GSE278723,COL14A1,-0.7965236272452452,0.15620560511071074,3.4109193814960993e-7
GSE278723,COL19A1,-0.938419316147199,0.43962691515065105,0.03279524038951827
GSE278723,COL1A1,1.50623197403564,0.4891083806883092,0.0020731604430221265
GSE278723,COL20A1,0.595923571619026,0.2758418150958947,0.03074314353447754
GSE278723,COL23A1,0.95439238601872,0.15216377009130158,3.5612039152137177e-10
GSE278723,COL2A1,1.3355821241829522,0.36957449144414406,3.016982916518991e-4
GSE278723,COL3A1,0.8867148089869243,0.29782581344910075,0.0029080562968246734
GSE278723,COL4A1,-0.7193777353299986,0.1543961073336853,3.1728697835420286e-6
GSE278723,COL4A3,-0.7664542140342978,0.1616580632765357,2.1244955736503816e-6
GSE278723,COL4A4,-0.8755981462337059,0.12370092550189582,1.458834605266889e-12
GSE278723,COL5A3,0.7530851246107356,0.19115616655335146,8.160638204694125e-5
GSE278723,COL6A1,0.6314202585543723,0.1016472308701816,5.235486868234959e-10
GSE278723,COL6A2,0.9047217352457267,0.20534162652124727,1.0532884050105387e-5
GSE278723,COL6A3,1.28032248092795,0.5666924982334569,0.02386537495931593
GSE278723,COL7A1,0.621989701576637,0.22949700812655985,0.006723654336994675
GSE278723,COL8A1,-0.9396445944916699,0.251798893849661,1.9017194256614058e-4
GSE278723,COL8A2,0.924067009048096,0.40519788160119735,0.02257611511185789
GSE278723,COLCA2,0.9672448176097577,0.13141002308540403,1.8320861021561466e-13
GSE278723,COMMD2,-0.7607319527795531,0.08647746292280602,1.4067131370351539e-18
GSE278723,COMT,1.0095059726546673,0.07250181781499507,4.536520861430223e-44
GSE278723,COMTD1,1.1116604147463276,0.18559245934259994,2.1010827944496814e-9
GSE278723,COPE,0.8587027398226001,0.059389724084274544,2.2068622546928607e-47
GSE278723,COPRS,0.6459590049125808,0.10594305744853115,1.079233552192773e-9
GSE278723,COPS2,-0.7874555868463627,0.08013391064253207,8.63642692548589e-23
GSE278723,COPS8,-0.7782269959144331,0.10455241813872165,9.811553759969588e-14
GSE278723,COPZ2,0.9342704831927032,0.11249426082091148,9.9777254382944e-17
GSE278723,COQ10B,-0.7099145356367916,0.10184747445336735,3.1610949607730034e-12
GSE278723,COQ2,-0.7542495968965202,0.15987718875087284,2.385479875781895e-6
GSE278723,CORO1A,0.6453506778999251,0.13287133439661772,1.1920201738721282e-6
GSE278723,CORO1B,0.7626799267540092,0.09078365317146704,4.424243368184829e-17
GSE278723,CORO7,0.8644184056182938,0.0769861174915014,2.963308173688318e-29
GSE278723,CORO7-PAM16,-1.66096311286719,0.7833401700990782,0.03397570268189286
GSE278723,COX20,-0.641873196320914,0.2228462784862767,0.003972456948326964
GSE278723,COX4I1,0.624207828562644,0.1606574949073911,1.0218981937539331e-4
GSE278723,COX5A,0.6299849511511878,0.069323364993478645,1.0122322045156135e-19
GSE278723,COX5B,0.619218187201447,0.14731750506536934,2.6306327500902704e-5
GSE278723,COX6A1,0.6761795891902072,0.08113353870960968,7.805278906739799e-17
GSE278723,COX6B1,1.308996467352229,0.07337583783944115,3.481054510328268e-71
GSE278723,COX7A1,1.5588199286206688,0.14710005346236144,3.0767768052245127e-26
GSE278723,COX7C,0.6129415097737991,0.12194349120862336,4.996715420524567e-7
GSE278723,COX8A,1.8877653377660188,0.0781076398588226,4.7411229115404724e-129
GSE278723,CP,-1.1655514594271166,0.19995075179643718,5.569616422893068e-9
GSE278723,CPD,-0.6343684284588726,0.10844896735711473,4.931569205165806e-9
GSE278723,CPLX1,0.8861342396282308,0.08446201292315447,9.450361282158493e-26
GSE278723,CPM,-0.9274791021381181,0.10929786448865197,2.1425172604442134e-17
GSE278723,CPNE2,0.8424333500698589,0.2103291941835207,6.193654311213362e-5
GSE278723,CPNE6,0.925139942872808,0.0730215392188189,8.73671607771165e-37
GSE278723,CPNE7,1.0175073027266666,0.19575815525425191,2.016855056581277e-7
GSE278723,CPNE8,-0.7977412699559348,0.10231978040107272,6.362268860308919e-15
GSE278723,CPS1,0.770690842524332,0.22410185218543535,5.838232264588771e-4
GSE278723,CPSF1,0.584897944350828,0.19499825014470115,0.002704199687521762
GSE278723,CPSF3L,0.6272347026322372,0.10579324051718075,3.0502060594212724e-9
GSE278723,CPT2,0.691873849433693,0.19691481980309783,4.4212920304790486e-4
GSE278723,CPTP,1.1004446652554674,0.09061214592649375,6.131134575640253e-34
GSE278723,CRABP2,0.920727989244094,0.3904412266321808,0.018365128114737526
GSE278723,CRAMP1,0.8682709464175031,0.08769409660702547,4.115839183775587e-23
GSE278723,CRAT,0.8341752649776074,0.06444763433628407,2.558480167509029e-38
GSE278723,CRB2,1.2817697001823023,0.1179609310328837,1.6728255661160616e-27
GSE278723,CREB1,-1.05355823125592,0.23980196056378913,1.115651991538885e-5
GSE278723,CREB3L1,0.9867790446493031,0.17265996058296432,1.096018055576596e-8
GSE278723,CREB3L4,0.8127813330094779,0.29104306678617775,0.005227827161704241
GSE278723,CREBRF,-0.6101252652992527,0.08556544193918532,9.999749009815534e-13
GSE278723,CREBZF,-0.798645664997991,0.12178985037973572,5.4691050800774816e-11
GSE278723,CREG2,-0.78832615355825,0.3510924705932471,0.02474554928054145
GSE278723,CRHR1,0.752978776886665,0.1824593079864941,3.6779605303145045e-5
GSE278723,CRIP2,0.8099682430794781,0.08866172213884273,6.511146159879046e-20
GSE278723,CRIPT,-0.751040106258253,0.07441496994046748,5.957382065705338e-24
GSE278723,CRISPLD1,-0.9733339011537312,0.17458854093720594,2.4750718149434473e-8
GSE278723,CRLF1,1.1590517480291924,0.20907516519571387,2.9613185483501734e-8
GSE278723,CRMP1,0.6115104370783077,0.13838141737367515,9.914885589943924e-6
GSE278723,CROCC,0.8837915731695549,0.11634488791991676,3.046994272235816e-14
GSE278723,CROT,-0.6613349631748234,0.12461325944804597,1.1138340243661964e-7
GSE278723,CRTAC1,1.11311288544871,0.3445247792767145,0.0012341642339117396
GSE278723,CRTC1,0.8413784055129815,0.10382041045022901,5.310617628845239e-16
GSE278723,CRTC2,0.7515843354469618,0.06079776725471699,4.193851527094509e-35
GSE278723,CRYAB,0.718045493334187,0.1779815714384926,5.474639579191546e-5
GSE278723,CRYBG3,-0.7355029270029038,0.07802563889380276,4.242995203462241e-21
GSE278723,CRYGS,-0.808029586956915,0.2942971738867674,0.006039581164232502
GSE278723,CRYL1,0.7962656819368739,0.06976650891365949,3.588761712726475e-30
GSE278723,CRYZ,-0.6486243992514632,0.15312904422002635,2.277368117724201e-5
GSE278723,CSDC2,0.9640972144695669,0.13263783712665272,3.6311403228616954e-13
GSE278723,CSE1L,-0.6879704630365093,0.09034759574095881,2.642904580313465e-14
GSE278723,CSF1,0.7022612677550237,0.15700087463759818,7.713815420971441e-6
GSE278723,CSF1R,0.808458623111035,0.14550661521103334,2.7576772338334264e-8
GSE278723,CSF2RB,0.826586189693033,0.2634832690257684,0.0017059959131759854
GSE278723,CSF3R,0.8555287004174069,0.12015943082464217,1.0796908550408606e-12
GSE278723,CSGALNACT2,-0.7530441224295057,0.05906543748595338,3.1447914026040446e-37
GSE278723,CSMD3,-0.652642361690833,0.27230801640394275,0.01654317406794389
GSE278723,CSNK1D,0.6946128820802469,0.05954552645030337,1.918603518243702e-31
GSE278723,CSNK1E,0.6743842290088029,0.07046104350370803,1.058535918649639e-21
GSE278723,CSNK1G1,-0.614954098935917,0.19097424027946963,0.0012815069089450268
GSE278723,CSNK1G2,0.6673806687772768,0.10920705179735447,9.891577067506663e-10
GSE278723,CSNK1G3,-0.737226225697928,0.14584129865466422,4.3041456674000673e-7
GSE278723,CSNK2A1,-0.7242317335647,0.19168420401250943,1.5793134778223632e-4
GSE278723,CSRNP1,0.6334783680323814,0.20201691457133117,0.0017140418392678138
GSE278723,CSRNP3,-0.9314949400419166,0.17028413106564103,4.49428430310019e-8
GSE278723,CSRP1,1.0278885351660603,0.13010093729157543,2.7734041383371444e-15
GSE278723,CSRP2,-0.6966544486911845,0.16231518368832432,1.770823486832954e-5
GSE278723,CST3,1.3765466965783388,0.10407731475517937,6.194611592590503e-40
GSE278723,CSTB,0.8415714321649513,0.07188836897793391,1.1785478681881685e-31
GSE278723,CSTF3,-0.6347038316648203,0.10805288392054484,4.253750581774043e-9
GSE278723,CTAGE5,-0.616825719095093,0.12075499044479934,3.2545503182211073e-7
GSE278723,CTB-50L17.10,0.8636169327629186,0.07910036254716402,9.45658504683289e-28
GSE278723,CTB-55O6.8,0.6401764598347764,0.10075099951562469,2.0972442123543355e-10
GSE278723,CTBS,-0.9522487282201183,0.09112627666999167,1.4687936526100612e-25
GSE278723,CTC-260F20.3,0.8198726403037188,0.11071815921235298,1.3110877864508646e-13
GSE278723,CTC-281F24.5,0.9781539187469332,0.21083334697382738,3.493124093997115e-6
GSE278723,CTC-479C5.12,0.7966436257199737,0.19451545719044225,4.21206150876392e-5
GSE278723,CTD-2545G14.7,1.8753984224951652,0.5462411514895942,5.963275275662463e-4
GSE278723,CTD-3099C6.9,-1.0564589836547296,0.09758294659601834,2.5848070826021326e-27
GSE278723,CTDP1,0.584623406442938,0.12120878514958339,1.4121944974045572e-6
GSE278723,CTDSP1,0.7993754171288934,0.1322749855078406,1.5100769432759097e-9
GSE278723,CTDSPL2,-0.7127507128264067,0.0869909065710101,2.539625560330336e-16
GSE278723,CTF1,1.1458739598780607,0.19155325188221167,2.2039726422050703e-9
GSE278723,CTH,-0.625561843669642,0.22036291734065122,0.004528636723144199
GSE278723,CTIF,0.582023908625821,0.11714921083427442,6.756773136420542e-7
GSE278723,CTNNA3,-0.9237115791404057,0.1756821027099581,1.4574284926594822e-7
GSE278723,CTNNBIP1,0.721031471394401,0.10444883778073528,5.0843094181479806e-12
GSE278723,CTSC,-0.8973809184422015,0.17831680944289463,4.841022960981434e-7
GSE278723,CTSD,0.9432862556658265,0.07820158070864129,1.671728263722046e-33
GSE278723,CTSF,0.6466701503026091,0.07037374735112022,3.962072826178294e-20
GSE278723,CTSO,-0.614438972087331,0.2672480104462257,0.021497334580905716
GSE278723,CTSZ,0.6811911485594102,0.11694417524317366,5.713796532303593e-9
GSE278723,CTU1,0.7905719916439784,0.10693167306158863,1.4328876552483275e-13
GSE278723,CTU2,0.6611275984401443,0.06611670528731088,1.533181397149406e-23
GSE278723,CTXN1,1.3721799090035767,0.11948632823536498,1.5877847301202724e-30
GSE278723,CUBN,-0.7537328713108855,0.15736575956306523,1.670409332695009e-6
GSE278723,CUEDC1,0.642260374985989,0.19896459716118636,0.001246531583784994
GSE278723,CUL2,-0.6316863087898599,0.08805198492674667,7.282933461350423e-13
GSE278723,CUL3,-0.6474980708010576,0.08437119579255913,1.6619831403158257e-14
GSE278723,CUL4B,-0.6894312999737,0.06210692752577325,1.244443652491198e-28
GSE278723,CUL5,-0.813166296004258,0.06162751386464448,9.393167136540158e-40
GSE278723,CUL7,0.6307342550854873,0.09512263404744448,3.3398906922307104e-11
GSE278723,CUTA,0.617511910333524,0.15576098127694496,7.3554895230358e-5
GSE278723,CUTC,-0.62401090633961,0.15654698289108004,6.717005965614047e-5
GSE278723,CUX1,0.6264578432722627,0.1348110995494778,3.3691021052181766e-6
GSE278723,CUX2,0.639096557518665,0.28760581095822196,0.026274742946212275
GSE278723,CWC22,-0.623194405711877,0.1470708807149095,2.261487105883149e-5
GSE278723,CXADR,-1.029283753699994,0.10914086692923754,4.070417499953749e-21
GSE278723,CXCL14,0.6844744428970096,0.19857292560826464,5.669165441579406e-4
GSE278723,CXCL16,0.646060533715278,0.23702288391066031,0.006415933641829639
GSE278723,CXORF23,-0.6396932322353787,0.08789191854324178,3.383528784805918e-13
GSE278723,CXORF38,-0.68731084463204,0.17164623570990362,6.222005598687992e-5
GSE278723,CXORF57,-0.7246979098518994,0.1593618336110256,5.428696645533053e-6
GSE278723,CXORF67,1.38749273828451,0.39115366073104496,3.893773395294407e-4
GSE278723,CXXC1,0.6418932974277266,0.08294623268145371,1.0046430063565581e-14
GSE278723,CXXC4,-0.8090267555052868,0.1136145061141696,1.0729842489306657e-12
GSE278723,CXXC5,0.8796291644993697,0.10939657664955063,8.929931608015655e-16
GSE278723,CYB561D1,0.8991022017667161,0.32544785349804267,0.005733221941647993
GSE278723,CYB561D2,0.8035818329625032,0.09089586041009567,9.513199359296147e-19
GSE278723,CYB5R3,1.0124464502252049,0.07793648386212887,1.382278225821882e-38
GSE278723,CYB5R4,-0.8906877228328657,0.07872833194821835,1.1259583516862609e-29
GSE278723,CYBA,0.7899395397302118,0.11548138712248787,7.89692114409082e-12
GSE278723,CYBB,-0.8461096593000101,0.39295788095681344,0.03130441307842347
GSE278723,CYC1,0.6532271478888958,0.0897597032077789,3.4003751961336423e-13
GSE278723,CYCS,-0.8714668397402411,0.10212549036352689,1.4223854562159523e-17
GSE278723,CYGB,0.615904680357245,0.28670723003484966,0.03169781288776172
GSE278723,CYHR1,0.6589009460644615,0.07178008562892436,4.33341483859594e-20
GSE278723,CYLD,-0.9108314699212383,0.08770533165041887,2.8976738545719086e-25
GSE278723,CYP11A1,1.203253884541398,0.15756667307211006,2.2325040892881222e-14
GSE278723,CYP1B1,-0.7930361423335389,0.28700790852344144,0.005725241639389325
GSE278723,CYP20A1,-0.9104928912231772,0.1373134531638664,3.339572796626814e-11
GSE278723,CYP26B1,0.7896545059455577,0.19571129623851738,5.4650529503115555e-5
GSE278723,CYP27A1,0.7262062816466294,0.1473858995396984,8.339760537360048e-7
GSE278723,CYP2C8,-0.928175883265465,0.3675051177152047,0.011549647012044447
GSE278723,CYP2R1,-0.6144534217500625,0.12831367891113804,1.6788015368209397e-6
GSE278723,CYP46A1,0.7207551394601884,0.09055837312317024,1.7341902474716476e-15
GSE278723,CYP4F12,1.41243957650905,0.6027311178563566,0.019108928638180835
GSE278723,CYP4F3,1.26572595482617,0.47262107629768274,0.007404136633311953
GSE278723,CYP4X1,-0.7015412953561444,0.21422157484897802,0.0010572198491333661
GSE278723,CYP51A1,-0.7720949699483749,0.15058335969117362,2.9383462616961367e-7
GSE278723,CYP7B1,-0.6893390368533149,0.17102459667414158,5.5624553312035277e-5
GSE278723,CYS1,1.0133554320043923,0.16402223430661395,6.485341188982483e-10
GSE278723,CYSLTR2,-0.9569100367734436,0.1520004650722481,3.0652613566957885e-10
GSE278723,CYSTM1,0.6738982512429175,0.07262370763382775,1.7057179608278215e-20
GSE278723,D2HGDH,1.123999268613714,0.09289841467355964,1.0660665541391949e-33
GSE278723,DACH2,-1.11270038200246,0.49513790591236934,0.02462383210032794
GSE278723,DACT3,0.7670834445399949,0.10323930458047688,1.0847518737439765e-13
GSE278723,DAD1,0.6509291845104624,0.11818317145598897,3.6334739082470443e-8
GSE278723,DAG1,0.8579722840313919,0.399157112491608,0.03159794628638573
GSE278723,DAGLA,1.034052248234582,0.0813077596273719,4.711984336335011e-37
GSE278723,DALRD3,0.7692175805433794,0.0673097455881615,3.0291376731802544e-30
GSE278723,DAP,0.7396296476365597,0.08709296686055785,2.0238623258808376e-17
GSE278723,DAPK1,0.635738394311935,0.17783718602031218,3.504503620189269e-4
GSE278723,DAPK3,0.7223222669322695,0.08211971524939433,1.4182186168734144e-18
GSE278723,DBF4,-0.7139999436008225,0.17204523504674288,3.323721361064929e-5
GSE278723,DBI,0.8240876406758041,0.3182926942806335,0.00962306348622277
GSE278723,DBN1,0.7415601034122448,0.08317958386562226,4.870698812450304e-19
GSE278723,DBNDD1,0.7137987727569055,0.14503937705604733,8.592130255338535e-7
GSE278723,DBP,0.7527098704889293,0.06748722315761443,6.894588480403774e-29
GSE278723,DBR1,-0.593412546853536,0.15376016246972996,1.1369426687209609e-4
GSE278723,DBT,-0.7117218110533944,0.06772592050425763,7.864335259674642e-26
GSE278723,DCAF10,-0.6328512531257564,0.09097499187164408,3.492733574776092e-12
GSE278723,DCAF13,-0.6578707830507676,0.08720924812102666,4.572082090602546e-14
GSE278723,DCAF15,1.0269610952605035,0.08468213453127703,7.575422987651361e-34
GSE278723,DCAF17,-0.8357742933616776,0.10309813100841986,5.206009580567433e-16
GSE278723,DCAKD,0.6774123136588185,0.07323707450439067,2.2537264969991472e-20
GSE278723,DCBLD1,-0.6871737792627479,0.119910882483271,1.0001463676998251e-8
GSE278723,DCBLD2,-0.6426334508262124,0.14225780646432895,6.260765754205363e-6
GSE278723,DCDC1,-0.643061535437577,0.2946915696405663,0.029098382258045598
GSE278723,DCHS1,0.6703601699486014,0.10108035064352394,3.3127329173381576e-11
GSE278723,DCHS2,0.861773432449818,0.2510107942672461,5.964740972081021e-4
GSE278723,DCK,-0.7357331177430144,0.09468842467222398,7.845957546798018e-15
GSE278723,DCLRE1A,-0.7238119153875943,0.08012031805956457,1.6541503495365292e-19
GSE278723,DCLRE1C,-0.785989311248222,0.14341037758128994,4.2364539378357274e-8
GSE278723,DCN,-0.6827479413901736,0.16603155288016822,3.9197825972870704e-5
GSE278723,DCP2,-1.01842723830789,0.2631062159984466,1.0848604441319158e-4
GSE278723,DCPS,0.696482781060645,0.19495985031168317,3.5366766616170593e-4
GSE278723,DCTPP1,0.7707179791190423,0.17510286476231926,1.0749737080638991e-5
GSE278723,DCUN1D1,-0.7523199727470832,0.07459575752639792,6.4174302297163936e-24
GSE278723,DCUN1D4,-0.6611502342256295,0.09358657953502364,1.6109809518762042e-12
GSE278723,DCX,-0.7540543033033361,0.17643494052535652,1.921369032399694e-5
GSE278723,DCXR,0.6830840707434995,0.08927975437427971,1.9934122803567818e-14
GSE278723,DDA1,0.8929126964995769,0.1754904064480173,3.616690996599893e-7
GSE278723,DDAH2,0.8345515849304943,0.1041432018357114,1.1148894292424389e-15
GSE278723,DDI2,-0.8869076090876087,0.07320784259086038,8.804336119239911e-34
GSE278723,DDIT4,0.6880232785088698,0.11240421621917375,9.300511438729599e-10
GSE278723,DDIT4L,-0.758587054987911,0.33732415534689214,0.024522865862817354
GSE278723,DDN,0.706315606684628,0.21272414076219603,8.99091910013032e-4
GSE278723,DDR1,0.8161303979946849,0.13044226983726628,3.9335854775204914e-10
GSE278723,DDT,0.6519164028679383,0.07770536891908704,4.87828918291483e-17
GSE278723,DDTL,1.3296548510441417,0.08847505411259195,4.7708983708890914e-51
GSE278723,DDX1,-0.616741124334754,0.19013137639829564,0.001179618519765611
GSE278723,DDX10,-0.6318290253078174,0.09102913951115758,3.894621790920441e-12
GSE278723,DDX11,0.9143332773396611,0.2286538113679004,6.367336878300202e-5
GSE278723,DDX18,-0.6451842075764346,0.07768639259785264,9.983333196624075e-17
GSE278723,DDX20,-0.6765669236186798,0.1799946311787193,1.7071847603122593e-4
GSE278723,DDX21,-0.6648251088285841,0.05928488215911702,3.478040407005353e-29
GSE278723,DDX26B,-0.7106552740900224,0.08391110053349247,2.4720088467850872e-17
GSE278723,DDX41,0.581332601508337,0.13884632096279045,2.828177895411584e-5
GSE278723,DDX51,0.590275699235569,0.17872850689591435,9.577967773410045e-4
GSE278723,DDX52,-0.6681787283365389,0.06575976908695672,2.9631484291875593e-24
GSE278723,DDX54,0.8268254813235986,0.05639980595093417,1.1614168499122517e-48
GSE278723,DDX58,-0.6538481513063205,0.09544880425738343,7.372114818011952e-12
GSE278723,DDX60L,-0.7524704150381226,0.08895631551394438,2.6996762393011013e-17
GSE278723,DEAF1,0.7563359043952164,0.09730957822040262,7.696944525894409e-15
GSE278723,DEDD2,0.6158050761071595,0.11696884101453613,1.4042356656539293e-7
GSE278723,DEF6,0.7140476261504157,0.1839650890015934,1.0384401858642208e-4
GSE278723,DEF8,0.62675005215755,0.08425117768948644,1.0139983239443296e-13
GSE278723,DEGS1,-0.7984598782813744,0.15516556433434742,2.6630156542758404e-7
GSE278723,DEGS2,1.2716768073078304,0.15786552823216618,7.919129051461467e-16
GSE278723,DEK,-0.763066058224918,0.12333180534688244,6.128158065395024e-10
GSE278723,DENND1C,0.8171607006544521,0.175698459333619,3.30446362802619e-6
GSE278723,DENND2C,-0.7959963501677946,0.16489766462112146,1.384561704810295e-6
GSE278723,DENND4A,-0.6520274971770528,0.05653094909799466,8.892295646469673e-31
GSE278723,DENND6A,-0.6622809915447954,0.049691390000589586,1.593574909624706e-40
GSE278723,DENND6B,0.802358364912621,0.06645281892307894,1.447289909577647e-33
GSE278723,DENR,-0.7194947362707936,0.065338632070435193,3.3530719098444978e-28
GSE278723,DERA,-0.5949195357293756,0.11062199711540946,7.533885818541764e-8
GSE278723,DERL2,-0.802926958460904,0.06352622556022089,1.2819174490476696e-36
GSE278723,DESI2,-0.6962875347848161,0.07344907012703449,2.5460343621857838e-21
GSE278723,DEXI,0.9409146768079685,0.16427214236963578,1.017534581632165e-8
GSE278723,DFNB31,0.939893528495664,0.29980422678467206,0.0017183989161936317
GSE278723,DFNB59,-0.7309344665697028,0.1281528104418504,1.1729190194173872e-8
GSE278723,DGAT1,0.7275620664474918,0.06584767964735026,2.21256183286164e-28
GSE278723,DGCR2,0.8764205249137614,0.07358641556217092,1.0486926444821495e-32
GSE278723,DGCR6L,0.8564689697632017,0.08971619246431899,1.3424812135620618e-21
GSE278723,DGKE,-0.7877164342614932,0.1323790401876608,2.673868209502082e-9
GSE278723,DGKH,-0.6802142773804294,0.14328097364539044,2.0603268953796358e-6
GSE278723,DGKI,-0.7770485901140581,0.12632238869050003,7.684394683678575e-10
GSE278723,DGKQ,0.84650558868177,0.07355659690184214,1.1992650368781884e-30
GSE278723,DGKZ,0.8296309729228564,0.09516350596298387,2.832764769129183e-18
GSE278723,DHCR7,0.7467412698719035,0.14871238208890272,5.13017505822434e-7
GSE278723,DHFR,-0.7442983707609108,0.15312644934593456,1.1698437492896262e-6
GSE278723,DHFRL1,-0.859777461069988,0.284244166348894,0.0024881001494597927
GSE278723,DHRS3,0.7092976418036308,0.15218593784445184,3.1508907653162834e-6
GSE278723,DHRS4,0.8101951429071246,0.12616202152242728,1.3461707791543237e-10
GSE278723,DHRS4L2,0.8965106844622568,0.11007151240528561,3.7990275659243216e-16
GSE278723,DHX36,-0.7494123679660061,0.06478199890793529,5.970905478190342e-31
GSE278723,DHX37,0.613755182964651,0.15354130303010396,6.406109625503156e-5
GSE278723,DIAPH2,-0.6659289922869909,0.1585585027544639,2.670393134812606e-5
GSE278723,DICER1,-0.6129674015171437,0.09865653683386479,5.193437309981441e-10
GSE278723,DIMT1,-0.7225172289471,0.11615431458809919,4.961358872565169e-10
GSE278723,DIO2,-0.945336064444181,0.37108248817844497,0.01084949823619805
GSE278723,DIRAS1,0.8059286743881302,0.18385520803028113,1.1678948679903767e-5
GSE278723,DIRC2,-0.59803931933229,0.18055164616220254,9.25357389256835e-4
GSE278723,DIS3,-0.6332691945658495,0.06071801589208306,1.8150735181794176e-25
GSE278723,DISP2,0.69337805061284,0.22284989806263827,0.0018619438423433845
GSE278723,DIXDC1,-0.6052195356727291,0.08113313342280182,8.679517302496546e-14
GSE278723,DKK3,0.6584751096397028,0.10672478027996456,6.835795104019075e-10
GSE278723,DLAT,-0.6589571266377859,0.10678781717895414,6.798210044367636e-10
GSE278723,DLD,-0.6842207633673422,0.09251654938394722,1.407096806512783e-13
GSE278723,DLEC1,1.24247134903597,0.44732359466872484,0.0054767512090229935
GSE278723,DLG1,-0.8627323239830171,0.0745798831442669,5.993448442163363e-31
GSE278723,DLG4,0.632785408552295,0.222921191475968,0.004531108163788792
GSE278723,DLG5,0.622319078663619,0.1669071191201792,1.9259596466807784e-4
GSE278723,DLGAP3,0.765945600554562,0.1441354655619609,1.0720484720390649e-7
GSE278723,DLGAP4,0.6254807097078241,0.10556192554341112,3.1182424676126168e-9
GSE278723,DLK2,1.21696840816339,0.2591315485940031,2.6487177335468885e-6
GSE278723,DLL3,0.654869021108215,0.2479806040034682,0.008270871601984872
GSE278723,DMKN,1.4472557176764898,0.5276268602043279,0.0060889386359794
GSE278723,DMPK,0.6651209908698469,0.08776593499941356,3.499766817477515e-14
GSE278723,DMRT2,0.752606486836767,0.3609115939711617,0.037042695777889205
GSE278723,DMRTC1,0.8746760627784901,0.18542222740949085,2.3909783527993555e-6
GSE278723,DMRTC1B,0.61862564810191,0.21628501379895448,0.004233291502294495
GSE278723,DMTN,0.8211008860771968,0.08529616492527413,6.181724402277703e-22
GSE278723,DMWD,0.7772566888377624,0.10484704838436328,1.232473906127488e-13
GSE278723,DMXL1,-0.6155900889443785,0.07798130792605942,2.924824027076159e-15
GSE278723,DNA2,-0.7406309478886599,0.09822951424381318,4.706907078941806e-14
GSE278723,DNAAF5,0.6696831073175963,0.07020872792714127,1.4496969226153314e-21
GSE278723,DNAH1,0.721049628914192,0.16129787685331237,7.811056756468064e-6
GSE278723,DNAH11,-0.958477688496223,0.40600917570713485,0.018239047112148687
GSE278723,DNAH12,-0.7949326082617509,0.19699304273239984,5.452481346792086e-5
GSE278723,DNAH14,-0.8416809702034078,0.13780425471332056,1.0101316343031215e-9
GSE278723,DNAH2,0.699147314626215,0.3404696435335465,0.040026129730973616
GSE278723,DNAH6,-0.701989838297864,0.18862391526146746,1.979350286322193e-4
GSE278723,DNAH8,-1.13938394458258,0.47798114870774294,0.01713759247765744
GSE278723,DNAH9,0.7223476836522594,0.21796054220642055,9.193160407639293e-4
GSE278723,DNAJA1,-0.6611466065666884,0.14935536051785064,9.569981906431703e-6
GSE278723,DNAJA4,-0.6397120967335076,0.1868385147606154,6.17345520521223e-4
GSE278723,DNAJB11,-0.7417723824425417,0.08672959696046433,1.2024022034773041e-17
GSE278723,DNAJB14,-1.0497418272306955,0.0956458201571813,5.023731966174756e-28
GSE278723,DNAJB2,0.6461290897705371,0.10846252009830369,2.5665165101591664e-9
GSE278723,DNAJB4,-0.7983223049654067,0.09991721823619314,1.3511708793681848e-15
GSE278723,DNAJB9,-0.7950869639480609,0.10713430259670531,1.1588505531852836e-13
GSE278723,DNAJC10,-0.8282575835286174,0.07448735271743805,1.0090434004249933e-28
GSE278723,DNAJC15,-0.8083440910673783,0.10004999263405596,6.50852452285235e-16
GSE278723,DNAJC19,-0.8052131790029657,0.13758545512313924,4.8435886109059965e-9
GSE278723,DNAJC2,-0.8454850097304223,0.07617038839523148,1.255600548457612e-28
GSE278723,DNAJC21,-0.7113443257351689,0.11404793998302024,4.4535963643433245e-10
GSE278723,DNAJC22,-0.774131299830875,0.3140403074937115,0.013698653654257615
GSE278723,DNAJC24,-0.8070976665610118,0.07964613684856485,3.921705381275844e-24
GSE278723,DNAJC25,-0.624294993688294,0.24525002921333203,0.010910728962345854
GSE278723,DNAJC25-GNG10,-0.7972689737618882,0.19046793902603024,2.8410912777275365e-5
GSE278723,DNAJC27,-0.7754859571269758,0.09190822889817368,3.238872520813655e-17
GSE278723,DNAJC28,-0.7500543454015399,0.14898506171403003,4.792814790820996e-7
GSE278723,DNAJC3,-0.8618482359402302,0.08578693701484426,9.530348399103727e-24
GSE278723,DNAJC4,0.8278655132815018,0.09712790634132139,1.5486056484135237e-17
GSE278723,DNAJC5,0.595531357346355,0.15238297207968707,9.301605384126163e-5
GSE278723,DNAJC5G,-1.18810987075977,0.445858251552275,0.007704090254536948
GSE278723,DNAL1,-1.0043658572545562,0.24768246410217853,5.012264392688526e-5
GSE278723,DNAL4,0.7931603687372684,0.08686399544725694,6.7831730467058e-20
GSE278723,DNALI1,0.67107805077759,0.2072953644230442,0.001206649216713889
GSE278723,DNASE1L1,0.7323846722619972,0.09401597578185225,6.700794875234047e-15
GSE278723,DNASE2,0.7074749238624326,0.1409074801114098,5.144407760483775e-7
GSE278723,DNLZ,0.9672620510647769,0.14467021311752076,2.29385442209078e-11
GSE278723,DNM1,0.6956181666363167,0.15004781240783358,3.552559345729019e-6
GSE278723,DNM1L,-0.7538324599553986,0.10479856352917852,6.331034031082386e-13
GSE278723,DNPH1,0.9855046200286451,0.09035045322063973,1.0604396111939616e-27
GSE278723,DNTTIP2,-0.63956738541971,0.1173630566629926,5.051789541803109e-8
GSE278723,DOC2B,0.607510611233461,0.2738456317341418,0.026524719979478226
GSE278723,DOCK11,-0.826759169480948,0.0827648511537706,1.6985417859619538e-23
GSE278723,DOCK2,0.647801284043509,0.3129461546549455,0.03845152338198406
GSE278723,DOCK8,0.713096721492404,0.28508711762308947,0.012372812036800096
GSE278723,DOHH,0.8881222348719826,0.08982171157892307,4.711319607751262e-23
GSE278723,DOK1,0.6532249795169461,0.11714029249134394,2.4550056420757594e-8
GSE278723,DOK6,-0.7593547343051869,0.15951105133607799,1.930996907038008e-6
GSE278723,DOLK,0.637373216663002,0.23156444518851654,0.005914832346715022
GSE278723,DOPEY1,-0.590935540392446,0.12855848611565338,4.293831781154021e-6
GSE278723,DOT1L,0.6742351671961793,0.11232957792792465,1.9454884682095763e-9
GSE278723,DPCD,0.6509710799865841,0.1274992048623474,3.2959421652999537e-7
GSE278723,DPF1,0.6485886012794754,0.11063670322523714,4.56423339229525e-9
GSE278723,DPH3,-0.6019462904882951,0.11109686025174724,6.019816531214373e-8
GSE278723,DPH6,-0.7614814422751406,0.11249998333002374,1.2992227939239192e-11
GSE278723,DPM1,-0.7006884384079474,0.11695639884822241,2.0852555009643463e-9
GSE278723,DPM2,0.8130099904405466,0.0765751419808614,2.4801022217537844e-26
GSE278723,DPM3,0.9559840594382428,0.09320324008233871,1.1009259616335862e-24
GSE278723,DPP10,-0.591977554084413,0.1830314367551952,0.0012194367704665698
GSE278723,DPP7,0.8411043274781177,0.06424997621688452,3.700961887372684e-39
GSE278723,DPP8,-0.7646410949380956,0.0663116528517425,9.204502527481418e-31
GSE278723,DPP9,0.639349656227867,0.14122248629399525,5.975592004798946e-6
GSE278723,DPY19L1,-0.6757882254441553,0.11687179714342154,7.3684526086650045e-9
GSE278723,DPY19L2,-1.187488330376039,0.11619066268824488,1.6105810143640396e-24
GSE278723,DPY19L4,-0.7246905513493013,0.1324181424537597,4.4312083357598004e-8
GSE278723,DPYSL3,0.641557751310656,0.1914875616011103,8.069824958934036e-4
GSE278723,DPYSL4,0.6294326139460497,0.08570822564000836,2.0745859004872903e-13
GSE278723,DPYSL5,0.6467672315877548,0.2549406274356859,0.011182842822554167
GSE278723,DR1,-0.6724298716216507,0.08270944238730467,4.292003113436246e-16
GSE278723,DRAP1,0.801743548785142,0.09055709880294126,8.484796710699779e-19
GSE278723,DRC1,1.04949200117147,0.44528849967318845,0.01842915191426917
GSE278723,DRD2,0.9090441162447651,0.27115366870689955,8.008370298297193e-4
GSE278723,DRD4,1.5169802465773248,0.21763801738781452,3.164934406395161e-12
GSE278723,DSCAML1,0.7430321678947798,0.09386250943407388,2.449263559946341e-15
GSE278723,DSEL,-0.8407655426817086,0.0763837051935998,3.5306356593341067e-28
GSE278723,DTWD1,-0.9365983627043553,0.12352682680393519,3.398870299311241e-14
GSE278723,DTX1,0.978189523589074,0.07468970485721674,3.438348743088905e-39
GSE278723,DTX2,0.7788464892670549,0.11390013103004601,8.031922420545945e-12
GSE278723,DTX4,0.608450969484253,0.1968815025364097,0.001998584751507874
GSE278723,DTYMK,0.5980885654701513,0.11359520979279869,1.4012363522424535e-7
GSE278723,DUS1L,0.619505660358389,0.12482775518640002,6.945409163612432e-7
GSE278723,DUS3L,0.709117014761839,0.09731666252251281,3.176466308271069e-13
GSE278723,DUSP11,-0.628509370979198,0.0927354011289713,1.2231704359657871e-11
GSE278723,DUSP15,1.2194690497300082,0.11364703016584232,7.334141241623056e-27
GSE278723,DUSP19,-1.1850394969070506,0.2815633887789447,2.5674863353584284e-5
GSE278723,DUSP2,0.810893865016886,0.24650573298494977,0.0010034637915304434
GSE278723,DUSP23,1.5199060826847524,0.12072081697534821,2.3889501506944328e-36
GSE278723,DUSP4,0.776478272799738,0.33939587170970525,0.0221477293409313
GSE278723,DUSP8,0.8844480549421998,0.11576243245219907,2.168857625891749e-14
GSE278723,DUSP9,0.8685786680407178,0.11082109646189378,4.590003130911771e-15
GSE278723,DVL1,0.6798210570791363,0.13146497122696138,2.3269587463348943e-7
GSE278723,DVL3,0.674727412296369,0.10657800806023969,2.438434980681859e-10
GSE278723,DYNC1LI1,-0.635591406925135,0.16413365252245093,1.0776822085110404e-4
GSE278723,DYNC1LI2,-0.9101864573568658,0.10883151451424337,6.100758642226449e-17
GSE278723,DYNC2H1,-0.6270419413250796,0.08591305614923578,2.9085508594513463e-13
GSE278723,DYNC2LI1,-0.6904375584411456,0.09047991267926472,2.3323256367495595e-14
GSE278723,DYNLRB1,1.0331827793581747,0.08271192736146254,8.324007036890507e-36
GSE278723,DYNLT3,-0.9838198013301626,0.13313752041914637,1.4738118332312565e-13
GSE278723,DYRK1B,0.7191602452825598,0.07686342005986294,8.254710573590488e-21
GSE278723,DYRK2,-0.634808514260861,0.2209885572354484,0.004071279594963331
GSE278723,DYRK3,-0.674902014226441,0.29523449573778904,0.022255059719738346
GSE278723,DYSF,0.6769856235095899,0.12448879580829098,5.384421727153995e-8
GSE278723,DZIP3,-0.593959201853497,0.1950479926880815,0.0023252937466774893
GSE278723,E2F3,-0.6997962238772222,0.10994761714963494,1.955254782426662e-10
GSE278723,E2F5,-0.6521941421401277,0.10625256049615348,8.348807273048896e-10
GSE278723,E4F1,0.6161148217641671,0.11255398037451957,4.401141548226315e-8
GSE278723,EBAG9,-0.59483848764732306,0.18829578929488514,0.0015827661798996618
GSE278723,EBF1,-0.72612982519689,0.14001906475887213,2.149333036645077e-7
GSE278723,EBF4,0.6099583845524982,0.1585858064550815,1.1994640208724586e-4
GSE278723,EBI3,0.9322042700471993,0.1543851916137766,1.5587031897547297e-9
GSE278723,EBLN2,-0.9629302821288833,0.12392926876268179,7.848680709172408e-15
GSE278723,ECE1,0.7053283997316857,0.10713049272969183,4.584972343294092e-11
GSE278723,ECE2,0.7164050213098321,0.10390955209283177,5.405233765969589e-12
GSE278723,ECH1,0.9329739441320252,0.06023384591249868,4.1038002346701897e-54
GSE278723,ECHDC1,-0.7512105660496413,0.06525822825673887,1.1564825214952047e-30
GSE278723,ECI1,0.634476940092253,0.11113100331561357,1.1346155203310015e-8
GSE278723,ECM2,-0.9658380109252717,0.2384260114941345,5.102276549656044e-5
GSE278723,ECSIT,0.6382291911795828,0.07504223372221057,1.8170005421397783e-17
GSE278723,ECT2,-0.8230874296178392,0.09419912702097559,2.3782119702890074e-18
GSE278723,EDA2R,-0.746024750695615,0.27584359088771176,0.00684029709955775
GSE278723,EDEM3,-0.6929856848700778,0.0832312693711647,8.360168714475112e-17
GSE278723,EDF1,1.1340019535040973,0.0697587775065236,2.023818351136552e-59
GSE278723,EDNRA,-1.1375587685280437,0.15549146227671662,2.5567695141752396e-13
GSE278723,EDRF1,-0.6743704423423301,0.10261311936580939,4.965354306906747e-11
GSE278723,EEA1,-0.6105690348373812,0.10446774662644391,5.078791188743713e-9
GSE278723,EEF1A2,0.6978398642560235,0.12720848898654616,4.116108819430853e-8
GSE278723,EEF1E1,-0.6832438811404274,0.13830691802299724,7.810025071895842e-7
GSE278723,EEF1G,0.985643573263399,0.11499360583844986,1.0233196001910842e-17
GSE278723,EEF2,0.7670158415587822,0.07925631503707303,3.7519721924563377e-22
GSE278723,EEF2KMT,0.726905895943514,0.24483142870625654,0.002987650998273682
GSE278723,EEFSEC,0.7728458314621164,0.06652254767807926,3.3463230533869915e-31
GSE278723,EFCAB13,-0.9994630828439518,0.1720433601484447,6.270934922431328e-9
GSE278723,EFCAB2,-0.618777850415539,0.2223674503853433,0.005391165661247252
GSE278723,EFCAB5,-0.844385084562938,0.25934068730706245,0.0011303702261783258
GSE278723,EFCAB7,-0.7754206105314783,0.09737458607372239,1.675444802764376e-15
GSE278723,EFCC1,0.9577239219583802,0.15893300040530156,1.6810863613812377e-9
GSE278723,EFEMP2,0.8981623299797102,0.11228446973281576,1.2544409085209359e-15
GSE278723,EFHC2,-0.716431197060878,0.26981070193673523,0.00792354319311468
GSE278723,EFHD1,0.8295821150056883,0.1339912022339608,5.966327828492096e-10
GSE278723,EFHD2,0.760960891602411,0.1749222111318693,1.35962760347146e-5
GSE278723,EFNA3,0.6717665141096012,0.15200888843472188,9.904030151971325e-6
GSE278723,EFNA5,0.833988022142869,0.40176483175951133,0.03791139661331304
GSE278723,EFNB1,0.7778464429826231,0.09557121496744396,3.9882040893804774e-16
GSE278723,EFR3A,-0.7058437255341342,0.12085533432867021,5.207503890045623e-9
GSE278723,EFR3B,0.638081220754817,0.22379036318057213,0.004354835968671387
GSE278723,EFS,0.964908469528527,0.25768868538177053,1.8077241036140558e-4
GSE278723,EGF,1.03780786617696,0.3269732775957283,0.0015036211436624885
GSE278723,EGFL7,0.6169872348507589,0.27581532269709913,0.02528909889599165
GSE278723,EGR4,1.3159265017809108,0.3194276467187524,3.794669137858466e-5
GSE278723,EHD1,0.9209488321335709,0.07751330406236104,1.4827522578024775e-32
GSE278723,EHD2,0.6409048638982698,0.26474415822169867,0.015484431138011337
GSE278723,EHMT2,0.7123980697187497,0.05615672845900219,7.0805133105245015e-37
GSE278723,EID2,0.768098843494882,0.2839760473197065,0.006834521283093499
GSE278723,EIF1AX,-0.8963432332658882,0.07700022853483215,2.556467061184919e-31
GSE278723,EIF1AY,-2.93839848421735,1.3371340644381833,0.02798228218125575
GSE278723,EIF1B,-0.7848642262229129,0.17782476043250117,1.0162117877264912e-5
GSE278723,EIF2A,-0.6471871947558084,0.10252245544186543,2.7431784924262777e-10
GSE278723,EIF2AK2,-0.6493139622958077,0.1104706572918315,4.1599276569239805e-9
GSE278723,EIF2S1,-0.8070280789388894,0.07154035960203867,1.633689788294773e-29
GSE278723,EIF2S2,-0.593584394643426,0.11077769283131934,8.399069097307979e-8
GSE278723,EIF3CL,0.5867618819653352,0.09271705400425596,2.475211604414903e-10
GSE278723,EIF3E,-0.7548769461610538,0.0680182198249949,1.280559317273338e-28
GSE278723,EIF3G,0.7361267545948794,0.05694294863845606,3.1512350334589376e-38
GSE278723,EIF4E,-1.0974837538208921,0.16707431591106953,5.0710152477838635e-11
GSE278723,EIF4E2,-0.671413246490051,0.186166525618322,3.103312807830774e-4
GSE278723,EIF4E3,-0.7961706083522312,0.07511855681140188,3.016542461076533e-26
GSE278723,EIF4EBP1,0.7419520200009319,0.1322153564484028,2.003563994999927e-8
GSE278723,EIF5,-0.7320814606517791,0.09834652537808782,9.77573136986713e-14
GSE278723,EIF5A2,-0.8116432085240262,0.12834288498355229,2.548416711892734e-10
GSE278723,EIF5B,-0.8496219813473893,0.07109957790785884,6.512303466485937e-33
GSE278723,EIF6,0.7898669639438294,0.0678734317557544,2.661533699607348e-31
GSE278723,ELAC1,-0.6252770734208052,0.12786707163085034,1.0080756482173403e-6
GSE278723,ELAVL2,-1.1532030082709699,0.21188706985280792,5.252733688303205e-8
GSE278723,ELAVL4,-0.7984114215633565,0.2459227749854603,0.0011679484527211722
GSE278723,ELFN1,1.1090738215919744,0.1352814172271451,2.4386756642665455e-16
GSE278723,ELFN2,0.877973892538662,0.10633880582611009,1.5015346545686687e-16
GSE278723,ELK1,0.600278536653344,0.26945145726857156,0.02589519680953685
GSE278723,ELK4,-0.6606781733345429,0.06793567975667422,2.357796074262282e-22
GSE278723,ELL2,-0.9272140765368646,0.08284788589118962,4.474367445353183e-29
GSE278723,ELMOD2,-0.9244457614509114,0.08271071722570988,5.293223017745924e-29
GSE278723,ELN,0.842632097635275,0.25921802844173825,0.0011513367879952407
GSE278723,ELOF1,0.9132689999637122,0.07842672006651316,2.4369150055262435e-31
GSE278723,ELOVL4,-0.8704581411300916,0.1621433032452022,7.941640498439048e-8
GSE278723,ELOVL5,-0.7923087738073575,0.1152519461873733,6.2172572554682525e-12
GSE278723,ELOVL6,-0.8426080363330056,0.09817639081995602,9.275782463723568e-18
GSE278723,ELOVL7,-1.1341170252556252,0.14433875766009518,3.92412936385127e-15
GSE278723,ELP2,-0.6685816764493847,0.08526932517164709,4.476033974477428e-15
GSE278723,EMB,-0.9277524184918392,0.15781042597352216,4.1299061748213735e-9
GSE278723,EMC10,0.7241814128431698,0.14941297247667842,1.2544080277427401e-6
GSE278723,EMC2,-0.6624194898763817,0.07416650090378805,4.2020000111931604e-19
GSE278723,EMC6,0.587624223173089,0.20645487403252338,0.004423607829763106
GSE278723,EMCN,-1.10305751101934,0.17407015080356955,2.3450069226365067e-10
GSE278723,EME2,0.606918831316121,0.2715914177600859,0.02543862534813401
GSE278723,EMID1,0.7973421675095169,0.12950361232350963,7.417767885477604e-10
GSE278723,EMILIN1,0.748904441535952,0.24795541130305276,0.0025250857579023965
GSE278723,EMILIN2,0.638403045727345,0.2707590984090569,0.01838226967983289
GSE278723,EMILIN3,0.718454159765178,0.3385064138725639,0.033802142904738736
GSE278723,EML3,0.586523388390328,0.1944048339912827,0.002552724657524186
GSE278723,EML5,-0.734010777834317,0.2104591607872556,4.8726051699027193e-4
GSE278723,EMP1,-0.7628186845020551,0.23856917092096677,0.0013863698265126731
GSE278723,EMP3,0.7847231196282108,0.09934678451705267,2.815390553308117e-15
GSE278723,EMX1,0.6753473411312428,0.28241247141210235,0.016786496814316872
GSE278723,EMX2,0.9068192034413305,0.08840406103400675,1.0931862368918997e-24
GSE278723,ENDOG,0.7805498264647718,0.08443619686669716,2.3688273204598453e-20
GSE278723,ENG,0.678539272835993,0.24365522201976866,0.00535551828249753
GSE278723,ENHO,1.3832247061356597,0.16524814419088113,5.732974075147355e-17
GSE278723,ENKD1,0.875198882253884,0.20670079104282812,2.2943394162709918e-5
GSE278723,ENKUR,-0.6192336822988717,0.15949936925476063,1.0344834665304961e-4
GSE278723,ENO1,0.595878037296568,0.12618354873849372,2.3317904811028556e-6
GSE278723,ENO3,0.6879735105626936,0.17591797921533592,9.200504654375993e-5
GSE278723,ENO4,-0.596388404540174,0.2744157830578212,0.029757585644857854
GSE278723,ENOPH1,-0.653028259455595,0.14404415545972846,5.800648219630514e-6
GSE278723,ENPEP,-0.8516711156186785,0.1943322288005654,1.1729710817418005e-5
GSE278723,ENPP1,-0.612280691273623,0.22286721857680192,0.006009013223550626
GSE278723,ENPP4,-1.051131517381637,0.09221203915257299,4.2260786053549954e-30
GSE278723,ENPP5,-0.6978139543271821,0.22553981524039143,0.00197495885237636
GSE278723,ENPP6,-0.7521399840933398,0.19797659950128663,1.4520152610118377e-4
GSE278723,ENTHD2,0.583708996203822,0.18037146456768874,0.0012115398049307648
GSE278723,ENTPD1,-0.826179913764525,0.3148803061833506,0.008695728851867748
GSE278723,ENTPD2,1.3714994296304992,0.1766139407154871,8.130969496259518e-15
GSE278723,ENTPD4,-0.6430085060698415,0.06640383299191005,3.5505208707117457e-22
GSE278723,ENTPD6,0.6418976075764274,0.10209176834443306,3.227082721992001e-10
GSE278723,ENY2,-0.6872079220109303,0.12357334602847554,2.6802746822900142e-8
GSE278723,EOGT,-0.7317339788540005,0.08626658806205008,2.2089767350186187e-17
GSE278723,EPB41L1,0.581999716561945,0.1574896602619924,2.1947270705343177e-4
GSE278723,EPC1,-0.698385676310935,0.05887277273629045,1.8507824926926682e-32
GSE278723,EPHA10,0.7564098756344614,0.14185616656160152,9.701331728505224e-8
GSE278723,EPHA5,-0.854494794799009,0.2344144498163344,2.671518360430972e-4
GSE278723,EPHA7,-0.7019734085226831,0.21237510469609547,9.485888951280996e-4
GSE278723,EPHA8,0.871045018693406,0.26831435206902365,0.0011689086480976799
GSE278723,EPHB1,0.7420759184357123,0.09557480806078822,8.206731117664685e-15
GSE278723,EPHB2,0.7089612879598837,0.07862927450944618,1.9418463324910952e-19
GSE278723,EPHB3,0.7313370367848162,0.09061806237672419,6.99857812467166e-16
GSE278723,EPHB6,0.7856643251834179,0.08489666048460216,2.1551605994816676e-20
GSE278723,EPHX1,0.5968981091030843,0.1382426617518556,1.5762340083158787e-5
GSE278723,EPHX2,0.6760585621588817,0.1398348310771345,1.3335087322160901e-6
GSE278723,EPHX4,-0.8817466636678729,0.3801481546607403,0.02036893573036789
GSE278723,EPM2AIP1,-0.9188831201569457,0.10166065854720094,1.5850429492249558e-19
GSE278723,EPN1,0.9307411117739202,0.06978239276071439,1.3958302074743442e-40
GSE278723,EPOR,0.6763811188332536,0.09869827162360262,7.230753858790462e-12
GSE278723,EPPK1,0.904027010148968,0.38196945862147397,0.017944949175848563
GSE278723,EPRS,-0.585033983074495,0.13228386488321361,9.753601879513597e-6
GSE278723,EPT1,-0.8218555423379678,0.13667794834567237,1.8203028600829322e-9
GSE278723,ERBB2,0.9305422598120294,0.11797966882686264,3.087689367086209e-15
GSE278723,ERBB2IP,-0.9098499395959986,0.08987223281810879,4.331900710785204e-24
GSE278723,ERCC2,0.7545171684425038,0.06027774966792166,6.00118077829083e-36
GSE278723,ERCC4,-0.623569592716725,0.19272536881247238,0.0012141518334491943
GSE278723,ERCC6L2,-0.6442511383262762,0.08446133394159683,2.3885996188122703e-14
GSE278723,ERCC8,-0.66525164373081,0.09985927438527399,2.7032571313348712e-11
GSE278723,ERF,0.7632906065517845,0.09425079651931688,5.563838787226012e-16
GSE278723,ERGIC2,-0.9444582305491976,0.06817204720161363,1.2025478120577108e-43
GSE278723,ERGIC3,0.67325576523696,0.10613214342538672,2.2451347396341394e-10
GSE278723,ERI1,-0.864772031924858,0.1427466396511789,1.3774707382718615e-9
GSE278723,ERI2,-0.7917277005309223,0.10508549199729218,4.9160338061760985e-14
GSE278723,ERI3,0.585633489424872,0.12708010727602742,4.058174861112551e-6
GSE278723,ERLEC1,-0.6283095084153544,0.14348669659174768,1.1929658016526033e-5
GSE278723,ERMN,-1.0086318077053171,0.16268448885654344,5.648968075407547e-10
GSE278723,ERMP1,-0.63389044260536,0.12903317856364538,8.98692335225959e-7
GSE278723,ERO1A,-0.8958969063653275,0.07967097146412508,2.4520714486361903e-29
GSE278723,ERO1B,-0.9533047867895441,0.09868032318693234,4.435384022345597e-22
GSE278723,ERP44,-0.807794021063995,0.07000798492064103,8.428742913642123e-31
GSE278723,ERRFI1,-0.6057945443547598,0.11574430579718382,1.659669911822765e-7
GSE278723,ESCO1,-0.805182528589767,0.08563275250735879,5.3160199862155044e-21
GSE278723,ESD,-0.695256331343058,0.11489771731793035,1.4386979278482725e-9
GSE278723,ESF1,-0.7014965797422597,0.13323362914204562,1.400661434864815e-7
GSE278723,ESRRA,0.723291085666193,0.10633013455049077,1.029510695767626e-11
GSE278723,ESYT3,-0.905975484161046,0.39749077202409216,0.022653009241867736
GSE278723,ETAA1,-0.7210622388760697,0.08199359791094511,1.4416247506643649e-18
GSE278723,ETF1,-0.6642477170143145,0.07047992077489575,4.31593041206839e-21
GSE278723,ETFB,0.9182287452796684,0.06054685862830313,5.9760811465310494e-52
GSE278723,ETHE1,0.8858304413013681,0.08824629020746431,1.0358762805098282e-23
GSE278723,ETNK1,-0.6819572741031983,0.09487157716920204,6.564393926443012e-13
GSE278723,ETNK2,0.7136235247254764,0.11123350687730861,1.4032032285584553e-10
GSE278723,ETS1,-0.8142253764573751,0.1049438105171283,8.581831325763254e-15
GSE278723,EVA1B,1.4320162993074776,0.19784882416667587,4.555783581137582e-13
GSE278723,EVC,0.9754202114865155,0.12055210075242585,5.904332946062248e-16
GSE278723,EVC2,0.8453771842831649,0.16557371803434842,3.2949376003964935e-7
GSE278723,EVI2A,-0.9859692026289631,0.20119553139636107,9.556766394172735e-7
GSE278723,EVI2B,1.20354742281847,0.490523562077324,0.014143516185211771
GSE278723,EVI5L,0.6709924801645667,0.07761932267388139,5.396680448051582e-18
GSE278723,EXD3,0.6978874476950792,0.10069509705887238,4.18765073891919e-12
GSE278723,EXO5,-0.6679935349433636,0.1755216797721982,1.4136893945047667e-4
GSE278723,EXOC3,0.592214193068175,0.1319761501667833,7.213758954139485e-6
GSE278723,EXOC5,-0.6683238890519663,0.06389147658234173,1.31441522990837e-25
GSE278723,EXOC6,-0.8339820265752661,0.07015107938074096,1.3603462350895665e-32
GSE278723,EXOG,-0.8589402653640669,0.10181157729283041,3.267923968526779e-17
GSE278723,EXOSC3,-0.7181193365507159,0.06520588104671254,3.304093947062641e-28
GSE278723,EXOSC4,0.6483257728993647,0.09611656145016174,1.5281262427871837e-11
GSE278723,EXOSC5,0.6691436252916515,0.07927992909139592,3.1661851062326175e-17
GSE278723,EXOSC8,-0.597276727942079,0.19017391561092498,0.0016855211423017988
GSE278723,EXPH5,-0.686471603117398,0.19383643262745634,3.9785981585313887e-4
GSE278723,EXTL1,0.6656454386564271,0.10556646234868514,2.8733335540751703e-10
GSE278723,EXTL2,-0.6965004931441809,0.17338576958436103,5.892951199228601e-5
GSE278723,EXTL3,0.8478050561750731,0.27581623532592275,0.002113482131969719
GSE278723,EYA2,0.8646724715011482,0.10563911610341753,2.7195484617633546e-16
GSE278723,EYA4,-0.7196622009434326,0.1677939485556188,1.7950848127602073e-5
GSE278723,EZR,0.642951408645883,0.1248345565017261,2.5989254044646046e-7
GSE278723,F12,1.4818072042855335,0.2288025637030392,9.396325842314808e-11
GSE278723,F3,-0.675509223489746,0.19131535760409626,4.141988102671786e-4
GSE278723,F8A3,0.9609582211869488,0.07127117624581175,1.9659851297384906e-41
GSE278723,FA2H,0.7801873477721966,0.1482363415007751,1.4162226197297416e-7
GSE278723,FAAP100,0.7804670355569964,0.07968037466055863,1.18330245495522e-22
GSE278723,FAAP20,0.70556297964786,0.09684682338566611,3.2083688449499833e-13
GSE278723,FADS2,0.656177343039711,0.2718598568291299,0.01579317915851366
GSE278723,FADS6,0.7420901279359146,0.23953280301046634,0.0019478339170852065
GSE278723,FAH,0.6804390603024967,0.10704423801832193,2.062474074669457e-10
GSE278723,FAHD2B,0.61161995614573,0.18698672925619814,0.0010719554738502736
GSE278723,FAIM2,0.61216808092303,0.159875197783662,1.2864555802664978e-4
GSE278723,FAM101A,0.8528177479046807,0.12826608508411294,2.9545774248803663e-11
GSE278723,FAM102B,-0.7675844758696665,0.11308251382337028,1.1383548534538327e-11
GSE278723,FAM105A,-0.632719721457749,0.16451278758960278,1.2005122337084876e-4
GSE278723,FAM107A,0.846453620402838,0.16299982616883948,2.0696272655790776e-7
GSE278723,FAM107B,-1.0645925864050287,0.10502091351190299,3.787094040602442e-24
GSE278723,FAM109A,0.7123200895970142,0.1471582677905117,1.2951066677762748e-6
GSE278723,FAM110A,1.17461512477962,0.22348606686943412,1.4732128185020248e-7
GSE278723,FAM111A,-0.7313853370946237,0.12497712622289704,4.852482070582276e-9
GSE278723,FAM117A,0.6976343490858965,0.11353801203164625,8.021563821325624e-10
GSE278723,FAM126A,-0.8903917831920882,0.07428912268930281,4.233167929708411e-33
GSE278723,FAM126B,-0.8109980713658739,0.09131775199637861,6.62285862490257e-19
GSE278723,FAM127A,0.8490058214179079,0.07441460514130688,3.764806532195139e-30
GSE278723,FAM127B,0.7323474599146307,0.08881891480780615,1.646089517789709e-16
GSE278723,FAM127C,0.66051914016843,0.15944606249751705,3.4341045916875034e-5
GSE278723,FAM129A,-0.6960143732749704,0.18859474202288692,2.2378813263872787e-4
GSE278723,FAM129B,0.702558450395028,0.311208054377262,0.02397559249098073
GSE278723,FAM131C,1.0718725245210294,0.12374446367979579,4.63624753632176e-18
GSE278723,FAM133A,-0.7920758829416081,0.17394606398493123,5.274267129612491e-6
GSE278723,FAM133B,-1.0944127879626038,0.08403664349287182,9.049196575336425e-39
GSE278723,FAM134B,-0.7549612122008493,0.12916877360790294,5.072818781823012e-9
GSE278723,FAM135A,-0.7086742548056622,0.047259328663376995,7.864414510346624e-51
GSE278723,FAM13B,-0.6335226268165639,0.060533179569693375,1.2414398244391755e-25
GSE278723,FAM151B,-0.7704100936947451,0.11923221430753758,1.0372108041527752e-10
GSE278723,FAM160B1,-0.593862395114223,0.08319495191773796,9.455941483715142e-13
GSE278723,FAM160B2,0.6484873498436194,0.07814683216692801,1.0559473858657804e-16
GSE278723,FAM161A,-0.662027195064966,0.11816365368888138,2.111239527448693e-8
GSE278723,FAM162A,-0.713371271909358,0.17122519773540432,3.096170923317187e-5
GSE278723,FAM163B,0.8479980694891274,0.17656568114675547,1.5651343803748322e-6
GSE278723,FAM167A,0.7758530503524329,0.14991882597737516,2.2772275880558405e-7
GSE278723,FAM169A,-0.677926274915229,0.15966644923495502,2.1772685800108597e-5
GSE278723,FAM171A2,1.146506900790842,0.09525390793537222,2.289314077568528e-33
GSE278723,FAM172A,-0.6669915239569445,0.06909119866155684,4.737451273668331e-22
GSE278723,FAM173A,1.6443480567830397,0.12134837570904844,7.854319688279714e-42
GSE278723,FAM173B,-0.6650684524879118,0.1318073814578848,4.517214412880927e-7
GSE278723,FAM174A,0.78793454640903,0.2693626892571999,0.0034425623191999587
GSE278723,FAM175A,-1.0376549200602725,0.11375118369070457,7.365113219861078e-20
GSE278723,FAM177A1,-0.7391208908489036,0.07968736664855036,1.771895688819771e-20
GSE278723,FAM178B,0.8446448772672439,0.23704333776554729,3.662903305264598e-4
GSE278723,FAM179A,0.9682015984698762,0.2573865697197903,1.68787204100008e-4
GSE278723,FAM181A,1.03229848870283,0.363228607543939,0.004483041299353045
GSE278723,FAM181B,0.881880999478012,0.11406600556008772,1.064355605619155e-14
GSE278723,FAM188A,-0.8714065625922839,0.07214143434547285,1.361343410809683e-33
GSE278723,FAM188B,0.699516773870283,0.3116112499617098,0.024778534578904766
GSE278723,FAM189A1,0.7581188437626978,0.1256210683098834,1.5899641431525309e-9
GSE278723,FAM189B,0.7068059931949185,0.09345614624089008,3.9396969703484867e-14
GSE278723,FAM195A,0.8595858346442244,0.10206962855623146,3.7149361854714486e-17
GSE278723,FAM195B,0.7393679287724695,0.08999664721077927,2.1127278454554916e-16
GSE278723,FAM199X,-0.6731172740198639,0.08579050463087018,4.293184941785439e-15
GSE278723,FAM19A5,0.6277138197691814,0.14557424710738515,1.617961676385924e-5
GSE278723,FAM200B,-0.6902701401120379,0.06818906980394793,4.373292905033727e-24
GSE278723,FAM204A,-0.7079515849354429,0.05450339490274617,1.4102426329210014e-38
GSE278723,FAM206A,-0.585907793466671,0.2003494165274425,0.0034508796492507534
GSE278723,FAM207A,0.7188733613779524,0.08620751267340435,7.500293011767102e-17
GSE278723,FAM208A,-0.7470277245855147,0.05401123780752041,1.6577360294501644e-43
GSE278723,FAM20B,-0.6611993061821755,0.1254148994855302,1.348749834674581e-7
GSE278723,FAM20C,0.6417979638498253,0.10609026075675022,1.4525415122890775e-9
GSE278723,FAM210A,-0.6647783006839202,0.07333859825687568,1.2516800357866619e-19
GSE278723,FAM212A,0.9168521740020624,0.22074143637478422,3.2741123472827154e-5
GSE278723,FAM213B,0.7904070043489146,0.12129897772507094,7.211633808774847e-11
GSE278723,FAM214A,-0.6503926033580234,0.11020997100193121,3.6044016345923303e-9
GSE278723,FAM214B,0.621094545255596,0.16523553641526026,1.7070046883579032e-4
GSE278723,FAM217B,-0.861454873358738,0.4030467480061201,0.03256894883556125
GSE278723,FAM221A,-0.670756797805963,0.28679101216443675,0.01934398523812933
GSE278723,FAM222A,0.637221089739307,0.18358961487005684,5.18718233780671e-4
GSE278723,FAM222B,0.669296275759331,0.1974841715147371,7.011897530238785e-4
GSE278723,FAM227B,-0.809868405085424,0.2670345677005655,0.0024227818255902677
GSE278723,FAM228B,-0.716699073538252,0.08441751531640199,2.067557474930356e-17
GSE278723,FAM229A,0.6931261331037608,0.1792650608703976,1.1041407991413971e-4
GSE278723,FAM229B,-0.6349968746035018,0.19225243499894143,9.567931147230547e-4
GSE278723,FAM234A,0.721508019509138,0.09813649528084152,1.9513619264964232e-13
GSE278723,FAM26E,-0.9655144171811071,0.36608743776306185,0.008354734289237007
GSE278723,FAM35A,-0.7164334991601273,0.05569493191078738,7.220127699678598e-38
GSE278723,FAM3C,-0.7495922661549385,0.1344358073131404,2.4634127248674905e-8
GSE278723,FAM43A,0.6315663501685685,0.1295399258593192,1.0855679201100882e-6
GSE278723,FAM43B,0.7407968287401996,0.09028203426170281,2.29895945487252e-16
GSE278723,FAM47E,-0.7230386898697005,0.1644364239597362,1.0972128133234157e-5
GSE278723,FAM47E-STBD1,1.42639201278981,0.5546149897284881,0.010115383730123434
GSE278723,FAM49A,-0.7327225314941546,0.22929885140321185,0.0013959289286014586
GSE278723,FAM49B,-0.7378709586833229,0.0939488514813853,4.0308793237331405e-15
GSE278723,FAM50A,0.7700275593245697,0.10235275620666029,5.3422383909981165e-14
GSE278723,FAM50B,0.7176541443231291,0.08799523927753958,3.4744502126303145e-16
GSE278723,FAM57B,0.8844511635129501,0.1347254228672695,5.208793586094153e-11
GSE278723,FAM58A,0.6959734793525344,0.07774507913502955,3.491180465113026e-19
GSE278723,FAM60A,-0.997586118142446,0.2642200373088631,1.5963037366379306e-4
GSE278723,FAM63B,-0.792050778720056,0.12667305320972133,4.033721720279659e-10
GSE278723,FAM65A,0.6155774963904004,0.08022180382504944,1.6743902298820954e-14
GSE278723,FAM69A,-0.9274782018474852,0.11894601010151495,6.31595674056671e-15
GSE278723,FAM69B,0.8601813314546913,0.06543955577106456,1.8260166896013573e-39
GSE278723,FAM69C,0.691150668603144,0.2008220903343688,5.782701776746414e-4
GSE278723,FAM71E1,0.6841756791828493,0.14548475046859433,2.5670424391671137e-6
GSE278723,FAM73A,-0.9807770737824045,0.06956620122834459,3.880869804992916e-45
GSE278723,FAM73B,0.6686483078752202,0.058416077048623706,2.4538024816239093e-30
GSE278723,FAM76B,-0.611402733644961,0.16551425958715293,2.2079023135732184e-4
GSE278723,FAM83F,-0.824503346955596,0.3891219852713149,0.03410048905228743
GSE278723,FAM83H,0.920103438068115,0.10431612946388347,1.1411554036279976e-18
GSE278723,FAM89B,1.116884999170779,0.1042733159832517,9.025377828200408e-27
GSE278723,FAM8A1,-0.8158494484395925,0.08336193210110547,1.2824792334785276e-22
GSE278723,FAM91A1,-0.6782639773307352,0.08975541088569364,4.1309622258265186e-14
GSE278723,FAM92A1,-0.618918109194247,0.1677882616485476,2.2541574778863597e-4
GSE278723,FAM96A,-0.6750491648784688,0.08896212171468662,3.247517418868181e-14
GSE278723,FAM96B,1.325087137491013,0.08101602159775059,3.9505656482389427e-60
GSE278723,FAM98B,-0.8529470777871697,0.06853584272531717,1.4838147571815639e-35
GSE278723,FAM98C,0.7303735443995157,0.08356693732936771,2.3314716802304393e-18
GSE278723,FANCB,-1.1556676742870196,0.1335040974977796,4.8680814130228475e-18
GSE278723,FANCF,-0.6684641609452802,0.10371826281204416,1.1560073172875613e-10
GSE278723,FANCL,-0.615390194462537,0.18610846771756076,9.442850939607499e-4
GSE278723,FANCM,-0.847912008165687,0.08288465461630916,1.4548328061983017e-24
GSE278723,FAP,-0.66907921069445,0.2821314485643323,0.017715285380837126
GSE278723,FAR1,-0.8653449210707653,0.07092385225448673,3.0687050123371798e-34
GSE278723,FARSA,0.6860732443995142,0.055100147287405754,1.3743618976035347e-35
GSE278723,FARSB,-0.606109296605709,0.21549218805508674,0.0049131418102633
GSE278723,FASN,0.8176553615871801,0.0637036153748805,1.0399201847101627e-37
GSE278723,FASTK,0.6874321862603702,0.0779631171145364,1.1714549233694347e-18
GSE278723,FASTKD1,-0.9047317746652044,0.06273502656659125,3.7913833364319245e-47
GSE278723,FASTKD2,-0.769614995683555,0.07291130454600285,4.791016182211335e-26
GSE278723,FASTKD3,-0.7643387745846834,0.10681431257845123,8.320385981399962e-13
GSE278723,FAT4,-0.814007443345413,0.24927108958875288,0.001092513493501934
GSE278723,FAU,1.0484328801262819,0.07916314742873067,4.890646314609531e-40
GSE278723,FAXC,-0.835477963211637,0.19531713421598462,1.8896519174541093e-5
GSE278723,FBF1,0.6039169387708707,0.13174002017251774,4.558216079903769e-6
GSE278723,FBL,0.6837736476222485,0.1321073189832564,2.2682067057363436e-7
GSE278723,FBLL1,1.0101321951822144,0.09537960378220153,3.2929007295685787e-26
GSE278723,FBLN1,1.0626882315837396,0.11419661984713278,1.3301667553496617e-20
GSE278723,FBLN2,0.9042850463363028,0.1586091025127193,1.1886652386515579e-8
GSE278723,FBLN5,0.589100059727688,0.18720680669941983,0.0016507482312484948
GSE278723,FBRSL1,0.9143678300111882,0.09549265880016629,1.0159316922604723e-21
GSE278723,FBXL13,-0.7509666080877127,0.16517809032885655,5.456980758336569e-6
GSE278723,FBXL14,0.8152502953277643,0.07562707695845719,4.284762941402842e-27
GSE278723,FBXL15,0.9659801321749626,0.070801164797036,2.2051844754961617e-42
GSE278723,FBXL16,1.1297670603403478,0.12247905803677044,2.857783277791455e-20
GSE278723,FBXL18,0.598552643069417,0.21017890022320987,0.004401917765644319
GSE278723,FBXL19,0.9169971195183048,0.08699412734800993,5.595582287424011e-26
GSE278723,FBXL3,-0.664765374892746,0.11267202844578869,3.6349361313327064e-9
GSE278723,FBXL4,-0.6084837255297028,0.10559404475426791,8.288614880545341e-9
GSE278723,FBXL7,0.7779673856431737,0.09699560864915732,1.0519095969617105e-15
GSE278723,FBXO11,-0.6651732844553516,0.06719865541167928,4.221005788467524e-23
GSE278723,FBXO16,-0.7313183902585478,0.2682881495777475,0.00641324170537614
GSE278723,FBXO2,1.093008745683659,0.06785924850369333,2.2782053607303774e-58
GSE278723,FBXO22,-1.02662358599766,0.29066485266302183,4.124544335966464e-4
GSE278723,FBXO27,0.7286733230866135,0.14897181381959373,1.0014655765020738e-6
GSE278723,FBXO28,-0.8929956672812931,0.09125900713394548,1.3022401521743445e-22
GSE278723,FBXO3,-0.6352139326845887,0.08496638636346471,7.658310842793978e-14
GSE278723,FBXO30,-0.6163795678597008,0.08944803820405037,5.5431433608674735e-12
GSE278723,FBXO31,0.672833455213009,0.1757935652586369,1.2950048882577573e-4
GSE278723,FBXO32,-0.6912729712672162,0.10812104900745337,1.621207498794093e-10
GSE278723,FBXO33,-0.608518199064363,0.21964889390217807,0.005598521680472408
GSE278723,FBXO4,-0.6864756389031547,0.11900552169975351,8.001097237509312e-9
GSE278723,FBXO41,0.619826792529856,0.233830104550778,0.008031159409663115
GSE278723,FBXO44,0.8038675592672521,0.09789680567940089,2.1866649521868792e-16
GSE278723,FBXO45,-0.6769275749056888,0.07633306899206346,7.441950205511577e-19
GSE278723,FBXO46,0.7977830604787086,0.11166099617414392,9.020005251249379e-13
GSE278723,FBXO48,-0.631959152919303,0.17731514372211987,3.6518329522731416e-4
GSE278723,FBXO5,-0.767978233644752,0.3322941093248532,0.02082511890324145
GSE278723,FBXO6,0.7642492254492252,0.10626315904269149,6.382884779173942e-13
GSE278723,FBXW12,0.63740714361387,0.2948705996689604,0.030645135092526248
GSE278723,FBXW4,0.6670308240440047,0.16575393541740233,5.716369580911841e-5
GSE278723,FBXW5,1.1280808987395556,0.07503154241923704,4.346498574017592e-51
GSE278723,FBXW7,-0.7981797757502873,0.2200431342150725,2.863132210086974e-4
GSE278723,FBXW8,0.584278908799001,0.15964887337571676,2.5243709296259736e-4
GSE278723,FBXW9,1.0363271226003654,0.11055136140009812,6.972295344298722e-21
GSE278723,FCF1,-0.634801836323558,0.20787787543302086,0.002260192667159157
GSE278723,FCGBP,1.03006583934512,0.4256372131764217,0.01551812233929946
GSE278723,FCGRT,0.7727765054913028,0.11869662126850095,7.489202545009855e-11
GSE278723,FCHO1,0.6239154561255299,0.19233572743463848,0.0011791031917394762
GSE278723,FDX1L,0.92035850125011,0.23527239929997695,9.157863064933365e-5
GSE278723,FER,-0.6049666963093664,0.05598220629812515,3.2098576319420584e-27
GSE278723,FES,0.6315513090608941,0.1344434556924507,2.633347362139119e-6
GSE278723,FEZF2,1.1483643408861373,0.12121124819563843,2.6913703107519205e-21
GSE278723,FGD1,0.7597061305934888,0.096768608526764055,4.135573853289422e-15
GSE278723,FGD3,0.8110932674593561,0.134629866016038,1.695114176630862e-9
GSE278723,FGF12,-0.849068241641708,0.15750078237590495,7.011243427988977e-8
GSE278723,FGF14,-0.899765585688837,0.14809889917602204,1.236502380967263e-9
GSE278723,FGF22,0.7571065132015444,0.15294908672808766,7.419220851369477e-7
GSE278723,FGF9,-1.5769612361553988,0.3082206167441722,3.115225569198416e-7
GSE278723,FGFBP3,0.5913370555033,0.2470898918595852,0.01670185270437125
GSE278723,FGFR1OP,-0.7203658069068672,0.09624350361047462,7.164239288157079e-14
GSE278723,FGFR1OP2,-0.7388811395424909,0.07552578023858458,1.3298611090227254e-22
GSE278723,FGFR3,1.3166332353705474,0.1412760053353245,1.1680016448658561e-20
GSE278723,FGFRL1,0.8894207288740476,0.13462365614376062,3.929296206859115e-11
GSE278723,FGL2,-0.7815002221923038,0.18455982854276273,2.291622650216979e-5
GSE278723,FHDC1,-0.6319649016343606,0.16187144170019327,9.45703772990632e-5
GSE278723,FHL3,0.7783610926891842,0.1575081873404486,7.743704482990977e-7
GSE278723,FHL5,-1.453232372714913,0.19624024963199793,1.3078171126622745e-13
GSE278723,FIBCD1,1.44972891205068,0.4382678499159987,9.401162419113686e-4
GSE278723,FIBIN,0.793893202705368,0.20517030555446708,1.0908776843104181e-4
GSE278723,FIGN,-0.709722211682651,0.21904574557044376,0.0011950291774692982
GSE278723,FIGNL1,-0.6608995449521091,0.12805361549638167,2.4548219542268857e-7
GSE278723,FILIP1,-0.658159600540696,0.16044131861280572,4.092709080935954e-5
GSE278723,FIZ1,0.627544869327979,0.20466197049429333,0.002167616297298019
GSE278723,FJX1,0.9153508638959729,0.14958450814607407,9.399368656344684e-10
GSE278723,FKBP10,0.6677906019827178,0.0988565941799382,1.4269273616568455e-11
GSE278723,FKBP14,-0.8019676211720844,0.10376186621747964,1.0845904393348284e-14
GSE278723,FKBP1B,0.7823373026608333,0.21038324498011698,2.0030674019492212e-4
GSE278723,FKBP2,0.6921723941401524,0.13073104904880475,1.1925832501849164e-7
GSE278723,FKBP3,-0.9041284913935586,0.07883735757430314,1.904173461434114e-30
GSE278723,FKBP5,-0.671372680968264,0.16021657619074478,2.7845438642099655e-5
GSE278723,FKBP8,0.8383497807230231,0.05803115032900046,2.635695382099555e-47
GSE278723,FKRP,1.3255129864258577,0.21932892205312898,1.5081214905855456e-9
GSE278723,FKTN,-0.7669664098182881,0.1681593379057886,5.092259480215593e-6
GSE278723,FLNA,0.5947184622782532,0.15401354465469463,1.1270751228884415e-4
GSE278723,FLNC,0.9346014022184841,0.15018613911308065,4.878811409633861e-10
GSE278723,FLRT1,0.6863882667384119,0.08858636106113305,9.317590306666539e-15
GSE278723,FLRT2,-0.598614265973939,0.20341680989631006,0.0032526220243611417
GSE278723,FLRT3,-0.932405444115098,0.3808338145046966,0.014352161317866366
GSE278723,FLT1,-0.844510529658736,0.36082403664588486,0.01925767086466862
GSE278723,FLT3LG,0.8489936587014129,0.1325876734497431,1.5209150710277157e-10
GSE278723,FLT4,0.8669341809083818,0.17822820122678482,1.149318648322284e-6
GSE278723,FLYWCH1,0.8679450272358429,0.062398446854908494,5.52942145301314e-44
GSE278723,FLYWCH2,0.592978384101553,0.1582084452532113,1.7819129218019423e-4
GSE278723,FMNL1,0.7372925126518113,0.08054573438615745,5.500972822885582e-20
GSE278723,FMO2,-0.79111730260847,0.33393710201770477,0.01783332091441352
GSE278723,FNDC4,0.646328962792247,0.09700702795647825,2.6883760790787287e-11
GSE278723,FNDC5,0.6732822137860764,0.18979526679559341,3.890340832146574e-4
GSE278723,FNIP1,-0.8388208815278435,0.049564307731322435,2.9994955976466982e-64
GSE278723,FNTA,-0.7248744048858958,0.05973001078209636,6.819877770531831e-34
GSE278723,FOLH1,-0.740711286722512,0.2725856974768808,0.0065806581744789336
GSE278723,FOPNL,-0.7712392019047765,0.0850797927647064,1.2472682400569676e-19
GSE278723,FOXD4L4,1.1442288349851042,0.23227773576992383,8.387695383926865e-7
GSE278723,FOXG1,0.738440780055659,0.0669069536763011,2.5382632566912497e-28
GSE278723,FOXJ1,1.74452115183807,0.6076830524815142,0.004094672100240451
GSE278723,FOXJ3,-0.67876463400904,0.06667698261774015,2.4382612672619896e-24
GSE278723,FOXN2,-0.8714580241915837,0.08098953993405975,5.309488659099425e-27
GSE278723,FOXO3B,0.8045333634038188,0.10846819312897828,1.195965974876247e-13
GSE278723,FOXO6,1.124506353054638,0.16257012471288976,4.611319163259878e-12
GSE278723,FOXP4,0.8755208077559132,0.07795911848113461,2.8880048248794374e-29
GSE278723,FOXRED2,0.580915286893663,0.17441134155313792,8.662178581337077e-4
GSE278723,FPGS,0.7443588890489858,0.11439657963126117,7.675411080639359e-11
GSE278723,FPGT,-0.91669166420276,0.09553520945076611,8.365066193052283e-22
GSE278723,FPGT-TNNI3K,-0.742291736491593,0.2614827401633239,0.004528649641665596
GSE278723,FRA10AC1,-0.8579405498955059,0.0612469099462474,1.3946957986331026e-44
GSE278723,FRAT1,0.7256053470890295,0.10924383179977125,3.093047418970414e-11
GSE278723,FREM2,0.593652963848369,0.22980766389126336,0.00978715128126999
GSE278723,FRK,-0.644851483795081,0.18938196897743462,6.615653232494318e-4
GSE278723,FRMD3,-0.7901563571995329,0.09151637548911225,5.922051767916531e-18
GSE278723,FRMPD2,0.9934723941112101,0.34213698513126684,0.0036874956992684845
GSE278723,FRRS1L,-0.7140671953153687,0.12297926851731802,6.382921787122428e-9
GSE278723,FRS2,-0.802211198745328,0.28738413594890017,0.005247655313438368
GSE278723,FRS3,0.7464752996299546,0.1440047923266353,2.1754570984769076e-7
GSE278723,FSCN1,0.7404019530403604,0.05900052598541543,4.021868676721282e-36
GSE278723,FSD1L,-0.9584681067206723,0.06684312770470559,1.2472034109192272e-46
GSE278723,FSIP1,-0.7899850110129899,0.14413293697302074,4.2305483933527365e-8
GSE278723,FSTL3,0.767413958114785,0.35034203204463293,0.028490117086188736
GSE278723,FSTL4,0.739954846489045,0.3505894730732928,0.03480653478135233
GSE278723,FTCD,0.75326835855745,0.3660887602541586,0.0396274640319401
GSE278723,FTH1,0.649018762001763,0.10602163497537839,9.26583337628824e-10
GSE278723,FTL,0.9871573007063333,0.13671358327026015,5.174977909245802e-13
GSE278723,FUCA1,0.901293263032618,0.4264274330175184,0.03455019948294347
GSE278723,FUCA2,-0.6242818662789361,0.1868073566109506,8.322250008023961e-4
GSE278723,FUK,0.7287568335316608,0.10500234747541003,3.910297242649317e-12
GSE278723,FUOM,0.765920121447472,0.26331668029301436,0.003628869288322625
GSE278723,FURIN,0.8167689647393261,0.08599760936441771,2.1482955557347453e-21
GSE278723,FUT9,-0.735276045862154,0.1383018994337532,1.0580744507897017e-7
GSE278723,FUZ,0.7808257848140807,0.07968754254593845,1.141649165345545e-22
GSE278723,FXN,0.667472544943342,0.24357951777142772,0.006138957492556786
GSE278723,FXR1,-0.614025140695441,0.13405527771563847,4.641148458387339e-6
GSE278723,FXYD1,1.2985750170987218,0.10738778388015519,1.158656130752348e-33
GSE278723,FXYD3,0.698078942473168,0.30413152306940605,0.02171483464151576
GSE278723,FXYD5,0.8443398242895199,0.11100643190677363,2.8221923823131433e-14
GSE278723,FXYD6,0.787457155228671,0.32218964078995616,0.014522218680551698
GSE278723,FXYD7,0.633024189503182,0.25196797038171737,0.011994025010142597
GSE278723,FYTTD1,-0.835057989654599,0.2980553096573713,0.005083600882747544
GSE278723,FZD3,-0.9157292453848516,0.132807984153837,5.381291697230366e-12
GSE278723,FZD7,0.6926609315695254,0.12824674541141542,6.626967794009646e-8
GSE278723,FZD8,1.1225700900843947,0.149620532659303,6.247788724325181e-14
GSE278723,FZD9,1.196450805840392,0.15007376564529812,1.5559934927659207e-15
GSE278723,FZR1,0.8424839996194282,0.06362891441517099,5.114939737840527e-40
GSE278723,G2E3,-0.9129653301947976,0.07454528734581539,1.740610675067235e-34
GSE278723,G3BP1,-0.6899117798052474,0.05654980134684647,3.1054035171991064e-34
GSE278723,G3BP2,-0.584434750288377,0.21886927425551156,0.007579574894198062
GSE278723,G6PC3,0.608055571573604,0.15424139923132682,8.072641326306762e-5
GSE278723,G6PD,0.9046416716126108,0.06035152564733919,8.594504142928274e-51
GSE278723,GAB1,-0.625874495181562,0.1791533803703001,4.767114487769464e-4
GSE278723,GAB3,-0.59703664397067,0.2276166478531546,0.00871613218808255
GSE278723,GABARAPL1,-0.7963201635986665,0.20479542865144407,1.009201818516267e-4
GSE278723,GABPA,-0.7758539167792359,0.09110120531462464,1.6459570102276125e-17
GSE278723,GABPB1,-0.6323703291346385,0.08871380286548737,1.0168495636024248e-12
GSE278723,GABPB2,-0.586893096489858,0.17715844904337175,9.236218420794288e-4
GSE278723,GABRA4,-0.8901857994815746,0.16627076413189673,8.611063856928433e-8
GSE278723,GABRB2,-1.2022317637842703,0.38079097343863255,0.001592941992368121
GSE278723,GABRB3,-0.684384953629082,0.2640485761555717,0.009545019144423551
GSE278723,GABRD,1.028085056054935,0.15693865565858958,5.720204701019651e-11
GSE278723,GABRE,-1.235503395430943,0.1430494238658024,5.775951321927727e-18
GSE278723,GABRG3,-0.5969623349275454,0.18726707400270254,0.0014337989431702286
GSE278723,GAD1,-0.72567736732981,0.33949844242035426,0.03255747814457533
GSE278723,GAD2,-1.03387083420232,0.48464682399043013,0.03290456232953126
GSE278723,GADD45G,1.2144199899145107,0.2008853104740143,1.4909530633748275e-9
GSE278723,GADD45GIP1,0.584599080762337,0.16023880548395683,2.6398226741102736e-4
GSE278723,GAL3ST1,0.8813525432290849,0.13292048374795729,3.341549943433016e-11
GSE278723,GAL3ST3,1.1062786425153412,0.10569328709590158,1.2262174854262757e-25
GSE278723,GALC,-0.6844584942686581,0.11090140488851347,6.752764490010782e-10
GSE278723,GALK1,0.7065588627657717,0.15336743425886287,4.085828384162553e-6
GSE278723,GALK2,-0.639077574604773,0.1289883579303453,7.250277010363744e-7
GSE278723,GALM,0.66568717009553,0.21442325534745207,0.001905703592112305
GSE278723,GALNT1,-0.587643725980224,0.18949875055691998,0.0019284044957220425
GSE278723,GALNT13,-0.8685079136299848,0.1261770834266584,5.850383904268256e-12
GSE278723,GALNT15,0.87933558211825,0.21415327998928263,4.023888353994553e-5
GSE278723,GALNT3,-0.649119989348598,0.22026621454034145,0.0032089461497038273
GSE278723,GALNT4,-0.6845462542713181,0.09729112134279447,1.977505418752082e-12
GSE278723,GALNT9,0.920199770445663,0.10104639395165846,8.492137490831076e-20
GSE278723,GALNTL6,-1.00771573178603,0.46109152858158575,0.02885217480628939
GSE278723,GALR1,-1.134310344732212,0.1711494971327247,3.411893407498547e-11
GSE278723,GAMT,1.093783003544644,0.07410858991442923,2.6847282695947186e-49
GSE278723,GAP43,0.647540899506338,0.311704091220591,0.03776263839908604
GSE278723,GAR1,-0.6162324341818401,0.10267474091306891,1.9515165056009243e-9
GSE278723,GAREM2,1.0092106557456464,0.14354438009899478,2.0556989312456737e-12
GSE278723,GAS2L1,1.0552139796216717,0.11247495257932466,6.4875227198300886e-21
GSE278723,GAS6,0.681617089782357,0.05551301904198947,1.1815609459531726e-34
GSE278723,GAS8,0.8796044251059938,0.12715273657210185,4.590366231083126e-12
GSE278723,GATA2,0.6926515386011444,0.20516978002717598,7.355005446034421e-4
GSE278723,GATAD1,-0.7181301445927025,0.08909768121314639,7.627459918923814e-16
GSE278723,GATAD2A,0.6590054903998097,0.15389776658307527,1.851384757663083e-5
GSE278723,GATC,-0.677979585054955,0.24024872454079227,0.0047726611618543234
GSE278723,GATSL2,0.7808689061038898,0.07238024446972598,3.904191223731896e-27
GSE278723,GATSL3,0.9019674109830351,0.14575143594953663,6.07799947341906e-10
GSE278723,GBAS,-0.64397171479145,0.15883107804579857,5.0253682429073464e-5
GSE278723,GCA,-1.03294809836861,0.128838245691512,1.080045806549992e-15
GSE278723,GCC2,-0.665835511344843,0.08067245030511805,1.537350217200327e-16
GSE278723,GCFC2,-0.7431683014702081,0.06834346595275545,1.5329211256894751e-27
GSE278723,GCH1,-0.881603273855111,0.12939935263606767,9.55559735673196e-12
GSE278723,GCK,1.0723109302393534,0.13579577582167449,2.8685126381911105e-15
GSE278723,GCLM,-0.7271147558488145,0.0843258658734598,6.5406402851165635e-18
GSE278723,GCNT1,-0.8063650003403828,0.15510183718019602,2.0042921194213696e-7
GSE278723,GCNT2,-0.7493493828117093,0.10137321406637435,1.4465172095680415e-13
GSE278723,GCNT4,-0.9665802146620934,0.13470605733738575,7.205551716237974e-13
GSE278723,GCOM1,-0.821547552019941,0.3267663595712652,0.01193114830048687
GSE278723,GDA,-1.06154091767113,0.48887002006261626,0.029899627102516167
GSE278723,GDAP1,-0.857103057896683,0.08852447437530817,3.5924978585852616e-22
GSE278723,GDAP1L1,0.7821963910197046,0.08289244320998179,3.862452196519314e-21
GSE278723,GDAP2,-0.6674248501114193,0.05099601369145452,3.867227957566045e-39
GSE278723,GDF1,1.22801777067213,0.35719257412382155,5.860901028631203e-4
GSE278723,GDF10,0.7701554814163216,0.11488744174990445,2.0339457596269995e-11
GSE278723,GDPD1,-0.6991674485668581,0.12121060009387034,8.0120862760978e-9
GSE278723,GDPD2,1.1885766467632182,0.1359648264823425,2.2943543166113327e-18
GSE278723,GDPD5,0.6766206511909263,0.0825753124717549,2.5272218409585057e-16
GSE278723,GDPGP1,0.933721541410501,0.38014877131519226,0.014041485361310724
GSE278723,GEN1,-0.9348523333347173,0.1274363609198632,2.2034055205698443e-13
GSE278723,GET4,0.7405017692148042,0.08769283189222842,3.0595669542991305e-17
GSE278723,GFAP,1.0150622692966293,0.20031744749198555,4.0356508434270346e-7
GSE278723,GFM1,-0.6167320224494176,0.10726992069270165,8.958865506940753e-9
GSE278723,GFM2,-0.6196947584067382,0.12573984519316572,8.291079248679722e-7
GSE278723,GFPT1,-0.6889675436641224,0.07062857067765715,1.759480630137898e-22
GSE278723,GFRA2,0.7199555156184018,0.16565268876814784,1.3853228432467504e-5
GSE278723,GGA1,0.733545823573706,0.0675721385163574,1.872758492981239e-27
GSE278723,GGH,-0.865035609554394,0.2905826033510055,0.002911781259324392
GSE278723,GGPS1,-0.5850669407940619,0.08335703605372961,2.2377076737132794e-12
GSE278723,GGT1,0.6367434714315604,0.11540464230220533,3.438839239875277e-8
GSE278723,GGT7,0.7263001841641171,0.09352053228290018,8.086881075505506e-15
GSE278723,GGTA1P,0.740742832197017,0.2679675882122187,0.005704504718566114
GSE278723,GHDC,0.6953226741758675,0.07989307335717233,3.227514812099022e-18
GSE278723,GHR,-0.7482776738609962,0.12520674833875664,2.2821121581658802e-9
GSE278723,GIMAP1,0.7827308009112519,0.21336776016177678,2.4401716944171892e-4
GSE278723,GIMAP4,0.604638352000102,0.28603134261352925,0.034524795801633805
GSE278723,GIN1,-1.0122608169858003,0.06406090199826205,3.0361476555228646e-56
GSE278723,GINM1,-0.6150314653261371,0.10281050440268694,2.201638994542221e-9
GSE278723,GINS3,0.582008911576767,0.20833917353838627,0.005213063756295665
GSE278723,GIPC1,0.6766194024512515,0.09894223123268181,8.000999004203412e-12
GSE278723,GIPC3,1.16922032616763,0.41636120937790433,0.004982121643932952
GSE278723,GIT1,0.8037117458120756,0.09689018643358771,1.0851311344830516e-16
GSE278723,GJA1,0.6864428480955655,0.1678150227608026,4.304940123048651e-5
GSE278723,GJB1,0.653050470989922,0.28962680174294053,0.024145894304568736
GSE278723,GJB6,0.6823459616667704,0.176580098232874,1.1144057119762047e-4
GSE278723,GJC1,-0.9164011717477059,0.09702416668591579,3.551274988089451e-21
GSE278723,GJC2,0.830049712837522,0.12373406655908352,1.968560280921939e-11
GSE278723,GK,-0.9817915565487442,0.10026394584320528,1.2177708272331787e-22
GSE278723,GK5,-0.9246032474266223,0.0669098326014641,1.9673730136697143e-43
GSE278723,GLB1L,0.889798651958754,0.30338435895926025,0.003358025318412394
GSE278723,GLB1L2,0.7766661273119548,0.3084753262165328,0.011810453773642232
GSE278723,GLCE,-0.5953129805074,0.14455174736470172,3.8161439409300933e-05
GSE278723,GLDC,0.689830672402436,0.2513222297543982,0.006054674565165579
GSE278723,GLI2,0.7172201993926941,0.19057467869935835,1.6757847454292632e-4
GSE278723,GLI3,0.7845927403020102,0.11642605763509596,1.5950361238834665e-11
GSE278723,GLI4,0.7592483503487241,0.16408609346629446,3.707605526911067e-6
GSE278723,GLIPR1,-0.9835778615334607,0.19511895492535256,4.633137794590096e-7
GSE278723,GLIPR1L2,-1.0966178261439365,0.12448446880648406,1.2595867407736773e-18
GSE278723,GLIS1,1.2036084639025735,0.11632754179843359,4.330704554204237e-25
GSE278723,GLIS2,1.1539999507350847,0.14550720687231836,2.1760136773251835e-15
GSE278723,GLMN,-1.0481005735912299,0.1061342654992575,5.330906240302567e-23
GSE278723,GLO1,-0.5895055176266961,0.16993021261263896,5.221979837113749e-4
GSE278723,GLRA2,-0.77174919967454,0.36028173077280884,0.032187735086629386
GSE278723,GLRA3,-1.3236270592619792,0.24480572627381209,6.414396104351922e-8
GSE278723,GLRB,-0.727202470632613,0.33591902320138134,0.03040187149753628
GSE278723,GLRX,-0.8335339471764107,0.18884733307070897,1.0157282299394652e-5
GSE278723,GLRX3,-0.762983577680361,0.057062398706136074,8.92844900641913e-41
GSE278723,GLS,-0.8405960781878095,0.18268131873126667,4.195915980198878e-6
GSE278723,GLTSCR1,0.9021568989236611,0.0969945782813845,1.38991634524593e-20
GSE278723,GLTSCR2,0.662931622993335,0.09680081881489545,7.467568169216282e-12
GSE278723,GLUD2,0.6826375444931225,0.06157280017897146,1.4560160785035267e-28
GSE278723,GLYCTK,0.607434927299728,0.25767863127602647,0.018406619621129012
GSE278723,GMCL1,-0.652689819377774,0.12969958885111965,4.845798213145598e-7
GSE278723,GMEB2,0.6547748897158395,0.11821239516618971,3.042560573266096e-8
GSE278723,GMFB,-0.7286227287958703,0.13873807213870729,1.5063103685148005e-7
GSE278723,GMPR,1.0792023063424303,0.17901350448107484,1.6537751844947792e-9
GSE278723,GNA15,0.7690922399503821,0.2620073964361501,0.003331354684310093
GSE278723,GNAI1,-0.8366595463842372,0.154696453623456,6.359200532310873e-8
GSE278723,GNAI2,0.7401610717336693,0.07515095974812115,6.923602401612112e-23
GSE278723,GNAI3,-0.6758986971997077,0.09508515169926877,1.1743701459339449e-12
GSE278723,GNAO1,0.620395439144942,0.15277329000589449,4.888612031244942e-5
GSE278723,GNAQ,-0.607325437676477,0.1474432389047561,3.8044471401872267e-5
GSE278723,GNAS,0.6303039025217102,0.10333265521379288,1.0623102023852043e-9
GSE278723,GNB2,0.6966792593730744,0.061625844174479534,1.2397499393202549e-29
GSE278723,GNB2L1,0.580986668443551,0.14663061168738853,7.424773810209187e-5
GSE278723,GNB4,-0.7101532057014555,0.09948394941238117,9.444436714444403e-13
GSE278723,GNG10,-1.0454022518313535,0.2280654348119473,4.566401601402069e-6
GSE278723,GNG3,1.1369420584801895,0.2806198297656701,5.0881940318019083e-5
GSE278723,GNG5,0.8045618331505139,0.12548868917258568,1.441618029565199e-10
GSE278723,GNG7,0.7408993167757881,0.20083311531075,2.2502290088811426e-4
GSE278723,GNL3,-0.589192253590169,0.19110465989013023,0.002048653933831847
GSE278723,GNPDA2,-0.807872284422292,0.08625054448357906,7.492362384580672e-21
GSE278723,GNPNAT1,-0.7928793508847429,0.11531387275812326,6.1627092009806045e-12
GSE278723,GNPTG,0.9418722008290447,0.05234954939681193,2.251547930963881e-72
GSE278723,GNRH1,-1.075228469124382,0.23959260646756672,7.198390575133294e-6
GSE278723,GOLGA6L10,0.7963737560424659,0.2978879027087236,0.007508648102154091
GSE278723,GOLGA7B,0.862919780254926,0.2660668979991102,0.001181770984718156
GSE278723,GOLGA8K,0.688010348505608,0.2208163768900243,0.0018347289770261625
GSE278723,GOLGA8O,0.993582786998496,0.2242419600830411,9.386178717500774e-6
GSE278723,GOLGA8R,0.704916865356425,0.34282609875981984,0.03976384904800258
GSE278723,GOLPH3L,-0.776764019613022,0.1846633915988538,2.5949611538568423e-5
GSE278723,GOLT1B,-1.055586026546215,0.17358845835165013,1.1945842164885157e-9
GSE278723,GOPC,-0.6902332976257142,0.08714785458135249,2.37022517488474e-15
GSE278723,GORASP1,0.6829941486142447,0.11224695871740231,1.1667667867272602e-9
GSE278723,GP1BB,2.2364656793127575,0.24882645373155898,2.516456903712135e-19
GSE278723,GPAA1,0.72176311153786,0.08179849825032177,1.107664361093821e-18
GSE278723,GPALPP1,-0.5923180522458735,0.13755545418740528,1.6620976193234727e-5
GSE278723,GPANK1,0.592393628360597,0.15328275977777758,1.1122062884407697e-4
GSE278723,GPAT2,0.9799072386411715,0.2664846643306849,2.3584341876089454e-4
GSE278723,GPATCH11,-0.7242048025406502,0.07202749903607612,8.771247650786681e-24
GSE278723,GPATCH3,0.6663937635556788,0.12759394892522918,1.762669075145638e-7
GSE278723,GPBP1,-0.6116603220802004,0.10462167387787247,5.0232046643343555e-9
GSE278723,GPC1,0.8656046132842248,0.08110837364506732,1.3733872579594465e-26
GSE278723,GPCPD1,-0.8274734542168788,0.08980311454584294,3.132958637158887e-20
GSE278723,GPIHBP1,0.9957347810083725,0.28268219411487927,4.2757263020879415e-4
GSE278723,GPKOW,0.6405549861692231,0.084222517076496,2.8378802258859464e-14
GSE278723,GPM6A,-0.6740085195270954,0.14035302921374537,1.569027742579753e-6
GSE278723,GPR108,0.6456911326811801,0.08723110715483148,1.3407348648105598e-13
GSE278723,GPR132,0.6973502740774972,0.16298902298433546,1.8814797169652758e-5
GSE278723,GPR137,0.615759570180944,0.20583884920180504,0.002776429939699658
GSE278723,GPR137C,-0.8630715806471659,0.11935747022661927,4.795179987175883e-13
GSE278723,GPR153,0.6956324072911739,0.17879962375161373,1.0000912415998284e-4
GSE278723,GPR155,-0.7438318247142472,0.11468219339617963,8.812926788826646e-11
GSE278723,GPR162,0.7074994771525417,0.09919757985654001,9.875912606189422e-13
GSE278723,GPR173,0.585997567695269,0.12020422037092841,1.087993149399509e-6
GSE278723,GPR176,0.671307271287718,0.20991820533632782,0.0013840977029085282
GSE278723,GPR180,-0.7809956516430299,0.08621995299292645,1.3264807800452954e-19
GSE278723,GPR21,-1.3474230389339228,0.35774360046577297,1.65585865965954e-4
GSE278723,GPR22,-1.1739025311493272,0.2135800207211441,3.878150870754006e-8
GSE278723,GPR3,1.14285610168762,0.476537706611717,0.016473660269843458
GSE278723,GPR34,-0.812544222960392,0.3731207313773312,0.02942853740487283
GSE278723,GPR37L1,1.1592909032018295,0.13680628631792338,2.3719031674278338e-17
GSE278723,GPR52,-0.833594304174958,0.3950743172617785,0.03486108238360385
GSE278723,GPR62,0.8958732065595615,0.15526656968538233,7.93166892681108e-9
GSE278723,GPR63,-0.868442807574667,0.17275012152899438,4.977923956204851e-7
GSE278723,GPR68,1.0885897232042219,0.25488660604071106,1.9470447652613198e-5
GSE278723,GPR75,0.6777529363449096,0.09018588517783466,5.688195593033411e-14
GSE278723,GPR85,-0.8703148509308936,0.17415254956255488,5.809998005160163e-7
GSE278723,GPR89A,-0.9366630366073462,0.15756636732354137,2.7719707212343824e-9
GSE278723,GPR89B,-1.2134078798326011,0.13498676907775703,2.492914861720889e-19
GSE278723,GPRASP2,1.10298045848613,0.3711109660806732,0.0029576629228553236
GSE278723,GPRC5C,0.7804361978616163,0.13245252859352222,3.8109783232307685e-9
GSE278723,GPRIN1,0.6224747371975908,0.14658184116197062,2.1703701492231354e-5
GSE278723,GPS1,0.6912627946535442,0.04739614519471921,3.510036241502247e-48
GSE278723,GPSM1,0.7249993128445573,0.08335000747366761,3.3703743727145534e-18
GSE278723,GPSM2,-0.657335148209571,0.12979582116942076,4.0973515411254306e-7
GSE278723,GPSM3,0.822309356012233,0.12751125758479112,1.1265316897991483e-10
GSE278723,GPT,0.8174786275613284,0.1163159862611355,2.0938747399098434e-12
GSE278723,GPT2,0.9765729651680638,0.09591973418642949,2.407058794971686e-24
GSE278723,GPX1,0.9994573484097428,0.20850492803849766,1.6393967999957809e-6
GSE278723,GPX4,0.6494265409177442,0.06940542211318215,8.203271598385448e-21
GSE278723,GRAMD1A,0.6111665017137533,0.04914815998135835,1.6834887180832775e-35
GSE278723,GRAMD4,0.6274561824772784,0.11912007844391556,1.3835000163354123e-7
GSE278723,GRASP,0.626288426383871,0.2800316747773135,0.025319601417706956
GSE278723,GRB14,-1.13739017231556,0.33804811363955767,7.666005098110575e-4
GSE278723,GRB2,-0.6784625423241725,0.19735916922901559,5.86667120169709e-4
GSE278723,GREM1,-0.9240380301148455,0.17099464873016265,6.520720530648234e-8
GSE278723,GRHPR,0.6546907473664554,0.08081232877623155,5.434274811510168e-16
GSE278723,GRIA2,-0.7824193219087461,0.2797934826928941,0.005167264123648001
GSE278723,GRIA4,-0.637977482809758,0.17905394219171827,3.6657602046806926e-4
GSE278723,GRID1,0.6400725453102656,0.05903999593687681,2.192410745303624e-27
GSE278723,GRID2IP,0.893246366902766,0.2649527886427673,7.48030327038262e-4
GSE278723,GRIK1,-0.802461182969325,0.34117366928153425,0.01866972749800048
GSE278723,GRIK4,0.6511988282160894,0.08093279500462888,8.54270241766077e-16
GSE278723,GRIK5,1.0330811274899867,0.09326899534639455,1.633773961703269e-28
GSE278723,GRIN1,0.9104732334630518,0.12406178342312678,2.1540557562768164e-13
GSE278723,GRIN2C,0.840446026950151,0.12924705337848366,7.892670387955514e-11
GSE278723,GRIN2D,0.940410618912957,0.10863929212227638,4.874699673577402e-18
GSE278723,GRINA,1.0191618957606363,0.06754455808083393,1.9209162319556297e-51
GSE278723,GRIP2,0.658328232759848,0.23077783251461137,0.004335643431300365
GSE278723,GRM4,0.942915236688814,0.19564432619748065,1.4389114784414435e-6
GSE278723,GRN,0.7406428566081016,0.08231375278695922,2.3028147721447076e-19
GSE278723,GRPEL2,-0.7252292416637648,0.09046996283159323,1.090283570291549e-15
GSE278723,GSAP,-0.584865812913274,0.12931331835087864,6.101009163388548e-6
GSE278723,GSDMB,-0.594526829176261,0.25027167143575285,0.01752396410087723
GSE278723,GSE1,0.845622004250454,0.08890073390339596,1.8706746317108024e-21
GSE278723,GSN,0.786831091353809,0.12086550360491016,7.516461927538082e-11
GSE278723,GSS,0.6296003002508656,0.0913506173928379,5.4963237112990685e-12
GSE278723,GSTA4,-0.6383519428079939,0.16296545919381408,8.962071000279202e-5
GSE278723,GSTP1,1.0371719662165872,0.07157490665245443,1.3868049330848925e-47
GSE278723,GSTT2B,1.07851504245939,0.3549920109191791,0.0023804419426664645
GSE278723,GSTZ1,0.666773090862859,0.25969224801697427,0.010241972239079772
GSE278723,GTDC1,-0.7930245591788962,0.06870699845902646,8.090436728565084e-31
GSE278723,GTF2A1,-0.6961682058769425,0.06295014084073289,1.982047257609961e-28
GSE278723,GTF2F1,0.587171116547114,0.12070200577704214,1.146686287312645e-6
GSE278723,GTF2H1,-0.598651329172554,0.11802889688828651,3.9350277608899297e-7
GSE278723,GTF2H2,-0.638008121102449,0.11856068952939651,7.395855845257668e-8
GSE278723,GTF2H3,-0.694699069745583,0.16885266698791,3.884703494489166e-5
GSE278723,GTF2H5,-0.6037429500294703,0.07152720695825533,3.1532003880282746e-17
GSE278723,GTF3C3,-0.6918124106346055,0.06880866917431608,8.808173681660069e-24
GSE278723,GTF3C5,0.6283609952646559,0.11148742298339279,1.738834599527144e-8
GSE278723,GTPBP1,0.6931631684902323,0.08267551317769826,5.1097468846360944e-17
GSE278723,GTPBP10,-0.9987684126688077,0.09293938154116373,6.15865385019812e-27
GSE278723,GTPBP3,0.661710648057729,0.16945509578337967,9.425183317036015e-5
GSE278723,GTPBP6,0.9658229362981064,0.08151492810646488,2.1929174119874081e-32
GSE278723,GTPBP8,-0.7888695100986145,0.13160786786213205,2.0462702098486037e-9
GSE278723,GUCA1B,0.7393537785944484,0.18266011358205483,5.1722852629761706e-5
GSE278723,GUCD1,0.8320137726890993,0.1197142271815457,3.652885099092161e-12
GSE278723,GUCY1A2,-0.9167357462754473,0.10344060505238817,7.828472561262363e-19
GSE278723,GUF1,-0.9591486646406603,0.07259432205668159,7.436651787417929e-40
GSE278723,GULP1,-0.779335350749836,0.2512499493697201,0.0019232651011724044
GSE278723,GUSB,0.638542377387784,0.17963628962101733,3.7849664924029654e-4
GSE278723,GXYLT1,-0.7651722858410187,0.08376677948923628,6.567609312905623e-20
GSE278723,GXYLT2,-0.580256921632205,0.22681855805513937,0.010520263892033225
GSE278723,GYPC,1.0613367708511114,0.12018277964065374,1.0372358424748273e-18
GSE278723,GYS1,0.583025082830087,0.11575123059280128,4.7318069338464696e-7
GSE278723,H1FX,0.7459400485177031,0.07731286565126354,4.996266957750436e-22
GSE278723,H2AFX,0.9678542689991368,0.07236202363151031,8.446192092910585e-41
GSE278723,H2AFY2,0.6795798506285496,0.0807602274793558,3.9362033714412356e-17
GSE278723,H3F3A,-1.056119766902977,0.11008941685809295,8.531960263739927e-22
GSE278723,H6PD,0.636449854951142,0.2079443135513384,0.0022083904252483957
GSE278723,HACD1,-0.7172755176143216,0.10497399815206993,8.322223287404736e-12
GSE278723,HACD2,-0.827493081477423,0.13759640036972087,1.8109528634928743e-9
GSE278723,HACD3,-0.662600417819209,0.2113498011160704,0.0017180203250465253
GSE278723,HACD4,-0.7557201925514953,0.1948053255492114,1.0473120546480797e-4
GSE278723,HAGH,0.6500474466453697,0.06483412833526421,1.1679342178509619e-23
GSE278723,HAGHL,0.920170484684153,0.10363528357297747,6.75062420374092e-19
GSE278723,HAP1,0.672458053080761,0.2910421207749819,0.020859494260899284
GSE278723,HAPLN2,0.7907110158543222,0.1966615966676472,5.80333110044064e-5
GSE278723,HAPLN4,2.431878720764602,0.6248316186600923,9.939890340674432e-5
GSE278723,HAT1,-0.7769727352516649,0.0917502279039658,2.489006374053778e-17
GSE278723,HAUS2,-0.628528221943509,0.21462449237784806,0.0034059981111052816
GSE278723,HAUS3,-0.7340581197070837,0.07424958120712558,4.770575025986876e-23
GSE278723,HAUS6,-0.6358618164795506,0.08562782515879576,1.1203389745473946e-13
GSE278723,HBA1,2.7518500790758322,0.5235418374589036,1.4704789754368613e-7
GSE278723,HBA2,3.408282511064367,0.5082756779882611,2.0060986885848278e-11
GSE278723,HBB,1.7068822230271616,0.3169477623285967,7.229418431529379e-8
GSE278723,HBS1L,-0.6690420044473389,0.06976771773796003,8.845789499948225e-22
GSE278723,HCFC1,0.659867010462601,0.08671058201146585,2.741086077901664e-14
GSE278723,HCFC1R1,0.8107203858139346,0.1192594976425597,1.0611651618677311e-11
GSE278723,HCFC2,-0.604077257613089,0.13410935288892778,6.657221021476315e-6
GSE278723,HCK,0.782862747655597,0.3239884541722058,0.01567788164657134
GSE278723,HCN1,-0.7162689398392874,0.2079239116616194,5.713534726098289e-4
GSE278723,HCN2,0.926703340163289,0.09176350931503253,5.590977605801228e-24
GSE278723,HCN3,0.739166524086034,0.23292085202421087,0.0015063027688285858
GSE278723,HCN4,0.744864719393529,0.122603187098738,1.236707583400653e-9
GSE278723,HDAC10,0.5895033984391747,0.10778712416123813,4.522119920910786e-8
GSE278723,HDAC11,0.6421610559902999,0.14081944438575256,5.111144748777482e-6
GSE278723,HDAC2,-0.8270286297463341,0.07343164870119927,2.0082952276940262e-29
GSE278723,HDAC5,0.6172469635264954,0.0740477065017602,7.697513451687419e-17
GSE278723,HDAC8,-0.7072743360873671,0.10611837324235823,2.6474384976086834e-11
GSE278723,HDX,-0.7553716915580352,0.07801774296839496,3.594351281343332e-22
GSE278723,HEATR1,-0.6468302994661854,0.05487486611827668,4.5348690009817196e-32
GSE278723,HEATR4,0.686623667921003,0.16025371818563902,1.830652382834751e-5
GSE278723,HECTD2,-0.8602941075892174,0.08314221404868034,4.306337802667787e-25
GSE278723,HELB,-0.6582513263365061,0.13711692964040373,1.5814606095172965e-6
GSE278723,HELLS,-0.680474964164042,0.10755201621410233,2.5007338468319254e-10
GSE278723,HELQ,-0.595479260586955,0.11787643513266197,4.378392055690106e-7
GSE278723,HELZ2,0.702457820828379,0.31983410325194517,0.028069095689399946
GSE278723,HEMK1,0.8412535309728093,0.24736704139501117,6.718131934074027e-4
GSE278723,HEPACAM,0.8897096645523636,0.1136178068757783,4.850692399278904e-15
GSE278723,HEPH,0.762454308946542,0.19267424031704403,7.582716865357909e-5
GSE278723,HERC3,-0.5890377906502435,0.13619932726214387,1.526553602976984e-5
GSE278723,HERC4,-1.0711087001172233,0.07618319124788851,6.722162424232353e-45
GSE278723,HERPUD1,-0.6432141329711837,0.1092780184070766,3.955729448511538e-9
GSE278723,HES1,0.6454655289470909,0.14314624300022447,6.509292036905789e-6
GSE278723,HES4,0.8869595008922169,0.169554948763025,1.685010480393784e-7
GSE278723,HES5,1.3011155280342264,0.4170717208732853,0.0018106938364909828
GSE278723,HES6,1.02061167877999,0.21840329536962538,2.9674519367014416e-6
GSE278723,HEXB,-0.6577682381129063,0.1526061888601828,1.6308259173449663e-5
GSE278723,HEXIM2,0.8878345252021738,0.13238770370365271,1.9959150523648857e-11
GSE278723,HFM1,-0.8527373213646443,0.1111863786483599,1.7274814171135084e-14
GSE278723,HGF,-0.9119546584271699,0.2705573353058044,7.499048781966345e-4
GSE278723,HGFAC,1.06074137028698,0.4065689522529218,0.00908053013472768
GSE278723,HGH1,0.6388205530585569,0.11148110852299067,1.0025127667578543e-8
GSE278723,HGS,0.6674356176761566,0.056141691935139876,1.3596559449607425e-32
GSE278723,HHAT,0.587374369787873,0.2186744336504497,0.007229840171289825
GSE278723,HHATL,0.7942199352074971,0.13023739805692372,1.072373735289121e-9
GSE278723,HHIP,-0.7557741058587423,0.14263912412244098,1.1675470959679352e-7
GSE278723,HHIPL1,0.8077605347365069,0.10085829713544514,1.1577145173420578e-15
GSE278723,HIBCH,-0.8035211728259753,0.08827254140748314,8.808863998323667e-20
GSE278723,HID1,0.6089987370718286,0.06680754684754417,7.815147230602752e-20
GSE278723,HIF3A,0.7915358392843278,0.13087491850057098,1.4662483569857438e-9
GSE278723,HIGD2A,0.7982430332939638,0.07305681462837228,8.62650206992606e-28
GSE278723,HILPDA,-0.8526181938516596,0.18923524588162677,6.618587477136863e-6
GSE278723,HINT1,0.6832135854824528,0.1258060651523528,5.6136962365212856e-8
GSE278723,HINT2,0.9162444063071691,0.10634665784250237,6.955262066950835e-18
GSE278723,HINT3,-0.6226155213217319,0.1180606538001567,1.3370625645585867e-7
GSE278723,HIP1R,0.6666349959404166,0.11374413362167937,4.605601383731405e-9
GSE278723,HIRIP3,0.6796926776972919,0.08227121956893513,1.4372138919965406e-16
GSE278723,HIST1H1C,0.8539191873323967,0.11440185284901831,8.380234380691539e-14
GSE278723,HIST1H1E,0.7698636607442362,0.11361348274184975,1.234080694107256e-11
GSE278723,HIST1H2BD,0.6217131962338882,0.18994339804606844,0.0010635609262959842
GSE278723,HIST1H2BE,0.60879653497211,0.21108657527151173,0.003925237883275817
GSE278723,HIST1H2BF,0.8236673877183811,0.16324825934290826,4.5236160272685654e-7
GSE278723,HIST1H2BK,1.1936506817893442,0.11866726067762781,8.401298375567536e-24
GSE278723,HIST1H2BN,0.615638905408627,0.2985940949448588,0.0392275464927379
GSE278723,HIST1H3A,0.781252645157008,0.3148223994729758,0.013080638760045381
GSE278723,HIST1H3D,1.077091201589186,0.1218963331667334,9.90961534416367e-19
GSE278723,HIST1H4B,1.893944204501118,0.15405673012366547,9.778592812812152e-35
GSE278723,HIST1H4C,1.4631840867362285,0.1025943488949469,3.783510375271236e-46
GSE278723,HIST1H4D,0.6671604092120691,0.10784674838530785,6.163595696540492e-10
GSE278723,HIST1H4E,1.058505625413161,0.12384072909950773,1.2598584892081397e-17
GSE278723,HIST1H4F,1.1856470956389777,0.2187561739793508,5.961636129405209e-8
GSE278723,HIST1H4H,0.7387816279250398,0.1230576829129549,1.9306208168775706e-09
GSE278723,HIST1H4J,1.9518240306004377,0.1521059253256793,1.0851864957371636e-37
GSE278723,HIST1H4K,1.5973072719164672,0.16993586880099984,5.483807581658898e-21
GSE278723,HIST2H2AA3,0.9854564382464408,0.12973339205823192,3.0539557787604186e-14
GSE278723,HIST2H2AA4,1.2822324528673665,0.09972389923757292,7.773315609279252e-38
GSE278723,HIST2H2AB,1.1389649628069014,0.1026294483236977,1.2851547119662332e-28
GSE278723,HIST2H2AC,0.8051391944334163,0.09314849984411121,5.446480135701888e-18
GSE278723,HIST2H2BE,0.8910146618152204,0.11716764414388368,2.857563376901584e-14
GSE278723,HIST2H2BF,0.7679086691986601,0.16607705453115526,3.7675582517470754e-6
GSE278723,HIST2H4B,0.7129955694848729,0.20137077123654298,3.990514322211057e-4
GSE278723,HIST3H2A,0.7019214100473782,0.15637030468135565,7.161177410105371e-6
GSE278723,HIST3H2BB,0.9278450280853365,0.14318951931802604,9.182055844826228e-11
GSE278723,HIST4H4,0.678991292875678,0.3049409304259416,0.025971865516632855
GSE278723,HK3,0.9871165685425439,0.44319969169124934,0.025930561827470916
GSE278723,HLA-A,0.649865967958397,0.21558033758631381,0.002574069885713872
GSE278723,HLA-C,0.67571060673333,0.260526706907387,0.009496786095241593
GSE278723,HLA-DMA,0.8508827880589875,0.22144452029368558,1.2182727671138275e-4
GSE278723,HLA-DMB,0.93160825988377,0.34733141846473103,0.007314228155728675
GSE278723,HLA-DOA,1.3570309500627302,0.40663776178589767,8.462746791139943e-4
GSE278723,HLA-DPA1,1.12858488589999,0.428051273029552,0.008375022157326521
GSE278723,HLA-DRB1,1.5502228366341744,0.4641911120140167,8.389250183087473e-4
GSE278723,HLA-E,0.7383882210829025,0.17060675079196058,1.5046064768481505e-5
GSE278723,HLTF,-0.6515630777804375,0.06403908649768757,2.578279623158727e-24
GSE278723,HMBS,0.592348998516577,0.20704175058346813,0.004222906456953491
GSE278723,HMG20B,0.8079452325577884,0.09487817217475508,1.657198652626502e-17
GSE278723,HMGA1,0.60580695855813,0.21508707596739537,0.004854005921246316
GSE278723,HMGB2,0.6528030246600771,0.08936776523966675,2.779251318582126e-13
GSE278723,HMGCLL1,-0.60037499496645,0.19224863122432295,0.0017907306045410265
GSE278723,HMGCR,-0.7306236987218976,0.20211260542714543,3.004243220820488e-4
GSE278723,HMGCS1,-0.627555866135785,0.22202984026117267,0.0047067340161706505
GSE278723,HMGN1,-0.9328768094867887,0.07372340373810346,1.0667277446862945e-36
GSE278723,HMGN5,-0.823601784093006,0.0835856719164844,6.627370968851725e-23
GSE278723,HMHA1,0.9199693420326692,0.11114362486708343,1.2599745248511887e-16
GSE278723,HMP19,-0.838643273323929,0.27003408008857527,0.0018983292921413498
GSE278723,HN1L,1.01009591200147,0.45701212804089564,0.027090115198073635
GSE278723,HNRNPA3,-2.060469500203684,0.23399918833759117,1.3032193396634598e-18
GSE278723,HNRNPC,-0.5998843691505312,0.09847802179398432,1.1181856499458216e-9
GSE278723,HNRNPDL,-0.6580990671521718,0.09228341898140663,9.94384881925637e-13
GSE278723,HNRNPH1,-0.9554902380702548,0.05207388062051343,3.378397026784014e-75
GSE278723,HNRNPH2,-1.20924364005685,0.5372618424429774,0.0244011933712649
GSE278723,HNRNPH3,-0.6894625241841119,0.07934544039540689,3.644292081912321e-18
GSE278723,HNRNPLL,-0.6097086695170063,0.13469016486348173,5.989780173885826e-6
GSE278723,HOGA1,0.7743692762620307,0.14353886539837366,6.858447091024295e-8
GSE278723,HOMER1,-0.850162997447819,0.2018248013285321,2.526926311449027e-5
GSE278723,HOMER3,0.7583224189907019,0.08407814641237378,1.8936909484047463e-19
GSE278723,HOOK1,-0.7668279453491975,0.2393699049559037,0.001357553260719916
GSE278723,HOOK3,-0.7100809320297624,0.06783183807410166,1.2085102598827394e-25
GSE278723,HPCAL1,0.6032110733712518,0.10661181270427508,1.5313511092901813e-8
GSE278723,HPN,0.877250551329823,0.29820339910363725,0.0032632546972145024
GSE278723,HPRT1,-0.8048490847232506,0.18646902406879737,1.5869391067214083e-5
GSE278723,HPS5,-0.635069108630773,0.12234506355243586,2.093892067378114e-7
GSE278723,HPS6,0.6706188037943024,0.07660753562995894,2.0600602411921404e-18
GSE278723,HR,0.7197209808398497,0.12054724286588417,2.366037596559002e-9
GSE278723,HRAS,0.7442029600496999,0.08321643278203993,3.7881159858613295e-19
GSE278723,HRH3,1.0454653155018625,0.14655045690537366,9.761741811910867e-13
GSE278723,HS3ST2,0.9224515229015511,0.2773932118261294,8.828247700802888e-4
GSE278723,HS3ST4,0.8238046324570634,0.2077969169743602,7.355921281802464e-5
GSE278723,HS6ST1,0.665493755256348,0.18427795767016453,3.0459734734995727e-4
GSE278723,HSD11B1L,0.7884275699282115,0.08238933830822161,1.073886594177811e-21
GSE278723,HSD17B10,0.9032331714872645,0.07583923030955964,1.0517767820048583e-32
GSE278723,HSD17B11,-0.665556473610454,0.20744261788319215,0.0013348113574231568
GSE278723,HSD17B12,-0.7047987015503454,0.11825057514795252,2.5190823940118058e-9
GSE278723,HSD17B14,0.7124309078737636,0.12734473313314965,2.2125047547324348e-8
GSE278723,HSD17B4,-0.5973489570864438,0.10661161525077939,2.106267331627811e-8
GSE278723,HSD17B7,-0.6243204381680706,0.14141663723580505,1.0112236295663242e-5
GSE278723,HSD17B8,1.1110906847254085,0.1790928052359387,5.504789395261943e-10
GSE278723,HSD3B7,0.685329515464149,0.25621880108845596,0.007477778908650461
GSE278723,HSF1,0.7036114145763098,0.07911518720501892,5.921031238176417e-19
GSE278723,HSFX1,0.6639163140109031,0.14130391659034092,2.620804433525425e-6
GSE278723,HSP90AA1,-0.958002569283537,0.12201487318431892,4.11015484425382e-15
GSE278723,HSP90B1,-0.7792083003773127,0.09755058937423859,1.3743999751353179e-15
GSE278723,HSPA13,-0.8587855386366673,0.10368770206044564,1.2069272366167563e-16
GSE278723,HSPA4,-0.6146544132190932,0.14310889606051053,1.7468395721563746e-5
GSE278723,HSPA4L,-0.9274670087122394,0.18882931499675204,9.030461002936317e-7
GSE278723,HSPA5,-0.6253334024583944,0.15873647248284795,8.167075147660285e-5
GSE278723,HSPB1,0.9687190733260053,0.11987781543610822,6.42974002773561e-16
GSE278723,HSPB11,-0.9508105998884004,0.09999962911308671,1.9409956817043074e-21
GSE278723,HSPB2,1.004939881126571,0.10950906292493601,4.4420078678611236e-20
GSE278723,HSPB6,1.3939028953086023,0.15046381481636298,1.968388382167302e-20
GSE278723,HSPB8,0.877193225208568,0.1714876673434545,3.1341344996485456e-7
GSE278723,HSPBAP1,-0.6721907774841802,0.12284197729320177,4.4499551188587e-8
GSE278723,HSPBP1,0.6521635864783606,0.07312280997693943,4.716082258705574e-19
GSE278723,HSPG2,0.582676413555664,0.28389192201334806,0.04012511565015055
GSE278723,HSPH1,-0.820367032956078,0.3412818311793686,0.016226458145453863
GSE278723,HTATIP2,-0.7226851222961226,0.13190732690091536,4.2838042223793254e-8
GSE278723,HTR1A,0.833780700642378,0.25925434110637086,0.0012995809461489244
GSE278723,HTR1F,-1.4547166381315444,0.21833853244502374,2.689049727483906e-11
GSE278723,HTR2A,-0.663956489256356,0.2688435080729485,0.01352352935333089
GSE278723,HTR6,1.06953662087228,0.29635026859560837,3.0734562443544464e-4
GSE278723,HTR7,0.933377955264182,0.419305916846592,0.026013704683668478
GSE278723,HVCN1,0.767909249304981,0.2536107801573965,0.0024625581019834188
GSE278723,HYAL3,0.763996620355097,0.31513223339759827,0.015335041283747226
GSE278723,HYI,0.915927444829801,0.23210491090475255,7.94083729628367e-5
GSE278723,HYKK,-0.807046472132735,0.2517923403622972,0.0013496556517638334
GSE278723,IARS,-0.610702933526148,0.1916945718967071,0.0014434819324446004
GSE278723,IBTK,-0.738920763701137,0.056760963057098754,9.652392858055778e-39
GSE278723,ICA1L,-0.6583862929260461,0.14764570885356104,8.225430969704365e-6
GSE278723,ICAM3,0.7619020387509602,0.13223266517527582,8.3207151893677e-9
GSE278723,ICAM5,1.1706482758423873,0.11858726201705848,5.526526641220542e-23
GSE278723,ICE2,-1.0312244363802021,0.06103576398874497,4.8629745754347944e-64
GSE278723,ICK,-0.6614745495193558,0.0982503047054185,1.667213614386605e-11
GSE278723,ICT1,0.607844209264406,0.17244602069547768,4.2374256283933255e-4
GSE278723,ID1,0.8122688717890197,0.14740637474709117,3.580083403118738e-8
GSE278723,ID3,0.8098015619369019,0.09561786866909305,2.4720151706310574e-17
GSE278723,ID4,0.673879727299677,0.1784171169622951,1.587348854550125e-4
GSE278723,IDE,-0.627873169178818,0.12503891470507036,5.12903064049708e-7
GSE278723,IDH1,-0.625211732511637,0.1616085319814088,1.094260377516089e-4
GSE278723,IDH3A,-0.609532659720657,0.1503330837564404,5.0231399092638915e-5
GSE278723,IDH3G,0.7711336564545695,0.08198629401590858,5.171397223032808e-21
GSE278723,IDI1,-0.624212368121034,0.1936949772380189,0.0012700778405343716
GSE278723,IDUA,0.88252317815827,0.10713928546456906,1.7635013709805897e-16
GSE278723,IER2,0.6146274134564877,0.1287328137189959,1.8020578457223458e-6
GSE278723,IER5L,0.596791738118406,0.2526392925248723,0.018165441551182892
GSE278723,IFI27L1,0.939638203431799,0.33449311115470665,0.00496739361160306
GSE278723,IFI27L2,1.108736835210155,0.07009017204950052,2.3114266403808144e-56
GSE278723,IFI6,0.9982210853489093,0.13380875779211976,8.648444398053659e-14
GSE278723,IFIT2,-0.596748269352572,0.15596658146209705,1.3017406224827242e-4
GSE278723,IFIT5,-0.6778586613825545,0.08440524272805977,9.667988733024238e-16
GSE278723,IFITM1,1.1057585793116596,0.33291205799289575,8.954348429085761e-4
GSE278723,IFITM10,0.787568097910435,0.11441867255689663,5.851741542991582e-12
GSE278723,IFITM2,0.7371664868383655,0.16676408760273032,9.851149551112406e-6
GSE278723,IFITM3,0.8193816474463385,0.1313848529719763,4.474690561836701e-10
GSE278723,IFNAR1,-0.6875764209520625,0.0657196415977337,1.2873837591443665e-25
GSE278723,IFNAR2,-0.676505884044525,0.15761706739605416,1.770029921734509e-5
GSE278723,IFNGR1,-0.5971816820257728,0.11291085071778705,1.2300956389796524e-7
GSE278723,IFNLR1,0.747884613006469,0.32401323929284886,0.020988486326213345
GSE278723,IFRD1,-0.6624562695088009,0.09811573318473528,1.460378554587443e-11
GSE278723,IFRD2,0.6584209165763545,0.11842651341600179,2.7017300571716752e-8
GSE278723,IFT80,-1.0525389730392032,0.08050891949110912,4.6625119228224194e-39
GSE278723,IFT81,-0.6157462469385081,0.11455233080160085,7.648082820886068e-8
GSE278723,IFT88,-0.8326213454581679,0.07139106505246924,1.9738785909848797e-31
GSE278723,IGDCC3,0.6789746685163762,0.10335579521344995,5.0554173158808126e-11
GSE278723,IGDCC4,0.6837135965436174,0.1757240677731762,9.989928007397095e-5
GSE278723,IGF1,-1.4143318060301702,0.39700806409518397,3.673731294655393e-4
GSE278723,IGFBP7,0.613738422739426,0.2366270123003409,0.009495053271172992
GSE278723,IGIP,-0.6438658060822103,0.11963227821322436,7.364605347788212e-8
GSE278723,IGLON5,0.7498319539950612,0.08375907600223866,3.483178651710709e-19
GSE278723,IGSF21,0.9411628351839644,0.07299209765419683,4.862974791692584e-38
GSE278723,IGSF3,0.711363560753417,0.3208360909531136,0.026608197109098022
GSE278723,IGSF9B,0.713619729637319,0.15943281991886948,7.6057995557306585e-6
GSE278723,IKBIP,-0.9279615561884276,0.09506516167807753,1.6499194908074746e-22
GSE278723,IKBKE,0.781574963715645,0.23741853084259593,9.948780253077637e-4
GSE278723,IKBKG,0.598640072911533,0.16194017407139272,2.1844233567730218e-4
GSE278723,IKZF2,-0.7850216738144192,0.14043008617288383,2.2690678322974918e-8
GSE278723,IL10RA,0.8788377011036309,0.32962062079746807,0.007671182335349293
GSE278723,IL11RA,0.64898975287943,0.14771253081482622,1.114889476626267e-5
GSE278723,IL12RB1,0.7871108789496065,0.19371002907146784,4.8374234055802695e-5
GSE278723,IL17D,0.8270413330656784,0.1696964602415373,1.0955442610147855e-6
GSE278723,IL17RC,0.7399582138765544,0.1317127785751845,1.932159439774747e-8
GSE278723,IL18,-0.7688258882505785,0.25446573310010795,0.0025166386076364085
GSE278723,IL18R1,-0.8141079222231432,0.22582808138969943,3.1216522978634917e-4
GSE278723,IL1R1,-0.7312578964731039,0.19659627081251493,1.9954493380496173e-4
GSE278723,IL1RAP,-0.8292870149764251,0.11161077583347874,1.0845836693533582e-13
GSE278723,IL1RAPL1,-0.6651305431902489,0.13274953359215136,5.431216962422425e-7
GSE278723,IL1RL1,-1.22582590957336,0.5763385967193522,0.033426756539778765
GSE278723,IL20RA,0.6573866960542779,0.2792311652059464,0.018558921060784116
GSE278723,IL33,-0.7473193692168106,0.16205727072540552,3.99865475275859e-6
GSE278723,IL34,0.6676516850476766,0.13392447993278322,6.187058286411781e-7
GSE278723,IL6ST,-0.72007414571083,0.09062537687780038,1.9323327720094475e-15
GSE278723,ILDR2,-0.624484564590051,0.28070301262606523,0.026100290060208604
GSE278723,ILVBL,0.7458682486980935,0.05771660013760725,3.341194393596741e-38
GSE278723,IMMP1L,-0.7580155662533066,0.13152912715927995,8.258263128383807e-9
GSE278723,IMP3,0.8937666443061497,0.11341051052539135,3.2526652807424354e-15
GSE278723,IMPA1,-0.7081705408890138,0.11869518679567224,2.4270080514884504e-9
GSE278723,IMPAD1,-0.8263352444735361,0.07127822166635166,4.466906217567461e-31
GSE278723,IMPDH1,0.683262068215889,0.10597372158627688,1.1373495775984742e-10
GSE278723,IMPG2,-0.8232612674643313,0.13539402506320192,1.1981995366638955e-9
GSE278723,INAFM1,0.9662323035599066,0.07622369775579381,8.00497878999521e-37
GSE278723,INCENP,0.7107704840479875,0.065605103291964,2.3735695128091668e-27
GSE278723,INF2,0.6277504184685169,0.13072279786789182,1.5697142403192638e-6
GSE278723,INHA,0.979436413777096,0.20260903157600366,1.337357606573738e-6
GSE278723,INHBB,0.7433056390077984,0.09585004177744164,8.842656553472553e-15
GSE278723,INIP,-0.6677223930467264,0.06717048531719157,2.768435829810687e-23
GSE278723,INO80B,0.767747013596957,0.21085735528426558,2.7150418092306916e-4
GSE278723,INPP1,-0.7124666808136951,0.09171368967791828,7.949703322418618e-15
GSE278723,INPP5D,0.8093942288318469,0.18714775779417728,1.5260517233908766e-5
GSE278723,INPP5E,0.6995919420576054,0.07347685825992281,1.7109922946473874e-21
GSE278723,INPP5F,-0.7522285069032519,0.15564915968806847,1.3459452129456439e-6
GSE278723,INPP5J,0.702600391516273,0.11812557469764559,2.715863760716427e-9
GSE278723,INPPL1,0.661303431712903,0.18446626892290166,3.371352194564918e-4
GSE278723,INSIG1,-0.840022629063658,0.3106517270607468,0.006849677811614042
GSE278723,INSIG2,-0.9463546457928657,0.20910068761652198,6.015827196981544e-6
GSE278723,INSM1,0.744063288220522,0.19369535307020208,1.2232953235850327e-4
GSE278723,INTS1,1.0125893652720515,0.07257969131619724,3.0842664887736355e-44
GSE278723,INTS2,-0.617015159817842,0.11093450280802769,2.66735361576028e-8
GSE278723,INTS5,0.7473549718242248,0.10424430812675127,7.540199549057769e-13
GSE278723,INTS6,-0.8702927772243173,0.059479268942233425,1.7589229017687168e-48
GSE278723,INTS7,-0.7314804853364331,0.06677314273469435,6.307934890793524e-28
GSE278723,INTS8,-0.8261082798495152,0.05310019557613821,1.4143687530099124e-54
GSE278723,IPCEF1,-0.9178219650211022,0.153079620171181,2.0259050923338644e-9
GSE278723,IPMK,-0.7566488647240376,0.07112299319008582,1.97074299433875e-26
GSE278723,IPO11,-0.6717271118884921,0.12018958564706912,2.2851756356609808e-8
GSE278723,IPO13,0.6614556009746598,0.08620544922491033,1.6800141488204947e-14
GSE278723,IPO4,1.37584022504009,0.3689458998557633,1.9215647484243533e-4
GSE278723,IPO7,-0.6459687384226125,0.08413301810744564,1.6166007622664105e-14
GSE278723,IQCA1,0.626220652860916,0.24786069978325834,0.0115204601279372
GSE278723,IQCD,0.8643173013480041,0.3938301172382341,0.0281890722189156
GSE278723,IQCE,0.6893209883018567,0.1047470200567533,4.678696177241563e-11
GSE278723,IQCJ,-0.7583593936749898,0.17323444531907037,1.1996698868209826e-5
GSE278723,IQSEC1,0.606734439844901,0.14321447364580528,2.2698631004256887e-5
GSE278723,IQSEC2,0.6509661925648743,0.10172722790808231,1.562603650206938e-10
GSE278723,IQSEC3,0.7313350539011986,0.15459458501344367,2.237865394396928e-6
GSE278723,IQUB,-0.631237818420166,0.21384152531789577,0.003158298815737755
GSE278723,IRAK1,0.8406668500975296,0.09864714828541067,1.568783441814922e-17
GSE278723,IRAK1BP1,-0.8445002337735881,0.11312328810185351,8.310473156047957e-14
GSE278723,IRAK3,-0.8029822999041868,0.1263389232337858,2.07372724906715e-10
GSE278723,IRAK4,-0.731407388140025,0.19757466536943402,2.139664798525328e-4
GSE278723,IREB2,-0.7683048433353092,0.05784570721396291,2.9454896379926823e-40
GSE278723,IRF2BP1,0.7652234080675125,0.0595120519994319,7.726399038258168e-38
GSE278723,IRF2BPL,0.8436673074697846,0.06639448194260945,5.41460258948339e-37
GSE278723,IRS2,0.6828450281205322,0.06177621546447667,2.1076958559573493e-28
GSE278723,IRX1,1.2288710536788259,0.30436794310208015,5.403482582734299e-5
GSE278723,ISG15,1.0531016117342198,0.1495028465902232,1.8676620255690794e-12
GSE278723,ISLR,1.1536184643604002,0.21590227379571653,9.129788652241613e-8
GSE278723,ISLR2,1.08959898762358,0.4591658396585595,0.01764442516784443
GSE278723,ISOC2,0.6490857934017749,0.05914938743774067,5.115369171861993e-28
GSE278723,ITCH,-0.594684179095891,0.12485217749836015,1.9063545776295769e-6
GSE278723,ITFG1,-0.6757687239780334,0.1744818358942976,1.0750237715263619e-4
GSE278723,ITGA1,-0.7618745010502562,0.12133151031652394,3.401449831409758e-10
GSE278723,ITGA10,-0.7722999700099292,0.13117505496301982,3.919576358414468e-9
GSE278723,ITGA2,-0.9318715979160538,0.15251423949879755,9.959187472439351e-10
GSE278723,ITGA4,-1.127537951340937,0.1934540027899246,5.5942874730333654e-9
GSE278723,ITGA7,0.667224425003305,0.132334701265464,4.608212105127924e-7
GSE278723,ITGA8,-0.670259707707466,0.26673286614839237,0.011976021175607024
GSE278723,ITGAM,0.7971431921187272,0.12609792609455783,2.5883498412265394e-10
GSE278723,ITGAV,-0.6283287846610236,0.12132281877148808,2.2309910498122026e-7
GSE278723,ITGAX,0.9929847395883235,0.19550762721651255,3.79411380474227e-7
GSE278723,ITGB1,-0.6512872221876541,0.09822040562519996,3.3370297294669064e-11
GSE278723,ITGB2,0.8187020252435597,0.18149918999376746,6.459117689377409e-6
GSE278723,ITGB3BP,-0.7865401804795921,0.09245588202224837,1.7819231405479997e-17
GSE278723,ITGB4,1.1040378673014413,0.1266854274259281,2.9127840977134082e-18
GSE278723,ITGB5,0.703234899900565,0.24015082701706608,0.0034081539223317528
GSE278723,ITM2C,0.6115623418485944,0.13009570678271884,2.590618731784353e-6
GSE278723,ITPK1,0.7229206474919772,0.0974208687963104,1.165968270084015e-13
GSE278723,ITPKA,0.9492964679427288,0.13416616253775746,1.4888056889533042e-12
GSE278723,ITSN2,-0.586812192645483,0.12177218595484594,1.4432689521630355e-6
GSE278723,IVNS1ABP,-0.7049253471572688,0.09110496864158989,1.0138497473078799e-14
GSE278723,IZUMO4,0.7320372135422061,0.10276811484097119,1.054542626811098e-12
GSE278723,JAG1,-0.6490163601586475,0.17015096066818955,1.365384508091192e-4
GSE278723,JAG2,0.6350283666635148,0.11366718621076878,2.3137932733437058e-8
GSE278723,JAK2,-0.6856303066630082,0.05560498329937777,6.21566340847279e-35
GSE278723,JAKMIP1,0.7342712133395985,0.13886638559437808,1.239252099065206e-7
GSE278723,JKAMP,-0.716393307890863,0.21376507195727032,8.042982369483256e-4
GSE278723,JMJD4,0.968137477920799,0.253719246717215,1.3575200796831272e-4
GSE278723,JMJD7,1.01199639996828,0.46150886768029553,0.028321830228385577
GSE278723,JMJD8,0.8135184891074548,0.07745977661004846,8.415460243157462e-26
GSE278723,JOSD2,0.9797667610082427,0.09886103293188277,3.745954326379749e-23
GSE278723,JPH2,0.877473020256294,0.35907491522377,0.014537324287108735
GSE278723,JPH3,0.644983726034165,0.17128357474273406,1.6615621940986702e-4
GSE278723,JPH4,0.857166869422669,0.11530460928634548,1.0541448459174792e-13
GSE278723,JRKL,-0.6836866167317365,0.059483899679013234,1.4199740647457082e-30
GSE278723,JTB,0.7093927466339777,0.09850023294054358,5.936190827787326e-13
GSE278723,JUN,0.604939549794309,0.28070165290353255,0.031154172047781363
GSE278723,JUNB,0.870387565758862,0.3641985059416528,0.016854276659471285
GSE278723,JUND,0.9416188739165098,0.09737440118523508,4.0403677683134638e-22
GSE278723,JUP,0.8406972539322562,0.08883957778155731,2.9896412499182156e-21
GSE278723,KANK3,0.6051507268967319,0.26468901447670345,0.02223842943113865
GSE278723,KANSL1L,-0.7214637364864952,0.06925723403349773,2.070419103050092e-25
GSE278723,KAT5,0.598653289823871,0.11479830871562045,1.8398912618017256e-7
GSE278723,KATNAL1,-0.674092094701362,0.06645715204463538,3.550532841377169e-24
GSE278723,KATNB1,0.7837542069776035,0.05397011095312331,8.790137354945938e-48
GSE278723,KATNBL1,-0.8605084869102219,0.06731110817695658,2.013108556992692e-37
GSE278723,KAZALD1,0.7401468839561,0.271492730650553,0.006406573202874469
GSE278723,KBTBD2,-0.6540314309753068,0.09375714287545411,3.0412697308784e-12
GSE278723,KBTBD3,-0.8991067281084651,0.08553421384359974,7.633640677595319e-26
GSE278723,KBTBD8,-0.6944040815928736,0.2019468204785179,5.848402134278175e-4
GSE278723,KCNA4,-0.881181892390028,0.41769377897977417,0.03488970876466715
GSE278723,KCNA5,0.627806503264548,0.20816949313970493,0.002562659345655048
GSE278723,KCNA6,0.926670288638178,0.3114099803942932,0.002922973791849632
GSE278723,KCNAB2,1.1622533180529024,0.23684019894821456,9.232401394783957e-7
GSE278723,KCNC1,0.7228777384631189,0.15749881365361318,4.438101566105429e-6
GSE278723,KCNC3,0.72381937661754,0.12342792594446027,4.510095599046608e-9
GSE278723,KCND1,0.72331034592902,0.23088709119719922,0.001731799153426441
GSE278723,KCNF1,0.7810565909706744,0.10062457926904639,8.354402909120448e-15
GSE278723,KCNG1,0.6955348704730908,0.10562254332830814,4.545833726854868e-11
GSE278723,KCNG2,1.5788313685831776,0.20830935938396478,3.475240644941144e-14
GSE278723,KCNH2,1.1613840492514578,0.06903438680214294,1.648089062227613e-63
GSE278723,KCNH3,0.9773348407575345,0.10545198123920614,1.8956981553114415e-20
GSE278723,KCNH4,0.76340249231409,0.3028082372661925,0.011699667554854848
GSE278723,KCNH5,-0.8015642818981932,0.1777431412793154,6.492618768933306e-6
GSE278723,KCNJ11,0.9513527258667599,0.12452622286735456,2.175962162174951e-14
GSE278723,KCNJ2,-0.6779462113497077,0.0934342647829367,3.9910931382481786e-13
GSE278723,KCNJ4,1.0037072687964683,0.12079224685775299,9.6212859082489e-17
GSE278723,KCNJ6,-0.772437506691803,0.35061919376863854,0.027590040487989548
GSE278723,KCNK10,-0.590191693447527,0.2261684424230219,0.009066861983950755
GSE278723,KCNK12,0.7910815708702136,0.10618970055822521,9.35516593985899e-14
GSE278723,KCNK2,-0.704929559555165,0.23742390154929569,0.00298696908797548
GSE278723,KCNK3,0.6705022121423518,0.13862138462276719,1.3185850720423989e-6
GSE278723,KCNK4,0.9214981773820334,0.18284255982175332,4.6590881140044086e-7
GSE278723,KCNK9,0.856879125966726,0.34847518733967214,0.013934840678816205
GSE278723,KCNMB2,-0.6414051135202886,0.1761495742780955,2.7131466171841074e-4
GSE278723,KCNMB3,-0.9143418106637491,0.0924925669505137,4.808340786569176e-23
GSE278723,KCNN1,0.9151918044524543,0.11952805627263058,1.9075497065965842e-14
GSE278723,KCNQ1,1.1417545961043796,0.1271556967642887,2.727783924296107e-19
GSE278723,KCNQ2,0.7170460016988152,0.102755811782236,2.9908118275114537e-12
GSE278723,KCNQ4,0.9122657792666984,0.146560158136722,4.830505278459703e-10
GSE278723,KCNQ5,0.6777727279714,0.2780536112672042,0.014786706055032687
GSE278723,KCNS1,0.985446649614291,0.4149456934257034,0.01755460798531787
GSE278723,KCNT1,0.9347024663936848,0.202719886996091,4.011069726207002e-6
GSE278723,KCNT2,-0.7928239911522578,0.10884442747460892,3.240389255452259e-13
GSE278723,KCTD12,-0.583819520594508,0.19882210350458823,0.003320550336621468
GSE278723,KCTD16,-0.9518623701989544,0.23550991823941675,5.306323592982504e-5
GSE278723,KCTD17,0.6811162494799725,0.07734037947612546,1.288434782835003e-18
GSE278723,KCTD2,0.680091422791503,0.1683463046372354,5.3488642916051296e-5
GSE278723,KCTD4,-0.8407712988670082,0.2829509579315215,0.0029640847549564416
GSE278723,KCTD6,-0.8624113959043527,0.1860867457274624,3.5787212897507204e-6
GSE278723,KCTD9,-0.7488788691971746,0.064835438396069,7.3429918731585255e-31
GSE278723,KDELC1,-0.640018746025358,0.1775693148069608,3.129569225298369e-4
GSE278723,KDELC2,-0.74141986535932,0.18072861212639535,4.088982632848045e-5
GSE278723,KDM4B,0.5975407655182973,0.08963833267620941,2.6263690437469863e-11
GSE278723,KDM5C,0.597547543367592,0.14679915711847524,4.6910181436291965e-5
GSE278723,KDM6B,0.764014178198871,0.21572832892095067,3.9777287178403473e-4
GSE278723,KDM7A,-0.6375577605090471,0.06770451614194435,4.651839852915233e-21
GSE278723,KDM8,0.729254483022402,0.17435876284751703,2.883286033238839e-5
GSE278723,KDSR,-0.589321324546846,0.15813167761853472,1.9394475682075368e-4
GSE278723,KEAP1,0.7542933869916238,0.09006816047550473,5.536700258736515e-17
GSE278723,KHDC1,0.7129584039964497,0.15035072293183166,2.116514559278065e-6
GSE278723,KHDRBS2,0.7562562855964523,0.20434778534609493,2.1489594743931588e-4
GSE278723,KHK,0.6963849854653572,0.090725958891160155,1.6452138700162498e-14
GSE278723,KIAA0040,-0.7792272620357745,0.13321865104586034,4.938375081558657e-9
GSE278723,KIAA0408,-0.8110537190882003,0.09450224664866552,9.293409670225661e-18
GSE278723,KIAA0825,-0.6629294128524367,0.11471202631779415,7.511240320494509e-9
GSE278723,KIAA0895,-0.672789626918488,0.21918504734823716,0.0021441372440846027
GSE278723,KIAA0930,0.6520777977216885,0.1391960110816279,2.8050557666056217e-6
GSE278723,KIAA1033,-0.9096485407730017,0.06551429912685243,7.83921184519535e-44
GSE278723,KIAA1147,-0.60004963014982,0.1762670647851535,6.635637184440403e-4
GSE278723,KIAA1161,0.585409030108847,0.2741978222850182,0.0327619993013212
GSE278723,KIAA1211,0.7102725683408492,0.10926073203124209,7.994066490747309e-11
GSE278723,KIAA1211L,0.7913219345224978,0.13383346202717183,3.364711578406231e-9
GSE278723,KIAA1217,0.704868402294892,0.2513254210607958,0.005037835686702726
GSE278723,KIAA1324L,-0.640465161366985,0.07444673539019764,7.765991400741126e-18
GSE278723,KIAA1456,-0.9028906528234836,0.12275803168342153,1.9086506927334982e-13
GSE278723,KIAA1522,0.6148671073540061,0.12285076838263735,5.58643642760973e-7
GSE278723,KIAA1551,-0.8550487086955098,0.20450853006166758,2.902389496634722e-5
GSE278723,KIAA1586,-1.066816911849225,0.19575091862462204,5.040686466146366e-8
GSE278723,KIAA1715,-0.8110621921616926,0.07013731354623062,6.277712326456343e-31
GSE278723,KIAA1755,0.616350752401539,0.2945342596170107,0.03638234055279248
GSE278723,KIAA1841,-0.7008824466644864,0.07695459139940522,8.4115492576787e-20
GSE278723,KIAA1919,-0.6985106644924248,0.1091641927366242,1.566889897964607e-10
GSE278723,KIAA2012,0.714772022266685,0.3171906705599793,0.024231046982984106
GSE278723,KIAA2013,0.8760278052558991,0.06137902977526616,3.250592885650392e-46
GSE278723,KIAA2022,-0.751139508629567,0.2965944023673461,0.01132369214244183
GSE278723,KIF11,-1.09598862387017,0.2676767290499454,4.231741711873781e-5
GSE278723,KIF17,0.6341907905865748,0.09064837775392319,2.6306820729639234e-12
GSE278723,KIF19,1.0356007286073272,0.19552787973190797,1.1808526920267164e-7
GSE278723,KIF1A,0.6324405325284999,0.10107697115619854,3.9240553438422344e-10
GSE278723,KIF20B,-0.8302420746471065,0.09396374342887814,9.94106551487096e-19
GSE278723,KIF21B,0.685206274157647,0.21384711727051797,0.0013544420665746982
GSE278723,KIF26A,0.723940266777512,0.3463186311150651,0.03658297134191888
GSE278723,KIF26B,0.7649805093430199,0.30722477090608463,0.01277538239418181
GSE278723,KIF2A,-0.640780161537688,0.14223863411417884,6.638367810114142e-6
GSE278723,KIF3A,-0.658357951231036,0.1281787521609266,2.802766782851396e-7
GSE278723,KIF5B,-0.7744351933556655,0.11086603127701117,2.8419852737723563e-12
GSE278723,KIF5C,-0.6327128743103875,0.09665575672669113,5.90810251411824e-11
GSE278723,KIF7,0.8810543266566625,0.09459584238879522,1.2324589769004919e-20
GSE278723,KIFAP3,-0.5917600581711414,0.15320939211642626,1.1226622159020315e-4
GSE278723,KIFC2,0.6731228160294712,0.11880783055883501,1.464737584594806e-8
GSE278723,KIFC3,0.603251830547702,0.1353940671743639,8.368762544438692e-6
GSE278723,KIN,-0.6417033956638348,0.07005790263789123,5.2082936632247795e-20
GSE278723,KIRREL3,0.9745266569506642,0.09890710326401535,6.656166215541447e-23
GSE278723,KIT,-0.8727569279563777,0.2745298173433647,0.0014773462635945275
GSE278723,KITLG,-0.9606681087365061,0.10769589193872786,4.654775915648472e-19
GSE278723,KLC2,0.592195807634697,0.1810244777599573,0.001070324622251917
GSE278723,KLF15,0.638915182760556,0.2324270542630846,0.005979840964459207
GSE278723,KLF16,0.7017240899127626,0.15006928836263367,2.9252367876254323e-6
GSE278723,KLF2,1.022189289192714,0.2033085399037468,4.962074798462711e-7
GSE278723,KLF8,-0.6963172579415401,0.11366249675256435,9.00122609537701e-10
GSE278723,KLHDC1,-0.9155629070619837,0.10011332859348876,5.948391457222455e-20
GSE278723,KLHDC8B,0.6478998619957655,0.08504992389648233,2.578817824945393e-14
GSE278723,KLHDC9,0.623820334062897,0.1605284129932427,1.0189141797443503e-4
GSE278723,KLHL15,-0.6440024012857003,0.09286901166825319,4.075908668701657e-12
GSE278723,KLHL17,0.6687267769962679,0.15309887768593794,1.2542369222620585e-5
GSE278723,KLHL21,0.7644694212957972,0.09707505544876012,3.40648551376468e-15
GSE278723,KLHL23,-0.865608310234397,0.14731430273019464,4.204797900937468e-9
GSE278723,KLHL24,-0.6627266506482394,0.08191204004332191,5.931740319625489e-16
GSE278723,KLHL25,0.6337824432236279,0.125128365326881,4.08275761547157e-7
GSE278723,KLHL26,1.0004237385653838,0.186671100072023,8.355168292692241e-8
GSE278723,KLHL28,-0.6785036845674117,0.06969369747888993,2.1274793015179364e-22
GSE278723,KLHL4,-0.6198892823500073,0.16142597078319,1.229922362360386e-4
GSE278723,KLHL42,-0.589426486514584,0.10707100912784065,3.6915689342594236e-8
GSE278723,KLHL5,-0.7418664447792431,0.0683440852229118,1.8906703445374604e-27
GSE278723,KLHL7,-0.596353899914809,0.15902206265551425,1.7674073675157342e-4
GSE278723,KLHL8,-0.595960368328671,0.12562974040273855,2.097623834444387e-6
GSE278723,KLHL9,-0.6844244144878606,0.09744484433183934,2.1605163530858503e-12
GSE278723,KLKB1,-0.697570064516963,0.2926982379317292,0.017161015518246805
GSE278723,KLRD1,-1.94447217324954,0.5717914201447268,6.722167861047828e-4
GSE278723,KMT2B,0.6553093307862439,0.08125431789064896,7.328563122169785e-16
GSE278723,KMT2D,0.633088306267555,0.07863760642107112,8.231731228948464e-16
GSE278723,KMT5B,-0.6916260451917285,0.08607918004649504,9.37578771229445e-16
GSE278723,KMT5C,0.647447387766155,0.1343992174679027,1.454810793395533e-6
GSE278723,KNDC1,0.8165099861448294,0.07130434945499253,2.323024323448209e-30
GSE278723,KNTC1,-0.595629055063273,0.0858704004509705,4.022969556344269e-12
GSE278723,KPNA1,-0.60697572373572,0.14217635218917685,1.9619732394307934e-5
GSE278723,KPNA3,-0.6673288215537929,0.10894321768927001,9.041417013442826e-10
GSE278723,KPNA5,-0.8501458821852244,0.06903216199280268,7.501546486135228e-35
GSE278723,KPNA6,-0.6589906753547059,0.08214811662014808,1.0405277855352143e-15
GSE278723,KRAS,-0.8713648583391378,0.08827879174611859,5.5828283936359094e-23
GSE278723,KRCC1,-0.636631247614684,0.19248340700590705,9.414601934585998e-4
GSE278723,KREMEN1,0.61498773984325,0.2748380677452752,0.02524475792832618
GSE278723,KRR1,-1.061560968727617,0.07173908089973587,1.5196852971652894e-49
GSE278723,KRT17,0.793789044692503,0.3752639046042178,0.03440590559016746
GSE278723,KRT222,-1.416896791151649,0.44516969815355545,0.0014584624716831563
GSE278723,KRTCAP2,0.581488685868937,0.17766117150892366,0.0010640469751850427
GSE278723,KSR1,0.744356732788585,0.16145165057384733,4.018944137635257e-6
GSE278723,KTN1,-0.7216821498657193,0.10236981487584418,1.7923264079773993e-12
GSE278723,KXD1,0.7766174166601817,0.07658899436428117,3.668536554746473e-24
GSE278723,KYNU,-1.1821480194096479,0.1812061167362249,6.855931808609274e-11
GSE278723,L1CAM,0.6202712953477179,0.18469503615695515,7.840815686969756e-4
GSE278723,L2HGDH,-0.6946396303813672,0.10459243066398219,3.107283880388909e-11
GSE278723,L3MBTL3,-0.6758316110324077,0.09207822946596557,2.139857903888987e-13
GSE278723,LA16C-431H6.6,0.9170152930553993,0.2651012903508446,5.419576834895184e-4
GSE278723,LACC1,-1.0499199376436874,0.12327171703427232,1.635707800487806e-17
GSE278723,LACE1,-0.6779534842008551,0.0731355071983255,1.864484483017596e-20
GSE278723,LACTB,-0.6915752245139621,0.08913912964220716,8.602120448319304e-15
GSE278723,LAGE3,1.3043054261679572,0.0950440821556485,7.37754320511319e-43
GSE278723,LAMB2,0.64636810302732,0.1040081107295334,5.145776800544032e-10
GSE278723,LAMB3,0.8607712466112012,0.1811374604952855,2.013811821571673e-6
GSE278723,LAMP2,-0.8232595570134095,0.15341917654580126,8.046631443928417e-8
GSE278723,LAMTOR1,0.7573301012275337,0.09011316612805288,4.3074604259819584e-17
GSE278723,LAMTOR2,0.7534939502749091,0.11665936651641896,1.0545024096637014e-10
GSE278723,LAMTOR3,-0.6836335437528489,0.10194860998131233,2.004869185469637e-11
GSE278723,LAMTOR4,0.8377868163892428,0.05991319108014606,1.970067337721726e-44
GSE278723,LANCL1,-0.7046114380652304,0.12764078268091902,3.384813608014484e-8
GSE278723,LANCL3,-0.8700412950372366,0.22285839896680185,9.461208492106287e-5
GSE278723,LAPTM5,0.8565246465690237,0.19727062045877877,1.4127101945788866e-5
GSE278723,LARP1B,-0.663972194933298,0.12176383942816621,4.9540849685283385e-8
GSE278723,LARP4,-0.8512686729834671,0.06980714361301578,3.3221968777133538e-34
GSE278723,LARP7,-0.6644622645383416,0.07743942551403675,9.453298842550356e-18
GSE278723,LATS2,0.7720328772489009,0.18448701092626235,2.8547426355631426e-5
GSE278723,LBR,-0.8023258536199711,0.07208765572631327,8.977167876650405e-29
GSE278723,LCAT,0.7864108085430369,0.1977494471121558,6.984766496001564e-5
GSE278723,LCN12,0.961005542027986,0.2655189254248463,2.953455871981143e-4
GSE278723,LCOR,-0.8251712558708529,0.1124359679310508,2.1514289791873016e-13
GSE278723,LCORL,-0.9197590792958885,0.054892761942563546,5.157121433237073e-63
GSE278723,LDAH,-0.6680553048284023,0.1147812348200948,5.876021387540697e-9
GSE278723,LDB1,0.9776307315797536,0.05999810339474441,1.0822962427089698e-59
GSE278723,LDHA,-0.7568005043545406,0.1301079899675508,6.0016970767128375e-9
GSE278723,LDHD,1.0072603417814785,0.09350927044753812,4.6791860153829916e-27
GSE278723,LDLRAD2,0.9701536193124788,0.29773328926640896,0.0011201653795527293
GSE278723,LDOC1,0.8944406932007498,0.0937572440668003,1.428824922989151e-21
GSE278723,LENG9,0.9589685075596487,0.1395176089164405,6.266370555207781e-12
GSE278723,LEPR,-0.7834432255478208,0.12200909373584125,1.352156618399788e-10
GSE278723,LEPROTL1,-0.8546175514762345,0.11073221470062844,1.1828377504041928e-14
GSE278723,LFNG,0.9658456670924226,0.12622945508843497,1.9863617682905036e-14
GSE278723,LGALS1,1.0630961457884156,0.08578743811430223,2.8798746170265283e-35
GSE278723,LGALS3,0.6217712811459711,0.19601195331940466,0.001513361944234098
GSE278723,LGALS3BP,0.8613143588822099,0.22363569938786312,1.1743628050666883e-4
GSE278723,LGALS8,-1.0476854591867928,0.14185515965129172,1.5176748356983987e-13
GSE278723,LGALS9,0.588744381051556,0.21184280452982615,0.0054500202267924605
GSE278723,LGALSL,-0.7475755947279061,0.21171784581926503,4.139926266240936e-4
GSE278723,LGI1,-0.7815824268005422,0.15251294489170863,2.9801872927854314e-7
GSE278723,LGI2,-0.7309101467331511,0.15768167323750898,3.563296421672204e-6
GSE278723,LGI3,0.768535325186264,0.09730978169758285,2.8381929035242988e-15
GSE278723,LGI4,1.0759261740148733,0.09851249921803268,9.0758082837834e-28
GSE278723,LHFPL1,0.746975560609908,0.3197228175517415,0.019474448154507804
GSE278723,LHFPL3,-0.682500521781629,0.21571188851557255,0.0015564627868073307
GSE278723,LHFPL4,0.6382262815551265,0.09570614522008593,2.582498818549042e-11
GSE278723,LHPP,1.0273644320820854,0.10700118484591851,7.884253495190456e-22
GSE278723,LHX2,1.0370325226321597,0.11308388248101263,4.7095451291512223e-20
GSE278723,LIAS,-0.7107137147159556,0.08372299523416796,2.0865399416514452e-17
GSE278723,LIFR,-0.6879474470988151,0.15878025554685457,1.4729076902968059e-5
GSE278723,LIG1,0.7403223042015076,0.11838478519345068,4.012883289165778e-10
GSE278723,LIG4,-0.9256324666027324,0.0931836200473887,2.9784657854835225e-23
GSE278723,LILRA1,0.946666790434763,0.39634362610820395,0.016917303741476073
GSE278723,LILRA2,0.9413015714436488,0.17632782347235798,9.37905841531336e-8
GSE278723,LILRB1,0.935428549272721,0.3777343632083112,0.01327077384787018
GSE278723,LILRB2,0.950881489887181,0.23340722849149712,4.622912116495988e-5
GSE278723,LILRB4,0.8868927129775163,0.1576912436682172,1.8633115829237912e-8
GSE278723,LIMD2,0.6280871587823897,0.14704271088821946,1.941967658282644e-5
GSE278723,LIME1,0.7640330220460309,0.14836743409830383,2.6104178540865256e-7
GSE278723,LIMK1,0.790812840861268,0.0752020977654661,7.30311067836907e-26
GSE278723,LIMS1,-0.588222795562158,0.269292026129004,0.028937968547705483
GSE278723,LIN37,0.675723235101072,0.14222881450061028,2.02454402689845e-6
GSE278723,LIN7A,-0.8498763362008698,0.17763769438038823,1.7156350192023263e-6
GSE278723,LIN7B,0.7316397643100849,0.09800295511828098,8.299223362295526e-14
GSE278723,LIN7C,-0.750967196668536,0.09434846834294004,1.727275426473296e-15
GSE278723,LIN9,-0.7372335000330925,0.11501372120153418,1.455565951477703e-10
GSE278723,LINC00116,1.4321807994527325,0.11173711996265674,1.3099895236378733e-37
GSE278723,LINC00282,-0.669056427807498,0.2739365972687362,0.014590903192122954
GSE278723,LINC00634,1.262185236080896,0.10953206423342772,1.0052623790799173e-30
GSE278723,LINC00843,-0.653732012741536,0.3145537457648046,0.037683210469847246
GSE278723,LINC01314,0.636317127094984,0.26965568947384483,0.01828778190720582
GSE278723,LINGO1,1.1970239870310737,0.11834656747197993,4.761299089319542e-24
GSE278723,LINGO3,1.4180047625943795,0.144553550196139,1.024279120063428e-22
GSE278723,LINS1,-0.6517786803012531,0.09806367164255916,3.001759049540891e-11
GSE278723,LIPA,-0.8693647370361274,0.12643078547546666,6.146551216660513e-12
GSE278723,LIPE,0.8616564201751297,0.12967394303774063,3.0364491942903646e-11
GSE278723,LIPT1,-1.2313549168531672,0.1205626132119197,1.72694123699209e-24
GSE278723,LIX1,0.800533354130225,0.21194859139370784,1.5871813848076317e-4
GSE278723,LL0XNC01-16G2.1,1.24244963432481,0.4854874384796239,0.010491946780411217
GSE278723,LLGL1,0.8763411765340391,0.08005381319803044,6.875988223883899e-28
GSE278723,LLGL2,0.666290195751139,0.2562782483871878,0.009325901205475242
GSE278723,LLPH,-0.7939774358190109,0.062471818451359275,5.24555365182141e-37
GSE278723,LMAN1,-0.7060465180100497,0.09913778952080432,1.0647192343537758e-12
GSE278723,LMAN2,0.614391966572367,0.1328586998375063,3.7568161299894824e-6
GSE278723,LMBR1,-0.628591633308946,0.13576453388536025,3.6564178139910963e-6
GSE278723,LMBRD1,-0.6745175576382959,0.12033747012907206,2.0799496450390476e-8
GSE278723,LMBRD2,-0.6852963241660496,0.11287972785916708,1.2709167006894778e-9
GSE278723,LMF2,0.7555381878172192,0.07424902807017139,2.5448016661962444e-24
GSE278723,LMNA,0.632494317002422,0.18740864594211337,7.382980834699272e-4
GSE278723,LMO3,-0.7858557015428985,0.18729026597606602,2.7176150147079417e-5
GSE278723,LMOD1,0.885938511804349,0.28792007797337055,0.002090747590990791
GSE278723,LMTK3,1.012439826228865,0.09057139272679174,5.204157194621182e-29
GSE278723,LNPEP,-0.6746162437830191,0.06305734064356723,1.0348714828239582e-26
GSE278723,LONP1,0.9243861289199439,0.0499059822915248,1.3584376355448075e-76
GSE278723,LOXHD1,1.1290416084674,0.5372445886630166,0.035593490048995785
GSE278723,LOXL1,0.941508481285975,0.2904912598805154,0.0011907334842860464
GSE278723,LOXL3,0.629302147150373,0.16296224453646327,1.126266738193176e-4
GSE278723,LPAR1,-0.9413593013220873,0.22499891483760714,2.8662676838596123e-5
GSE278723,LPAR2,0.8011456934575342,0.13949808129296026,9.298138114542622e-9
GSE278723,LPAR4,-0.793981037351664,0.32232909484875677,0.013767923608298134
GSE278723,LPAR5,0.9121350353565876,0.12040395693693896,3.574071621084574e-14
GSE278723,LPAR6,-1.4347233203416363,0.14781599539439927,2.838740030585215e-22
GSE278723,LPCAT2,-0.7713573975162243,0.17463094820315953,1.0004710815683316e-5
GSE278723,LPGAT1,-0.8997583885842239,0.08808217883944969,1.6990039380414303e-24
GSE278723,LPIN3,0.7769149422206607,0.13555467161340706,9.961850930485175e-9
GSE278723,LPL,-0.7137891774297598,0.15312898738752387,3.1412829967477353e-6
GSE278723,LRCH2,-0.651301165346979,0.1344217702284517,1.2648038782469726e-6
GSE278723,LRCH4,0.640451863790096,0.1829753190692123,4.648934604691489e-4
GSE278723,LRFN1,0.8721085128778464,0.0850891027650715,1.191345319127239e-24
GSE278723,LRFN2,0.7011304967559013,0.11775305265113707,2.612755379663597e-9
GSE278723,LRFN3,1.0067466920101353,0.08504675969463096,2.495894914059971e-32
GSE278723,LRFN4,0.9040586981560538,0.11742276550144924,1.369449782259649e-14
GSE278723,LRGUK,-0.6224304729577613,0.13816239152243467,6.635281331036054e-6
GSE278723,LRIF1,-0.580655775539481,0.18416910326342362,0.0016169022359040375
GSE278723,LRIG1,0.8208749580592183,0.15485978850716928,1.1532003261001914e-7
GSE278723,LRMP,-0.821818281998364,0.32016152909592205,0.010261621764785645
GSE278723,LRP1,0.9191242573430445,0.0629102981610945,2.4224645884147726e-48
GSE278723,LRP10,0.7269921559077841,0.1227845208983551,3.202275565729458e-9
GSE278723,LRP12,-0.603252884479808,0.2646112850417487,0.022621329759115173
GSE278723,LRP2BP,-0.8040352518156867,0.13194166804170976,1.1021380500139079e-9
GSE278723,LRP3,0.9303662359805076,0.1315538573327448,1.5257124947273755e-12
GSE278723,LRP4,0.7171274512679341,0.09557813159500203,6.234999931562779e-14
GSE278723,LRP5,1.1362381005805855,0.12749187642406742,5.0012086554380565e-19
GSE278723,LRPAP1,0.630733245978789,0.11617121946406868,5.656229799709085e-8
GSE278723,LRPPRC,-0.6265836991119,0.16338111679157238,1.255107856285726e-4
GSE278723,LRRC10B,0.7916458179632749,0.1561300661159091,3.9692794816283183e-7
GSE278723,LRRC14,0.8203450578530674,0.07934203114092522,4.676972458241981e-25
GSE278723,LRRC20,0.6930564323978432,0.15864487357212523,1.2504397768307408e-5
GSE278723,LRRC24,0.955333730779991,0.095597106746869,1.6300654519221858e-23
GSE278723,LRRC25,0.7825897308080391,0.2552451853227526,0.0021692059588193646
GSE278723,LRRC27,0.6377268830541594,0.10290927656679971,5.755626310205267e-10
GSE278723,LRRC3,0.7687025571155777,0.1730147421781802,8.871779669367202e-6
GSE278723,LRRC34,-0.8592381756260707,0.13989554357336786,8.14897858572529e-10
GSE278723,LRRC37A2,-0.826237733799525,0.3788363971252625,0.029184284989557434
GSE278723,LRRC39,-0.6963204399220494,0.21071336969609383,9.511680755144334e-4
GSE278723,LRRC40,-0.7017466529687582,0.09152577798980918,1.7578844847242664e-14
GSE278723,LRRC43,1.016538272191197,0.1606090043689744,2.4631860049324237e-10
GSE278723,LRRC45,0.7515145234720705,0.0944429080319254,1.7577429138642658e-15
GSE278723,LRRC49,-0.6707194503305659,0.07017840448822882,1.208124900000267e-21
GSE278723,LRRC4B,0.7662747820550796,0.08440188235220968,1.0969516914832376e-19
GSE278723,LRRC53,-2.22658876329433,0.6894202343696362,0.001239401459373159
GSE278723,LRRC56,0.651288901950948,0.2798826911062447,0.01996490779269128
GSE278723,LRRC57,-0.8039402292544331,0.22069703270211308,2.697592502223609e-4
GSE278723,LRRC58,-0.75975106227773,0.07822304540274959,2.6638812726043016e-22
GSE278723,LRRC63,-1.1334472960976232,0.1827011435640456,5.51044279100998e-10
GSE278723,LRRC66,-0.9178871492265118,0.16919503639808187,5.79467226627843e-8
GSE278723,LRRC7,-0.621019480450057,0.30332116448540236,0.040618914267189984
GSE278723,LRRC73,0.7479227915054856,0.11967974719031745,4.1211666575415866e-10
GSE278723,LRRC75A,0.7732536467603217,0.09270542831457952,7.368056185276348e-17
GSE278723,LRRC75B,0.8716740985540604,0.17876364252058263,1.0818935351621241e-6
GSE278723,LRRC8A,0.9229899615687176,0.10774606874816367,1.0682182859315488e-17
GSE278723,LRRC8B,-0.8346426561437946,0.09267066044272436,2.1264637941086935e-19
GSE278723,LRRC8C,-0.7161149471464455,0.062286002060101854,1.3625617629233914e-30
GSE278723,LRRC9,-1.5137814908421336,0.32096252598592073,2.4007692847460305e-6
GSE278723,LRRCC1,-0.7587366373395409,0.11667917621302032,7.885974906805126e-11
GSE278723,LRRIQ1,-0.8526894507539546,0.1451052330161474,4.194055987196083e-9
GSE278723,LRRK1,0.6806504830080057,0.11287417997966363,1.637873926880724e-9
GSE278723,LRRK2,-0.6089725358808115,0.10033235014758092,1.2826660578813019e-9
GSE278723,LRRN2,0.6803078951151186,0.119694701414271,1.3181707878904366e-8
GSE278723,LRRN3,-0.8682003220041646,0.1607938436069293,6.684086912024347e-8
GSE278723,LRRTM1,0.7568592115696583,0.09937748815187515,2.616523493908832e-14
GSE278723,LRRTM2,-0.8338856664470544,0.15145000935520325,3.6705217858327274e-8
GSE278723,LRRTM3,-0.638201794904307,0.22383194000353865,0.0043547118457638225
GSE278723,LRRTM4,-0.9465669425634362,0.1219568301586443,8.393611828232337e-15
GSE278723,LRSAM1,0.588037759121802,0.11575778144126994,3.776369430777077e-7
GSE278723,LRTM2,1.0525106782312559,0.2895042354931556,2.77374970022808e-4
GSE278723,LRTOMT,0.6056490545418733,0.16856398199478467,3.269025109169502e-4
GSE278723,LRWD1,0.6656497154480595,0.08490384930201701,4.503969853288055e-15
GSE278723,LSM1,-0.704521991598947,0.11500171469929119,9.001010053864975e-10
GSE278723,LSM10,0.8554748205180149,0.08164416834444432,1.0892298517637842e-25
GSE278723,LSM11,-0.6761571156398927,0.19528657359343207,5.354125772971544e-4
GSE278723,LSM12,-0.766105677929336,0.24829000803324058,0.0020319135030101598
GSE278723,LSM14B,0.597079781801108,0.09497832580607973,3.247352289364455e-10
GSE278723,LSM2,0.8883914304195673,0.10653747698402623,7.506777612328796e-17
GSE278723,LSM3,-0.62852653950634,0.15293817257065973,3.962123710287912e-5
GSE278723,LSM4,0.9610854386889948,0.09571278065958803,1.0029301216772634e-23
GSE278723,LSM5,-0.6183683180154943,0.10367609240313942,2.4549640811681866e-9
GSE278723,LSM7,0.9834298080850884,0.09838370543693706,1.589008757214278e-23
GSE278723,LSM8,-0.7952714556568644,0.0692077177742534,1.4627086918368018e-30
GSE278723,LSP1,1.26578685655049,0.4048516526790056,0.0017687351332299208
GSE278723,LTB4R2,0.7044932681833569,0.28579847854157686,0.013701322668621183
GSE278723,LTBP2,0.7902125581348544,0.15043074562009315,1.496423393627839e-7
GSE278723,LTBP3,0.8243937894965865,0.07304942139897859,1.5489057828719167e-29
GSE278723,LTBP4,0.8236787455340996,0.07259427154310395,7.733901992871188e-30
GSE278723,LTN1,-0.828773655829229,0.06220443832204608,1.6925678240376527e-40
GSE278723,LTV1,-0.6680203193173628,0.11961967749368722,2.3432583318608424e-8
GSE278723,LUC7L2,-0.7028684996322324,0.11602950472086566,1.3810698658822564e-9
GSE278723,LUC7L3,-0.602129020706048,0.1860251719363326,0.0012087184841372304
GSE278723,LUZP2,-0.8865304450728544,0.11621538917046974,2.3779663207752336e-14
GSE278723,LY6E,0.8473146452089375,0.10388262019344568,3.4498094798774744e-16
GSE278723,LY6H,0.9804473485555584,0.09514582530632283,6.711418738925785e-25
GSE278723,LY75,-0.82005763484578,0.3704129401152256,0.026835579481785058
GSE278723,LYL1,0.75048035208795,0.3011270633233181,0.01269408952674046
GSE278723,LYNX1,0.7599911641311127,0.12695748196488227,2.1481804371486876e-9
GSE278723,LYPLA1,-0.598343738440218,0.1786700269007802,8.114014468865127e-4
GSE278723,LYPLA2,0.6095064652330815,0.09559092948755976,1.815410259364749e-10
GSE278723,LYPLAL1,-0.9502373312403313,0.07805872766737243,4.309466323133429e-34
GSE278723,LYRM2,-0.683846142556773,0.05483047543076456,1.061174695437158e-35
GSE278723,LYRM5,-0.6898002161063727,0.10426150558468515,3.6890253028942997e-11
GSE278723,LYRM7,-0.9187839565656891,0.08447651117479132,1.4966297183022614e-27
GSE278723,LYSMD3,-0.7589505958550145,0.08486240060500871,3.7769083755524716e-19
GSE278723,LYST,-0.6004014658473152,0.10437895262435086,8.812518462535866e-9
GSE278723,LZTFL1,-0.8059575126324368,0.08657865868774252,1.2908672334002579e-20
GSE278723,LZTR1,0.6003688769703003,0.09946061006584664,1.5773908231439816e-9
GSE278723,LZTS1,0.585552162732431,0.2834225737436847,0.03882810466516429
GSE278723,LZTS2,0.612999389909026,0.15392002150142184,6.817006543707422e-5
GSE278723,MACROD1,0.7931571557859602,0.07469731678335019,2.4502973485799232e-26
GSE278723,MAD1L1,0.720654455363867,0.1704347468206741,2.3543167785843434e-5
GSE278723,MAD2L1,-0.804978037420317,0.3862161590096921,0.03713578319085415
GSE278723,MAD2L2,0.6942968604771027,0.10077319202741852,5.5910951274751626e-12
GSE278723,MADCAM1,1.3248058849190245,0.1876940864996585,1.6852140996590733e-12
GSE278723,MAEA,0.6356100526055813,0.10203356727239989,4.681619836475586e-10
GSE278723,MAF1,0.8855722440983563,0.0833839514028254,2.3949167586065e-26
GSE278723,MAFB,0.6754295985493399,0.14227872117695475,2.0622294334402715e-6
GSE278723,MAFG,0.666964962132717,0.22625888571127328,0.0032004853746784713
GSE278723,MAGEF1,0.612625028138012,0.22882197982306848,0.0074218204302331425
GSE278723,MAGEL2,0.6786754018172221,0.2751426476206424,0.01363908039777417
GSE278723,MAGOHB,-0.8678786537124551,0.07863945731530587,2.556930804335579e-28
GSE278723,MAK16,-0.8041196582170106,0.08812247676271721,7.172079549299922e-20
GSE278723,MAL,0.6901266820746392,0.17079458923340093,5.329590628198307e-5
GSE278723,MAL2,-0.9204942126213084,0.22315004450540096,3.707327427035785e-5
GSE278723,MALT1,-0.7422871600497889,0.08180866536249923,1.153027111758663e-19
GSE278723,MAMDC4,0.60317047535685,0.22507868400558267,0.007366164492353959
GSE278723,MAML3,0.665923720443383,0.122302174147279,5.183303943118879e-8
GSE278723,MAMLD1,0.688409732666926,0.16446343396850424,2.8417343888418117e-5
GSE278723,MAMSTR,0.7108725545173336,0.1250114849371043,1.2970129006967357e-8
GSE278723,MAN1A2,-0.63170728406334,0.10806931530114401,5.0538311529469534e-9
GSE278723,MAN2A1,-0.857064895831353,0.13170542936858204,7.644336203076476e-11
GSE278723,MAN2B2,0.6790247327030535,0.0727520735237696,1.0252099222095277e-20
GSE278723,MANBA,-0.637044622448511,0.1674896619333001,1.4267392904559795e-4
GSE278723,MANBAL,0.580028483585693,0.13827573186554248,2.732044607367437e-5
GSE278723,MANEA,-1.0695427535741135,0.10173798458806498,7.548598660362488e-26
GSE278723,MANEAL,0.616936839623593,0.263694010341143,0.019304729531947135
GSE278723,MAP10,-0.730142145182058,0.25795979129070024,0.004648265813508965
GSE278723,MAP1LC3A,0.6557920659991128,0.09693357867995511,1.3296381879255859e-11
GSE278723,MAP1LC3B,-0.638669721992032,0.10612163413640772,1.7627994282656352e-9
GSE278723,MAP1LC3B2,0.7086114030989277,0.1576009105311354,6.916590025060797e-6
GSE278723,MAP1S,0.6969632281789986,0.11645612532140628,2.166946711706513e-9
GSE278723,MAP2K2,0.7097199983358653,0.06583164968896567,4.240299093188768e-27
GSE278723,MAP2K3,0.673026243780041,0.13560317567062527,6.933963161182475e-7
GSE278723,MAP2K4,-0.7151332436018173,0.13544918857944416,1.293842956796978e-7
GSE278723,MAP2K6,-0.7393576275629431,0.12053246682156053,8.564521654631626e-10
GSE278723,MAP3K10,0.9497964251399299,0.10700904481876382,6.940019108494809e-19
GSE278723,MAP3K11,0.654685011106084,0.1380946318452624,2.1283048947768514e-6
GSE278723,MAP3K14,0.756830133000083,0.16860658073234053,7.164761125494614e-6
GSE278723,MAP3K2,-0.8743080710023388,0.05417952661436504,1.3964580249640654e-58
GSE278723,MAP3K7,-0.588582528021286,0.1451843872631995,5.034176749522594e-5
GSE278723,MAP4K1,0.7113950859577821,0.16045799272492262,9.270324061036478e-6
GSE278723,MAP4K4,-0.580886228188961,0.28043389873193986,0.03832294579433354
GSE278723,MAP4K5,-0.7698319649013224,0.08856340706330357,3.547420255213119e-18
GSE278723,MAP7D1,0.62706559086356,0.06440374552083042,2.1073360928619546e-22
GSE278723,MAP9,-0.8105639573396991,0.09751351426098374,9.384551360726616e-17
GSE278723,MAPK10,-0.580590081373493,0.22573566230799624,0.01011155338476173
GSE278723,MAPK11,0.9623031983918251,0.0950443700678217,4.289486585357192e-24
GSE278723,MAPK12,0.610231282873133,0.1666534781556771,2.505692124185277e-4
GSE278723,MAPK13,0.992846732789245,0.40419145222211583,0.014034569625868463
GSE278723,MAPK1IP1L,-0.583831595356601,0.1293450932816135,6.369087129345228e-6
GSE278723,MAPK3,0.8565079327650627,0.07771372432603682,3.015987453708036e-28
GSE278723,MAPK4,0.7029886765303998,0.18941044944418123,2.0606994396003443e-4
GSE278723,MAPK6,-0.6544385421517107,0.08196376116637666,1.4110849628374139e-15
GSE278723,MAPK8,-0.6536206345104746,0.08931882713346687,2.5199934243564965e-13
GSE278723,MAPK8IP1,0.7282278203829268,0.08605227118102034,2.6143261294352055e-17
GSE278723,MAPK8IP2,0.6476271614082786,0.11880023301414651,4.997583548290436e-8
GSE278723,MAPK8IP3,0.6345193998214426,0.07291953432591478,3.271273098957584e-18
GSE278723,MAPKAPK3,0.9021773914100876,0.11143210880510063,5.669942753779094e-16
GSE278723,MAPRE2,-0.724879698536556,0.24642049967877103,0.0032648222330373643
GSE278723,MAPRE3,0.5916854992718031,0.18332905990589007,0.0012489856973709288
GSE278723,MAPT,0.68831077119259,0.2857530723416266,0.016006789475562524
GSE278723,MARK4,0.610843078229746,0.11775847781857497,2.1341811327733434e-7
GSE278723,MARVELD1,0.645195464899717,0.2356072820285242,0.006173217289902831
GSE278723,MASP1,0.632441480152515,0.23288826018717534,0.006614711163978025
GSE278723,MAST1,0.6691763400599762,0.14799745825351576,6.139152707658727e-6
GSE278723,MAST3,0.5851066322005003,0.09146651995940851,1.5851259465212284e-10
GSE278723,MASTL,-0.622385208464684,0.23233358054816122,0.007387700276047204
GSE278723,MATK,0.918399038328129,0.09158940033341949,1.1557606055775366e-23
GSE278723,MATR3,-1.070137291118293,0.09876932205636073,2.357024688334283e-27
GSE278723,MAZ,0.7308401849423857,0.1544780766658798,2.233851418919593e-6
GSE278723,MBD3,0.7755354330008789,0.11954035090763117,8.718806216171328e-11
GSE278723,MBD6,0.625327909725912,0.13559377048857327,3.992457439752441e-6
GSE278723,MBIP,-0.6796573376199935,0.06792266071944918,1.429410842212532e-23
GSE278723,MBLAC1,0.8872935452906163,0.12874032307103528,5.4967604388848465e-12
GSE278723,MBNL1,-0.7027213218378117,0.05729717769844079,1.4047412820595988e-34
GSE278723,MBOAT2,-0.694536685571474,0.07717310062772803,2.262837015508216e-19
GSE278723,MBOAT7,0.6876757431334813,0.10389867279635931,3.62333717503585e-11
GSE278723,MBTD1,-0.621541868070491,0.06615847024301065,5.735732383294769e-21
GSE278723,MBTPS2,-0.6915333343095486,0.11431560290647598,1.4544528288099998e-9
GSE278723,MCEE,-0.585184376134827,0.2515856967607875,0.020019389234714392
GSE278723,MCF2,-0.8487348517994445,0.16912495039523867,5.21064878547717e-7
GSE278723,MCHR1,1.47051314051391,0.5075528475062496,0.0037643627252338507
GSE278723,MCM2,0.8237186358513541,0.14731110874376233,2.2486492145913742e-8
GSE278723,MCM5,0.686246197883061,0.13756813444052607,6.087839744263874e-7
GSE278723,MCM8,-0.6921883915698926,0.14145616282930012,9.915569207727697e-7
GSE278723,MCOLN1,0.6655203429303941,0.06426499756719349,3.9356733166025364e-25
GSE278723,MCOLN3,-1.37237558036448,0.49652975118497594,0.005710904741044105
GSE278723,MCTP1,-0.584443447052796,0.2206959490415152,0.008092550297494018
GSE278723,MCTS1,-0.7742718309282144,0.11520528470693994,1.8072786769002856e-11
GSE278723,MCU,-0.605639440085145,0.170323552881722,3.768058371457612e-4
GSE278723,MDFIC,-0.16387196895598993,0.18233315157785338,0.3687856948637876
GSE278723,MDGA1,0.8676511662857613,0.127102502633382,8.707841950715639e-12
GSE278723,MDGA2,-0.72967960661637,0.18171571460326605,5.931968478859915e-5
GSE278723,MDH2,0.678684483639067,0.07222162923527578,5.600937057936241e-21
GSE278723,MDK,1.6453776166435952,0.1487546503692178,1.9388797798693554e-28
GSE278723,MDM4,-0.582738346875743,0.1886901107534759,0.0020128116779947287
GSE278723,ME1,-0.589487271199475,0.1539367128793668,1.2844920916863854e-4
GSE278723,ME2,-0.6212234938621408,0.06702717458812212,1.8925451079598862e-20
GSE278723,MEA1,0.6473967720248486,0.0814252914571939,1.8530053274102676e-15
GSE278723,MED11,0.6776354265539414,0.12266129083091779,3.305307226080125e-8
GSE278723,MED15,0.6816807363000613,0.07697429070883688,8.297149452949155e-19
GSE278723,MED16,0.9303336979404108,0.05772877829223393,1.9824174806475008e-58
GSE278723,MED17,-0.6321608562754301,0.10118685001482532,4.1717953444721184e-10
GSE278723,MED18,0.598709558274965,0.24484938449352853,0.01447655340944242
GSE278723,MED21,-0.6851355323330762,0.10229242917777767,2.1156216419795244e-11
GSE278723,MED22,0.8312105994492367,0.11063640095854066,5.779024582939876e-14
GSE278723,MED23,-0.7444569505564252,0.05952245630757884,6.821896761140929e-36
GSE278723,MED25,0.7300449970673761,0.05869578391916912,1.6297931027675162e-35
GSE278723,MED27,0.610430845349481,0.29261723827343095,0.03696893911397142
GSE278723,MED31,-0.6686057595227478,0.1580353793541124,2.329292898029103e-5
GSE278723,MED4,-0.7520155583863527,0.06166657684387039,3.310535860901119e-34
GSE278723,MED6,-0.6531067853552149,0.14106758975625514,3.6611860712281498e-6
GSE278723,MEF2A,-0.7267086858191073,0.11334499057214738,1.4411745764162874e-10
GSE278723,MEGF6,0.882808254795915,0.19313403637009266,4.854913578852976e-6
GSE278723,MEGF8,0.9649032250511416,0.0817776089782275,3.944486147765185e-32
GSE278723,MEIS1,-0.6253817432681297,0.17339737209555917,3.101886016073538e-4
GSE278723,MEIS3,0.6637665935021709,0.1130071305050136,4.262514537061396e-9
GSE278723,MEMO1,-0.6180844157693361,0.07660110684394764,7.095143724145264e-16
GSE278723,MEN1,0.7004941353383438,0.07686336408797216,7.976749587294657e-20
GSE278723,MEPCE,0.691856278160151,0.09089967111193763,2.7154640586718565e-14
GSE278723,MERTK,0.725339115177053,0.1988629023283986,2.6487333482879256e-4
GSE278723,MESDC1,0.8605933845720176,0.0865120724592811,2.5816148362516778e-23
GSE278723,MESP1,1.1365755239049669,0.10860399809880796,1.2465547273644373e-25
GSE278723,MEST,-0.8963886262024402,0.10520593561092584,1.5910799938063307e-17
GSE278723,METAP1,-0.5825817340914845,0.13535638760725224,1.676977794125168e-5
GSE278723,METRN,1.6478930269145526,0.18719216084853307,1.3295032054335617e-18
GSE278723,METRNL,0.842282569538618,0.11270115881998438,7.803436037003748e-14
GSE278723,METTL10,-0.8602207821793216,0.11156274277689274,1.2518275278473476e-14
GSE278723,METTL13,0.597204002605892,0.1261705643433567,2.208911081014909e-6
GSE278723,METTL14,-0.85448226587791,0.07415840766387974,1.017462378943624e-30
GSE278723,METTL15,-0.631725119935132,0.16042154302435885,8.219543199398738e-5
GSE278723,METTL16,-0.616370121814421,0.15758718757207443,9.180221390208893e-5
GSE278723,METTL20,-0.612219787620129,0.27527819591254515,0.02614818030333242
GSE278723,METTL25,-1.0253553029265585,0.08087164174866389,7.751024277766146e-37
GSE278723,METTL4,-0.8048722874731058,0.07547136888928296,1.490320151921096e-26
GSE278723,METTL6,-0.628762939828579,0.07387455501398853,1.7210569422812532e-17
GSE278723,METTL7B,0.8733995715531889,0.21484329923915277,4.797348601227018e-5
GSE278723,METTL8,-0.8247479431143508,0.08291792436972625,2.6105660701143888e-23
GSE278723,METTL9,-0.603506866931352,0.14126342560318317,1.9354611161470754e-5
GSE278723,MEX3B,0.66923995021904,0.26390898606576507,0.011216706684157305
GSE278723,MEX3D,1.2240793552334737,0.15302662632414854,1.2530484515076055e-15
GSE278723,MFAP3,-0.6964478487158862,0.14878503347338246,2.856183788282996e-6
GSE278723,MFAP4,1.3727698144452467,0.3430032490509455,6.275450424461582e-5
GSE278723,MFHAS1,0.6295002599995996,0.09141901537622128,5.743187261477627e-12
GSE278723,MFI2,0.8880933586329408,0.11580470157305342,1.7349299737143364e-14
GSE278723,MFN1,-0.609320236032796,0.062311939914126126,1.391943301972087e-22
GSE278723,MFSD1,-0.8231025114142834,0.10369433986675902,2.058375350139977e-15
GSE278723,MFSD10,0.8619182052861228,0.07966405489619166,2.7855973735057006e-27
GSE278723,MFSD12,0.7769704944628937,0.07350480164084265,4.0902395582684845e-26
GSE278723,MFSD13A,0.659156488093114,0.0768921360887971,1.0127778160106164e-17
GSE278723,MFSD14A,-0.622249835668978,0.19298114008394596,0.0012623362974124573
GSE278723,MFSD3,1.269720902125521,0.08504832760772266,2.1215158177243108e-50
GSE278723,MFSD5,0.6967951325067245,0.15954132898607087,1.2568264419155675e-5
GSE278723,MFSD6,-0.582847091846227,0.13199358964775396,1.0067306730880877e-5
GSE278723,MFSD7,0.865163948785766,0.12656810224168025,8.168488737220949e-12
GSE278723,MFSD8,-0.8571039318006357,0.07379941182343795,3.4999283958178576e-31
GSE278723,MGA,-0.59721597822798,0.1343234906923317,8.744232792174168e-6
GSE278723,MGAT1,0.8183727890294079,0.10142171351345344,7.087064222567663e-16
GSE278723,MGAT3,0.6556422912913711,0.14821020921696154,9.70102104939664e-6
GSE278723,MGAT4A,-0.688617854545558,0.07215042283417818,1.371659821741706e-21
GSE278723,MGAT4B,0.8514422154108959,0.07626692018905275,6.119091254087662e-29
GSE278723,MGAT5B,0.8885815501023444,0.11416375446043334,7.060397633162318e-15
GSE278723,MGRN1,0.7286755100567665,0.07545379457516815,4.580314204433264e-22
GSE278723,MIB2,0.6007482178272242,0.07382706785824286,4.0440650613700843e-16
GSE278723,MICA,1.0272858939928609,0.19514616912739374,1.4081119868132716e-7
GSE278723,MICAL1,0.618445172892553,0.21497126552302118,0.0040163635639696525
GSE278723,MICALL1,0.674555395057342,0.30026610117020436,0.024670380437916358
GSE278723,MICALL2,0.593451896925916,0.1702135301770737,4.893593289191601e-4
GSE278723,MICU2,-0.6528357425716065,0.07241623865510376,1.9678736477036812e-19
GSE278723,MICU3,-0.9641250061416992,0.10995401955665635,1.8116184465907385e-18
GSE278723,MID2,0.8907059225791278,0.2184383945287315,4.550159539993551e-5
GSE278723,MIDN,0.6147812357021117,0.20719349925933717,0.0030054104277751634
GSE278723,MIEF2,1.0169171319269947,0.19629157226981434,2.2111887954519974e-7
GSE278723,MIEN1,0.726228008566118,0.31833407447179723,0.02252838172421619
GSE278723,MIER2,0.582363163924586,0.14856527168182906,8.858038560283204e-5
GSE278723,MIER3,-0.6493349163777667,0.08699349181484707,8.382116305845328e-14
GSE278723,MIF,1.1525894379759996,0.08140007887548555,1.6300768511751844e-45
GSE278723,MIF4GD,0.6497974427622684,0.11522315000688163,1.7057483872979466e-8
GSE278723,MIIP,0.690493013014268,0.133133419618078,2.1431298295180172e-7
GSE278723,MILR1,-1.14450004591484,0.5077926991707954,0.02420418451410363
GSE278723,MINK1,0.584050803683479,0.09881666613068775,3.4117776976434725e-9
GSE278723,MIOS,-0.6716035858263455,0.09878495901064778,1.0560977931837704e-11
GSE278723,MIPEP,-0.690015200734212,0.2695126773883779,0.010460206204368595
GSE278723,MIPOL1,-0.6381537512664806,0.13060778774116125,1.028887991679644e-6
GSE278723,MIS12,-0.6541525602458751,0.1996741131701453,0.0010525091710345583
GSE278723,MIS18A,-0.6254422298906814,0.13035066775718915,1.601367738916544e-6
GSE278723,MIS18BP1,-0.6909145589267357,0.12462515252017091,2.957376225938773e-8
GSE278723,MITD1,-1.022232853919072,0.10072969814892159,3.3726597444063415e-24
GSE278723,MKKS,-0.617281780398739,0.234052218656558,0.008355219027448802
GSE278723,MKL1,0.7088622281678768,0.05832259938516363,5.451900229658082e-34
GSE278723,MKLN1,-0.6820696337758642,0.06342617236979078,5.689601704085013e-27
GSE278723,MKRN3,-0.629037123204044,0.2289176825459438,0.005998291518509597
GSE278723,MKX,-0.792131466956065,0.26775079769602367,0.0030917496251663483
GSE278723,MLC1,0.7476984966918921,0.1798876113565291,3.23194440523459e-5
GSE278723,MLKL,-0.751236613734577,0.2494057889659456,0.002594421899523323
GSE278723,MLLT1,0.8139628189623608,0.11063670372604871,1.879800292805662e-13
GSE278723,MLLT11,-0.673996399113138,0.3283132287490171,0.040081635341133785
GSE278723,MLLT3,-0.581512696333272,0.22688698256557838,0.010377025692088966
GSE278723,MLST8,1.053330563328125,0.07980053697140893,8.826973944112819e-40
GSE278723,MLXIPL,0.594249170920592,0.27503681294304083,0.03072494914111663
GSE278723,MLYCD,0.6108150444387682,0.15195430130509469,5.826523301623049e-5
GSE278723,MMAA,-0.972962142218126,0.17746724283001783,4.193839460982823e-8
GSE278723,MMD2,0.7804177515044356,0.19035151301747336,4.1337013979344294e-5
GSE278723,MMGT1,-0.598847359333429,0.10435413475620746,9.545849317665133e-9
GSE278723,MMP15,0.8341110502280139,0.09424109198691968,8.68776861161447e-19
GSE278723,MMP16,-0.646640797089272,0.13104513352611333,8.03607887939946e-7
GSE278723,MMP17,0.7691919533478403,0.10230214766172714,5.527067326740559e-14
GSE278723,MMP2,0.9009320546000499,0.30699485362838036,0.003338904375129979
GSE278723,MMP24,0.7544689703898726,0.1471447177206705,2.9377999431135015e-7
GSE278723,MMP24-AS1,0.6717524600350714,0.08709097461511027,1.226755704887896e-14
GSE278723,MMP28,1.172496814558743,0.14319523184235708,2.653832594259132e-16
GSE278723,MMS22L,-0.9075618725015066,0.12496621202454881,3.801184243313985e-13
GSE278723,MN1,0.7349404835203084,0.12716033764631662,7.486235320896427e-9
GSE278723,MNAT1,-0.6360508863796578,0.07057662653636088,2.019580466922878e-19
GSE278723,MNS1,-0.706370235353479,0.29809854022178767,0.01780799563125149
GSE278723,MNT,0.641754016651131,0.14934997610553352,1.7313999274922505e-5
GSE278723,MOB1A,-0.7929383274890928,0.07623395048041488,2.4436685298333043e-25
GSE278723,MOB1B,-0.8188754264857626,0.07992709414676717,1.2426508058063761e-24
GSE278723,MOB2,0.675786893799827,0.1301452678823951,2.074238621114124e-7
GSE278723,MOB4,-1.189907740406305,0.1730080205619659,6.080074918902055e-12
GSE278723,MOBP,-1.168781705892122,0.32070563015503106,2.680094693479668e-4
GSE278723,MOCS2,-0.678553651121317,0.17335546750542982,9.069211703654286e-5
GSE278723,MOG,-0.7018196461384448,0.19462686480519364,3.1098284754032163e-4
GSE278723,MOGS,0.699289190300083,0.15383983405940982,5.478770509868679e-6
GSE278723,MON2,-0.612200410101124,0.08277523992702833,1.404152040867614e-13
GSE278723,MORC3,-0.6265884178349646,0.08954615287823933,2.6079411947243937e-12
GSE278723,MORF4L2,-0.6916266584867413,0.10042121686248716,5.687869361949198e-12
GSE278723,MOSPD1,-0.8070433044629857,0.1563085784476534,2.4283945906048347e-7
GSE278723,MOSPD2,-0.8857389003379084,0.09434179532846033,6.0793735590830166e-21
GSE278723,MOSPD3,1.050929427293836,0.10232636561166787,9.583841201173073e-25
GSE278723,MPEG1,0.931335406072529,0.4256850082429619,0.028680451528293856
GSE278723,MPG,0.91001125942694,0.07701921301524396,3.2507624597461355e-32
GSE278723,MPHOSPH10,-0.6756562463248094,0.10592399522091364,1.7861006985702345e-10
GSE278723,MPHOSPH6,-0.7719417066756482,0.08860157523490884,2.9723102874868786e-18
GSE278723,MPHOSPH9,-0.667609263407168,0.06876253545116454,2.7627585945739956e-22
GSE278723,MPI,0.622855882150782,0.11671264995267339,9.467365198644162e-8
GSE278723,MPLKIP,-0.8186102299958943,0.087467262249576,8.045900860250626e-21
GSE278723,MPND,0.6128816753554078,0.07825198089717013,4.795762143276594e-15
GSE278723,MPP2,0.654543915639536,0.09692151643297148,1.4448021369249455e-11
GSE278723,MPP6,-0.666809918106978,0.19993514615197952,8.525920250548494e-4
GSE278723,MPPED1,0.784222412316197,0.3647981031083938,0.03157549623953695
GSE278723,MPV17L2,0.8750377301072984,0.09455230214246897,2.1516190631855578e-20
GSE278723,MPZL2,-1.2037778374541825,0.19229527719496725,3.848567866951836e-10
GSE278723,MRC2,0.615530637390429,0.25913839828282836,0.01753483881154103
GSE278723,MRE11A,-0.6634089160994144,0.05639528443250661,6.014877502629023e-32
GSE278723,MREG,-0.600417378306447,0.2767049257062935,0.03001569296544632
GSE278723,MRI1,0.594847900883162,0.16049719751288463,2.1032397063344674e-4
GSE278723,MRM1,0.7008897296098825,0.10478533372286943,2.2498467266034963e-11
GSE278723,MROH1,0.8412717191836169,0.09138795215827902,3.4008677421603515e-20
GSE278723,MROH6,0.7264374721868984,0.12696883935486764,1.0565985400282605e-8
GSE278723,MROH7,0.791518966818868,0.29789591345806765,0.007883196601975569
GSE278723,MRPL1,-0.792771598286461,0.188521771289231,2.6085232848444145e-5
GSE278723,MRPL12,0.9719268107176385,0.06906723729744338,5.630404805552787e-45
GSE278723,MRPL15,-0.610292843600288,0.18597011319435286,0.001031937035132637
GSE278723,MRPL19,-0.761176682219613,0.25518942035886627,0.002856330592947807
GSE278723,MRPL22,-0.6881455080455556,0.10423220121070557,4.0552895582832625e-11
GSE278723,MRPL23,0.6947378551497493,0.16859982716924757,3.778343997886025e-5
GSE278723,MRPL24,1.018038042210442,0.06782386374922418,6.31217807675326e-51
GSE278723,MRPL28,0.6388991864534246,0.13287969207964073,1.5236960138156465e-6
GSE278723,MRPL3,-0.6513562384765346,0.14276524099783222,5.056525835215902e-6
GSE278723,MRPL32,-0.678306539800915,0.2006770481927746,7.246202397984682e-4
GSE278723,MRPL34,0.9442607842752608,0.12651950374209925,8.434257311653592e-14
GSE278723,MRPL4,0.7845707396432199,0.06102415924207593,7.884866927042567e-38
GSE278723,MRPL41,0.78228334128414,0.09678438252286191,6.33257125989401e-16
GSE278723,MRPL42,-0.8410407589789985,0.07908858458232666,2.066800309812166e-26
GSE278723,MRPL43,0.6553740015123393,0.10379008834450101,2.7118007146177785e-10
GSE278723,MRPL50,-0.7548100246895936,0.07928648078310252,1.7312174039472747e-21
GSE278723,MRPL53,0.9251519136367871,0.1021956995320408,1.3941477882126429e-19
GSE278723,MRPL54,0.8021479634082067,0.10496881656218235,2.1424916168864414e-14
GSE278723,MRPS10,-0.7594727019158617,0.06354679225568559,6.384584439217412e-33
GSE278723,MRPS12,0.6647775681178346,0.0921744974075014,5.506969530188349e-13
GSE278723,MRPS16,0.6194574937986965,0.09283782355558091,2.5153530498509108e-11
GSE278723,MRPS18A,0.7025462192661396,0.08034632716246883,2.2505068058010444e-18
GSE278723,MRPS18C,-0.6581719343186726,0.14711597474482535,7.683065557614281e-6
GSE278723,MRPS2,1.0239208136489975,0.10414260707908053,8.204709975460226e-23
GSE278723,MRPS22,-0.6591746424017884,0.07566349068633384,2.987578099206511e-18
GSE278723,MRPS24,1.0052655331693041,0.08897159298063632,1.3313738344006696e-29
GSE278723,MRPS26,0.7556866721291292,0.06186312804330039,2.570380571071428e-34
GSE278723,MRPS30,-0.7642980745597819,0.0741847482059442,6.856017097217082e-25
GSE278723,MRPS31,-0.60206790489995,0.13137964048375714,4.591035030821598e-6
GSE278723,MRPS33,-0.623749540631248,0.11060733272316836,1.7072841373362835e-8
GSE278723,MRPS34,0.6899706732658615,0.09529597548949445,4.4772028677926325e-13
GSE278723,MRPS36,-0.6674765519450871,0.2640617614838374,0.011480295335886802
GSE278723,MRPS6,-0.6230848888574222,0.16717828358896478,1.9371994079239594e-4
GSE278723,MS4A7,-0.624452773244113,0.28671415547220974,0.029408804209304702
GSE278723,MSANTD2,-0.750204064479318,0.07574983744531429,4.011318659241801e-23
GSE278723,MSANTD3-TMEFF1,-1.1793793234266614,0.13540128140192825,3.0319916659446406e-18
GSE278723,MSC,0.8503704431942992,0.20879919326379245,4.6477031079080386e-5
GSE278723,MSH2,-0.58497241939877,0.1362909185500229,1.7700191901073184e-5
GSE278723,MSH3,-0.677462354519298,0.10650722768621623,2.0081387878626198e-10
GSE278723,MSH6,-0.658662122087469,0.15676651020696622,2.6509524121274278e-5
GSE278723,MSI1,0.9253363972394665,0.104606939871333,9.084122019310719e-19
GSE278723,MSMO1,-1.1806334983829587,0.13099872307137736,2.0130649431534303e-19
GSE278723,MSRB1,0.7533671524257614,0.10731473550614003,2.216063522341697e-12
GSE278723,MSRB2,0.612200085058285,0.1662734608450461,2.3151407564406e-4
GSE278723,MSS51,-0.7098750290335556,0.17906789672881954,7.361823878969411e-5
GSE278723,MST1,0.598311763625348,0.2811840406522703,0.033351202767400515
GSE278723,MSTN,-0.706781114064241,0.24493121302221935,0.003906297900698603
GSE278723,MSX1,1.041781787954515,0.24278560235776012,1.779073782210058e-5
GSE278723,MT-ATP6,1.6928136968717962,0.2542745629462676,2.786675306040878e-11
GSE278723,MT-ATP8,1.365844303896953,0.21797780821110468,3.7049097213424386e-10
GSE278723,MT-CO2,1.7606392627667105,0.22676173832833174,8.211708464977796e-15
GSE278723,MT-CO3,1.241655833419495,0.2309891640053527,7.64189462020501e-8
GSE278723,MT-CYB,1.22890259734394,0.22883926658386539,7.866849031082342e-8
GSE278723,MT-ND1,1.2074729892372218,0.3162145163005154,1.3425206127771046e-4
GSE278723,MT-ND2,1.4792597231221563,0.23941172874458136,6.462050719352363e-10
GSE278723,MT-ND3,1.2610449145603708,0.21992369132407097,9.808283615639737e-9
GSE278723,MT-ND4,1.3481071739368289,0.23960865184432362,1.8412931601252685e-8
GSE278723,MT-ND4L,1.5956061654741351,0.24369721656448526,5.851040668046713e-11
GSE278723,MT-ND5,1.4802423068010202,0.23657756810150024,3.9270374963072135e-10
GSE278723,MT1E,1.000446703494543,0.13838868852693603,4.856615065885507e-13
GSE278723,MT1F,1.3870349873175165,0.17847102296370035,7.739947653685907e-15
GSE278723,MT1G,1.243220123144477,0.22197086495291601,2.1333317493453256e-8
GSE278723,MT1M,0.9227651957997447,0.14435502474882872,1.633750436445496e-10
GSE278723,MT2A,1.5823046018227214,0.13430682370462,4.875442803780906e-32
GSE278723,MT3,1.7635474296923688,0.08958030939595824,2.7995349739236685e-86
GSE278723,MTA1,0.7592235888176521,0.08155986804682608,1.292983001035236e-20
GSE278723,MTAP,-0.829025245851113,0.19557694242979123,2.246476319980837e-5
GSE278723,MTBP,-0.7528198896948927,0.13022002484229364,7.419714398982267e-9
GSE278723,MTCH1,0.6927546436164113,0.06305269773804908,4.417677538999156e-28
GSE278723,MTCH2,-0.6379243581765132,0.07807636569549714,3.070679005348825e-16
GSE278723,MTCL1,0.659005953151996,0.22329154908943008,0.0031641368887634865
GSE278723,MTERF1,-1.1479256905061495,0.1015673563842077,1.280988460574684e-29
GSE278723,MTFR1,-0.6605947014077393,0.11191622503353602,3.578560317344738e-9
GSE278723,MTHFD2,-0.70265054328804,0.22903656779577547,0.002156025800785763
GSE278723,MTHFD2L,-0.6767522596790889,0.09192382287864853,1.8104098621920348e-13
GSE278723,MTMR10,-0.7212911258270622,0.11049701265438684,6.678819851263125e-11
GSE278723,MTMR2,-0.6712184665199372,0.07318636529927128,4.670905835566441e-20
GSE278723,MTMR6,-0.8007547946117811,0.09973418250205408,9.835838287986094e-16
GSE278723,MTMR7,-0.601274005086072,0.17501859898240146,5.914912936753938e-4
GSE278723,MTMR9,-0.7154437554325919,0.08521903878424286,4.6450390900017846e-17
GSE278723,MTRF1,-0.7294460910009395,0.09484477700208868,1.4605067790332363e-14
GSE278723,MTRF1L,-0.7295343591452665,0.08369039287302515,2.8551334055547183e-18
GSE278723,MTSS1L,0.8763235165430066,0.14053118939418346,4.494929279361393e-10
GSE278723,MTX3,-0.8099642128484457,0.09111170404004276,6.122271190554709e-19
GSE278723,MUM1L1,-0.766333618992053,0.3158492037854999,0.015255159725061274
GSE278723,MURC,-0.71202363451965,0.10798524419452767,4.289625615068039e-11
GSE278723,MVB12A,0.6863464429742439,0.0953191790933829,5.998895445255391e-13
GSE278723,MVD,0.6587534400002518,0.08610214091111626,1.996754152242592e-14
GSE278723,MVP,0.632044099533213,0.19818789330339154,0.0014270880352411392
GSE278723,MXD1,-0.9091045309780961,0.19472244270952727,3.0308235087777063e-6
GSE278723,MXD4,0.6618289126424775,0.1077574706849105,8.157210336810587e-10
GSE278723,MXRA8,0.9021817760405192,0.1326217367108839,1.0269843385871719e-11
GSE278723,MYBBP1A,0.6952389397217762,0.0683480464122807,2.6431888319320475e-24
GSE278723,MYBL1,-0.647352830047038,0.21373880950505686,0.0024560046762776505
GSE278723,MYBPC1,0.7183128139004601,0.1647022624990575,1.293032995216626e-5
GSE278723,MYBPHL,0.664689951623392,0.3064915803544935,0.030105055609273356
GSE278723,MYCBP,-0.763085878264144,0.2608610979594785,0.0034417132407974843
GSE278723,MYCBPAP,0.889986894796191,0.2895229362600743,0.0021122559955651116
GSE278723,MYCN,0.6390694878541164,0.10438856151423383,9.239294158260694e-10
GSE278723,MYCT1,-0.6876279422957794,0.21429001721005744,0.0013325960005199835
GSE278723,MYDGF,0.5836480420392829,0.12496109183940808,3.002654724668356e-6
GSE278723,MYEF2,-0.735263917132933,0.06761828485342906,1.5375887096732659e-27
GSE278723,MYEOV2,0.8211759623015804,0.07245543128095541,8.952032391931507e-30
GSE278723,MYH14,0.847296146576765,0.07460011228540807,6.780021093411417e-30
GSE278723,MYH15,0.593216049779983,0.27731824358176027,0.03242622882226018
GSE278723,MYH7B,0.8629164158269804,0.18289056346738564,2.379267134132266e-6
GSE278723,MYH9,0.623905861126272,0.1849858156525203,7.442886753418039e-4
GSE278723,MYL3,0.9649510622663358,0.13083188892426775,1.637250270841868e-13
GSE278723,MYL5,0.743338041582018,0.30923510987252667,0.01622583638535989
GSE278723,MYL6,0.597145215525911,0.1275745976884013,2.8582275951645635e-6
GSE278723,MYL6B,0.583493466617832,0.13655060419727177,1.9277977696469325e-5
GSE278723,MYLK,0.7075968415132661,0.11751466384712428,1.7296899907499027e-9
GSE278723,MYLK4,-0.61528075440906,0.2026185801668207,0.0023922679788313354
GSE278723,MYO10,0.586543983578063,0.23471727678782447,0.012456601033175755
GSE278723,MYO15A,0.680001305185144,0.32916198433617894,0.03884206566251901
GSE278723,MYO18A,0.6501948934766851,0.12245740214487297,1.0989035475645552e-7
GSE278723,MYO1B,-0.9022233925683453,0.08782804723145805,9.363520822742859e-25
GSE278723,MYO1F,0.6755203135809043,0.13742370679915983,8.850983615796338e-7
GSE278723,MYO5B,0.7124838973350194,0.23700054705267887,0.0026448776351047096
GSE278723,MYO9A,-0.6442716195232773,0.0646079871382878,2.0209287686304129e-23
GSE278723,MYO9B,0.6625846280100212,0.13300822343509117,6.308307855658482e-7
GSE278723,MYOM2,0.703849457991608,0.28799333456660503,0.014526300548927382
GSE278723,MYPN,1.55494635463913,0.6874371162229918,0.023700675169012298
GSE278723,MYPOP,0.6495058700499478,0.10396261301737857,4.1708852865085634e-10
GSE278723,MYSM1,-0.7339959164014898,0.07917071480002358,1.843166456551072e-20
GSE278723,MZT1,-0.7778493007940578,0.11875168038529563,5.7453454813599376e-11
GSE278723,MZT2A,1.3840507506791688,0.07480253389706076,1.9629185730950146e-76
GSE278723,MZT2B,1.4547997629967249,0.07433695361706034,2.768062401338308e-85
GSE278723,N4BP2,-0.6608774641291937,0.10664853627099592,5.763014388993395e-10
GSE278723,N4BP2L1,-0.656909226070794,0.07353307432232668,4.126628776834855e-19
GSE278723,N4BP2L2,-0.9205177795821692,0.06570786216215246,1.3684505336638215e-44
GSE278723,N6AMT1,-0.7307588513620631,0.07577895197091528,5.247553117024421e-22
GSE278723,NAA15,-0.6475894335822405,0.05586710385486157,4.545312438292001e-31
GSE278723,NAA16,-0.7848073474899178,0.06466143454892667,6.710044060610059e-34
GSE278723,NAA25,-0.6566834622160476,0.0799382281215517,2.1236521978500857e-16
GSE278723,NAA38,1.5350696019777665,0.0803166658941162,1.978971774777637e-81
GSE278723,NAA50,-0.6912841909873105,0.08883816989363463,7.173361945028512e-15
GSE278723,NAA60,0.7333164018930937,0.10693549038214854,7.004724828857494e-12
GSE278723,NAALAD2,-0.6763259128761391,0.11285562309179181,2.062052326421454e-9
GSE278723,NABP1,-1.2379395808247362,0.2074301897425459,2.4020627055033566e-9
GSE278723,NACAD,0.6690074863657504,0.09420695058358426,1.2344009921478124e-12
GSE278723,NACC1,0.7575066751048,0.0807253048285329,6.366266459000399e-21
GSE278723,NAE1,-0.9169299772877856,0.07574907956678725,9.957150750140638e-34
GSE278723,NAF1,-0.6427141493817866,0.10517193081796684,9.895874882441643e-10
GSE278723,NAGLU,0.7294667881008137,0.09928907224513256,2.02857995031621e-13
GSE278723,NAGPA,0.639439510693094,0.2214863942420907,0.003888879626722557
GSE278723,NAIF1,0.616607652200084,0.2364510020826269,0.009113661790609996
GSE278723,NAIP,-0.693200879996319,0.27755276010642604,0.012505611926106724
GSE278723,NAMPT,-1.0574205558507446,0.11079547305229141,1.3756393711742501e-21
GSE278723,NANP,-0.7148956322614771,0.11929917591471333,2.066892993801914e-9
GSE278723,NAP1L1,-0.844674790001842,0.07590328808298584,9.13581573985165e-29
GSE278723,NAP1L2,-0.7618788821725012,0.24320748721313873,0.0017324814430982902
GSE278723,NAP1L3,-0.740045822970186,0.3250508815493587,0.02280369044076393
GSE278723,NAP1L5,-0.7987514343132929,0.20522809111246346,9.941384808400449e-5
GSE278723,NAPB,-1.3089311032383397,0.3835038322250875,6.423195022836154e-4
GSE278723,NAPG,-0.8486379604020834,0.1060557535247908,1.2260373766158583e-15
GSE278723,NAPRT,0.9556612226298563,0.15350305993874774,4.794659866539303e-10
GSE278723,NAT14,1.0170168948515868,0.09669665634668208,7.167495733367223e-26
GSE278723,NAT6,0.8061118210192079,0.10531142925783517,1.939871716386131e-14
GSE278723,NAT8L,0.9950139264815766,0.10023731039563168,3.1900191265045456e-23
GSE278723,NATD1,0.6868659080475097,0.1274238052690036,7.029909869665897e-8
GSE278723,NAV2,0.618488795031105,0.16552740949647865,1.8661903485311793e-4
GSE278723,NBEA,-0.582537195852092,0.25875161900575494,0.02436417604517591
GSE278723,NBEAL1,-0.8076490438016103,0.048906005047231256,2.8944113825695503e-61
GSE278723,NBN,-0.6943076621512844,0.05762874651824554,1.9885848398731095e-33
GSE278723,NCALD,-0.709692030406533,0.2986245214888141,0.01747603938718292
GSE278723,NCAM2,-0.656518600270487,0.18268392819997845,3.2596470595318847e-4
GSE278723,NCAN,0.6821130086180472,0.1323541052921867,2.553999502423414e-7
GSE278723,NCBP2,-0.749153297022212,0.24337827419812763,0.0020829445934550453
GSE278723,NCDN,0.8330282561172471,0.10672333069714258,5.926919390045114e-15
GSE278723,NCF2,1.3333314058154242,0.29777822229548423,7.548730088581912e-6
GSE278723,NCF4,0.8475904362413359,0.1826505914348572,3.4756379920880846e-6
GSE278723,NCK2,0.66737969840052,0.1814912693181863,2.3580813815156994e-4
GSE278723,NCKIPSD,0.7114711467959404,0.05725561809630549,1.8832130472960678e-35
GSE278723,NCLN,0.6578822389394144,0.0845854659835675,7.384212003144754e-15
GSE278723,NCOR2,0.9124131429758019,0.08900311515816355,1.1655210311099953e-24
GSE278723,NCR3LG1,-0.6657446957740933,0.16844817242543988,7.742862083047995e-5
GSE278723,NDC1,-0.7483851256011328,0.07690890349703887,2.228344162221208e-22
GSE278723,NDE1,0.6264269379001323,0.2018464446500498,0.0019125745201653906
GSE278723,NDFIP1,-0.7579814004963012,0.1279455724921654,3.1372822669706236e-9
GSE278723,NDFIP2,-0.7979951158636495,0.15557402946879093,2.907297645913393e-7
GSE278723,NDN,0.637913043108914,0.17587580559562518,2.866607440065251e-4
GSE278723,NDOR1,0.6834138344680091,0.09372028807182332,3.0525428222514526e-13
GSE278723,NDRG2,0.7340260784440928,0.13702728942927128,8.471463034867375e-8
GSE278723,NDST1,0.7099723060229288,0.12397916280517682,1.0249633426847849e-8
GSE278723,NDST3,-0.826500717657569,0.2702452075036885,0.002225696731731314
GSE278723,NDUFA1,1.280421780155857,0.0917803159152435,3.1048132865116845e-44
GSE278723,NDUFA11,1.1995958653562617,0.06830041075471241,4.687325369376263e-69
GSE278723,NDUFA12,0.70159741007151,0.2062580585471022,6.700450045502707e-4
GSE278723,NDUFA13,0.8277210810309926,0.114945593152771,5.978069258676529e-13
GSE278723,NDUFA2,0.9491403946367793,0.07753763917038044,1.8764135391416625e-34
GSE278723,NDUFA3,1.1151532890617224,0.06921884885678448,2.1512404061235037e-58
GSE278723,NDUFA4L2,1.04394107461907,0.2970732608147249,4.4126943364961973e-4
GSE278723,NDUFA5,-1.0661679463902336,0.09568304367711263,7.772204835832865e-29
GSE278723,NDUFA7,0.971708903571389,0.11277225461914646,6.8995620682541e-18
GSE278723,NDUFAF3,0.8634654892754081,0.06536455460326834,7.682875537240931e-40
GSE278723,NDUFAF4,-0.9465662962385943,0.10647238573251298,6.097069885964438e-19
GSE278723,NDUFAF5,-0.8550670295419119,0.15600544014725906,4.22909907541439e-8
GSE278723,NDUFAF7,-0.649950777330463,0.25557677739732504,0.010988180770815885
GSE278723,NDUFB11,0.9860656185039056,0.07046295073368031,1.6935871736049444e-44
GSE278723,NDUFB2,0.9551577493356649,0.060045187440673345,5.63795151456611e-57
GSE278723,NDUFB5,-0.7731727486554838,0.07792326560741601,3.3321865600037894e-23
GSE278723,NDUFB7,1.3826012263992058,0.07997902279098838,5.889169080412889e-67
GSE278723,NDUFB9,0.7202389203532896,0.0901776189347218,1.3838301045722132e-15
GSE278723,NDUFC1,0.6271675373368045,0.10514860270941406,2.452600174372734e-9
GSE278723,NDUFS4,-0.593648177748778,0.12174719415870537,1.0821870250847129e-6
GSE278723,NDUFS5,0.8387476301859073,0.10641796390328086,3.2312277396032655e-15
GSE278723,NDUFS6,0.7775549772004524,0.09242415986718416,4.0000472531119716e-17
GSE278723,NDUFS7,0.9074321898351652,0.0502071661848111,5.1297167374013605e-73
GSE278723,NDUFS8,0.7284288347131842,0.057284203631226875,4.815926612175452e-37
GSE278723,NDUFV2,-0.694991041263425,0.22248960493687372,0.0017859172941619937
GSE278723,NECAB1,-1.1213719063582006,0.1534330615103991,2.7005742606679186e-13
GSE278723,NECAB2,0.7715277701321791,0.15142870051940202,3.4875899229245465e-7
GSE278723,NECAB3,0.587449914989547,0.14031782996160222,2.832060851593023e-5
GSE278723,NECAP1,-0.6462084769465464,0.21270795754508615,0.002381476313300849
GSE278723,NECAP2,0.613213217700339,0.12496743650521626,9.248755112774838e-7
GSE278723,NEDD1,-0.7785074653482359,0.11761529402069883,3.6139081633659715e-11
GSE278723,NEDD4,-0.6329787640844898,0.10633649901634372,2.6391395456612395e-9
GSE278723,NEGR1,-0.641197896431806,0.3000563848366841,0.03260411766481549
GSE278723,NEK10,-0.6854696392194496,0.20566856144185744,8.595049735826772e-4
GSE278723,NEK5,-0.760012935676022,0.15588529818532157,1.0855378207211412e-6
GSE278723,NEK6,0.6789898313339281,0.2034484222499208,8.456455102779525e-4
GSE278723,NEK8,0.9043555342528105,0.18420901906763087,9.13560361126731e-7
GSE278723,NELFB,0.9422206936619936,0.0780268010556595,1.4211813420100544e-33
GSE278723,NELFE,0.5979668805213466,0.08732738437649155,7.51961095117738e-12
GSE278723,NEMP1,-0.6973290712420596,0.08814421976963328,2.54861069152067e-15
GSE278723,NEMP2,-0.7905110031972675,0.10251581256513181,1.2472527674079872e-14
GSE278723,NENF,0.6671044855640187,0.08871194516385661,5.4820379895662973e-14
GSE278723,NETO2,-0.803917657364168,0.2351010573642501,6.274654190313913e-4
GSE278723,NEU4,0.9761591415761578,0.15523678807484448,3.21179033170647e-10
GSE278723,NEURL1,0.8490628024098035,0.11192552356050188,3.30028375905051e-14
GSE278723,NEURL2,0.9538412063900915,0.14482729820107443,4.516528177482491e-11
GSE278723,NEURL4,0.6167168493597537,0.07348316987212557,4.753972593909656e-17
GSE278723,NEUROD2,0.7282814197010742,0.12771832865132704,1.1823852717087566e-8
GSE278723,NEUROD6,-0.848553995795036,0.39187907669638916,0.030361158153779495
GSE278723,NEUROG2,1.0060422389123074,0.1772180442401837,1.3718870082650168e-8
GSE278723,NEXN,-1.0890052139824649,0.2624739193497939,3.339256842866518e-5
GSE278723,NF2,0.688230554359679,0.18211942915134152,1.5745514860616248e-4
GSE278723,NFAM1,0.8353234814888338,0.12693321275664451,4.6788907380423184e-11
GSE278723,NFATC1,0.8508366138466815,0.12227611671082354,3.4434903816976525e-12
GSE278723,NFATC2,0.7619754975102441,0.12881493206810882,3.313254474837698e-9
GSE278723,NFE2L2,-0.632905878134853,0.21705468645513626,0.003546844868480153
GSE278723,NFIC,0.6893852689484742,0.08739416433195553,3.065024950128878e-15
GSE278723,NFIL3,-0.65615379123797,0.30944911364861394,0.03397290107195158
GSE278723,NFIX,0.7090182490814836,0.10918838368675071,8.384701950752267e-11
GSE278723,NFKBIL1,0.8128095076610502,0.06432729832016507,1.3448491713942842e-36
GSE278723,NFYA,-0.598276808851695,0.13019630023557507,4.323539812035014e-6
GSE278723,NFYB,-0.7402647966831616,0.09809081907970309,4.4632708419460454e-14
GSE278723,NGB,1.21432062605756,0.2666077697244273,5.245831673821532e-6
GSE278723,NGEF,0.6699647843891421,0.18386288135104528,2.6861256687303635e-4
GSE278723,NGFR,1.68352247413169,0.6971423517922268,0.015739938805312947
GSE278723,NGFRAP1,0.603127051476416,0.2021491103063917,0.002849021112015982
GSE278723,NHLH2,-0.6689198216741384,0.1930091041605014,5.287697805485567e-4
GSE278723,NHLRC2,-0.6398145818097936,0.07832077611608558,3.105562238722437e-16
GSE278723,NHLRC3,-0.9020799047146832,0.09998273128290325,1.840850502307991e-19
GSE278723,NHP2,0.616337379595351,0.15550820943839516,7.389750457123301e-5
GSE278723,NHSL1,0.636569955791721,0.2511085112860073,0.011243469722352975
GSE278723,NID2,0.685577130747646,0.24472136884747364,0.005087194421613869
GSE278723,NIFK,-0.6566151882386283,0.0928972219225626,1.569678643784818e-12
GSE278723,NINJ1,0.9208454914409735,0.102860247056508,3.4785384380263966e-19
GSE278723,NINJ2,0.9082403113792263,0.21039977227134324,1.5835322555038506e-5
GSE278723,NINL,0.6322504017644397,0.14738288216808396,1.7879413820247617e-5
GSE278723,NIP7,-0.6711426069344478,0.10866050732262945,6.553445450187538e-10
GSE278723,NIPA2,-0.7425724632366795,0.07876992051204476,4.215557082169818e-21
GSE278723,NIPAL2,-0.7994440974332916,0.16600600887689912,1.4664511188028477e-6
GSE278723,NIPSNAP3A,-0.6642148666717448,0.11312187760343505,4.3141464572771315e-9
GSE278723,NIPSNAP3B,-1.09407721905946,0.2894965809735621,1.573074009928438e-4
GSE278723,NISCH,0.631889064642389,0.08450158779974606,7.555606679717817e-14
GSE278723,NIT2,-0.6782063881966403,0.10762608832346457,2.9476830855996094e-10
GSE278723,NKAIN1,1.07886610525591,0.3862984360209385,0.005224904091963287
GSE278723,NKAIN2,-0.8043119110459875,0.08476877593170876,2.3482372830077197e-21
GSE278723,NKAIN4,0.7940404231689786,0.11593473679233654,7.43527061698274e-12
GSE278723,NKD2,0.8530836243378326,0.14669733128977472,6.053847711626682e-9
GSE278723,NKIRAS1,-0.7708136774489485,0.10290969372718728,6.877134047156383e-14
GSE278723,NKRF,-0.6972461690111489,0.15983958438966672,1.2878342265127387e-5
GSE278723,NKTR,-0.6011249661095861,0.14413158057502917,3.037081036528752e-5
GSE278723,NKX2-2,0.749343357796529,0.2714873794558135,0.005777647750040326
GSE278723,NLGN1,-0.6364639659922112,0.11844096309147659,7.714524275760276e-8
GSE278723,NLGN2,0.6462981057687055,0.06808424957428548,2.2529279701355783e-21
GSE278723,NLK,-0.6418494258435238,0.059495471641855334,3.9135284390791734e-27
GSE278723,NLN,-0.7081351325186274,0.09492127291406792,8.636739899741565e-14
GSE278723,NLRX1,1.0666003830624509,0.09182501539330017,3.4346856609928278e-31
GSE278723,NMB,1.044279214349528,0.1784909066630439,4.897976602890285e-9
GSE278723,NME1-NME2,0.8565944743027041,0.23038493609999094,2.0072597641332981e-4
GSE278723,NME2,0.7208488423728271,0.07045981259842399,1.4456369434412615e-24
GSE278723,NME3,0.8496938300953749,0.08694576855497461,1.4748679631293907e-22
GSE278723,NME4,0.6969559026051784,0.07956619598148142,1.9621000302420565e-18
GSE278723,NME5,-1.06840181324749,0.12854815846021087,9.466235976797832e-17
GSE278723,NMI,-1.077191812164041,0.17139968228798955,3.2853392213211235e-10
GSE278723,NMRAL1,0.680587277748711,0.15469748363404398,1.0851447976931224e-5
GSE278723,NMRK1,-0.8524088063763513,0.10400030250789633,2.4807512108677893e-16
GSE278723,NNAT,0.751900768473431,0.2525609821330652,0.0029098356149711664
GSE278723,NOC2L,0.606834612765523,0.12657750575022117,1.6334628840643361e-6
GSE278723,NOC3L,-0.7791241849470577,0.07455647843385362,1.463391515596769e-25
GSE278723,NOC4L,0.9943961946604545,0.08760703918056327,7.361960612748125e-30
GSE278723,NOG,0.666261352014528,0.31677686392304405,0.03544380774961583
GSE278723,NOL10,-0.6544347173134502,0.07852221420446417,7.789908880076708e-17
GSE278723,NOL11,-0.7623548646193589,0.07799059503060526,1.4421578526327677e-22
GSE278723,NOL8,-0.628243999068018,0.15223470705461664,3.678270304256523e-5
GSE278723,NOP10,1.3123916763961179,0.10631645606925717,5.235153954870508e-35
GSE278723,NOP58,-0.7711204769977067,0.1263046703828721,1.0264555309105982e-9
GSE278723,NOS2,0.67207766389627,0.3224526012900376,0.03713578920694637
GSE278723,NOSIP,0.8770697423116909,0.06466016749746965,6.520142310250351e-42
GSE278723,NOTCH1,1.0245248316342428,0.11488475995615247,4.754361693356743e-19
GSE278723,NOTCH2,0.7055850170837474,0.17669978460091626,6.520709645566378e-5
GSE278723,NOX4,-0.696882613160498,0.23305222313184773,0.0027875624030933993
GSE278723,NOXA1,0.850763155747156,0.11444761117147013,1.0564356681071416e-13
GSE278723,NPAS1,1.1515678013290556,0.14902716399970287,1.0990831546946682e-14
GSE278723,NPAT,-0.6749137164067995,0.08705731915526865,9.00857379789187e-15
GSE278723,NPC2,0.80402689675472,0.19726645829578307,4.5848162146879845e-5
GSE278723,NPDC1,0.7229275601600501,0.07327115086895457,5.817638302922922e-23
GSE278723,NPEPL1,0.709145626754601,0.10330405785318793,6.66570645907502e-12
GSE278723,NPHP3,-0.9014182342932664,0.1197354491451266,5.1359661916069023e-14
GSE278723,NPHP4,0.6354287250617761,0.09986599340246652,1.9809072568547745e-10
GSE278723,NPIPA5,-1.42537045096168,0.5710093715312867,0.012552135393676268
GSE278723,NPIPB11,0.698253545212849,0.32297553135735296,0.030622843065473124
GSE278723,NPIPB3,0.827423745494497,0.39950892551213985,0.038349262464696485
GSE278723,NPIPB4,-0.824988524791929,0.17489699844546402,2.3935183837135684e-6
GSE278723,NPM1,-0.6487487074484823,0.1078741107286588,1.810646712816588e-9
GSE278723,NPM2,0.606389075616167,0.20374317284527793,0.0029180408809025772
GSE278723,NPM3,0.827637008334298,0.15979905593380953,2.2279657771471455e-7
GSE278723,NPRL3,0.7014099580431307,0.0786180628983809,4.590166134824416e-19
GSE278723,NPTX1,0.765681998101967,0.1404965432838362,5.041855154521009e-8
GSE278723,NPTXR,0.7597434260756253,0.12588457628026123,1.5872819614524747e-9
GSE278723,NPY,1.28459536474262,0.6074328745990781,0.03444751323729717
GSE278723,NPY1R,-1.1590650944964795,0.2334323441701763,6.858968796036107e-7
GSE278723,NR1D1,1.2120667995464278,0.0898488927618392,1.7895903915023921e-41
GSE278723,NR1D2,-0.731952489439252,0.08889498076167182,1.8121315103691557e-16
GSE278723,NR1H2,0.768783707646788,0.06826287077342777,2.0187506589010504e-29
GSE278723,NR1H3,0.7056289166947095,0.13129315032000055,7.68153503125444e-8
GSE278723,NR2E1,0.637338546370118,0.14851135979056143,1.7745919162499264e-5
GSE278723,NR2F1,0.9783258010069787,0.09545100370386905,1.1894776634220256e-24
GSE278723,NR2F6,0.6846354616398251,0.11479560567091904,2.4620936051922053e-9
GSE278723,NR3C1,-0.6656385916341876,0.05975633286959723,8.082936555773e-29
GSE278723,NR4A2,-0.7500102132476679,0.2634721912798542,0.004418343631723695
GSE278723,NRAS,-0.8237943497974389,0.0614493130484475,5.570709104894651e-41
GSE278723,NRBP2,0.6991364626614635,0.09935672204616339,1.969453092968333e-12
GSE278723,NREP,-0.7336831882916737,0.14667272738185239,5.668601647699072e-7
GSE278723,NRG2,0.6134706464011596,0.120533608666896,3.587757761298889e-7
GSE278723,NRGN,0.7281732644315,0.3074932676631781,0.01787994497743644
GSE278723,NRIP1,-0.5929055914341985,0.1036597260475529,1.0669378290855245e-8
GSE278723,NRIP3,-0.596305075156984,0.2153835958822953,0.005630247775796493
GSE278723,NRL,0.6682245945542918,0.19367798936127598,5.602057177079989e-4
GSE278723,NRROS,0.9746311762561847,0.12652145059899855,1.326089920844756e-14
GSE278723,NRXN2,0.7620875460078086,0.0645691921083675,3.782122195375706e-32
GSE278723,NSA2,-0.584006342216176,0.12217536681179632,1.752374770523544e-6
GSE278723,NSMCE1,0.633877218479212,0.1413966822784254,7.361095490854178e-6
GSE278723,NSMCE2,-0.6682597883598204,0.08365763747837127,1.371111533224051e-15
GSE278723,NSMF,0.6676735915747141,0.11174123467966882,2.2984130419782285e-9
GSE278723,NSRP1,-0.7126113968981312,0.12849925194563544,2.928703870985325e-8
GSE278723,NSUN3,-0.7306546656260565,0.08128023400871381,2.4874714061288065e-19
GSE278723,NSUN5,0.607190217499218,0.1347835449847097,6.639533033424181e-6
GSE278723,NT5C,0.720312500418665,0.1953614475720488,2.268456434218031e-4
GSE278723,NT5C1A,0.7378128335256542,0.12085591959549424,1.028675696036693e-9
GSE278723,NT5C2,-0.7015292639663063,0.07519399749077876,1.0627993884009911e-20
GSE278723,NT5C3A,-0.9069694048276965,0.07105314635200295,2.582689332280571e-37
GSE278723,NT5C3B,0.5931026114706195,0.09149069797933695,9.012254483498468e-11
GSE278723,NT5DC1,-0.7313526499803166,0.10282353071222429,1.1379667875975688e-12
GSE278723,NT5DC2,0.7091873017800772,0.10775464889093,4.657231798508408e-11
GSE278723,NT5M,0.933613873701351,0.11339711427350138,1.8237481099288468e-16
GSE278723,NTF3,-1.3827648605752898,0.5819628803595452,0.017499746715617104
GSE278723,NTHL1,0.680755894224168,0.18196610574428168,1.832065969591587e-4
GSE278723,NTN1,0.7672463250522897,0.1436502457726597,9.239847690574122e-8
GSE278723,NTN3,1.3729891587186696,0.24011574664246602,1.0776581372316703e-8
GSE278723,NTN5,0.6830926712912969,0.1916423899086559,3.646710507622515e-4
GSE278723,NTNG1,-0.808296521365245,0.2685599504007748,0.0026146853852494333
GSE278723,NTNG2,0.7844167137443547,0.09861275565220443,1.7983355841412057e-15
GSE278723,NTSR2,1.774073984677151,0.14867615994781874,8.015809985811728e-33
GSE278723,NUAK2,0.822702956400449,0.18274279068164767,6.7325801739886565e-6
GSE278723,NUBP2,0.8349975853497641,0.07530765901916674,1.4375208707926975e-28
GSE278723,NUBPL,-0.696135760023359,0.16130171530693121,1.590713735279421e-5
GSE278723,NUCB1,0.6443336729966986,0.08375458631034727,1.435952199328879e-14
GSE278723,NUCB2,-0.6473378476213282,0.07127375156664187,1.0619122409479011e-19
GSE278723,NUDC,0.6205605315847406,0.0901628486572757,5.874375295567527e-12
GSE278723,NUDCD1,-0.9223086255702125,0.07124632844464612,2.496244529347385e-38
GSE278723,NUDCD2,-0.6940690076278588,0.08757930773511242,2.2808357880324588e-15
GSE278723,NUDT1,1.0242348715984795,0.12625118732693816,4.9517316791074305e-16
GSE278723,NUDT11,-0.716688775337396,0.2484271649346722,0.003915317657482809
GSE278723,NUDT12,-0.8543117912686584,0.09679069001495641,1.0811443677300342e-18
GSE278723,NUDT15,-0.691977779758644,0.15479912823991945,7.815895855644235e-6
GSE278723,NUDT16L1,0.8548481605486732,0.17481709140854476,1.0085771219459038e-6
GSE278723,NUDT18,0.627910233980467,0.15153407836428848,3.4176177431020864e-5
GSE278723,NUDT21,-0.6884558796278315,0.07910807047552967,3.240048930853575e-18
GSE278723,NUDT22,0.6720477949106318,0.09592663312036064,2.45487302695099e-12
GSE278723,NUDT5,-0.7871054964946672,0.07903411381761123,2.3022872820690734e-23
GSE278723,NUDT6,-0.7236306500290441,0.2049944132638108,4.155568227380249e-4
GSE278723,NUDT8,1.1725307204251791,0.23148635192721362,4.0791582018748205e-7
GSE278723,NUDT9,-0.696554845756088,0.23762709473839658,0.0033755329993808395
GSE278723,NUFIP2,-0.8236394278383993,0.06127137629661467,3.408065185723826e-41
GSE278723,NUMA1,0.6668714545608342,0.08119392991012939,2.1516120466343852e-16
GSE278723,NUMBL,0.6274101622670061,0.07723872180554725,4.547981047045107e-16
GSE278723,NUP155,-0.618228401198784,0.1325230718479475,3.0852338233797775e-6
GSE278723,NUP37,-0.8872666369290072,0.12608340410320013,1.9622488797760154e-12
GSE278723,NUP58,-0.6070519984550068,0.09913297839749412,9.147690714396983e-10
GSE278723,NUPR1,0.7408430963015492,0.17921296056628658,3.5670516236628636e-5
GSE278723,NWD1,0.884908963323167,0.3461202241539893,0.01056848870604934
GSE278723,NXPE3,-0.7331347878904576,0.07240887058852234,4.2828254959365975e-24
GSE278723,NXPH3,0.8612255154581071,0.14158476270525666,1.1813431681324754e-9
GSE278723,NXT2,-0.67800329886939,0.2308921999167252,0.0033199280602264685
GSE278723,NYAP1,0.8296304737684392,0.08506583653978002,1.794412357270853e-22
GSE278723,OAF,1.3260856749383845,0.1425978199955107,1.4113329524914807e-20
GSE278723,OARD1,-0.7000147762801168,0.07397048788229178,2.9799465119211194e-21
GSE278723,OBSCN,0.768301886638254,0.14266456420212084,7.229458194068304e-8
GSE278723,OBSL1,0.8953343857270686,0.06762710159742394,5.204278503882508e-40
GSE278723,OCEL1,0.7814169211991167,0.11112212814343786,2.0351348574808215e-12
GSE278723,OCIAD1,-0.8696290952506492,0.07052300111481433,6.156840903079185e-35
GSE278723,ODF2L,-0.8959775417080298,0.08246233132304752,1.6867747160585997e-27
GSE278723,OFD1,-0.6154746113329196,0.11638343965590632,1.2343479700060054e-7
GSE278723,OGDH,0.692027642010471,0.11981874241341746,7.666978924197036e-9
GSE278723,OGDHL,0.7239812616805783,0.10865971029907465,2.6860288818089936e-11
GSE278723,OGFOD1,-0.6217883627047723,0.1299235066832246,1.703046854614057e-6
GSE278723,OGFOD2,0.943154609725065,0.2655068117270452,3.81907833503956e-4
GSE278723,OGFOD3,0.60224876913411,0.11503410450769544,1.6463399578891833e-7
GSE278723,OGFR,0.6280569209555745,0.09377423097580295,2.119532339769496e-11
GSE278723,OGFRL1,-0.7449451204272155,0.1148419418869532,8.773731721533661e-11
GSE278723,OGT,-0.6803839808511576,0.13085250109856758,1.9969062823507413e-7
GSE278723,OLA1,-0.7725734791468963,0.12189986943130258,2.331126840739061e-10
GSE278723,OLFM2,0.6603847709159107,0.1418967285061032,3.2558578849908805e-6
GSE278723,OLFM3,-1.254220238361052,0.34578257587215683,2.8651881088885057e-4
GSE278723,OLFML2B,0.7736390375429503,0.2036193429355971,1.450246774651682e-4
GSE278723,OLR1,-1.0766362602064,0.43715487023098293,0.013784690017183479
GSE278723,OMA1,-0.787427730443531,0.07615208669219616,4.635738954594078e-25
GSE278723,ONECUT1,0.718182171429472,0.33156413769460014,0.03030790308478972
GSE278723,ONECUT2,-0.849571743507683,0.40683969907956563,0.03677778410519043
GSE278723,OPA1,-0.6830026568970058,0.08249876556003233,1.2427239775013146e-16
GSE278723,OPCML,-0.702263815359701,0.3333990864955876,0.0351717092492496
GSE278723,OPLAH,0.7874695510694701,0.1236465359613437,1.9061840184307947e-10
GSE278723,OPN3,-0.622148435077545,0.21952742957574026,0.004596428688299956
GSE278723,OPRK1,-0.663344650464947,0.2687595049774404,0.013580509622069206
GSE278723,OPRL1,0.9108315465064477,0.0858336793573499,2.6323971567231864e-26
GSE278723,OR9A2,-1.3065458350703167,0.17041956570589523,1.7655739646454524e-14
GSE278723,ORAI1,0.7897712753634217,0.19189654237802536,3.861572430205125e-5
GSE278723,ORAI2,0.7326469546829258,0.21114424313725605,5.206747054065348e-4
GSE278723,ORAI3,1.04253177970413,0.4132063011799364,0.011634856628023745
GSE278723,ORC2,-0.7424907327018433,0.0676329933783313,4.863456879167045e-28
GSE278723,ORC3,-0.6056650068039926,0.07389309318672382,2.4747980539170244e-16
GSE278723,ORC4,-0.7110290180583604,0.09226230430008737,1.2921022483953953e-14
GSE278723,ORC5,-0.8411010632083711,0.08258665171782792,2.3263019672006686e-24
GSE278723,ORMDL1,-0.8253675383008154,0.07887088104390007,1.2534862773912942e-25
GSE278723,OSBPL10,-0.6337554272159247,0.15244568630790445,3.220959230494419e-5
GSE278723,OSBPL1A,-0.615143109965818,0.14558164640295135,2.384991098539923e-5
GSE278723,OSBPL8,-0.7918558596891369,0.07584381721814944,1.6176462446349113e-25
GSE278723,OSBPL9,-0.6532051496193291,0.0784163383886094,8.086804052445591e-17
GSE278723,OSGEP,-0.581083725920757,0.2784551187540333,0.036905053179266546
GSE278723,OSGEPL1,-0.7059562839640598,0.14088243597059213,5.415910723196173e-7
GSE278723,OSGIN1,0.976264835193575,0.2597196113281254,1.7064945351285733e-4
GSE278723,OSGIN2,-0.607955001271604,0.20928851970352372,0.0036741094246469726
GSE278723,OSMR,-0.6892621117715222,0.11372601351106804,1.3550920760703921e-9
GSE278723,OST4,0.6687934538003033,0.08185016968136484,3.0597632702061057e-16
GSE278723,OSTC,-0.8410816752425357,0.08935961069863735,4.8528269943711636e-21
GSE278723,OTOGL,-1.05759701505937,0.3331749913487717,0.0015019892065231348
GSE278723,OTUD5,0.7176737059254878,0.053264753465528905,2.2336263468621475e-41
GSE278723,OTULIN,-0.628810274421988,0.12574909020955247,5.717723163621219e-7
GSE278723,OTX1,1.1427667141569415,0.15920414002531535,7.074051954951874e-13
GSE278723,OVCH1,-0.989051988015294,0.43326224422034987,0.02244202453704079
GSE278723,OXCT1,-0.72156703754068,0.21413345779180348,7.524811616250502e-4
GSE278723,OXLD1,0.6165709273384435,0.12497969924601728,8.082341054866761e-7
GSE278723,OXR1,-0.7270117839548077,0.18407720413611603,7.831662599934274e-5
GSE278723,P2RX2,1.463335780844101,0.44136160680503583,9.147832256391037e-4
GSE278723,P2RX5,0.6614831753536595,0.14993352801344587,1.0249445902074651e-5
GSE278723,P2RY11,0.6803086143110493,0.13257245548090377,2.8729180611104233e-7
GSE278723,P2RY12,-0.9747879809721387,0.2561192108856339,1.4123624962726869e-4
GSE278723,P2RY14,-1.69135963668003,0.3635733202679511,3.286584998402434e-6
GSE278723,P3H1,0.681283191016546,0.19338673041075574,4.2684340191732765e-4
GSE278723,P3H4,0.6114399681192231,0.18790780297440784,0.0011381791150587798
GSE278723,P4HA1,-0.8410915390483487,0.08436852311207663,2.077760968635647e-23
GSE278723,PABPC3,0.7677859108381262,0.1693411148476656,5.7887883326701555e-6
GSE278723,PABPC5,-0.7937115512828445,0.1296648913634805,9.284259443678813e-10
GSE278723,PACRGL,-0.673060887054148,0.129005000975008,1.8152657566411563e-7
GSE278723,PACS1,0.6623883250567043,0.053692958476228306,5.753756653543215e-35
GSE278723,PACS2,0.6563225381154338,0.11961650648994936,4.090731394413187e-8
GSE278723,PACSIN1,0.7695007224190717,0.09566421253443468,8.711744888786742e-16
GSE278723,PACSIN3,0.6535284317751859,0.13247616263328932,8.090254967518159e-7
GSE278723,PADI2,0.734268574221116,0.2280263679421294,0.0012814418785278268
GSE278723,PAFAH1B2,-0.6820163279820131,0.05840193437330394,1.651839128686649e-31
GSE278723,PAFAH1B3,0.618567740958595,0.1980665887482295,0.001789999858182336
GSE278723,PAG1,-0.6575424600091104,0.058170045445074446,1.2566268301386488e-29
GSE278723,PAGR1,0.587048129143365,0.20321520556817632,0.0038671468744565936
GSE278723,PAICS,-0.6158118103168254,0.09374183615112577,5.057564814650195e-11
GSE278723,PAIP2,-0.7457650399680995,0.14084113747330224,1.1896455028300345e-7
GSE278723,PAIP2B,-1.0182561540093797,0.17603262349907445,7.273952214602195e-9
GSE278723,PAK1IP1,-0.619463835763884,0.20994805383556228,0.003172008451259521
GSE278723,PAK2,-0.59538595150245,0.11482953108436282,2.1606702735668292e-7
GSE278723,PAK3,-0.8357741562318214,0.19141585657891128,1.2638368705482671e-5
GSE278723,PAK4,0.8551335730143665,0.07617654110515396,3.050263489191596e-29
GSE278723,PALM,0.83056271777313,0.11626355597533926,9.079043199558734e-13
GSE278723,PALM3,1.0398932771451916,0.1564546511676902,2.9991735783627554e-11
GSE278723,PALMD,-0.6230339476099607,0.13806100189977993,6.399426945379044e-6
GSE278723,PAMR1,1.049973859593402,0.09344844859609137,2.718281198072139e-29
GSE278723,PAN3,-0.6367014500731422,0.08653938548111807,1.8758237137682576e-13
GSE278723,PANK1,-0.6806590901124773,0.10451122609499551,7.377032610405961e-11
GSE278723,PANK3,-0.8419538400173012,0.059462139755095934,1.6316362668839338e-45
GSE278723,PANX2,1.0357945644833755,0.103714444093955,1.7378785817810003e-23
GSE278723,PAOX,0.693478624743528,0.10140772226049226,8.001611187439606e-12
GSE278723,PAPLN,0.9756937960908694,0.13665917014676734,9.359301195375148e-13
GSE278723,PAPOLA,-0.8124951941315774,0.0739776878531781,4.614647111734119e-28
GSE278723,PAPOLB,-0.9548713993041399,0.1564227134764723,1.0316862860102298e-9
GSE278723,PAPOLG,-0.6810962003722397,0.08922805958904793,2.2898573595493885e-14
GSE278723,PAPSS2,-0.665101085655337,0.3208466503917617,0.038176346581780055
GSE278723,PAQR3,-0.778365976162871,0.11316175176307022,6.0550357148629775e-12
GSE278723,PAQR4,0.8742066498625247,0.10738627124498736,3.927805226622083e-16
GSE278723,PAQR7,0.713254830250021,0.1569124280212713,5.478942949417847e-6
GSE278723,PARD6A,0.825754840004689,0.11132779158104252,1.1950596832799646e-13
GSE278723,PARP10,0.580488070710735,0.20764698818833913,0.005181107526451771
GSE278723,PARP11,-0.6868444603424333,0.06688971117701831,9.790209029696234e-25
GSE278723,PARP12,-0.591687472338284,0.1687700308284878,4.5510038462678035e-4
GSE278723,PARP3,0.7996904787114846,0.08443939394840232,2.782801248483492e-21
GSE278723,PARP9,-0.6408394781555868,0.14596336346370015,1.1313546855142873e-5
GSE278723,PARVG,0.634206073996579,0.29401510645521833,0.03100155985491824
GSE278723,PAWR,-0.7389862484549572,0.10033006516336604,1.7641618063564577e-13
GSE278723,PAX6,0.7813796165659699,0.13208402582852175,3.3031288012698637e-9
GSE278723,PAXBP1,-0.6603956426441667,0.0757015354273228,2.69313765752989e-18
GSE278723,PBRM1,-0.6002819641966656,0.08282626352046628,4.2458668578227506e-13
GSE278723,PBX4,0.7808564202993135,0.10824882697009208,5.451874530110183e-13
GSE278723,PBXIP1,0.9062149172053637,0.09590131594208906,3.406079979191633e-21
GSE278723,PC,0.9002489529213369,0.06235486462510401,3.00505605322214e-47
GSE278723,PCBP4,0.6371327328771499,0.18421422735531276,5.428877411858928e-4
GSE278723,PCDH1,0.6777103417821595,0.07527374722165088,2.1908017838741225e-19
GSE278723,PCDH10,0.697538150083329,0.2657972197080863,0.008682102883786956
GSE278723,PCDH11Y,-3.96386796468971,1.6041002246422156,0.013470380599557892
GSE278723,PCDH18,-0.9420124155733384,0.11341141222282469,9.885568080807869e-17
GSE278723,PCDH8,1.0569853692207525,0.1780680250717607,2.9232415086516954e-9
GSE278723,PCDH9,-0.744763179834218,0.06714177093685213,1.365781821731966e-28
GSE278723,PCDHA10,-0.6836670969605381,0.10446082809909693,5.960609426955726e-11
GSE278723,PCDHA4,-0.627378966572493,0.25061032653058424,0.012300494451368804
GSE278723,PCDHA9,-0.5881727809255138,0.14997240043488283,8.786312489436068e-5
GSE278723,PCDHB15,-0.600999405689291,0.1469031541224282,4.292826423411343e-5
GSE278723,PCDHB16,-0.625254368941153,0.09721818001808298,1.2638803948775258e-10
GSE278723,PCDHGA3,0.816941678158439,0.27720139310737335,0.0032076401638272117
GSE278723,PCDHGA8,-0.7327394922075579,0.1191062108411145,7.651964454236442e-10
GSE278723,PCDHGC3,0.923099369202104,0.43425107427465415,0.03352597136233953
GSE278723,PCED1A,0.6694537911383378,0.09126329201571785,2.2104145797940988e-13
GSE278723,PCGF1,0.6322817428617685,0.14254287133397459,9.176064430185384e-6
GSE278723,PCGF5,-0.6645657343039041,0.1004639728104011,3.716379033527292e-11
GSE278723,PCIF1,0.668695224753971,0.060960672771886,5.369305986555478e-28
GSE278723,PCK2,0.7680261393257952,0.17854412636912287,1.6956610640042544e-5
GSE278723,PCMTD1,-0.927178320013287,0.10069458470073522,3.327933777752258e-20
GSE278723,PCMTD2,-0.637170668919778,0.16858514279233885,1.5713190817702007e-4
GSE278723,PCNT,0.6242297641301041,0.16852454698632285,2.1215254747836991e-4
GSE278723,PCNXL3,0.7636626040061171,0.068857705764141,1.3959149308715345e-28
GSE278723,PCNXL4,-0.7879955967965571,0.056734722220454344,7.37314564012909e-44
GSE278723,PCOLCE,0.8168379721052608,0.13035669218615015,3.7002217414220926e-10
GSE278723,PCSK1N,2.263448538809028,0.10274342803885947,1.4822836095072846e-107
GSE278723,PCSK4,0.7238637983681145,0.12222393872999451,3.1720184762729924e-9
GSE278723,PCSK5,0.691162879340204,0.16862749776391106,4.153775867280127e-5
GSE278723,PCYOX1,-0.678849303088526,0.10748342404986001,2.6867863237720086e-10
GSE278723,PCYT2,0.6845144348623634,0.07233509051007754,2.9893678899363256e-21
GSE278723,PDCD2,-0.6302563875224931,0.1024175709897193,7.56520842842244e-10
GSE278723,PDCD2L,0.6572902709719954,0.16661599263591403,7.981960843248525e-5
GSE278723,PDCD4,-0.7351888145974059,0.14031978936409725,1.6111624688256285e-7
GSE278723,PDCD5,-0.618321141351666,0.20275632008523214,0.0022916338708325094
GSE278723,PDCD6IP,-0.588430431718862,0.13862489652080678,2.1882035441181973e-5
GSE278723,PDDC1,0.593233572929184,0.1578417051806319,1.709976927984253e-4
GSE278723,PDE11A,-0.7661539161758263,0.24786736130477013,0.0019949474044276016
GSE278723,PDE1A,-0.9699535961159953,0.16048882023414338,1.505769046388005e-9
GSE278723,PDE1C,-0.6395094074476805,0.11300888869026546,1.5231952902167127e-8
GSE278723,PDE2A,0.618490353832903,0.24880163780199102,0.012923249972826043
GSE278723,PDE4A,0.7019523840250805,0.13064247740117252,7.740329004376494e-8
GSE278723,PDE4D,-0.600651499628292,0.16792113446461693,3.4757915717873676e-4
GSE278723,PDE5A,-0.6746140465042609,0.09630647125113069,2.472201241002449e-12
GSE278723,PDE7A,-0.7371871436434454,0.07607677070572398,3.3239022958238845e-22
GSE278723,PDE8A,-0.7357969046936933,0.11575586544593297,2.0646340929971866e-10
GSE278723,PDE9A,0.7167133757078606,0.15001041013143224,1.7726089422142445e-6
GSE278723,PDGFRA,-0.7107512502828379,0.19192249144691823,2.1279247077705572e-4
GSE278723,PDK1,-0.9162823652028587,0.13755849119961264,2.718999444771719e-11
GSE278723,PDK2,0.6468821303265531,0.13969830396522792,3.646686059818642e-6
GSE278723,PDLIM1,-0.73724477369332,0.3479568651585572,0.03410888709868612
GSE278723,PDLIM2,0.6998610069665185,0.09399883351078488,9.663482701072603e-14
GSE278723,PDLIM4,0.7699351181211628,0.10084205096568459,2.2571513634383964e-14
GSE278723,PDLIM7,0.65703915514914,0.10755966019132052,1.005076187408228e-9
GSE278723,PDP2,-0.834975130788662,0.36035536627472803,0.02049893314377316
GSE278723,PDPN,-0.586356619080429,0.2628833037217982,0.025715425301060982
GSE278723,PDS5A,-0.6685535419473794,0.06152341053206504,1.6618633442627067e-27
GSE278723,PDS5B,-0.7987432723599444,0.091631431685205475,2.85888157816434e-18
GSE278723,PDXK,0.582224672286828,0.2544511052207633,0.022128243755057474
GSE278723,PDXP,1.3286630381085558,0.2461557020068734,6.751832868632218e-8
GSE278723,PDZD11,0.673251122085174,0.200072077139609,7.653175952365068e-4
GSE278723,PDZD4,0.7156264061685798,0.10684614015302214,2.116845095719922e-11
GSE278723,PDZD7,0.7881209552187516,0.1727082460081217,5.035381134369991e-6
GSE278723,PDZD8,-0.60172641654792,0.11971703454245518,5.001926999831113e-7
GSE278723,PDZRN3,0.6073946451983134,0.13481293732074504,6.6228507901738376e-6
GSE278723,PDZRN4,0.679997510233843,0.17951313398391625,1.5185886280128023e-4
GSE278723,PEF1,0.6289041379626266,0.08504766767868788,1.4170092905509068e-13
GSE278723,PELI3,0.6574511090266719,0.1928354418993392,6.510847518458842e-4
GSE278723,PELP1,0.7347217540411989,0.07284256450247015,6.343181647996649e-24
GSE278723,PEPD,0.8794006375830503,0.06634288480571691,4.1994288820523085e-40
GSE278723,PER1,0.6186391348367402,0.11628061731987306,1.0363856799475128e-7
GSE278723,PER2,0.7039203974130949,0.12179218406745533,7.484084399734746e-9
GSE278723,PERP,0.700750133188505,0.2022542343614483,5.308243692603926e-4
GSE278723,PET117,-0.761538375085632,0.247512396672604,0.0020925766358876356
GSE278723,PEX1,-0.7171665511847706,0.06522419754653268,4.0209859782424254e-28
GSE278723,PEX10,0.6545400558562615,0.12538601304445396,1.7873008282234661e-7
GSE278723,PEX13,-0.6005376566466074,0.0857655213069725,2.5217708307765194e-12
GSE278723,PEX14,0.827042493744494,0.052808403351930315,2.786298957283812e-55
GSE278723,PEX16,0.8542564622575851,0.05898207401380652,1.5444498465275104e-47
GSE278723,PEX5L,-0.7267439300730991,0.08813072593085966,1.6350567542274808e-16
GSE278723,PEX6,0.6102888100662298,0.07902875125731966,1.141914340473123e-14
GSE278723,PFDN2,0.7685245369512079,0.13156276268379588,5.173132362765588e-9
GSE278723,PFDN4,-0.682969657143753,0.12831843492463513,1.0237365073878549e-7
GSE278723,PFDN6,0.868516394619668,0.41376321124083765,0.03581106055046058
GSE278723,PFKFB3,0.6825293040146987,0.10338265762336155,4.0572698672906726e-11
GSE278723,PFKL,0.8941612118762031,0.06341343796785039,3.7708594361404086e-45
GSE278723,PFN1,0.629692109771196,0.13727020718404268,4.491329003777748e-6
GSE278723,PGAM1,0.7139710057748041,0.06614463442112671,3.670887829753203e-27
GSE278723,PGAM2,0.816587064130918,0.26996196041346376,0.0024877892453774855
GSE278723,PGAM4,0.593417777599858,0.2755840666526709,0.03129436585520603
GSE278723,PGAM5,0.6593006584946912,0.11352627721575019,6.342321300743885e-9
GSE278723,PGAP1,-0.9540677712256226,0.11844594179298544,7.955724040111698e-16
GSE278723,PGAP3,0.6517479924278256,0.1028616347910944,2.3555895335349e-10
GSE278723,PGGT1B,-0.815543316038306,0.06790396695550534,3.1391163584929897e-33
GSE278723,PGLS,1.0099687719374544,0.08946062552867871,1.478183163287279e-29
GSE278723,PGM1,0.6729404556700814,0.06896404666428715,1.7074529143200982e-22
GSE278723,PGM2,-0.663741148224217,0.23008958783136343,0.003917775415436333
GSE278723,PGM2L1,-1.1159803093037521,0.3392115839883038,0.001002144693230795
GSE278723,PGM3,-0.7787136988568315,0.09954812810928099,5.17907931029206e-15
GSE278723,PGP,0.7861149300899619,0.06417879340712934,1.704435595422532e-34
GSE278723,PGPEP1,0.797936295653716,0.2948871574480946,0.006811876491661088
GSE278723,PGR,-0.621211090209973,0.2650866725748239,0.019107534956012775
GSE278723,PGRMC2,-0.6570348791313734,0.09819165711655063,2.2111901860493496e-11
GSE278723,PHB,0.7230118373775161,0.06267456406123115,8.690290507550005e-31
GSE278723,PHB2,0.6143830183873789,0.08269276454896374,1.0883842987816936e-13
GSE278723,PHF10,-0.7425932319510723,0.15538523518643396,1.761286434901227e-6
GSE278723,PHF11,-0.7775298322759145,0.07674008781385351,3.98454792445551e-24
GSE278723,PHF19,0.600237627958232,0.16704981560655632,3.2668499342330986e-4
GSE278723,PHF20L1,-0.676997841215288,0.06553243360758651,5.116996729426185e-25
GSE278723,PHF6,-0.7310549898141361,0.0705412123456801,3.6335423981124265e-25
GSE278723,PHGDH,0.885775253285518,0.08781047799278313,6.2841474664098995e-24
GSE278723,PHKG1,0.836938291890143,0.21200559223507565,7.889966409742438e-5
GSE278723,PHLDA1,-0.643914954963655,0.14253977254471853,6.259157974325511e-6
GSE278723,PHLDA3,0.8686204344111554,0.10859857274795891,1.2599346789535033e-15
GSE278723,PHLDB2,-0.609596764885094,0.18637295203191925,0.0010722721932258869
GSE278723,PHLDB3,0.6578974280473715,0.1570923279062438,2.8146488139447125e-5
GSE278723,PHOSPHO2,-1.2263166844517281,0.1270194270671557,4.701731175463891e-22
GSE278723,PHPT1,0.9415252945744096,0.0692529657561995,4.261264848691911e-42
GSE278723,PHRF1,0.7058058067932665,0.07650063767269247,2.805530682796491e-20
GSE278723,PHYHD1,0.7634766470692661,0.11119729763264936,6.604370946320821e-12
GSE278723,PHYHIP,0.7386035702219901,0.11803589664491634,3.9132626870760775e-10
GSE278723,PI15,-1.461527175294805,0.3279673121387899,8.337868497115838e-6
GSE278723,PI16,1.2849309647661789,0.23238036272072984,3.2127284081878306e-8
GSE278723,PI4K2B,-0.6971255057291736,0.11391287922623941,9.368530474007699e-10
GSE278723,PIAS2,-0.8378949713696693,0.06164078752175504,4.394958365149571e-42
GSE278723,PIAS4,0.7265397152275188,0.11192452590317314,8.507843717998953e-11
GSE278723,PIBF1,-0.66211628714481,0.19325276085382162,6.12163231940494e-4
GSE278723,PICALM,-0.7910929769356213,0.06548407663745154,1.3359026987490077e-33
GSE278723,PIDD1,0.738623759376702,0.13171424006446214,2.049447834953306e-8
GSE278723,PIEZO1,0.9361090312020457,0.09301040168576478,7.923858379014786e-24
GSE278723,PIFO,-0.07458838240734554,0.22901800708520878,0.7446605375306107
GSE278723,PIGA,-0.9341076007868294,0.08397592348108854,9.639568542613684e-29
GSE278723,PIGB,-0.9662156026747285,0.09867944161112822,1.2251636349979802e-22
GSE278723,PIGF,-0.8409624644052,0.09862764333673613,1.5065907725972113e-17
GSE278723,PIGK,-0.8317665957927005,0.11409677715286073,3.099330398231467e-13
GSE278723,PIGM,-0.7716342303131347,0.08979415970748217,8.44567345345018e-18
GSE278723,PIGN,-0.7301730281660854,0.0709889012555454,8.171618004754617e-25
GSE278723,PIGP,-0.7369847547946105,0.09276354326752269,1.945558388324873e-15
GSE278723,PIGQ,0.872769786769543,0.07603319525000582,1.686057044959137e-30
GSE278723,PIGT,0.631676355832584,0.16296709065595139,1.0614510310210068e-4
GSE278723,PIGX,-0.689094727951711,0.2328280546479387,0.003079665046304206
GSE278723,PIGY,2.74205996403706,1.0272363009844483,0.007599672475291264
GSE278723,PIGZ,0.7333550942974877,0.0797551314537024,3.7470342171624483e-20
GSE278723,PIH1D2,-0.698551587706751,0.3088124494860893,0.023693836903409635
GSE278723,PIK3CA,-0.7164880488544769,0.06425655158057661,7.126280143737867e-29
GSE278723,PIK3CB,-0.707525567971456,0.07442738451397399,1.9765342832748767e-21
GSE278723,PIK3CD,0.6338955472939444,0.09711104695304125,6.686185497160498e-11
GSE278723,PIK3R1,-0.7186737989632118,0.10849246909987931,3.491776868919856e-11
GSE278723,PIK3R2,0.9077855865989081,0.09397203856198552,4.451376865426859e-22
GSE278723,PIK3R3,-0.60802715979823,0.21757660896151942,0.005197315033699381
GSE278723,PIK3R5,0.7929343917910928,0.1561070290802589,3.785732535878842e-7
GSE278723,PILRB,0.586912242337252,0.16524096429405474,3.825229820301366e-4
GSE278723,PIM3,0.858615115219651,0.09805439937767345,2.0137454809642587e-18
GSE278723,PIN1,0.587154378104512,0.14052830505333946,2.938342930484201e-5
GSE278723,PIN4,-0.638362257859563,0.18245230065098691,4.673747886071096e-4
GSE278723,PINK1,0.7168032508794006,0.06216341175692325,9.212051089843904e-31
GSE278723,PIP4K2A,-0.639518750716354,0.23048384168944527,0.0055256161398208065
GSE278723,PIP5K1C,0.7686531396875077,0.10321770900248355,9.555070066162714e-14
GSE278723,PIPOX,0.8249967519346677,0.1822392632586748,5.982755012373697e-6
GSE278723,PITPNA,0.640821909011036,0.2420997768693632,0.008122542401239233
GSE278723,PITPNB,-0.7313759605956907,0.06416787550960396,4.285616508264382e-30
GSE278723,PITPNM1,0.7618961018995989,0.08184407106231535,1.288984471015013e-20
GSE278723,PITPNM2,0.65138675801185,0.11456978611054734,1.304288918819183e-8
GSE278723,PITPNM3,0.7818369291490913,0.17703180086995748,1.0037485466467479e-5
GSE278723,PJA2,-0.607895475544889,0.20500672853153956,0.00302440529234883
GSE278723,PKDCC,0.7661044531827651,0.21551906992649775,3.784184999582402e-4
GSE278723,PKIA,-0.637960683520581,0.14223984402256476,7.287792225482464e-6
GSE278723,PKN1,0.8275681173813823,0.08725490172123632,2.4357455689441044e-21
GSE278723,PKN2,-0.601322310301315,0.15370098913812652,9.142634199764333e-5
GSE278723,PKP4,-0.7660805644140362,0.1777968524034586,1.641865994595277e-5
GSE278723,PLA2G15,0.6392705854376549,0.2726818804414489,0.019058622722105165
GSE278723,PLA2G4A,-0.7026046525296293,0.15738348547168063,8.033676480677123e-6
GSE278723,PLA2G4B,0.640122061303638,0.2866139768828987,0.02552294476993179
GSE278723,PLA2G6,0.6060439894094565,0.08022934518929124,4.224332084480779e-14
GSE278723,PLA2G7,-0.732514033666615,0.30805411975914787,0.017412751518548104
GSE278723,PLA2R1,-0.8416444686227471,0.1468075346732896,9.86820327659056e-9
GSE278723,PLAA,-0.617129101887273,0.14450621227663074,1.9494251038924237e-5
GSE278723,PLAG1,-0.8001207298716194,0.08707363480291183,3.964636505682118e-20
GSE278723,PLAUR,1.00372328031987,0.41912896675469635,0.01663016575225971
GSE278723,PLCB2,0.9217516184404836,0.2591779688421181,3.7591029532064806e-4
GSE278723,PLCB3,0.6401675896753287,0.09523124631127447,1.7894804795130488e-11
GSE278723,PLCD1,0.7575032552431081,0.10466433021947272,4.571863824915531e-13
GSE278723,PLCD3,1.0919235242736107,0.14677847803336205,1.0124949284718572e-13
GSE278723,PLCH2,0.7069892065868313,0.15487369705016357,4.996361132064086e-6
GSE278723,PLCL1,-0.75522693243971,0.10785759111076226,2.5219916538326226e-12
GSE278723,PLCL2,-0.620876556314275,0.16527687528137144,1.7224809309301697e-4
GSE278723,PLCXD3,-1.1624485587371707,0.17805890980012806,6.645411430322076e-11
GSE278723,PLD1,-0.7291028132200552,0.08594352772729755,2.1849963558572822e-17
GSE278723,PLD2,0.7042942503215592,0.13383749259536692,1.4225736794843077e-7
GSE278723,PLD3,0.8120809570323043,0.07647520771636133,2.4346792131114672e-26
GSE278723,PLD4,1.069730276062224,0.11989307386372473,4.564175534901101e-19
GSE278723,PLD5,-0.7430317229669071,0.10317978730753297,5.962793064709735e-13
GSE278723,PLEC,1.1585424052691053,0.08858070132521864,4.3440943431606183e-39
GSE278723,PLEKHA1,-0.9429937422603926,0.07413888878412891,4.6206200448858405e-37
GSE278723,PLEKHA3,-0.6288980130810513,0.06229733824351204,5.8070395007699854e-24
GSE278723,PLEKHA4,0.961129956156417,0.3113014580362756,0.002018767787456699
GSE278723,PLEKHA7,0.6750167177938945,0.13413653110052948,4.846027104280326e-7
GSE278723,PLEKHA8,-0.7225445964327974,0.07521676781836652,7.530232661551879e-22
GSE278723,PLEKHB1,0.8193498218395785,0.2537538510447789,0.0012426046939690598
GSE278723,PLEKHF1,0.9199254839767269,0.15733521783449733,5.0077630880703506e-9
GSE278723,PLEKHG4,0.7231631456653108,0.20264590826324597,3.5888739965140903e-4
GSE278723,PLEKHG5,0.7307096690052712,0.1061545356943906,5.841921911603478e-12
GSE278723,PLEKHH2,-0.664958440557568,0.26478223484757174,0.012027350732175333
GSE278723,PLEKHH3,0.7358109721129141,0.08164540373540707,2.0182231033831396e-19
GSE278723,PLEKHM2,0.6344792973493195,0.11427451200025138,2.8203510880958197e-8
GSE278723,PLEKHO1,0.7867331866162723,0.06392305937868713,8.25383473452206e-35
GSE278723,PLEKHO2,0.693640264364449,0.24051317549443751,0.003926573730675356
GSE278723,PLGLB1,-1.2377307807106412,0.11520796235964664,6.362276169140114e-27
GSE278723,PLGLB2,-0.7049603861827219,0.1338995042307588,1.4030625242692673e-7
GSE278723,PLGRKT,-0.743256081194868,0.24030857598450117,0.001981951096643383
GSE278723,PLIN1,1.2411612382842687,0.15546042225753864,1.4192309742450327e-15
GSE278723,PLIN3,0.6929961287855315,0.1557271787356259,8.584414687434984e-6
GSE278723,PLIN4,0.913443664452174,0.14126097426626838,1.003948004614501e-10
GSE278723,PLIN5,0.8558186593683103,0.12105206826098891,1.5511331398814345e-12
GSE278723,PLK3,0.614856284218334,0.23614200318638986,0.00922082320160088
GSE278723,PLK5,1.08186088504359,0.23453509195633407,3.9730162708140705e-6
GSE278723,PLLP,0.714459736045266,0.248577815740758,0.00405065903825417
GSE278723,PLOD2,-0.9346585718767946,0.08473078574709544,2.7107578459650777e-28
GSE278723,PLP2,0.8244239863533321,0.134395436977303,8.55267396904085e-10
GSE278723,PLPP3,0.7473073670069145,0.1686854250236682,9.415298843821915e-6
GSE278723,PLPP7,0.6997076837266571,0.0709117297904143,5.769370786083999e-23
GSE278723,PLPPR2,1.0757110983498894,0.08826546358731466,3.635909337501455e-34
GSE278723,PLPPR3,1.1296900273950468,0.09761950502209839,5.688239926189834e-31
GSE278723,PLPPR5,-0.676666038824008,0.22951752002783068,0.0031961900246346695
GSE278723,PLS1,-0.946996402684589,0.3124600654012494,0.0024392630368038153
GSE278723,PLS3,-0.6291497787254123,0.11418771498921729,3.592719050561269e-8
GSE278723,PLSCR1,-0.778869556082454,0.09378877268455055,1.0023442796723159e-16
GSE278723,PLTP,1.0745817259204866,0.0985253165762541,1.0712483203923603e-27
GSE278723,PLXNA1,0.8706300438357786,0.07924125669890765,4.409610533230718e-28
GSE278723,PLXNA3,0.6994114180416702,0.07849970423449794,5.115553310726537e-19
GSE278723,PLXNA4,0.636880250162885,0.3018028795282297,0.03483662142743888
GSE278723,PLXNB1,0.7788038192205892,0.09835144367252345,2.402374804001677e-15
GSE278723,PLXNB2,0.864446772439834,0.07625516326959399,8.679478277106919e-30
GSE278723,PLXNB3,0.934117591528515,0.13574247103764023,5.920787968707476e-12
GSE278723,PLXND1,0.7092181435408665,0.09791597854977684,4.3844687425622506e-13
GSE278723,PM20D2,-0.6719824844953729,0.09625345938094412,2.9228352583238835e-12
GSE278723,PMF1-BGLAP,0.582030861544243,0.23308567367086835,0.012522481278345926
GSE278723,PMM1,0.8076074294021919,0.06569644935498632,9.87530320986373e-35
GSE278723,PMM2,-0.749564473163438,0.18762123847751763,6.466860567559393e-5
GSE278723,PMP2,-0.9299442450287866,0.11118250491265332,6.056325858077676e-17
GSE278723,PMPCB,-0.75789396193239,0.16556228570426,4.701232090996696e-6
GSE278723,PMS1,-0.9843454172602926,0.05819193075913353,3.458876969476215e-64
GSE278723,PMVK,0.9229384382047132,0.05959556753881695,4.2666063329899774e-54
GSE278723,PNCK,0.7128525278717971,0.08040924539874404,7.629456927486911e-19
GSE278723,PNMA6A,0.8001013484765519,0.1813457014370764,1.0240938069713466e-5
GSE278723,PNMAL2,0.9328039849627153,0.15703255983125353,2.8468370496145785e-9
GSE278723,PNMT,1.4474582912247418,0.20776431354886768,3.2416598334588043e-12
GSE278723,PNP,-0.640213784719683,0.24606969903007408,0.009274729890922548
GSE278723,PNPLA2,1.2895397408857026,0.07305529723190975,9.898916922320093e-70
GSE278723,PNPLA6,0.6771627875878745,0.04971900618666681,3.054141187286642e-42
GSE278723,PNPLA7,0.7561647390922468,0.1759070470513233,1.7183316268651545e-5
GSE278723,PNPLA8,-0.6271097935702478,0.10660165897654619,4.035307111211853e-9
GSE278723,PNPT1,-0.8562678317769231,0.06859897315384113,9.334105310947309e-36
GSE278723,POC1B,-0.799791015762216,0.0675280783354035,2.3163099732371463e-32
GSE278723,POC5,-0.634376771851439,0.18234291749265186,5.032292446122332e-4
GSE278723,PODN,0.6678070641302966,0.18250056301044287,2.529984025057156e-4
GSE278723,PODNL1,1.85822382874614,0.39986646573248597,3.366161486812846e-6
GSE278723,PODXL2,0.7078563958313446,0.06415810280555775,2.648768669434121e-28
GSE278723,POGLUT1,-0.8438166781774151,0.09956031856371247,2.3420942922265314e-17
GSE278723,POLB,-0.6506203419007144,0.07660016910478873,2.001271528797261e-17
GSE278723,POLD1,0.7319565795721065,0.07854519203755173,1.1752742148533563e-20
GSE278723,POLD2,0.7666391112849372,0.06150384795717206,1.1602203551777346e-35
GSE278723,POLD4,0.7358625107352358,0.12246030880566035,1.8668508524115564e-9
GSE278723,POLE,0.580406876166728,0.2199127228517596,0.008308720481899253
GSE278723,POLE4,0.6377019186677791,0.19717175598241,0.0012196444949506289
GSE278723,POLG2,-0.767816696371672,0.24578824395096086,0.00178474059126303
GSE278723,POLI,-0.8709464234553393,0.0625275876733041,4.2225834858910645e-44
GSE278723,POLK,-0.6520042912641424,0.06531085802912984,1.8074520628034245e-23
GSE278723,POLL,0.5867152887199921,0.1310324608580805,7.5475158162520846e-6
GSE278723,POLM,0.62295459646755,0.20535155767951654,0.0024165417314239803
GSE278723,POLN,-0.6411499981515206,0.1278066888689306,5.260469259094882e-7
GSE278723,POLR2B,-0.6263834453133534,0.10750397286072719,5.656546483332809e-9
GSE278723,POLR2D,-0.7306622317488278,0.2075346509480691,4.304484837229696e-4
GSE278723,POLR2E,0.688244825209629,0.06024373546487911,3.1605312578507016e-30
GSE278723,POLR2G,0.613596129810838,0.18661015058283575,0.001008596813332892
GSE278723,POLR2I,1.0091584618108318,0.08114007227119477,1.640781775462415e-35
GSE278723,POLR2J,0.9045044801640176,0.06854670814881884,9.31999239193397e-40
GSE278723,POLR2K,-0.7513188334171783,0.12076659110205451,4.932179201791802e-10
GSE278723,POLR2L,1.4271989415572717,0.08189983190462279,5.224531255094876e-68
GSE278723,POLR3B,-0.7015084851389851,0.1462632361412391,1.6169968660991715e-6
GSE278723,POLR3F,-0.7660540353224773,0.12878630398303845,2.710128314353217e-9
GSE278723,POLR3G,-0.988184548727862,0.13559414652666582,3.1503085720759077e-13
GSE278723,POLR3GL,0.7116871430847853,0.12981171264015845,4.194587840876817e-8
GSE278723,POLR3H,0.6392663317413254,0.1308111502993101,1.0241493500555007e-6
GSE278723,POLR3K,0.7206638403132195,0.13248896001394223,5.345262628577772e-8
GSE278723,POLRMT,0.839099850767277,0.05313920696804388,3.6114046552926362e-56
GSE278723,POM121,0.6742049097055306,0.07426963656554425,1.1079147235704024e-19
GSE278723,POM121C,0.649372887120674,0.09013109011708954,5.814610525767966e-13
GSE278723,POMGNT2,0.9701511903166455,0.0736236936431735,1.1877859825628846e-39
GSE278723,POMZP3,0.7606665199905835,0.1735696024735665,1.1733218926202581e-5
GSE278723,POP7,0.8603155543653448,0.10810814592277838,1.749609296363561e-15
GSE278723,PORCN,0.612075753544708,0.20557491874113434,0.002907183442326332
GSE278723,POSTN,-1.0762435783367377,0.36081247917680764,0.0028559323985119433
GSE278723,POT1,-0.7168086967113647,0.07089994958234859,4.981103160057463e-24
GSE278723,POU3F4,0.9508459276646983,0.16632609162202627,1.0857590489889524e-8
GSE278723,POU5F2,-0.7705528784396981,0.13056034937587455,3.5935977762503966e-9
GSE278723,POU6F2,0.670151736189128,0.3046260642466352,0.027812859167883796
GSE278723,PPA1,-0.6891381495190576,0.1067199604982847,1.0648626180213537e-10
GSE278723,PPA2,-0.7677136937429114,0.06267796207448963,1.7104184096724108e-34
GSE278723,PPAN,0.607982604159795,0.1960950549009859,0.0019322786139475742
GSE278723,PPAN-P2RY11,3.756053044519,1.7919632136254955,0.03607733251276151
GSE278723,PPARD,0.6724272180238484,0.0976850511058118,5.834852676201118e-12
GSE278723,PPAT,-0.6974696998424851,0.0946576180417938,1.7276316185623222e-13
GSE278723,PPDPF,1.5395384508791312,0.10786023968050229,3.203006553326992e-46
GSE278723,PPEF1,-0.913358183769888,0.39413251310275094,0.020482574025338773
GSE278723,PPFIA2,-0.775432604008817,0.3374036840387818,0.02154847698110111
GSE278723,PPFIA3,0.7600376888479524,0.13884677878940185,4.401604682847669e-8
GSE278723,PPFIA4,0.6118765278877712,0.1627934667628616,1.7086253748907823e-4
GSE278723,PPHLN1,-0.6048906820103555,0.09840469003599991,7.897703638606316e-10
GSE278723,PPID,-0.8483016753005099,0.10651619944695379,1.6648102910989705e-15
GSE278723,PPIG,-0.7837240600815348,0.06114486965643885,1.3086032187603111e-37
GSE278723,PPIL2,0.668842713196662,0.15667299788777503,1.9631933227535456e-5
GSE278723,PPIL3,-0.6290864605411197,0.09308869649404956,1.3998162876638789e-11
GSE278723,PPIL4,-0.6156907935598002,0.10661507190377477,7.700131118442753e-9
GSE278723,PPIL6,-0.6533259776691545,0.13077115577212256,5.854724255301093e-7
GSE278723,PPIP5K2,-0.7886907346140837,0.07806005748454299,5.322886007999075e-24
GSE278723,PPL,0.9859588204776132,0.22242345414181638,9.301688526417302e-6
GSE278723,PPM1A,-0.7023142194874531,0.09734717697616503,5.412020446929194e-13
GSE278723,PPM1B,-0.629792571261623,0.128020420872124,8.677903541048533e-7
GSE278723,PPM1E,-0.717956568228185,0.3021364632628178,0.01748885592363761
GSE278723,PPM1J,0.600670455693599,0.2534857862358639,0.017805337212948108
GSE278723,PPM1L,-0.593317092897651,0.19954827656448562,0.0029461536625999163
GSE278723,PPP1CA,0.760309604262067,0.057930163819758504,2.3807012737504523e-39
GSE278723,PPP1CB,-0.6435902357510898,0.08187048319774126,3.808422207039867e-15
GSE278723,PPP1CC,-0.6942666994641122,0.09917195679026836,2.5480446513763493e-12
GSE278723,PPP1R12B,-0.6104989527386327,0.10672114698369749,1.0620732962062624e-8
GSE278723,PPP1R12C,0.625625930122609,0.16929382150237604,2.1945135379530193e-4
GSE278723,PPP1R13L,0.9725345024979688,0.11840487340212952,2.1458985505499936e-16
GSE278723,PPP1R14A,0.746018564390832,0.25028375231731015,0.0028759869077749005
GSE278723,PPP1R14B,0.9985792958737041,0.12856317259758637,8.022324222749503e-15
GSE278723,PPP1R16A,0.9036484956202541,0.10262323195104615,1.302747604028834e-18
GSE278723,PPP1R18,-0.618296697763819,0.2384815419892277,0.00952425095464912
GSE278723,PPP1R1A,0.8733180559458332,0.11600654742895178,5.145282003568944e-14
GSE278723,PPP1R1B,1.342333795399474,0.10424714297016677,6.107597546426306e-38
GSE278723,PPP1R2,-0.6295885863585512,0.07998104767499904,3.4979227887813793e-15
GSE278723,PPP1R26,0.6195515149310273,0.1176972168553649,1.4099769727511327e-7
GSE278723,PPP1R32,0.6950403942147769,0.15534147673902363,7.667122526368188e-6
GSE278723,PPP1R35,1.0403569740214265,0.10626754744073537,1.243226747808691e-22
GSE278723,PPP1R37,0.711205111409383,0.08614433635628758,1.5067266960605625e-16
GSE278723,PPP1R3B,-0.58692192963788,0.24556616237819326,0.016844860764023122
GSE278723,PPP1R3D,0.601235170086969,0.20790781044767914,0.0038299852211938277
GSE278723,PPP1R3F,0.656336107796896,0.06302885357204181,2.156962274035709e-25
GSE278723,PPP1R9B,0.651371393160586,0.18817525746626979,5.371450683025143e-4
GSE278723,PPP2CA,-0.7301467586621331,0.11964487647294424,1.0434621172262175e-9
GSE278723,PPP2R1A,0.6763743158224175,0.07625770066085873,7.341763404120845e-19
GSE278723,PPP2R2A,-0.8420130788276367,0.07638254370925013,2.9395269511586e-28
GSE278723,PPP2R3A,-0.6139508796612269,0.09769746138438214,3.295355378761489e-10
GSE278723,PPP2R3B,0.6553787303007786,0.15040763045021202,1.3164649371789042e-5
GSE278723,PPP2R3C,-0.7975830330577139,0.0688997078770023,5.453152780757327e-31
GSE278723,PPP2R4,0.6681392402138688,0.12062526376237509,3.0426262191403606e-8
GSE278723,PPP2R5E,-0.6291654890104972,0.107469483828693,4.788385413394079e-9
GSE278723,PPP3CB,-0.7757650029747986,0.16593910904251127,2.9395648357232054e-6
GSE278723,PPP3R1,-0.707951610212608,0.2114600331628621,8.14200442789789e-4
GSE278723,PPP4C,0.662808356526044,0.056305980950727225,5.471356202263855e-32
GSE278723,PPP4R2,-0.7837682286510166,0.09164050890851602,1.2030527488770468e-17
GSE278723,PPP4R3A,-0.582374493548053,0.1301922206724997,7.70613741407209e-6
GSE278723,PPP4R3B,-0.6855337649697744,0.05515585829623992,1.818294235619383e-35
GSE278723,PPP4R4,-0.663116613062906,0.2561174346450604,0.009622391274397348
GSE278723,PPP6C,-0.655456194397628,0.1398000314685406,2.7517887976193217e-6
GSE278723,PPP6R1,0.7257176651279273,0.07670041383291344,3.0292537738530538e-21
GSE278723,PPWD1,-0.6492786757921961,0.09443806582106877,6.191175199026342e-12
GSE278723,PQLC1,0.7498163633517815,0.13269933601543116,1.5999046798573168e-8
GSE278723,PQLC2,0.6647969880022577,0.07000053621523719,2.159678931104982e-21
GSE278723,PRADC1,0.6126156898531133,0.11717534382650097,1.7117179235178939e-7
GSE278723,PRAF2,0.7359387234315332,0.07498951274991059,9.811315398911171e-23
GSE278723,PRAM1,0.8968540301773166,0.14788923278187233,1.324774293365108e-9
GSE278723,PRDM15,0.631084844749917,0.1977483377291078,0.0014160791742696451
GSE278723,PRDM16,1.1109750503211617,0.14093323695530618,3.196431482751485e-15
GSE278723,PRDM8,0.767436130808015,0.23957711543916402,0.0013586481915826268
GSE278723,PRDX2,0.733245255567643,0.07265213252780034,5.9600963461382775e-24
GSE278723,PRDX5,1.0692167796856353,0.06924765787689999,8.745285854007704e-54
GSE278723,PRELID3B,-0.6460476507350865,0.11845191009919735,4.9223630931894226e-8
GSE278723,PRELP,0.7100463724090186,0.1133901275010519,3.8012697389857425e-10
GSE278723,PREPL,-0.7910569527053041,0.1555815590978945,3.685643735221242e-7
GSE278723,PREX1,0.6067053812493749,0.12649923554342446,1.617692383148181e-6
GSE278723,PRH1,-0.7211764656395531,0.1216122954048502,3.026988086667796e-9
GSE278723,PRICKLE3,0.902884910618619,0.2838531723623172,0.0014686052011468696
GSE278723,PRIM1,-0.7423053177437292,0.11756423617516301,2.7184320786385595e-10
GSE278723,PRIM2,-0.9839626682016109,0.09038527868965072,1.3395036211130546e-27
GSE278723,PRIMPOL,-0.580410219880989,0.16884866943382976,5.872016451860348e-4
GSE278723,PRKAA1,-0.7152815291125347,0.07394604603917783,3.926204755921635e-22
GSE278723,PRKAA2,-0.7615324905445671,0.09462832398640891,8.442178488969482e-16
GSE278723,PRKAB2,-0.7561118305470376,0.06771037765833822,5.924282121445519e-29
GSE278723,PRKACA,0.588674885929507,0.17264150281737575,6.500792562272339e-4
GSE278723,PRKACB,-0.7787127229502637,0.09038366174401108,6.955445170363694e-18
GSE278723,PRKAR1A,-0.712822755842648,0.1351674006955014,1.3375198944738544e-7
GSE278723,PRKAR1B,0.589975284946411,0.2367472225611707,0.012702421512282914
GSE278723,PRKCD,0.8198581472935746,0.16334049316138602,5.185480197636043e-7
GSE278723,PRKCSH,0.7519616663167555,0.05828070695162738,4.362288149040792e-38
GSE278723,PRKD2,0.7260620141368438,0.12735436538915376,1.1902558107421804e-8
GSE278723,PRKG2,-0.8470124853540747,0.11240597788159287,4.872226943852943e-14
GSE278723,PRKRA,-0.6324346487231038,0.08643564799964538,2.5390358702957466e-13
GSE278723,PRKRIR,-0.7623880350021051,0.06192059939284982,7.772742380320306e-35
GSE278723,PRLR,-1.17046006016041,0.46561372523911965,0.011943794402625189
GSE278723,PRMT1,0.6113879647119502,0.05713352018027729,1.0064451783632125e-26
GSE278723,PRMT3,-0.6259904893120347,0.06777929851111697,2.565594132154349e-20
GSE278723,PRMT9,-0.6602046210322596,0.15124466331382388,1.2703947849326163e-5
GSE278723,PROB1,0.7899836850803388,0.190106167698807,3.2459557659248825e-5
GSE278723,PROCA1,0.7763509314027541,0.1814812380002031,1.887004878929575e-5
GSE278723,PROS1,-0.7409081714477372,0.1051969132725406,1.8806320312021604e-12
GSE278723,PROSER3,0.6512002315025698,0.08772946855375305,1.1465079380054122e-13
GSE278723,PROX1,-0.769982709283339,0.24346093561579318,0.0015633800559361776
GSE278723,PRPF38B,-0.6926521905304833,0.11111603373118456,4.5585493264132395e-10
GSE278723,PRPF39,-0.6630680927665628,0.09281915980923197,9.088106558770878e-13
GSE278723,PRR12,0.7613353832838113,0.08025585285567267,2.3925783497381966e-21
GSE278723,PRR13,-0.6441241873720781,0.15153862132731485,2.132355393038452e-5
GSE278723,PRR14,0.65244277598596,0.1560160952496571,2.890907230883789e-5
GSE278723,PRR18,0.8652067611378174,0.16736801360307166,2.347375327045453e-7
GSE278723,PRR22,1.27618820382798,0.38869783721460677,0.0010262133628580366
GSE278723,PRR29,1.05442942526096,0.42687695368764583,0.013507470130076277
GSE278723,PRR36,0.9805828825765774,0.09838664184623735,2.1335329256019684e-23
GSE278723,PRR4,-0.585348376547432,0.1792917929410253,0.0010954887579253604
GSE278723,PRR7,1.1300014738815223,0.1288396188681005,1.777079896061564e-18
GSE278723,PRRC1,-0.6042087926647688,0.082071088792263,1.811512037225889e-13
GSE278723,PRRG1,-0.804138043718652,0.3510076565231427,0.02196679130793229
GSE278723,PRRT1,0.6943302674896513,0.13174851839472848,1.3633591852465412e-7
GSE278723,PRRT2,0.583018763589442,0.21997181599289237,0.008039061361158933
GSE278723,PRRT3,0.9097887139929987,0.07805401249009285,2.1414000611098636e-31
GSE278723,PRRT4,0.742946592458229,0.29268718974480706,0.011137211643277871
GSE278723,PRRX1,-0.7486445805782179,0.14955874885895395,5.566257261733484e-7
GSE278723,PRSS3,0.7506446280983858,0.21677565305272908,5.346415344957229e-4
GSE278723,PRTFDC1,-0.591275964196364,0.17438658910938132,6.973864643474392e-4
GSE278723,PSAP,0.6810414125953859,0.13566935167210742,5.170863426288269e-7
GSE278723,PSD,0.9241323003201449,0.11024433189312152,5.177850558509572e-17
GSE278723,PSD2,0.7031273009737976,0.10724257510663085,5.511508273430823e-11
GSE278723,PSD4,0.7731659505808046,0.09084192395012426,1.7227048845322017e-17
GSE278723,PSEN1,-0.6679874387461998,0.11500466775945678,6.309126685856113e-9
GSE278723,PSENEN,0.6515393750657811,0.0811088493635046,9.519430942943573e-16
GSE278723,PSKH1,0.6621961808434026,0.15375418003790564,1.6559586727285997e-5
GSE278723,PSMA3,-0.618769522747316,0.17101437330339098,2.966234834169855e-4
GSE278723,PSMA4,-0.6638905480993503,0.10689498361182583,5.275577205946246e-10
GSE278723,PSMA6,-0.657439570327199,0.15816152762361732,3.227922498093974e-5
GSE278723,PSMA7,0.8519129349094465,0.05594234555376734,2.290979312599225e-52
GSE278723,PSMB10,1.322147701120188,0.0921342541739172,1.0618511900528144e-46
GSE278723,PSMB6,0.610979478034885,0.14193572769656904,1.6727204103517427e-5
GSE278723,PSMB8,0.7869679618453407,0.09449670592854684,8.222396082577067e-17
GSE278723,PSMC3,0.6257851798640858,0.0556449381453465,2.4222583162437145e-29
GSE278723,PSMC6,-0.7616660431453155,0.08748614651149601,3.14417371190606e-18
GSE278723,PSMD12,-0.8766548803405839,0.08631577812354091,3.1042301923785577e-24
GSE278723,PSMD14,-0.7549407553367699,0.09966648490865562,3.600410318634831e-14
GSE278723,PSMD4,0.604767419069699,0.09990342912784571,1.4171435588584784e-9
GSE278723,PSMD5,-0.6855446556465813,0.07822917114779399,1.8963853605855555e-18
GSE278723,PSMD6,-0.654923480947387,0.10118090843929278,9.620516508482501e-11
GSE278723,PSME4,-0.7606868088325628,0.07439539261678502,1.533572699986143e-24
GSE278723,PSTK,-0.682392531436601,0.23257257577126633,0.0033451021891936447
GSE278723,PSTPIP1,0.99900786237266,0.1358445155053597,1.9228442037601478e-13
GSE278723,PSTPIP2,-0.79236479323287,0.2971109119578922,0.007655467498439973
GSE278723,PTAFR,0.6598366211843587,0.19287686385094371,6.238554011161195e-4
GSE278723,PTAR1,-0.7011416210490292,0.06784684914011116,4.936103605544861e-25
GSE278723,PTBP2,-0.7982831181214916,0.07432026277591848,6.524553254338882e-27
GSE278723,PTBP3,-0.803324951936181,0.06108098795177359,1.6617043271828385e-39
GSE278723,PTCD2,-0.6338113524288748,0.12004544241166401,1.2935186948457265e-7
GSE278723,PTCH2,0.7291653925516496,0.11196060912064922,7.381388480431144e-11
GSE278723,PTCHD1,-0.724319932458844,0.31409008577737896,0.021105617026570798
GSE278723,PTCHD2,1.0193194303069202,0.13648898385487612,8.133361085365921e-14
GSE278723,PTCHD4,-0.731882117526822,0.3173588509198365,0.02110137166336663
GSE278723,PTDSS2,0.6460335825709812,0.09692278960445341,2.6386351566373282e-11
GSE278723,PTEN,-0.6960720360529098,0.06239147954054051,6.654276034456175e-29
GSE278723,PTGDS,0.786002142031002,0.0885772159985881,7.079447622472157e-19
GSE278723,PTGES2,0.7699645219929926,0.07047449435856311,8.712174213479594e-28
GSE278723,PTGES3,-0.7830905429558713,0.09174332676315547,1.3934843235195042e-17
GSE278723,PTGFR,-1.06846355444357,0.38069845980021794,0.005006930573250979
GSE278723,PTGR2,-0.741398198396635,0.08307571478560244,4.482537706699616e-19
GSE278723,PTGS1,0.858773300721566,0.2616247813788476,0.0010290499708518423
GSE278723,PTGS2,-0.9902869809110532,0.20494847671239777,1.3524799688605344e-6
GSE278723,PTK7,0.685364320222354,0.2230855541500478,0.0021248449221518344
GSE278723,PTMS,0.6565110846716787,0.1465035961991345,7.4226485398830055e-6
GSE278723,PTOV1,0.6693177807503824,0.06478986209724351,5.124210819050265e-25
GSE278723,PTP4A1,-0.7736409436778919,0.08227943137068094,5.32288978951379e-21
GSE278723,PTP4A2,-0.8229900067740605,0.11409660181137608,5.469289398891221e-13
GSE278723,PTPN11,-0.6095074900940087,0.1511816138311143,5.5392652564646296e-5
GSE278723,PTPN18,0.659996092832573,0.08320726867536096,2.157271619117131e-15
GSE278723,PTPN2,-0.7562652215595498,0.08757730894077341,5.8521149123168426e-18
GSE278723,PTPN20,-0.583984191535163,0.24567913086176157,0.017453144883423536
GSE278723,PTPN23,0.6639294051565496,0.05694002119848449,2.036741334430128e-31
GSE278723,PTPN4,-0.6994795377088205,0.07753355291889943,1.8530002916337602e-19
GSE278723,PTPN5,0.6919756433946552,0.15646445508163445,9.753189204214553e-6
GSE278723,PTPN6,0.9204944901902984,0.23757918882739368,1.0685506552314456e-4
GSE278723,PTPRC,-0.6966014478718099,0.18510367165735966,1.6768294075393056e-4
GSE278723,PTPRD,-0.594767821473166,0.16340592662834058,2.728308867365909e-4
GSE278723,PTPRF,0.7658978937800597,0.06600356024380062,3.9377486728387497e-31
GSE278723,PTPRN,0.628779492686653,0.2436807948527082,0.009870285960554899
GSE278723,PTPRN2,0.711186828044751,0.20688512256293748,5.86909357496299e-4
GSE278723,PTPRR,-0.622934971350837,0.28067491979254067,0.026458299657639524
GSE278723,PTPRS,0.6894802159590077,0.053316765517325254,2.9787631318451235e-38
GSE278723,PTPRU,0.6874550127338827,0.09305787973989277,1.4973695014685887e-13
GSE278723,PTRF,0.6654097378988456,0.20901008907004867,0.0014544331723219004
GSE278723,PTRH1,0.8894883132491287,0.11258220384890133,2.7714196982159335e-15
GSE278723,PTRH2,-0.580983225930023,0.190800328637985,0.0023269561621323616
GSE278723,PTRHD1,0.7565618720640497,0.101358328696322,8.378816986976614e-14
GSE278723,PTS,-0.7651562427717186,0.07479064450069202,1.445591715642527e-24
GSE278723,PUF60,0.6687604608465887,0.04827752999733114,1.2300307324482548e-43
GSE278723,PURA,-0.8467893986355529,0.08075481214595005,1.0025322791292878e-25
GSE278723,PURB,-0.6441272519108989,0.06139091955112135,9.379467859132327e-26
GSE278723,PUS10,-0.9606691358027074,0.07486536242258456,1.0858578946993203e-37
GSE278723,PUS3,-0.5892203709513931,0.25943198378850335,0.023135235099213308
GSE278723,PUS7,-0.628402093719279,0.19083365132442376,9.914871609878907e-4
GSE278723,PUS7L,-1.0917648659437933,0.07130743237988998,6.488780452952407e-53
GSE278723,PUSL1,0.6997527647462601,0.11347941995028665,6.988842278256747e-10
GSE278723,PVRL1,0.7497096901043676,0.11421987141140734,5.24742003539197e-11
GSE278723,PVRL2,0.7173700671965936,0.09336284587420257,1.5458463579721573e-14
GSE278723,PVRL3,-0.6550754227950366,0.0926245744892639,1.5230774379447612e-12
GSE278723,PWWP2A,-0.7816806817615778,0.0746541364551156,1.1777529789872124e-25
GSE278723,PWWP2B,1.0325575635368258,0.10447662967212842,4.9262616725578326e-23
GSE278723,PXDNL,0.751784839092498,0.2551754601074444,0.0032175772248935943
GSE278723,PXK,-0.596556363117562,0.22166480271493946,0.0071183901766198945
GSE278723,PXMP2,0.8542743057498405,0.101428004575217,3.6862948509850614e-17
GSE278723,PYCARD,1.6468920081568057,0.22155647058094108,1.0593469330992918e-13
GSE278723,PYCR1,0.584985720131041,0.22351873352512708,0.008866310621950634
GSE278723,PYCR2,0.6233623543776453,0.09216670762110438,1.347697795662021e-11
GSE278723,PYCRL,0.9460756081641924,0.11496038955824382,1.8787255411339422e-16
GSE278723,PYGB,0.6575903275454871,0.05789619087857552,6.760415786009809e-30
GSE278723,PYGM,0.8269947878315254,0.13301793297411907,5.062088811161311e-10
GSE278723,PYGO1,-0.6693180075196067,0.08396180397342967,1.5651096071712432e-15
GSE278723,PYROXD1,-1.0324330631699923,0.09326407105725738,1.7540487870687305e-28
GSE278723,QARS,0.6880740613895479,0.09133661660040655,4.94408772745594e-14
GSE278723,QKI,-0.7465521294839295,0.14806121521146495,4.602445182410613e-7
GSE278723,QPCTL,0.986387828934694,0.323513451712608,0.0022961555070576457
GSE278723,QPRT,1.0786824833107682,0.09624356362122162,3.7318845300007153e-29
GSE278723,QRSL1,-0.7303147813758485,0.07382475936177603,4.48477218980158e-23
GSE278723,QSER1,-1.0766753265602516,0.1357743405076996,2.1934344433122777e-15
GSE278723,QTRT1,0.5935649389200494,0.1283719818213729,3.767934166466344e-6
GSE278723,QTRTD1,-0.7069792411107046,0.11704687455524886,1.5398274955484455e-9
GSE278723,R3HCC1,0.6617058831520424,0.11681205298782657,1.4727723187076935e-8
GSE278723,R3HCC1L,-0.632155256949829,0.15417551068968394,4.127373826473845e-5
GSE278723,RAB11A,-0.8676405739083607,0.10934547780890595,2.1074041782088384e-15
GSE278723,RAB11B,0.9253144633028259,0.05511657260032427,2.9715519407385166e-63
GSE278723,RAB11FIP2,-0.6685296957399222,0.10976095539471295,1.1236274477410508e-9
GSE278723,RAB11FIP3,0.8126142152692035,0.08214249472176281,4.4761287939923476e-23
GSE278723,RAB11FIP4,0.8930022570707928,0.13813876883994763,1.0161393448580689e-10
GSE278723,RAB11FIP5,0.7037681185245309,0.2093019572635734,7.725310952343631e-4
GSE278723,RAB12,-0.674381405993048,0.1428662648241761,2.354178449105699e-6
GSE278723,RAB14,-0.6351345114976563,0.0631674377143108,8.75191911137018e-24
GSE278723,RAB15,0.651386535378401,0.31192658462286965,0.036773599755344784
GSE278723,RAB18,-0.7331551843076941,0.106783076859401,6.610258592403068e-12
GSE278723,RAB1A,-0.626083874602372,0.18935978425627153,9.453036180336651e-4
GSE278723,RAB1B,0.6300974688304456,0.08201255913376876,1.5547993381564938e-14
GSE278723,RAB20,0.7241303368609988,0.17450556561697697,3.330397417215505e-5
GSE278723,RAB21,-0.8795687449318783,0.06473438063235724,4.759991364401082e-42
GSE278723,RAB22A,-0.6665112964643106,0.0825196600841325,6.637953352848009e-16
GSE278723,RAB26,0.903713144395168,0.11254979895344767,9.790946104991536e-16
GSE278723,RAB27B,-1.1592605277611279,0.2350816038531643,8.167952092700849e-7
GSE278723,RAB28,-0.6925725784102361,0.07327147727971585,3.319592765757353e-21
GSE278723,RAB2A,-0.629042990311928,0.20242680123391185,0.0018867160747333815
GSE278723,RAB2B,-0.7329764470950503,0.07604779397948361,5.505753282828616e-22
GSE278723,RAB30,-0.7449430748341994,0.08540759789892866,2.7282174939153746e-18
GSE278723,RAB31,-0.6865552213876777,0.1320383121921733,1.9964615109604939e-7
GSE278723,RAB33B,-0.7337832691425316,0.09522606131262741,1.3013005139072418e-14
GSE278723,RAB36,0.666175620805906,0.20187936209975296,9.672967576429644e-4
GSE278723,RAB37,0.62146345627445,0.2596489875969339,0.016689601904015906
GSE278723,RAB3B,-1.0126078684194084,0.27671781589284644,2.528539119555651e-4
GSE278723,RAB3C,-1.3534375115721655,0.3973830352406317,6.595202416847532e-4
GSE278723,RAB3GAP2,-0.6298199508608465,0.0980648206863849,1.3406646790625755e-10
GSE278723,RAB3IL1,0.8585351040268787,0.10333325615282793,9.699254100825604e-17
GSE278723,RAB3IP,-1.0796444735530102,0.08443883266994168,1.9603558184842545e-37
GSE278723,RAB40AL,-0.7025732099544774,0.18395733268563738,1.3387525237861623e-4
GSE278723,RAB4B-EGLN2,1.2002692209323182,0.1221083133562725,8.399700366161586e-23
GSE278723,RAB5A,-0.6375849884267276,0.08840029577639867,5.494362311830939e-13
GSE278723,RAB6A,-0.8648969985519293,0.0946537549565406,6.392321464305357e-20
GSE278723,RAB6C,-0.609491260406642,0.18179683022001372,8.00575759902467e-4
GSE278723,RAB8A,0.646014426217336,0.2444309831757324,0.008219158107033438
GSE278723,RAB8B,-1.0317552831549819,0.1816008909764364,1.3356228730656742e-8
GSE278723,RAB9B,-0.9030419322181984,0.1218321084224853,1.2423677857776856e-13
GSE278723,RABAC1,1.4203124050158429,0.0745800205273908,7.348200993131845e-81
GSE278723,RABEP2,0.596496150959953,0.17506212845334854,6.559941356296079e-4
GSE278723,RABGAP1L,-0.7011825771645125,0.07750994085670629,1.4781792661815052e-19
GSE278723,RABGGTA,0.6907605918765095,0.06832851817774845,5.018868228443089e-24
GSE278723,RABGGTB,-0.690565864230625,0.07423660094434652,1.3753163719198144e-20
GSE278723,RABL3,-0.608964347771356,0.18799451769861233,0.0011983753425644714
GSE278723,RABL6,0.586043901351308,0.15717982194803984,1.9262808609160723e-4
GSE278723,RAC3,1.2606578606087806,0.08544705079591855,2.913653128898018e-49
GSE278723,RAD17,-0.8700952003789594,0.06051977704255157,7.211437321528163e-47
GSE278723,RAD18,-0.7641647595259614,0.07018690495947598,1.3212017626528319e-27
GSE278723,RAD51C,-0.720352916354064,0.1327196088318985,5.7107304199828255e-8
GSE278723,RAD54B,-0.8244780035372622,0.07394886787600877,7.21730825161733e-29
GSE278723,RAD9A,0.63508172887449,0.17930334034283593,3.9719534315001506e-4
GSE278723,RADIL,0.711261369061455,0.11310823287980537,3.209088037483657e-10
GSE278723,RAI1,0.6543707991005226,0.11296174920477572,6.920070536834317e-9
GSE278723,RAI2,0.667299408358431,0.23355433577102064,0.0042746586397049155
GSE278723,RALA,-0.6939292077858787,0.07123921304366235,2.0189446657392299e-22
GSE278723,RALB,-0.754491480084827,0.22544490230250533,8.178617143138498e-4
GSE278723,RALGAPA1,-0.587485858609332,0.12203130542211202,1.4777407585958787e-6
GSE278723,RALGAPB,-0.5977386656900674,0.09100817580982734,5.1006952997195676e-11
GSE278723,RALGPS2,-0.8271965558493194,0.12395758930802808,2.5024679084017056e-11
GSE278723,RALY,0.670441187428792,0.10885133899631362,7.309629517613695e-10
GSE278723,RALYL,-0.692052807141373,0.28474452540483675,0.015080747848901798
GSE278723,RAMP1,1.5152200181239148,0.07979250944272641,2.0829442346409357e-80
GSE278723,RAMP2,0.9592157764888549,0.24585849343147462,9.560028616214379e-5
GSE278723,RAMP3,0.8367087697627058,0.24509366352793877,6.405589024764363e-4
GSE278723,RANBP10,0.609354011260296,0.15725303286332848,1.0662885143102766e-4
GSE278723,RANBP17,-0.7188388000448803,0.18306663793149777,8.613681798093462e-5
GSE278723,RANBP2,-0.6225172309504791,0.11667044976820413,9.51824449756037e-8
GSE278723,RANBP3,0.605792692769565,0.11453135986258495,1.2277380805623614e-7
GSE278723,RANBP6,-0.6627418641253084,0.09911623131373919,2.2855250793216176e-11
GSE278723,RANGRF,0.7811500397637187,0.0973326033217923,1.0105207223549937e-15
GSE278723,RAP1A,-0.6291202663602151,0.0827966961944419,2.9987455426350186e-14
GSE278723,RAP1B,-0.7147856225771757,0.07103526851391996,8.099533979454091e-24
GSE278723,RAP1GAP,0.7170164927239505,0.11715586121978806,9.34620308575537e-10
GSE278723,RAP1GDS1,-0.680184624730819,0.14493112378559583,2.6901990158336134e-6
GSE278723,RAP2A,-0.605257765681063,0.15008837988664286,5.514535131204705e-5
GSE278723,RAPGEF4,-0.763940305332498,0.13062197519631694,4.960785213679725e-9
GSE278723,RAPGEF5,-0.8547427711610668,0.12046327910787197,1.2891890050514602e-12
GSE278723,RAPGEF6,-0.606222951944186,0.17372229592850147,4.8372706755951325e-4
GSE278723,RAPGEFL1,0.6543161934272731,0.13162913467271864,6.664039445136437e-7
GSE278723,RARA,0.6846806267649167,0.09982630238660478,6.948041414868204e-12
GSE278723,RARG,0.6319591362539526,0.16302115433565437,1.0594943302717834e-4
GSE278723,RARRES2,0.81246444273649,0.11129297056441902,2.872731497382844e-13
GSE278723,RARRES3,0.9554701018763205,0.15960197188148412,2.1429814272145197e-9
GSE278723,RARS,-0.59755538565091,0.10963180745113989,5.02098071564973e-8
GSE278723,RASA2,-0.9955859672037063,0.07123635657504374,2.1899974674599736e-44
GSE278723,RASA4,0.6604136681548144,0.17773329103706761,2.0259645592962197e-4
GSE278723,RASAL3,0.7914012953813362,0.21415584673309357,2.1950142073786608e-4
GSE278723,RASD1,0.7059769226386122,0.11291549140186231,4.045571622339834e-10
GSE278723,RASD2,0.582193326570426,0.2217719025342832,0.008660068963976815
GSE278723,RASGEF1B,-0.7408034904923247,0.09412783108409796,3.5411581690763856e-15
GSE278723,RASGEF1C,0.9201426583310426,0.15215035759387982,1.4703047290875254e-9
GSE278723,RASGRP2,0.704637668411118,0.18114178373677972,1.0025304858606141e-4
GSE278723,RASGRP3,-0.7270145829467255,0.1745603956798809,3.115830017623466e-5
GSE278723,RASGRP4,1.1230759283620924,0.18834376908907913,2.477930982956491e-9
GSE278723,RASL10A,0.8732554132482361,0.12665198900092495,5.389488125056178e-12
GSE278723,RASL10B,0.7080437305079276,0.16367381457837,1.5188011543362216e-5
GSE278723,RASL12,1.03701837948039,0.25965855193788046,6.502899905556315e-5
GSE278723,RASSF7,0.8606462234326754,0.12356655306425732,3.283059508031251e-12
GSE278723,RASSF8,-0.6817418684931538,0.14744786968926313,3.771133813378348e-6
GSE278723,RASSF9,-1.2074357178648372,0.33113231678866745,2.6595602808535e-4
GSE278723,RAVER1,0.8361909396484848,0.0734485304653113,4.9828145224900016e-30
GSE278723,RB1,-0.7798579746332571,0.06214545755567317,4.030013784229657e-36
GSE278723,RB1CC1,-0.7919928293463218,0.08168484687317158,3.1443381265484287e-22
GSE278723,RBBP4,-0.6681791127801205,0.06597418868242683,4.1553257923843074e-24
GSE278723,RBBP5,-0.6592002089070186,0.09868722676662099,2.394461097857422e-11
GSE278723,RBBP8,-0.7178626912478566,0.10322016289215166,3.5337561498344406e-12
GSE278723,RBBP9,-0.58683663180505,0.14053894031379127,2.971809160643649e-5
GSE278723,RBCK1,0.6546869573846871,0.07270469380832555,2.1617491602153775e-19
GSE278723,RBFOX3,0.632594170583149,0.2599969529021553,0.014970867980037833
GSE278723,RBL1,-0.6177514865059821,0.12448224226174062,6.95675022431126e-7
GSE278723,RBM10,0.596314575003278,0.10968597522355347,5.431852671689592e-8
GSE278723,RBM12,-0.7377193017382486,0.13070174218341826,1.658586496856827e-8
GSE278723,RBM12B,-0.586283577378016,0.11034494827212966,1.0772314377086143e-7
GSE278723,RBM25,-0.608215819913166,0.15290485443640617,6.957326315654025e-5
GSE278723,RBM26,-0.658991925111761,0.1095591212568797,1.7994944343585574e-9
GSE278723,RBM3,-0.605037367885486,0.18750427405242054,0.0012518624809315464
GSE278723,RBM34,-0.759690289393359,0.19065822758840162,6.760356915505113e-5
GSE278723,RBM41,-1.0060370900852134,0.06459468112158166,1.0830839823277529e-54
GSE278723,RBM42,0.7943767336556583,0.06747914942731519,5.430245632804913e-32
GSE278723,RBM43,-0.622800947538591,0.18354326517665906,6.907851483337515e-4
GSE278723,RBM48,-1.0328963028726792,0.10629340793106838,2.5417160238695116e-22
GSE278723,RBM7,-0.7862367009839683,0.0872779001124564,2.0903067263482501e-19
GSE278723,RBM8A,-0.6582120259654325,0.11213841010987143,4.367441051662144e-9
GSE278723,RBMS1,-0.9251619955140877,0.07396669764018209,6.765722346267163e-36
GSE278723,RBMS3,-0.5946015208579107,0.1435119926200428,3.424655992455564e-5
GSE278723,RBMX,-0.6238434855203543,0.09305173513222617,2.0242270781674726e-11
GSE278723,RBMXL1,-0.6330932908884017,0.14196483932842405,8.214813097310576e-6
GSE278723,RBP1,0.8437005238953155,0.09808355354839352,7.843772569576595e-18
GSE278723,RBPJ,-0.7180986228195925,0.08838662244078518,4.491471132756906e-16
GSE278723,RCAN3,-1.02266971219996,0.30031445746874663,6.608424020433601e-4
GSE278723,RCHY1,-0.6398018099899894,0.10174855205445765,3.2144120485123464e-10
GSE278723,RCN2,-0.726433535715326,0.08190466764578448,7.363564628126578e-19
GSE278723,RCN3,0.8329349557700917,0.19835547278183252,2.678557528063096e-5
GSE278723,RCOR2,0.6914359901260154,0.18523950818348162,1.8946872474194008e-4
GSE278723,RCOR3,-0.7307054299964169,0.0697314306768793,1.0804585082358727e-25
GSE278723,RDH11,-0.5962896024289938,0.11132373568921869,8.491693735950271e-8
GSE278723,RDH5,0.911935951762321,0.35989975920646233,0.01128134823624685
GSE278723,RDX,-0.6223017909126302,0.10912220829150268,1.1785738143583852e-8
GSE278723,RECQL,-0.588642901798182,0.12289339172620915,1.6689256964518616e-6
GSE278723,RECQL4,0.757116512455673,0.2510509958011423,0.0025631262718649145
GSE278723,REEP1,-0.9297199201779583,0.17574012250640417,1.2210848237945183e-7
GSE278723,REEP2,0.7658635280023927,0.14796101558873367,2.2655141781993735e-7
GSE278723,REEP3,-0.9910461021891299,0.10650469208793574,1.3375644855548087e-20
GSE278723,REEP4,0.7082383346589939,0.14568889776627583,1.1661374056689174e-6
GSE278723,REEP5,-0.7397165292676506,0.08888106980242268,8.609584074889847e-17
GSE278723,REEP6,1.0603827279692233,0.0936172870180499,9.669074931014079e-30
GSE278723,RELB,0.7511191658263396,0.13839477408655626,5.7191602199855504e-8
GSE278723,RENBP,0.7258468528062498,0.12128246830986988,2.1670490581741343e-9
GSE278723,RET,1.6125789558451402,0.4472659517391651,3.116556040614302e-4
GSE278723,REXO1,0.6830957466283494,0.11220029746607822,1.1420054902037987e-9
GSE278723,REXO2,-0.8695799888686848,0.07451284509280455,1.8099198036026338e-31
GSE278723,RFC3,-0.7711311882480916,0.18768412017328326,3.9795272077078526e-5
GSE278723,RFC4,-0.7165013020687485,0.09440409029236356,3.2057943000886404e-14
GSE278723,RFK,-0.9967323171384721,0.14563225528913026,7.691904141492306e-12
GSE278723,RFWD2,-0.65185913147996,0.1797618197496671,2.87580380639393e-4
GSE278723,RFX1,0.7781943302385694,0.07263220406600425,8.732998184377803e-27
GSE278723,RFX2,0.8421434576621334,0.12399311272717456,1.106994539846387e-11
GSE278723,RFX3,-0.583111139273777,0.2650359111503649,0.027798293816014195
GSE278723,RFX4,0.669743257025849,0.1616032947559917,3.407546177077791e-5
GSE278723,RFXANK,0.7822721245303669,0.071996738829074,1.6851505166097076e-27
GSE278723,RFXAP,-0.7307074078468349,0.1428279060494992,3.120849055251998e-7
GSE278723,RGL3,0.7850287215235481,0.21996115051240817,3.584249289539825e-4
GSE278723,RGMA,0.7756158849248599,0.11704093868657887,3.4286348025504683e-11
GSE278723,RGPD3,-0.7611665437507051,0.07820019222776675,2.168597412043081e-22
GSE278723,RGPD5,-0.7289683993731935,0.07697740222708371,2.8010831157168206e-21
GSE278723,RGPD6,-0.7875387214739795,0.12432808347121184,2.3832991804785375e-10
GSE278723,RGR,1.1949069136268013,0.3106218057768403,1.1965965240394992e-4
GSE278723,RGS11,0.6767578399203504,0.147670452884445,4.585873970318042e-6
GSE278723,RGS14,0.8609192054837244,0.1812186288289099,2.026923026807084e-6
GSE278723,RGS17,-0.9504972035039009,0.12133639622415698,4.742070749663486e-15
GSE278723,RGS19,0.8992039697060902,0.10250128864348566,1.7456972324176333e-18
GSE278723,RGS2,-0.848994911963018,0.379227404673177,0.025172262810151315
GSE278723,RGS22,-0.8129443939485598,0.20925746999670383,1.0237191833681958e-4
GSE278723,RGS3,0.596292388634517,0.1669358524609654,3.54285483653674e-4
GSE278723,RGS4,-0.882956163310373,0.41991434529116345,0.03549152933421663
GSE278723,RGS5,-1.805553891575403,0.15413589508795356,1.0800894321178572e-31
GSE278723,RGS9,0.8725601086352031,0.18791630174586713,3.4281418240073268e-6
GSE278723,RGS9BP,0.8418573005236294,0.12622047759507996,2.562634688530968e-11
GSE278723,RHBDD2,1.11849767961283,0.08233288517417592,4.9108905026172295e-42
GSE278723,RHBDD3,0.7629423910452737,0.08279625816678632,3.12160105405354e-20
GSE278723,RHBDF1,0.6494091402795299,0.10325802720143906,3.1913090872301293e-10
GSE278723,RHBDF2,0.6968752718864554,0.13297580725240898,1.6004060423975743e-7
GSE278723,RHBDL1,1.0897256470801475,0.09247022738126155,4.685792281922134e-32
GSE278723,RHBDL3,1.00575216024955,0.2482338482043951,5.08616555713032e-5
GSE278723,RHCG,0.8986505198055785,0.17002888874635735,1.2551168397426644e-7
GSE278723,RHOB,0.715192461378794,0.16103403456945628,8.94376703772937e-6
GSE278723,RHOBTB2,0.6473948979562452,0.11300662414651497,1.0113010688803005e-8
GSE278723,RHOC,0.6680739465974381,0.14769852846037188,6.0903908981133076e-6
GSE278723,RHOG,0.8278746738180561,0.11012803976736811,5.5883452658095467e-14
GSE278723,RHOT1,-0.6299354032209631,0.07249651684136049,3.6505957731432436e-18
GSE278723,RHOT2,0.6424627955760674,0.08928546482497532,6.218513316722636e-13
GSE278723,RHPN1,0.8670244679646707,0.07536452944507213,1.2534314530407489e-30
GSE278723,RIC3,-0.593514723913653,0.20004559559137733,0.0030082148915833388
GSE278723,RIC8B,-0.7372352103199297,0.08922161794272296,1.4209652620282904e-16
GSE278723,RICTOR,-0.8458592943882812,0.06445834960403754,2.4449591637010983e-39
GSE278723,RIF1,-0.6529333169656436,0.06610142533726202,5.198734724154707e-23
GSE278723,RILP,0.6695099186005607,0.10299817454619484,8.02071673469351e-11
GSE278723,RILPL2,0.6559626998024536,0.10666172800621622,7.751468198233614e-10
GSE278723,RIMBP2,0.601936072489499,0.25857918757802584,0.019919554270001607
GSE278723,RIMKLB,-0.7188806644819363,0.09896858730457496,3.7657145437420273e-13
GSE278723,RIN1,0.8037044358484541,0.10566635938096364,2.825829727816815e-14
GSE278723,RIN3,0.6565277436349244,0.1196153989259605,4.0500413112269844e-8
GSE278723,RING1,0.6627589357276804,0.08642084688782954,1.733821417119064e-14
GSE278723,RINT1,-0.6114743369881859,0.13110787137725857,3.1026833775873726e-6
GSE278723,RIOK2,-0.6051920866166364,0.10500766978378825,8.247854447068134e-9
GSE278723,RIT1,-0.7196762382993779,0.09536083194144518,4.458275491773061e-14
GSE278723,RITA1,0.605066770139553,0.1701274894559976,3.757582721825341e-4
GSE278723,RLBP1,1.02219125216407,0.20757896849320157,8.46417282737226e-7
GSE278723,RLF,-0.8211731711394303,0.07465553124762674,3.8427625275656204e-28
GSE278723,RLIM,-0.6986632871912446,0.09602259475699357,3.437869808769574e-13
GSE278723,RLTPR,0.8478049046984699,0.09893457985561488,1.0407203537105658e-17
GSE278723,RMDN2,-0.7012623977299143,0.09994967054911386,2.2805677435863834e-12
GSE278723,RMI1,-0.7890019419109955,0.09672025509618343,3.418410157243895e-16
GSE278723,RMND5A,-0.71665543987629865,0.08720529147891458,2.068783986945794e-16
GSE278723,RNASE1,0.9212975457826582,0.22040654600680518,2.9151966110116023e-5
GSE278723,RNASE4,1.08966371118326,0.4356242765464486,0.012370886883021712
GSE278723,RNASEH2A,0.6743241570174068,0.12991354061724944,2.0966142212900442e-7
GSE278723,RNASEH2B,-0.7257168475497027,0.07307094185793078,3.031201972382579e-23
GSE278723,RNASEK,0.7692656852398387,0.12043378746491859,1.686665886641975e-10
GSE278723,RNASEK-C17ORF49,1.300630484470872,0.12239180754695712,2.2370964517457748e-26
GSE278723,RND2,0.7891684522479406,0.13180992650594375,2.1352343197687026e-9
GSE278723,RND3,-0.7460217581690964,0.1010959661909716,1.5907315509642868e-13
GSE278723,RNF112,0.607152447540437,0.25149404361599814,0.015770573247286923
GSE278723,RNF115,-0.6044480921833131,0.054132182033640834,5.971303384113733e-29
GSE278723,RNF123,0.7262254092255989,0.05876090108427479,4.3559334422148803e-35
GSE278723,RNF125,-1.2439302990088985,0.2740386744947897,5.645443013962749e-6
GSE278723,RNF126,0.7152463329994021,0.0758484419196241,4.10319667815263e-21
GSE278723,RNF13,-0.7957850279211246,0.08353658817651573,1.6316890476798622e-21
GSE278723,RNF135,0.663681197317263,0.2195938475425392,0.0025085155861533236
GSE278723,RNF138,-0.834604109756572,0.07974529881234287,1.2392982864960202e-25
GSE278723,RNF14,-0.5993601933179871,0.13331843220625123,6.934017993918945e-6
GSE278723,RNF141,-0.7405172746540719,0.09702546711700273,2.307901795598449e-14
GSE278723,RNF144B,-0.834668848226588,0.12831459917657806,7.77643800897134e-11
GSE278723,RNF145,-0.8323688171669286,0.09245763295177395,2.202229872354252e-19
GSE278723,RNF148,-0.853711138448338,0.3748745972822095,0.02276684959317135
GSE278723,RNF152,-1.077781728220541,0.09906211453554938,1.4378695773749204e-27
GSE278723,RNF166,0.9234921304745195,0.08733572409241844,3.93150295642578e-26
GSE278723,RNF170,-0.607652753218226,0.14351129699483958,2.293865238248773e-5
GSE278723,RNF180,-0.6526917838490903,0.10731734117297471,1.1877736326219853e-9
GSE278723,RNF185,-0.618442427262001,0.256989187772152,0.01610655630601011
GSE278723,RNF187,0.9186015536693182,0.05772494404576213,5.113793517955193e-57
GSE278723,RNF2,-0.7078822267768066,0.11643609276384274,1.2049977889932848e-9
GSE278723,RNF207,0.599755127466446,0.25174175518334624,0.01719916930035198
GSE278723,RNF208,1.2248137724495864,0.10340812082828152,2.2988319290001377e-32
GSE278723,RNF219,-0.6710258773670498,0.08926557421478912,5.5967995268147556e-14
GSE278723,RNF26,0.6456585888082288,0.08421529154498182,1.763927801752275e-14
GSE278723,RNF31,0.6062377828021986,0.09849308196256784,7.501565100819748e-10
GSE278723,RNF43,0.8024728418383491,0.17266640384991705,3.3592806446279e-6
GSE278723,RNF44,0.7767159914077716,0.07751292658185292,1.2391169257865e-23
GSE278723,RNF6,-0.646457289334999,0.30542835782122046,0.03429725124657721
GSE278723,RNFT1,-0.587535452972722,0.22163675834349117,0.008027913919831639
GSE278723,RNFT2,0.6222808085542,0.16291671861798793,1.3365459099150736e-4
GSE278723,RNGTT,-0.6480418329422445,0.06619676512303278,1.247516428735048e-22
GSE278723,RNH1,0.609804654227725,0.14490037642307288,2.5713889095140314e-5
GSE278723,RNMT,-0.832255082129036,0.22574765732256136,2.2721572056077843e-4
GSE278723,RNPEPL1,1.2478620429660237,0.09918715529445547,2.6900448208310853e-36
GSE278723,ROBO3,0.6514722515189827,0.10306044736934775,2.5943308221768624e-10
GSE278723,ROCK2,-0.655726323221928,0.09621996411131974,9.435056947441756e-12
GSE278723,ROGDI,0.9024924474116176,0.06206611547664448,6.678410929894674e-48
GSE278723,ROM1,0.9572472105322037,0.0873201162161174,5.787484877782284e-28
GSE278723,ROMO1,1.8897282019535242,0.09745139390806155,9.105184335047138e-84
GSE278723,RORA,-0.63674141669628,0.21253780738906616,0.0027363868862364388
GSE278723,RP1-130H16.18,1.159084825442713,0.17197042812684035,1.583603916849706e-11
GSE278723,RP1-34B20.21,1.77271750598207,0.6357374655938107,0.005296211270220387
GSE278723,RP11-106M3.2,0.7773001447894661,0.3041567041279123,0.010600762938360452
GSE278723,RP11-106M3.5,-1.4711030461003,0.5627285902781115,0.008942830828400455
GSE278723,RP11-1263C18.1,-1.1389884803619963,0.21285326430303217,8.744530817914193e-8
GSE278723,RP11-15K19.2,-0.787495818885733,0.2723004452404171,0.003827848312313077
GSE278723,RP11-162P23.2,1.0535116923515557,0.10587297093469408,2.5037938315554047e-23
GSE278723,RP11-195F19.5,0.9267848314677168,0.25013661075409294,2.11295102587773e-4
GSE278723,RP11-20I23.1,0.7108283439401486,0.12923605160309537,3.7929056345648106e-8
GSE278723,RP11-231C14.4,-0.7424069671863108,0.2226715532000998,8.557900622881541e-4
GSE278723,RP11-244H3.4,-1.34130333300226,0.5225091972300095,0.010257003041923717
GSE278723,RP11-27I1.4,-0.803289956748481,0.2368134427069615,6.936438329596156e-4
GSE278723,RP11-287D1.3,0.944308021981143,0.40556161090265025,0.019891087249040693
GSE278723,RP11-2C24.9,0.7436261463217082,0.10794933461672478,5.632079495716005e-12
GSE278723,RP11-307N16.6,1.3499089496033994,0.26749907064753636,4.50197922682337e-7
GSE278723,RP11-309L24.4,0.631177142030371,0.30008749126670153,0.035438644716601284
GSE278723,RP11-437B10.1,-0.6669412652723219,0.10776795565262949,6.067055427889556e-10
GSE278723,RP11-468E2.2,1.61302057020191,0.7141541235616715,0.023905482363896332
GSE278723,RP11-507M3.1,-1.039199346889459,0.163004571749744,1.8263219061888814e-10
GSE278723,RP11-529K1.3,1.540924999001082,0.2332248715376933,3.920921208642197e-11
GSE278723,RP11-552F3.12,1.02493763895052,0.48353082723800217,0.034031816454968715
GSE278723,RP11-561B11.2,-1.08848974242305,0.4814393959186696,0.023765011156492887
GSE278723,RP11-574K11.31,1.13020732358131,0.2957639327489175,1.3274166110251753e-4
GSE278723,RP11-5A19.5,0.8837784685237345,0.20311588558158009,1.354533967876175e-5
GSE278723,RP11-644F5.10,1.38038562773853,0.561650886420196,0.013981866775622864
GSE278723,RP11-795F19.5,-0.617065711203976,0.28326245095934593,0.029374487403992757
GSE278723,RP11-849H4.2,-0.636972937426758,0.224715869975903,0.004588735648754259
GSE278723,RP11-864I4.1,1.8391469035173402,0.8783972821145404,0.03628199311538007
GSE278723,RP11-92K2.2,1.0047216318634227,0.17885721476548125,1.93795157701411e-8
GSE278723,RP11-977G19.10,1.2682078878142713,0.19944347652194497,2.0342416364073435e-10
GSE278723,RP13-582O9.6,1.6668871785066999,0.283235049628231,3.976385855166782e-9
GSE278723,RP2,-0.7345522222507491,0.10419276806696744,1.7900163652033066e-12
GSE278723,RP3-382I10.7,-1.36090242727371,0.5117708050162576,0.007832576864480398
GSE278723,RP5-1187M17.10,0.92580530418584694,0.31754825225298317,0.0035514285155265877
GSE278723,RP5-966M1.6,0.790696741314711,0.2848069523751105,0.005498905200210985
GSE278723,RP5-998N21.10,1.14035509593022,0.4255485613929716,0.0073681642966357125
GSE278723,RPAIN,-0.7896548492706481,0.09351660767370149,3.066419613359868e-17
GSE278723,RPAP1,0.6081409866224667,0.08271862696719616,1.9537516863846545e-13
GSE278723,RPAP2,-0.700131053334522,0.15012802316687857,3.1078541899364166e-6
GSE278723,RPAP3,-0.6094831489213576,0.09972354757590246,9.85583680931768e-10
GSE278723,RPE,-0.8272884925437102,0.12917684898566736,1.5105164112693554e-10
GSE278723,RPF2,-1.0359870518460168,0.10961051143133675,3.339132286126854e-21
GSE278723,RPGR,-0.653596750840604,0.22993760313155953,0.004476177222228821
GSE278723,RPH3A,-0.601213784769081,0.2835574166681508,0.03398461942888745
GSE278723,RPH3AL,0.681033315836343,0.2562630638880899,0.007870962851561983
GSE278723,RPL10A,0.6394892349163243,0.09128784212440079,2.466401483902254e-12
GSE278723,RPL11,0.7302848251924562,0.13341614725361872,4.406443129680203e-8
GSE278723,RPL12,0.701994237247889,0.06942477590635365,4.90857309276734e-24
GSE278723,RPL13,0.6493853264913884,0.1017266203316502,1.72936194549339e-10
GSE278723,RPL13A,1.008184625564383,0.11301923295308873,4.643154068982722e-19
GSE278723,RPL17-C18ORF32,-2.9057096370257,0.828870592737161,4.5553619903716645e-4
GSE278723,RPL18,0.58164709118967,0.19362535279445278,0.0026647101432395594
GSE278723,RPL19,0.644103440745359,0.10172266486462765,2.420724871265166e-10
GSE278723,RPL23A,0.7416413970660248,0.08542462838602906,3.8947946809131906e-18
GSE278723,RPL26,-0.6571811229356701,0.10560317689109144,4.873678334092637e-10
GSE278723,RPL27,1.5916577319285672,0.08425617071832739,1.3603953436278065e-79
GSE278723,RPL28,0.6457263553011898,0.137635639491876,2.7112497065276055e-6
GSE278723,RPL29,0.8927276451081883,0.10400991051414565,9.23486019408797e-18
GSE278723,RPL31,0.6138632013258869,0.06912171749530527,6.632034453327782e-19
GSE278723,RPL34,-0.6305270554326543,0.15294917523676646,3.748456040473139e-5
GSE278723,RPL35,0.628203348517938,0.2252621840444751,0.00529094025352648
GSE278723,RPL36,0.6512871206404969,0.08778142611843227,1.1763582416961866e-13
GSE278723,RPL36A-HNRNPH2,0.968981792691691,0.4041045457003348,0.0164916496831272
GSE278723,RPL36AL,0.8371916379254674,0.10888182878940299,1.482973783049107e-14
GSE278723,RPL37,-0.6711796002032471,0.1413447308207754,2.0490117439690647e-6
GSE278723,RPL37A,0.8942375859044909,0.08583178158889576,2.0416817975121996e-25
GSE278723,RPL38,0.6496252836266833,0.07175834343099097,1.3914656870555232e-19
GSE278723,RPL39,0.9450468957828978,0.1470894653693276,1.318867231741626e-10
GSE278723,RPL41,2.1749405744614134,0.1606585894226181,9.37334973206607e-42
GSE278723,RPL7A,0.6982304305611816,0.07916280324172241,1.142725626978028e-18
GSE278723,RPL8,0.8128132854142217,0.0845197884766514,6.788458686664627e-22
GSE278723,RPLP0,0.607056063358261,0.22109731389538267,0.006039096702637794
GSE278723,RPLP1,0.9835919815753763,0.08258203756062676,1.0437051162415089e-32
GSE278723,RPLP2,0.8689984354467039,0.09642878816625211,2.02673323275719e-19
GSE278723,RPP21,0.9238081170461572,0.08103191009577089,4.154991558247435e-30
GSE278723,RPP25,0.6875433793499147,0.14636315568975491,2.633435602091136e-6
GSE278723,RPP25L,0.8397385297089053,0.08069156995119853,2.3092651678305924e-25
GSE278723,RPP30,-0.8350028874086703,0.08553019320150651,1.6281440210871905e-22
GSE278723,RPRD1A,-0.6264966913178758,0.09518966914846573,4.6553189331842595e-11
GSE278723,RPRML,1.4345374494613683,0.2660778553647191,6.990310994260383e-8
GSE278723,RPS10-NUDT3,2.457271692704785,0.4360995505224158,1.754063808169123e-8
GSE278723,RPS11,1.1085922525919882,0.0879251687518765,1.8990164775042844e-36
GSE278723,RPS12,0.671496761939298,0.22689139279713164,0.003080872025882221
GSE278723,RPS14,0.6111008845007395,0.11421925483409617,8.783571639804123e-8
GSE278723,RPS15,0.8777180852947412,0.10516277017499967,7.044577546119762e-17
GSE278723,RPS16,0.584719193025734,0.17609430023190528,8.985988897033393e-4
GSE278723,RPS18,1.10380569334168,0.09423946637661326,1.096313221587288e-31
GSE278723,RPS19BP1,0.6654333197318579,0.20378125787069482,0.0010929823076032625
GSE278723,RPS2,0.9808412823700075,0.0965946732875302,3.1741431746836985e-24
GSE278723,RPS21,0.818124181738854,0.10593512860583416,1.1373111421057638e-14
GSE278723,RPS24,0.706096896285855,0.0798379721925618,9.224943496891232e-19
GSE278723,RPS27L,-0.6371884749687285,0.10810744927447055,3.7689026688675846e-9
GSE278723,RPS5,0.9427291028157806,0.11124179725929359,2.359001489119288e-17
GSE278723,RPS6KA3,-0.6118939441106279,0.10026480010562712,1.0423975041576038e-9
GSE278723,RPS6KA4,0.8270941461628711,0.08329137037056938,3.078535285438756e-23
GSE278723,RPS6KA5,-0.6800484614235445,0.09033244727587203,5.1410849464333807e-14
GSE278723,RPS6KA6,-0.8509282933832997,0.1085187998408365,4.459113207370269e-15
GSE278723,RPS6KB1,-0.6699355778660878,0.08387236484065365,1.3763525709620887e-15
GSE278723,RPS6KC1,-0.7697085538285758,0.05877223930819912,3.449551635654726e-39
GSE278723,RPS9,0.7126297080915551,0.09429010109273298,4.098106816170165e-14
GSE278723,RPTOR,0.7089465968940175,0.05848286601016847,8.047291542947439e-34
GSE278723,RPUSD1,0.9013505123423058,0.09474133495945743,1.838146874878851e-21
GSE278723,RPUSD2,0.651755870935375,0.18878655749813292,5.557416489838469e-4
GSE278723,RRAGD,-0.7494985789842911,0.13423304176739886,2.356410333515607e-8
GSE278723,RRAS,0.9326550600908486,0.11503952678587284,5.177508499444047e-16
GSE278723,RRBP1,0.6304236441024881,0.12684063128646092,6.688295362887565e-7
GSE278723,RREB1,0.5875621298243161,0.13128459871026413,7.623838429286629e-6
GSE278723,RRM2B,-0.8164907707001758,0.08073546057718818,4.829986893255649e-24
GSE278723,RRP1,0.5854952053380331,0.12985875310321304,6.522358936442656e-6
GSE278723,RRP15,-0.7336141986049537,0.07025126606369167,1.582137827297049e-25
GSE278723,RRS1,0.605309066211495,0.14141552910850955,1.8659306210262118e-5
GSE278723,RSBN1,-0.6773026248857086,0.09038539244819402,6.706260608206544e-14
GSE278723,RSF1,-0.6004357420607601,0.08296881357188682,4.591079445610643e-13
GSE278723,RSG1,0.8119109155256699,0.11069157580301979,2.2189793337138252e-13
GSE278723,RSL24D1,-0.59893196662815,0.1976807213570761,0.0024472016961881375
GSE278723,RSPH14,0.7882944276009676,0.18644255716949873,2.3569185632383404e-5
GSE278723,RSPO3,-1.44071201592388,0.5642621395150333,0.010671759084482478
GSE278723,RSPO4,0.7586576740753775,0.1225976348486505,6.085826810235868e-10
GSE278723,RSPRY1,-0.587774669727017,0.12119080587348373,1.2346526872083775e-6
GSE278723,RTBDN,0.720534444850298,0.21256619080154354,6.997055613245853e-4
GSE278723,RTEL1,0.5937097737896323,0.17125436296101348,5.266347249017353e-4
GSE278723,RTEL1-TNFRSF6B,0.6860768693170162,0.12787948474938665,8.093717822900689e-8
GSE278723,RTKN2,-1.18936323175805,0.3112855781565206,1.3301378248316536e-4
GSE278723,RTN2,0.751302401147005,0.11879477155347672,2.542634873390053e-10
GSE278723,RTN3,-0.6914964709460671,0.14339210265338845,1.4182926350547227e-6
GSE278723,RTN4,-0.774926708629498,0.16559523611605195,2.8737384049388285e-6
GSE278723,RTN4R,1.634117825565026,0.10711664046611297,1.5133315312269005e-52
GSE278723,RTN4RL1,0.8418511755158853,0.16473151258223084,3.214025156115687e-7
GSE278723,RTN4RL2,1.604537271263941,0.12780902717760248,3.770769843973729e-36
GSE278723,RTP5,0.7571196914588496,0.18327154717185543,3.60974886995105e-5
GSE278723,RUFY2,-0.6526143922118024,0.07417195837858048,1.384503574914684e-18
GSE278723,RUFY3,-0.6681023647313215,0.0728067780694393,4.458438283812498e-20
GSE278723,RUNDC3A,0.6144005125555321,0.1344712053026441,4.900293915623396e-6
GSE278723,RUNDC3B,-0.7058862739155114,0.13570190211555094,1.9742925337197865e-7
GSE278723,RUNX2,0.75038069203373,0.28176795558692624,0.007742076795999859
GSE278723,RUNX3,0.82672545541198,0.3738250035404212,0.026999111387325723
GSE278723,RUVBL2,0.6804264336548274,0.05196270584402874,3.539276334677943e-39
GSE278723,RWDD1,-0.9181176441431936,0.07289108535931653,2.2284121235869597e-36
GSE278723,RWDD2B,-0.62432014305651,0.22482437197761526,0.0054876047246644145
GSE278723,RWDD3,-0.7684695302096733,0.0859110584949465,3.7214141163358133e-19
GSE278723,RWDD4,-0.7547452864171091,0.07657283275705988,6.42069658442806e-23
GSE278723,RXRA,0.6829508943289436,0.1265144901684259,6.731169968750276e-8
GSE278723,RXRG,0.8748559024122036,0.10472713773259046,6.617430624495982e-17
GSE278723,RYBP,-0.6916699686329573,0.09158363226301779,4.275339515794349e-14
GSE278723,RYK,-0.6622460771321023,0.09381171617097515,1.6733023066734994e-12
GSE278723,RYR1,0.7027998930003311,0.1120708725176788,3.5866566170862284e-10
GSE278723,S100A1,1.2342148436134677,0.0848588728442276,6.345564434722025e-48
GSE278723,S100A10,0.817074252277754,0.3473720049185927,0.01866478532806314
GSE278723,S100A13,0.8598074222392933,0.12898323221608085,2.6279714987721508e-11
GSE278723,S100A16,0.9421552659426684,0.13583948144623872,4.0393312976768655e-12
GSE278723,S100A6,0.6620264528354136,0.13312594358188923,6.594731787960281e-7
GSE278723,S100A9,1.39936213678736,0.6204858757025802,0.024116492036266528
GSE278723,S100B,0.6308386259200583,0.19964812620303685,0.0015790331984012437
GSE278723,S1PR5,0.7390831058412028,0.19325343455080826,1.310780809583093e-4
GSE278723,SAAL1,-0.587111514647714,0.16224033694759743,2.959991611155137e-4
GSE278723,SAC3D1,1.3127067088585562,0.10696497282823747,1.2757011413481382e-34
GSE278723,SACM1L,-0.7300486132513202,0.08008653402219047,7.813007483999188e-20
GSE278723,SACS,-0.9573019371857848,0.2100371822681018,5.169870610234721e-6
GSE278723,SAFB2,0.60502539677617,0.18677048168892516,0.0011977899063329602
GSE278723,SALL1,0.7403867986400738,0.19149082850624777,1.1043798209588671e-4
GSE278723,SALL2,0.7589725073365993,0.09368880511628032,5.451165623982543e-16
GSE278723,SALL3,0.8742328770286548,0.23698908630496043,2.2521138666253146e-4
GSE278723,SAMD10,0.9504114809908623,0.1481436064841054,1.4038521608289084e-10
GSE278723,SAMD11,1.28654477621024,0.43537403029492255,0.0031263526090017824
GSE278723,SAMD12,-1.0938808968526312,0.16787863087132962,7.225359337482676e-11
GSE278723,SAMD14,0.981559528691875,0.10872448979693612,1.7491373549714531e-19
GSE278723,SAMD3,-0.8443814520807346,0.25467701761560707,9.147959787858088e-4
GSE278723,SAMD4B,0.6961602831248865,0.13087078545230843,1.0408279517138168e-7
GSE278723,SAMD5,-0.8993341520694582,0.1538972058471137,5.104387502653447e-9
GSE278723,SAMD8,-0.6704410453788542,0.0909125401311655,1.648742314205343e-13
GSE278723,SAMD9,-0.7901547057409936,0.1075488500921845,2.0279926979888815e-13
GSE278723,SAMSN1,-0.9141744685435418,0.21724707434046073,2.5764726959301952e-5
GSE278723,SAP130,0.7573230381501245,0.05890740221659666,7.942449509518064e-38
GSE278723,SAPCD2,0.9068528658476235,0.25035739792681183,2.920706942893622e-4
GSE278723,SAR1B,-0.6596604541241297,0.06703170807622388,7.494626257938118e-23
GSE278723,SARDH,1.1907120842453938,0.11904755342607463,1.4936937669799027e-23
GSE278723,SARNP,-0.6491605524003152,0.13254749356673737,9.70293558481581e-7
GSE278723,SARS2,0.580394878997581,0.19847047740834767,0.003451890322912741
GSE278723,SART1,0.75758178671838206,0.07694248230802048,7.127007046229374e-23
GSE278723,SASS6,-0.6960538504629091,0.10720328576719577,8.423277841153301e-11
GSE278723,SAT1,-0.586342294777599,0.22781812403945972,0.010060880997096592
GSE278723,SAV1,-0.6478165766806181,0.08932995935029746,4.108075086412183e-13
GSE278723,SAXO2,-0.7432254713339942,0.1140369717425362,7.153266854399649e-11
GSE278723,SBF1,0.9417231812169451,0.07645673620116955,7.330720993698852e-35
GSE278723,SBK1,0.7484155317677246,0.10925920681453119,7.389741719732314e-12
GSE278723,SBNO1,-0.591833109553483,0.10998016042539516,7.396151943442562e-8
GSE278723,SC5D,-0.6792995891964975,0.11235960845752405,1.487043456435338e-9
GSE278723,SCAF1,0.702504248550941,0.06364434762421994,2.5063811618543195e-28
GSE278723,SCAF11,-0.7677330673794298,0.06963405434583982,2.8870550071623374e-28
GSE278723,SCAI,-0.9126683446377692,0.11428208615390752,1.3927297883600204e-15
GSE278723,SCAMP1,-0.7834593072076441,0.14275269986167158,4.059867456270026e-8
GSE278723,SCAMP2,0.6841356410469034,0.0990925481873585,5.0555825972580134e-12
GSE278723,SCAMP3,0.7602984502732505,0.06083160862074795,7.615827373265315e-36
GSE278723,SCAMP4,0.8947764636269052,0.07340013718249284,3.4973392153714495e-34
GSE278723,SCAMP5,0.990342907363435,0.17126807177039124,7.3636186831801084e-9
GSE278723,SCAND1,1.4893294604731968,0.09209247771813325,7.933712223223101e-59
GSE278723,SCAP,0.707618856951275,0.058011532874499984,3.189449799950154e-34
GSE278723,SCARA3,0.7631561582106474,0.1401704670165969,5.195516299347074e-8
GSE278723,SCARB2,-0.6059234179123897,0.1558610275590956,1.0124540048718599e-4
GSE278723,SCARF1,0.58378929893462,0.22082217853396383,0.00820034315988181
GSE278723,SCARF2,0.9599591893034364,0.11700084407740875,2.311285220648202e-16
GSE278723,SCFD1,-0.8434164654025333,0.06257676271514584,2.1042951587929941e-41
GSE278723,SCG3,-0.6709842147682592,0.15607355478633514,1.7145147375811295e-5
GSE278723,SCHIP1,-0.6774457467050741,0.11072906412121417,9.472844281327396e-10
GSE278723,SCML2,-0.6622361881099236,0.10702582823924428,6.107561024276656e-10
GSE278723,SCN1A,-0.58103413384306,0.24946533567414195,0.019852830194746696
GSE278723,SCN1B,0.708319020217186,0.08450438308698581,5.2018667424558666e-17
GSE278723,SCN3A,-0.61798515311571,0.28002213487608196,0.027319972489821702
GSE278723,SCN7A,-1.0021170003858482,0.21593177741740363,3.4690108667169664e-6
GSE278723,SCN9A,-0.8899671873672911,0.1779720807701221,5.715217494007553e-7
GSE278723,SCNM1,0.7287656615109119,0.09054112692370676,8.347226201961554e-16
GSE278723,SCNN1G,-1.58221948335437,0.6974965533894786,0.02330324001055098
GSE278723,SCO1,-0.5954760748909191,0.08137879022408669,2.5293910695638394e-13
GSE278723,SCOC,-0.9093646074186992,0.09405020707120855,4.0863901220878985e-22
GSE278723,SCRIB,0.7735804210781592,0.09302777550977617,9.130039524641965e-17
GSE278723,SCRN2,0.6890972014096741,0.08578856775684572,9.55014186219889e-16
GSE278723,SCRN3,-0.6524656493129892,0.06331777040868831,6.7155611189509805e-25
GSE278723,SCRT1,0.8864032169711775,0.10371475405613255,1.2682371236993926e-17
GSE278723,SCX,1.171651087093489,0.27530985710058187,2.08345477981267e-5
GSE278723,SCYL2,-0.8362971122362713,0.09187158816214679,8.795816255399781e-20
GSE278723,SCYL3,-0.606878422567995,0.17649079927626718,5.847652803972567e-4
GSE278723,SDC3,0.6736805418222206,0.12021227603471606,2.0935062797525776e-8
GSE278723,SDC4,0.8687534976534659,0.19212934059922926,6.134155359925213e-6
GSE278723,SDF2L1,0.9593203650316664,0.12587292881431583,2.5105603785553978e-14
GSE278723,SDF4,0.6664334913400014,0.0658697453655347,4.6232922541091186e-24
GSE278723,SDHAF1,0.6415579082521359,0.10091733393824007,2.05381844649579e-10
GSE278723,SDHC,-0.7073954966078789,0.06952383726237658,2.5676190960063133e-24
GSE278723,SDK1,0.6588843090658857,0.11773194667912157,2.1874942709248815e-8
GSE278723,SDK2,0.6858214041386037,0.08192484290831924,5.6962611540468e-17
GSE278723,SDS,1.0327523315183766,0.20359838802559352,3.926281204977248e-7
GSE278723,SDSL,1.4194883646468643,0.1540514614025109,3.1308880269123025e-20
GSE278723,SEC11A,-0.6388913009457599,0.09987243338523286,1.583830588928165e-10
GSE278723,SEC14L2,0.605058095841826,0.22311820024350493,0.006691338218347751
GSE278723,SEC14L6,0.720420169622314,0.26012405356678864,0.005613802950227894
GSE278723,SEC22A,-0.819369723474302,0.09475264293411208,5.265818641701381e-18
GSE278723,SEC22B,-0.6268622706343864,0.08263518822890296,3.3018713185678337e-14
GSE278723,SEC61A2,-0.7260672334134752,0.12779126605126598,1.3338931467761293e-8
GSE278723,SEC61G,-0.85741466087515,0.10428713633055128,2.0068490840505747e-16
GSE278723,SEC62,-0.7735090329751275,0.10676797684619437,4.331857141610783e-13
GSE278723,SEC63,-0.8041206805442971,0.05965693744064112,2.0767799009972345e-41
GSE278723,SECISBP2L,-0.8150880029038258,0.07726230716050832,5.1002796116441924e-26
GSE278723,SEH1L,-0.6614136822906224,0.09656201983222105,7.40435194822486e-12
GSE278723,SEL1L,-0.797336246788735,0.07854331956393146,3.2614980841837973e-24
GSE278723,SELENBP1,0.8306317390458673,0.08578818870039905,3.583626565897948e-22
GSE278723,SELK,-0.6280069834772707,0.08920357548918989,1.9202632430969144e-12
GSE278723,SELL,-0.737851852648935,0.3044531719048378,0.015370420160002833
GSE278723,SELM,0.6760161391050546,0.10933208674776529,6.283697000456193e-10
GSE278723,SELO,0.7978984485875614,0.08048244135629831,3.6206336328079564e-23
GSE278723,SELPLG,1.0521601309141484,0.11246088220737147,8.29791314106127e-21
GSE278723,SEMA3B,1.0164794065377663,0.12965009498608968,4.4991970177291944e-15
GSE278723,SEMA3C,-0.942113814666348,0.33247408251248073,0.004602029748687879
GSE278723,SEMA3D,-0.716779893090029,0.20556941399594708,4.888326836030835e-4
GSE278723,SEMA3E,-0.845142064607879,0.330035440341175,0.010444301477300525
GSE278723,SEMA4A,0.6279605275760299,0.12256535970861354,2.999558062843304e-7
GSE278723,SEMA4B,0.7545101638326668,0.0765889517076054,6.758025755037173e-23
GSE278723,SEMA4C,0.587505977081378,0.14778313235936757,7.02432587874086e-5
GSE278723,SEMA4G,0.6764171266471373,0.12341647358527436,4.2348218840808426e-8
GSE278723,SEMA5B,0.895605416561635,0.3029382193959361,0.0031125692599218626
GSE278723,SEMA6B,0.8245516814300218,0.1008930725509789,3.019880957897839e-16
GSE278723,SENP2,-0.7032157439131707,0.059640162064654195,4.344744240149519e-32
GSE278723,SENP5,-0.6322030067366252,0.07642272268087447,1.3123600121891454e-16
GSE278723,SENP6,-0.7622062487070076,0.054324822768611926,1.0138591547327996e-44
GSE278723,SENP7,-0.6012549411462516,0.11386890055438915,1.2901590816118492e-7
GSE278723,SEPN1,0.8629127825671447,0.12771168549364106,1.4114538311730988e-11
GSE278723,SEPP1,-1.0419362370066854,0.21903279440509202,1.9650345677955824e-6
GSE278723,SEPSECS,-0.7599631837928708,0.09455126275523236,9.163129799896215e-16
GSE278723,SERF2,0.631118185444888,0.08964785801535803,1.922819278586468e-12
GSE278723,SERINC1,-0.7073491783842393,0.09740575746269914,3.817393750155387e-13
GSE278723,SERINC2,1.5836365216191768,0.23118678723196467,7.383429435444425e-12
GSE278723,SERPINA3,-1.077227198408,0.5217438657909645,0.0389545451254847
GSE278723,SERPINB1,-0.650496023057161,0.146386496292768,8.842951705286577e-6
GSE278723,SERPINB8,-0.871741419769901,0.1658056866515342,1.459406382407787e-7
GSE278723,SERPING1,0.72609710736599,0.2191353485920606,9.214794073545327e-4
GSE278723,SERPINI1,-0.7831691103043493,0.2564440189631232,0.002258441455887677
GSE278723,SERPINI2,-1.0347711377437325,0.22342693275244363,3.632670548371563e-6
GSE278723,SERTAD1,0.580171104602785,0.2637668471682565,0.027838101329849
GSE278723,SERTAD3,0.59335133283442,0.28882167456844626,0.03993830409310853
GSE278723,SERTAD4,-0.8242206664409559,0.21293145649911444,1.08467094653768e-4
GSE278723,SESTD1,-0.6336866196757835,0.09328340524796105,1.0972380084868168e-11
GSE278723,SET,-0.5980814571218349,0.1373424451856436,1.3326561456452503e-5
GSE278723,SETD1A,0.6393031437690933,0.0963485977879707,3.238137377156344e-11
GSE278723,SETD1B,0.6967768006398963,0.07327806246150129,1.931185552038902e-21
GSE278723,SETD3,-0.6392788181364036,0.08655408949454807,1.5143913835615333e-13
GSE278723,SETD6,0.607787632538955,0.23312806386649004,0.009131330933142263
GSE278723,SETDB2,-0.7119465535770726,0.06560953770295704,1.9668176034603046e-27
GSE278723,SETMAR,-1.00400589628936,0.20725082147216134,1.2699480717933718e-6
GSE278723,SEZ6,0.739575840760459,0.17793546543182873,3.232628569488288e-5
GSE278723,SEZ6L,0.709636670732902,0.26510495843989257,0.007432587843898172
GSE278723,SEZ6L2,0.7100922701081188,0.12390563957253574,9.989230482821905e-9
GSE278723,SF3A2,0.7920690968608096,0.06665354196455256,1.4441473755653132e-32
GSE278723,SF3B5,1.2649825911232921,0.07459084779806988,1.652664373144651e-64
GSE278723,SF3B6,-0.7453460031206313,0.1201330729101572,5.492816214095727e-10
GSE278723,SFR1,-0.8081905580256525,0.18457399487822498,1.1940000959646947e-5
GSE278723,SFRP2,0.989197920838059,0.14939004262411198,3.553827816746518e-11
GSE278723,SFXN2,-0.648921675312859,0.18410485799163614,4.2389933893749546e-4
GSE278723,SFXN5,0.899256725395339,0.11916763425903612,4.4831707930538524e-14
GSE278723,SGCB,-0.7247453615126694,0.08465465840945263,1.1169988745793792e-17
GSE278723,SGCD,-0.7267608657318092,0.11318971383977203,1.356202296093899e-10
GSE278723,SGCE,-0.5936934723710995,0.10405408910868386,1.159178661127307e-8
GSE278723,SGK1,-0.8626061519856729,0.1496018385178943,8.116878091865774e-9
GSE278723,SGK223,0.7200204742735867,0.08978983751770883,1.0665042397830507e-15
GSE278723,SGK3,-0.8256475150236555,0.08327904782902132,3.610346166801722e-23
GSE278723,SGK494,-0.674507473829324,0.19575116562673295,5.694995979615187e-4
GSE278723,SGMS2,-0.9823530366032305,0.20127294558487294,1.0570949104554392e-6
GSE278723,SGOL2,-0.9032206072525213,0.12400250885043318,3.243300191993267e-13
GSE278723,SGSH,0.6666229603213963,0.12586928583117862,1.1826793804069329e-7
GSE278723,SGSM3,0.647979784131121,0.07030626257519436,3.068699852843923e-20
GSE278723,SGTA,0.7449852513547004,0.05829784843534928,2.1495364709578702e-37
GSE278723,SGTB,-0.828190134559159,0.09887286419021188,5.461119481605003e-17
GSE278723,SH2B2,0.8678585014450968,0.09811271912874472,9.109905330373468e-19
GSE278723,SH2D3C,0.64783672986192,0.13902862405908373,3.1661469799106882e-6
GSE278723,SH2D5,0.7014897841828208,0.13815461730883194,3.822920395630275e-7
GSE278723,SH3BGRL2,-0.6806882722601343,0.08385822548689019,4.773301327277835e-16
GSE278723,SH3BGRL3,0.590901119109313,0.1460223896370239,5.195641942324702e-5
GSE278723,SH3BP1,1.35405229116515,0.6167827116903841,0.028138690821928318
GSE278723,SH3BP2,0.632063510933451,0.23739291038789598,0.007755782533589208
GSE278723,SH3GL1,0.7965843934530865,0.073428181992738,2.027623123176765e-27
GSE278723,SH3GL3,-0.6634846200659692,0.0958358628092797,4.417562784896533e-12
GSE278723,SH3RF3,0.6677250481917165,0.09345216190778975,8.993035337793739e-13
GSE278723,SH3TC1,0.686293180469389,0.2683041759055007,0.01053087074095959
GSE278723,SH3TC2,-0.7783291289699725,0.16212139090104366,1.5795149059114257e-6
GSE278723,SHANK1,0.6953050434471378,0.12684034615679726,4.211770677324634e-8
GSE278723,SHANK3,0.681563283417677,0.2478547901665019,0.005962270614399604
GSE278723,SHARPIN,1.0281693786081973,0.07727957490562086,2.1782271462123325e-40
GSE278723,SHB,0.6080813377606066,0.1427320943419355,2.041539981849574e-5
GSE278723,SHC2,0.6773003020947685,0.0716594685028555,3.3352715348010485e-21
GSE278723,SHC4,-0.735750705434692,0.16576077497611622,9.05334055493466e-6
GSE278723,SHD,0.7955420462246501,0.21509009301805843,2.1675291961279917e-4
GSE278723,SHF,0.612365450713851,0.1819593684048778,7.643369220334898e-4
GSE278723,SHFM1,-0.7656647883695709,0.07983045379805986,8.71199198095293e-22
GSE278723,SHISA2,-0.954505677483776,0.3521057109341132,0.0067111029696700466
GSE278723,SHISA4,1.2472685378406638,0.09894904659588648,1.977715177222634e-36
GSE278723,SHISA5,0.8008208622421328,0.07474946848222644,8.806799719795978e-27
GSE278723,SHISA6,0.654856095323101,0.2620383676832805,0.012451452034457492
GSE278723,SHISA7,0.6227443857470916,0.08975101901011236,3.960681764234418e-12
GSE278723,SHKBP1,0.6096736320261645,0.12559159740678283,1.2074314118872958e-6
GSE278723,SHOC2,-0.7017725596370944,0.10003632822190033,2.2965785548731123e-12
GSE278723,SHROOM3,0.586781038879782,0.21224338621991057,0.005698195793343797
GSE278723,SHTN1,-0.8727994106003394,0.12270474374688199,1.1354346713951229e-12
GSE278723,SIAH1,-0.6335226638740379,0.14018417497711677,6.206884224221227e-6
GSE278723,SIDT2,0.655630172619675,0.15736321522570051,3.095158965922486e-5
GSE278723,SIGIRR,0.7915404149952119,0.14169969822177578,2.323035550523464e-8
GSE278723,SIGLEC1,1.1114977028162139,0.3234522296371998,5.895910223752263e-4
GSE278723,SIGLEC8,0.9697716005304385,0.2172515395207722,8.051149633159316e-6
GSE278723,SIGMAR1,0.7049004447586604,0.07210919784501443,1.4350658926625608e-22
GSE278723,SIKE1,-0.8735367823592014,0.06768946005799734,4.214677617542833e-38
GSE278723,SIL1,0.6312717545005515,0.08442506049783606,7.586339077668917e-14
GSE278723,SIMC1,0.729471311519332,0.1494093792201795,1.048203317747429e-6
GSE278723,SIN3B,0.6503993423558599,0.11221094691742652,6.7826249165034185e-9
GSE278723,SIPA1,0.7473438384223019,0.10224300913620805,2.6816629781413276e-13
GSE278723,SIPA1L3,0.7635231077954193,0.10021128503578987,2.553852409536828e-14
GSE278723,SIRT6,0.6351857704993784,0.07208118921239869,1.2283631856908216e-18
GSE278723,SIVA1,0.7426781316489098,0.060624558955510846,1.6706620144496135e-34
GSE278723,SIX4,-0.675393714100506,0.27854200104567145,0.015319083766932294
GSE278723,SIX5,0.8183660627494337,0.14723252291595332,2.7237745283281067e-8
GSE278723,SKA2,-0.7939966511748799,0.09172701294002898,4.882525139059487e-18
GSE278723,SKI,0.602495131105178,0.1817116982924804,9.142532868053242e-4
GSE278723,SKIL,-0.7209447273077085,0.1503650875825266,1.6297660745663061e-6
GSE278723,SKIV2L2,-0.702574556906428,0.055764968131795815,2.1424114879813445e-36
GSE278723,SKOR1,1.02841050719181,0.363280790873128,0.004641766375478618
GSE278723,SKP1,-0.646888410667352,0.15099408076765594,1.8340023420391193e-5
GSE278723,SLAIN1,-0.6092894869409122,0.13803462173229988,1.0146210368306002e-5
GSE278723,SLC10A3,0.7973488892057082,0.11393905661018164,2.5958728248223976e-12
GSE278723,SLC10A5,-0.9206045918298112,0.14546521819095024,2.4724774926529095e-10
GSE278723,SLC10A7,-0.7143959672823929,0.08488912074697572,3.9076789749963027e-17
GSE278723,SLC12A2,-0.7992840635988407,0.08412495514875408,2.0757916296106216e-21
GSE278723,SLC12A4,0.7020890971414202,0.09695814496104427,4.4487483577985426e-13
GSE278723,SLC12A5,0.868511828556928,0.32974848249952166,0.008441991903069093
GSE278723,SLC13A5,0.8541628754691948,0.22043819444026494,1.0669449686786164e-4
GSE278723,SLC14A1,1.09544280206258,0.3289406321987579,8.677916304289253e-4
GSE278723,SLC15A3,0.8793885927774023,0.10650070197000143,1.492350503392827e-16
GSE278723,SLC15A4,-0.600039313108891,0.1020102702903805,4.049806187590429e-9
GSE278723,SLC16A1,-0.670715448360818,0.257509914752348,0.00919762332728828
GSE278723,SLC16A10,-0.6711202724212575,0.1917866481261656,4.6646996588083973e-4
GSE278723,SLC16A12,-1.82363877587235,0.4576905488630298,6.764053587301898e-5
GSE278723,SLC16A4,-0.584094680029933,0.2595716369286851,0.024434643270882846
GSE278723,SLC16A6,-0.581819870860712,0.2549239880233666,0.022470048565025866
GSE278723,SLC16A7,-1.2418100198690774,0.18225000589041174,9.507222420222967e-12
GSE278723,SLC17A6,-1.04056666579789,0.4667517587042976,0.02578868450600012
GSE278723,SLC17A7,0.6688726443960128,0.13345927103519267,5.392014689848431e-7
GSE278723,SLC19A1,0.6496772521778194,0.1723319552704489,1.633015263867241e-4
GSE278723,SLC19A2,-0.6280826950913231,0.13342230170662547,2.507990006577811e-6
GSE278723,SLC1A1,-0.604437865808069,0.22077709274843318,0.0061856498520083975
GSE278723,SLC1A4,0.6207125292178504,0.09665862182865628,1.3476211290950386e-10
GSE278723,SLC1A6,0.838683634044119,0.15271079143599034,3.974668314793213e-8
GSE278723,SLC22A13,1.07050041506259,0.4330533799740176,0.013436606047028676
GSE278723,SLC22A15,-0.7449516252572483,0.0931465811296527,1.2683977740554145e-15
GSE278723,SLC22A17,0.7590728363613459,0.07870411776163512,5.179289579548003e-22
GSE278723,SLC22A18,1.2117118181952633,0.13570261604515027,4.292142852855451e-19
GSE278723,SLC22A3,-0.705238496551545,0.2135148198711868,9.565791116815614e-4
GSE278723,SLC22A4,0.657247973134463,0.27471184805425763,0.016734048567951944
GSE278723,SLC24A2,-0.5947637422967988,0.15781193624643525,1.640254383627308e-4
GSE278723,SLC24A3,0.65255096726307,0.2712844262287211,0.016154217129687735
GSE278723,SLC25A1,0.8941760023034411,0.07658020055102263,1.6840292437871158e-31
GSE278723,SLC25A10,1.0735907951949353,0.1258197185068567,1.4288383414114e-17
GSE278723,SLC25A13,-0.609914941726416,0.2035175207676319,0.0027276969025149737
GSE278723,SLC25A14,-0.7570212524767566,0.2283610266787093,9.163673772849476e-4
GSE278723,SLC25A16,-0.792757156929524,0.13167959895714573,1.7404127812701585e-9
GSE278723,SLC25A17,-0.614358897812075,0.19646280186616596,0.0017653965407618706
GSE278723,SLC25A18,0.9515757651223625,0.10888034865871596,2.3384083349893317e-18
GSE278723,SLC25A20,0.6739599778628681,0.167564746152367,5.768475557530658e-5
GSE278723,SLC25A22,1.0042767393863743,0.10435913407012148,6.376729043763189e-22
GSE278723,SLC25A23,0.7689047188058497,0.09925323750405952,9.416444807509366e-15
GSE278723,SLC25A25,0.642576346461102,0.10893168703982747,3.659488450853613e-9
GSE278723,SLC25A27,-0.616064963592137,0.17194434312979487,3.397585136847076e-4
GSE278723,SLC25A28,0.9482153334835486,0.11291554861935046,4.558434194588372e-17
GSE278723,SLC25A32,-0.8029509407923012,0.07166265082817411,3.8712257419913226e-29
GSE278723,SLC25A35,0.680021264038591,0.26709255517187375,0.010896095938378127
GSE278723,SLC25A36,-0.8193988128700244,0.08505272385350292,5.744288639846797e-22
GSE278723,SLC25A39,0.9400260836857582,0.07792430776176976,1.6498926872779542e-33
GSE278723,SLC25A40,-0.7287868501086404,0.1007619328744955,4.732763213219485e-13
GSE278723,SLC25A41,0.719485591929063,0.3192504228636418,0.024216839102561765
GSE278723,SLC25A42,0.6363685339443025,0.08259460562340283,1.3112770278970879e-14
GSE278723,SLC25A46,-0.8969136490760927,0.10437548404628035,8.462078132432202e-18
GSE278723,SLC25A5,0.6744005069625425,0.06658456601012287,4.1301574361374486e-24
GSE278723,SLC25A6,1.0161861679106823,0.07142726949478032,6.241724103598054e-46
GSE278723,SLC26A1,0.849109198940652,0.4074985389950931,0.03718646064305847
GSE278723,SLC26A11,0.6789446246450308,0.06703391171651431,4.1346151205037066e-24
GSE278723,SLC26A2,-0.9321876947322771,0.10780966330517895,5.305370061704945e-18
GSE278723,SLC26A4,-1.0868621149943356,0.21596934407512994,4.841668228631612e-7
GSE278723,SLC27A1,0.7678328233542849,0.08303108690471608,2.2973087978087045e-20
GSE278723,SLC27A3,0.7719116042176711,0.12416069360826085,5.066309018183668e-10
GSE278723,SLC27A5,0.8193230905239914,0.08531590947229575,7.734737413253011e-22
GSE278723,SLC29A2,0.7284283462820927,0.12494108534478682,5.5369400025091565e-9
GSE278723,SLC29A3,0.7617286110676261,0.09587560446647711,1.942408958154198e-15
GSE278723,SLC29A4,0.9570283957859255,0.12916137157444016,1.2672310499726383e-13
GSE278723,SLC2A10,0.748930734676245,0.27419977912432075,0.006307881960701733
GSE278723,SLC2A13,-0.7496859265242324,0.1887042758517602,7.103019164091713e-5
GSE278723,SLC2A3,-0.7883486398491419,0.2022329877441191,9.690243601900187e-5
GSE278723,SLC2A4,0.636447730994991,0.23422778784820392,0.006583342542118797
GSE278723,SLC2A4RG,0.9712153882901335,0.1272508044923897,2.3061507153974707e-14
GSE278723,SLC2A6,0.6954055480822445,0.07110807759600088,1.3781145080880988e-22
GSE278723,SLC2A8,0.6934218305616096,0.1253968244224465,3.205600816159159e-8
GSE278723,SLC2A9,0.704373557076912,0.1904332781308813,2.1662592037997603e-4
GSE278723,SLC30A1,-0.6185357164110271,0.10577307636922703,4.982324191994847e-9
GSE278723,SLC30A10,-0.6548736106977373,0.11413994531048653,9.6105774838165655e-09
GSE278723,SLC30A3,0.8255561034821689,0.24658588724486485,8.141302948791445e-4
GSE278723,SLC30A4,-0.7138256567365855,0.07731983685242325,2.6533896524924887e-20
GSE278723,SLC30A5,-0.6244289066355138,0.06439877884085521,3.1267690855991643e-22
GSE278723,SLC30A6,-0.9457110607667263,0.13850833791054423,8.6210060882633e-12
GSE278723,SLC30A7,-0.8386631711693044,0.06601604669496312,5.623400400944852e-37
GSE278723,SLC30A9,-0.675359585564383,0.16950012552735103,6.764531625180273e-5
GSE278723,SLC32A1,1.3818330347253247,0.33876694822045494,4.5228313542337026e-5
GSE278723,SLC33A1,-0.7261436191066423,0.08489976258717814,1.1997949546910928e-17
GSE278723,SLC35A1,-1.52239409662923,0.71853618758024,0.03411212409943054
GSE278723,SLC35A3,-0.9869213930946416,0.107913645277378,5.936915359575115e-20
GSE278723,SLC35A4,0.8580046365490147,0.11285047634426601,2.8929463904381915e-14
GSE278723,SLC35A5,-0.8059694814194633,0.09935085509686953,4.9647690239462e-16
GSE278723,SLC35B2,0.6784691992051135,0.13574468518905164,5.788980416315581e-7
GSE278723,SLC35B3,-1.020326915933723,0.08340063489477459,2.045020110187686e-34
GSE278723,SLC35C1,0.586372850009837,0.17652284747350863,8.944012959089115e-4
GSE278723,SLC35D1,-0.6711948292670653,0.06592699614313476,2.4136889744353344e-24
GSE278723,SLC35D2,-0.8354980599130708,0.17263766206323056,1.3009756616837301e-6
GSE278723,SLC35E2B,0.598953265217896,0.17828476395403384,7.807477420766359e-4
GSE278723,SLC35E3,-0.6606189163901874,0.07640221867554084,5.305963341398071e-18
GSE278723,SLC35E4,0.7286601351843269,0.08734628817035128,7.292147960896823e-17
GSE278723,SLC35F5,-0.8077831010733553,0.06614971592516043,2.7007581946530716e-34
GSE278723,SLC35G1,-0.6933257822872068,0.14956625171602209,3.559442750994639e-6
GSE278723,SLC36A4,-0.9331025223199699,0.10122556632694599,3.025467663493977e-20
GSE278723,SLC37A2,0.671487584404698,0.279559322063559,0.016307926004259624
GSE278723,SLC38A1,-0.7661090241811648,0.14744832330377683,2.0386342319243647e-7
GSE278723,SLC38A10,0.6387070895314054,0.08899581389624499,7.135063335819803e-13
GSE278723,SLC38A11,-1.0850825421292816,0.1205651485836389,2.2578240725315e-19
GSE278723,SLC38A2,-0.9249827245363542,0.1075223104181307,7.785886953546574e-18
GSE278723,SLC38A3,0.8187839219440392,0.1429709560048648,1.0226743821278155e-8
GSE278723,SLC38A6,-0.7518923015614175,0.08326342942011765,1.7122895998692996e-19
GSE278723,SLC38A7,0.615307331367009,0.1951457760328141,0.0016156578427527503
GSE278723,SLC38A9,-0.9224903042037732,0.06368731334392579,1.5142793738586604e-47
GSE278723,SLC39A1,0.6753112063724277,0.12512865360964823,6.778894380951032e-8
GSE278723,SLC39A10,-0.6066518830620053,0.1394885164955788,1.366867564796926e-5
GSE278723,SLC39A13,0.8100607337232144,0.08725429345461092,1.6337554183521242e-20
GSE278723,SLC39A14,-0.643042274030412,0.22673668069630726,0.004567169270791066
GSE278723,SLC39A3,0.7789110672026277,0.05873171785606998,3.835412525983821e-40
GSE278723,SLC39A4,0.8551765636917074,0.14345680333491295,2.503723221660798e-9
GSE278723,SLC3A2,0.6118248341553099,0.08716290766095267,2.2294160663263806e-12
GSE278723,SLC41A2,-0.676810582932003,0.13544296385247456,5.822440542779768e-7
GSE278723,SLC41A3,0.670274362958545,0.14774925535698813,5.717739119423379e-6
GSE278723,SLC43A1,0.5927546162138498,0.12847874668740036,3.956785446350972e-6
GSE278723,SLC43A2,0.9432914119007871,0.08829527550488823,1.2176461223455592e-26
GSE278723,SLC44A1,-0.8693649046643264,0.13926779928509156,4.3091529449972915e-10
GSE278723,SLC44A2,0.83140325677233,0.09493272013637691,1.990704933771582e-18
GSE278723,SLC44A5,-0.7592102042518148,0.1209979434201651,3.505992944712683e-10
GSE278723,SLC45A1,0.752752149345858,0.17050275799693357,1.0105800089223375e-5
GSE278723,SLC45A4,0.589798328095193,0.18636669317498245,0.0015523246662610063
GSE278723,SLC46A3,-0.641553627956249,0.1161345562412902,3.3093974635336825e-8
GSE278723,SLC47A2,-1.15824534905236,0.5115205799788457,0.023554552170536546
GSE278723,SLC48A1,1.011672727513529,0.1633730002575255,5.925089087731447e-10
GSE278723,SLC4A11,0.7602777999453758,0.13741275409491963,3.151520369177696e-8
GSE278723,SLC4A2,0.7707242222482064,0.14373317788607348,8.222021652474244e-8
GSE278723,SLC4A3,0.8518053068446395,0.06933288741509798,1.0806179136237435e-34
GSE278723,SLC4A7,-0.8608625665833599,0.2963166534992661,0.003670049440159198
GSE278723,SLC52A2,0.965330423201825,0.08385807175588407,1.1548085020248085e-30
GSE278723,SLC5A3,-1.0402348769032317,0.14037419001335527,1.258786009350968e-13
GSE278723,SLC6A11,0.680493414740925,0.2826341813805734,0.01605412942138849
GSE278723,SLC6A15,-1.0110840267583099,0.1256858024079297,8.657244562063476e-16
GSE278723,SLC6A17,0.6700950228782342,0.163124546127565,3.993184591158999e-5
GSE278723,SLC6A7,1.31924326669885,0.49115498144589254,0.007231265410074728
GSE278723,SLC6A8,0.760519576851203,0.09420076751105301,6.837252213168042e-16
GSE278723,SLC6A9,0.7395991002714908,0.17257196999766727,1.8212950072565502e-5
GSE278723,SLC7A10,1.0042994091795032,0.1253465985457057,1.1269350191164257e-15
GSE278723,SLC7A11,-0.6097169621577264,0.13573363958056278,7.055387593981551e-6
GSE278723,SLC7A14,-0.8779619975111069,0.40061910193430544,0.02841468506294364
GSE278723,SLC7A2,-0.727817487515195,0.2281596430417712,0.0014229820001337482
GSE278723,SLC7A4,0.7343703463498981,0.14897017488256784,8.237841345724921e-7
GSE278723,SLC7A5,0.596838148981166,0.29208390890374253,0.04101492677171491
GSE278723,SLC7A7,0.7841307435225161,0.21935376153027092,3.5058784354215385e-4
GSE278723,SLC8A1,-0.7931352641193103,0.21802099909000192,2.7488639031675245e-4
GSE278723,SLC8A2,0.8130097551300299,0.11122851352422161,2.6840863702917533e-13
GSE278723,SLC9A1,0.6879750286146539,0.11655227394549612,3.575644567094976e-9
GSE278723,SLC9A2,-0.584867611019399,0.28387250110684126,0.039368154524408346
GSE278723,SLC9A3R1,0.6635562610769832,0.11378143447004287,5.481617946116088e-9
GSE278723,SLC9A3R2,0.6683731799748209,0.16716658048311767,6.381350063069595e-5
GSE278723,SLC9B1,-0.667367106479606,0.27624424577230494,0.01569814533073539
GSE278723,SLC9C2,-0.9434222850131858,0.17302119730399837,4.962749927591554e-8
GSE278723,SLCO1A2,-0.9461374564896354,0.2230549246342762,2.2180922957802444e-5
GSE278723,SLCO1C1,-0.6998725218795991,0.28790476293512884,0.015060672965777103
GSE278723,SLCO2A1,1.03995099691375,0.4554738128682517,0.02241688549150946
GSE278723,SLCO2B1,0.646078659814735,0.23730110433009136,0.00647682194221576
GSE278723,SLF1,-0.8657898002349284,0.09947248236850689,3.20918080356064e-18
GSE278723,SLF2,-0.7283813112233419,0.09559867459737995,2.5533773748236505e-14
GSE278723,SLFN11,-0.7079237956157876,0.11905060533629377,2.7408591872223865e-9
GSE278723,SLFN13,-1.03391033867128,0.29600306904995133,4.7779803431071755e-4
GSE278723,SLFN5,-0.752247570727119,0.08634338444399792,2.978281247619861e-18
GSE278723,SLIT1,0.7064820834514904,0.13353395751111727,1.2187916299611867e-7
GSE278723,SLITRK3,-0.602500232057947,0.21730212082675504,0.005560384762231902
GSE278723,SLITRK4,-0.9773792986466319,0.2005491209157794,1.0962952547444614e-6
GSE278723,SMAD2,-0.5883258461897459,0.06733357205577109,2.3836452255467325e-18
GSE278723,SMAD5,-0.594747572453581,0.19410796893372964,0.00218396068186729
GSE278723,SMARCA4,0.7641584277883327,0.061912040179685476,5.337220124083099e-35
GSE278723,SMARCAD1,-0.7579806102217939,0.054188738889690474,1.8507841872093994e-44
GSE278723,SMARCB1,0.6555044608032661,0.08060089252550971,4.197647231587667e-16
GSE278723,SMARCC1,-0.629212090501482,0.251345057589906,0.012301352581145513
GSE278723,SMARCD2,0.6054147281735046,0.11364928243810388,9.982398827626945e-8
GSE278723,SMARCE1,-0.582692485785197,0.1542722297439369,1.5870282541119668e-4
GSE278723,SMC2,-0.6716115827233906,0.0765466601092281,1.72605711452227e-18
GSE278723,SMC4,-0.786782071474924,0.07929452325167381,3.3307610407913704e-23
GSE278723,SMC5,-0.604940738290476,0.14356014660232963,2.5105548904549507e-5
GSE278723,SMC6,-0.6912728519531327,0.07040717932383428,9.399270816510948e-23
GSE278723,SMCHD1,-0.6800483038347201,0.05129959169529254,4.142695612369072e-40
GSE278723,SMIM10L1,-0.7419588383397671,0.10016434710786787,1.28785447850792e-13
GSE278723,SMIM10L2B,0.711586811302293,0.23869274795769574,0.002871369586932662
GSE278723,SMIM13,-0.7191058508177497,0.07695142372459189,9.194821252931069e-21
GSE278723,SMIM14,-0.6848765796903402,0.06325723281319806,2.5683889935842e-27
GSE278723,SMIM15,-0.7609613776349696,0.09008376689152785,2.9820840172879946e-17
GSE278723,SMIM17,-0.9347645276867161,0.315833139598781,0.003079603182295341
GSE278723,SMIM20,0.830153384479812,0.282258561456233,0.0032703872382467683
GSE278723,SMIM4,-0.8078521021647027,0.17385080453490895,3.3710320732015614e-6
GSE278723,SMIM8,-0.667354618513234,0.09243676205297328,5.214830035401301e-13
GSE278723,SMN1,-0.8625830156578214,0.18737327077737048,4.153409543852956e-6
GSE278723,SMNDC1,-0.7500013290373008,0.07973802280173378,5.162705387709782e-21
GSE278723,SMO,0.8829265728286949,0.11701749962779229,4.51412289899394e-14
GSE278723,SMOX,0.858295827258028,0.09109054958305914,4.4069791536739535e-21
GSE278723,SMPD2,0.6669535483531537,0.10185586994230517,5.830769161497889e-11
GSE278723,SMPD3,0.6828995155569801,0.1344593083172734,3.797136161112806e-7
GSE278723,SMPDL3A,-0.613644644633245,0.21576432365469136,0.00445439795179321
GSE278723,SMTNL2,1.14563277277635,0.5199279622253218,0.027563385365413064
GSE278723,SNAI1,0.983824236278951,0.3024208088991847,0.001141279428154893
GSE278723,SNAP23,-0.590703916057241,0.20399881457890823,0.0037840518542383876
GSE278723,SNAP47,0.699825664317179,0.11239657671346974,4.772849319920002e-10
GSE278723,SNAPC1,-0.7857653111613392,0.0825174848333654,1.6920881174996893e-21
GSE278723,SNAPC2,0.8538897763081884,0.08838322151961092,4.405839649979305e-22
GSE278723,SNAPC3,-0.8455668931051576,0.08490834723012515,2.3133439258848856e-23
GSE278723,SNAPC4,0.6178763391383562,0.11358355993377621,5.332858417240759e-8
GSE278723,SNCA,-0.6056330748302055,0.13100040608333136,3.779764194193929e-6
GSE278723,SNCG,0.8522426441740063,0.11916588285029643,8.568876640247554e-13
GSE278723,SNED1,0.7017964646034831,0.13991956746762035,5.283701203023923e-7
GSE278723,SNPH,0.58000950032964,0.21022566587739785,0.005798116122022466
GSE278723,SNRNP25,0.8224814175859306,0.0643893873721531,2.3038496223121444e-37
GSE278723,SNRNP27,-0.645590029637207,0.1707257615939278,1.5592084869432834e-4
GSE278723,SNRNP48,-1.0012026771333362,0.08409698706249188,1.1101856790300904e-32
GSE278723,SNRPA,0.6415194386993716,0.09335086956091736,6.324966661514537e-12
GSE278723,SNRPA1,-0.5932576321584251,0.13741916916691882,1.5806474315361995e-5
GSE278723,SNRPB2,-0.652309445498357,0.20161098189368912,0.0012143597517201227
GSE278723,SNRPC,0.6778899657428418,0.09415112083214805,6.02036686042219e-13
GSE278723,SNRPD1,-0.6668481519065493,0.06595953716693298,4.990565495007053e-24
GSE278723,SNRPD2,0.7090262883135812,0.15652546074734439,5.904444606731446e-6
GSE278723,SNRPF,-0.696204730908381,0.2015942477488784,5.533725182177072e-4
GSE278723,SNRPN,0.72130215055424,0.06188320307139709,2.141986588724417e-31
GSE278723,SNTA1,1.073207677378188,0.1244087243422862,6.327659338324108e-18
GSE278723,SNTG1,-0.589397500916732,0.20967980143613818,0.004939687952004396
GSE278723,SNURF,0.583441458799042,0.21597653111841075,0.006904587811540013
GSE278723,SNX10,-1.187258297036776,0.19420568074294797,9.752643997223768e-10
GSE278723,SNX13,-0.7408311098695074,0.06000341026916277,5.088755757689642e-35
GSE278723,SNX14,-0.8492648148301801,0.0556450333850238,1.365958104146572e-52
GSE278723,SNX15,0.6868218668547543,0.12534578935815144,4.267292255460285e-8
GSE278723,SNX16,-0.7561988339030099,0.09218435240570197,2.342371444530471e-16
GSE278723,SNX21,0.825199639730958,0.17309210312577542,1.8661671211059332e-6
GSE278723,SNX24,-0.724606539316259,0.09450185244000135,1.7518462532841702e-14
GSE278723,SNX25,-0.654523258257875,0.1325546720980394,7.902470364364333e-7
GSE278723,SNX32,0.6737366606958266,0.1966185114252517,6.11146669294391e-4
GSE278723,SNX33,0.6163418817607993,0.16267924831847136,1.5144134734965462e-4
GSE278723,SNX6,-0.6624902529474495,0.08515563725092237,7.266339369477644e-15
GSE278723,SNX7,-0.7742276520741903,0.08058165678683078,7.397987331284265e-22
GSE278723,SNX8,0.8271261604559665,0.0964414313527197,9.783695089853728e-18
GSE278723,SOAT1,-0.8516076651629545,0.09591154729335255,6.740699469295036e-19
GSE278723,SOCS4,-0.6411714272031481,0.0884441475599483,4.1846734359295147e-13
GSE278723,SOCS5,-0.631374376892703,0.11856553179933998,1.0089253691034375e-7
GSE278723,SOCS6,-1.09549456971657,0.4853408858117578,0.023997752476702394
GSE278723,SOD3,1.380644502692385,0.15749133771258134,1.843404954963423e-18
GSE278723,SOHLH1,0.8244911421891213,0.20230178315838052,4.590560976464651e-5
GSE278723,SORBS3,0.8754601990430838,0.11100211628398178,3.098389195583979e-15
GSE278723,SORCS1,-0.8197674775681759,0.37553071801469523,0.029038963452169372
GSE278723,SORCS2,0.9374247104514833,0.08828919637732471,2.4666566402995694e-26
GSE278723,SOS1,-0.8492404712054996,0.05305119397686591,1.1246758036062254e-57
GSE278723,SOS2,-0.632817895758666,0.12057670425824203,1.5354248678342138e-7
GSE278723,SOWAHA,0.669494168376049,0.2419394710488943,0.005654058443981462
GSE278723,SOX12,0.6295654713886922,0.10042368630570368,3.631562071811125e-10
GSE278723,SOX15,1.62208255987567,0.2813988893156608,8.197163914627887e-9
GSE278723,SOX18,1.3775564274025938,0.2854226092819881,1.3904088305132093e-6
GSE278723,SOX2,0.6123044619616748,0.09774777625743551,3.7492038401951464e-10
GSE278723,SOX21,0.6700875885189636,0.18056557016991223,2.0640254867583595e-4
GSE278723,SOX8,0.5950236523889026,0.17303980671188068,5.846185455067301e-4
GSE278723,SOX9,0.743409295184075,0.1645271710489606,6.22912993163804e-6
GSE278723,SP140L,-0.580006971835384,0.19640114663125754,0.0031452352230295047
GSE278723,SP2,0.8067653814936223,0.06745920201693222,5.804352389434636e-33
GSE278723,SP8,0.612732212651447,0.25759366943777273,0.01737487927006735
GSE278723,SP9,0.8030622245330201,0.27357591478354154,0.00333088591900086
GSE278723,SPA17,-0.734603066600483,0.3535160940618305,0.03771023895470486
GSE278723,SPAG16,-0.716067114229712,0.06465250861979065,1.6472180131612642e-28
GSE278723,SPAG17,-0.944952696937268,0.44868638837434804,0.03520064261856743
GSE278723,SPAG6,-1.2090214772293553,0.3825457130221064,0.0015751874363628192
GSE278723,SPAG7,0.744179316963594,0.20567115498035335,2.965480047602724e-4
GSE278723,SPATA18,-0.595453314634476,0.2899767210081673,0.04002874814705778
GSE278723,SPATA2,0.632626758637382,0.14037012084821254,6.579782018677279e-6
GSE278723,SPATA20,0.6648561675118836,0.07118055840146557,9.595456017382458e-21
GSE278723,SPATA25,0.7887341213244302,0.16815831122965477,2.7263677059047603e-6
GSE278723,SPATA2L,0.947850276351189,0.09959444181394035,1.7807891777749597e-21
GSE278723,SPATA5,-0.6230761077067353,0.08422719707111188,1.3870505728873076e-13
GSE278723,SPATA6,-0.6225293853091153,0.11249148533618356,3.1298507723375824e-8
GSE278723,SPATA6L,-0.5969886710076199,0.16817206947949637,3.854241551307301e-4
GSE278723,SPATC1L,0.9787966461779926,0.10988430057416688,5.218661537306656e-19
GSE278723,SPATS2,-0.658523636208747,0.21980112334115626,0.002735485940350526
GSE278723,SPCS3,-0.9388335637674594,0.0816610402132212,1.3703478821768833e-30
GSE278723,SPDL1,-0.662860291796516,0.11548842352573391,9.48861876369671e-9
GSE278723,SPEF1,0.65496665240435,0.21976273220781534,0.002879329240194271
GSE278723,SPEF2,-0.60279173254336,0.23811524942449766,0.011357176631974318
GSE278723,SPEG,0.6935154565052535,0.10967902803767383,2.563068331060247e-10
GSE278723,SPHK2,0.732810979856528,0.07799269493659698,5.673474200724221e-21
GSE278723,SPI1,0.9417794099694928,0.12473630342427515,4.347141787228129e-14
GSE278723,SPIN1,-1.0333923913146816,0.17746434514915754,5.776642854065946e-9
GSE278723,SPINT2,0.6381351599987543,0.08992505006056002,1.2814088084185081e-12
GSE278723,SPIRE2,0.6425599579261209,0.077642690240665,1.2753282545532966e-16
GSE278723,SPN,1.3236130896429263,0.30783743393843216,1.7101825219599212e-5
GSE278723,SPNS1,0.767367481058651,0.08482421308251456,1.4754079896427074e-19
GSE278723,SPNS2,0.7891311235420629,0.08246433002163192,1.0756617067061363e-21
GSE278723,SPOCK1,-0.651575164952632,0.2607568976148695,0.012462024153644419
GSE278723,SPOCK3,-0.789844606124581,0.11238963542183641,2.0991265834182456e-12
GSE278723,SPOPL,-0.8714560252908425,0.11721331239534834,1.0473649668694749e-13
GSE278723,SPPL2A,-0.8432855984284235,0.0987359498341381,1.332770781618858e-17
GSE278723,SPPL2B,0.7092422939608307,0.08106131295603661,2.143859712217047e-18
GSE278723,SPR,0.6633863931060683,0.17499943304804172,1.5016787340528756e-4
GSE278723,SPRN,0.8373372546168366,0.10131311334711601,1.3987548408340182e-16
GSE278723,SPRTN,-0.8481683876459756,0.15669722649790802,6.205200056750971e-8
GSE278723,SPRY1,-0.602372877634602,0.2705556840899649,0.02598549530154974
GSE278723,SPSB1,0.770143426528806,0.34445260036633096,0.025361773467489378
GSE278723,SPSB2,0.7912555633341026,0.21800830640027785,2.839989118775341e-4
GSE278723,SPSB3,0.7163070150454841,0.06715212027996921,1.453484447002039e-26
GSE278723,SPSB4,0.593440792634318,0.24213600492650714,0.014251644472660585
GSE278723,SPTB,0.6657109380371172,0.14987350818423914,8.920174207353637e-6
GSE278723,SPTBN2,0.7648908867446964,0.12083103713431866,2.447614865801722e-10
GSE278723,SPTBN4,0.8125972940491614,0.13702680921126062,3.0255367549920318e-9
GSE278723,SPTLC1,-0.6354725166016852,0.12020248707094094,1.2455380167142754e-7
GSE278723,SPTLC2,-0.7667860996864465,0.08762865991729414,2.1259193135280706e-18
GSE278723,SPTSSA,-0.6779602554540899,0.16123832063117777,2.6141800895464042e-5
GSE278723,SPTY2D1,-0.587690533212914,0.15144702660453954,1.0424096440035536e-4
GSE278723,SPX,-0.620656739659937,0.25887054992964786,0.016504840561598302
GSE278723,SQLE,-0.735034429268554,0.2331034459302817,0.0016146111770498702
GSE278723,SQRDL,0.60616369757022,0.26048601368585816,0.019962661552523124
GSE278723,SRC,0.63986371269894,0.14778791125307236,1.4937504644695414e-5
GSE278723,SRCAP,0.6568213369543922,0.09041757215447724,3.7494529186169847e-13
GSE278723,SRD5A3,-0.581693034560581,0.23022204358774445,0.011515262924669022
GSE278723,SREBF1,0.7733551852599674,0.10330893488952818,7.108557398401747e-14
GSE278723,SREK1,-0.7197042484634238,0.06367124469647208,1.2617309596044117e-29
GSE278723,SREK1IP1,-0.7826982510746174,0.07133235811030582,5.178772233022045e-28
GSE278723,SRF,0.6856339161523572,0.09423868230673305,3.451293020441416e-13
GSE278723,SRFBP1,-0.654416343238414,0.16014363450401448,4.380546078638033e-5
GSE278723,SRGAP2C,-0.596181085152363,0.1212663749825139,8.819816017170273e-7
GSE278723,SRM,0.9752421529825281,0.08184671278417319,9.83087663176571e-33
GSE278723,SRP19,-1.0452587194253156,0.08999213969285334,3.457876279756361e-31
GSE278723,SRP54,-0.8826696879442821,0.09445647773668564,9.212968475696172e-21
GSE278723,SRP9,-0.6791757716774349,0.14295181630571946,2.0233126293783994e-6
GSE278723,SRPK1,-0.6567572730823378,0.06150816189692318,1.2963000540212413e-26
GSE278723,SRPK2,-0.6325045511775046,0.1084682310252854,5.501618406276996e-9
GSE278723,SRPX,0.817317204626564,0.3525697322002605,0.02043998692473767
GSE278723,SRRM2,0.6907787328771047,0.1608304171468613,1.7463414613856637e-5
GSE278723,SRRM3,0.764508792060591,0.11731990723396248,7.199290678458492e-11
GSE278723,SRSF10,-0.8602227019590973,0.06106480449027337,4.562516247371265e-45
GSE278723,SRSF12,-0.6783252177622792,0.14042160865003356,1.360998550028924e-6
GSE278723,SRSF2,0.6091426242079134,0.11087247370002054,3.927447283370134e-8
GSE278723,SRSF4,-0.593982988096964,0.09741761666528372,1.078849698176764e-9
GSE278723,SRSF6,-0.6671966072481834,0.1051844362047236,2.2517033311883792e-10
GSE278723,SS18L2,-0.8313646083232633,0.10999150285149793,4.0791974639360657e-14
GSE278723,SSB,-0.8983756049120506,0.10935998540577328,2.1243401803726028e-16
GSE278723,SSBP1,-0.6677984332457876,0.09520281557726398,2.308024892093956e-12
GSE278723,SSBP2,-0.7255486852878934,0.1056303183783443,6.476501919737706e-12
GSE278723,SSBP4,0.7672758379437093,0.10029666764053095,2.008806881612964e-14
GSE278723,SSC5D,1.0195376208280145,0.13511224752981982,4.493248563337913e-14
GSE278723,SSH3,0.6955985193211031,0.10630225649948755,6.00587957284215e-11
GSE278723,SSNA1,0.6818044168880188,0.12307319593288026,3.0276774358104e-8
GSE278723,SSPN,-0.625161668254219,0.2745303193079166,0.022774018778315572
GSE278723,SSR3,-0.637420726516606,0.14944092844183302,1.9957194742618413e-5
GSE278723,SSSCA1,0.6632749808144781,0.07143103881920762,1.609059019733537e-20
GSE278723,SST,1.50899517773728,0.7168802050611386,0.03529588044698233
GSE278723,SSTR3,0.9605766706630006,0.21288065437444384,6.413508142063055e-6
GSE278723,SSX2IP,-0.7305437229642394,0.11413198243146862,1.5449637578469363e-10
GSE278723,ST14,1.1403568722574757,0.305628315288033,1.9057851224791038e-4
GSE278723,ST18,-0.8059662837630878,0.1206880106953837,2.420642410018483e-11
GSE278723,ST3GAL6,-0.900551531970013,0.07405822481712895,5.072918070821955e-34
GSE278723,ST6GALNAC2,1.57044087892056,0.39689143936141386,7.594379469053477e-5
GSE278723,ST6GALNAC3,-0.594530845429676,0.1731945182680456,5.975263071367306e-4
GSE278723,ST6GALNAC4,0.8983011698280993,0.0957410242667286,6.435641673614988e-21
GSE278723,ST6GALNAC6,0.8312532659523484,0.1789537036914902,3.399539359788035e-6
GSE278723,ST7L,-0.6444072602291221,0.06726135976003222,9.644005983032383e-22
GSE278723,ST8SIA1,-0.6059120210112443,0.12609213515705747,1.5451054429499378e-6
GSE278723,ST8SIA3,-0.824927648034556,0.38350843718024824,0.031475993943675895
GSE278723,ST8SIA4,-0.8029123049590943,0.10417188464332294,1.2823392728508924e-14
GSE278723,ST8SIA5,0.598150198787931,0.24759490552709829,0.015698867147219464
GSE278723,STAC2,0.9580087968181463,0.12692894688390455,4.433553957295184e-14
GSE278723,STAG2,-0.618795327930469,0.13628494078076123,5.613357015087691e-6
GSE278723,STAM2,-0.699595117672146,0.07832823555036678,4.199567452271869e-19
GSE278723,STARD3,0.7701767272930068,0.07936367612380349,2.8877495417838195e-22
GSE278723,STARD4,-1.1374169043850237,0.12420473907046926,5.306593769343522e-20
GSE278723,STAT5A,0.8405226115796589,0.11353749996530602,1.3310200681180473e-13
GSE278723,STAU2,-0.616546969204171,0.08382464153530765,1.9064204083956176e-13
GSE278723,STC1,-1.87336426686895,0.8172378891223196,0.021887642567595567
GSE278723,STEAP1B,-0.614438041740918,0.29199446966830345,0.0353540537688096
GSE278723,STEAP2,-0.787888418361885,0.16840608076793045,2.889764055965454e-6
GSE278723,STEAP3,0.6896256569947027,0.18163256664090105,1.4656577325979458e-4
GSE278723,STH,0.7691605450471352,0.201759375244141,1.3769818727527199e-4
GSE278723,STIM1,0.7043981274503531,0.12203949117331855,7.838877583757457e-9
GSE278723,STK11,0.7846108135354001,0.07489196221452814,1.1068664744611376e-25
GSE278723,STK16,0.6569149245413933,0.07475510047604571,1.5284336751177886e-18
GSE278723,STK17A,-0.8804415298337707,0.0771212218336561,3.465507204133837e-30
GSE278723,STK17B,-0.7953226162632394,0.15369720001938905,2.283911227670368e-7
GSE278723,STK3,-0.6463781149293796,0.08568797254201799,4.57895990353255e-14
GSE278723,STK32C,0.7033441319557732,0.19469362745661048,3.0317858305300163e-4
GSE278723,STK33,-0.640698653313974,0.2116652274702585,0.0024704024913886277
GSE278723,STK38L,-0.761435210047131,0.23346044901310103,0.0011081780966676915
GSE278723,STMN3,0.7000201016405935,0.09208586588692882,2.919965407267009e-14
GSE278723,STOM,-0.598095447385517,0.22718519239393284,0.00847256096513129
GSE278723,STOML1,0.6076023013188923,0.0928356084843198,5.952436515834442e-11
GSE278723,STON1-GTF2A1L,1.54995084410156,0.7082700119716241,0.028643278487258707
GSE278723,STON2,0.885129901343254,0.2932442417771177,0.002541090135735514
GSE278723,STPG2,-0.946584246572124,0.162658408019085,5.903772975809792e-9
GSE278723,STRA13,0.7761206659992156,0.13971745003448754,2.7772290494829777e-8
GSE278723,STRADB,-0.6087975168051,0.10181115671310809,2.2358475514132227e-9
GSE278723,STRBP,-0.6191264618408787,0.1541226364400156,5.891804684176152e-5
GSE278723,STRN,-0.6555846488672755,0.08062889759077219,4.2615202822557874e-16
GSE278723,STRN4,0.8551162590386753,0.06628897334541328,4.5111132655877577e-38
GSE278723,STUB1,0.6842458292098352,0.12175338736733424,1.9103198403249066e-8
GSE278723,STX10,0.6585101464209401,0.0878702242108945,6.674381864192774e-14
GSE278723,STX12,-0.7167542535745897,0.07232782433614478,3.7740193513601055e-23
GSE278723,STX1A,0.8588368255239659,0.08975429513621001,1.0820114209183181e-21
GSE278723,STX1B,0.7657530202552592,0.09757789400731563,4.240486346219409e-15
GSE278723,STX4,0.7130182923496631,0.14228866392321635,5.412854093608187e-7
GSE278723,STX6,-0.6712802405823343,0.14366274808758883,2.973936539806782e-6
GSE278723,STX7,-0.7439280004657837,0.05469755686294047,3.963278366174348e-42
GSE278723,STXBP2,0.6718326541058295,0.15768863896072857,2.0396887960939372e-5
GSE278723,STXBP3,-0.7650678163973587,0.06071388899608997,2.0795811519775418e-36
GSE278723,STXBP4,-0.689639365089172,0.16018654119766731,1.6681486151819652e-5
GSE278723,STXBP5,-0.6673446632461875,0.095884361313674,3.405371225389063e-12
GSE278723,STXBP5L,-0.8447309225917079,0.21529478867963328,8.723504337843695e-5
GSE278723,STXBP6,-0.845229700784539,0.2910008410057675,0.003677685028208604
GSE278723,STYX,-0.7639624560153012,0.10079888403423422,3.480231925830972e-14
GSE278723,SUB1,-0.6551705465309222,0.13637271220605343,1.5532158357313153e-6
GSE278723,SUCLA2,-0.597489771467924,0.22098835368218045,0.006856884404335381
GSE278723,SUCO,-0.6604790091653413,0.07003288634990514,4.062608084218132e-21
GSE278723,SUGCT,-0.878255950756065,0.3829027800059329,0.02180896109499076
GSE278723,SUGT1,-0.9448611459342408,0.1255565751149458,5.256655149176474e-14
GSE278723,SULF1,-0.649885591604,0.29339888421980115,0.026758412219437994
GSE278723,SULF2,0.8458852379243077,0.13369885244880084,2.5030545080711873e-10
GSE278723,SULT1B1,-1.22871293636218,0.4714129603188991,0.009148695852035826
GSE278723,SUMO1,-0.692459772940407,0.0741807199124505,1.0121314793400819e-20
GSE278723,SUN2,0.6796959741123951,0.08157595314559586,7.9445706203733e-17
GSE278723,SUPT20H,-0.739243290651283,0.06084418964842814,5.752280091294979e-34
GSE278723,SUPT5H,0.5882609039724477,0.0746384219122994,3.2353720109882703e-15
GSE278723,SURF2,0.8525714673466706,0.10033367224846497,1.9394897284920484e-17
GSE278723,SURF4,0.589590448654927,0.25338354246229644,0.019972209466517604
GSE278723,SURF6,0.613277781336269,0.16347931659123469,1.758435689237891e-4
GSE278723,SUSD2,0.920453686813328,0.1886086991323453,1.0596260387402716e-6
GSE278723,SUV39H2,-0.7600325493385585,0.09375804024486459,5.217650334170299e-16
GSE278723,SV2B,-0.637301390270114,0.2806740403191129,0.023170574344790706
GSE278723,SVBP,0.59361833022981,0.283573217409392,0.03631781675413107
GSE278723,SVEP1,-0.697208989892694,0.2355289505922349,0.0030745552821204213
GSE278723,SVIP,-0.8640856464695754,0.08733013571934703,4.3992246615375473e-23
GSE278723,SWI5,0.759389778171216,0.18789485160573247,5.309502942546368e-5
GSE278723,SWT1,-0.7632878873132012,0.07877824771430168,3.355731591891298e-22
GSE278723,SYAP1,-0.616949573031136,0.10799976110398599,1.1132273462862604e-8
GSE278723,SYCP2,-0.7534695889226176,0.09779632407290037,1.3137961305198309e-14
GSE278723,SYCP2L,-0.7477693170261082,0.19592165152505267,1.3526201563971544e-4
GSE278723,SYDE2,-0.802089712628347,0.23021713332019267,4.938735122417738e-4
GSE278723,SYK,0.828290779062984,0.3053442657241325,0.006674845067773415
GSE278723,SYN1,0.6830655533762439,0.2337195245574254,0.0034713705918451897
GSE278723,SYNCRIP,-0.6767065824864178,0.06631526432403455,1.8951519977579694e-24
GSE278723,SYNDIG1,0.6684156842731654,0.11513632271996523,6.420161469805762e-9
GSE278723,SYNGAP1,0.6168672172770424,0.12488653998583651,7.835481824233195e-7
GSE278723,SYNGR1,0.6355600534285586,0.13339440215839493,1.8930545525736637e-6
GSE278723,SYNGR3,1.03376420179318,0.09025145687495957,2.2385123348596763e-30
GSE278723,SYNJ2BP,-0.7322349118547367,0.10034240127321868,2.9346260138245006e-13
GSE278723,SYNJ2BP-COX16,-0.612139216887468,0.21582606389809372,0.004564501528891526
GSE278723,SYNPO,0.583450507838619,0.274268548315605,0.033395459946916284
GSE278723,SYNPR,-0.8933969744390429,0.41241268158334676,0.03029060620193731
GSE278723,SYPL1,-0.7836296863758884,0.11833999815168095,3.5473154550829166e-11
GSE278723,SYPL2,0.642239027009984,0.2844914876946448,0.02397696060252215
GSE278723,SYS1-DBNDD2,1.396870252273345,0.27566513873729515,4.035573270509152e-7
GSE278723,SYT12,0.8877720086060222,0.09083063430429353,1.4569257259769894e-22
GSE278723,SYT14,-0.7150720780193721,0.10969841397856835,7.100113858226033e-11
GSE278723,SYT16,-1.0024348955011444,0.22792856181582524,1.0924176181553385e-5
GSE278723,SYT3,0.7081807805875511,0.17291017771194342,4.209728119929652e-5
GSE278723,SYT4,-1.019749312227799,0.33349309186901,0.0022298141697215173
GSE278723,SYT5,0.7501603783741301,0.13858276856240834,6.194788367668949e-8
GSE278723,SYTL2,-0.7105816202226874,0.1360627119808513,1.7656486296061442e-7
GSE278723,SYVN1,0.6880611358586929,0.04939374021603108,4.156085535139568e-44
GSE278723,SZRD1,0.953893220257497,0.32905596050003605,0.0037450009138482753
GSE278723,TAB3,-0.664634960046376,0.1476796226516832,6.778771810476333e-6
GSE278723,TACO1,0.9676710771757762,0.3404517847061159,0.004478727249514417
GSE278723,TAF10,0.6123114610844234,0.11654226147535081,1.488418466567946e-7
GSE278723,TAF11,-0.600741618592507,0.16373477398452208,2.435084497147411e-4
GSE278723,TAF13,-0.7766249671691272,0.12451246703795964,4.45111044586321e-10
GSE278723,TAF1A,-0.7625037766738801,0.10427025520861967,2.6170227225497795e-13
GSE278723,TAF1B,-0.668861604995306,0.06231199640233316,7.042111842747049e-27
GSE278723,TAF1D,-0.8304148040928631,0.06811422888087969,3.4500039065865877e-34
GSE278723,TAF6,0.7427475232928019,0.05877811689592648,1.328983481096201e-36
GSE278723,TAF9B,-0.593660270319455,0.2589197988975339,0.021857529912779988
GSE278723,TAGAP,0.883485788923004,0.38065353409952235,0.020288412568900537
GSE278723,TANK,-0.8216497464879166,0.06239569739887029,1.3344438069914366e-39
GSE278723,TAOK1,-0.60614396357129,0.10727145712792878,1.599245945368473e-8
GSE278723,TAPBP,0.6764030207506568,0.11877732764826449,1.2357822472276127e-8
GSE278723,TAPBPL,0.7142294263238366,0.11382524772089131,3.5010847883272733e-10
GSE278723,TAPT1,-0.650823397638434,0.12117989036069868,7.842240361628809e-8
GSE278723,TARS,-0.6572686846362638,0.09276641306697167,1.3884261180229197e-12
GSE278723,TAS2R13,-1.247253343373539,0.11537843000923208,3.083053053782826e-27
GSE278723,TAS2R14,-1.4409486540076277,0.1179271798529592,2.461844857196622e-34
GSE278723,TAS2R19,-1.1018805878777507,0.13260590438358097,9.6156092874572e-17
GSE278723,TAS2R20,-1.0796961990059035,0.1270295669995735,1.9030070126366548e-17
GSE278723,TAS2R30,-1.3180541012809117,0.14574339057608926,1.5150789946718865e-19
GSE278723,TAS2R31,-0.8449363755449084,0.11952314291661514,1.5579773468846818e-12
GSE278723,TAS2R4,-1.1088997429515688,0.1138510191319069,2.0371599474726676e-22
GSE278723,TAS2R5,-0.677374124628793,0.25190679092338325,0.007166917728505758
GSE278723,TATDN1,-1.0163563695722804,0.06888799819949731,2.910295775311356e-49
GSE278723,TATDN3,-0.716875086700298,0.11092351320814864,1.0279164451348603e-10
GSE278723,TAX1BP1,-0.584342012175032,0.12047455783589814,1.2325288193087985e-6
GSE278723,TAX1BP3,0.9248091479450883,0.11638413117375238,1.9235230693067735e-15
GSE278723,TBC1D10A,0.741728523025454,0.0967618458490222,1.7812735051609216e-14
GSE278723,TBC1D13,0.6135317582196359,0.08540784914039316,6.792299405208903e-13
GSE278723,TBC1D16,0.7412274631116772,0.11182516750825315,3.392313935294733e-11
GSE278723,TBC1D17,0.7053893151014673,0.05367817103336457,1.9146596341841126e-39
GSE278723,TBC1D19,-0.6152385517756745,0.06200626851033996,3.3332923351875774e-23
GSE278723,TBC1D22A,0.642094640442613,0.15709231211898098,4.3628817456720556e-5
GSE278723,TBC1D23,-0.7985723557648092,0.05056406074296385,3.4610679749492562e-56
GSE278723,TBC1D25,0.6645373578711977,0.11512234054726311,7.812953600109592e-9
GSE278723,TBC1D31,-0.7495180711219374,0.10173683059449036,1.742169655693975e-13
GSE278723,TBC1D32,-0.8251364002079363,0.06139747565055777,3.5599728786563333e-41
GSE278723,TBC1D3D,-0.8902470328734341,0.26032175340953456,6.266834066131329e-4
GSE278723,TBC1D8B,-0.8785684448042762,0.0827161554168217,2.3676300792942475e-26
GSE278723,TBCA,-0.65268490041582,0.19960187751537456,0.001075727044155672
GSE278723,TBCB,0.8126477540926105,0.06576836326615379,4.509159293571272e-35
GSE278723,TBCEL,-0.751186744021367,0.11413203359787091,4.649913633100574e-11
GSE278723,TBK1,-0.8841653858510775,0.05855461619131399,1.6232470067976685e-51
GSE278723,TBKBP1,0.7004025938048498,0.122387434113934,1.047635073456226e-8
GSE278723,TBL1XR1,-0.7370972343687435,0.07225635484042843,1.959575218036654e-24
GSE278723,TBL3,0.6625277836616934,0.058756093964339465,1.7260630084322998e-29
GSE278723,TBPL1,-0.8258298467521102,0.10502201193683763,3.73851689032141e-15
GSE278723,TBRG1,-0.7819737430968482,0.069171880012038,1.2424766659382887e-29
GSE278723,TBX18,-0.895630579290689,0.16297030122889758,3.8923540692625006e-8
GSE278723,TBX5,1.26755121512713,0.38096032244782113,8.770683700310277e-4
GSE278723,TBXAS1,0.782078242959336,0.2642720000586726,0.00308270195265166
GSE278723,TC2N,-0.9645923644834435,0.2061939385682055,2.895693004537867e-6
GSE278723,TCAIM,-0.7254677181389636,0.07873543964885144,3.1421633465848583e-20
GSE278723,TCAP,0.693914844879191,0.16023012479757628,1.4860977044816053e-5
GSE278723,TCEA1,-0.765720948050882,0.1491277340542631,2.826471136791786e-7
GSE278723,TCEA2,0.8285737476062413,0.06559678921928716,1.4188597575168955e-36
GSE278723,TCEA3,0.680386507807474,0.10260761892692616,3.3352182234296465e-11
GSE278723,TCEAL1,-0.681841947159235,0.3016983778943357,0.023820507574783895
GSE278723,TCEAL2,0.9829641064812976,0.1718093661634329,1.0574399869955701e-8
GSE278723,TCEAL4,-0.850750070726979,0.32871264018489704,0.00964993852189165
GSE278723,TCEAL6,0.8393518059736241,0.40203852638116544,0.036821318558256114
GSE278723,TCEAL7,-0.8552626818072357,0.09622236100915853,6.19960258833943e-19
GSE278723,TCEANC,-0.62711490016801,0.19200917457492836,0.0010905230082574556
GSE278723,TCEANC2,-0.634782152329164,0.2756170501351863,0.02127147766281681
GSE278723,TCEB2,0.9051549555216555,0.07010882059064422,3.916507725686374e-38
GSE278723,TCF19,0.7939802503921749,0.19298153613374777,3.883882356581998e-5
GSE278723,TCF3,0.6754880883767631,0.1269032185370413,1.0214826091952297e-7
GSE278723,TCF4,-0.7432796349146077,0.06661110520046194,6.50845511537176e-29
GSE278723,TCF7,0.9754287249305141,0.33490362596848583,0.0035847308643535756
GSE278723,TCF7L1,0.7215522762800002,0.10002622596365075,5.447929511123936e-13
GSE278723,TCN2,0.7037121325668263,0.15379182723668255,4.7452903066135385e-6
GSE278723,TCP1,-0.689156750593852,0.10559980450626875,6.749629955394412e-11
GSE278723,TCP11L2,-0.6734240851207524,0.0992305255588681,1.1491760306338437e-11
GSE278723,TCTA,0.765534966293286,0.21109362742569268,2.8726813533623476e-4
GSE278723,TCTE1,0.8568286336368757,0.20515077556519118,2.959246496431324e-5
GSE278723,TCTEX1D1,-1.4916136916814466,0.3415767271218113,1.260523089007124e-5
GSE278723,TCTEX1D2,-0.586575601819444,0.20017458623433,0.0033861306024866125
GSE278723,TDG,-0.751733231885264,0.2414876754726958,0.0018524254095370102
GSE278723,TDRD6,-0.7350218888885678,0.10526233092390934,2.8943085423187136e-12
GSE278723,TEAD1,-0.742711011294582,0.1285105062799418,7.497654234264987e-9
GSE278723,TECR,0.8728358475038427,0.05755183232215525,5.9312716094381595e-52
GSE278723,TEFM,-0.8527501795307639,0.10287346762241788,1.1390623682060937e-16
GSE278723,TEKT2,0.869645396903159,0.3699899112068058,0.01875037124238152
GSE278723,TELO2,0.8027294449516681,0.06637027983049708,1.1263604253093769e-33
GSE278723,TERF1,-0.6961840344557342,0.07830630762556674,6.082190519784183e-19
GSE278723,TESC,0.7503682677999455,0.1567831807649228,1.7011663248758862e-6
GSE278723,TESK1,0.8261049457937308,0.07469563483633289,1.9694156060981437e-28
GSE278723,TEX10,-0.637533905647312,0.07176288128788616,6.455920005094815e-19
GSE278723,TEX15,-0.8065774634209445,0.11158808082266254,4.895506895843094e-13
GSE278723,TEX9,-0.7267211286304329,0.10771803050877063,1.5144016086396395e-11
GSE278723,TFAM,-0.7637523996779935,0.062030009528820124,7.745972112975346e-35
GSE278723,TFAP2E,0.715594788862254,0.3083816851601286,0.02031470552036276
GSE278723,TFAP4,0.6140939911095383,0.09831067648511732,4.1985174660676414e-10
GSE278723,TFB2M,-0.754294225755254,0.1128555171585082,2.329580691668574e-11
GSE278723,TFCP2L1,0.910909421330287,0.31447212054594453,0.0037719416437729356
GSE278723,TFE3,0.598802795836512,0.16692099029772425,3.3406514030074084e-4
GSE278723,TFEB,0.622812982503599,0.17174843368153478,2.875007019492606e-4
GSE278723,TFEC,-0.7736270900434971,0.2547977014635503,0.0023954824169871393
GSE278723,TFPI,-1.0534616889134774,0.11524509288837223,6.184622029919821e-20
GSE278723,TFPT,0.8287792400285232,0.07584069583283809,8.479157223009507e-28
GSE278723,TFR2,0.6803945636636046,0.16302429999888773,2.998534886138128e-5
GSE278723,TFRC,-0.6342931372316769,0.11850079514194235,8.667598150546332e-8
GSE278723,TGDS,-0.8657346316143816,0.11274344655026104,1.605828897001571e-14
GSE278723,TGFA,-0.745374455615732,0.1953963851956242,1.3636015674220518e-4
GSE278723,TGFB1,1.1439115660752142,0.11715491243437177,1.6054061948473378e-22
GSE278723,TGFBR1,-0.7090768011008535,0.18062299571374799,8.646772368840091e-5
GSE278723,TGFBR3L,1.516506711792041,0.188882173019594,9.83902386713038e-16
GSE278723,TGOLN2,-0.7284097312316624,0.20490850823708678,3.782599219490575e-4
GSE278723,TGS1,-0.582211242718259,0.15818937005818529,2.3280438057729906e-4
GSE278723,THADA,-0.59733805997971,0.08169239149749943,2.6311613819683447e-13
GSE278723,THAP11,0.7731148357440477,0.09108002886210129,2.0967721957495137e-17
GSE278723,THAP2,-0.6971189367902287,0.11149825244715576,4.044883914990041e-10
GSE278723,THAP4,0.8951582010720772,0.058362025202646835,4.259585151944251e-53
GSE278723,THAP5,-1.0733485230542628,0.07659297213789867,1.2858730783473734e-44
GSE278723,THAP6,-0.8122975403367524,0.13401535752617047,1.3508678886514462e-9
GSE278723,THAP8,0.870471018374673,0.10352445529968289,4.157788772272261e-17
GSE278723,THAP9,-1.3810718955849586,0.20471616729543268,1.5168729215457108e-11
GSE278723,THEM6,0.9736378840551048,0.08426954968659679,7.058459280191502e-31
GSE278723,THNSL1,-0.6890220871378817,0.11436625144029651,1.6942603695153593e-9
GSE278723,THNSL2,1.0481334638156552,0.2211043066754644,2.132461996453973e-6
GSE278723,THOC1,-0.58980958792379,0.1860729685255997,0.0015255661377244123
GSE278723,THOC2,-0.7211857894316883,0.048481401697245505,4.75317651854101e-50
GSE278723,THOP1,0.7281881602260452,0.055503533621636736,2.5403176603157046e-39
GSE278723,THRA,0.8742268755999092,0.07014241028363292,1.1792603497171155e-35
GSE278723,THSD7B,-0.604344894876366,0.237592796718732,0.010971154802516132
GSE278723,THTPA,0.7340534936957605,0.10028351920868908,2.4837420560637345e-13
GSE278723,THUMPD1,-0.668296883244396,0.0930878422303093,7.01169462156396e-13
GSE278723,THUMPD2,-0.6654936250455986,0.09830801472334078,1.2925075247853495e-11
GSE278723,TIA1,-0.7793100448756664,0.06735864205560106,5.878137729411778e-31
GSE278723,TIAL1,-0.7047963550662666,0.05955721572475186,2.6062358355543054e-32
GSE278723,TICAM1,0.9844368316286388,0.06938247278576079,1.0786276908146722e-45
GSE278723,TIFA,-0.9672811075051843,0.21448717668302056,6.490754401448923e-6
GSE278723,TIGAR,-0.9043816247703115,0.07889933312088226,2.036120162402094e-30
GSE278723,TIGD2,-0.6443876692552617,0.08195167778059939,3.749815595588975e-15
GSE278723,TIGD5,0.680650087181295,0.09816516893731077,4.099069941282334e-12
GSE278723,TIGD7,-0.7212708802747849,0.06897366741789109,1.358212735039191e-25
GSE278723,TIMM10B,-0.7607725775923829,0.09143937742811702,8.79880104213855e-17
GSE278723,TIMM13,1.1150906514717331,0.07666274143971413,6.245974466939766e-48
GSE278723,TIMM17B,0.679916130371638,0.1526052950047274,8.374076021606568e-6
GSE278723,TIMM44,0.6270253817271668,0.1283376800380068,1.030376590911583e-6
GSE278723,TIMM8B,0.654389159397011,0.176312015589211,2.0600182381588428e-4
GSE278723,TIMM9,-0.6322565669102371,0.10914331479641105,6.9180326956466725e-9
GSE278723,TIMP1,1.0159235449196504,0.1335925386418082,2.8569173171504125e-14
GSE278723,TINCR,0.7195045345756619,0.17529773637427834,4.052405069443061e-5
GSE278723,TIPIN,-0.618184469204347,0.17921278843558747,5.617423301309274e-4
GSE278723,TIPRL,-0.7870974815719967,0.08798944471546356,3.707308496718867e-19
GSE278723,TKFC,0.6292517910679041,0.10061693592907624,4.0023729178207246e-10
GSE278723,TKT,0.6461590487819125,0.08207967100950327,3.4806963947776037e-15
GSE278723,TLCD1,0.965745906283924,0.3668836189371948,0.008481019389772854
GSE278723,TLE1,0.7295258777164509,0.07928077031176156,3.5199949172327753e-20
GSE278723,TLE2,0.698093711303486,0.1602143225515202,1.3170734819578835e-5
GSE278723,TLK1,-0.635934169991354,0.12283521762119855,2.2532246549863533e-7
GSE278723,TLL1,-0.664979483711177,0.2531464982666426,0.008617770872447406
GSE278723,TLR1,-0.7721279534170352,0.11870175560258855,7.781088116763747e-11
GSE278723,TLR10,-1.75407510174995,0.4230644526862291,3.3815974475445704e-5
GSE278723,TLR2,-1.0782999224774772,0.17673317932223148,1.0521751368893112e-9
GSE278723,TLR5,-0.694533857203536,0.2868802451756467,0.015478354655079822
GSE278723,TLR6,-0.7441562562574848,0.1925340157151004,1.1106016086548017e-4
GSE278723,TLR9,0.74636946712218,0.35187985700951746,0.03391408078702863
GSE278723,TM2D1,-1.0325755453178964,0.0947606241381266,1.195488136539035e-27
GSE278723,TM2D2,-0.6681049133757991,0.12505434065370563,9.166488287902553e-8
GSE278723,TM2D3,-0.6308249561517432,0.13472527875600435,2.8366586130169855e-6
GSE278723,TM4SF1,-1.1276274506446968,0.19322066720207362,5.348277964309588e-9
GSE278723,TM4SF18,-1.2627602736562344,0.19429077299210343,8.06773420056358e-11
GSE278723,TM9SF2,-0.8034864889108073,0.12396619195604028,9.081703449038901e-11
GSE278723,TM9SF3,-0.7400446727649407,0.06947303031627274,1.7018530405203958e-26
GSE278723,TM9SF4,0.6114072709192281,0.12926284577883113,2.245710877300381e-6
GSE278723,TMA16,-0.6924129090690886,0.1356859093367073,3.3421055022907006e-7
GSE278723,TMBIM4,-0.7970396000130832,0.10914273707203084,2.8199323251419425e-13
GSE278723,TMC6,0.602817575343073,0.2921922293547589,0.039104497841759955
GSE278723,TMC8,0.873297999754305,0.25640003498627195,6.592266834546054e-4
GSE278723,TMCC2,0.6482145724171742,0.10236351111185864,2.4125637221228536e-10
GSE278723,TMCO1,-0.8641256247885724,0.07080478114673741,2.946882079397228e-34
GSE278723,TMCO4,0.7454862408079671,0.19072512574345657,9.279623977729699e-5
GSE278723,TMED1,0.873839709455103,0.13051740881933135,2.1538189626458893e-11
GSE278723,TMED10,-0.6751387030054834,0.10159007657140824,3.01748489908171e-11
GSE278723,TMED2,-0.7244204664318169,0.09723331740128317,9.310584798292959e-14
GSE278723,TMED5,-0.8882550660528437,0.11638949583474874,2.3159544828465606e-14
GSE278723,TMED7,-0.7982293905715954,0.11546042812625197,4.730210726201725e-12
GSE278723,TMED7-TICAM2,-1.958966569214838,0.5896122284128245,8.922555144344461e-4
GSE278723,TMED9,0.586656676684762,0.12816798108711197,4.711320751851288e-6
GSE278723,TMEFF1,-0.6242761626693077,0.12681094096983728,8.527590864192715e-7
GSE278723,TMEFF2,-0.668945996823963,0.10868295461624858,7.506698650494286e-10
GSE278723,TMEM101,0.594657312438729,0.14532062921030425,4.276014076844739e-5
GSE278723,TMEM104,0.7430486566078338,0.09272257891343592,1.113302338883432e-15
GSE278723,TMEM106B,-0.9416833545594392,0.1079675611809491,2.7354765385886158e-18
GSE278723,TMEM109,0.7152955414085646,0.09937553367438079,6.114521251256719e-13
GSE278723,TMEM115,0.7006200189921636,0.06265792204576082,5.013920902517816e-29
GSE278723,TMEM117,-0.6991873822855902,0.11362125116517571,7.571140988310652e-10
GSE278723,TMEM119,0.9701609442908338,0.23485271743540442,3.6129318644696125e-5
GSE278723,TMEM120A,0.619294064234849,0.1276778611049089,1.2318663203223609e-6
GSE278723,TMEM120B,0.62207907899042,0.16917935985768565,2.359571144694326e-4
GSE278723,TMEM121,1.357032886535163,0.22118649191781925,8.502909662222784e-10
GSE278723,TMEM123,-0.6639293001650318,0.13010936695229136,3.3456644263291543e-7
GSE278723,TMEM125,1.0715609319042336,0.24323750549909648,1.0558399757033477e-5
GSE278723,TMEM126B,-0.721795148333927,0.1588942936449673,5.556142101386232e-6
GSE278723,TMEM128,-0.6599719812447628,0.08951279747382043,1.6691266709607069e-13
GSE278723,TMEM129,0.8029625196367493,0.11446272973106295,2.2985600142219253e-12
GSE278723,TMEM130,0.594472984969418,0.2578070639640649,0.02111715801320426
GSE278723,TMEM132A,0.9245321834651876,0.09960776320489786,1.6675159753130428e-20
GSE278723,TMEM132E,0.8742351753267,0.1766794736603879,7.492513067106821e-7
GSE278723,TMEM134,0.6267505894227164,0.0956605605901682,5.684076563152897e-11
GSE278723,TMEM136,-1.1496463495612348,0.23158980978471552,6.90029139125166e-7
GSE278723,TMEM141,0.593991824908373,0.15872974528800132,1.8244656222639902e-4
GSE278723,TMEM144,-1.025433141819897,0.16101815728959257,1.9097074134055217e-10
GSE278723,TMEM147,0.997345420486293,0.07479471937862524,1.459537747996315e-40
GSE278723,TMEM14A,0.627859405338394,0.2963700536201887,0.03413290284506006
GSE278723,TMEM150A,0.6978583519817416,0.14804702995552713,2.431855920990441e-6
GSE278723,TMEM150C,-0.594441717994855,0.1939413933713868,0.0021762741831729488
GSE278723,TMEM151A,0.9994619557489826,0.06829705425800596,1.7035849556794042e-48
GSE278723,TMEM151B,0.826862864800445,0.25467134872778346,0.001167169268790158
GSE278723,TMEM158,0.665670695697385,0.2561758511003961,0.009363444398215053
GSE278723,TMEM160,1.4631722317804592,0.10353239764434015,2.3946848055735763e-45
GSE278723,TMEM161A,0.7745043451815308,0.06899973173199556,3.082769092735824e-29
GSE278723,TMEM161B,-1.0688538825926397,0.08850469196529812,1.4005726049083795e-33
GSE278723,TMEM165,-0.813850451837352,0.10563356200832676,1.3138897482999174e-14
GSE278723,TMEM167A,-0.6392740950961958,0.09109390640614347,2.254724491364348e-12
GSE278723,TMEM168,-0.8528442296994813,0.08451590676557046,6.0591746182351616e-24
GSE278723,TMEM170A,-0.6947954068033552,0.1917987325593183,2.917430010401255e-4
GSE278723,TMEM170B,-0.7181059874221593,0.09153755347052918,4.3318419521627665e-15
GSE278723,TMEM175,0.7161619179446546,0.08447778499351165,2.30049363454263e-17
GSE278723,TMEM176A,0.6639909381842884,0.18264857663011078,2.776068140908324e-4
GSE278723,TMEM176B,0.6875497878423297,0.16739155255479052,4.0007870053973195e-5
GSE278723,TMEM178A,0.7193361993774255,0.18826172437189706,1.3294558108168297e-4
GSE278723,TMEM178B,-0.9060794212793121,0.25497322973222997,3.799595738497456e-4
GSE278723,TMEM179,0.7803078741125006,0.09223015415633554,2.6636589816199006e-17
GSE278723,TMEM181,-0.6518793933484922,0.12151374723965677,8.110385987157685e-8
GSE278723,TMEM184B,0.9430593290556356,0.10261565316885375,3.9207776891359e-20
GSE278723,TMEM184C,-0.6617780044968202,0.09553306694936119,4.292088955107383e-12
GSE278723,TMEM187,0.9216943513062276,0.1419434101604165,8.392435848752451e-11
GSE278723,TMEM189-UBE2V1,3.340449525928765,0.4656999140362098,7.339022734601006e-13
GSE278723,TMEM19,-0.59435351438878,0.16022270336947225,2.076310992437022e-4
GSE278723,TMEM198,1.038978111813501,0.09599897522265352,2.684362043287352e-27
GSE278723,TMEM200A,-0.6744805868539134,0.22690397714940497,0.0029534910355453843
GSE278723,TMEM201,0.7459750638697397,0.08408004322156268,7.171403549571656e-19
GSE278723,TMEM204,0.645848206742413,0.3074916420354958,0.03569573803715428
GSE278723,TMEM205,0.8203692388464497,0.0703183565194608,1.8903744406928413e-31
GSE278723,TMEM209,-0.60477655535953,0.25730664935448333,0.01875265716808315
GSE278723,TMEM218,-0.610479158428658,0.17045855040000552,3.41766344242719e-4
GSE278723,TMEM219,0.66803620336595,0.20942773234217654,0.0014236276362226765
GSE278723,TMEM220,-0.6814302536913319,0.18232979538773522,1.8596999636160086e-4
GSE278723,TMEM221,1.0667031256823456,0.16435541136413856,8.570991714590103e-11
GSE278723,TMEM222,0.6795170074438165,0.1456599632443072,3.0848024613285446e-6
GSE278723,TMEM231,0.628916229957152,0.19798120158647975,0.0014898867710849723
GSE278723,TMEM232,-0.8085414496836781,0.07454344919346537,2.0702849514825467e-27
GSE278723,TMEM235,0.839977987744256,0.26899788003300296,0.0017924940663547801
GSE278723,TMEM240,0.8606979460710154,0.08463659883258733,2.7175700728086625e-24
GSE278723,TMEM242,-0.7210133891939544,0.08741892221672487,1.613432241337401e-16
GSE278723,TMEM255A,-0.607063830854947,0.28713682074392677,0.03449843732096972
GSE278723,TMEM255B,0.771865452857623,0.16058918873453817,1.5362648562770124e-6
GSE278723,TMEM256,1.1169690854434418,0.11116670803793864,9.404208684173245e-24
GSE278723,TMEM256-PLSCR3,0.9351260501880226,0.15191747030851746,7.484702183496731e-10
GSE278723,TMEM259,0.8469268818811191,0.08305085438261736,2.0304390009261408e-24
GSE278723,TMEM260,-0.7902277238350879,0.07846593026695968,7.424516301447821e-24
GSE278723,TMEM263,-0.680734879606892,0.14763425278490222,4.0082352090641095e-6
GSE278723,TMEM30A,-0.8213431132137529,0.0870957963818463,4.087555027673882e-21
GSE278723,TMEM33,-0.6781898752210602,0.12618402525122122,7.674878254747289e-8
GSE278723,TMEM38B,-0.7183922455739801,0.11298362990570923,2.038997049696843e-10
GSE278723,TMEM39A,-0.9084029303742943,0.07911565888286681,1.6255082619100335e-30
GSE278723,TMEM39B,0.6193143944759636,0.08613508293069795,6.477398017501315e-13
GSE278723,TMEM41B,-0.7060644011508456,0.10002748674368525,1.6806287211912196e-12
GSE278723,TMEM44,0.6489981334540403,0.1485954952668366,1.2564850968918212e-5
GSE278723,TMEM50A,-0.60602188453271,0.15094695094558458,5.949611390739866e-5
GSE278723,TMEM50B,-0.6842275131730667,0.08329988036896147,2.1389045665234561e-16
GSE278723,TMEM53,0.605995046342707,0.2546431672537597,0.017322915915195664
GSE278723,TMEM54,1.4581785776008476,0.13451510888841256,2.2184286900356795e-27
GSE278723,TMEM56,-0.737541800186041,0.20238051421577563,2.68087098063294e-4
GSE278723,TMEM59L,0.8749237222945562,0.08953061120616694,1.479913049725581e-22
GSE278723,TMEM60,-0.649578423955789,0.2371357541941964,0.006157612420644709
GSE278723,TMEM62,-0.5987103407284681,0.11443496970091806,1.6779219961656574e-7
GSE278723,TMEM63B,0.6941572826926672,0.08685272426046584,1.3239163364099081e-15
GSE278723,TMEM63C,0.6512838740400987,0.10824751942691926,1.7809970079425676e-9
GSE278723,TMEM65,-0.7859741945268999,0.0867186864585855,1.263386983254117e-19
GSE278723,TMEM67,-0.7473077386036061,0.09183142221685332,4.0245300032590375e-16
GSE278723,TMEM68,-1.0354618277171028,0.0837999037665678,4.500762353055014e-35
GSE278723,TMEM69,-0.5820161875242148,0.10303651923155017,1.6172226968138985e-8
GSE278723,TMEM70,-0.7138401661359178,0.1862738711901824,1.2699844057910143e-4
GSE278723,TMEM74B,0.6640187395451566,0.16501312932035134,5.7209215334063806e-5
GSE278723,TMEM87A,-0.7520686906451227,0.07635233294027931,6.855995546741938e-23
GSE278723,TMEM87B,-0.7835541906834034,0.07615601679224851,7.915490503768982e-25
GSE278723,TMEM88B,1.5942033951097268,0.22211572673494623,7.10730334055329e-13
GSE278723,TMEM8A,0.915638155069547,0.0877201125491917,1.6596534146037215e-25
GSE278723,TMEM8B,0.6544783962097889,0.11044044425755989,3.102602346324186e-9
GSE278723,TMEM9,0.7132244123046647,0.06866388848478838,2.836042150982737e-25
GSE278723,TMEM91,0.6971891294213961,0.13283955329369185,1.5346338574858312e-7
GSE278723,TMEM94,1.1285398752160676,0.08893053712153537,6.707630376957351e-37
GSE278723,TMEM9B,-0.580189327413609,0.18578758687069347,0.0017910061477073966
GSE278723,TMIE,0.6894547138885947,0.1644208386363142,2.75007991293154e-5
GSE278723,TMOD2,-0.6658506230606336,0.12016173138784907,3.002568830719875e-8
GSE278723,TMOD3,-0.7109977731064617,0.061584570250817365,7.818372615474695e-31
GSE278723,TMPO,-0.667970496186566,0.16967010247237727,8.254854193270818e-5
GSE278723,TMPRSS5,0.8839894452563201,0.19415570816627922,5.288820838611445e-6
GSE278723,TMSB10,1.187335416103458,0.10091074579260355,5.829567526108548e-32
GSE278723,TMSB15B,-0.6399029910920346,0.1392278791987526,4.305057481005085e-6
GSE278723,TMTC3,-0.7715164175951618,0.07011783750349986,3.6905087989082153e-28
GSE278723,TMUB1,0.9138565434306294,0.09862053982860916,1.925498084186672e-20
GSE278723,TMX1,-0.7099678197831865,0.1056119109964413,1.7872858442312306e-11
GSE278723,TMX3,-0.9423518219769023,0.08188211427277783,1.1934483272418309e-30
GSE278723,TMX4,-0.6499147827111009,0.11648618659034746,2.4144789363251113e-8
GSE278723,TNC,1.0253513855283318,0.2082274090681688,8.471037557716413e-7
GSE278723,TNFAIP2,0.7540194981765311,0.11119693929992565,1.1939850637216566e-11
GSE278723,TNFAIP8L1,0.76612108220646,0.2274506577824998,7.563441704335793e-4
GSE278723,TNFRSF10A,-0.857088967633658,0.2959591636226749,0.003779880914384826
GSE278723,TNFRSF10D,-0.7513751118182099,0.20364490289165152,2.245771117915738e-4
GSE278723,TNFRSF11B,0.9318630642633279,0.44366052779578496,0.03569396783737319
GSE278723,TNFRSF13C,1.1461570813685875,0.16091266930041306,1.057165461885244e-12
GSE278723,TNFRSF14,0.680594042123903,0.21584063660097033,0.0016147741876496107
GSE278723,TNFSF10,-0.631891632262595,0.2995482229085241,0.03490298432021887
GSE278723,TNFSF12,1.0232158310201875,0.1509060876625691,1.1977658966820386e-11
GSE278723,TNFSF13B,-0.703787994815331,0.13979327600730634,4.79120097957948e-7
GSE278723,TNFSF4,-0.740527687363345,0.29040691851422334,0.010773351129614495
GSE278723,TNIP1,0.620776384088393,0.15350756769740828,5.2558927771050314e-5
GSE278723,TNK2,0.897298223557304,0.08135282192217584,2.747424247585857e-28
GSE278723,TNPO1,-0.629067639258301,0.16532837703743444,1.4182787856723626e-4
GSE278723,TNPO2,0.591387828768124,0.12141575855516999,1.111660604231917e-6
GSE278723,TNRC18,0.7850245102190718,0.08013503535117432,1.1681904136484836e-22
GSE278723,TNS3,0.8601453100296192,0.137523219009443,3.986737473354528e-10
GSE278723,TOB2,0.7651454134766379,0.14739280525240095,2.0894392798929435e-7
GSE278723,TOLLIP,0.7348297325791836,0.13366287899678747,3.8491843945959266e-8
GSE278723,TOM1,0.6839375299557645,0.06232042623353503,5.066738107882735e-28
GSE278723,TOM1L2,0.6914089001495466,0.1109715702293148,4.649346053058162e-10
GSE278723,TOMM20,-0.590171499366502,0.21264176524716136,0.00551294312863167
GSE278723,TOMM34,0.8081173003197283,0.208630327188727,1.0730931572523012e-4
GSE278723,TOMM40,0.588235563889288,0.09935149692920106,3.2047302061422015e-9
GSE278723,TOMM40L,0.681905372806858,0.2563714950536161,0.007817939549792327
GSE278723,TOMM7,0.9479405096572401,0.09395504224428751,6.160792197935038e-24
GSE278723,TOMM70A,-0.6554613725527646,0.09974333546675604,4.9817449998631104e-11
GSE278723,TONSL,0.763469300399442,0.10773248922385309,1.3733414601171856e-12
GSE278723,TOR1AIP2,-0.6199029501575721,0.06234711467453947,2.711826524129322e-23
GSE278723,TOR2A,0.71824704780387,0.13098844256389658,4.174980578396424e-8
GSE278723,TOR4A,0.7889987865844527,0.20253280300506307,9.793199253286228e-5
GSE278723,TOX,0.649514947569041,0.27947835117231573,0.02012410192586941
GSE278723,TOX2,0.8890152791521708,0.0951727283805219,9.536390015665696e-21
GSE278723,TP53I11,0.986269459206607,0.1613866463327319,9.887174535548669e-10
GSE278723,TP53I13,1.0545064756791007,0.08710477312084158,9.794493005866131e-34
GSE278723,TPBGL,0.9040566512663973,0.21430587522566377,2.458957416194911e-5
GSE278723,TPD52,-0.8624104809366039,0.1259249627701774,7.457296375102664e-12
GSE278723,TPD52L1,0.6766695019405605,0.12704248891628814,1.002201039067298e-7
GSE278723,TPGS1,0.7220694930616258,0.08201206037118379,1.315185561053226e-18
GSE278723,TPK1,-0.591034378285221,0.16204472073822296,2.6495529537327644e-4
GSE278723,TPM2,0.800855805735395,0.1443223183952596,2.8717999855743165e-8
GSE278723,TPM4,-0.691853480684763,0.08362915345964103,1.3076746273293962e-16
GSE278723,TPP2,-0.6500342128312878,0.06457382618553249,7.767192281306432e-24
GSE278723,TPPP3,0.7468175508318381,0.1808987970254589,3.653405241356585e-5
GSE278723,TPRA1,0.6093555237634387,0.07009757449380606,3.531117284317516e-18
GSE278723,TPRG1,-0.62758391485722,0.21311618193755874,0.003231665112557124
GSE278723,TPRKB,-0.8439979731045535,0.07955973611666364,2.7250261442860495e-26
GSE278723,TPRN,0.7093153532261735,0.13569037828204583,1.7185916123376344e-7
GSE278723,TPT1,-0.7498655612757154,0.12856728925685518,5.461103428193109e-9
GSE278723,TRA2A,-0.6733181266575206,0.0744601541252431,1.528998040585102e-19
GSE278723,TRA2B,-0.8057288280728431,0.06219407551442829,2.1992495573146975e-38
GSE278723,TRABD,0.7369298825977824,0.07976144332593514,2.4840653961810824e-20
GSE278723,TRABD2A,-1.28406901244761,0.33120397668639506,1.0576390966541631e-4
GSE278723,TRADD,0.9074973320162174,0.09172784514406196,4.4480574124024876e-23
GSE278723,TRAF3,1.1903680740177853,0.14213781084695365,5.5343066790567945e-17
GSE278723,TRAF3IP3,0.879881762041934,0.41267746047666054,0.03299620716238332
GSE278723,TRAF5,-0.6133905605183958,0.10846759939059285,1.55793697102902e-8
GSE278723,TRAF7,0.9203730236828119,0.06711821385773743,8.52072178833935e-43
GSE278723,TRAK2,-0.7887412552445517,0.09541862417755731,1.3839585242777857e-16
GSE278723,TRAM1,-0.718101163139208,0.14117878843908374,3.6479632119879136e-7
GSE278723,TRAM1L1,-0.8427465288679337,0.12823861162807718,4.974180987761354e-11
GSE278723,TRAPPC13,-0.8993713600956542,0.0934791925345762,6.513967893581446e-22
GSE278723,TRAPPC2,-0.6866520907163204,0.08472036489892988,5.277864175323799e-16
GSE278723,TRAPPC5,1.0542662119281725,0.19338414606384569,4.989947569079361e-8
GSE278723,TRAPPC6A,0.7897910327404645,0.0977290431114219,6.400838069292356e-16
GSE278723,TRAPPC6B,-0.896863321520705,0.10568354393260307,2.1330186087259505e-17
GSE278723,TRAPPC8,-0.6085016544552959,0.06389592808334416,1.6772570335886129e-21
GSE278723,TRAPPC9,0.6326345717139192,0.07713954696798721,2.3805774295969506e-16
GSE278723,TRDMT1,-0.9544762241978932,0.0787497891743007,8.239092809711569e-34
GSE278723,TREM2,0.9966203883206736,0.18864243540477885,1.270030053569079e-7
GSE278723,TREX2,1.42061448654719,0.582298294056427,0.014700767358142781
GSE278723,TRIB3,0.7458246094350871,0.1493254966823116,5.895071002399159e-7
GSE278723,TRIL,0.9681927468292215,0.14382919049480022,1.678702652246131e-11
GSE278723,TRIM14,0.867238250322596,0.27002307490850014,0.001319433451183008
GSE278723,TRIM17,0.583407845600275,0.2815271278559014,0.038237744376819434
GSE278723,TRIM23,-0.6496085036715136,0.09964727016929467,7.074002592706513e-11
GSE278723,TRIM24,-0.627836162042272,0.08873809861732575,1.4927744206552417e-12
GSE278723,TRIM28,0.6680640804389397,0.049278181015578695,7.202635071487056e-42
GSE278723,TRIM34,1.38117235291995,0.46176967954534776,0.0027802755242620826
GSE278723,TRIM37,-0.6799003113532681,0.1269946826864019,8.614038241742698e-8
GSE278723,TRIM39,-0.581470952788824,0.26350976683281024,0.027339283538077908
GSE278723,TRIM46,0.7268750693642735,0.11104544041290416,5.919975797499989e-11
GSE278723,TRIM47,0.6516479928583668,0.13143046580735995,7.117867486633466e-7
GSE278723,TRIM52,-0.6281315578095501,0.1520710733658284,3.6195449736747614e-5
GSE278723,TRIM62,0.7239029880138184,0.10592406749814508,8.24816914813598e-12
GSE278723,TRIM67,0.6745945052647048,0.1948710434387196,5.366787920331214e-4
GSE278723,TRIOBP,0.6651306810933523,0.14816191213894603,7.148611265425285e-6
GSE278723,TRIP11,-0.7116867072322829,0.11705042533547978,1.2005376951054215e-9
GSE278723,TRIP12,-0.583176415076542,0.10466193432611369,2.5182980495723357e-8
GSE278723,TRIP6,0.76427037808878,0.15752807056000592,1.2244124214657226e-6
GSE278723,TRIQK,-0.8560216241529635,0.08176280633731968,1.1918007402820115e-25
GSE278723,TRMT10A,-0.7725804829305813,0.1752202488381483,1.0375492011914464e-5
GSE278723,TRMT10B,-0.669388268987889,0.1534716340320576,1.2909018649143757e-5
GSE278723,TRMT10C,-0.8495941710745067,0.1155491636412036,1.9429497481542201e-13
GSE278723,TRMT11,-0.589297822338076,0.19361540538582,0.0023372571031942536
GSE278723,TRMT13,-1.0846443640730299,0.07665116345846927,1.8570694485080643e-45
GSE278723,TRMT1L,-0.6173844939666404,0.09788406935782122,2.8393945010548283e-10
GSE278723,TRMT61A,0.8856502976930037,0.08263547674411882,8.419938372892053e-27
GSE278723,TRNT1,-0.8377418415801767,0.06156664613162988,3.635136259681747e-42
GSE278723,TROVE2,-0.7348600442682011,0.09727436010571013,4.204423826500674e-14
GSE278723,TRPC1,-0.657573967882828,0.148621348461646,9.666948404002915e-6
GSE278723,TRPC4,-0.6352312921712995,0.15205201688091782,2.944412157598263e-5
GSE278723,TRPC6,-1.0149534437985608,0.1674180497270589,1.3411386146073987e-9
GSE278723,TRPM2,0.5978265053497249,0.18942486314562973,0.0015994412075113333
GSE278723,TRPM3,0.672769184855406,0.2576102936898294,0.00901256212390909
GSE278723,TRPM4,0.6449746281233377,0.08513185490577793,3.5586600456974213e-14
GSE278723,TRPM7,-0.8207652218338342,0.048878035192531255,2.7876743920325817e-63
GSE278723,TRPT1,0.7727339738282276,0.08007994563157765,4.9380714294943655e-22
GSE278723,TRPV2,0.5974295656033,0.290456055557831,0.03969899126204822
GSE278723,TRPV5,-0.795056143525907,0.3739903587067395,0.0335138049286347
GSE278723,TRUB1,-0.638613999838715,0.2499698336415078,0.010625973311407935
GSE278723,TSC22D4,0.9698968231950604,0.11004876152817158,1.2147466922182389e-18
GSE278723,TSEN15,-1.1900458330846466,0.1095539931749959,1.736507841174393e-27
GSE278723,TSEN2,-0.608132774645656,0.18075692341028693,7.671922579550143e-4
GSE278723,TSEN34,0.743329168894574,0.16383695715831076,5.705863037253043e-6
GSE278723,TSFM,-0.649763702698468,0.15523083168204158,2.84175670136543e-5
GSE278723,TSGA10,-0.6571169452015081,0.1370751401789946,1.6361488593127135e-6
GSE278723,TSHZ1,0.599283720281047,0.20521067635129955,0.0034965639374289984
GSE278723,TSKU,0.616510426553581,0.2801599242111817,0.027766757021866977
GSE278723,TSN,-0.7066484587509455,0.1646998649568636,1.7825330954022152e-5
GSE278723,TSNARE1,0.796413825973331,0.12214142490901468,7.01091243809471e-11
GSE278723,TSNAX,-0.7991399375004808,0.0828679418168156,5.235311954106765e-22
GSE278723,TSPAN11,0.943773817622599,0.4521304120669126,0.036852632128918004
GSE278723,TSPAN13,-0.8608700971067349,0.39539131778587944,0.02946109906007823
GSE278723,TSPAN14,0.679848613203979,0.2647324549584178,0.010226969248868593
GSE278723,TSPAN18,0.7982728648295776,0.23724388186815923,7.660542017660008e-4
GSE278723,TSPAN33,1.0064213898855332,0.09923485822466685,3.603481724839945e-24
GSE278723,TSPAN4,1.1009877853573367,0.10093867520272062,1.0614443949539405e-27
GSE278723,TSPAN6,-0.8600237967802948,0.174219616012519,7.956356934219137e-7
GSE278723,TSPAN9,0.649696013176606,0.17149070695305801,1.515472521240402e-4
GSE278723,TSPO,1.2119450797200058,0.11336396872625772,1.1246609755788067e-26
GSE278723,TSR3,0.8927755377691985,0.08366493454719201,1.3935346722896118e-26
GSE278723,TSSK6,0.693900245270346,0.27245586494428686,0.01087046895313323
GSE278723,TST,1.003309095237508,0.10988453689808832,6.813591359525457e-20
GSE278723,TTBK1,0.6687872983216578,0.08097178464125271,1.4627117439266937e-16
GSE278723,TTC13,-0.7519545588650073,0.05876981518425407,1.750527449826786e-37
GSE278723,TTC19,-0.58629721918589806,0.13374301899224617,1.1664859142035953e-5
GSE278723,TTC26,-0.890953248130435,0.10839198682394492,2.0395584678268523e-16
GSE278723,TTC28,0.712798575034278,0.12988029376883856,4.0623517903462476e-8
GSE278723,TTC3,-0.6866044266560505,0.11852835229913758,6.924552959365906e-9
GSE278723,TTC32,-0.714618868975311,0.17223376621273528,3.337532468658831e-5
GSE278723,TTC34,0.805557334823948,0.22515991927709514,3.4661512169638386e-4
GSE278723,TTC38,0.6300345303402671,0.1317620582803576,1.7389841322371057e-6
GSE278723,TTC39A,1.17411697127944,0.4193356791015194,0.005111126396020492
GSE278723,TTC39B,-0.72199176349651,0.1915779609238117,1.6412775846948852e-4
GSE278723,TTC39C,-0.587116330669337,0.26817798958951616,0.028576597584851506
GSE278723,TTC6,-1.44455846438613,0.6778869621308806,0.033091409009977334
GSE278723,TTC7A,0.6788207566686487,0.0912974731669471,1.0435983698013581e-13
GSE278723,TTC9B,0.812591672133459,0.09035284823568207,2.3939955201164194e-19
GSE278723,TTLL12,0.6511037829728349,0.09414117643168027,4.637601670796264e-12
GSE278723,TTLL7,-0.7676627283791467,0.08946551582853218,9.442611405103792e-18
GSE278723,TTLL9,0.632856997531683,0.30591605418905815,0.03857165174728466
GSE278723,TTPA,-0.746895200898958,0.3081794164870912,0.015368679475084728
GSE278723,TTYH1,0.9749105682293969,0.09779684185271129,2.0887709170328654e-23
GSE278723,TTYH3,0.845506975984451,0.10206218414870881,1.1887207387689347e-16
GSE278723,TUBA1B,0.9988021898919772,0.16561098705473842,1.6293401902877787e-9
GSE278723,TUBA1C,0.7555317454860925,0.10477562693509676,5.556309563356594e-13
GSE278723,TUBA8,0.9353162909245649,0.1874696533243524,6.064207812284849e-7
GSE278723,TUBB4B,0.593955281693151,0.2349170943802961,0.011459636735588126
GSE278723,TUBD1,-0.779298125720638,0.17311347468496496,6.74245573491027e-6
GSE278723,TUBE1,-0.9368633245953538,0.09887477005812045,2.661185694818005e-21
GSE278723,TUBG1,0.7551432676891096,0.06545530514540368,8.609068464056781e-31
GSE278723,TUBG2,0.7907680471891819,0.06155950608893788,9.10575210818894e-38
GSE278723,TUBGCP6,0.6718211430396833,0.11872648097017752,1.5264665126920512e-8
GSE278723,TUG1,-0.6590590282185255,0.08481710916461094,7.826660747395823e-15
GSE278723,TUNAR,-0.79556068445369,0.2765162283782305,0.004013675032960405
GSE278723,TVP23B,-0.9291748234472309,0.07592426357303561,1.943410450853274e-34
GSE278723,TVP23C,-0.58251735047198006,0.11856625743578637,8.968815237052844e-7
GSE278723,TWF1,-0.8401758494286362,0.09630909257853026,2.6915168899382702e-18
GSE278723,TWF2,0.7308561200896166,0.12324261517486168,3.0252459517190732e-9
GSE278723,TWISTNB,-0.7862819427764242,0.11405779332626316,5.435379361984517e-12
GSE278723,TXLNG,-0.595858552867891,0.17675688419104124,7.487879261607013e-4
GSE278723,TXN2,0.6179776772379546,0.05782437050319056,1.1690927954179902e-26
GSE278723,TXNDC16,-0.697150243808302,0.06881948982975436,4.0611728908235614e-24
GSE278723,TXNDC9,-0.7115600146462923,0.07941198628503,3.236190155719121e-19
GSE278723,TXNIP,0.8657645893967642,0.17231772257929087,5.054453629158075e-7
GSE278723,TXNL1,-0.8296564962934153,0.09739166400277507,1.6126657810060873e-17
GSE278723,TYK2,0.612320725184867,0.12735453861437776,1.5244714609103175e-6
GSE278723,TYMP,0.756928442384753,0.34926192207118717,0.03021786058818203
GSE278723,TYRO3,0.6078593576411953,0.07904133789869543,1.4667786944427333e-14
GSE278723,TYROBP,0.77437205258512,0.2825948127057682,0.00613980088116477
GSE278723,TYW3,-0.6324365884721567,0.12846248757473344,8.517401062428074e-7
GSE278723,TYW5,-0.8308003035281935,0.0864027666538476,6.881694173500194e-22
GSE278723,U2AF1,-0.9990118490987213,0.0919319375648691,1.6580248286173368e-27
GSE278723,U2AF2,0.7079699739347893,0.055679394436831155,4.873840711197818e-37
GSE278723,U2SURP,-0.592933308347287,0.10525166899876152,1.7660768304267563e-8
GSE278723,UBA3,-0.626506786324946,0.12843024779471557,1.0706530668730536e-6
GSE278723,UBA5,-0.9578851930131502,0.07666529021222904,8.011943776791268e-36
GSE278723,UBA52,1.0160171673326688,0.09751459153322042,2.028006054133573e-25
GSE278723,UBA6,-0.9064298908174061,0.0669777696106649,9.946395757683677e-42
GSE278723,UBALD1,0.730066878452442,0.24297361647944196,0.002658283384025382
GSE278723,UBALD2,0.8185270372162458,0.09604174226032239,1.5598721580165273e-17
GSE278723,UBB,0.6252723795905121,0.08347754984543079,6.871330301944558e-14
GSE278723,UBC,0.6487467874602405,0.17736787147947797,2.545540163179143e-4
GSE278723,UBE2A,-0.8540377787136384,0.07840144206942692,1.2428180450824818e-27
GSE278723,UBE2B,-0.69944120614615,0.27101346295812795,0.00985614921611157
GSE278723,UBE2D1,-0.6689019291036392,0.13629426024558136,9.211418272894068e-7
GSE278723,UBE2D3,-0.6709698674253195,0.0750056940212967,3.6998229441101776e-19
GSE278723,UBE2F,-0.6788347982893914,0.10538928580750502,1.185226914755145e-10
GSE278723,UBE2G2,-0.6566209899222718,0.10103661118058499,8.094051961355217e-11
GSE278723,UBE2J1,-0.6188137732542056,0.0885289869494542,2.749713655702876e-12
GSE278723,UBE2K,-1.1133588664251823,0.27610993097165165,5.523294126915408e-5
GSE278723,UBE2L6,0.8547756030983417,0.07694238093472548,1.1304857070931845e-28
GSE278723,UBE2M,0.5904410178554701,0.0950974231182581,5.339022949934609e-10
GSE278723,UBE2N,-0.7687631854185409,0.10501781448628125,2.4739476750456765e-13
GSE278723,UBE2S,0.7953493442254249,0.0841151634497984,3.2153967436054404e-21
GSE278723,UBE2V1,-0.8178458323873943,0.11900897477445556,6.324771358685623e-12
GSE278723,UBE2V2,-0.8169566090633099,0.09207962242184804,7.166040839900067e-19
GSE278723,UBE2W,-0.7843911947636586,0.11699325929650671,2.019802268881837e-11
GSE278723,UBE3A,-0.8755012096128917,0.058781993582444236,3.6033696450366845e-50
GSE278723,UBE3D,-0.7315443339055416,0.0725649958488598,6.688429570896658e-24
GSE278723,UBFD1,0.6473184009664672,0.2076706384637254,0.0018267465376070762
GSE278723,UBL5,1.2913297526848022,0.0890535124370775,1.2008785102851595e-47
GSE278723,UBL7,0.6100135979829098,0.06322464515880746,4.995225962960233e-22
GSE278723,UBLCP1,-0.7788838647404622,0.10587610008270408,1.8871032250958268e-13
GSE278723,UBOX5,0.607800940203006,0.12569784122764754,1.3286966564035153e-6
GSE278723,UBR1,-0.6879795436267976,0.06231021024169253,2.4178015992791977e-28
GSE278723,UBTD1,0.8616837879667847,0.09260051513058118,1.3350310340104719e-20
GSE278723,UBXN1,0.68608016968909,0.12231635061625955,2.0342445718036858e-8
GSE278723,UBXN10,0.8464696951642819,0.26141289871090323,0.0012034703897371602
GSE278723,UBXN11,0.7695667675896015,0.07905284630759261,2.1415558375647593e-22
GSE278723,UBXN2A,-0.7664399790228462,0.1420000561554929,6.758999229305292e-8
GSE278723,UBXN2B,-0.7057920991624432,0.10314459143778788,7.769007604604158e-12
GSE278723,UBXN4,-0.7876681017566652,0.049002221221428,3.8739034429125585e-58
GSE278723,UBXN6,0.6349131600896591,0.10845567110870949,4.795250940631597e-9
GSE278723,UCHL3,-0.631683104315031,0.24057576317187127,0.008646748375728383
GSE278723,UCHL5,-0.8325234856798167,0.08776472287174136,2.404027539646876e-21
GSE278723,UCK1,0.63016605437208,0.20348507702053953,0.001955781378898115
GSE278723,UCKL1,0.7908885182039217,0.08531478180749606,1.85727226714971e-20
GSE278723,UCN,0.7222658490814208,0.12042384659701175,2.001344221109469e-9
GSE278723,UCP2,0.732777306787161,0.2620668487945308,0.005171594902521847
GSE278723,UEVLD,-0.8468276121095337,0.08992765015161525,4.651967188605259e-21
GSE278723,UFL1,-0.8318890371527278,0.07910384219918333,7.258098373091607e-26
GSE278723,UFM1,-0.9154622690363078,0.06220645958898664,5.050272103997088e-49
GSE278723,UFSP2,-0.644815192498754,0.13608452497537807,2.1547259096418483e-6
GSE278723,UGCG,-1.0383922608298508,0.10518955493354563,5.525978932289831e-23
GSE278723,UGGT2,-0.8885577572758189,0.07067629236927672,3.001823146871504e-36
GSE278723,UGP2,-0.7048051758206185,0.06848613134706903,7.719988329574725e-25
GSE278723,UGT8,-0.8616810678299286,0.14291703623587837,1.6473281391883746e-9
GSE278723,UHRF1,0.8342331347304219,0.18045857066935905,3.7850108832745526e-6
GSE278723,UHRF1BP1L,-0.682301368981171,0.07639637813089158,4.219096118191083e-19
GSE278723,UHRF2,-0.6887520082065403,0.07596032769102985,1.2204790988779578e-19
GSE278723,ULK1,0.9643352478760613,0.07616679411153536,9.745663213036607e-37
GSE278723,UMAD1,0.8496143344767566,0.22248382269522476,1.3411925700758232e-4
GSE278723,UNC5A,0.9428414353962176,0.09289221155273789,3.318942793175095e-24
GSE278723,UNC93B1,0.898616585000833,0.09323266109469898,5.502243125421093e-22
GSE278723,UNKL,0.7277111789793894,0.09802824744683851,1.1407849358580325e-13
GSE278723,UPF1,0.652285276621157,0.06154401894696213,3.022201201691092e-26
GSE278723,UPF2,-0.7075105034919671,0.08240761032519023,9.044253790803651e-18
GSE278723,UPF3B,-0.591686501448695,0.16784041925686854,4.2301609480342793e-4
GSE278723,UPP2,-0.752672258301195,0.32500251703472205,0.020563909287136042
GSE278723,UQCC3,0.8063700638509853,0.0949459214798727,2.0147342245152194e-17
GSE278723,UQCR10,0.7475883278062506,0.07917772989231676,3.660747674963778e-21
GSE278723,UQCR11,0.9904134029393565,0.07233231948594054,1.1250171858187899e-42
GSE278723,UQCRC1,0.645533983166165,0.07731934812556619,6.888295380299609e-17
GSE278723,UQCRH,0.608302427815443,0.21692422654870716,0.00504390721524405
GSE278723,UQCRQ,0.8208019959568071,0.06688736498810238,1.2899409788087333e-34
GSE278723,URI1,-0.670935656694267,0.18751979366257193,3.463052486947373e-4
GSE278723,UROD,0.666180422743527,0.11497389273848362,6.865226118478424e-9
GSE278723,USF2,0.6470152836196658,0.07740550109590816,6.337203817309473e-17
GSE278723,USH1C,0.9088457841425827,0.1578240102086125,8.48130191494259e-9
GSE278723,USH2A,-0.7298332663276038,0.2273881713627958,0.0013290314641146
GSE278723,USMG5,-0.616507113091462,0.2260374075232362,0.006382474364766007
GSE278723,USO1,-0.652962187347334,0.0737405319539673,8.378788686930176e-19
GSE278723,USP1,-0.6235599676754694,0.07086665653518402,1.3796682537887727e-18
GSE278723,USP11,0.6457537463333863,0.11679336362023839,3.2201044395503015e-8
GSE278723,USP12,-0.8870405444769748,0.0744612216913172,1.0152821584912132e-32
GSE278723,USP14,-0.7142948508984533,0.08576831569129692,8.208751938365914e-17
GSE278723,USP15,-0.603722944193746,0.16138189531050773,1.8331992224288526e-4
GSE278723,USP16,-0.6222445042770313,0.05714315726916348,1.2974439995347484e-27
GSE278723,USP18,0.8201716593502228,0.14025147090136153,4.979225711174698e-9
GSE278723,USP20,0.637817730911621,0.09938997961133834,1.386902821985232e-10
GSE278723,USP3,-0.690127120107628,0.12601218681461526,4.334052258193216e-8
GSE278723,USP33,-0.6313419729184658,0.09801645167718967,1.1854526877264866e-10
GSE278723,USP34,-0.6033273944825005,0.055388928658262504,1.2507006933918308e-27
GSE278723,USP44,-0.88437448520197,0.12573021696566059,2.008309345755463e-12
GSE278723,USP45,-0.8079076365381687,0.054992352008060325,7.332363830932332e-49
GSE278723,USP48,-0.6901770205075565,0.06629879352985214,2.229890643333692e-25
GSE278723,USPL1,-0.7858493910480572,0.10149766370145527,9.745259354463152e-15
GSE278723,UTP11L,-0.7442274546592927,0.09665020504291316,1.3583642554137665e-14
GSE278723,UTP15,-0.8777066410883844,0.06780212501034594,2.5037187402100484e-38
GSE278723,UTP23,-0.7723975638714833,0.07791521611539004,3.6437644079713376e-23
GSE278723,VAMP4,-1.0178220895023307,0.0790492692226699,6.160246276351646e-38
GSE278723,VAMP5,1.5108714247155401,0.12111866838988673,1.0309955575778205e-35
GSE278723,VAMP7,-0.7331751260772595,0.11746719285094824,4.333085268131018e-10
GSE278723,VAMP8,0.7765965162319431,0.18072073315950618,1.7295452519395192e-5
GSE278723,VANGL2,0.957834092535079,0.1601416760375751,2.2154472142964952e-9
GSE278723,VAPA,-0.6372277935651673,0.06889066446322113,2.2482378307257112e-20
GSE278723,VAPB,-0.707350204186622,0.23772187938522707,0.002924762408184131
GSE278723,VARS,0.6038082809331957,0.08050708588513396,6.378677628321992e-14
GSE278723,VASH2,-1.01695024611401,0.3809248036484798,0.007592183538737441
GSE278723,VASN,1.096294586389126,0.1072018215745456,1.509442125590681e-24
GSE278723,VAT1,0.639799886528432,0.13618831833009049,2.6284263771845274e-6
GSE278723,VAV1,0.738215010631116,0.22938522033351105,0.0012898314145924222
GSE278723,VAV2,0.651966111856041,0.17429197836085794,1.835415184019902e-4
GSE278723,VBP1,-0.583591729384949,0.23331772955447258,0.012374715831986037
GSE278723,VCAM1,-0.8886166666106821,0.2981172799638834,0.002875321396114811
GSE278723,VCPKMT,-0.8876789141472815,0.10059715890618455,1.1034825595089188e-18
GSE278723,VDAC2,-0.699217253677142,0.2001091561159147,4.75521693433968e-4
GSE278723,VEGFB,0.9632371525555292,0.12642287103433136,2.5531506665639465e-14
GSE278723,VEZT,-0.620082889034827,0.1463734182336579,2.272249983541105e-5
GSE278723,VGF,1.0541907447920689,0.2496221475328921,2.409157685606292e-5
GSE278723,VGLL3,-1.1431707524321748,0.24204182418936396,2.323567681040842e-6
GSE278723,VIM,0.718496574079299,0.15397312372426603,3.0655768234372594e-6
GSE278723,VIMP,-0.613324695230869,0.14699366386710555,3.01332899228372e-5
GSE278723,VIP,-1.5875486467655402,0.42073918620170414,1.6114310505969105e-4
GSE278723,VKORC1,0.8380537429858762,0.07374079246446825,6.256507655589218e-30
GSE278723,VKORC1L1,-0.6495702831048549,0.09177502205709408,1.4640296863272057e-12
GSE278723,VMA21,-0.7685578871037535,0.10249039335163887,6.439068626653786e-14
GSE278723,VMP1,-0.7948299175667044,0.08679305147433376,5.2985798242155517e-20
GSE278723,VN1R1,-1.046874047812914,0.0918664767346718,4.397664231419119e-30
GSE278723,VPS13A,-0.830703098145609,0.08743002224913442,2.071899058918507e-21
GSE278723,VPS13C,-0.7737761494335291,0.057838627395940326,8.109821337758956e-41
GSE278723,VPS26A,-1.0436423746448085,0.08461599987148587,5.952124606563666e-35
GSE278723,VPS28,0.843527613027619,0.050907580687362855,1.1523910280183141e-61
GSE278723,VPS29,-0.7483177268138731,0.09009685675490108,9.92302229139574e-17
GSE278723,VPS36,-0.7178679937724992,0.06481888946213059,1.659146425637269e-28
GSE278723,VPS37A,-0.598261797381058,0.12629429685907717,2.1685677264464913e-6
GSE278723,VPS37B,0.581715229160958,0.23182718915864906,0.012098360514000999
GSE278723,VPS37D,0.868364838570829,0.1019188063075905,1.593289755823235e-17
GSE278723,VPS4A,0.6070765923646,0.09411271571749986,1.1146203920457991e-10
GSE278723,VPS4B,-0.65536312186697,0.10146867404017151,1.0555537714075018e-10
GSE278723,VPS50,-0.8766297701476996,0.06604533010553894,3.313404383955424e-40
GSE278723,VPS51,1.046718099966452,0.05695284930943947,1.946535396647719e-75
GSE278723,VPS54,-0.6191781561233657,0.08558299621282543,4.661235604398332e-13
GSE278723,VPS9D1,0.649126938417185,0.13664994418794432,2.0312458629447118e-6
GSE278723,VRK1,-0.7466424051564747,0.09471537593452387,3.195834427040985e-15
GSE278723,VRK2,-0.6399193002531783,0.20115648908678552,0.0014666564100177238
GSE278723,VSIG10L,0.6704158036161328,0.15243686459882,1.0925802012644972e-5
GSE278723,VSTM2L,0.705087911721702,0.2152173774380233,0.001052265937012479
GSE278723,VTA1,-0.6328082002622178,0.09283874281100508,9.34748008480478e-12
GSE278723,VTI1A,-0.644031629635115,0.12064054996940934,9.375275445107694e-8
GSE278723,VWA1,0.8222932014489814,0.11287216758762054,3.212591853615441e-13
GSE278723,VWA3A,0.770268768346846,0.37072484015403245,0.037733576492007724
GSE278723,VWA3B,1.21558926398427,0.5202221002182148,0.019456160637457146
GSE278723,VWA5B2,0.599731897981243,0.22622051100199314,0.008023144694028735
GSE278723,VWA7,1.0956306405703993,0.2615352074244802,2.7990493639175382e-5
GSE278723,VWC2,-0.643524843988893,0.15058661692083478,1.9246878830409838e-5
GSE278723,VWC2L,-1.32139565247821,0.3392352316164575,9.810988576847122e-5
GSE278723,VWCE,0.6752336196000048,0.12781115214551994,1.2704574564357075e-7
GSE278723,WAC,-0.650038016627953,0.08037983469117517,6.111298320090928e-16
GSE278723,WAS,0.8451150462530447,0.12752756383889782,3.427617604555103e-11
GSE278723,WASH1,0.8661685646487725,0.1610892097543263,7.575836184515766e-8
GSE278723,WBP1,0.8580256345401113,0.09730200119530578,1.163450224622465e-18
GSE278723,WBSCR16,0.6437692348071363,0.0984182145517519,6.104370172646734e-11
GSE278723,WBSCR17,0.6687809963540172,0.15696626403512567,2.0381763319966087e-5
GSE278723,WDFY4,0.925186947388566,0.21788440903375203,2.1739910350883838e-5
GSE278723,WDHD1,-0.692382265869445,0.21188570611199525,0.001084191831558985
GSE278723,WDR11,-0.685071244592004,0.087349972009708,4.404935792552945e-15
GSE278723,WDR17,-0.6877294544978918,0.14264571274077537,1.4266738882345684e-6
GSE278723,WDR18,0.8982159166645057,0.06974593099724172,5.955834559795544e-38
GSE278723,WDR24,0.7119860759604143,0.058140723926700943,1.7668398382744204e-34
GSE278723,WDR3,-0.7189394289962909,0.09470419401195189,3.164154997718627e-14
GSE278723,WDR34,0.9287772254242223,0.09313626835207482,2.016291765034049e-23
GSE278723,WDR36,-0.8502786452863841,0.07424065059185062,2.2712902001401872e-30
GSE278723,WDR4,0.6166840744546709,0.19061202059543966,0.00121521671767782
GSE278723,WDR41,-0.6488186911610324,0.08012445610472278,5.603737961306466e-16
GSE278723,WDR45,0.631126911648775,0.0982497504642125,1.3300129195328505e-10
GSE278723,WDR47,-0.6223614704458605,0.15329624045460133,4.9101879747069094e-5
GSE278723,WDR54,0.611891800039727,0.2276763103209228,0.007197801070327294
GSE278723,WDR5B,-0.8356621368583649,0.09687327496408993,6.334463123941875e-18
GSE278723,WDR62,0.6548084937925795,0.1917922533942783,6.398015004431401e-4
GSE278723,WDR75,-0.7798915134924577,0.06818354294955586,2.6966712273242806e-30
GSE278723,WDR78,-0.666845367742982,0.13386150609085304,6.305851741924812e-7
GSE278723,WDR81,0.7510073429562703,0.06548292410676738,1.8937306889446815e-30
GSE278723,WDR83,0.6256691537873792,0.09959566884575224,3.3404707130739993e-10
GSE278723,WDR83OS,0.8468929695013955,0.0687604047912366,7.375713335202691e-35
GSE278723,WDR86,1.0114138770771186,0.19129505840485708,1.2420763103046503e-7
GSE278723,WDR89,-0.7912856936286881,0.07540049886599587,9.162345013928484e-26
GSE278723,WDR90,0.747057594730698,0.16341087334608245,4.838948120607087e-6
GSE278723,WDR92,-0.7245904713473871,0.08570984663704294,2.8150541966336694e-17
GSE278723,WEE1,-0.660030753565047,0.2319233623966155,0.004428606598411965
GSE278723,WFIKKN1,1.018706138476759,0.14009034128847384,3.547811366953318e-13
GSE278723,WFIKKN2,1.5283911080080204,0.31571196844157473,1.2912669807184092e-6
GSE278723,WFS1,0.7976040628806187,0.13634615226921346,4.92026845545938e-9
GSE278723,WIZ,0.7345176202914956,0.11311823753003367,8.394187922571893e-11
GSE278723,WLS,0.601436131804736,0.2110758781909675,0.00438040400733514
GSE278723,WNK2,0.844205758426393,0.07071950138086584,7.556359305663016e-33
GSE278723,WNK4,1.09069980608602,0.3395775871358669,0.0013184600096399943
GSE278723,WNT10B,0.77647410691139,0.3226759218239903,0.016112422678178962
GSE278723,WNT3,0.58616694928465,0.22238837881794898,0.008394401660749888
GSE278723,WNT7A,0.773009931167586,0.36517832181297577,0.03427671851748018
GSE278723,WNT7B,0.9507632594083257,0.28142008137344987,7.289607769916579e-4
GSE278723,WRAP53,0.647626211789873,0.20293006776413341,0.00141596722288807
GSE278723,WRN,-0.6427620650823067,0.08849521712230227,3.7792447277162554e-13
GSE278723,WSB1,-0.7345806447481021,0.08909939790107525,1.6584200418421548e-16
GSE278723,WSCD2,0.6394639670642812,0.17255944601051565,2.1075744255758775e-4
GSE278723,WTIP,0.8766669268229776,0.1453038140250037,1.6060764801491456e-9
GSE278723,WWC1,0.588996374994895,0.20124922724507005,0.003425777273256321
GSE278723,XAB2,0.7695234737966766,0.05773302330141544,1.5698761699938933e-40
GSE278723,XIAP,-1.1626265450702205,0.13367709877892775,3.399476489251599e-18
GSE278723,XKR4,-0.7959546653522146,0.12020318921913475,3.549870861054448e-11
GSE278723,XKR6,-0.6277021037299616,0.14546891252713248,1.595842986879649e-5
GSE278723,XKR7,0.659295070486847,0.262582990976769,0.012045571655991927
GSE278723,XKR8,0.6480490027310468,0.12302455210660455,1.3818906561395443e-7
GSE278723,XKR9,-0.9158659342377827,0.1747142934251808,1.5877831618472839e-7
GSE278723,XPA,-0.7420440555208793,0.07965375179710132,1.2095628698506837e-20
GSE278723,XPO1,-0.8092471692269708,0.06909821749385418,1.1122857375837194e-31
GSE278723,XRCC2,-0.7962819880191244,0.18135378993320256,1.1295223551209145e-5
GSE278723,XRCC3,0.6901503441109348,0.1721699180323855,6.109477939062853e-5
GSE278723,XRCC4,-0.6570489097859301,0.1296311690887237,4.007464731567835e-7
GSE278723,XRN1,-0.6934293978563663,0.05330322083480257,1.0854795202717468e-38
GSE278723,XYLT2,0.7233170433418321,0.05754006608294434,3.061279675048677e-36
GSE278723,YAE1D1,-0.7974874720595407,0.08257910219803986,4.579693884121936e-22
GSE278723,YAF2,-0.709844673938074,0.17817697404715438,6.778471615974902e-5
GSE278723,YAP1,0.678360924993192,0.19428977829426788,4.803334559707697e-4
GSE278723,YBX1,0.6903363819262757,0.11646669427767184,3.0790223018764273e-9
GSE278723,YBX2,0.9657683709575079,0.2764874136970824,4.7764051529015954e-4
GSE278723,YBX3,-0.7086352304642957,0.1266584792037437,2.2081220993249358e-8
GSE278723,YDJC,0.8041733484584821,0.1329346481756547,1.4539653997475822e-9
GSE278723,YIF1A,0.8080458517159915,0.10314987356894083,4.736932240701744e-15
GSE278723,YIF1B,0.69237589374638,0.16006027762961952,1.520346613857639e-5
GSE278723,YIPF2,0.5923252341031,0.110836598722634,9.085216039363006e-8
GSE278723,YIPF4,-0.7420641041766181,0.06286162209257523,3.689993882920924e-32
GSE278723,YIPF5,-0.617808276040758,0.21747288954734945,0.0044993199018485384
GSE278723,YIPF6,-1.318282120255778,0.24146342850293065,4.773377840573244e-8
GSE278723,YJEFN3,0.6367024135525216,0.14852042726026962,1.81127854463573e-5
GSE278723,YME1L1,-0.7057737942388792,0.06280635626608265,2.674405574840103e-29
GSE278723,YOD1,-0.8173214312818745,0.09379026317558899,2.9242470321270075e-18
GSE278723,YPEL3,0.6116606594738206,0.09535227810485782,1.410576993660462e-10
GSE278723,YTHDC2,-0.8516590812343262,0.08035516837173691,3.022009100405362e-26
GSE278723,YTHDF3,-0.6937603986872947,0.21404072737309734,0.0011900502861162787
GSE278723,YWHAB,-0.6663888316138774,0.16260697160274495,4.164535278169491e-5
GSE278723,YWHAZ,-0.8655121200127806,0.1453595030582497,2.6120894499121353e-9
GSE278723,ZBBX,-0.86113163055474,0.3687603608501305,0.019532630230050318
GSE278723,ZBED5,-0.8359190892734089,0.07561642219455303,2.079628946213204e-28
GSE278723,ZBED6,-0.8284658972921302,0.12686737328646822,6.569376016462605e-11
GSE278723,ZBED6CL,0.68167890598032,0.2740005351355005,0.01285091233614606
GSE278723,ZBED8,-0.6862156404940231,0.11664276823870298,4.0276577490305665e-9
GSE278723,ZBTB1,-0.7714888213153306,0.1286663939376221,2.0218746484923306e-9
GSE278723,ZBTB11,-0.7010517537609045,0.09554074372086908,2.1725412714972853e-13
GSE278723,ZBTB12,0.6202042549283991,0.139603531222139,8.887354644636386e-6
GSE278723,ZBTB17,0.6819189970884109,0.08205938694785142,9.564811641799762e-17
GSE278723,ZBTB20,0.7195972977809292,0.1426272994649561,4.5281391556701985e-7
GSE278723,ZBTB22,1.5706252652971302,0.5724671174759111,0.006076808690699595
GSE278723,ZBTB24,-0.58038860528353,0.2389204981565579,0.015131670254806051
GSE278723,ZBTB25,-0.7037171247592817,0.0674117209776913,1.6437622285386363e-25
GSE278723,ZBTB26,-0.6683232883265565,0.07373501300742184,1.2592255301068105e-19
GSE278723,ZBTB33,-0.7610307871441636,0.12254681583178069,5.294317914961723e-10
GSE278723,ZBTB37,-0.7489900992589825,0.08559377499521185,2.1237055434674636e-18
GSE278723,ZBTB38,-0.6549567277339912,0.14806761748654004,9.71765449171069e-6
GSE278723,ZBTB43,-1.097650132467772,0.1687541020273288,7.798578935685613e-11
GSE278723,ZBTB44,-0.7546596479310429,0.06762080004163926,6.386907131452498e-29
GSE278723,ZBTB45,0.8436746687296515,0.08791178613001663,8.243909775918006e-22
GSE278723,ZBTB46,0.6756572987594119,0.10056344710220212,1.8333210628910807e-11
GSE278723,ZBTB47,0.6135219345256687,0.1804951083003848,6.760660640747965e-4
GSE278723,ZBTB6,-0.8331812063684116,0.0645123037110043,3.7008585644672045e-38
GSE278723,ZBTB7A,0.6834694680758254,0.10493814669288049,7.363030194405934e-11
GSE278723,ZBTB7C,0.618976862447422,0.21884302743894415,0.004678048338259008
GSE278723,ZBTB8A,-0.6568187167028902,0.2595114595818382,0.011374383085890869
GSE278723,ZBTB8B,-0.713836058829438,0.15344132563087803,3.2845049056317108e-6
GSE278723,ZBTB8OS,-0.7722577028018384,0.06215698787417185,1.9288278668032033e-35
GSE278723,ZC2HC1A,-0.6534770579977427,0.16048911570628613,4.665437786565602e-5
GSE278723,ZC3H14,-0.6280320591987284,0.06078945059635017,5.088385632079799e-25
GSE278723,ZC3H15,-0.629340494795857,0.18425689117262725,6.365097004879525e-4
GSE278723,ZC3H3,0.7207096449728702,0.07187776469152801,1.161294468125776e-23
GSE278723,ZC3H4,0.592842601545154,0.21151485959618102,0.005065457526224853
GSE278723,ZC3H7A,-0.5970251537841413,0.05330274697942137,4.047749806079771e-29
GSE278723,ZC3H7B,0.6187110386797535,0.08435776039213502,2.227666510424943e-13
GSE278723,ZC3H8,-0.7898571828578442,0.16926549569418586,3.0655201929816452e-6
GSE278723,ZCCHC10,-0.593133703372016,0.19427447110804882,0.0022651253435744937
GSE278723,ZCCHC11,-0.624912981123461,0.15011710123827468,3.1431813808629736e-5
GSE278723,ZCCHC9,-0.7967723856946485,0.10697486419482789,9.460754475403987e-14
GSE278723,ZCRB1,-0.59452239890012,0.1628783993637012,2.621385265692202e-4
GSE278723,ZCWPW2,-0.7399578662657426,0.0783923752377014,3.7579375393060415e-21
GSE278723,ZDBF2,-0.8612633042394393,0.10507122343836638,2.4656802789338826e-16
GSE278723,ZDHHC1,0.9070664128618418,0.10031417338062883,1.5347149604389447e-19
GSE278723,ZDHHC12,1.2913467338306186,0.1450979387897498,5.593317438140003e-19
GSE278723,ZDHHC13,-0.8197984550646368,0.1278296331861287,1.4248576039912323e-10
GSE278723,ZDHHC15,-0.7261797084617045,0.1586874336884106,4.735795270467222e-6
GSE278723,ZDHHC17,-0.7756147703933141,0.07370026915492768,6.703498629218334e-26
GSE278723,ZDHHC20,-0.978893053380281,0.0837474926191216,1.4572640016947717e-31
GSE278723,ZDHHC21,-0.9336236067157039,0.08288139733702642,1.9629968382258343e-29
GSE278723,ZDHHC22,0.611167118770176,0.23335686629398145,0.008818187022310115
GSE278723,ZDHHC23,-0.773250256501615,0.1907604438567931,5.0453835711266634e-5
GSE278723,ZDHHC24,0.6141799635552762,0.10938576838591355,1.9678191152800668e-8
GSE278723,ZDHHC6,-0.709412135005013,0.05588960674308214,6.458160762484171e-37
GSE278723,ZDHHC8,0.8783522176621883,0.07279869415926565,1.6069493315394246e-33
GSE278723,ZEB1,-0.612198448070268,0.19307771896580894,0.001520533347505964
GSE278723,ZEB2,-0.65138525082745935,0.16564147898705692,8.406669527209713e-5
GSE278723,ZER1,0.6685300179861957,0.05936179356122615,2.0221546107823502e-29
GSE278723,ZFAND1,-0.8003372646855806,0.07981269090391457,1.1517468569571098e-23
GSE278723,ZFAND2B,0.7076394569564906,0.06716137431305544,5.869993233787431e-26
GSE278723,ZFHX2,0.6406849089125717,0.13198926765681046,1.2095409886461898e-6
GSE278723,ZFP14,-0.7492212663902054,0.06199018915888147,1.250444980361179e-33
GSE278723,ZFP2,-0.903309383000049,0.34043221628171305,0.007968084218341859
GSE278723,ZFP30,-0.7336000537032651,0.10804263623661814,1.1220152146389512e-11
GSE278723,ZFP36,0.7183499132192631,0.23927573315681297,0.002680496055869866
GSE278723,ZFP36L1,0.7268935593286588,0.13725782624772867,1.1847964261178004e-7
GSE278723,ZFP36L2,0.6683836328127597,0.1341457301713535,6.276186578646166e-7
GSE278723,ZFP37,-0.8376195741909476,0.11018371896320721,2.915285487132672e-14
GSE278723,ZFP41,0.6785038869509751,0.09628187270098763,1.827409043791455e-12
GSE278723,ZFP69,-0.59199213973292,0.19711572339679093,0.002670935668871201
GSE278723,ZFP82,-0.6567249409816218,0.061483830777994165,1.2456581807724215e-26
GSE278723,ZFP90,-0.637254868536606,0.16290039320586833,9.156160893657887e-5
GSE278723,ZFP91,-0.601411382520443,0.18440753298089282,0.0011089607222813105
GSE278723,ZFPL1,0.7761474252318803,0.08368522748896597,1.7827845811568665e-20
GSE278723,ZFPM1,1.1552597048240933,0.11434935392638534,5.36341075157438e-24
GSE278723,ZFR2,0.8441167856802642,0.18809906575194577,7.202386323488868e-6
GSE278723,ZFYVE16,-0.979223177794843,0.07553601578956066,1.9663831049910122e-38
GSE278723,ZGPAT,0.6566267809286631,0.16024411872331537,4.173379494247546e-5
GSE278723,ZGRF1,-0.8706764202667272,0.0852694076782197,1.7723424791757006e-24
GSE278723,ZHX1,-0.963634273502214,0.32128582120395544,0.002705959896268823
GSE278723,ZHX2,0.6970179709580946,0.13578495683973973,2.8478299565348994e-7
GSE278723,ZIC2,0.8316505612941355,0.12654502348893745,4.965264784712622e-11
GSE278723,ZMAT1,-0.8406614608215875,0.15353958394852513,4.369931413527766e-8
GSE278723,ZMAT3,-0.597861654977975,0.1615918630321253,2.1574797599492008e-4
GSE278723,ZMAT5,0.6934786991658389,0.06798810413445631,1.9827139163352017e-24
GSE278723,ZMIZ1,0.738762956592731,0.20583682244240448,3.3185854201224496e-4
GSE278723,ZMIZ2,0.7304802262664777,0.07830894901444607,1.0770108525583234e-20
GSE278723,ZMPSTE24,-0.7973266830922779,0.07900454592522682,5.9836806454825684e-24
GSE278723,ZMYM1,-0.7531341052975804,0.06737059748916346,5.168449341137218e-29
GSE278723,ZMYM2,-0.660022952715631,0.14786003140863727,8.050513820559282e-6
GSE278723,ZMYM5,-0.7131740777913341,0.0826881425828823,6.416823032890381e-18
GSE278723,ZMYM6,-0.7865431318575274,0.07726372625784746,2.436132594195041e-24
GSE278723,ZMYND15,1.146889471455547,0.15950743481858373,6.469911532076231e-13
GSE278723,ZNF100,-0.6990740407649303,0.14528721868420585,1.4967491517467285e-6
GSE278723,ZNF101,-0.658909314009111,0.3057973384805282,0.031183323429473952
GSE278723,ZNF107,-0.7606564034349497,0.10452560062640477,3.407545156921206e-13
GSE278723,ZNF112,-0.6773925796405895,0.1715117812548546,7.83016417640357e-5
GSE278723,ZNF117,-0.639770273977255,0.2767543890911429,0.020794788755111357
GSE278723,ZNF12,-0.6253404952885898,0.08728675349100197,7.823729208300236e-13
GSE278723,ZNF121,-0.675612139184683,0.08000614295786576,3.0534091002277e-17
GSE278723,ZNF124,-1.1005215030827824,0.07929746398879392,8.564054667483099e-44
GSE278723,ZNF131,-0.692721268315968,0.1186361519873034,5.250238111897671e-9
GSE278723,ZNF135,0.6607190277602115,0.15424324333387404,1.838790736957792e-5
GSE278723,ZNF138,-1.1113524383255378,0.10776488209707366,6.170888963019367e-25
GSE278723,ZNF140,-0.6269184481249296,0.1468212699967278,1.9552296543995928e-5
GSE278723,ZNF141,-0.9111959428293351,0.08987193151873098,3.715349138700624e-24
GSE278723,ZNF142,0.7039163562769235,0.058525789458190126,2.5489431909754623e-33
GSE278723,ZNF160,-0.6288378393954179,0.08906762985406722,1.6622875198958919e-12
GSE278723,ZNF181,-0.8940664512093096,0.07500085740261193,9.227439740701565e-33
GSE278723,ZNF184,-0.761015226906267,0.31479630671908593,0.01562819484024652
GSE278723,ZNF189,-0.7681282656462137,0.15569185699070628,8.070930356551513e-7
GSE278723,ZNF197,-0.6351228543620201,0.05946395601106113,1.2518284632065357e-26
GSE278723,ZNF205,0.8231557142793272,0.09303576621131796,8.931420270367708e-19
GSE278723,ZNF213,0.8003671937917258,0.08857490390402828,1.6243652389927028e-19
GSE278723,ZNF214,-0.7262930169824027,0.11217576198739526,9.506439885585205e-11
GSE278723,ZNF217,-0.625223849945168,0.16496229648848063,1.5058572954851205e-4
GSE278723,ZNF219,0.7953610148135505,0.12796327874772093,5.114809201142352e-10
GSE278723,ZNF22,-0.6910241506521032,0.061953575565837825,6.85331329819118e-29
GSE278723,ZNF224,-0.612373605517918,0.21918669468305602,0.005208547067053162
GSE278723,ZNF226,-0.6239089521907062,0.1472301396202492,2.258773121020379e-5
GSE278723,ZNF227,-0.596407754263253,0.2173377635708609,0.006066752864388845
GSE278723,ZNF23,-0.6437358192372242,0.14771187838739228,1.3122613396410594e-5
GSE278723,ZNF230,-0.699721955139959,0.1869646110930269,1.82171775017726e-4
GSE278723,ZNF233,-0.646762069089463,0.2544545592726301,0.011029631524734773
GSE278723,ZNF234,-0.6145094383636561,0.09420324853766986,6.880931325975917e-11
GSE278723,ZNF235,-0.6291790876889214,0.09770261914360641,1.196813765623531e-10
GSE278723,ZNF24,-0.9137157132336042,0.12994511163869193,2.0424980187816684e-12
GSE278723,ZNF248,-0.7440100317695797,0.1125075693837489,3.7666556853483075e-11
GSE278723,ZNF25,-0.678636110268116,0.16868349977084865,5.7429107776006864e-5
GSE278723,ZNF251,0.8520389880086705,0.15920594350349226,8.70817440130633e-8
GSE278723,ZNF254,-0.8313527365164837,0.13971777773381155,2.6776800688329308e-9
GSE278723,ZNF257,-0.8417295622593451,0.22653579001944144,2.0267542088604117e-4
GSE278723,ZNF26,-0.778226243393272,0.16992909622996338,4.6561764407653685e-6
GSE278723,ZNF260,-0.8596865337154439,0.11452563537049919,6.072973743071585e-14
GSE278723,ZNF267,-0.7777971452174167,0.10763526914747919,4.965886828742942e-13
GSE278723,ZNF277,-0.6946102438801107,0.05911586040303185,7.063462407467159e-32
GSE278723,ZNF28,-0.672241603773467,0.1565203550020469,1.7476036572479298e-5
GSE278723,ZNF280B,-0.73142740046433,0.1029351956745718,1.1970763054724178e-12
GSE278723,ZNF280D,-0.6215306134121097,0.0940056293082164,3.801063332077923e-11
GSE278723,ZNF281,-0.7204693998610046,0.0968140882670104,9.933558738756027e-14
GSE278723,ZNF282,0.8221263163979962,0.0911171664868403,1.8344599111028214e-19
GSE278723,ZNF283,-0.8822059394146156,0.07609719790791003,4.4642731121503995e-31
GSE278723,ZNF292,-0.6969473841256262,0.08350874508239994,7.073271017383254e-17
GSE278723,ZNF300,-0.7919708533249383,0.1114138239750401,1.174201318051111e-12
GSE278723,ZNF302,-1.13978082750421,0.2486173141683404,4.551200716853502e-6
GSE278723,ZNF316,0.6836849924483304,0.09156283011277502,8.214361495355744e-14
GSE278723,ZNF317,0.7524242787081608,0.0639252903242048,5.548106212717955e-32
GSE278723,ZNF319,0.6720773259245975,0.10183586878351125,4.122323775616632e-11
GSE278723,ZNF320,-0.8410249315560901,0.20496248592564045,4.072782496125646e-5
GSE278723,ZNF322,-0.9629649770385336,0.14089229920873922,8.214273070306857e-12
GSE278723,ZNF324,0.740205558768294,0.2279955383442144,0.0011680096931399222
GSE278723,ZNF326,-0.9556101992837313,0.06990124915272913,1.5159266084275087e-42
GSE278723,ZNF335,0.650751096245002,0.12757648226941087,3.380951043149834e-7
GSE278723,ZNF33A,-0.9162776935153866,0.12007664812206488,2.333495114153707e-14
GSE278723,ZNF33B,-1.56160372210374,0.38895249017198064,5.947206146679626e-5
GSE278723,ZNF345,-0.639863376200912,0.22362270082865204,0.004218377287975099
GSE278723,ZNF347,-0.9236017834412813,0.10736550978242017,7.806158870891554e-18
GSE278723,ZNF35,-0.7935095205592982,0.11024379942047485,6.120523627235292e-13
GSE278723,ZNF358,1.0748559614420161,0.26304772107111424,4.3856503623490955e-5
GSE278723,ZNF365,-0.6419268441802979,0.08407326866757434,2.252491066440891e-14
GSE278723,ZNF366,0.838236631490806,0.23204694230639508,3.0342525420854046e-4
GSE278723,ZNF37A,-0.7385856826518357,0.07168182690628729,6.782535415515488e-25
GSE278723,ZNF382,-1.21591608726245,0.2952656234848364,3.8210591803085725e-5
GSE278723,ZNF383,-0.8361932479129459,0.09939447025751648,4.0008146684985524e-17
GSE278723,ZNF385A,0.626868530711062,0.26401485843610695,0.01757900252254386
GSE278723,ZNF385C,0.9826886486708939,0.30435329321307336,0.0012432117335878048
GSE278723,ZNF385D,-0.7430095175211126,0.21035348239788723,4.121253404886199e-4
GSE278723,ZNF391,-0.744643408334997,0.25275801230421563,0.0032183704132499194
GSE278723,ZNF395,0.661015854301511,0.3061107738370159,0.030819084781224967
GSE278723,ZNF397,-0.7544450533166233,0.06197517490689629,4.310600133044536e-34
GSE278723,ZNF404,-0.7138625944436555,0.10907149645611408,5.953317391400182e-11
GSE278723,ZNF408,0.8904320191440384,0.07702054827765083,6.497294413582518e-31
GSE278723,ZNF414,0.8620431639932937,0.08964944158225642,6.863320823307023e-22
GSE278723,ZNF417,-0.641562793360253,0.30029786002328734,0.03264507618896534
GSE278723,ZNF419,-0.6925067219830182,0.10961870112605517,2.6597628780547687e-10
GSE278723,ZNF423,1.2238021498265155,0.13774077308058885,6.402361575774775e-19
GSE278723,ZNF425,0.6290644725025862,0.08904247514088352,1.6088399188136127e-12
GSE278723,ZNF428,0.7932035023728667,0.06624263338748915,4.850092357260128e-33
GSE278723,ZNF430,-0.760277172368674,0.13562801970577285,2.0752817290169534e-8
GSE278723,ZNF431,-0.847949832212052,0.17364561846609036,1.0436708475772357e-6
GSE278723,ZNF440,-0.6665205187202565,0.17502975924406536,1.4007199046788622e-4
GSE278723,ZNF445,-0.619793378431668,0.1745886603641174,3.852006925673458e-4
GSE278723,ZNF446,0.731276642567468,0.15401577085237422,2.0537367684270387e-6
GSE278723,ZNF449,-0.6798453169947904,0.10450709473371275,7.756161603913665e-11
GSE278723,ZNF451,-0.6345733072441049,0.09431783726466038,1.7197461151990538e-11
GSE278723,ZNF461,-0.765245957162569,0.10283449446430923,9.952590971554174e-14
GSE278723,ZNF462,0.599992256662336,0.2558212919516834,0.01900886905818529
GSE278723,ZNF467,0.9139736053113018,0.11844766595547955,1.1978791894080443e-14
GSE278723,ZNF469,0.6447910412651816,0.19457477342363785,9.202182540737386e-4
GSE278723,ZNF470,-0.7579568978554431,0.09047454678782532,5.4031382604410206e-17
GSE278723,ZNF471,-0.6274843739538452,0.14137208990156422,9.05750286192481e-6
GSE278723,ZNF48,-1.06145992518091,0.26235282675218574,5.2116863510186756e-5
GSE278723,ZNF480,-0.8779914018742879,0.09670647921751165,1.0964694072337525e-19
GSE278723,ZNF483,-0.7877648179686885,0.09819742264669919,1.0382087362320317e-15
GSE278723,ZNF484,-0.6749942300520261,0.10750784617934475,3.417279102606607e-10
GSE278723,ZNF488,0.787283442210173,0.33997831608757917,0.02057535260945351
GSE278723,ZNF493,-0.8932625795071794,0.0953347541275662,7.270621350343255e-21
GSE278723,ZNF497,3.5968781191755497,1.1680133436964173,0.0020735967763392854
GSE278723,ZNF502,-0.6783755645100257,0.1550170794213552,1.2080257761821623e-5
GSE278723,ZNF503,0.8518218370775343,0.08742168400594813,1.9602803831868316e-22
GSE278723,ZNF506,-0.8519933603257844,0.07794816573160673,8.261556045404997e-28
GSE278723,ZNF511,0.6764254244979885,0.11051865037934035,9.330324296628436e-10
GSE278723,ZNF512B,0.6840113590630946,0.07370956007401684,1.6976707699621653e-20
GSE278723,ZNF518A,-0.8175087164329181,0.13138550242796695,4.901877059110812e-10
GSE278723,ZNF519,-0.9642563724576825,0.10790958321623165,4.0431313760682906e-19
GSE278723,ZNF521,0.619698210418866,0.2558448695027901,0.015428389646677022
GSE278723,ZNF524,0.6869207803992697,0.21173384401109943,0.0011775398011408488
GSE278723,ZNF525,-0.8812041710471401,0.2503071960653873,4.30748999657488e-4
GSE278723,ZNF526,0.7035977718435712,0.12338220292964648,1.1800250644396261e-8
GSE278723,ZNF527,-0.9044247584674714,0.18094872335036988,5.785659287300376e-7
GSE278723,ZNF528,-0.5877285020552064,0.11539746316213682,3.522931110810656e-7
GSE278723,ZNF540,-1.0283801364311873,0.1041899478844823,5.602853717385368e-23
GSE278723,ZNF541,0.686911841263918,0.31302693762376216,0.028205397170676428
GSE278723,ZNF548,-0.7649325653681702,0.21345214269422527,3.3885769144035714e-4
GSE278723,ZNF552,-0.648432972585874,0.21398819897809415,0.0024436941259601275
GSE278723,ZNF559,-0.9382582113074593,0.15374729330637274,1.043568654187801e-9
GSE278723,ZNF559-ZNF177,-0.631563461154126,0.17830777040461182,3.97127946585961e-4
GSE278723,ZNF562,-0.6854116440145903,0.18680113869102372,2.4330606274827293e-4
GSE278723,ZNF564,-0.7887711492194837,0.22078661071616332,3.53522304679066e-4
GSE278723,ZNF566,-0.7764705305953319,0.08812128685173222,1.2360972982779738e-18
GSE278723,ZNF568,-0.651426328949267,0.11003243028899683,3.2133122484642377e-9
GSE278723,ZNF569,-0.8052043068336905,0.07161457338458266,2.4906769732650007e-29
GSE278723,ZNF570,-0.9371445833360689,0.23438906243004215,6.381424079802938e-5
GSE278723,ZNF571,-0.8291291658901209,0.08602727732555332,5.526481719266928e-22
GSE278723,ZNF572,-0.7548373394923993,0.15959198025450488,2.2474673672665502e-6
GSE278723,ZNF573,-0.690007503806292,0.1168230327418532,3.495927802955865e-9
GSE278723,ZNF574,0.7970777548050422,0.07339294357957225,1.7794058409548424e-27
GSE278723,ZNF575,0.9446775430173175,0.11562432383803709,3.0779713895862986e-16
GSE278723,ZNF577,-0.6741760498310602,0.15905678920945063,2.249309473032137e-5
GSE278723,ZNF578,-0.681526681933738,0.13391083633418904,3.5918589108053743e-7
GSE278723,ZNF579,0.9877469172015714,0.09536434937950967,3.86491193377137e-25
GSE278723,ZNF580,0.8227323857380778,0.08559263447237504,7.102431217768703e-22
GSE278723,ZNF581,0.8091192447049183,0.08647863148455898,8.258488140377853e-21
GSE278723,ZNF582,-0.682474045593678,0.19015881723861514,3.31988676582617e-4
GSE278723,ZNF583,-0.8122325253664499,0.18183945694180345,7.941453619891455e-6
GSE278723,ZNF585A,-0.6519561149089244,0.15545203938985172,2.7415372349289837e-5
GSE278723,ZNF585B,-0.605343164298508,0.1811019559862276,8.301104202415044e-4
GSE278723,ZNF586,-0.83021750892933,0.15897654951963267,1.7674875528916887e-7
GSE278723,ZNF587B,-0.6561090220979778,0.191416266063855,6.088174575699633e-4
GSE278723,ZNF589,-0.9624489062890119,0.3439228513025924,0.0051349441955710175
GSE278723,ZNF597,-0.6468305537610514,0.08916390124091918,4.034479297088798e-13
GSE278723,ZNF598,0.8078406381978491,0.07589162755055676,1.8465543684766362e-26
GSE278723,ZNF605,-0.64401367473204,0.22663948901332162,0.004489093822916999
GSE278723,ZNF607,-0.915292828123329,0.2908250761792129,0.0016482637032353203
GSE278723,ZNF613,-0.747475205443114,0.23987146718470423,0.0018322973576627283
GSE278723,ZNF614,-0.6581650871384152,0.16344488584537123,5.653340893109649e-5
GSE278723,ZNF615,-0.602979041880726,0.12114965560432166,6.452997489735105e-7
GSE278723,ZNF618,0.6251289425149692,0.14134940659948694,9.75295895092195e-6
GSE278723,ZNF620,-0.7851093793902579,0.1697084457078602,3.723915390548557e-6
GSE278723,ZNF621,-0.6434357207263749,0.08771144097889538,2.203609443078753e-13
GSE278723,ZNF624,-0.7946385014160747,0.08641431033488868,3.726239314043633e-20
GSE278723,ZNF626,-0.644845007379627,0.1070991512379595,1.7333258017695074e-9
GSE278723,ZNF639,-0.612050532491848,0.1843418179250845,8.995502803717017e-4
GSE278723,ZNF644,-0.9659503361460248,0.06956646790305321,7.778873960769361e-44
GSE278723,ZNF646,0.606699397359866,0.19258268609336082,0.001630850245227016
GSE278723,ZNF653,0.6634303145293746,0.09380822692772947,1.5249908447386297e-12
GSE278723,ZNF654,-1.0033453326893929,0.06039959301044601,5.725917891328873e-62
GSE278723,ZNF658,-0.742902796029483,0.3189925217858855,0.019864179219421296
GSE278723,ZNF660,-0.9440010128547042,0.10432649074996242,1.4491055198303505e-19
GSE278723,ZNF662,-0.660825616916074,0.22125308378223824,0.0028196866034715285
GSE278723,ZNF668,0.7061511849622361,0.07371903812701755,9.803387106079722e-22
GSE278723,ZNF670,-0.8024123938695639,0.30318739440765957,0.008130812954734798
GSE278723,ZNF672,1.069936883875808,0.33407539185429785,0.0013615474601675957
GSE278723,ZNF674,-0.637209744652366,0.17679418691203985,3.130604121493577e-4
GSE278723,ZNF675,-0.718122725779616,0.15685987628370854,4.6918226782823195e-6
GSE278723,ZNF677,-0.8073441726284243,0.10779194110978015,6.895869560247425e-14
GSE278723,ZNF678,-0.9031836649340946,0.2500616981312514,3.0402828599643717e-4
GSE278723,ZNF680,-0.6788571956503037,0.06413850420478984,3.526381335887011e-26
GSE278723,ZNF681,-0.682070408315296,0.22366611498746497,0.0022922061780198425
GSE278723,ZNF682,-0.8372640297879463,0.17379737864494368,1.4538838267812648e-6
GSE278723,ZNF684,-0.6807572819951199,0.29152157655944616,0.019533674345974857
GSE278723,ZNF687,0.662606546210169,0.1872602933582946,4.0252126444893517e-4
GSE278723,ZNF689,0.835634953261898,0.18413181854530647,5.672484819705781e-6
GSE278723,ZNF691,0.672464469960832,0.22226415391398163,0.0024820662747619972
GSE278723,ZNF696,-1.126187893844,0.34903227415550936,0.0012527000030615732
GSE278723,ZNF701,-0.7537479290683893,0.06937022692747519,1.6814653393701413e-27
GSE278723,ZNF703,1.1026740695079904,0.11880533510018891,1.6734233862531255e-20
GSE278723,ZNF704,-0.74357613518428,0.1332370852410767,2.3934653189837796e-8
GSE278723,ZNF706,-0.7614469575605476,0.06936689630303353,4.925117314850866e-28
GSE278723,ZNF707,0.6759266761847149,0.22741594027160336,0.0029566969535472706
GSE278723,ZNF708,-0.7951701066086053,0.08236679855138755,4.7269111690244945e-22
GSE278723,ZNF709,-0.9828937857432027,0.16166450268019275,1.2030496347660926e-9
GSE278723,ZNF710,0.6716343936771372,0.07432794896117176,1.623688655277312e-19
GSE278723,ZNF711,-0.6580941591015212,0.09033571442507513,3.2171046528674206e-13
GSE278723,ZNF714,-1.0023931058929034,0.16205626019276198,6.192020467207916e-10
GSE278723,ZNF717,-0.753617831748238,0.2270869383790524,9.045976879077697e-4
GSE278723,ZNF718,-0.616917741339302,0.2377776799754827,0.00947244987167829
GSE278723,ZNF720,-0.7744815997299577,0.1285401541736637,1.6888874856905078e-9
GSE278723,ZNF738,-0.8234669699790983,0.1270615067653431,9.120539227421518e-11
GSE278723,ZNF75A,-0.5960531244666618,0.1108042998804845,7.476269299947975e-8
GSE278723,ZNF761,-0.7300777354255338,0.13032642702393146,2.1199492840794084e-8
GSE278723,ZNF765,-0.6605499228861464,0.13224832446700652,5.890602116428389e-7
GSE278723,ZNF766,-0.8188568384734187,0.17308215357485646,2.233836459449983e-6
GSE278723,ZNF768,0.6313301391276531,0.15221426605593072,3.3591850864911444e-5
GSE278723,ZNF770,-0.8429463020086438,0.07476546250785175,1.7528963001151536e-29
GSE278723,ZNF771,0.7369449915022678,0.11569836182341926,1.8959973168843156e-10
GSE278723,ZNF773,-1.03642360700387,0.1618654949226557,1.5236032862584908e-10
GSE278723,ZNF775,0.6523838648178976,0.17480879283332548,1.899765055130892e-4
GSE278723,ZNF777,0.7127292189126723,0.05839475213465411,2.9100336423533763e-34
GSE278723,ZNF780A,-0.704000913966175,0.09891325609664131,1.1001660145493114e-12
GSE278723,ZNF780B,-0.9222247159187371,0.15336951827439116,1.8201991856312827e-9
GSE278723,ZNF781,-1.0139613615707292,0.07506205599601841,1.3969548350050641e-41
GSE278723,ZNF783,0.6581847106038409,0.10780869791861192,1.0272542602755348e-9
GSE278723,ZNF784,0.958581090149585,0.1282700882775657,7.829992194366373e-14
GSE278723,ZNF785,0.581747382389734,0.1599644074001316,2.761209401531255e-4
GSE278723,ZNF786,0.637772755758163,0.20579359151485946,0.001941163797986667
GSE278723,ZNF787,0.6886642898233964,0.10176240889767847,1.3114068356082532e-11
GSE278723,ZNF79,0.6819654458985861,0.11120868199247347,8.661538590366687e-10
GSE278723,ZNF791,-0.7035521291310868,0.09146928979787479,1.452201379109902e-14
GSE278723,ZNF793,-0.70619124984237,0.1701011191620307,3.301636649039889e-5
GSE278723,ZNF800,-0.7639179209374531,0.11751532078888377,8.001012532514161e-11
GSE278723,ZNF804A,-0.7937616319038912,0.22774615701910367,4.916020899995572e-4
GSE278723,ZNF808,-0.759327201193573,0.12885562773492681,3.795853354156424e-9
GSE278723,ZNF81,-0.6448344853669941,0.09306024622381373,4.231812363742884e-12
GSE278723,ZNF813,-0.7531954368556082,0.1434623325997092,1.5199454896798322e-7
GSE278723,ZNF814,-0.745461296156677,0.2079489976157218,3.373010005719391e-4
GSE278723,ZNF816,-0.8561412314111844,0.19217752924641168,8.391285543824711e-6
GSE278723,ZNF829,-0.6739068286897674,0.08350328396489134,7.005499776854427e-16
GSE278723,ZNF83,-0.7867124728176075,0.0897437437621351,1.8478179035578713e-18
GSE278723,ZNF835,0.723218651274622,0.1203802038206771,1.880724269743419e-9
GSE278723,ZNF836,-0.7743996492767067,0.14984219870269203,2.3648423723624265e-7
GSE278723,ZNF841,-0.937765177923637,0.29048805543844863,0.0012455440021941996
GSE278723,ZNF843,0.6793346139182754,0.12885151631143435,1.3477725798468458e-7
GSE278723,ZNF845,-0.810699700754792,0.21417300905511985,1.5355033272406628e-4
GSE278723,ZNF846,-0.6242954976544333,0.07199373697726254,4.263705893199025e-18
GSE278723,ZNF85,-0.7460926164856663,0.15400015759550423,1.2676973839149837e-6
GSE278723,ZNF852,-0.7440104940651471,0.1423049300568204,1.7109117889745964e-7
GSE278723,ZNF853,0.7007478321455131,0.13627287871123545,2.714821677049204e-7
GSE278723,ZNF865,1.1160823435911316,0.08912629568768045,5.624898820076228e-36
GSE278723,ZNF879,-0.748681108947051,0.3429580975310764,0.029035040863632084
GSE278723,ZNF880,-0.703497321963961,0.1459190854907093,1.4273531547766475e-6
GSE278723,ZNF891,-1.1248549152480485,0.07095139617918135,1.3216296404400875e-56
GSE278723,ZNF91,-0.620437122608443,0.28085040880702145,0.02716509022079202
GSE278723,ZNF92,-0.8077571359067395,0.09621890226252111,4.6591685652851e-17
GSE278723,ZNHIT2,0.9974552462202013,0.11190574697787578,4.951275046982691e-19
GSE278723,ZNRF3,0.7022295746517041,0.13106057779645122,8.41233786742936e-8
GSE278723,ZPR1,-0.624094250087955,0.1906748183384331,0.0010638173983755933
GSE278723,ZRANB1,-0.6419534581615105,0.07326858087720375,1.924176494439238e-18
GSE278723,ZRANB2,-0.6931942927419165,0.09699679463356563,8.897362868604191e-13
GSE278723,ZSCAN16,-0.698786764045866,0.31433038894249793,0.026209298645270898
GSE278723,ZSCAN18,0.6098671054290329,0.10314132663663894,3.3608174119031323e-9
GSE278723,ZSCAN2,0.6807403546805383,0.16576406164716756,4.0138252247613254e-5
GSE278723,ZSCAN23,-0.620926687903883,0.23547774258836382,0.00836722806471039
GSE278723,ZSCAN30,-0.7144022547792354,0.08138797182150577,1.6679597077179255e-18
GSE278723,ZSWIM4,0.7734379323174387,0.07158806394329503,3.295033580970448e-27
GSE278723,ZUFSP,-0.7962444917086715,0.07472459296902349,1.6396730598266258e-26
GSE278723,ZWILCH,-0.9707572024737421,0.131366663660302,1.4718600616036974e-13
GSE278723,ZYG11B,-0.7122828731772011,0.19921952803472653,3.4973729517108286e-4
GSE278723,ZYX,0.826503249306363,0.06526336424480077,9.345939592694663e-37
GSE278723,ZZZ3,-0.7328820284576764,0.0726277841499672,6.059148881091931e-24
