"","logFC","AveExpr","t","P.Value","adj.P.Val","B"
"COX8A",1.81469506748839,4.45161389633392,10.8031504562341,5.9526718198715e-12,5.56746741098923e-08,17.1412382982851
"PCSK1N",2.46724678259826,6.13293016443015,10.6676491928094,8.09166108711464e-12,5.56746741098923e-08,16.899050680687
"ROMO1",2.00323335028369,2.0376317002559,10.0228524221091,3.60079604155979e-11,1.65168514426348e-07,14.7674963399147
"ATP5I",1.32782209791129,2.96379856791153,9.25445069694042,2.28901456097009e-10,6.58786062498825e-07,13.532784261778
"CHCHD10",1.65176587705154,3.16469801259809,9.22290576794216,2.47367827093426e-10,6.58786062498825e-07,13.4803379486592
"FAM96B",1.44217479369278,3.39330736221604,9.16229351461739,2.87240489426128e-10,6.58786062498825e-07,13.3874856698552
"CHPF",1.29632739548431,5.9554206077741,9.041133085814,3.87802819184702e-10,7.62364942114384e-07,13.2067452208328
"COX6B1",1.35135107124796,4.18355943142207,8.93749740306032,5.02094021980224e-10,8.63664479558734e-07,12.9278088155232
"NAA38",1.74026075736418,2.77297792010207,8.83512035014915,6.48930131690388e-10,9.46493783954811e-07,12.4980007739294
"MZT2A",1.51861559557568,4.18939501396372,8.8096185482912,6.91900043892773e-10,9.46493783954811e-07,12.6191693597522
"RAMP1",1.41340097472373,4.33299585769912,8.774124863589,7.56589755359561e-10,9.46493783954811e-07,12.5402096675725
"NDUFA11",1.20327799876379,4.18819281920046,8.65825173612992,1.0141005964644e-09,1.039500132383e-06,12.2571830338479
"ECH1",1.00588654582027,4.72533077748091,8.64998785746095,1.03557907633986e-09,1.039500132383e-06,12.2517317169182
"ADORA1",1.24993945085734,5.51282806567598,8.64171197555869,1.05755409151675e-09,1.039500132383e-06,12.2363952725414
"VPS51",1.08786946296883,5.49395936244387,8.53377951902558,1.39184019262727e-09,1.27687419271625e-06,11.9710488929282
"AP1B1",0.981371079053508,6.67130342679151,8.49167902663161,1.54987556101086e-09,1.3329898496919e-06,11.866120279157
"C4orf48",2.61379504756376,1.97479965283637,8.44264608036851,1.75719894625928e-09,1.42240086467494e-06,11.2188297464588
"NDUFS7",0.868939700907558,5.44023226476426,8.39949762685745,1.96296739227841e-09,1.48321332881509e-06,11.6382333478485
"PPP4R3B",-0.699100683652897,5.78592777654051,-8.36793558833365,2.12890997716951e-09,1.48321332881509e-06,11.5605433936035
"MZT2B",1.43132718585313,4.31022923546433,8.36308060929954,2.15567666421785e-09,1.48321332881509e-06,11.5345142516917
"NDUFB7",1.36171758564271,3.90602324187524,8.28536135422988,2.63407377531374e-09,1.63393146605854e-06,11.3298514729909
"RPL27",1.53744455922433,3.90713267056044,8.2829702340065,2.65039913374308e-09,1.63393146605854e-06,11.3211304881051
"VPS28",0.875640652302808,4.62440154878197,8.25759079816118,2.83016647987293e-09,1.63393146605854e-06,11.2803685826553
"POLRMT",0.909994541007944,5.48677081739892,8.25493623178134,2.84967336570053e-09,1.63393146605854e-06,11.2767621764085
"LONP1",0.952695231542096,5.82002730374462,8.21284729768539,3.17793626708517e-09,1.68831857206995e-06,11.1710731520993
"THAP5",-1.14127769071964,4.19770174932154,-8.19856209389876,3.29790642675424e-09,1.68831857206995e-06,11.1319604507692
"SLC35B3",-1.33931462205878,2.31348869704496,-8.18773028842727,3.39194284434601e-09,1.68831857206995e-06,10.9842663144003
"LCORL",-1.02865894352127,4.10873258274398,-8.18284071839052,3.4352823209039e-09,1.68831857206995e-06,11.0916487726109
"MED16",0.968104974193516,5.18041345083254,8.14590729708455,3.78141524418301e-09,1.79434673017939e-06,11.0019675839867
"PRDX5",1.07274808472763,4.76104651477786,8.09656259002213,4.30005194453596e-09,1.81346292225532e-06,10.8761584057722
"ZNF654",-1.01875833127445,4.06782579941378,-8.08866512332141,4.38954804939021e-09,1.81346292225532e-06,10.8544849233989
"INAFM1",1.23913454843394,3.23054435811415,8.08567830141366,4.42388790721334e-09,1.81346292225532e-06,10.7973545174152
"MT3",1.70685548557723,6.48960292862843,8.08520105506663,4.42940016591384e-09,1.81346292225532e-06,10.8483690414843
"GNPTG",0.920005297255773,5.55283613395479,8.08079564602538,4.48061473415311e-09,1.81346292225532e-06,10.8375301047301
"NDUFA3",1.13209512458502,3.59180934575565,8.05634916870197,4.7759774667969e-09,1.86990884751555e-06,10.7515888007858
"UBL5",1.38459855699745,2.91360076171781,8.03788233968593,5.01218471354242e-09,1.86990884751555e-06,10.6429289261937
"G6PD",0.950751699998031,4.61947458155438,8.01564370802433,5.3124949775369e-09,1.86990884751555e-06,10.6711788190804
"ELMOD2",-1.10500214836216,3.82601569258109,-8.01360644001108,5.340906585199e-09,1.86990884751555e-06,10.6622501782887
"FBXW5",1.22265890620864,6.38698114085361,8.00607612521432,5.44727359022854e-09,1.86990884751555e-06,10.6478745367537
"PNPLA2",1.22021776082146,5.31404306960496,7.99779474594075,5.56674252885989e-09,1.86990884751555e-06,10.6268163510092
"LYPLAL1",-1.10971217686868,3.68082715023389,-7.98280524513153,5.78981325394789e-09,1.86990884751555e-06,10.5820705815459
"OTUD5",0.9340707814284,5.54244086696291,7.98040913239845,5.82630640170818e-09,1.86990884751555e-06,10.5824590928467
"FSD1L",-1.02715433690535,4.20149212924391,-7.9793154888274,5.84304050891422e-09,1.86990884751555e-06,10.578943938782
"EDF1",1.1580368317487,4.2353248007526,7.96704296561106,6.03421545159033e-09,1.88720088248488e-06,10.5440904880488
"MAP3K2",-0.93045949827148,6.28090822800129,-7.94606818879751,6.37581855002032e-09,1.94972531259621e-06,10.4945619625533
"ICE2",-1.06042474750048,4.65627483697107,-7.90386203932539,7.12411197803018e-09,2.13119358542768e-06,10.3874080837589
"RBM41",-1.07241145180793,3.94403299542778,-7.89336101762263,7.32380286221476e-09,2.1443159827008e-06,10.3589740901011
"AIP",0.866455857568669,4.70755819924935,7.87195197149196,7.74875854073167e-09,2.22147221414601e-06,10.3059796216525
"LDB1",1.03455617728755,5.20298103869025,7.85174510220751,8.17287106672228e-09,2.29524242345235e-06,10.2540834855456
"C19orf53",1.4237991016855,2.83543645496804,7.83777335682257,8.47986562799362e-09,2.33382861813641e-06,10.1406460426301
"RAB11B",0.898533447268019,6.44162631425143,7.8105635746478,9.11184923919042e-09,2.43274440240726e-06,10.1481024991573
"PSMA7",0.881326890254613,4.39301789499045,7.80721605409053,9.19284273854933e-09,2.43274440240726e-06,10.1398914978341
"ELOF1",1.08479240159092,3.53110807409061,7.79139805085856,9.5855848335524e-09,2.48881571499084e-06,10.0834211756675
"FAM35A",-0.803567828529084,3.64158562813007,-7.75993180890411,1.04183907038736e-08,2.65495323103713e-06,10.0158794845413
"RTN4R",1.77735038446704,3.70076407704193,7.71534990311159,1.17260972835944e-08,2.93276263003655e-06,9.88848811625416
"KIAA1033",-1.05678631839447,5.69038445463731,-7.70870639879856,1.19347945121755e-08,2.93276263003655e-06,9.88380937468082
"ZNF124",-1.2389187996651,3.63918088930356,-7.69357095340944,1.2424478359126e-08,2.99953064385847e-06,9.84616954783807
"RASA2",-1.09100878428288,4.70572477255001,-7.63458599746539,1.45361388762958e-08,3.42592790738018e-06,9.69451381008275
"KCNH2",1.26481729159439,4.69242521614143,7.63067094363879,1.46885943271151e-08,3.42592790738018e-06,9.68639265384752
"GK5",-0.990285094719341,4.73045519824337,-7.6131316017888,1.53918045092633e-08,3.52292309166447e-06,9.63877765065798
"MFSD8",-0.980183988337623,3.0310641967379,-7.6006291135908,1.59138863542853e-08,3.52292309166447e-06,9.59443320109248
"PUS7L",-1.07792636621493,5.01442986970453,-7.59456724518386,1.61734655337076e-08,3.52292309166447e-06,9.58930501414446
"PUS10",-1.06454546157022,2.53197927131186,-7.59247327125493,1.62641299021159e-08,3.52292309166447e-06,9.54258979021947
"SCAND1",1.64812040071885,3.32311877921484,7.58971152436565,1.63844980645684e-08,3.52292309166447e-06,9.55124278290107
"SRSF10",-0.907726990076401,5.18633138974329,-7.55607510149588,1.79253175540461e-08,3.79492761324967e-06,9.48841534055253
"ADRM1",0.800696314143361,4.74455466820642,7.49357939303129,2.11906631428415e-08,4.28230816615048e-06,9.3300602109157
"HNRNPH1",-0.966661712093975,6.2696865373882,-7.48880592462447,2.14636661821713e-08,4.28230816615048e-06,9.31321997910109
"CHERP",0.783018839282133,5.6743333285964,7.48875512090158,2.1466590879514e-08,4.28230816615048e-06,9.31369038139676
"MFSD3",1.36548647879908,2.79395762604729,7.48620452792153,2.16139466314559e-08,4.28230816615048e-06,9.25809059236655
"FLYWCH1",0.813245823792356,6.1562352844799,7.48011387881254,2.19699946962651e-08,4.28230816615048e-06,9.29139810580162
"FKBP8",0.870813607995088,7.7612541878738,7.4736433635462,2.23547825485668e-08,4.28230816615048e-06,9.27993444775759
"ROGDI",1.00772260527704,5.88602298553802,7.46938209210404,2.26119249014275e-08,4.28230816615048e-06,9.26356888140872
"TBC1D23",-0.80707026221891,4.45889426344325,-7.46765514728657,2.27169897630248e-08,4.28230816615048e-06,9.26203523310637
"POLR2L",1.39135889150739,3.27674017782104,7.43082184566154,2.50799323169317e-08,4.66385065693646e-06,9.15099840088554
"MKL1",0.956447781814793,5.56384018164936,7.42167565809703,2.57044511132517e-08,4.71625269025942e-06,9.13904016279119
"BIRC2",-1.14445383689857,4.74838013912769,-7.41661957007904,2.60564483830869e-08,4.71793139736393e-06,9.12672078389777
"UQCR11",1.11683959282737,4.66456528303872,7.40801425648364,2.6666837075942e-08,4.7657447402862e-06,9.10811691959652
"TEFM",-1.23812198157338,2.56213617770814,-7.39622444611403,2.7526770084222e-08,4.85635747601254e-06,9.04741453408501
"UBXN4",-0.774033651885867,6.0902618042071,-7.37839523135603,2.8881050584062e-08,4.99902414688574e-06,9.02321941249036
"NBEAL1",-0.801154678936802,6.03615332686624,-7.37607779915719,2.90619818146108e-08,4.99902414688574e-06,9.01698148439994
"GIN1",-1.07193230778167,2.93160743362667,-7.34954239737605,3.12176573642927e-08,5.30353312333372e-06,8.94746586858182
"TANK",-0.869417448381561,3.40228951945058,-7.32715192942435,3.31625896962368e-08,5.56524874158432e-06,8.89878327671673
"TRPM7",-0.884865535170432,5.96742722723447,-7.29977944947185,3.57084046154461e-08,5.92028139654402e-06,8.81605823078054
"ZDHHC6",-0.782074298447472,3.8871591401589,-7.28910445885111,3.67542579259172e-08,5.98036944954147e-06,8.7993926253443
"F8A3",1.16208597094135,3.38901782450014,7.27838837698161,3.78354346483417e-08,5.98036944954147e-06,8.76570362164554
"FNIP1",-0.844440586657129,6.31920206064698,-7.27790230167356,3.78852348556003e-08,5.98036944954147e-06,8.75980395772345
"THOC2",-0.811774296734796,5.44875540277488,-7.27689690074345,3.79884531891153e-08,5.98036944954147e-06,8.75554524520777
"SF3B5",1.30756713889633,3.95210745380081,7.27377091576828,3.83112065000917e-08,5.98036944954147e-06,8.7602446101836
"TMEM68",-1.24456220629395,2.55361304811228,-7.2702472651739,3.86783577508314e-08,5.98036944954147e-06,8.72489154155832
"INTS8",-0.921963406489418,4.82188817535304,-7.26043639237637,3.97195475759357e-08,6.0121466180046e-06,8.71576696161319
"CYB5R3",1.01918905879253,6.26988505056912,7.26008211704676,3.97576732968838e-08,6.0121466180046e-06,8.71469819025288
"SOS1",-0.845691637665124,6.23530379609598,-7.25432920094481,4.03820059787451e-08,6.04018243775556e-06,8.69715207603845
"ARMC5",1.22150497854904,3.62554688080545,7.24806964950071,4.10726358103214e-08,6.07742517619176e-06,8.69118385530927
"ZNF326",-0.868146752773941,5.65701444904886,-7.2079529171723,4.57927679650702e-08,6.70376893582267e-06,8.5730609631804
"RAB21",-0.875307464257571,6.18338298220238,-7.19890563876006,4.69312701083897e-08,6.71190575312583e-06,8.55040339339142
"UFM1",-0.886816888351088,5.21401932651357,-7.19838679139278,4.69974258609826e-08,6.71190575312583e-06,8.54903666588326
"FAM135A",-0.757791707773026,5.57576587792169,-7.19593289712662,4.73115949460945e-08,6.71190575312583e-06,8.54124792010128
"C19orf60",1.06306583191975,4.02915959233164,7.18852809183323,4.82726048997361e-08,6.71963566431914e-06,8.53719234647837
"PRKRIR",-0.744847691916681,4.52156166170988,-7.18799384071112,4.8342702621001e-08,6.71963566431914e-06,8.52749411319155
"NDUFB2",1.0072726867153,3.48220086604441,7.18376231525962,4.89015724724616e-08,6.72934538793544e-06,8.52280932999263
"PNPLA6",0.754225675798165,7.01875412433434,7.15915059387175,5.2284623493161e-08,7.1236505335583e-06,8.45154842113464
"PC",0.884815977638139,6.45553970277302,7.14545296591334,5.42693760448798e-08,7.32157729170187e-06,8.41205316057657
"KRR1",-1.01909315475882,4.79446868840891,-7.1347085778257,5.58795951324964e-08,7.41589781287866e-06,8.38364774381077
"C21orf33",0.728065421449319,4.53218796528258,7.13361410065874,5.60463173126503e-08,7.41589781287866e-06,8.38716460872232
"RABAC1",1.35662748736799,3.97246380388723,7.10731665954903,6.0207611054065e-08,7.81435506173377e-06,8.32458380112597
"ERCC2",0.936961884003237,5.09884067164321,7.10647952070051,6.03451104303259e-08,7.81435506173377e-06,8.31051382347011
"TECR",0.878953132696246,5.32743015105107,7.10395748598053,6.0761281273564e-08,7.81435506173377e-06,8.3019979355192
"SAP130",0.831086424601052,5.03149167147292,7.08744530379712,6.35589168048942e-08,8.03175498653854e-06,8.26016576670838
"TICAM1",1.06184332390084,3.53858787907605,7.08470120158761,6.40363534149941e-08,8.03175498653854e-06,8.26472032935278
"RNF187",0.985415096197362,6.57990970909403,7.08375011204837,6.42026777501082e-08,8.03175498653854e-06,8.2493413563342
"ERGIC2",-1.00745699088819,4.77222561774956,-7.07797511326834,6.52220478643892e-08,8.08577117713387e-06,8.23330968421745
"GLRX3",-0.821204131563337,3.9905102097646,-7.06604632960899,6.73799422290141e-08,8.27870879476306e-06,8.21138754047629
"ADAM10",-0.673489981263763,6.28236159788305,-7.05512559674184,6.94189472590104e-08,8.45375339142692e-06,8.16913687735416
"DDX54",0.856021598340467,4.30328877598943,7.05113364993613,7.01798063149401e-08,8.47144135701658e-06,8.17208606871566
"RAC3",1.29695409407646,2.38266408254551,7.02857002087995,7.46422433219712e-08,8.92726841827281e-06,8.05410912157625
"IFI27L2",1.02482051854095,3.17311567758197,7.02558641141847,7.52534798720766e-08,8.92726841827281e-06,8.10476853738245
"FAM133B",-1.27183224903353,2.2068651199703,-7.01981077312009,7.64511678124159e-08,8.99183350655261e-06,8.05568972036387
"RPS6KC1",-0.705950828737,5.97185250771518,-6.99152286921778,8.26024477882374e-08,9.63298545774521e-06,7.99800357654948
"HIST1H4C",1.47765535653346,4.54444306147889,6.96606772563905,8.85660204902756e-08,1.02416555291318e-05,7.94679074662472
"DCUN1D1",-0.823602295191934,5.48557561691328,-6.95806807688999,9.05289063534045e-08,1.03061251236762e-05,7.90837811013227
"NDUFB11",1.06929233733905,3.76646297588416,6.95769545820919,9.06214039651782e-08,1.03061251236762e-05,7.93087390732407
"PMS1",-0.907893055230038,4.11973559537668,-6.94961932101249,9.26499105194838e-08,1.04504542513001e-05,7.90063196254794
"UEVLD",-0.96116510896395,3.47438902382278,-6.94034376497846,9.50365516452364e-08,1.06325039608951e-05,7.88442775370665
"FZR1",0.882780987239432,6.16081144147838,6.93137926017411,9.74023812130981e-08,1.0809307805431e-05,7.8408798081656
"METTL25",-1.04473436393166,2.68196349349354,-6.91513485094223,1.01842657476901e-07,1.1211654476317e-05,7.81227438610849
"TAF6",0.835207970445056,5.35428685205804,6.89993506525723,1.06183117479854e-07,1.15967133304783e-05,7.75772627757651
"ARHGDIA",0.846441620419541,6.45991550205864,6.88658398138707,1.10150138050773e-07,1.18630802102766e-05,7.72240623735204
"GAMT",0.991632639324372,3.72304891778307,6.88593677866971,1.10346215167169e-07,1.18630802102766e-05,7.74127619837292
"TIMM13",1.21038729123935,3.93585799578163,6.87925466223729,1.1239143133178e-07,1.19892905934622e-05,7.72229958702215
"SMCHD1",-0.752861790632443,6.15399935786567,-6.87254845137082,1.14482653543753e-07,1.21184291955045e-05,7.68046088945983
"SNX14",-0.896111778575537,5.26700136875515,-6.86830620329912,1.15825846797753e-07,1.21670189143807e-05,7.66902814481645
"ATP11B",-0.973044046748703,5.12527461791894,-6.84845901325197,1.22325225495786e-07,1.27524047579357e-05,7.61687633908697
"C20orf27",1.21830961323738,4.01145924128352,6.84488346168256,1.23534821740103e-07,1.27816743004929e-05,7.62997625617367
"DENND6A",-0.709647071474212,4.46869736236974,-6.8362153600198,1.26517757336395e-07,1.29515746207463e-05,7.59236475202405
"ZNF506",-1.01037328550107,4.66699504057436,-6.83466401750721,1.27059267044601e-07,1.29515746207463e-05,7.58513677861163
"THAP4",0.855294645277037,4.7301018615907,6.82167658831489,1.31685760471211e-07,1.32867743482565e-05,7.55503430563591
"CLUH",0.892516773338391,6.27587334687701,6.82004543017352,1.32278765039687e-07,1.32867743482565e-05,7.54310953862
"N4BP2L2",-1.02771052447506,6.72426952584377,-6.81606120550648,1.33738622141137e-07,1.33360665165521e-05,7.53432307594206
"SLC38A9",-0.962042107221629,3.7609505191681,-6.80813303806398,1.36692315322448e-07,1.35325392169223e-05,7.52945366310875
"SBF1",0.981030631483752,9.0516778783314,6.77255769507146,1.50781602396305e-07,1.46275498070888e-05,7.44034022527349
"ZFP14",-0.792506851127369,4.67867747696912,-6.77217251161387,1.50941942635463e-07,1.46275498070888e-05,7.4172316848971
"SLC30A7",-0.928735502749751,4.15205004002286,-6.76659718895849,1.53282214990957e-07,1.47504654579759e-05,7.41124893126998
"TELO2",0.828570326864101,4.71077302394383,6.75191220984339,1.59623733571908e-07,1.52540430394655e-05,7.36826567880032
"FAM208A",-0.726882341323691,6.47779448862109,-6.74485326289732,1.62765963077073e-07,1.54470511579559e-05,7.339881146321
"TRAF7",0.954050238443114,5.57101522853765,6.72436162777869,1.72247108756842e-07,1.60876948840609e-05,7.28563456831434
"PSMB10",1.29118733856839,2.64364679824539,6.71724294947821,1.75670109559287e-07,1.60876948840609e-05,7.27555659932146
"NRAS",-0.825668174202136,4.68284273359964,-6.7170717148672,1.75753290238102e-07,1.60876948840609e-05,7.26890818736107
"PINK1",0.82573826924328,7.63183702038805,6.71678121881858,1.75894495793604e-07,1.60876948840609e-05,7.2781768734417
"ATR",-0.853117872502909,5.664666169745,-6.71547486378008,1.76530915448964e-07,1.60876948840609e-05,7.25636401481216
"SNX13",-0.765112037949396,6.25713558759328,-6.70321380768583,1.82618973157107e-07,1.65330242737826e-05,7.22561537270032
"SEC63",-0.76499432184817,5.73592806057303,-6.67742943758489,1.96124651919289e-07,1.76396819285055e-05,7.15361169904963
"NDUFA1",1.56006414457896,2.51002013668792,6.67262180311551,1.98752565979246e-07,1.77599614314312e-05,7.14369485753898
"THAP9",-1.79814459541344,2.63010919014322,-6.67017207443823,2.00105297861331e-07,1.77654774443212e-05,7.16699625726731
"LSM8",-0.811634267198836,3.26374219417411,-6.66424071697103,2.03419300927313e-07,1.7943929487569e-05,7.15324152861807
"ZSWIM4",0.794085995021482,3.28093852346536,6.65427588494789,2.09112473385726e-07,1.82166292710312e-05,7.12881287638346
"ZNF644",-0.968290549471667,5.90335325132602,-6.65419678559519,2.0915830425281e-07,1.82166292710312e-05,7.09137917254199
"LAGE3",1.37876817860818,2.32297520835118,6.65066084928249,2.11217475782283e-07,1.82802747436477e-05,7.07863768837115
"DYNLRB1",1.09402202213612,4.56369696012109,6.64559815823903,2.14201535037534e-07,1.84226707728219e-05,7.0867754225746
"TOR1AIP2",-0.636327989567332,6.40383983346041,-6.63984347072596,2.17645326503794e-07,1.86025921616069e-05,7.05571785687027
"TMEM160",1.52873316416346,3.05947273737987,6.63724297467583,2.19219877231694e-07,1.86215106826256e-05,7.07924534779261
"SPCS3",-1.02085821424514,5.62253555248933,-6.63159937198514,2.22676743304347e-07,1.87968681331335e-05,7.02990806820979
"NELFB",1.04689256374329,5.90498324288552,6.62943646724997,2.24016159714694e-07,1.87968681331335e-05,7.02917862644241
"NT5C2",-0.717366830429842,5.55156944756294,-6.61110501632728,2.35700684707898e-07,1.95797696057728e-05,6.97428739299261
"CPTP",1.27086767097373,4.41266350464898,6.60866701886207,2.37300461675674e-07,1.95797696057728e-05,6.99174293323992
"INTS1",1.04326302858127,7.70656240994288,6.60818946515651,2.3761510966965e-07,1.95797696057728e-05,6.98710404057
"CHID1",0.779515212022097,4.54377986501792,6.59512859506921,2.46386200535375e-07,2.01816696759958e-05,6.9486761903364
"SNRNP25",0.887250726458346,3.65980010441297,6.58452933073967,2.53744504492687e-07,2.06614090315022e-05,6.9388106136119
"GDAP2",-0.705036024018731,5.783082435726,-6.57933522686431,2.57431174506111e-07,2.08382964257564e-05,6.88814889553916
"TBK1",-0.909248956856814,4.12597659210716,-6.56853676755727,2.65270087540903e-07,2.11060377618164e-05,6.87907669590921
"ZC3H7A",-0.583118314816188,4.90288082537007,-6.56800957806156,2.65658913576925e-07,2.11060377618164e-05,6.86316652691718
"C16orf13",0.903947150003943,3.47813012895645,6.56753823776227,2.6600703643657e-07,2.11060377618164e-05,6.89634150366922
"EPN1",1.03474909305285,7.03834371896261,6.56636736991432,2.66873815170122e-07,2.11060377618164e-05,6.86620315771536
"RWDD1",-0.798519872959283,4.5796754018092,-6.56237449325005,2.69851233887241e-07,2.12195590258419e-05,6.85303768083555
"C1GALT1",-1.19172120997801,4.57454919986706,-6.55173910886459,2.77946858068622e-07,2.17319699652404e-05,6.82443772601509
"GPS1",0.723063049082808,5.59980117267093,6.54726643182265,2.81424421025218e-07,2.17713543438414e-05,6.80550653738262
"SMARCAD1",-0.827617275800227,5.04868689689213,-6.54702320948385,2.81614786222205e-07,2.17713543438414e-05,6.80423356760398
"SIGMAR1",0.846773182510096,3.45823517171681,6.54214910497649,2.85457226889484e-07,2.19421489360894e-05,6.82836080098244
"GAS6",0.736671179945911,5.95901434704919,6.54019438236184,2.87013066528312e-07,2.19421489360894e-05,6.78593363571849
"PEPD",0.874000786353104,4.71624972416384,6.53171920012356,2.93858620839652e-07,2.23413728252732e-05,6.77489199681812
"QSER1",-1.13731713815146,5.89294464019337,-6.51895074740122,3.04485070323785e-07,2.30087456273191e-05,6.72510852990588
"FER",-0.586756726957984,6.2110845286782,-6.51630675852116,3.06733628858249e-07,2.30087456273191e-05,6.71917905587286
"CHRNA4",1.19296323828525,4.94876774983806,6.51523166527851,3.07652728393774e-07,2.30087456273191e-05,6.72875937118162
"PRKAA1",-0.732815653008126,4.77949433905552,-6.51234147485041,3.10137389523769e-07,2.30691925256031e-05,6.7140385156254
"C1orf233",1.8033227194101,4.06162151033601,6.50653821132034,3.15187836338894e-07,2.33188162142985e-05,6.72835287487689
"ZBTB25",-0.690845817524798,4.67683338795711,-6.50083277388684,3.20234227405943e-07,2.35654716755785e-05,6.68463403961073
"IREB2",-0.789604289864219,5.44614730202322,-6.49035748312858,3.29713199940502e-07,2.40062610813823e-05,6.64703197495805
"CRAT",0.882340531336464,5.41144423005332,6.47476713636937,3.44348768281442e-07,2.4939912633268e-05,6.61084185828012
"GSTP1",0.910876219450125,5.88711270654385,6.46780644987291,3.51093612731993e-07,2.52952837947904e-05,6.59035785453235
"ZNF781",-1.14516863776593,3.08863395798251,-6.45045806904892,3.68491208249333e-07,2.64104558162452e-05,6.5842051633595
"MOB1A",-0.904252257003684,5.04049183022677,-6.44309114529349,3.76140258864822e-07,2.68189953483877e-05,6.52207318063535
"ANAPC4",-0.940503714748616,4.04746420336019,-6.4363577014491,3.83271897559669e-07,2.71866215583433e-05,6.52360042838424
"MRPL4",0.894984362926339,3.5099071812279,6.43420973884686,3.8557551678832e-07,2.72097676232003e-05,6.53855736979101
"PFKL",0.901627656936704,7.2504509721678,6.42899414966717,3.912274826114e-07,2.74677621847728e-05,6.49642699771579
"C1orf35",1.1365500627616,2.99924844438354,6.4208918385884,4.00174257930892e-07,2.79532891542487e-05,6.50772278159921
"TMEM151A",0.995557377375608,5.95121076491443,6.41802086320767,4.03393841856818e-07,2.80358720090489e-05,6.45555499481739
"PGP",0.910561066066944,5.09585365619424,6.40435962502852,4.19076281770922e-07,2.89448042526468e-05,6.42335502963171
"ZNF773",-1.03642360700387,2.91016460726976,-6.40299285217708,4.20678791550714e-07,2.89448042526468e-05,6.45940464237235
"ANAPC15",0.96779310761633,2.57974150632479,6.40091068539894,4.23131995145614e-07,2.8968753160193e-05,6.44823967176305
"BOP1",0.928118519125046,4.34050293229708,6.39791689565285,4.26684629809725e-07,2.89703008789954e-05,6.42137217991771
"FAM200B",-0.749367646238622,3.59782851019448,-6.39542739296388,4.29661786998256e-07,2.89703008789954e-05,6.42494921218653
"C1orf101",-1.31022676426708,1.71306870685585,-6.39005896599441,4.36153441931665e-07,2.89703008789954e-05,6.38267994340231
"EHMT2",0.771634791211843,6.49575232136973,6.38761807428563,4.39137725750075e-07,2.89703008789954e-05,6.3745870843132
"ZBTB43",-1.31520296757581,4.18282563702395,-6.38684185298646,4.40091066974694e-07,2.89703008789954e-05,6.38620621733804
"RNF138",-1.00104733162857,3.65294140065675,-6.38389441747042,4.43730140864855e-07,2.89703008789954e-05,6.39214895486271
"CCDC91",-0.691208655946281,4.86781731544003,-6.38345072318959,4.44280578314141e-07,2.89703008789954e-05,6.36224507529001
"FBXO2",0.953433995313238,6.8054554421727,6.38160766188371,4.46574434843827e-07,2.89703008789954e-05,6.36214283725134
"ZNF865",1.18932307470835,4.69778498801998,6.3811819089147,4.47106022130909e-07,2.89703008789954e-05,6.3698250908857
"C19orf70",0.779268194115016,3.29296858528358,6.3810839960019,4.47228364781528e-07,2.89703008789954e-05,6.39933660358337
"SLC35F5",-0.86566406998928,5.42646404846164,-6.37917801776731,4.49616642915984e-07,2.89703008789954e-05,6.34445874256477
"THOP1",0.724409899007818,5.43791509647274,6.37789929432839,4.51226160776659e-07,2.89703008789954e-05,6.34605649485126
"FAU",1.07427141255571,4.92339077433267,6.37764669638336,4.51544791476349e-07,2.89703008789954e-05,6.35485503309795
"CDH4",1.00759860406402,5.78175931149641,6.37564758111543,4.54074536637281e-07,2.89703008789954e-05,6.34012978436883
"STRN4",0.922525658816185,5.99559819453159,6.37512884129228,4.54733303529032e-07,2.89703008789954e-05,6.3381860467828
"G3BP1",-0.69517170314755,6.35628164567712,-6.36529313413887,4.67408389073997e-07,2.96405845255635e-05,6.30971309364646
"ABHD13",-1.02031312352722,4.14672725334074,-6.36043360111336,4.73801926944992e-07,2.9908203287569e-05,6.3150767460792
"BCKDK",0.807603267241982,4.71964986012191,6.35809542285426,4.76909606974405e-07,2.99669091396109e-05,6.3031315727668
"PCNXL4",-0.766217893705594,5.43971802458674,-6.35460454273966,4.81587712542838e-07,3.01233114195545e-05,6.27726474593685
"ADIRF",1.32792871612106,3.65445609390001,6.35134643640824,4.85995697329532e-07,3.02614786920891e-05,6.31616143444417
"IFT88",-0.977844756196606,3.89365128318906,-6.34708287957747,4.91825613432495e-07,3.0406667656221e-05,6.28573968488052
"ATG4D",0.852364730418107,3.79375168405112,6.34379936017137,4.96363556514613e-07,3.0406667656221e-05,6.28835095058361
"NPAT",-0.718369083468294,4.87460748843262,-6.34328583698798,4.97077079038436e-07,3.0406667656221e-05,6.25264861264582
"MRE11A",-0.816814844754964,4.45611726889032,-6.3432219502821,4.97165919820488e-07,3.0406667656221e-05,6.26065546252914
"PPIG",-0.75401618405353,5.79983357699811,-6.33833263016261,5.04012805446339e-07,3.06890275033056e-05,6.23239505677352
"ZBTB44",-0.780150753655881,6.26259963281244,-6.33579774381353,5.0760001112855e-07,3.07276132865793e-05,6.22832926945122
"EIF3G",0.758952373235021,4.98531966330883,6.33473443283678,5.09112406753875e-07,3.07276132865793e-05,6.23422221159078
"DBP",0.88374610405502,3.99576445763358,6.33250089433145,5.12304108994323e-07,3.07836535216041e-05,6.25274327202027
"RPP25L",1.02017659357809,2.62481446109874,6.32948947529937,5.16639413839322e-07,3.07836535216041e-05,6.26047324235989
"ACTR1B",0.695561286115683,6.31066113219884,6.32941162588284,5.16751977580884e-07,3.07836535216041e-05,6.21397278576169
"ZNF891",-1.17698015061459,4.9536988706352,-6.32782836643467,5.19046620629736e-07,3.07870713210595e-05,6.20954606054668
"RBM7",-0.907876806337083,3.21722535624604,-6.32460064137117,5.23756541796259e-07,3.08079470759443e-05,6.24343902928563
"CCDC85B",1.42540617182274,4.88031606356098,6.32451905984391,5.23876143868249e-07,3.08079470759443e-05,6.21441798584545
"MLST8",1.09516850462678,4.69607354770436,6.3170023982283,5.35015093758518e-07,3.13291178945148e-05,6.19420685884044
"GEN1",-1.28518161107806,2.19766617383322,-6.31174018475044,5.42955242119926e-07,3.1659352062764e-05,6.20978382224646
"MYH14",0.882630629113715,6.89702360737983,6.30815878424807,5.48427174160125e-07,3.17349867721421e-05,6.16296755060056
"SLC25A6",1.07850509090886,7.46020761727951,6.30683446500676,5.50464643670582e-07,3.17349867721421e-05,6.16759335354091
"ALKBH7",0.986714413792071,3.60097680593706,6.30487834885982,5.53488128040198e-07,3.17349867721421e-05,6.18915934422245
"TRDMT1",-1.15939382166446,3.60985236341893,-6.30446471889945,5.54129603040658e-07,3.17349867721421e-05,6.17852243116434
"BLOC1S1",1.01513702882597,3.34955383158711,6.30202665974378,5.5792593352889e-07,3.17349867721421e-05,6.18710585958052
"EXOC5",-0.743153521494359,5.56045576453659,-6.29833832230601,5.6371907124771e-07,3.18498956944121e-05,6.1231152221455
"PEX14",0.793553926348386,4.11264686277328,6.29716573675481,5.65573504901263e-07,3.18498956944121e-05,6.15279068186718
"CARM1",0.665395003607,5.26698353025219,6.29507631151054,5.68893194557199e-07,3.18498956944121e-05,6.12135648128185
"POMGNT2",1.04025949865972,5.51174486430341,6.29477841507302,5.69368093948505e-07,3.18498956944121e-05,6.12110172742082
"SCAF11",-0.769747178838254,5.47810732057583,-6.2868804611415,5.82105884487003e-07,3.2430603548282e-05,6.09207193823053
"DRAP1",0.920626562796765,3.51209776002688,6.28532332946222,5.84650980704854e-07,3.24410570382238e-05,6.13829179874214
"STX7",-0.74504407592355,6.50199370467901,-6.28319962633196,5.88140247714991e-07,3.24489398843488e-05,6.08749842606888
"NEURL4",0.643794332162336,5.88655123859304,6.28236995129673,5.89509117875678e-07,3.24489398843488e-05,6.08326997109119
"U2AF1",-1.13553702772442,2.58972097640466,-6.27101472045113,6.08570537131551e-07,3.33642118168365e-05,6.10835536526417
"SIKE1",-0.943176482982106,4.01847582283827,-6.26839620886237,6.13053678712959e-07,3.33642118168365e-05,6.06838829225406
"PPDPF",1.41298024457951,4.68532603837644,6.26802245547317,6.13696293832419e-07,3.33642118168365e-05,6.06466529227243
"CCDC124",0.784517522910848,4.11693181165141,6.2657249200144,6.17661542218591e-07,3.33642118168365e-05,6.06744631142853
"CLPP",0.994645436159128,3.37655770845214,6.26537953422476,6.18259865801417e-07,3.33642118168365e-05,6.08783005161127
"C19orf52",1.06777687008915,2.41741271110706,6.26097798409732,6.25936264169717e-07,3.34753295893941e-05,6.07139406952886
"PIGQ",0.897931786907379,5.20255736438373,6.25963608690137,6.28295647690177e-07,3.34753295893941e-05,6.02710770837099
"SPAG16",-0.781971566094025,4.40284070980112,-6.25878999308205,6.29787900776539e-07,3.34753295893941e-05,6.03183809517288
"ATP13A2",1.07090643919474,7.07033340670228,6.25864191039402,6.300494414398e-07,3.34753295893941e-05,6.03068352205446
"CLEC11A",1.66029609101789,1.30900737644522,6.25252312197489,6.40952739790031e-07,3.39236563548101e-05,5.89815081077921
"SIVA1",0.710398427061777,3.60958728698324,6.24111254299214,6.61797156766031e-07,3.48926845756987e-05,6.01448263061986
"TCAIM",-0.710998326082076,4.27918151608572,-6.2356625155338,6.71993225955405e-07,3.52527518283214e-05,5.97203038028689
"PLEKHA1",-1.01569377038417,5.8457596504675,-6.23473191747652,6.7374999860828e-07,3.52527518283214e-05,5.94954377243251
"LBR",-1.00994205628636,4.07011752982622,-6.22850015200487,6.85634326101236e-07,3.56799699473932e-05,5.95822782208981
"INTS6",-0.850255912718537,5.72325500680354,-6.22698790361658,6.88550033056294e-07,3.56799699473932e-05,5.92781524651848
"SNAP47",0.699825664317179,5.22425738390638,6.22639661082588,6.89693482014868e-07,3.56799699473932e-05,5.93446999429979
"TFAM",-0.80796027589704,3.68823717616536,-6.22494327380805,6.92512113671336e-07,3.56916074765216e-05,5.96037753423636
"TNK2",1.04937682841289,7.4958934388023,6.22353603081677,6.95252428634555e-07,3.56991368300004e-05,5.941146574877
"ZNF777",0.746758858943647,4.03053534090155,6.2208037626225,7.00604250295735e-07,3.58402047892922e-05,5.94718432093763
"SLC26A11",0.690345737532181,3.8810579413513,6.20978825739907,7.22605939663601e-07,3.6779049324788e-05,5.92139719306792
"MACROD1",0.891158478942375,2.73699642820447,6.20895310810101,7.24302184944229e-07,3.6779049324788e-05,5.94219587677087
"MRPL24",1.01659020137949,3.31872240656591,6.20068582402335,7.41311925249375e-07,3.73897444521004e-05,5.91500716744706
"TUBG2",0.976291542934193,6.07245196048005,6.19836649663883,7.46155899486817e-07,3.73897444521004e-05,5.85596426163737
"SGTA",0.790663060435267,6.16487896142254,6.19784499211811,7.47249466066455e-07,3.73897444521004e-05,5.85379340724643
"SUCO",-0.649912423674544,4.44205066707745,-6.19773039512533,7.47489986385836e-07,3.73897444521004e-05,5.86432584022705
"PRMT1",0.636333610921936,5.50124706972957,6.19657743513216,7.49914211814528e-07,3.73897444521004e-05,5.84969495198313
"C15orf41",-1.0511150329247,2.38077168406209,-6.19040994691089,7.63017414336445e-07,3.79057134970535e-05,5.89226801618243
"CCM2",0.804870053373746,5.15155637556083,6.18887683422473,7.66310304493355e-07,3.79323600724211e-05,5.83358728041743
"TMEM147",0.904631481062078,3.56906633858976,6.18677512926203,7.70847759683115e-07,3.80202007921123e-05,5.87006730360585
"PPP1R3F",0.74036173468521,5.42064109780216,6.18147196578297,7.82417851520649e-07,3.84530430527702e-05,5.80968452997783
"AP3D1",0.649760522420606,7.20821696980517,6.17962734777825,7.86483261907944e-07,3.84737138089344e-05,5.816197796382
"FNTA",-0.844594352018716,4.73530871394491,-6.17874738106046,7.88430149997784e-07,3.84737138089344e-05,5.80556245565595
"UBA52",1.27479342544357,6.09992393354672,6.17560027079949,7.95432874924027e-07,3.86782748827899e-05,5.79573937121569
"PEX16",0.785334604986782,3.90135136476488,6.17294996711532,8.01378798428124e-07,3.88301888914416e-05,5.82156730135666
"SCAF1",0.766766571007965,6.74475742872929,6.16951669782277,8.09148021630536e-07,3.90154064741725e-05,5.78187471844363
"PLGLB1",-1.31379272323525,2.89481795589275,-6.16864717053064,8.11127726604646e-07,3.90154064741725e-05,5.83062488714497
"RPL41",2.26789333057512,3.68985777189989,6.16751751861115,8.13706973191448e-07,3.90154064741725e-05,5.82809229263483
"YIPF4",-0.739532567784826,5.62985053064023,-6.16609652780873,8.16963165520393e-07,3.90355212525213e-05,5.76084929614701
"COX7A1",1.68708417924039,1.5374302163162,6.15826126217345,8.35155174309043e-07,3.97666794244524e-05,5.70451788797446
"RAB11FIP4",1.04720809814689,7.50580509597322,6.1456019781475,8.65415357184034e-07,4.10641254263305e-05,5.72854798542563
"PRIM2",-1.22179617046633,1.71394463253498,-6.14399078544156,8.69345209268874e-07,4.10641254263305e-05,5.74179073366569
"NUCB1",0.683086622117246,6.17053910920157,6.14316938109289,8.71355615470423e-07,4.10641254263305e-05,5.7034935933075
"USP45",-0.702247581136689,4.61023347097559,-6.13838723774965,8.8315350533565e-07,4.14780729929143e-05,5.69785016290038
"MKLN1",-0.725219726435429,7.41613496925906,-6.13712565117686,8.86292703253429e-07,4.14839247941171e-05,5.70394820566877
"POT1",-0.995461719385756,3.24504091119005,-6.13162596328103,9.0010955618804e-07,4.18971070708957e-05,5.72113471251528
"AP2A1",0.785570605514693,7.03639862201125,6.1311918117712,9.01209482812668e-07,4.18971070708957e-05,5.68119075198644
"TBL3",0.715620108429807,5.01251369217815,6.12737823670004,9.1092965256707e-07,4.21189091506528e-05,5.66674248956564
"SVIP",-1.00764194412073,4.18527930983656,-6.12692107813734,9.12101949487285e-07,4.21189091506528e-05,5.67756836122899
"LTN1",-0.863479826012366,5.43126497628991,-6.12463050112097,9.17998654575246e-07,4.21261898197925e-05,5.64782701393817
"ADAM17",-0.64161171973665,4.69806339552726,-6.12421480196115,9.19072917063587e-07,4.21261898197925e-05,5.65715983514186
"HMGN1",-0.915224868751963,4.42038634874293,-6.12247500154485,9.23582737729964e-07,4.21261898197925e-05,5.65876232743935
"PTPN23",0.676066343492208,6.12468412196518,6.12159494811861,9.25872460294023e-07,4.21261898197925e-05,5.64397381539796
"RB1",-0.836137755185666,4.93061956126128,-6.12094545405739,9.27565984695672e-07,4.21261898197925e-05,5.64348973359078
"AURKAIP1",0.829906619398212,3.80477409683732,6.11883054731525,9.33102181642486e-07,4.22382207946784e-05,5.67780425882719
"IFT80",-1.26368935186255,4.98020406584625,-6.11335813426775,9.47582512029803e-07,4.26264711242721e-05,5.62247026176646
"C12orf57",1.21398808504245,3.68151084923772,6.11041286399114,9.55469464728361e-07,4.26264711242721e-05,5.66309347845402
"NUBP2",0.891816597401048,3.66970426142377,6.11000243556535,9.56573768095682e-07,4.26264711242721e-05,5.65895629016336
"KATNB1",0.806759855331616,5.0902300074432,6.1092375529192,9.58635205706825e-07,4.26264711242721e-05,5.61644624210174
"FSCN1",0.749225609295613,6.39980491799983,6.10803636691175,9.61881571936933e-07,4.26264711242721e-05,5.60935392695594
"CBR4",-1.05417162749992,4.35910127681158,-6.1079832049912,9.62025505074491e-07,4.26264711242721e-05,5.620759660824
"TRMT13",-1.33872641114454,3.08954230433658,-6.10748973585117,9.63362584088991e-07,4.26264711242721e-05,5.6607118582458
"ZNF181",-0.966212583065362,3.71398245962351,-6.10304142478191,9.75500411416004e-07,4.29971197398216e-05,5.62768316401196
"FAM173A",1.68310468853895,3.36761405066528,6.10213651119598,9.77988407714859e-07,4.29971197398216e-05,5.65340019288564
"NAP1L1",-0.748648253466646,7.39885493382911,-6.10005054169014,9.83748038773883e-07,4.31126011514885e-05,5.60222490092569
"FBXL15",1.08912480118458,4.11729962313952,6.09211606899423,1.00597040328652e-06,4.39465356178595e-05,5.59783641941132
"ETFB",0.833590628377313,4.7139613239215,6.08958741179071,1.01315833875771e-06,4.41204806950786e-05,5.57045460599607
"TRA2B",-0.869685648790925,5.76361193594624,-6.08770267236832,1.01854954618229e-06,4.42153321924747e-05,5.54578669689239
"IRF2BPL",0.867938063174996,5.78944122944694,6.08137732220184,1.03685525538062e-06,4.47174264966961e-05,5.53413643077536
"USP34",-0.580669251845579,8.05872152942147,-6.08135595627143,1.03691764771058e-06,4.47174264966961e-05,5.56339031622871
"PAN3",-0.663535152121107,5.16353035516496,-6.07951353385677,1.04231211195407e-06,4.47174264966961e-05,5.52632487889671
"ZNF461",-1.01841947505264,2.66658000835004,-6.07743568765212,1.04842983693502e-06,4.48057235592012e-05,5.58905139217532
"SAC3D1",1.35994312669135,1.69549589661771,6.07369758466139,1.05952709230877e-06,4.50558797950633e-05,5.51685895614263
"INCENP",0.77799863131992,4.75343556391,6.0726110820595,1.06277473605194e-06,4.50558797950633e-05,5.52239193828337
"RTN4RL2",1.81717588222596,4.51292000802538,6.07147079536944,1.0661939392241e-06,4.50558797950633e-05,5.53849204162117
"XYLT2",0.775275981452907,4.83113663040233,6.07107609594486,1.06738004601342e-06,4.50558797950633e-05,5.5164493995046
"PUF60",0.588474063473265,5.83829678251102,6.06837264035503,1.07554000977686e-06,4.52614864664813e-05,5.49646768166193
"SLC25A1",0.9458029792483,4.52299773962512,6.06284599135134,1.09241758444682e-06,4.58315804255265e-05,5.50361597396813
"ZBTB6",-0.881021324305026,3.39204991749289,-6.0601459720821,1.10075987978366e-06,4.58902153901794e-05,5.52219793751492
"ZNF283",-0.927709030274195,3.97947113423978,-6.0593821439758,1.10313152563198e-06,4.58902153901794e-05,5.49943544406766
"KATNBL1",-0.911784865504913,4.18650637546171,-6.05831862627834,1.10644227365012e-06,4.58902153901794e-05,5.48983711339391
"ERI1",-0.864772031924858,2.9704461008028,-6.05809029226921,1.10715438627567e-06,4.58902153901794e-05,5.53026408531799
"LIPT1",-1.66359519020478,1.22676229703284,-6.05011937921003,1.13230526064125e-06,4.67917498248777e-05,5.44582608620526
"PTPRS",0.733600212400682,8.86660651483991,6.0472658062751,1.14144856762497e-06,4.70283644882851e-05,5.48418645608549
"CUL5",-0.903106512478495,5.19189715377125,-6.0447619789999,1.14953251548571e-06,4.70947489021845e-05,5.43055274994153
"DGCR2",0.831156440027925,6.84112049383984,6.04448748350223,1.1504222644871e-06,4.70947489021845e-05,5.44071813252634
"TMOD3",-0.740849086849496,4.81808870251485,-6.0435070477541,1.15360591787769e-06,4.70947489021845e-05,5.43307430545105
"DPP7",0.849133985210256,5.57919031739238,6.04254173035331,1.15674915550747e-06,4.70947489021845e-05,5.42816302426679
"H2AFX",0.875658882375861,4.37920552071762,6.03858611607519,1.16971973112444e-06,4.72348898776029e-05,5.4405159684384
"POLD2",0.679533130014141,4.44558775655905,6.03841364624696,1.17028858817545e-06,4.72348898776029e-05,5.4359094885961
"TCEA2",0.810279404724399,4.70439276320911,6.0379438399308,1.17183956454148e-06,4.72348898776029e-05,5.42894445898426
"MTERF1",-1.0775902271279,3.1995924036146,-6.0360199513364,1.17821256122366e-06,4.72348898776029e-05,5.46329108227286
"ATG2A",0.745778324431198,5.99888828736076,6.03590438087082,1.1785965057493e-06,4.72348898776029e-05,5.40848017315676
"AGBL3",-1.01889277610007,1.67489539651616,-6.03464668195738,1.18278295544857e-06,4.72348898776029e-05,5.45258343486379
"XRN1",-0.686298725637805,6.20011745898772,-6.03421631093885,1.1842189526759e-06,4.72348898776029e-05,5.40120955290556
"TTC13",-0.724278995642526,4.19774402844113,-6.03212666327655,1.19121639333713e-06,4.7281341386422e-05,5.41791718609537
"AES",1.00253338597289,7.02237265521876,6.03181746346644,1.19225532018665e-06,4.7281341386422e-05,5.40912049963523
"OBSL1",0.842329113392677,6.24474284342338,6.02892060435688,1.20203338017825e-06,4.75321303006694e-05,5.39123762547361
"SENP6",-0.650351027475715,6.61361071422646,-6.02760748064747,1.206492281895e-06,4.75717486852637e-05,5.38867855726877
"CTXN1",1.49257890899203,6.21350576205728,6.02535556826429,1.21417781902944e-06,4.77380027647546e-05,5.38581693707047
"RNPEPL1",1.24332532768121,4.57675054246811,6.02368011075934,1.21992797295717e-06,4.77601824476346e-05,5.39819428728756
"PRRC1",-0.586212653388162,4.44809187250871,-6.02317022878243,1.22168332400025e-06,4.77601824476346e-05,5.38627711973983
"ZNF770",-0.865953465065347,5.85320444720241,-6.01715164799545,1.24259663243787e-06,4.84401480424292e-05,5.35204334851699
"DLG1",-0.844591104831122,7.03325773162445,-6.00947483045421,1.2697964464392e-06,4.92538631226887e-05,5.34685697718765
"ZNF598",0.872902346283031,4.11320937851762,6.00924256064345,1.2706286903971e-06,4.92538631226887e-05,5.36891947463354
"NBN",-0.758432503266301,5.05112873757428,-6.00698846642585,1.2787339220577e-06,4.9428813206281e-05,5.32850194144735
"CNOT2",-0.829572264651022,5.07176343370584,-6.00254188602953,1.29487594257198e-06,4.99125709964509e-05,5.31597982266219
"SH3GL1",0.805244570996633,5.66995462210888,5.99870883625037,1.30895542233797e-06,5.02686900945603e-05,5.30669170527648
"DDTL",1.26465015538935,2.55496414257908,5.99804196610134,1.31142066302937e-06,5.02686900945603e-05,5.37706020157567
"APOA1BP",0.716554117558716,4.28979979399711,5.9940972886469,1.32609906464003e-06,5.06901367458652e-05,5.31996916409448
"KIAA2013",0.814096399759115,5.0306323560123,5.9929555627284,1.3303783110159e-06,5.07128419332127e-05,5.29840983898799
"METTL4",-0.965960761390059,2.86729324403017,-5.989240620855,1.34439862746431e-06,5.09912328926628e-05,5.34690253115942
"NR3C1",-0.715681041750091,5.64366404703932,-5.98905778838559,1.34509247438679e-06,5.09912328926628e-05,5.27427782611695
"PSMC3",0.618654839138055,4.96069058991949,5.98664246854737,1.35429252112869e-06,5.11989543495933e-05,5.2805169470358
"MAP2K2",0.743867337189452,6.02930062012199,5.97842841238076,1.3860572651326e-06,5.21180809619811e-05,5.25050567593913
"CRIPT",-0.756006260756541,3.85918662427878,-5.97771550604258,1.38884931229236e-06,5.21180809619811e-05,5.28040481899196
"CLPTM1",0.817958218446677,6.26065784458627,5.97743052948509,1.38996698735899e-06,5.21180809619811e-05,5.24962247279483
"RAD17",-0.798306772068977,3.69195232108664,-5.96886705581426,1.42397893206212e-06,5.32482991415945e-05,5.2623462076672
"AMPD2",0.838926732497126,6.25351241659862,5.96777251025594,1.4283861988291e-06,5.32683536099925e-05,5.22310825771012
"DENND4A",-0.673102451887477,6.72089710993972,-5.96596125235619,1.4357095647579e-06,5.3396754920631e-05,5.22108007897279
"PGGT1B",-0.835596805371652,5.03281733621179,-5.96423409855752,1.44272810507943e-06,5.34421809631338e-05,5.21115838090758
"EIF5B",-0.774474811780701,5.79606522965947,-5.96375082087813,1.44469815553272e-06,5.34421809631338e-05,5.20476456846695
"TRIM28",0.599637105956826,5.9883201290859,5.96107590632237,1.45565138460815e-06,5.36197492930702e-05,5.20171965829373
"SAR1B",-0.661757446247181,5.83773957252612,-5.96067715293522,1.45729134769335e-06,5.36197492930702e-05,5.19634959474452
"RNF208",1.42179440698324,4.86373554141616,5.95902857898716,1.46409125596305e-06,5.372629272882e-05,5.21518785677752
"CARNMT1",-0.794034046990582,3.69610596534762,-5.95781807204025,1.4691046021974e-06,5.37668841245702e-05,5.2320130116046
"KCNJ11",1.13149427097321,3.9926282108315,5.95473793404872,1.48193919337605e-06,5.40560334014705e-05,5.22721405440791
"TBRG1",-0.754296079782793,5.60585047504747,-5.95371534723075,1.486225123431e-06,5.40560334014705e-05,5.17699476394881
"NOC3L",-0.820227275422076,3.29609132675042,-5.95283436445474,1.48992756428729e-06,5.40560334014705e-05,5.23378275619361
"NR1D1",1.3994513895277,5.04278982937487,5.95217184103628,1.49271802140533e-06,5.40560334014705e-05,5.19263824273769
"KMT5B",-0.719216239027286,5.49732401179731,-5.94407117523135,1.52726561513224e-06,5.51619478473352e-05,5.15074946403237
"ZNF571",-0.995359884198802,3.20890447959213,-5.9410823368859,1.54021478832319e-06,5.54840201626056e-05,5.20493368597353
"WDR11",-0.707899083343654,5.69635352984867,-5.93541020634488,1.56509420184387e-06,5.62330582547609e-05,5.12648055985199
"FAM73A",-1.06337899514362,5.61033568427659,-5.93422343595931,1.57035066757638e-06,5.62749883763505e-05,5.12370735436845
"DPM2",0.849693919167214,3.60248642376058,5.93187752163732,1.58079360338243e-06,5.65020799380406e-05,5.17624107848556
"REEP6",1.33711480146901,2.85702100757018,5.92644554990907,1.60524351765081e-06,5.72273472704476e-05,5.18609934001435
"HDAC2",-0.8402948141352,4.47297023842515,-5.923929063718,1.61669923928353e-06,5.74868171363842e-05,5.11260383574034
"TOMM40",0.588235563889288,4.55327186529044,5.92075189675774,1.63128022304207e-06,5.78557916218606e-05,5.10929550187177
"ULK1",1.04761646372958,6.84492175073131,5.91773797494978,1.64523440796648e-06,5.82006958561097e-05,5.09327918092245
"RHBDL1",1.10085348349628,3.20888575396536,5.91637865752093,1.6515671950888e-06,5.82749132605563e-05,5.15101207480063
"PPP4C",0.647509427052152,3.7598960867797,5.91480291751932,1.65893897742975e-06,5.83088731533183e-05,5.1216290422626
"UBA5",-0.918654026904078,4.22879682102193,-5.91386550313266,1.66334019116129e-06,5.83088731533183e-05,5.09231645000585
"CEND1",1.32135836157278,5.85400241148043,5.91346133318277,1.66524141772067e-06,5.83088731533183e-05,5.0761237616866
"DHX36",-0.809520295632432,5.12367436495883,-5.9114417175334,1.67477458240528e-06,5.84938401738047e-05,5.06439278709605
"ARL13B",-0.709018474317235,2.64372468335403,-5.90505198373591,1.70529945230765e-06,5.94091791473559e-05,5.12530378633347
"GTPBP10",-1.07475543995008,3.57613307282501,-5.90145168685349,1.72274480639121e-06,5.98653820220944e-05,5.08254070674079
"FBXL3",-0.664765374892746,5.48248872947925,-5.90000361280966,1.72981206547869e-06,5.99595562545398e-05,5.02933464018523
"UBE3A",-0.8465215544143,6.31379220587064,-5.89270718238144,1.76586854766412e-06,6.10555705638342e-05,5.01313416403178
"HEATR1",-0.67226370051935,5.2939683627967,-5.89083121511925,1.77526060527332e-06,6.122646914578e-05,5.00547819240246
"SREK1",-0.73124150837168,5.8085819351103,-5.88836518561504,1.78768336931109e-06,6.15007771127247e-05,4.99696660055822
"DERL2",-0.753859560288279,3.49390281572846,-5.87982044981341,1.83140891956099e-06,6.27771050766362e-05,5.02689623983618
"ZDHHC8",0.90328636699285,5.92300576159845,5.87933847389008,1.83390714634167e-06,6.27771050766362e-05,4.97837798084038
"ANGEL2",-0.758346414605696,5.32510640483219,-5.87821190805541,1.83975986599505e-06,6.28211799403422e-05,4.97040254875587
"ZYX",0.765339900005531,5.03158021625367,5.87488618715551,1.85714752229349e-06,6.325793825317e-05,4.9730778645846
"CLIP2",0.777327621617068,7.01568765536827,5.87223570490323,1.87112325183884e-06,6.34338828585697e-05,4.96986398295333
"MOB1B",-0.958337581833507,6.13205231514615,-5.8721584235253,1.8715323334481e-06,6.34338828585697e-05,4.95462116579466
"SOAT1",-0.882644753663367,4.16129336372981,-5.86780559969396,1.89471952301347e-06,6.39049886181087e-05,4.96807755591063
"C8orf59",-0.83913917633158,2.32481520425927,-5.86625828126698,1.90303146374096e-06,6.39323273308453e-05,5.02549868449164
"TBC1D17",0.714413032019918,6.06502402371731,5.86592587066216,1.90482190288835e-06,6.39323273308453e-05,4.94058956363041
"SRM",0.987073692927382,4.43976794080949,5.86408528599803,1.91476644098423e-06,6.4109734779523e-05,4.96128189076798
"UGGT2",-0.908989487976996,5.20447905226143,-5.86239245354273,1.92395881284814e-06,6.42611583097167e-05,4.92817759048196
"GRINA",0.993086669704928,5.84898225932058,5.86150882014683,1.92877472537051e-06,6.42660266242703e-05,4.93006178660502
"LRFN3",1.15437668158892,5.07543672129103,5.8567419554345,1.95496479216171e-06,6.47468363295894e-05,4.92632747819585
"MYEOV2",0.96373008460918,3.32279471741693,5.85632621678447,1.95726584025891e-06,6.47468363295894e-05,4.98264990850195
"RNF123",0.769505198010922,5.57259485214608,5.85627926701962,1.95752587107213e-06,6.47468363295894e-05,4.9148575394346
"DAGLA",1.20053004597039,6.67155535596943,5.85546785902076,1.96202534332089e-06,6.47468363295894e-05,4.92029165980802
"ZER1",0.696459277237723,7.29105934117041,5.85353664013414,1.97277637855157e-06,6.49458749886318e-05,4.92336218649798
"SMARCA4",0.805263944637182,6.94004388522595,5.84796386708636,2.00413339620417e-06,6.56639992027752e-05,4.90187063471233
"ATF6B",0.668906561075616,5.84798510857113,5.84558231913391,2.01768648384914e-06,6.59510301763612e-05,4.88357468647816
"PMVK",0.883494948833026,4.28028690844428,5.83431780011229,2.08305206423704e-06,6.77656724727326e-05,4.88411292452051
"MIF",1.23327193472433,5.47856120178914,5.83109644932332,2.10213376225876e-06,6.81145927359631e-05,4.85121389011161
"FASN",0.881164409844626,8.97458053976258,5.82958212231673,2.11116457179454e-06,6.81145927359631e-05,4.89257914039844
"TRAPPC9",0.643255915867158,5.93857813832592,5.82884866131938,2.11555264789909e-06,6.81145927359631e-05,4.8374176874352
"HGS",0.640591247154047,6.13592907355289,5.82530385474411,2.13688986636986e-06,6.85448518674023e-05,4.82852706353647
"IBTK",-0.726849874780407,5.58375990852713,-5.82395755457595,2.14505025949699e-06,6.86465967928792e-05,4.819137745139
"ARRDC1",0.937555159111265,4.20563230016091,5.82191994635398,2.15746059271057e-06,6.8883561986752e-05,4.85341709270039
"GUF1",-0.919485842046574,4.4224426651329,-5.817749963088,2.18308412630879e-06,6.95403256067946e-05,4.82186605591597
"DNAAF5",0.6517667272149,4.35526209549289,5.81669017360501,2.18964493123214e-06,6.95882307128995e-05,4.83031689400865
"G2E3",-0.954114074597945,3.75450319653632,-5.81036771347107,2.229199461209e-06,7.06820594140485e-05,4.82580092037207
"RPLP1",1.10775258631814,6.53192531552461,5.80555713507064,2.259776291545e-06,7.14868541332202e-05,4.78059472760051
"CCDC106",1.15290619274006,4.71147142032214,5.80215941696335,2.28162667805973e-06,7.19174691979657e-05,4.78471516484187
"TMEM198",1.18666230240102,3.93119607764012,5.80181694212952,2.28384085746029e-06,7.19174691979657e-05,4.81251808137419
"XAB2",0.814252125213263,5.31369061146138,5.79822258430906,2.30721001653377e-06,7.21599343233648e-05,4.75797757509792
"NOP10",1.23413441308657,1.64623059471453,5.79821308720561,2.30727208068313e-06,7.21599343233648e-05,4.80359022914953
"RPS11",1.16483270801414,6.33026616944687,5.79680263330331,2.31650815429358e-06,7.22845095492833e-05,4.75493197307896
"RICTOR",-0.876818537408243,7.02876678647625,-5.79397335685226,2.3351473861992e-06,7.26617110850336e-05,4.75401144097024
"KIAA1715",-0.801564109433897,5.43233987920829,-5.79290751482459,2.34220819621719e-06,7.26617110850336e-05,4.73410995141616
"RPS15",1.01493987058359,5.22409907913194,5.79257172023547,2.34443715731087e-06,7.26617110850336e-05,4.74546004435378
"POLI",-0.940191451710921,4.556611370975,-5.78696584869253,2.38196494808978e-06,7.36589205632887e-05,4.73317668870776
"MTCH1",0.738890903789143,7.40472667847905,5.78568266723455,2.39063968488168e-06,7.37614186180646e-05,4.73893977251829
"FPGT",-1.02816211830851,2.8171010358596,-5.78303476540221,2.40864096556535e-06,7.41505779130755e-05,4.78992137234352
"IFNAR1",-0.671170091842891,6.22538661422814,-5.78075006568934,2.42428261933992e-06,7.43172141262582e-05,4.70289138956912
"KEAP1",0.715654447819434,5.18309660877441,5.78066674773767,2.42485496277087e-06,7.43172141262582e-05,4.71024948591512
"CAPN7",-0.807597431056152,5.0034395443484,-5.7768482017064,2.45123241374092e-06,7.49586872121975e-05,4.69504715040184
"PAG1",-0.658422510063071,5.29004519295273,-5.7752501653585,2.46235668559163e-06,7.51319076506129e-05,4.68652655072616
"MESP1",1.43598427376364,1.74811739688465,5.77372996700654,2.47298623453984e-06,7.52309700053175e-05,4.74298801547971
"MYBBP1A",0.757069936665145,5.51707567204766,5.77322357487424,2.47653727290232e-06,7.52309700053175e-05,4.68593853923097
"TMEM87A",-0.897823337678677,4.29100859566634,-5.77024279619603,2.49754395418347e-06,7.55356095681729e-05,4.69523764358814
"PLEKHO1",0.804927658289317,4.82795196096071,5.76811648867352,2.51263827964805e-06,7.57364699486574e-05,4.68385890285207
"REXO2",-0.858757145597025,3.19475883513782,-5.76775792371685,2.51519270158684e-06,7.57364699486574e-05,4.73334153755549
"APPL1",-0.666354588895005,6.11401466993423,-5.76662797278401,2.52325958438589e-06,7.57867772226898e-05,4.66269128682494
"PIK3CA",-0.741942337279453,5.43762934197084,-5.76598267649656,2.52787811534152e-06,7.57867772226898e-05,4.65963827038935
"HOMER3",0.783819603875457,5.00812850634788,5.76384386045448,2.54324697947137e-06,7.60817862706642e-05,4.66771555558163
"POLR2E",0.773092234914586,5.45422513214571,5.76040735529829,2.56813766833216e-06,7.6552355836325e-05,4.65115101648712
"RUVBL2",0.752899984632535,4.97119200623863,5.76013743221426,2.57010307364161e-06,7.6552355836325e-05,4.65807754032116
"CAPZA1",-1.0258132831694,4.98262214168779,-5.75827986468317,2.58366976441114e-06,7.67288293414582e-05,4.64436377252786
"THEM6",1.08364357815511,5.00138129568106,5.7578009072781,2.58717947928469e-06,7.67288293414582e-05,4.65446372796012
"ECHDC1",-0.73666589293959,3.6660143075267,-5.75629020756232,2.59828106015083e-06,7.68923562768507e-05,4.68146508398637
"ARL5A",-0.769810472467467,5.63254907109777,-5.75520059525002,2.60631794804831e-06,7.69638584494395e-05,4.62913860247076
"VAMP5",1.38318931925618,2.67702863753208,5.75444808419357,2.61188299512304e-06,7.69638584494395e-05,4.72604994832112
"MBNL1",-0.731525201836763,6.49837928261928,-5.75067881281859,2.639938239685e-06,7.76243378553532e-05,4.6238681806083
"ZNF260",-1.36639414392424,3.81723724275319,-5.74881420250549,2.65392864241746e-06,7.77083240249688e-05,4.65499690065281
"FBXL14",0.903114464576808,4.59544264033785,5.74879294991594,2.65408853220953e-06,7.77083240249688e-05,4.63834518214032
"PICALM",-0.802503093781723,7.18563874955781,-5.74330981655136,2.69566514681965e-06,7.87259184814778e-05,4.6177772070217
"PANK3",-0.802528940491675,7.10594606323812,-5.74270569561657,2.70028584574214e-06,7.87259184814778e-05,4.61429229501755
"NR1H2",0.764841150184233,5.39767935582905,5.74052798972178,2.71700851345497e-06,7.904599186819e-05,4.59679947367456
"PLOD2",-1.031232010074,4.20327465778476,-5.73805386392831,2.73613379128325e-06,7.92672360038922e-05,4.60967403515866
"PRMT3",-0.633285063824386,4.02487788206424,-5.73512346652112,2.75896128670876e-06,7.97606434168051e-05,4.60875260947434
"CELSR2",0.83969988263967,9.83446665259467,5.73296453897218,2.77590152763671e-06,8.00821402972931e-05,4.64747570928535
"CCDC173",-0.993490979396285,1.75538853607426,-5.73039115310159,2.796230532434e-06,8.04998501188793e-05,4.65543834154139
"DCAF15",1.04806840293195,3.66211830103845,5.72962162585763,2.802338597837e-06,8.05072681520564e-05,4.6246164204402
"ZC3H14",-0.645851881083711,5.88619970533258,-5.72732508506273,2.82064708831943e-06,8.08644262132576e-05,4.55250597945085
"MPV17L2",1.09410767257998,2.06526238653386,5.719851984973,2.88106065902654e-06,8.20703169353933e-05,4.62673165888787
"SUPT5H",0.583014690175415,7.15798069121609,5.71891525817477,2.88872446998509e-06,8.20703169353933e-05,4.54981219342332
"PLPP7",0.742664193562784,3.48864713626478,5.71885044827449,2.88925546823419e-06,8.20703169353933e-05,4.59882374162032
"PELP1",0.712000594924376,5.79198291397193,5.71845106074777,2.89252988254238e-06,8.20703169353933e-05,4.53297339219753
"CACNG7",1.08221952251142,6.20321287523402,5.7105975325215,2.95768105806058e-06,8.37461914402707e-05,4.51527876287415
"SHISA4",1.31121435923301,5.03329411425332,5.70787016257518,2.98065016711768e-06,8.4223258623627e-05,4.51904568220395
"MRPS10",-0.836535536712168,3.6219753485767,-5.70610179488944,2.99563857182904e-06,8.44733245634005e-05,4.54555246250372
"POLR2J",0.914584888437822,3.28179475437526,5.70259717626248,3.0255673911259e-06,8.50807337383276e-05,4.5651683756006
"SHISA5",0.969342271118971,5.80838034942869,5.70213410758206,3.02954433048329e-06,8.50807337383276e-05,4.49011049804558
"AAED1",-0.979745430647908,2.35615032565951,-5.69945441107351,3.05266157150836e-06,8.55553480356956e-05,4.57685947776881
"PHB",0.791080208048001,4.82217416411045,5.69836250540533,3.06213200352837e-06,8.56463384157599e-05,4.49149308374026
"CNPY3",0.704304264682349,4.76363450088435,5.69665468931872,3.0770036642681e-06,8.58877229695606e-05,4.48741933344164
"COPE",0.723494920602093,5.25736549677632,5.69091613267445,3.12750884665752e-06,8.71207474470733e-05,4.46137892345132
"METTL8",-0.740619474118763,4.42890672604675,-5.68975648309469,3.1378157107092e-06,8.71834541282022e-05,4.469075013315
"MAPK3",0.868256197041405,6.62023613096613,5.6889912317644,3.14463588710588e-06,8.71834541282022e-05,4.45873146119345
"RBBP4",-0.62008989968752,6.36319647793464,-5.68841002335633,3.14982576411153e-06,8.71834541282022e-05,4.44955465557107
"PRKCSH",0.683184117225508,6.3532196310982,5.68771312197681,3.15606006709269e-06,8.71834541282022e-05,4.45085154876413
"PAFAH1B2",-0.668084566367639,6.52368045780575,-5.68700089372106,3.16244429367858e-06,8.71834541282022e-05,4.44832936593513
"UQCRQ",0.867216735472613,3.39840601054537,5.68526247156895,3.17808160636767e-06,8.72925768168175e-05,4.51288155312308
"LRRC8B",-0.964549398298753,6.1284767433191,-5.6829981783428,3.19856577288719e-06,8.75533250048828e-05,4.43216877225329
"RPS6KA4",0.887931774955004,4.43896532799367,5.68280719529458,3.20029957688075e-06,8.75533250048828e-05,4.46198267592224
"TATDN1",-0.855839676330166,2.93163804168428,-5.67921979864317,3.23304314817143e-06,8.82736245277522e-05,4.50337862977497
"TMEM65",-0.756306710840628,4.70813180755518,-5.6684397695997,3.33347658706571e-06,9.08355867616065e-05,4.40220345098616
"ATPIF1",0.863521871416855,4.13788877525999,5.66756674762817,3.3417461493901e-06,9.08809659323263e-05,4.43150781188086
"ANKRD13D",0.743798307307234,5.35363259753856,5.66612699020164,3.35542907751646e-06,9.10730957311716e-05,4.39167750937844
"LRRC58",-0.867721959259261,5.9487344339273,-5.66028477707059,3.41153144692205e-06,9.23400860315708e-05,4.36765925126582
"SLC35D1",-0.76842368898591,4.27879219591092,-5.6591921646552,3.42212787620375e-06,9.23400860315708e-05,4.38980881708304
"QRSL1",-0.797325399554081,3.45917391966216,-5.65918062731431,3.42223994448813e-06,9.23400860315708e-05,4.42446796198484
"HECTD2",-0.90474454307724,4.47892483797094,-5.65741904574814,3.4393944517419e-06,9.26213445213704e-05,4.37810429195665
"GP1BB",1.83293320829862,4.95935256415988,5.65587515042992,3.45450012964193e-06,9.28464380546926e-05,4.38571838854671
"HIST1H4J",2.12716615194109,2.10878608847205,5.65260324838375,3.48673353553314e-06,9.31662922277641e-05,4.43766293797255
"CEBPZ",-0.703375099710926,4.34895039742787,-5.65192207585703,3.49348207176268e-06,9.31662922277641e-05,4.36746501134212
"ZNF408",0.951983032457089,2.70388546253491,5.65062324693171,3.50638626262847e-06,9.33295577563449e-05,4.44447774734506
"SYVN1",0.614441570370027,5.55023268486741,5.64941940994138,3.51838944337741e-06,9.34682570083331e-05,4.34235585773239
"CFL1",0.916063316373505,6.673455617414,5.64496039775654,3.56320997477323e-06,9.44765558051144e-05,4.33827926884981
"TUBG1",0.878067698496112,3.72567848433377,5.64181526113401,3.59516841997495e-06,9.51406012062986e-05,4.37896964379469
"TRPT1",0.867087746116423,2.48669034712655,5.63828546446096,3.6313785466036e-06,9.59143957386028e-05,4.4146996667516
"WDR36",-0.917887047907653,3.83718161828077,-5.63746236756996,3.63987475965492e-06,9.59546294398685e-05,4.34740485679311
"RPTOR",0.711786178841266,6.72394193998996,5.63424201156179,3.67330842104535e-06,9.65466452279797e-05,4.30841073082098
"GNB2",0.680969190291533,6.08086746199231,5.63303502615621,3.68591864277116e-06,9.65466452279797e-05,4.29734452891924
"ZNF83",-0.965313411408622,5.23139416036848,-5.63284139857062,3.68794564937738e-06,9.65466452279797e-05,4.29376734738488
"NUFIP2",-0.850950947772394,7.33267879981433,-5.63242488812828,3.69230971954174e-06,9.65466452279797e-05,4.31556394459401
"GTDC1",-0.728383543393685,6.15757022740167,-5.63135798713175,3.70351206122835e-06,9.65466452279797e-05,4.28923504853618
"FAM171A2",1.27034541787885,4.98556064148658,5.63113915888761,3.70581394929959e-06,9.65466452279797e-05,4.3078111725944
"RPP21",1.08671414151377,2.05406640267023,5.6306045530973,3.71144359607596e-06,9.65466452279797e-05,4.39069539099343
"SLC39A13",0.971469191062204,4.54604271494787,5.6241511298586,3.78008271135954e-06,9.7787641578997e-05,4.29786353727159
"ATP13A3",-0.710784578020778,5.95474555968123,-5.62411520334119,3.7804683758467e-06,9.7787641578997e-05,4.26742799060612
"PTGES2",0.89612390948592,4.61197060993922,5.62210038283959,3.80216047671439e-06,9.8164221988868e-05,4.28841841938932
"EIF1AX",-0.878160144383794,5.91229468597648,-5.61575812227489,3.87126248160614e-06,9.97167610229324e-05,4.24425119563817
"PPP1CA",0.720477822388686,4.38144658344975,5.61525598589743,3.87678709012926e-06,9.97167610229324e-05,4.27560194637996
"FAM69B",0.928632985601746,4.28465500447485,5.61151980234434,3.91814276537443e-06,0.000100427057083624,4.27169345002478
"CEPT1",-1.14984011468873,3.82823986596729,-5.61121789340063,3.9215038691052e-06,0.000100427057083624,4.2757580713949
"EVI5L",0.73941155071583,6.60305988934312,5.60961274217028,3.93942244283997e-06,0.000100427057083624,4.23854652979017
"UBXN1",0.68608016968909,4.23326187361051,5.60906343454862,3.94557332187205e-06,0.000100427057083624,4.26394662090158
"ARID4B",-0.669919166705459,6.22461407702838,-5.60901729919867,3.94609036186651e-06,0.000100427057083624,4.22814947811636
"DACT3",0.841987723601798,5.97630462527119,5.60880714545813,3.94844642101204e-06,0.000100427057083624,4.23102221806791
"LRP1",0.843555135641826,10.1517899457136,5.60749693407886,3.96316725294787e-06,0.000100427057083624,4.31290082317136
"MANEA",-1.20307937711869,2.70567198238246,-5.60688304767921,3.97008350072608e-06,0.000100427057083624,4.31621996207254
"ZNF430",-0.760277172368674,3.432585571645,-5.60560549374676,3.98451573191937e-06,0.000100607194471454,4.27897664544755
"HERC4",-1.04078297243989,5.89898902246157,-5.60059611801688,4.04161562675609e-06,0.000101862037801814,4.20254445372065
"S100A1",1.21786303027331,5.23806834717532,5.59774547803629,4.07447505228152e-06,0.000102342180635298,4.20981283112926
"ARL2",0.741077390429735,4.33332246999751,5.59682978145849,4.08508714288714e-06,0.000102342180635298,4.22727379449525
"ZNF292",-0.635545069642899,6.87433757536635,-5.59662546438125,4.08745877672045e-06,0.000102342180635298,4.20564231663887
"SCAMP3",0.703347480714773,3.92291059361737,5.59637096049292,4.09041489349711e-06,0.000102342180635298,4.24250844597379
"ZNF569",-0.828483575661714,2.98890297794039,-5.59447760721766,4.11247409105043e-06,0.000102707361101533,4.26997230351564
"ZFAND2B",0.643885938310458,3.31318366898639,5.5883187013996,4.1850603202821e-06,0.000104330824397467,4.24870548677547
"DTX1",1.02198537211636,5.14764441349339,5.58736898709459,4.19636716170252e-06,0.000104423523530178,4.18023071045955
"ADRBK1",0.626370209673255,6.10412249761945,5.58588877018794,4.21405109985679e-06,0.000104674290947887,4.16667213834845
"RGS5",-1.79115998834229,6.05664211940397,-5.5846557034417,4.22883948471448e-06,0.00010485236062911,4.16330640862217
"PTOV1",0.683141545168652,6.25395518685991,5.58231833895937,4.25701505669457e-06,0.000105309886872816,4.15845991692032
"ASB6",0.668046139295389,5.32297630913724,5.5810348931438,4.27256633348808e-06,0.000105366998772633,4.15607387613136
"C1orf27",-0.766957753198827,4.54976866105428,-5.58029288478392,4.28158311910856e-06,0.000105378998893819,4.1631353088465
"PPIP5K2",-0.923699254604394,4.98812006541423,-5.57901028360611,4.29721419296568e-06,0.000105378998893819,4.14861647567776
"WDR24",0.74518378017393,4.1286688912051,5.57848076535041,4.30368413475227e-06,0.000105378998893819,4.18511355111894
"MESDC1",1.01587416941979,4.1693824724118,5.57555408251614,4.3396207482024e-06,0.000105985052136274,4.17942430753903
"DCLRE1A",-0.685298883364405,3.1855826482121,-5.57493507203217,4.34726006566496e-06,0.000105985052136274,4.20727091472181
"ZNF701",-0.776418582559609,3.99721902940912,-5.57421995649724,4.35610224197281e-06,0.000105985052136274,4.1666232923389
"PURB",-0.603758604372922,6.36170407475988,-5.57366139828307,4.36302119387919e-06,0.000105985052136274,4.13217250509128
"KPNA5",-0.831583307815066,4.8474986816947,-5.57334506210678,4.36694459423497e-06,0.000105985052136274,4.13592499176458
"LINC00116",1.4070108641558,1.18443392057336,5.57082322383643,4.39834895439711e-06,0.000106559295706793,4.16281348471839
"SCAP",0.712245334197421,6.81659321844608,5.56956371777649,4.41411833129181e-06,0.000106753396057832,4.13125623580108
"GRAMD1A",0.612373812674333,5.61690665213764,5.567432991756,4.44092496710437e-06,0.00010721327802162,4.11519604917909
"TMEM9",0.729527923246285,5.39765780519797,5.56471942553374,4.47530103784787e-06,0.000107841373625039,4.11058219995628
"PLPPR2",1.10054494110182,6.91499087780895,5.56414477458194,4.48261505076102e-06,0.000107841373625039,4.1195435212413
"TMEM94",1.13884559323244,6.61743626731152,5.5625966543429,4.50237889827968e-06,0.000108127811551879,4.11095780434415
"TMEM132A",0.999165293204317,6.5609107505879,5.56106951359791,4.52196061552267e-06,0.000108408885070048,4.10520328240711
"SLC25A32",-0.906185544975857,3.52533954285964,-5.55940243087343,4.54343434779973e-06,0.000108734260974038,4.14750801790775
"PEX1",-0.828495948339951,4.48392764327394,-5.55874019238577,4.55199303818711e-06,0.000108749958677939,4.10555231476332
"ZNF383",-1.08093102471923,2.55177995772454,-5.55146157525156,4.64713418052006e-06,0.000110638777609233,4.17173695954037
"TPRKB",-0.964653661036674,1.78730307276521,-5.55039333296269,4.66126449994059e-06,0.000110682747067033,4.17887595729496
"ADCY5",0.666971294192827,7.01733023990956,5.5500785143785,4.66543702682114e-06,0.000110682747067033,4.08107907114479
"TMEM8A",0.965418786522916,5.20833158238914,5.54859540548721,4.68514426827226e-06,0.000110682747067033,4.0712655092655
"GPX4",0.652185491047615,5.37590279408329,5.54838885642076,4.68789546952107e-06,0.000110682747067033,4.0649682223864
"TRMT61A",0.910060159799018,4.54432559901839,5.54829117631362,4.68919711794784e-06,0.000110682747067033,4.08778336604691
"LRRC8C",-0.752186757823271,4.65443052026059,-5.5474434483964,4.70050886759356e-06,0.00011075976460095,4.06934536240747
"COG2",-0.605969308725321,4.66582587189815,-5.54190958070966,4.77502657758404e-06,0.000112239425315341,4.05397204365923
"ZMYM1",-0.900499314150831,3.04081550034519,-5.54157155807265,4.77961654202382e-06,0.000112239425315341,4.12306512326152
"KCTD9",-0.811553142371394,3.80377936262635,-5.53924203531687,4.81136946199552e-06,0.000112786232523395,4.0787645561705
"ZDHHC20",-1.06924162804641,6.28338707507315,-5.5386630649962,4.81929399925558e-06,0.000112786232523395,4.0351009061721
"PGM3",-1.03608602410387,3.98298865840544,-5.5373597613973,4.83718066411099e-06,0.000112984993012231,4.06551578732457
"CEP78",-0.685240028999156,5.30178170846222,-5.53682041924564,4.8446021240625e-06,0.000112984993012231,4.02694324081625
"BLZF1",-0.765475392107829,4.19181375061047,-5.53580639151575,4.8585863087778e-06,0.000112984993012231,4.05273277723109
"EDEM3",-0.864863271500388,5.08431140364442,-5.53261499448866,4.9028629364197e-06,0.000113774530974825,4.01846103717326
"TPP2",-0.73100697096715,5.15741470373043,-5.5311063126472,4.92393473666841e-06,0.000113883397671842,4.01305183000223
"PWWP2A",-0.890977393782124,4.85314197265759,-5.5309656659801,4.92590377767248e-06,0.000113883397671842,4.01858651254218
"NAA16",-0.73662696470079,4.30760206241948,-5.53050334987002,4.93238173188127e-06,0.000113883397671842,4.03377349567161
"TIAL1",-0.79839298331487,5.24589475169618,-5.52664519655443,4.98677645703024e-06,0.000114654596599855,3.99947171022531
"VPS13C",-0.85794308342072,8.23253798190934,-5.52636300419487,4.9907785308708e-06,0.000114654596599855,4.04525509266695
"GCFC2",-0.76478606304479,3.55693849519761,-5.52409946986914,5.02299697880033e-06,0.000114909725006412,4.04917313839058
"DUSP23",1.48002346428999,1.91917393259648,5.52359857620294,5.03015469982992e-06,0.000114909725006412,4.09785229795266
"BAHD1",0.733390966608693,4.98662380539272,5.52295708541104,5.03933648916467e-06,0.000114909725006412,4.00228277817365
"SHARPIN",0.939861541446414,4.25520711829281,5.52283471268479,5.04108994425429e-06,0.000114909725006412,4.02928606516625
"IPMK",-0.738587533761758,3.64574562500435,-5.52265710631578,5.04363592063608e-06,0.000114909725006412,4.04089262224328
"LARP7",-0.694293528044005,3.68846806185083,-5.52097258143268,5.06784772572655e-06,0.000115270500088799,4.03423684660798
"TMEM232",-0.861221471299724,3.45699869521049,-5.51642825550765,5.13374694532831e-06,0.000116565924602488,4.03300042189536
"TBC1D32",-0.74906184611901,3.97204791934374,-5.51416383062735,5.16690462138808e-06,0.000116943708050858,4.00226937746053
"VARS",0.622417369922677,5.1881635995757,5.51356215440866,5.17575096295938e-06,0.000116948388540566,3.9712517265198
"MCOLN1",0.627211166129513,3.70173233781733,5.51299467121261,5.18410849573033e-06,0.000116948388540566,4.0234234619076
"GGA1",0.741396880834972,5.55191839034416,5.50905903985065,5.24244375861292e-06,0.000117776494031898,3.95525138526422
"CTSD",0.800118622403255,7.47008635601672,5.50843891163753,5.25169538427902e-06,0.000117776494031898,3.9761351638933
"AP4E1",-0.735205116927818,3.82961408240464,-5.50821420735244,5.25505176481256e-06,0.000117776494031898,3.99238992754036
"LACE1",-0.841985352433049,3.04205608657346,-5.50727241407322,5.26914264521417e-06,0.000117900279578524,4.02935978055945
"NAE1",-0.980459455198715,4.19108852562129,-5.50578943887335,5.29140743659485e-06,0.000118147211589458,3.96979927276368
"AK9",-0.807659216158166,4.1304194118375,-5.50518578357666,5.30049748165486e-06,0.000118147211589458,3.97070853840089
"EIF5",-0.688483521893086,6.50350746138073,-5.50482515779576,5.30593537986231e-06,0.000118147211589458,3.9441977691466
"ABCA3",0.784541895437725,7.93160832048903,5.49832380534866,5.4049352929278e-06,0.000120157212546009,3.95911297665915
"ARL5B",-1.0403458170128,4.45510328942938,-5.49214508839048,5.50073922572411e-06,0.000121893192407713,3.92247919948815
"LAMTOR4",0.737634494230836,3.04764870869966,5.48988349574833,5.53623059768272e-06,0.000122482426454521,3.99418157787358
"LINC00634",1.47090515601153,3.47844039193625,5.48850501548925,5.55797579083953e-06,0.000122766139418528,3.98041786226419
"7-Sep",-1.0389439771753,7.40530569169891,-5.4876525937659,5.57146538705289e-06,0.000122866883319287,3.91825224629646
"ARHGEF10L",0.716351070349147,6.12915140168634,5.48541010689251,5.60710984959358e-06,0.000123397542074662,3.88939315940553
"TSR3",0.959064153028935,4.19641451459581,5.48501192907832,5.61346278168291e-06,0.000123397542074662,3.92789157692116
"TMEM106B",-1.13420474118726,5.97016945507952,-5.48164929668914,5.66740238473839e-06,0.0001243241296893,3.87398643579992
"ZNF512B",0.852243537601787,5.8156784855142,5.48114669631853,5.67550907848903e-06,0.0001243241296893,3.87771736441
"DCLRE1C",-0.785989311248222,2.84614078051347,-5.48070038238827,5.6827176494855e-06,0.0001243241296893,3.96683337073394
"PACS1",0.711406015909253,6.5954317788512,5.47992646151171,5.69523928923837e-06,0.000124400298189221,3.87972776056797
"THAP6",-0.879065121228217,3.21381510846176,-5.47923878545836,5.70638875035857e-06,0.000124446300465427,3.94369064961822
"FAM188A",-0.815776731165028,4.64908638278117,-5.47852981676719,5.71790635468204e-06,0.000124500173017056,3.87888925450139
"NOL10",-0.597099074159624,4.25142911206978,-5.47784288518878,5.72908819356776e-06,0.000124546576037418,3.89088688175792
"USP3",-0.690127120107628,4.07922990519083,-5.47666965833169,5.7482366647426e-06,0.000124765748806818,3.89441882955887
"ACO2",0.724111650645816,7.58450413706782,5.47520988589661,5.77215155099056e-06,0.000125087523611309,3.88702633294039
"ARHGAP39",0.826022467090726,6.16091531778236,5.47444621091168,5.78470227415105e-06,0.000125162402507221,3.86018847324913
"GK",-1.07004445261551,2.60501093685212,-5.47354969021592,5.79947119955897e-06,0.000125284965741179,3.95840044012437
"RBMS1",-0.96976052186617,3.51424986032135,-5.47266031623914,5.81415975924684e-06,0.000125405411358928,3.90988141257351
"PPP1R35",1.22406993366083,1.89376028871962,5.47191449422461,5.82650622994621e-06,0.000125475042613912,3.96431333871336
"FGFR1OP2",-0.708292984022044,4.83235069407765,-5.47018639456108,5.85521464170837e-06,0.000125896263569608,3.85101669061895
"RPF2",-1.1473782860336,2.85968056941891,-5.46786894005457,5.89393664620894e-06,0.000126531142259721,3.93117242484349
"WDR75",-0.741445242081713,4.09831952794178,-5.46567564858437,5.93082055158804e-06,0.000127124644252964,3.86316952199038
"C11orf68",0.68355429254746,4.9876980984522,5.46486920320103,5.94444042180521e-06,0.00012721842090896,3.84113115449999
"IRF2BP1",0.736275950694883,4.51072399412392,5.46023338409133,6.02334433537317e-06,0.000128706896582407,3.84366155949034
"CCNC",-0.925552056463384,3.85344500122211,-5.45479551668919,6.11723913649499e-06,0.000130206871700491,3.84389158215953
"LYSMD3",-0.83992440388608,3.46548648967533,-5.45452618413838,6.12192762082824e-06,0.000130206871700491,3.86271128231397
"MED4",-0.701037754609706,3.86760793856809,-5.45280410485106,6.15199050654609e-06,0.000130644353951513,3.83802894942698
"TMEM30A",-0.981896240044105,6.84486857738132,-5.45206843042627,6.16487849513462e-06,0.000130716321990058,3.80592214574212
"TP53I13",1.02759297301264,3.42306556014054,5.44831008719992,6.2311430795559e-06,0.000131901515152948,3.86724286971405
"CAMK2N2",1.52907032673083,3.28272438091214,5.44781387120331,6.2399452339633e-06,0.000131901515152948,3.87978703159326
"SNAPC2",0.92074766081705,2.91184609681138,5.44647510253716,6.26375529738703e-06,0.000132201743324146,3.88423824785706
"CTU2",0.626691474490213,3.4025354056281,5.4453142067173,6.28447561687967e-06,0.000132239125420804,3.85313340775071
"DNAJC10",-0.841465463432902,5.62253057062496,-5.44529909019318,6.28474587785815e-06,0.000132239125420804,3.77151618273655
"INPP5E",0.719405803433575,4.90691282342537,5.4415646003009,6.35187132270626e-06,0.000133244056816709,3.77913019371661
"MED25",0.684794340601818,5.0126529746489,5.43700963554469,6.43471820983863e-06,0.000134579911971026,3.76357350710869
"ASCC3",-0.643849786351218,5.57326038619049,-5.43698810225535,6.43511242474641e-06,0.000134579911971026,3.74850980363313
"RPS2",1.07170723525251,5.64625388311272,5.43462139999818,6.47858809739585e-06,0.00013511870012915,3.75178300456025
"EPC1",-0.692716861417488,5.01759482917202,-5.43451697114598,6.4805131956427e-06,0.00013511870012915,3.74814185391116
"ZNF706",-0.699426517854572,6.00754052678043,-5.43013982578345,6.56172177117953e-06,0.00013656796559157,3.73070077224848
"ABCA5",-1.21594365384811,5.48240670010393,-5.42904446851475,6.58220288195949e-06,0.00013656796559157,3.72800981264496
"PIGN",-0.768193096442183,4.07828215304044,-5.42883042405481,6.58621258782717e-06,0.00013656796559157,3.76237976309433
"TAF1B",-0.760897309054908,3.30569918104806,-5.42864333002006,6.58971943556447e-06,0.00013656796559157,3.80036970595416
"NAA15",-0.607239614242271,5.34728483548487,-5.42257529030935,6.70447794606985e-06,0.00013873732483589,3.7101019205273
"SORCS2",1.1105340848505,5.47402070338385,5.41559870353866,6.83889682693245e-06,0.000141306395248375,3.70146355302937
"ZNF580",0.945191335452662,4.46203927752121,5.41262007843341,6.89710618291373e-06,0.000142295469539844,3.71684731942658
"DMXL1",-0.651644177188786,6.85523345646889,-5.40898521744466,6.96881313058877e-06,0.000143559636961126,3.68645667182104
"ZNF22",-0.679150238754338,3.35395932162307,-5.40570993355598,7.03406628747413e-06,0.000144687273814546,3.73521265683422
"MAN2B2",0.663534232111713,5.77087202329116,5.40356925374466,7.07704540575826e-06,0.000145354062430805,3.66140183354364
"SLC39A3",0.789362923079948,4.22822231974211,5.40185183177065,7.11171684490056e-06,0.000145679836628819,3.69473712934564
"STK11",0.881288091855124,5.53937277401438,5.40134301072935,7.12202161279256e-06,0.000145679836628819,3.65848010096895
"MBTD1",-0.623072805655874,4.38573006344203,-5.40111163977643,7.12671234186869e-06,0.000145679836628819,3.67386673698207
"ZNF579",1.06793546877615,3.69994838143157,5.40069078589837,7.13525251710077e-06,0.000145679836628819,3.72231644351464
"CCDC138",-0.831618863635622,3.44546842594019,-5.39907394501569,7.16815775284693e-06,0.000146134842721373,3.71156856961494
"PIEZO1",0.938242024097969,6.33358854559448,5.39784674743841,7.19323462224477e-06,0.000146201553267807,3.65048438082512
"ARMC1",-0.772628603869254,4.77090608754381,-5.39624956276399,7.22600362316588e-06,0.000146446297287755,3.64795623633781
"FASTKD1",-0.889229383117442,4.00805251574452,-5.39541826522926,7.24311827969406e-06,0.000146538879394799,3.67315006363522
"NUDT12",-0.935750039202171,3.37319976002218,-5.39395011228089,7.27344372595724e-06,0.000146538879394799,3.70134363297978
"TCEB2",0.913665673981425,5.48977668790962,5.39359947057409,7.28070521185136e-06,0.000146538879394799,3.63791963934603
"ZSCAN30",-0.775287286314707,4.7748121473027,-5.39351031650852,7.2825526734245e-06,0.000146538879394799,3.64027328062855
"GGPS1",-0.587427879713182,4.00688880731732,-5.3934493590807,7.28381611118689e-06,0.000146538879394799,3.66845743226923
"TMX3",-1.01320013417448,4.95416513485942,-5.39161466748233,7.32194592633149e-06,0.000147090945828099,3.63082097935053
"TMEM161A",0.767172347523133,3.13537475353181,5.38866664073239,7.38363320170277e-06,0.000148113959895965,3.71491069954496
"COG6",-0.641881557995984,4.08686848192834,-5.38797753238362,7.39812768683937e-06,0.00014818869737787,3.64956930271856
"GRID1",0.630680532055706,6.22229392000398,5.38651715481986,7.42893910953424e-06,0.000148589580067297,3.61595983309391
"OBSCN",0.768301886638254,5.67902353735316,5.38537296163999,7.45316940510007e-06,0.000148815348776978,3.61226231528319
"UTP15",-0.845276728898722,3.36765110305996,-5.38496370762142,7.46185529075758e-06,0.000148815348776978,3.67707112601832
"ZC3H3",0.724876497716578,4.40399244717529,5.38265910713813,7.51095716785914e-06,0.0001493616785938,3.6336785302538
"FAM98B",-0.831830476334447,4.45335848896203,-5.38035305645214,7.56041401014648e-06,0.000149878365889273,3.613633006087
"DNAJC3",-0.904544169199452,5.04079909749578,-5.38013119692573,7.56518930515219e-06,0.000149878365889273,3.5971392333869
"SMIM14",-0.699458854202711,5.15051437069586,-5.37992573107037,7.56961443885215e-06,0.000149878365889273,3.59456982029122
"ATG12",-0.912056001527527,4.35738660447042,-5.37783443036073,7.61480274675656e-06,0.000150429664149401,3.61009095290436
"RPL37A",0.991585285474021,6.41999579524435,5.3775156103531,7.62171543450512e-06,0.000150429664149401,3.59570189885881
"ETHE1",0.986039059014995,2.18043147805104,5.3771222689501,7.63025256713041e-06,0.000150429664149401,3.71793410021152
"ZMPSTE24",-0.790347629225647,4.43800889095362,-5.37553445652912,7.66481216479288e-06,0.000150813956905688,3.60093316501739
"RNF152",-1.1638377384648,5.03500207968882,-5.37522050165974,7.67166411118244e-06,0.000150813956905688,3.58416618171691
"LRRC24",1.05562947305587,3.28624413658763,5.373090775616,7.71830687602711e-06,0.000151514437833109,3.66982930076407
"GTPBP6",1.01602114835532,5.79104280822396,5.37243367236404,7.73275525712263e-06,0.000151581830617186,3.57856556405837
"PCNXL3",0.815642190621969,6.67968658847533,5.3698668906375,7.78945376870194e-06,0.000152476064453922,3.57711642801378
"U2AF2",0.649323687151113,5.64644583588802,5.36846584073952,7.82057756169353e-06,0.000152867852026228,3.56465011794574
"GTPBP8",-0.871923907468301,1.9568688606928,-5.36384229605357,7.92417456567637e-06,0.000154673143543649,3.68191481042571
"DPP8",-0.743037253254223,5.76524294264322,-5.36332479467867,7.93585512883276e-06,0.000154681731484232,3.54440056266221
"WDR18",0.768936360401305,3.24570748399637,5.36177743692709,7.97088365219153e-06,0.000155144738243009,3.63567616148901
"SLC4A3",0.97896418339649,6.76556870124615,5.36045500350375,8.00094314908048e-06,0.000155482915651482,3.55340106891247
"TM9SF3",-0.808940878351406,6.38247916030012,-5.35941160611068,8.02474015851307e-06,0.000155482915651482,3.53970463544978
"TAS2R13",-1.20625855454615,1.60863349554195,-5.3582956007239,8.05027163728266e-06,0.000155482915651482,3.66588548526963
"C9orf172",1.24065722281709,6.24593161191289,5.35823742403194,8.05160480725966e-06,0.000155482915651482,3.54250210725966
"DDX60L",-0.863178592736593,3.90505196143741,-5.3581876256431,8.05274615674524e-06,0.000155482915651482,3.57536039332562
"ZNF493",-0.932871986567078,4.87079555943752,-5.35804346808028,8.05605107619406e-06,0.000155482915651482,3.53968075866985
"TRAPPC8",-0.595718284143884,5.5566459303861,-5.35642675305713,8.0932086677905e-06,0.000155981294786366,3.52541051109893
"LIMK1",1.15667666549256,6.60912348359447,5.35584314198695,8.10666416058245e-06,0.000156022105613671,3.53926452958211
"VPS54",-0.6037554000962,5.05712336284354,-5.34745683344572,8.30250842444908e-06,0.000159345632397272,3.50642528418248
"DALRD3",0.68101876977919,3.3313576531614,5.34570731331652,8.34395841460755e-06,0.000159918122205313,3.58566675020193
"RFX1",0.772958317998186,3.96528400923707,5.34191404806781,8.43454251125918e-06,0.000161429401248175,3.54257731074449
"TRIQK",-0.867301222933389,3.9556644789772,-5.33826299105287,8.52266078222838e-06,0.00016288935420034,3.51797459961165
"ARPP19",-0.779331082946218,7.69264576127144,-5.33334542686061,8.64280521742432e-06,0.000164956508456278,3.49947445807719
"ZNF677",-0.944336568990667,3.41889005984028,-5.33180362479437,8.68082221586261e-06,0.000165452623978512,3.52827776667882
"TMTC3",-0.854199296407565,4.98797091304459,-5.33120949270453,8.6955166944905e-06,0.000165503465052398,3.46270800358086
"SNX7",-0.764753361294036,2.93761609804772,-5.33028778638248,8.71836227495454e-06,0.000165537853635935,3.55193134792151
"NDUFAF3",0.696803410530693,4.50179936369643,5.33016611831326,8.72138244938979e-06,0.000165537853635935,3.48442016504888
"FBRSL1",1.0524289856459,6.21470667172267,5.32854917374956,8.7616195990883e-06,0.000165844081572289,3.45844023958349
"TIA1",-0.848202607708375,5.13006292974719,-5.32759641524969,8.78541567904705e-06,0.000166066078515613,3.45001668376191
"MRPL12",0.893145207381821,2.85034392169701,5.32621681135186,8.81998739768369e-06,0.000166381500567608,3.56136205157807
"VPS36",-0.756962614270715,5.26929561857564,-5.32550178951744,8.83795881388512e-06,0.000166381500567608,3.4420955547142
"SNRPN",0.805966768314507,7.15033151116185,5.32548525235195,8.83837489389734e-06,0.000166381500567608,3.46367464746515
"C7orf43",0.776081881048024,3.83840435100292,5.3218098504647,8.93133743908128e-06,0.0001674301958487,3.49329515054437
"TMCO1",-0.909973587624424,4.12861839206327,-5.32166017482031,8.93514388903245e-06,0.0001674301958487,3.46428669099243
"SPPL2A",-0.986684592159548,4.75208711699995,-5.32146563339664,8.94009376315205e-06,0.0001674301958487,3.44154792435287
"POLR2I",1.05538720333284,3.08519895702481,5.32136124968519,8.94275081380672e-06,0.0001674301958487,3.53781248478225
"RPS6KB1",-0.677370447182751,5.08488429998326,-5.32086009267862,8.95551860520291e-06,0.000167441428704072,3.43215950396138
"ATL2",-0.746287613159171,3.72524747295998,-5.31820071136685,9.02357673086518e-06,0.000168484992392722,3.47445457298402
"TBCB",0.73725027890877,4.95753795254048,5.31194895687005,9.18561661721166e-06,0.000170881037322303,3.42000590222136
"RAB3IP",-0.871471747442741,6.43675459900678,-5.3116485546776,9.19347572114401e-06,0.000170881037322303,3.40858203685472
"RAVER1",0.889076670558749,4.60647836001899,5.31092938959444,9.21231783703598e-06,0.000170881037322303,3.42944779185194
"CEP70",-0.64157609854014,4.64708681133593,-5.3105814290239,9.22144827412896e-06,0.000170881037322303,3.41476780150172
"RSBN1",-0.649744378342541,4.77162983194508,-5.31039253029976,9.22640874431155e-06,0.000170881037322303,3.41053890891135
"CAND2",0.632321644869639,4.42916165003627,5.3052137879628,9.3634478115752e-06,0.000173111065058193,3.41772227022359
"SGSM3",0.679584705963168,5.53083135386353,5.30489406799561,9.3719746725059e-06,0.000173111065058193,3.38970097479062
"MYSM1",-0.838828338571703,5.18598506626028,-5.30355058940623,9.40789000028317e-06,0.000173541520501202,3.38252789061148
"UNKL",0.826532560199436,5.07792120564545,5.30195795878608,9.4506444679551e-06,0.000174096811945823,3.39020649798338
"ISOC2",0.667067321563822,3.66394248739575,5.29829334453135,9.54976191973677e-06,0.000175687531788099,3.43591782532969
"CSGALNACT2",-0.703572220314141,5.29140960474476,-5.29639797367188,9.60143397559221e-06,0.000176065562505189,3.36120104406821
"MEGF8",1.02061126045669,7.95269409930442,5.29638412431475,9.60181256830037e-06,0.000176065562505189,3.40318914370206
"ERI2",-0.933793485012834,2.82151201186822,-5.29613249068571,9.60869394966911e-06,0.000176065562505189,3.46514913889522
"IKBIP",-1.35051083725473,1.20626846551007,-5.2945441648537,9.65224369764903e-06,0.000176628358408708,3.48264273207243
"ZNF581",0.889886122671141,2.32437767551957,5.29112890692068,9.74655582515751e-06,0.000178117336932261,3.48547181554924
"FARSA",0.681535679921076,4.89379805706568,5.28982528530275,9.78279802209014e-06,0.000178506089345504,3.35949772490483
"ZNF680",-0.687953341140644,5.09097782465742,-5.28872220696723,9.81357023068864e-06,0.000178506089345504,3.34305479301761
"PPP2R3C",-0.74480957582037,3.34439852518407,-5.28792981095236,9.83573522073194e-06,0.000178506089345504,3.41238318231969
"EIF2S1",-0.8412242012975,4.66818447278582,-5.28761800023313,9.8444709580258e-06,0.000178506089345504,3.3502964674727
"IGSF21",1.17197186211514,5.14993900197556,5.28757559447085,9.8456596041885e-06,0.000178506089345504,3.3534069433051
"PURA",-0.701965882565798,8.24228004189683,-5.28695272155188,9.8631354793285e-06,0.000178587641225052,3.38620657186537
"PRRT3",0.963733358330614,4.5648870575509,5.28535237964947,9.90817859381134e-06,0.000179167471260759,3.36186664372353
"PTP4A1",-0.849436616043063,5.45837881885997,-5.28450549244228,9.93209827498528e-06,0.000179364310186447,3.3267499422047
"ZNF141",-0.893289168887767,4.73331167797956,-5.28043050502553,1.00480038247841e-05,0.000181219633856951,3.32851555642136
"TMEM39A",-1.01083991310241,2.9501970505289,-5.2784468903111,1.01049130402128e-05,0.00018197465287501,3.40946329058659
"PSME4",-0.750939016993699,6.13868094544635,-5.27805081414602,1.01163149080287e-05,0.00018197465287501,3.31078518332417
"KATNAL1",-0.640063395161776,5.69272785810629,-5.27737018616333,1.0135938269596e-05,0.000182089616877168,3.30616031723333
"SURF2",0.975364976515487,1.84159756846964,5.27615367536854,1.01711067552791e-05,0.000182318105601152,3.44736949852419
"ELK4",-0.621043182420385,6.05556041290008,-5.2760139202328,1.0175154792652e-05,0.000182318105601152,3.30413989199875
"GTF2A1",-0.701897849519786,5.48552343183207,-5.27234822812749,1.02819100935936e-05,0.000183752421815509,3.29280249655256
"RCOR3",-0.859248440239716,5.26783079810261,-5.27028281525959,1.03425537335139e-05,0.000184188242105444,3.2892918603494
"BIVM",-0.629960001705091,4.34335951731874,-5.27015049880471,1.0346450922717e-05,0.000184188242105444,3.31363864818818
"JAK2",-0.670444498118074,4.88664323742114,-5.26829407866209,1.04012842947952e-05,0.000184858189923244,3.29100639168037
"PTAR1",-0.726442747679832,6.84271549483888,-5.2679678205562,1.04109510348459e-05,0.000184858189923244,3.29624931421477
"SLC38A6",-0.890253493422571,3.09534327802717,-5.2671080628276,1.04364679843793e-05,0.00018507246898588,3.3698728241319
"SF3A2",0.763988188966455,4.27099393955392,5.26615049847909,1.04649614395501e-05,0.000185196670629611,3.31854301329596
"NCKIPSD",0.69013617804812,5.65213290463094,5.26596842558662,1.04703880350147e-05,0.000185196670629611,3.28122216067461
"STXBP3",-0.842437890561946,5.39582087833454,-5.2645295160661,1.05133732297819e-05,0.000185718265744582,3.27190964622965
"MRPS24",1.1370762229416,3.11107078687192,5.2636967185699,1.05383324029396e-05,0.000185800510099742,3.38071598329096
"ZNF428",0.767084940924535,4.36492851045763,5.26347348165931,1.05450329473075e-05,0.000185800510099742,3.3072017172404
"WNK2",0.917621713147622,7.64255624472964,5.2623897917729,1.05776209611554e-05,0.0001861363709034,3.30136479694599
"PHF11",-0.836662832362574,3.31685006400119,-5.25732928638904,1.07311363159334e-05,0.00018850765493951,3.3299850782821
"CAPS2",-0.621823574541152,4.21100974744842,-5.25704677683734,1.07397719259193e-05,0.00018850765493951,3.28295934027705
"MRPS2",1.06677147601747,3.21899710703853,5.25598156439227,1.07723953907973e-05,0.000188619961733524,3.35377280257856
"GRIK5",1.21603463387893,7.56927717810637,5.25594281404153,1.07735840362292e-05,0.000188619961733524,3.28220217891803
"PLXNA1",0.943386846466026,7.95690321073093,5.25475536713466,1.0810072007332e-05,0.000188959907735726,3.28851813202822
"CLEC2D",-0.775327556130919,2.38406845329238,-5.25440686497088,1.08208042641328e-05,0.000188959907735726,3.37479869354044
"SREK1IP1",-0.670186276982925,4.43707933686964,-5.25147018293675,1.09116649855996e-05,0.000189900791303095,3.25835601566983
"NDUFA2",0.856103047318526,2.25137247455083,5.25008041996548,1.09549298740359e-05,0.00019012492506366,3.37707215059518
"IRAK1",0.883605118989245,5.20898649124475,5.25003784635644,1.09562579445885e-05,0.00019012492506366,3.24448896313504
"ABHD12",0.898270011335241,6.16061786016825,5.2482927369607,1.1010834951794e-05,0.000190831359913901,3.23476744225988
"HOOK3",-0.665641075057033,6.80946726276088,-5.24673247472052,1.10598612817989e-05,0.0001914399384891,3.23662567953497
"CCDC186",-0.811979582683469,5.15522935547517,-5.24521158495908,1.11078606565214e-05,0.000192029234289436,3.22147003834182
"TROVE2",-0.856895568632478,6.534357631238,-5.24418940561238,1.11402377562066e-05,0.000192347317143235,3.22374480449963
"USP1",-0.645234059608406,4.4007280007716,-5.24238891431491,1.11974973567726e-05,0.000192845578458258,3.23469822909272
"PTS",-0.848925361891189,2.60695287968451,-5.24196136819531,1.12111374730475e-05,0.000192845578458258,3.32981241224132
"CA13",-0.947524331503423,1.86845967255328,-5.23981035601443,1.12800143901089e-05,0.000193711509452502,3.35151138566127
"CAPN1",0.588772540166396,6.02980876005377,5.23951103552785,1.12896323363787e-05,0.000193711509452502,3.20710079886506
"PLPPR3",1.50649106282617,4.14746761119341,5.23845198959186,1.13237281540075e-05,0.000194054574255663,3.26180749100076
"USP12",-0.698510489340803,6.07482400811887,-5.23526431874574,1.14269776630778e-05,0.000195580397539321,3.1915288622995
"CRYBG3",-0.800002182407121,6.55731583606797,-5.2340516638216,1.14665027047677e-05,0.000196013097789202,3.19606143271632
"AP1S2",-1.0999289973857,3.67435491183075,-5.23229143720148,1.15241186623477e-05,0.000196753594184326,3.24066001061628
"TMEM260",-0.818073871706772,3.93974374215578,-5.23050132422935,1.15830098971959e-05,0.000197514001481181,3.22184872791738
"CHMP6",0.952101208509109,4.02310583024776,5.22746924811493,1.16834469174066e-05,0.000198734132299669,3.22762942077236
"SCRN2",0.710674706745423,3.51528838581411,5.22609987590415,1.17290922610013e-05,0.000199264245189677,3.24756371156419
"GAS8",1.05610954689574,4.43468294908206,5.22482176140396,1.17718566382189e-05,0.000199744166705956,3.20203134620488
"TMEM161B",-1.10402580678756,3.53273408420908,-5.22338963450578,1.18199594205145e-05,0.000200066988420294,3.22423014581556
"SLC22A18",1.26120440809068,0.753287407875124,5.21965853422477,1.19462063038687e-05,0.000201678332037466,3.21344068295504
"CPLX1",1.26977743918585,4.86196499487596,5.21963017787222,1.19471709258165e-05,0.000201678332037466,3.1748105695977
"ROM1",1.00974064574823,4.33066686495425,5.21913529089556,1.19640184633552e-05,0.000201678332037466,3.18983982862358
"CCBL1",0.61190241188898,4.32441000655063,5.21875032832938,1.19771402519085e-05,0.000201678332037466,3.18317114860148
"PDS5A",-0.659855530218656,6.41455064205981,-5.2184192586067,1.1988436567593e-05,0.000201678332037466,3.1497496117742
"CCDC126",-0.88155453109526,2.78161997078708,-5.21691524206117,1.20398889130089e-05,0.00020216285192692,3.25172956033997
"SELO",0.755755680112077,4.37794364788511,5.2167189580139,1.20466200552339e-05,0.00020216285192692,3.1780557675836
"WDR89",-0.797582457556246,2.71970236229359,-5.21621222698694,1.20640147197715e-05,0.000202208168768301,3.25357580262432
"HIST2H2AA4",1.11914619254847,4.39448887784077,5.21574219788628,1.20801719665553e-05,0.000202232659892662,3.18032411413921
"CMPK1",-0.684111118044063,6.01658769691037,-5.21287089908884,1.21793438404514e-05,0.000203645140447694,3.1289642954384
"ODF2L",-0.944638562935319,4.7718172714003,-5.21153730952682,1.22256812453944e-05,0.000204006643664026,3.13689574324848
"MTA1",0.808873416200214,6.1811112823154,5.21139563907913,1.22306141285387e-05,0.000204006643664026,3.1320593368539
"CCDC7",-0.883175283121114,4.05368129605325,-5.20503661180861,1.24540938309483e-05,0.000207405956078919,3.14607588594948
"CAMKMT",-0.642520463360437,2.38953473800578,-5.20474177823791,1.24645538607126e-05,0.000207405956078919,3.24045369524266
"CNTFR",1.49660757936098,5.4608750531686,5.20419905511411,1.24838314288101e-05,0.000207475850594029,3.12173967300954
"ZDHHC21",-0.976309459299281,5.54219963418373,-5.20205734547724,1.25601965481562e-05,0.000208493202290926,3.0981796720075
"JRKL",-0.663816365118449,3.05186950820033,-5.19936212137083,1.26569620449557e-05,0.000209846330964622,3.18778924293853
"CTBS",-1.22056963152963,3.27867260484614,-5.19847035315188,1.26891426776689e-05,0.000210126705640677,3.17118588041464
"SLC26A2",-1.02071113127345,4.20702966423923,-5.19596112874111,1.27801310154845e-05,0.000211379065990484,3.11398988525701
"ORMDL1",-0.911122316979964,3.75955651287539,-5.19474733597144,1.28243788442512e-05,0.000211856275240985,3.13261593624211
"LLPH",-0.72167744965863,3.44906680046346,-5.19337039683264,1.28747595228637e-05,0.000212211165230147,3.14686561257414
"DNAJC2",-0.755596110090433,3.21139356676286,-5.19292653101403,1.28910422246064e-05,0.000212211165230147,3.16013264107369
"SUPT20H",-0.771883293112816,4.59762015743922,-5.19151706572029,1.29428834497715e-05,0.000212211165230147,3.08691470909759
"MED15",0.631145660073036,6.067529152794,5.19137534965751,1.29481073958665e-05,0.000212211165230147,3.07443150913462
"MBOAT2",-0.716777083677909,6.7657986997501,-5.19114273373778,1.29566866686892e-05,0.000212211165230147,3.08193122518703
"ZFYVE16",-1.02542629284114,6.61608585824919,-5.19094807543455,1.29638703678813e-05,0.000212211165230147,3.07869220158762
"HPS5",-0.635069108630773,4.62878965189114,-5.19080288317958,1.29692311575143e-05,0.000212211165230147,3.08417193914996
"SLFN11",-0.722348981328749,4.04500041800395,-5.18939726048907,1.30212443059785e-05,0.000212629598703275,3.10364296365223
"OPRL1",1.13351101988325,3.71603373660774,5.18873538869101,1.30458081448832e-05,0.000212629598703275,3.14014006138479
"DOHH",0.896731133538972,3.94144482620025,5.18872278890716,1.30462762057968e-05,0.000212629598703275,3.12477303696299
"CXADR",-1.11815304862644,4.57616312750222,-5.18828670999607,1.30624861597214e-05,0.000212629598703275,3.07870875640342
"MARK4",0.610843078229746,5.87442079548725,5.18725351707453,1.31009724978048e-05,0.000212768313727037,3.06206153434329
"FBXL19",0.979076146282407,5.74745180839401,5.18697107989142,1.31115129743861e-05,0.000212768313727037,3.06486324994875
"ARHGAP5",-1.37289282005384,7.78599444791099,-5.18500262769612,1.31852109125836e-05,0.000213712234826929,3.09442088915353
"RPS18",1.12124896182896,5.44747228948642,5.18374184706881,1.32326313972457e-05,0.000214060189949583,3.06042744458214
"ADAMTS13",0.66150844462544,4.09571049204474,5.18355410853229,1.32397071904552e-05,0.000214060189949583,3.09797181984804
"DDI2",-0.848070234931273,5.88532089726853,-5.18245684977071,1.32811381800212e-05,0.000214060189949583,3.04402741655199
"OCEL1",0.870535245278755,1.53776502768389,5.18237936759583,1.3284068695948e-05,0.000214060189949583,3.19332674186841
"CACUL1",-0.791729085205312,6.06248466317761,-5.18075770549989,1.3345551463951e-05,0.000214475569998628,3.04060982100464
"HIGD2A",0.793329532797769,3.54499372627645,5.18045678223669,1.33569917512408e-05,0.000214475569998628,3.12189736097255
"PLD4",1.11245130127124,2.65019951922456,5.17917659474506,1.34057706919799e-05,0.000214812801319457,3.17591735654092
"LIG4",-0.938323619861631,4.16608614591993,-5.17908639757092,1.34092141801768e-05,0.000214812801319457,3.06924900659937
"ABTB1",0.74641702268436,5.49582855006127,5.17807965549368,1.34477089844314e-05,0.000215178980621815,3.03978541389061
"DDX18",-0.664937780168924,4.66896273892372,-5.17628285698099,1.35166879386515e-05,0.000215831779183093,3.04269714840031
"USP48",-0.716500757097904,5.77244545929475,-5.1762000722521,1.3519874548058e-05,0.000215831779183093,3.02610861160327
"SEPSECS",-0.747186414796465,3.50916405852649,-5.17402666974637,1.36038039402517e-05,0.000216919983802785,3.09018112167393
"GABPA",-0.915231579691234,4.24544542032281,-5.17237220869064,1.36680425680722e-05,0.000217692052985234,3.04723642163625
"BRAT1",0.69629038783281,4.98322002344821,5.17106194816621,1.37191318420829e-05,0.00021825314829931,3.02924865108624
"CDH22",1.11375276619841,3.87415211784379,5.1697119575915,1.37719699330363e-05,0.000218585245119449,3.07898917008637
"TGFB1",1.22298138422312,4.7261535020906,5.16911565615511,1.3795373658857e-05,0.000218585245119449,3.03925940836461
"NUDCD1",-0.793820866213253,3.67247003058141,-5.16856362756695,1.38170751946409e-05,0.000218585245119449,3.06560936481005
"ZMAT5",0.649339120418435,3.15249951397028,5.16850380376046,1.38194290570395e-05,0.000218585245119449,3.11188669018519
"IMPAD1",-0.840200636289345,6.47971743640218,-5.16642659647635,1.39014091363318e-05,0.000219629496125215,3.00745281428118
"MAF1",0.899660155271466,5.07080205473045,5.16410256156628,1.39937069750261e-05,0.000220834176242355,3.01022161544838
"MYO1B",-0.854436365948548,3.96915567438316,-5.16242723872693,1.40606212516015e-05,0.00022145819714505,3.03275661152003
"RPL31",0.586462343846389,5.01001111466619,5.16230700098945,1.4065435964303e-05,0.00022145819714505,3.00297536275768
"PIK3R2",0.949675152503517,5.99221575313284,5.15843646085274,1.42213085419097e-05,0.000223401172197739,2.98564970246009
"WDR81",0.670151474263325,5.41877633032942,5.15555386395125,1.43385157989527e-05,0.000224985536954833,2.97750619580569
"RHPN1",0.733890980836544,5.85693071312221,5.15182283402957,1.44916552750461e-05,0.000227129462687824,2.96514058340252
"SLFN5",-0.851539215195278,4.66318252807921,-5.15103708741162,1.45241139009787e-05,0.000227379216599963,2.97283847567115
"SNRPA",0.612606259050296,3.19384804644871,5.15001354929191,1.45665045154747e-05,0.000227783714360736,3.05768737383794
"SH2B2",1.17081157038306,2.56774431818273,5.1490935297079,1.4604713342603e-05,0.000228121975377481,3.09755575494636
"SYT12",0.993001086335514,4.42165331388389,5.14760990323136,1.46665401269262e-05,0.00022863826820258,2.98841058124649
"RAD18",-0.753799303096652,3.19927896308483,-5.14672585359512,1.47035051965208e-05,0.00022863826820258,3.03448326013809
"SCFD1",-0.815103889106016,4.40934295428396,-5.14645520909533,1.47148403515575e-05,0.00022863826820258,2.96907228459606
"CHCHD6",1.146056499697,3.50456987508409,5.14571680658552,1.47458106204615e-05,0.00022863826820258,3.0364716160773
"COMT",0.815322573089586,5.22360330550776,5.14547686153993,1.4755888473918e-05,0.00022863826820258,2.9544154964911
"C11orf54",-0.722978790982876,3.63317268204094,-5.14533116880035,1.47620110252779e-05,0.00022863826820258,3.00418660351137
"TSPAN4",1.02214123826653,3.1608490072478,5.14512482379933,1.47706867547484e-05,0.00022863826820258,3.05286304481378
"RAB26",1.20940379146445,3.8731385730857,5.1439532923815,1.48200402082327e-05,0.000229144464388191,3.01070937079175
"HCN2",1.07446268079165,7.18040549643784,5.14344480500631,1.48415126612825e-05,0.000229218917768696,2.96223214905683
"SLC30A5",-0.611329236664017,4.15227703728852,-5.14275254639909,1.48707954063979e-05,0.000229413694604755,2.97030426070062
"ARHGAP33",0.859452397609262,5.26374668191427,5.13894598339448,1.50328487944069e-05,0.000231546999626354,2.93628112940975
"MFSD12",0.834327107969315,5.91803300397947,5.13801531385066,1.50727370868423e-05,0.000231749648102835,2.92783253330982
"EEFSEC",0.686819689148452,3.28726713543408,5.13723573477286,1.51062310633474e-05,0.000232005408105718,3.01865011754254
"SGK3",-1.06014884605664,4.41473834066842,-5.13532551004863,1.51886170292464e-05,0.000232885018151103,2.93809474644234
"MSANTD2",-0.79757138112748,3.71091095079924,-5.1351236103478,1.51973509410428e-05,0.000232885018151103,2.97152373386473
"TAF1D",-0.760033489750731,4.65586724088572,-5.13424791816579,1.52352903391053e-05,0.000233206707849198,2.92678579428053
"BBIP1",-1.07857991243756,3.9320098863409,-5.13315676591965,1.52826970114368e-05,0.000233672437304869,2.9540143579993
"BLOC1S3",1.49275698272395,2.45042169376847,5.13141955745154,1.53584768411224e-05,0.000234505717093108,3.05910721044112
"TAS2R14",-1.6803165992256,2.29645999648689,-5.13112694371488,1.53712780188928e-05,0.000234505717093108,3.04790390550566
"STX12",-0.759854328555491,5.46024791143018,-5.13028778090755,1.54080486177546e-05,0.000234806375447311,2.89965918508521
"PWWP2B",1.03290593234941,4.37573450762228,5.12873160854905,1.54764700480119e-05,0.000235588168507403,2.93912484475808
"RPL36AL",0.95727499700019,3.45605630009543,5.1257614990397,1.56079028903507e-05,0.000237326355441012,2.98212996991254
"PHPT1",0.831531688302231,4.29147497708978,5.1243664840213,1.56700192124242e-05,0.000238007874594006,2.9282104466968
"NDOR1",0.759712186812949,4.42412127361391,5.12359501773301,1.57044765603164e-05,0.000238268249114128,2.91879065731618
"NUDT22",0.803433336061274,3.39856951789001,5.12311455777485,1.57259744262178e-05,0.000238331645461656,2.97381328403004
"SNX16",-0.887834446791319,2.44737862047954,-5.12092635218805,1.58242567314964e-05,0.000239538267671357,3.01043662794098
"GTF3C3",-0.763312715801704,4.11333294433051,-5.12056810167081,1.58404057540102e-05,0.000239538267671357,2.91056096520654
"TMX1",-0.817087623745134,3.38917797127887,-5.11992971454505,1.58692234439352e-05,0.000239710629870464,2.9488902908726
"PBRM1",-0.59647455089835,5.77189709189764,-5.11927677261998,1.58987523396243e-05,0.000239893345335055,2.86853822612175
"H3F3A",-1.10931420448678,2.12461967110103,-5.1168843758669,1.60074168138081e-05,0.000241096153522886,3.01520849397874
"RFXAP",-0.730707407846835,2.61133166875503,-5.11599888325463,1.60478244221056e-05,0.000241096153522886,2.98785590751133
"TRNT1",-0.72288413004206,3.5050067702055,-5.11598303498609,1.60485485522101e-05,0.000241096153522886,2.93119025198924
"CSNK1D",0.629970809339801,6.91300505315934,5.11275408683897,1.61967667106191e-05,0.000242609109338169,2.87012457112249
"CMTM6",-0.901724850490763,3.93457599280393,-5.11069332533959,1.62920757484691e-05,0.0002434259005154,2.89199890207578
"RNF44",0.911114325787983,5.90337085659576,5.10991813882297,1.6328072511832e-05,0.000243699138650022,2.85080710979875
"RPS21",0.885205226941222,4.1291079623178,5.10907554490846,1.63672895387651e-05,0.000244019795604493,2.8948819672426
"GET4",0.712197307364417,4.59534800453075,5.10753167187846,1.64393906495631e-05,0.000244818301551347,2.86661974000781
"CEP83",-0.876340316933698,3.51480711093556,-5.10652184315943,1.64867226570708e-05,0.000244818301551347,2.90436440237903
"C2CD2L",0.719266105654691,5.3902663088495,5.10650592496382,1.64874698527197e-05,0.000244818301551347,2.84279531085663
"GHDC",0.803934976317806,3.29538635132949,5.10640919287095,1.64920111574812e-05,0.000244818301551347,2.93565168580995
"GPC1",0.887562914243504,7.32291173068466,5.10389398006078,1.66105330757257e-05,0.000246312010404162,2.85600369267215
"WDR92",-0.733719694363383,3.09874830210797,-5.10235972498127,1.66832476603777e-05,0.000247066604465344,2.91956001761086
"DENND6B",0.717189482130528,5.3163028308421,5.10202350536652,1.66992248980146e-05,0.000247066604465344,2.83148818563315
"NME2",0.677934064677897,4.6826646898975,5.10168590858656,1.67152829559796e-05,0.000247066604465344,2.84649762760633
"ZNF335",0.650751096245002,5.57773779048646,5.10087035375981,1.67541391291822e-05,0.000247216822854066,2.8244642968844
"GLIS1",1.40333896559865,2.87151675071732,5.10029069729862,1.67818110314975e-05,0.000247253213709247,2.95444049346489
"ZNF142",0.802676654335102,5.67740308408487,5.09547594551939,1.70134312281414e-05,0.000250171577918417,2.81029772154732
"BORCS8",0.789439309115106,3.85138915854187,5.09541541377855,1.70163634208983e-05,0.000250171577918417,2.87062196558446
"HRAS",0.86844519471061,4.21450493621152,5.09504271379481,1.7034428348925e-05,0.000250171577918417,2.85127431220482
"LMF2",0.657670274210282,4.57019734741099,5.09343104412269,1.71127674253959e-05,0.000251054149830355,2.82802374880781
"LYRM2",-0.598866983039775,4.89961863390094,-5.0926139100705,1.71526235450339e-05,0.000251370876041758,2.80489658726326
"KLHL5",-0.603645299372558,6.23262269997856,-5.08954128546182,1.73033238069412e-05,0.00025304042391851,2.79014140212018
"SYNCRIP",-0.589023372796271,6.48451503074461,-5.0873580596922,1.74112053858678e-05,0.000254078045933115,2.78852572255955
"KIAA0825",-0.692447084735384,3.84829346058072,-5.0859559086209,1.74808450204801e-05,0.00025482405543096,2.82893722791591
"GLUD2",0.71445403734554,4.45256335777914,5.084435044442,1.75566952042679e-05,0.000255658923498339,2.80903417589859
"TMEM54",1.34407033642048,4.01861295201522,5.08401480000007,1.75777119836374e-05,0.000255694391761981,2.8403131427781
"DGAT1",0.748636839862449,4.48429042032822,5.0814078713425,1.77086491691097e-05,0.000257327055138457,2.79947316280134
"LINGO1",1.71165950618411,6.8046303564538,5.08085525592418,1.77365300364412e-05,0.000257460326826442,2.78623684180399
"LRSAM1",0.588037759121802,5.27529645144033,5.07989831698826,1.77849137745441e-05,0.000257890620075344,2.76969594348613
"TBL1XR1",-0.74074210986342,6.7400424961282,-5.0777973013239,1.7891605952427e-05,0.000259164620538261,2.76807836555898
"CUL4B",-0.672644053280884,5.59822617054439,-5.07721619790833,1.79212277685677e-05,0.000259320731149591,2.75215728431211
"FAM50B",0.847505010976647,3.5963516841105,5.07674976008101,1.79450399176126e-05,0.000259392536035995,2.83655356070333
"SECISBP2L",-0.785748480093369,7.83861694771678,-5.0692913766066,1.83301181614482e-05,0.000264680751332307,2.77583114991059
"WRN",-0.651852285559285,4.44458348679966,-5.06795944170256,1.83997494873972e-05,0.000265269404797706,2.75147137917282
"ZNF780A",-0.784043280679362,4.07295320295543,-5.0677745077294,1.84094383825165e-05,0.000265269404797706,2.76699289163922
"TPGS1",0.808139183807648,3.43627006739337,5.06481975769587,1.85649336569297e-05,0.000266950942584127,2.81357761533651
"NOSIP",0.832979445031067,3.60657725056084,5.06362923745309,1.86279553856097e-05,0.000267577551212291,2.80003819408492
"MGAT4B",0.92957001479507,5.69460616922719,5.06319351496593,1.8651074270885e-05,0.000267630274287433,2.7223030997093
"SP2",0.846569869775069,4.16740568154444,5.06088223948903,1.87741874474634e-05,0.000269116243192234,2.75968808132032
"EIF3E",-0.69062254157182,5.3509875832795,-5.06012588275683,1.88146517245645e-05,0.000269212733620672,2.70659126875613
"KLHDC1",-1.05848740752359,3.18303679222795,-5.06002518028419,1.88200457628869e-05,0.000269212733620672,2.79796660366036
"NLRX1",1.08013398891565,3.47794664704583,5.05806524620807,1.89253358426456e-05,0.000270437743022478,2.79694716412585
"D2HGDH",1.00451528085056,4.42430784110083,5.05733245571986,1.89648531076279e-05,0.000270684828783473,2.73982010300256
"TSPAN33",1.03580336675229,4.17637238079619,5.05701556025027,1.89819678639671e-05,0.000270684828783473,2.75114928745748
"YME1L1",-0.713435179444415,5.35219085324124,-5.05655909321015,1.900664764609e-05,0.000270756188672717,2.6967156013883
"INTS7",-0.714683153123929,3.72070424597594,-5.05375284499576,1.91590782834131e-05,0.000272491854950406,2.74749371585055
"TM2D1",-1.15467234431135,3.12792890463166,-5.05358759899633,1.91680921148167e-05,0.000272491854950406,2.78425849762474
"HELQ",-0.595479260586955,2.92887024483543,-5.05172437490821,1.92700206116441e-05,0.000273376034677149,2.79318395711863
"PGM1",0.680218559814841,4.77692678018415,5.04878657717295,1.94318343083513e-05,0.000275387715671702,2.69717014161187
"MAPK11",0.963048112001035,4.62019863957232,5.04623098354527,1.95736988990324e-05,0.000276404551446483,2.70033914468565
"MVD",0.726006206634952,5.16721146963205,5.04579707793793,1.95978880623483e-05,0.000276404551446483,2.67904470220679
"PIAS2",-0.830653652569485,6.03139947774036,-5.04568726836053,1.96040144038782e-05,0.000276404551446483,2.66673502904411
"ATF6",-0.620472694759705,5.62729635524921,-5.04194136051258,1.98141495544347e-05,0.000278611214517943,2.6545669626782
"RAB30",-0.868021989513636,6.22687034864374,-5.0396998690443,1.99409646259948e-05,0.000280007769610525,2.6526850962453
"HAGH",0.767379248119005,5.11918140571278,5.03797633407057,2.00390263209485e-05,0.0002810979013278,2.65905465976967
"LRRC14",0.743280130120223,5.37768459412387,5.03751031263316,2.00656234874997e-05,0.000281184363351816,2.65251709384042
"NDUFS8",0.629356748735126,4.65822332981398,5.03002073734011,2.04979399655782e-05,0.000286950307086797,2.64895795152483
"ARFGAP1",0.847446698290028,5.96187862574742,5.02806604310636,2.06122911352378e-05,0.000288257864138219,2.62435168974776
"MED23",-0.778765167400517,4.93924311731126,-5.02691858318602,2.06797147583968e-05,0.000288907162223653,2.62220469849174
"TESK1",0.871829072570256,5.1390995035146,5.02649687438844,2.07045492210007e-05,0.000288960752363277,2.62792137523093
"ABHD8",0.944429772633216,5.62917771161338,5.02476714359552,2.0806724963777e-05,0.000290092545315638,2.61697910922271
"ADCK5",0.901277193278244,2.54375946615404,5.02407482440531,2.08477613318399e-05,0.000290260342294198,2.75972692065253
"SLC35A5",-0.944784555924754,4.3052148793647,-5.0238526754438,2.08609460452701e-05,0.000290260342294198,2.63503579334971
"CD58",-1.25256325180693,1.62009447305779,-5.02297679332836,2.09130114542727e-05,0.000290690859214391,2.77754920531621
"IDE",-0.627873169178818,4.31782586110158,-5.0214220961513,2.10057474834787e-05,0.000291504404373279,2.62838394480216
"NCOR2",0.914819369193895,8.49423922997283,5.02128563797246,2.1013906630208e-05,0.000291504404373279,2.66151650701264
"CDC37",0.76003595937362,5.2404530059639,5.02016270888821,2.10811693246303e-05,0.000292142971879393,2.60727438347315
"FAM73B",0.700007796442777,5.37972911421319,5.01654428683831,2.129937520393e-05,0.00029486992171155,2.59411079074187
"C1QTNF4",1.24668230624521,3.25438332459005,5.01019146170656,2.16879423277442e-05,0.000299646359811333,2.68489296681801
"UBR1",-0.670268798886417,5.87925518793468,-5.00731362211278,2.18662836220217e-05,0.000301807350975567,2.55935647051709
"PRRX1",-0.748644580578218,4.63934712860901,-5.00568897700696,2.19676091034379e-05,0.000302902073018446,2.57237630127909
"CTD-3099C6.9",-1.12455733949277,2.63866371725512,-5.00450139407499,2.20419722120385e-05,0.000303319579609862,2.68335083797855
"UBA6",-0.899495484384762,5.75259476599691,-5.00365507861559,2.20951193068137e-05,0.000303747189591472,2.54897992135514
"RPL12",0.74773922277983,4.89716792223053,5.00061059834005,2.2287366501859e-05,0.000306084281868344,2.5617607613714
"PAICS",-0.600421306764818,4.64467555255499,-4.99951915365821,2.23566926005542e-05,0.000306730256107902,2.55549119691468
"ZNF138",-1.17486695703363,3.90348801092713,-4.99554929851767,2.26106678565832e-05,0.00030990577726538,2.57700685196152
"TVP23B",-0.767691023305929,2.85934574448851,-4.99157111615905,2.28680628017113e-05,0.000312609099256418,2.63351623617999
"HSPB11",-1.09449064508186,2.02035150346773,-4.99144834178059,2.28760528269176e-05,0.000312609099256418,2.68303794047677
"CALU",-0.70317971301154,5.29829998622863,-4.98974459902093,2.29872184410533e-05,0.000313777420640744,2.51271306250133
"PRR7",1.20577302305983,3.80621641353955,4.98943996447231,2.30071519094913e-05,0.000313777420640744,2.59122601546933
"OCIAD1",-0.89102182885865,5.55295453303559,-4.9880633299265,2.30974458727904e-05,0.000314696982827196,2.50605061641153
"BET1",-0.901326276450488,2.3278217166301,-4.98703298841807,2.31652575341107e-05,0.000315308713082985,2.65555333669457
"DYRK1B",0.733873876437016,4.3781564628376,4.98484669893115,2.33098060135032e-05,0.000316337515337099,2.53784173025654
"CDK17",-0.877184508729643,6.10861274126304,-4.98279778736039,2.34460880719897e-05,0.000317873515230197,2.49390018105475
"NEMP1",-0.869324207897442,3.39283774585912,-4.9822735650561,2.34810838686093e-05,0.000318034640862138,2.57148976883305
"LY6E",1.03486300903905,5.67848579865035,4.98181363790475,2.35118303781307e-05,0.000318137952638601,2.49927822800734
"STYX",-0.86335193251454,3.69147379387395,-4.98102984356666,2.35643202209116e-05,0.000318418727569561,2.54922736408746
"KLHL21",0.762118170843843,6.79879124625332,4.98081304892047,2.35788593411367e-05,0.000318418727569561,2.50405153706692
"MEN1",0.677631019969559,4.28729449291215,4.97834706029575,2.37448694236502e-05,0.00032015443334275,2.52374395720023
"POC1B",-0.930758371112283,4.39940463252546,-4.97793277087867,2.37728734812416e-05,0.00032015443334275,2.50454992809892
"SNX8",0.9714272779665,5.55172262138004,4.97786904270184,2.37771841346043e-05,0.00032015443334275,2.4883207456993
"PYROXD1",-1.12181612136648,2.48445083665957,-4.97734907912288,2.38123842577025e-05,0.000320314975337482,2.61985331634552
"HLTF",-0.706148907923924,5.13970257128448,-4.97693211816401,2.38406489245925e-05,0.000320382001807927,2.47985178411268
"ZNF540",-1.07604616624488,3.59235815986071,-4.97630346115011,2.38833271614857e-05,0.000320642404945566,2.54229452215875
"NXPH3",0.953424211284107,3.88589564388102,4.97515308275159,2.39616213603303e-05,0.000321379991753904,2.542494516341
"ZNF37A",-0.749462484566714,6.33220016466888,-4.97416294586839,2.40292145213134e-05,0.000321972756599604,2.47315248246549
"PTRH1",1.08871738941035,1.41520829764564,4.97376948525906,2.40561274544347e-05,0.000322019815078284,2.6425562511114
"ALDH2",0.61220546662196,6.8388861605012,4.97141918005204,2.42175168841791e-05,0.000323865160197462,2.47839661062629
"STAM2",-0.735210113474897,4.65628209059947,-4.96843840981455,2.44237525817583e-05,0.000326095035570984,2.46910499243542
"ANP32E",-0.795101421777163,5.64683691108844,-4.96831016852653,2.44326646200561e-05,0.000326095035570984,2.45113378299714
"STK17A",-0.868318380219875,2.75774869606171,-4.96798393816066,2.44553503894525e-05,0.000326095035570984,2.57626524699553
"HAUS6",-0.618952022457616,4.47490894595129,-4.96699988540306,2.45239078518118e-05,0.000326376688538474,2.47199609699497
"CCDC94",0.728944143738934,3.5220018818544,4.96535558674621,2.46388915463448e-05,0.000327590131950966,2.53439718886817
"MGRN1",0.780434156774083,6.1044892285935,4.96465532382407,2.46880230982678e-05,0.000327610304585596,2.44937077881027
"ZBTB37",-0.787855038067034,6.78812022113174,-4.96410240083102,2.47268860559055e-05,0.000327672418332156,2.4556298790218
"SIL1",0.640551072295064,3.88511707135717,4.96385059490874,2.47446047926374e-05,0.000327672418332156,2.50577590587283
"FASTK",0.703949333276308,4.8706427024267,4.9635731988652,2.47641388754772e-05,0.000327672418332156,2.45964792516745
"DUS1L",0.619505660358389,4.71455528629045,4.96288393100803,2.48127433473233e-05,0.000328000154853522,2.46205641050669
"ATN1",0.921432945670199,8.34931656286089,4.96038256508944,2.49899301523672e-05,0.000329261539878931,2.48992783434999
"ZNF575",1.3427949962723,1.40201057680595,4.96023331459219,2.50005422563963e-05,0.000329261539878931,2.60390922093911
"NYAP1",0.964016444952086,6.36022489350631,4.95957789387423,2.50471976124827e-05,0.000329516717347395,2.43934944996698
"HSD17B10",0.834015701174934,3.3599088040125,4.95864261676314,2.51139245760495e-05,0.00033007900295226,2.52903818257873
"NUDC",0.598694709520613,5.00360481800583,4.95561189488812,2.53313702500391e-05,0.000332619261460676,2.43255471082951
"MAP3K10",1.13930486350161,6.74717146006105,4.95506031359148,2.53711460554008e-05,0.00033282396650941,2.43412389548693
"AGPS",-0.71129999912442,4.9383334866803,-4.95337451690245,2.54930991389757e-05,0.00033350838062473,2.41927508391116
"MNAT1",-0.592225723317428,3.85878311264765,-4.95226010358034,2.55740381641039e-05,0.000334000392997818,2.46118224986814
"CFAP69",-1.19829471075895,2.5770761905112,-4.95214816178311,2.55821825608386e-05,0.000334000392997818,2.5457962591698
"ATP5D",0.88709281765297,4.28713361906439,4.95148086857737,2.5630785578375e-05,0.000334317763359259,2.45347193180492
"PANX2",1.3211693913553,5.02463899213907,4.95108319294042,2.56597944765382e-05,0.000334379196772389,2.42965896037657
"UBE2L6",0.837968182449252,4.26721060642153,4.94918529982824,2.57986899123813e-05,0.000335871118149744,2.4470338848196
"VN1R1",-1.02442974295882,2.58416627382296,-4.94704441101668,2.59562685144252e-05,0.000337297084182964,2.53127453789932
"PITPNM1",0.987882459309695,6.2274812771344,4.94703122048035,2.59572423624561e-05,0.000337297084182964,2.40347523913573
"PLEC",1.04095711048078,10.349665522551,4.93889346220063,2.65650432507602e-05,0.000343896105525598,2.50019498343636
"DGKQ",1.05400018601844,5.86002644191287,4.93804410765541,2.66292925841917e-05,0.000344253829811085,2.37799149132565
"EEF2",0.786024828890204,9.88203603210971,4.93786699519046,2.66427097412111e-05,0.000344253829811085,2.47993935497639
"DYNC2H1",-0.634037103968994,6.63905075444875,-4.93719540673428,2.66936471781117e-05,0.000344588441667912,2.37744909561453
"LZTFL1",-0.799651299404043,3.726481776648,-4.93669959679479,2.67313147534492e-05,0.000344751286150154,2.42550510025357
"SLC25A36",-0.879009362484111,5.35504245200165,-4.93601237128681,2.67836121364443e-05,0.000345102328286152,2.36380989890047
"C3orf17",-0.873908723351264,3.9632669500128,-4.9308601110248,2.71789574423747e-05,0.000349661266135648,2.39586331766543
"NPDC1",0.705883475173298,6.78398342937412,4.93073986434566,2.71882533802153e-05,0.000349661266135648,2.36545809052584
"IMP3",0.971194745005596,3.48767868919508,4.93034616716013,2.72187111966362e-05,0.000349726129576948,2.44657358034726
"ZNF197",-0.590594878629974,4.97708367602337,-4.92891292554203,2.73298793883131e-05,0.000350454238901346,2.35101896561523
"CDADC1",-0.694051669305694,2.70110097024706,-4.92874538274942,2.73429042098977e-05,0.000350454238901346,2.47414907551248
"BORCS6",0.711630937602186,3.11169603244969,4.92863124847488,2.73517805813564e-05,0.000350454238901346,2.46212813378635
"PRR36",1.27222950432216,5.26258548471553,4.92678653306946,2.74956454601769e-05,0.000351969839234878,2.35666653722453
"SLC30A6",-1.17793764569083,3.72470975739554,-4.9247898422631,2.76522125034738e-05,0.000353645070873888,2.39308748763426
"FOXN2",-0.95976408835567,5.35614557800569,-4.92341536121489,2.77605060434207e-05,0.000354700393373734,2.32920702178158
"RNF26",0.652061881499075,4.4864285270585,4.92219397853579,2.78570917566353e-05,0.000355604303954599,2.35943489160628
"CHST1",1.01462193893343,6.49083997891109,4.92058191872725,2.79850846873303e-05,0.000356701572129835,2.33410259130656
"SLC35A4",1.05624525667055,4.62812685561688,4.92045870965477,2.79948912070505e-05,0.000356701572129835,2.35432073896422
"PLEKHA3",-0.599341365443599,5.73261710276461,-4.91989138275198,2.80400903853447e-05,0.000356946978531664,2.31746176348295
"TRAPPC13",-0.975419501563045,3.58887274169672,-4.91892376677498,2.81173486138707e-05,0.000357176778746049,2.38519865873134
"SART1",0.805097777792416,5.09038447311647,4.91878831367745,2.81281806286176e-05,0.000357176778746049,2.33165994775305
"NACC1",0.836526405430085,6.60852592989074,4.91869044559801,2.81360096040053e-05,0.000357176778746049,2.3294932432733
"SNRNP48",-0.939556270545425,3.5601935496948,-4.91830986732569,2.81664746793348e-05,0.000357233970564356,2.38535805936434
"GATSL2",0.759481817310042,5.36111099627109,4.91610955763339,2.83432537018212e-05,0.000358975056687566,2.31788963453167
"VPS50",-0.80469605878884,5.02088664807475,-4.91595236538962,2.83559251957986e-05,0.000358975056687566,2.3140097863137
"KBTBD3",-0.85708840385552,3.30672772724518,-4.91358722337501,2.85472655573574e-05,0.000361065185050364,2.38941045547938
"TVP23C",-0.58251735047198,3.83177096738077,-4.91301119787358,2.85940605952916e-05,0.000361200721766495,2.35514052384687
"NUDT5",-0.735402909703756,4.16430896526327,-4.91278962222393,2.86120812588246e-05,0.000361200721766495,2.33612886283007
"MOSPD3",1.01225536641404,2.62570663599434,4.91245061349403,2.86396746141791e-05,0.000361200721766495,2.45562818816516
"NSMCE2",-0.806854387670387,2.3562197404794,-4.91216461065827,2.86629742147382e-05,0.000361200721766495,2.45222828254235
"DESI2",-0.656790441871901,3.97702862108082,-4.90900055171707,2.89220021296808e-05,0.000363798602656799,2.33564364318656
"NEMP2",-0.901917989311302,2.33758357412143,-4.90784492921732,2.90171883405666e-05,0.000364662583337477,2.44161244624546
"RPS24",0.791635575924184,5.58959384443365,4.90721317012935,2.90693569065231e-05,0.000364984872619219,2.29131625757796
"RALA",-0.701416176979694,4.66847207015127,-4.90570714566795,2.91940966065586e-05,0.000366216921971607,2.29586765224161
"ERP44",-0.852928041814178,4.49877787272429,-4.90453005360432,2.92919629523537e-05,0.000367109929132367,2.29848733832143
"SLF2",-0.713076440376541,6.28862648976749,-4.90252550591418,2.94593788464776e-05,0.000368847727411501,2.27467640893282
"SLC35E4",0.815481673853411,3.3388731911843,4.90220941819752,2.94858647434649e-05,0.000368847727411501,2.37736186914174
"SKIV2L2",-0.652106573462176,5.31831285641864,-4.9019092977296,2.95110346544628e-05,0.000368847727411501,2.27004400048989
"IFITM10",0.920990392673028,3.2536169553247,4.90059077309477,2.96218679094546e-05,0.000369897027497282,2.37994292255017
"CHCHD2",0.718279570949347,5.10869357105556,4.90022731291871,2.96524926849897e-05,0.00036994374600013,2.2792023275528
"ZNF566",-0.877921061259033,3.27309308769919,-4.89940638906846,2.97217789983161e-05,0.000370472283329555,2.35302109661934
"QPRT",1.02227647007345,3.3587238415284,4.89868087658597,2.97831467937494e-05,0.000370844684623717,2.36923943660768
"FAM131C",1.20602405446062,2.65418025335016,4.89841634785707,2.98055534622361e-05,0.000370844684623717,2.42098412972828
"LSM4",1.2523026380231,3.43109580946979,4.89770246208618,2.98661063627717e-05,0.000371262411615268,2.36966248630887
"SPSB3",0.743825486245426,4.30884184550565,4.89700894228098,2.9925049143648e-05,0.000371659387423953,2.30030332300452
"RNF13",-0.870268530453907,5.03252870537469,-4.89466465209796,3.0125151406156e-05,0.000373807221370706,2.25510345438586
"THRA",0.7694278743949,8.12361459575065,4.89330673627377,3.02416684874122e-05,0.000374914955004756,2.29890349129035
"ZNF205",0.915028781883815,3.13688435436699,4.89190609631492,3.0362321886608e-05,0.000376071927526204,2.36381923389771
"MITD1",-0.995909071759463,2.45236398584687,-4.89088481474217,3.04505989034317e-05,0.000376826161429967,2.38835321101827
"TNRC18",0.89348569867334,7.6347081379161,4.88818756909751,3.06849731979548e-05,0.000378605110998932,2.27041405233004
"MPG",0.848670016000312,3.00700412629645,4.88804623896949,3.06973033514725e-05,0.000378605110998932,2.36183545250779
"STK16",0.658225808815508,3.54508862410692,4.88796610585887,3.07042966472218e-05,0.000378605110998932,2.31908340822495
"CEP63",-0.629994593631298,4.12042970654929,-4.88796487553344,3.07044040313064e-05,0.000378605110998932,2.27042856025776
"PRR12",0.847469358239712,6.7405224606153,4.88689568817323,3.07978653761091e-05,0.000379417569776757,2.24448888889414
"BTBD2",1.09583420565768,7.44860902307338,4.8831560969914,3.11269902210936e-05,0.000383129259778594,2.25176606962915
"NTSR2",1.65484126252827,3.66174663370511,4.88244696365437,3.11897956905273e-05,0.000383515977348813,2.32075368893227
"SLC25A5",0.66363992395322,5.21063852405562,4.88217238226545,3.12141482908706e-05,0.000383515977348813,2.22607536657361
"ST6GALNAC4",0.994822720554167,3.33975191644394,4.87800546566141,3.15860446009588e-05,0.000387739125560922,2.31358587341698
"TAF1A",-0.929100607598106,1.56773797568017,-4.8768695082651,3.16881917950232e-05,0.000388646352309549,2.3917741584835
"B3GALT6",0.788500327059841,4.11657984621672,4.876242563301,3.17447085586697e-05,0.000388992817876985,2.25478973264365
"PPP1R37",0.760788319052739,5.62989215247285,4.87510188698026,3.18477938960758e-05,0.000389908800537277,2.20188735820734
"EOGT",-0.792643194694943,3.32513039661423,-4.87362029461797,3.19821864075348e-05,0.000391206104136965,2.27910877512545
"TNPO2",0.591387828768124,7.81191033227421,4.8707666599917,3.22426278111888e-05,0.000393436663070465,2.22761358418985
"TCF4",-0.667091324499702,7.71067142388171,-4.87068280409729,3.22503129091988e-05,0.000393436663070465,2.22563905780274
"MT2A",1.53079395964739,5.96863121766354,4.8655803513757,3.27213832663174e-05,0.000398476951440526,2.18422866769335
"GTF2F1",0.587171116547114,5.48922258292692,4.86463429308476,3.2809475556773e-05,0.000399196457238509,2.1725221059412
"EXOSC3",-0.692448183069388,3.14685946700885,-4.86427291618024,3.28431874912728e-05,0.000399253624617849,2.26666829974578
"FKRP",1.71447282933876,3.0910941244301,4.86241113037818,3.30174161197281e-05,0.00040066372418305,2.3083032423904
"TMEM205",0.740068395631756,3.75743121725322,4.86153169323453,3.31000348541838e-05,0.000401312404958963,2.23445544646981
"TTLL12",0.648366715960626,5.51689312650915,4.85952249023831,3.3289562622873e-05,0.000403254992300489,2.15870703367874
"FXYD1",1.20321269133681,5.10324217393047,4.85768796662249,3.34635564299274e-05,0.000405006156580678,2.16882285373397
"PARP11",-0.635642514599644,3.41728356485304,-4.85728431099142,3.35019621666198e-05,0.000405114676076323,2.22860393485266
"AC024592.12",1.75089448429965,1.3330820403755,4.85360528964266,3.3854030904412e-05,0.000409012571795973,2.32057215711395
"TMED7",-0.824448921120775,5.72946305665562,-4.85209200159353,3.39999139401585e-05,0.000410414750640808,2.13058248532526
"ATL3",-0.787584887165001,5.61853469875201,-4.85141880203339,3.40650122703275e-05,0.000410840169896561,2.1287127010801
"MFN1",-0.644468315190112,4.73041269680046,-4.85005298210346,3.41974684275617e-05,0.000411785094821193,2.14073186897689
"RSPRY1",-0.587774669727017,4.52378893450467,-4.84999390416316,3.42032093147754e-05,0.000411785094821193,2.14810751335598
"SLC25A39",0.879249226230435,4.62961848629007,4.84806099727026,3.43915693096041e-05,0.000413690896214565,2.1528970333614
"CNOT7",-0.744952593611872,5.35507449383537,-4.84680915291271,3.45141109958562e-05,0.000414760682786643,2.11774237089216
"PYGB",0.586188276883804,7.82280543843726,4.84653724668767,3.45407850064307e-05,0.000414760682786643,2.16145176715877
"FAM8A1",-0.881552080385204,5.4211495231421,-4.84584100815127,3.46091796193894e-05,0.000415219634474644,2.11453331435347
"RPL10A",0.698294280101143,6.18039552368571,4.84520519326224,3.46717563145766e-05,0.000415608047600077,2.12003801881081
"CKB",0.775912248498669,7.17961095484701,4.84443938777575,3.47472761859641e-05,0.000416150798603179,2.13758103140958
"SPNS2",0.829843668543804,6.32801683187887,4.84395116126469,3.47955080707036e-05,0.000416366075270393,2.11925084239876
"TMEM63B",0.786008444198943,5.83700462912621,4.84214702017092,3.49743179938646e-05,0.00041814212850875,2.11092704045875
"APPBP2",-0.663801135686693,5.71844774842292,-4.84046744663894,3.51416039357983e-05,0.000419777440764341,2.09845538199844
"UBE3D",-0.833140059522543,2.8430435621352,-4.83988337553431,3.51999640122771e-05,0.000420109891390239,2.22242683357588
"NEDD4",-0.657928665949424,3.8172493607432,-4.83934470237491,3.52538734622717e-05,0.000420388693859896,2.15369266448993
"RBCK1",0.631763341635386,5.41887321455301,4.83685545081102,3.55040626271056e-05,0.00042300554615723,2.09745068007323
"SLC52A2",0.963805256249176,2.96375374705505,4.83647414684724,3.55425424226555e-05,0.000423097687091836,2.22793882407773
"ERCC6L2",-0.595851411673093,6.1207014369749,-4.83535341216292,3.56558833261344e-05,0.000423713825950721,2.08700456380257
"RPP30",-0.953611214557789,2.92643896251546,-4.83373361354684,3.58203310002591e-05,0.000424997166820019,2.19931475376798
"LSM10",0.758401223706056,3.15133850212642,4.83368138549396,3.58256459204434e-05,0.000424997166820019,2.20166705535889
"RHOT1",-0.635009686123018,5.11453512481954,-4.83306607908711,3.58883209060592e-05,0.000425373974150113,2.08372104566728
"VKORC1",0.83438495006014,2.95722339624099,4.83198166458483,3.59990449100129e-05,0.000426001946319088,2.21331241415648
"ELOVL7",-1.39562869037605,4.48379997263248,-4.83194087263719,3.60032165953855e-05,0.000426001946319088,2.10029773342584
"RPL38",0.695517292452191,4.93295381969053,4.83055118134548,3.61456244460066e-05,0.000427319534365547,2.09139484187171
"C21orf2",0.682159700315157,4.78174798976335,4.82952907277198,3.62507221267929e-05,0.000427547224527979,2.09356178156562
"SMC4",-0.936400094985316,3.30693654503256,-4.82946964440194,3.62568421592233e-05,0.000427547224527979,2.1597214753607
"AHDC1",0.797894066792873,7.03774620860531,4.82915596917784,3.62891619975786e-05,0.000427547224527979,2.09203455196022
"DDX58",-0.647655235792477,4.1419545933977,-4.82724581434027,3.64865965723734e-05,0.00042950560772663,2.1025759997529
"TRAF3",1.46696237193108,5.58884008099352,4.82571978009949,3.66450961283845e-05,0.000431002707540768,2.07638646655795
"RAB11FIP3",0.850497521030269,7.31752116023029,4.82538107425474,3.66803681851707e-05,0.000431049143122232,2.08902230289662
"SDF4",0.634629854488989,5.5913607860975,4.82469286055399,3.67521413016485e-05,0.000431524075470977,2.06216973739215
"PRAF2",0.772626065318354,3.99341464606073,4.82322128316963,3.69060799016202e-05,0.000432521922370001,2.11625915002466
"HIST1H4K",1.76236701335596,0.919329449209551,4.82316826888581,3.69116375721602e-05,0.000432521922370001,2.21723300804932
"FAM98C",0.761905438053953,4.03543344823149,4.8229796381379,3.69314191399427e-05,0.000432521922370001,2.1122624749959
"SSSCA1",0.729170860570393,2.99322413661013,4.82240042543618,3.69922267071342e-05,0.000432865673228635,2.18266162357089
"ENPP4",-1.20727915505427,5.04029266235893,-4.82169176509916,3.70667596312986e-05,0.000433369311203314,2.05475918262177
"TMSB10",1.17639676263422,4.96181377237128,4.82033841473646,3.72095128929337e-05,0.000434300345139662,2.07043577785549
"ARX",1.09653459425631,2.33651777626034,4.81864081277572,3.73893520625156e-05,0.000436029554010405,2.22063986572503
"DMTN",0.900823342507779,6.91063555841093,4.81722545535868,3.75399520260166e-05,0.000437415139568175,2.05674357748339
"PPP6R1",0.879371006039389,7.75159868283112,4.81664946096356,3.76014129129955e-05,0.000437760611756117,2.07744920505243
"CCDC122",-1.63510569775635,1.34791356938761,-4.81364800546209,3.79233040799193e-05,0.000441040760824481,2.22747864620986
"SPHK2",0.848020218660332,5.86088669019075,4.8130639806822,3.79862557626761e-05,0.000441040760824481,2.03121660369589
"ARMC8",-0.583731304133878,5.23675034091143,-4.81283133674842,3.80113612628323e-05,0.000441040760824481,2.02587001237932
"RPUSD1",0.932230997024589,3.74842924961038,4.81063523138523,3.82491664221585e-05,0.000443052844390002,2.10026641323968
"RP11-162P23.2",1.06945501939151,1.52475759131733,4.80834206468648,3.8499061818738e-05,0.000445572405119978,2.21326746253813
"N6AMT1",-0.737520866288967,4.70844196810315,-4.80710062016754,3.86350239638897e-05,0.000446020608026079,2.02315246547867
"ZNF277",-0.587930354423698,3.41977985530564,-4.8021877230477,3.917778318558e-05,0.000451151024616541,2.07833748647655
"FAM175A",-1.34069462984773,1.81969780934064,-4.80037789314094,3.93796329528457e-05,0.000452899169895592,2.18185636246488
"ZFAND1",-0.751098958818678,3.47356604493622,-4.79988698933557,3.94345614488833e-05,0.000452899169895592,2.0675560780434
"CIZ1",0.624953171516006,5.81719048523303,4.79988092238956,3.94352407717548e-05,0.000452899169895592,1.992742458568
"HSPBP1",0.612276000334517,4.44459885676891,4.7996488169771,3.94612386239964e-05,0.000452899169895592,2.02422326392568
"SPIRE2",0.66301724339982,4.28959102073577,4.79875362439936,3.95616678771694e-05,0.00045367342638144,2.0305925604534
"FAM89B",1.19705613030027,4.15412448493033,4.79693854675144,3.97660776597778e-05,0.00045494470736659,2.04260159880119
"PAWR",-0.786882426960683,4.11355932954405,-4.79684404042838,3.97767494695053e-05,0.00045494470736659,2.02025819001389
"CST3",1.29547326932482,8.610951799504,4.79659602699223,3.98047691061241e-05,0.00045494470736659,2.05036178054064
"POLR3B",-0.701508485138985,3.27498096459638,-4.79620514113043,3.98489698026176e-05,0.000455071928177445,2.07188987136445
"NOC2L",0.606834612765523,5.21034693765581,4.79417420314006,4.00794118338009e-05,0.000457324035028967,1.98339598378431
"RPL8",0.834502205376534,5.57468357817116,4.79228983588678,4.02944084658554e-05,0.000459255864132672,1.97537700608587
"NXPE3",-0.699567491664201,6.68711439045448,-4.79210584008777,4.0315462820454e-05,0.000459255864132672,1.97930377746269
"RPS6KA5",-0.676528819926032,5.84173884058568,-4.78992989841459,4.0565283926542e-05,0.000461719497198631,1.95967201318602
"NAT8L",1.11436891697291,8.47673496712881,4.78791264524289,4.07982611416154e-05,0.000463865995490785,2.02176764828692
"PGLS",0.929796831567873,3.74258260915858,4.78771390260207,4.08212862829257e-05,0.000463865995490785,2.03776187706194
"PAK4",0.79555254573172,4.49751477272378,4.78738266557297,4.08596901625203e-05,0.000463919303899704,1.99056194473808
"PHF6",-0.749917470956644,4.45645628605536,-4.78658803052416,4.0951967347486e-05,0.00046458369552247,1.97610621994319
"PSMD5",-0.774292000397983,3.70867837974739,-4.78587353423187,4.10351153628847e-05,0.000465143511127394,2.01367164982841
"RNF126",0.666066968297644,4.06796303192319,4.78540049906436,4.10902562059607e-05,0.000465385198066029,2.00595325206759
"PPP1R1B",1.26134594469527,7.11878994116504,4.7844531371696,4.12009101365341e-05,0.000465781559319757,1.97303058696092
"CAPN15",0.902797388192632,5.61003763675668,4.78423188132676,4.12267959633358e-05,0.000465781559319757,1.95367569378707
"OSBPL8",-0.831177074866977,6.07124576392954,-4.78364866129062,4.12951073321541e-05,0.000465800134893463,1.94440446147009
"BAX",0.8090363293344,2.8925128664322,4.78325720338727,4.1341021122934e-05,0.000465800134893463,2.08591889344715
"VAMP4",-0.903529223019278,4.89463151204528,-4.78249130854192,4.14309992268081e-05,0.000465800134893463,1.94977540981318
"POM121",0.70355989654558,5.57726278979114,4.78226910611709,4.14571402254765e-05,0.000465800134893463,1.94624823034916
"YPEL3",0.618863737369259,4.79413809891691,4.7821297663787,4.14735412135941e-05,0.000465800134893463,1.96191161215826
"ZNF397",-0.835585271242967,5.6365981705139,-4.78201651551982,4.14868761631951e-05,0.000465800134893463,1.93765954504098
"ADGRA1",0.99393384597283,5.14189793225429,4.78191159149743,4.14992344582069e-05,0.000465800134893463,1.95647647808942
"CSNK1E",0.664588581956929,6.67569124210345,4.78134391583775,4.15661606758342e-05,0.000465833398438418,1.95192189489404
"ANO8",0.823270356622946,5.87006351929125,4.78131221335571,4.15699014085006e-05,0.000465833398438418,1.94375619804653
"CEP97",-0.846523100134736,5.3084530564079,-4.78093374908347,4.16145841450202e-05,0.000465954672432566,1.93707324006178
"C9orf72",-0.936240329535157,4.35266569238366,-4.78040120258985,4.16775392430196e-05,0.000466280176848125,1.96336689768806
"REEP3",-1.18880954482077,5.33545624724586,-4.77977456778378,4.17517383210852e-05,0.000466730845683553,1.93451407808913
"SH3RF3",0.804894070986443,5.36910741043586,4.7787129084938,4.18777480872438e-05,0.000467446560904873,1.94028394175592
"TWF1",-0.745576031304436,4.75315499004183,-4.77866283246731,4.18837010097892e-05,0.000467446560904873,1.94351888243405
"FRA10AC1",-0.646818308266648,4.25424875871344,-4.7782609881434,4.19315018196741e-05,0.000467600807569315,1.96257988811779
"FAM58A",0.712246087909521,3.32267700622446,4.77758599607057,4.20119166617282e-05,0.000468118206625135,2.03553650992176
"SLC25A42",0.620317975528112,5.10810698246821,4.7772701338877,4.20495994030958e-05,0.000468159010830098,1.93926328446403
"UQCR10",0.795233817821072,3.09401374156925,4.77489138359435,4.23344690546543e-05,0.000470949578545754,2.04690395132357
"FURIN",0.886488562904116,6.30289567689747,4.77292867744134,4.25709593571214e-05,0.00047319787698978,1.92402595230237
"TTBK1",0.725711378890675,7.10958628822012,4.77220809626617,4.26581129011482e-05,0.000473783931906941,1.9372736592
"CEP57",-0.814235143515664,3.81117649335975,-4.76997515792558,4.29293128573733e-05,0.00047641151147606,1.96367131782248
"FOXJ3",-0.651653954922604,6.00746397250163,-4.76831223809993,4.31323948366859e-05,0.00047827952082807,1.90133126538276
"C1orf122",0.921105314993449,4.60791955142424,4.76764822673116,4.32137530142313e-05,0.000478795857672171,1.9340769289895
"MFSD7",0.983259267913625,1.60174997267189,4.76705386044742,4.32867073262833e-05,0.000479218326240534,2.10558622366715
"ILVBL",0.653990656419286,4.34342788582598,4.7665579279285,4.33476732952406e-05,0.000479507501781195,1.93910304354562
"FAM107B",-1.05462987659677,6.5791293701104,-4.76622516580286,4.33886282604238e-05,0.000479575030917022,1.90648043301364
"ST7L",-0.596045218956665,3.69441323716929,-4.76463475412272,4.35849014608314e-05,0.000480971795511228,1.95717586845856
"LRFN4",1.002929369485,4.57258179835704,4.76388408167459,4.36778486164979e-05,0.000481611277893932,1.92677131344683
"AC007325.2",1.67297937310972,4.07429401798918,4.76341784548874,4.37356764838343e-05,0.000481862805519651,1.96868676280968
"ANKAR",-0.771408523253828,3.80910577287172,-4.75992989463789,4.41707132452034e-05,0.000486266547973795,1.93645797989675
"ALDOC",0.867665167172354,8.21048884922593,4.7541524943106,4.49007879625892e-05,0.000493908667588481,1.92056397899758
"NFKBIL1",0.818479133939798,3.53424466506489,4.75316571652285,4.50266784786258e-05,0.000494759377299225,1.9554719973606
"SCAMP4",0.774463396243156,5.7235716620494,4.75298295902188,4.50500326833754e-05,0.000494759377299225,1.86551568962023
"AMY2B",-0.610967858671181,4.81615197415937,-4.75073280561815,4.53385639400908e-05,0.000497531083237312,1.86506280913076
"VPS9D1",0.649126938417185,4.95426585394572,4.75029054914501,4.53954889707624e-05,0.000497689338050065,1.86967632488116
"MIB2",0.604436004212091,6.20326895268375,4.74993913199644,4.5440772274631e-05,0.000497689338050065,1.85756375941922
"LNPEP",-0.680172891850516,7.38149454144223,-4.74977850710796,4.54614852066661e-05,0.000497689338050065,1.88364474451365
"METTL14",-0.721071598610476,3.95332621716998,-4.74689266079271,4.58352246027478e-05,0.000501381975960582,1.89243425751589
"SHOC2",-0.703977491754893,5.486443566268,-4.74453953627973,4.61422317571268e-05,0.000503939088261763,1.83511283600241
"CDYL",0.591651470183477,4.7908547911492,4.74419496915914,4.61873579393097e-05,0.000504031905315496,1.85765394903087
"ZMYM6",-0.933678118181034,4.31873136206728,-4.74340442815838,4.62910568743646e-05,0.000504736951264811,1.86345153505652
"MTCH2",-0.63269817067978,4.70013533229723,-4.74314359003176,4.63253229741629e-05,0.000504736951264811,1.84793925777194
"IDH3G",0.831938090845335,4.36200119610603,4.74243280978762,4.64188256306036e-05,0.000505355585049633,1.87531269704152
"NDC1",-0.877758921052249,3.34310823521822,-4.74039843837185,4.66874838978822e-05,0.000507878629184788,1.91435283550111
"FAR1",-0.903764763802063,6.29007584541523,-4.74010638291623,4.67261792778878e-05,0.000507898067174577,1.82812395860437
"RABGGTA",0.696716440717677,3.59437386441118,4.73954010519326,4.68012981092243e-05,0.000507975457560148,1.91164406541065
"ELL2",-0.86375729114914,6.28574444900703,-4.73924065026936,4.68410704190541e-05,0.000507975457560148,1.82557657419882
"EFCAB7",-0.911184501884027,3.54260479709219,-4.73921829015162,4.68440415408639e-05,0.000507975457560148,1.89701393513685
"MMP15",1.00246149688435,3.60063035723573,4.7386266261338,4.69227275479548e-05,0.000508428073848352,1.91523445899915
"CDC42BPB",0.638691999752984,8.33605720387914,4.73774229918831,4.70405800779167e-05,0.000508903634003312,1.87969073999849
"RPLP2",0.931684305555657,5.65378360665495,4.73692756280218,4.71494187746596e-05,0.000509277126829421,1.82381278097777
"2-Mar",1.04984272792061,5.00250257061327,4.73594452459325,4.72810737416391e-05,0.00050990192457578,1.83473865629866
"GIT1",0.874876617382733,7.82631095577169,4.73566348162759,4.73187799868257e-05,0.000509908951760931,1.85787768909452
"LRRIQ1",-1.05900703181524,2.87460067163457,-4.73501552320169,4.7405827518877e-05,0.000510447255467345,1.93555742601713
"SAMD10",1.51537124331227,2.15409387947383,4.73435835989779,4.74942742051333e-05,0.000510999771178138,2.01038741938448
"MAPK6",-0.656843409131334,5.21419755891184,-4.73406072290296,4.7534386693206e-05,0.000511031793191569,1.80959046490966
"YTHDC2",-0.819131850008748,5.21570433803459,-4.73332797151016,4.76332830160748e-05,0.000511546962175239,1.80757026553419
"SLC9A1",0.738877106415495,5.01043627828402,4.73249856524582,4.77454711842501e-05,0.000511907388577567,1.82030620282435
"KIF1A",0.65365528063961,10.7661580356001,4.7323571106769,4.77646309812947e-05,0.000511907388577567,1.95618533766161
"POLR3F",-0.908004637443601,2.42981378038378,-4.73160352380838,4.78668319896705e-05,0.000512603482497942,1.96079439078979
"ERBB2IP",-0.861852894650227,8.26488675882903,-4.73110649033179,4.79343582885531e-05,0.000512927452883965,1.86143939069502
"HID1",0.58470346712419,6.30195662521976,4.73020226011199,4.80574486611213e-05,0.00051384502799199,1.80449699721103
"SGCB",-0.748507359623034,5.7413318266117,-4.72759679618436,4.84138826416927e-05,0.000517254222851191,1.78802751781596
"TBC1D8B",-0.902207205499863,3.24828083046131,-4.72559243579208,4.8689870975126e-05,0.00051974068504456,1.88102354424877
"C19orf68",1.06720585021072,4.73788296881157,4.72372301023083,4.8948688485125e-05,0.000521752829003721,1.81048882168851
"LYRM7",-0.823706967630597,4.48615124380958,-4.7226414904821,4.90990460870986e-05,0.000522950443656783,1.79933812982991
"PPP2R2A",-0.857087063385235,4.9097040387861,-4.72160442727074,4.92436541584571e-05,0.000523680003767024,1.78214120266453
"CPM",-1.0455405396013,4.5603573862333,-4.72067397956616,4.93737559101449e-05,0.000524159358072769,1.79101641907533
"TLR1",-0.917839732414139,2.99133511045562,-4.72061765230841,4.93816429392541e-05,0.000524159358072769,1.88737876126442
"CALY",1.37341732887237,5.27447612357256,4.71716445609089,4.98675632954272e-05,0.000527867337314134,1.78285267084105
"NRXN2",0.767476297749216,7.1478244695457,4.71686159767419,4.99104062896225e-05,0.000527914758609911,1.7866363745476
"CEP44",-0.678883577594139,4.18751614765177,-4.7154553065222,5.01098228933632e-05,0.000529532032145594,1.79378127930881
"THUMPD2",-0.70682970457743,2.43228684419108,-4.71524109115335,5.01402687221647e-05,0.000529532032145594,1.91697885438251
"CTB-50L17.10",0.838840144060882,5.16113199357518,4.71496377089008,5.01797107726715e-05,0.000529542177870194,1.77000549759821
"CORO7",0.815439432321652,5.47132095770031,4.71374080048319,5.03540165703765e-05,0.000530974423007625,1.76078280387526
"IMPDH1",0.784453133518223,4.82173417179815,4.71303317917273,5.04551460218301e-05,0.000531633433695562,1.77356280708426
"PTEN",-0.611005389566754,6.56820303952143,-4.70969607981619,5.09347928267528e-05,0.000536276728453669,1.74993171611679
"MOSPD2",-1.12618949485356,4.58063398681061,-4.70928813018271,5.09937379814823e-05,0.000536486871837292,1.75917439979872
"LRRC4B",0.838259393378018,7.49181920252082,4.70700621512581,5.13247067025057e-05,0.000539556370460795,1.76938969025891
"TMED5",-0.896892957215149,4.86487972205455,-4.70635255028357,5.14199067852576e-05,0.000540144532268648,1.74157510564712
"C1GALT1C1",-1.23020167827784,2.034826299769,-4.70482546742489,5.16429960942259e-05,0.000541805332637213,1.91656509487904
"TMEM201",0.746657670329677,5.12448980917274,4.70350458892575,5.18367366790248e-05,0.000542605955867296,1.73785086334785
"ABCE1",-1.0855502566606,4.4473924719484,-4.70340495764556,5.1851379403059e-05,0.000542605955867296,1.74829623843456
"TSNARE1",0.783593572678457,4.23706285984144,4.69882417093489,5.2529069681144e-05,0.000549280036384667,1.76196313162501
"BTAF1",-0.6849392143387,6.45007689108414,-4.6979609738314,5.26577543957599e-05,0.000550207561306038,1.71513338572609
"CRIP2",0.813842455842283,5.85337979150189,4.69238508031872,5.34965815531365e-05,0.000558548147763817,1.69935898981728
"MYEF2",-0.689107155288304,5.90693632428033,-4.68887593946503,5.40312810887724e-05,0.000562074917518268,1.68238725849023
"RBM48",-1.12912460969835,4.21663367600705,-4.6887847204275,5.40452509920055e-05,0.000562074917518268,1.71897979111467
"LARP4",-0.727070942695088,5.21750582461363,-4.68862922909592,5.40690722607684e-05,0.000562074917518268,1.68481578688263
"MMS22L",-1.35012141591412,2.88465063157931,-4.68856156775891,5.40794412320461e-05,0.000562074917518268,1.80954973612841
"DNAL4",0.907894451452047,3.96928776688538,4.68766643540966,5.42168045972584e-05,0.000562652675763856,1.7490499047212
"LYST",-0.608810854253014,7.00294265029634,-4.68507501546573,5.46164301094624e-05,0.00056552046255554,1.69442348251413
"NMI",-1.17973646054606,0.857413289071908,-4.68245278889482,5.50237839991958e-05,0.000569309993693935,1.87943158207496
"ATP6V1F",0.871878199971886,4.70947701346394,4.68011454547422,5.53895660615952e-05,0.000572143148969972,1.68945452567538
"BCAR1",0.750371496114671,6.2706249029337,4.67957978300994,5.5473560082746e-05,0.000572242623912045,1.66639161131565
"GFPT1",-0.666399383827168,5.37857274037111,-4.67788164607962,5.57411223395221e-05,0.000574141904576469,1.65309445784093
"KNDC1",0.831531945745623,7.75318626749463,4.67704554056432,5.58733314244192e-05,0.000575073233905335,1.69532589371649
"KIN",-0.616589325099354,3.60709790417965,-4.67589567299939,5.60556628251416e-05,0.000576518666768889,1.72073118902612
"XPO1",-0.794168769157843,6.52809805723639,-4.67418486413935,5.63280351888894e-05,0.000578624019021212,1.6519282017031
"CENPC",-0.685163259812756,5.36753597402091,-4.67403014422508,5.63527323490062e-05,0.000578624019021212,1.64265842050679
"MRPL42",-0.752721958488295,5.69525359278396,-4.6738186262297,5.63865132989932e-05,0.000578624019021212,1.6403386928656
"SCYL2",-1.01928008030326,4.47299877766777,-4.67334554536614,5.64621405224813e-05,0.000578904034040176,1.66485625576472
"AGPAT1",0.729231236406275,6.40886676059369,4.67305464002345,5.65086949678998e-05,0.000578904034040176,1.65028037820176
"CHMP1A",0.635607921431814,5.6422514030587,4.67157088323876,5.6746738595041e-05,0.000580588750785397,1.64108740139597
"PRKAB2",-0.62832403667616,4.91505927288388,-4.67042938734404,5.69305496742095e-05,0.000582036622635064,1.64184921933127
"HCFC1R1",0.776278897489992,3.02726800292931,4.66888989901353,5.71793846738427e-05,0.000584146631400705,1.76470816183893
"HAT1",-0.920440568816245,3.55311880670178,-4.66788373849246,5.73425985168095e-05,0.000585379449695709,1.70191027630522
"DEAF1",0.927271942333337,6.9446500572457,4.66568839105837,5.77003231534734e-05,0.000588158627344406,1.64198740917367
"CSTB",0.806795187121851,2.75922636325724,4.66333464689225,5.8086319444948e-05,0.000591411236017401,1.7716235576319
"FEZF2",1.18418467847691,3.12048539943487,4.66321888452263,5.81053696021748e-05,0.000591411236017401,1.75227097039315
"PCYT2",0.81346836201105,5.43697318325727,4.66149415873213,5.83899306986527e-05,0.000593868319544834,1.61767532423409
"PTGR2",-0.85511163291916,3.367111722495,-4.66035427382478,5.85787582815678e-05,0.000595348812934014,1.69491640417866
"NHLRC2",-0.66954305921774,6.02637544384733,-4.65963707706331,5.86978760556523e-05,0.00059611916782423,1.60318310789028
"MRPS30",-0.741218366945457,5.53048767293466,-4.65857801739722,5.88742129980633e-05,0.000596561545135335,1.59892093825509
"MPHOSPH9",-0.673074514366098,5.36245041963479,-4.65844171458507,5.88969460309394e-05,0.000596561545135335,1.59998527821465
"RLF",-0.792937028142841,5.84371331769888,-4.6583344509973,5.89148419329206e-05,0.000596561545135335,1.59836065585363
"CDK6",-0.872572786629685,6.10224196304172,-4.65670876204718,5.91867343774459e-05,0.00059854273670977,1.59639032065623
"TFPT",0.850194455753373,3.54080942294912,4.65523538439043,5.94342289769846e-05,0.000600495172505349,1.68956565255223
"UBE2A",-0.815536498624891,3.51559937020381,-4.6533247334195,5.97567062374072e-05,0.000602930065845057,1.6650521240178
"KLHL28",-0.700523092807721,4.45156636021267,-4.6529540591007,5.98194690458986e-05,0.000602930065845057,1.61024567890568
"ZGRF1",-0.852597195206258,4.25422544684788,-4.65287805164036,5.98323467589338e-05,0.000602930065845057,1.61886594640296
"UBE2J1",-0.591002529591315,4.73035826302749,-4.65277104598828,5.98504810656455e-05,0.000602930065845057,1.59936944507318
"ZCWPW2",-0.819079435288442,1.61951502030928,-4.65209378278862,5.9965383840429e-05,0.000603645681805518,1.79763977987392
"PCDH18",-1.06418086427563,2.90087551701412,-4.65156515097941,6.00552223212317e-05,0.000604108124533969,1.70769140579609
"TAS2R20",-1.42610984132963,1.04064231807603,-4.65090066814457,6.01683375746801e-05,0.000604362403916184,1.80234276836804
"RNASEK-C17orf49",1.36152508516331,2.69868871072075,4.65042505286949,6.02494316396214e-05,0.000604735542518475,1.75550776612181
"CYB5R4",-0.845802842438863,4.00524945167732,-4.64957605086276,6.03944592105349e-05,0.000605749382796043,1.62317314571977
"DCXR",0.665032014164427,4.32598597480048,4.64874241653097,6.05371988026297e-05,0.000606738814801884,1.61788200883079
"UNC5A",1.11284343970549,6.61682008140415,4.64844845329182,6.05876126701276e-05,0.000606802138248636,1.58941416595314
"PCIF1",0.624635162377977,5.09184104275858,4.64759702932604,6.07338647372166e-05,0.000607824518290064,1.58406950338428
"DENR",-0.672428052459365,4.22983402606959,-4.6464950758895,6.09236714731077e-05,0.000609280990655113,1.60296499774715
"KCNMB3",-1.01312947572508,1.85460564370474,-4.64609327119508,6.09930269822372e-05,0.000609531622587194,1.77060863380876
"RWDD4",-0.761929696032407,1.89187070260363,-4.64478209434916,6.12198947689116e-05,0.000611354841738021,1.76537568726614
"USP16",-0.616897307919282,4.89079683032855,-4.6431614478138,6.15014665510675e-05,0.000613721306170587,1.56791001432022
"DAPK3",0.808229488265335,4.86748604097692,4.64205552076616,6.16943481956019e-05,0.000615199946028752,1.57854318388237
"LMAN1",-0.756744732847631,5.24303558305989,-4.63816180976525,6.23782294994976e-05,0.000621569019654299,1.54606956147797
"NPRL3",0.716766238134672,5.51623869985335,4.63755084329491,6.24862187898837e-05,0.0006217446542065,1.54980841386286
"SOCS4",-0.670939908654836,5.55998786142896,-4.63692246952515,6.25974783818573e-05,0.000621952274377428,1.53943092908869
"SEL1L",-0.86217058509915,6.33129986595935,-4.63645799135883,6.2679845033309e-05,0.000622321318544997,1.54451565346445
"ZDHHC17",-0.832164832722063,5.69056846240108,-4.63588774532967,6.27811147590752e-05,0.00062287737577479,1.53645965865539
"GNAS",0.664405353204069,7.98158365154896,4.63550163138424,6.28497767277592e-05,0.000623109349820385,1.58913018744387
"SRF",0.826464707592901,5.57883891654415,4.63424693516361,6.30734121025475e-05,0.000624876331132581,1.54140846198509
"GNAI2",0.664439209783053,7.20703827220515,4.63358610858505,6.31915142366231e-05,0.000625595990942569,1.56017719277738
"IRS2",0.647334356090031,7.66019493413441,4.63257364452594,6.3372886400453e-05,0.000626940539005488,1.57089640880503
"RAB28",-0.776006157794923,3.54936326529756,-4.63173478564975,6.35235502749006e-05,0.000627979579980537,1.60409299751697
"GRIK4",0.636053949638221,5.45671315617222,4.62928897173756,6.39648644125195e-05,0.000631528555065064,1.52713331497674
"KMT2B",0.708924078133431,6.44044057802771,4.62898333238385,6.40202263146403e-05,0.000631528555065064,1.53003894567949
"ZBTB8OS",-0.638786310790086,3.06699549076989,-4.62801058111675,6.4196742008995e-05,0.000632816165319326,1.63145622278145
"TBC1D19",-0.589074242200492,3.4933137824681,-4.62767964658011,6.42569034974578e-05,0.000632955797443462,1.59770416838959
"KDM7A",-0.625902961945666,5.36946859090428,-4.6271069922179,6.43611400748822e-05,0.000633529076230653,1.51407200307585
"POM121C",0.66016478970695,6.87502507333792,4.62654322332904,6.44639231756847e-05,0.000634087238613722,1.53212596676803
"SAV1",-0.636265115269652,4.49183016656032,-4.62534937789003,6.46821161244966e-05,0.000635325196280655,1.53333545511549
"FOXP4",0.815247441707281,4.68826274886498,4.624387666118,6.48584159726366e-05,0.000636602469471792,1.53676275356477
"EIF4E3",-0.766020682496891,5.81363993638635,-4.62354993402783,6.50123765017565e-05,0.000637658811860777,1.50290743105242
"PPA2",-0.732366367861522,3.69118076391237,-4.62038571801511,6.55971825538638e-05,0.000642936487979857,1.5635584430503
"TBCEL",-0.804004700540973,5.18232936605507,-4.61934139124472,6.57913367765635e-05,0.000644380487816577,1.49563021166592
"PTBP2",-0.883465476725377,5.54192247689219,-4.61898422212219,6.58578700127174e-05,0.000644573363616646,1.49056134415648
"PNPT1",-0.949556108842113,4.72635368736242,-4.61771586321233,6.60946789652641e-05,0.000646431327108031,1.50315816871083
"GDPD5",0.711234400186035,3.81267991632507,4.61488438952681,6.662638147469e-05,0.000649324104442783,1.55713660562738
"GPCPD1",-0.894355890811022,4.84220107475497,-4.61330198611332,6.69253759530622e-05,0.000651340353007515,1.48740907818685
"RWDD3",-0.793613883206986,2.39112267887133,-4.61321174874163,6.69424663271744e-05,0.000651340353007515,1.64615513978742
"ZNF347",-1.41273684260292,4.30142575708123,-4.61280802825501,6.70189814039576e-05,0.000651340353007515,1.5081755328206
"PLK5",1.08186088504359,1.5685772639699,4.61278896910238,6.70225957313161e-05,0.000651340353007515,1.7033996608551
"THADA",-0.602991877646773,5.37364871438259,-4.61211911144573,6.71497486650834e-05,0.000652115519675521,1.47300855877111
"COPS2",-0.773310980319839,5.20397013610885,-4.61140389267683,6.72857762434104e-05,0.000652975717126637,1.47349732885359
"CDC27",-0.708030555335536,5.37546993661921,-4.61016026374284,6.75229534195866e-05,0.000654815618045758,1.46760243308402
"MAGOHB",-0.974357701243118,2.45686175268695,-4.60947875887604,6.76532773475317e-05,0.000655617429281256,1.63071282424234
"ST3GAL6",-0.78265773731102,3.34632873212724,-4.60843013791851,6.78542922298083e-05,0.000657102684992534,1.55569653485207
"NUP37",-0.95840952126503,1.20875306216158,-4.60809536587951,6.79185908676546e-05,0.000657154928624094,1.69189242851337
"APLF",-0.649135185540576,4.33177422587588,-4.60720733072177,6.80894459978613e-05,0.000657990776949838,1.49087609855725
"MATK",1.03100509471767,4.80936446132582,4.60611703668352,6.82997982204216e-05,0.000659560367235945,1.48547516286323
"SLC25A28",0.923188993587482,4.09056899582504,4.60423126916872,6.86651451026084e-05,0.000662422889773251,1.51476449464838
"TEX10",-0.679217635245883,3.31727935353016,-4.60409048614202,6.86924979075961e-05,0.000662422889773251,1.54646551439851
"AP5Z1",0.67253918099664,4.66615655359384,4.60213790902318,6.90729813563455e-05,0.000665625557734363,1.47507821923401
"SRP19",-0.908314141055392,3.17950524991623,-4.60001856324864,6.94883276422597e-05,0.000669159465839843,1.54570999633882
"MTFR1",-0.694771621419674,3.12566657663087,-4.59964393322928,6.95620042885228e-05,0.000669214867956236,1.54959160205965
"LDOC1",0.951318873667772,4.87242852504399,4.59949485983436,6.95913433649716e-05,0.000669214867956236,1.46449628440607
"POLK",-0.683704270895387,5.10878411046517,-4.59918328725488,6.96527034791917e-05,0.00066933718755388,1.44194057568459
"PROSER3",0.652219199709529,3.70670702499011,4.59853515732213,6.97805160851426e-05,0.000669521996880938,1.51970621423836
"LRRC75A",1.07277513633476,3.52034516566131,4.59828248906472,6.98304057961038e-05,0.000669521996880938,1.54216146661408
"RBM12",-0.822287925232176,4.19882752251102,-4.59810751017726,6.98649763594508e-05,0.000669521996880938,1.47219495568787
"RIT1",-0.746623503911754,3.77417286245263,-4.59782965380333,6.99199072987305e-05,0.000669521996880938,1.4965625132968
"SLC7A10",1.32187597166897,2.32227911008027,4.59780858571026,6.99240741113461e-05,0.000669521996880938,1.63791364908054
"CLCN7",0.612271969707566,6.44975182259101,4.59760750123447,6.99638566612011e-05,0.000669521996880938,1.44374519622515
"CCDC66",-0.580033935357044,4.88363597292188,-4.59621190382135,7.02405808358481e-05,0.000671703011036905,1.43980152529073
"GAL3ST3",1.23484806980588,2.86532492773019,4.59509563689431,7.04626994331644e-05,0.000672891885426631,1.58897513775988
"KCNQ1",1.2392894177285,2.0585319179369,4.59465879637441,7.05498129641103e-05,0.000673256571566658,1.64326783357506
"ZBTB45",0.963204920406005,3.77194044829125,4.59363501016965,7.07543922814289e-05,0.000674740950924977,1.50826584324116
"CPNE6",0.964584752658923,6.06045353732429,4.59287007923896,7.09076294204087e-05,0.000675733994774407,1.42944159665771
"SRP54",-0.92836151095668,3.75222443007293,-4.59260686432876,7.09604348288359e-05,0.000675769234380353,1.48344657496926
"QTRTD1",-0.800750759449586,2.27976203185685,-4.59149286899748,7.11843534475676e-05,0.000677432840796665,1.59688154129266
"DNAJC19",-0.82818582500166,2.81792628519952,-4.59091782660733,7.13002138944733e-05,0.000677623066535803,1.55094808372629
"LMTK3",1.09204186982435,6.75443905557529,4.59090486856555,7.13028268544323e-05,0.000677623066535803,1.43447928583592
"TONSL",0.865641703846604,2.57437554269179,4.59060040857131,7.13642478610142e-05,0.000677738726580688,1.5925129596129
"GAS2L1",1.0432967564455,5.7097490184239,4.58907337745395,7.16730997216709e-05,0.000679733649393462,1.41950595471827
"MRPL41",0.918562399390614,5.45861823556289,4.58683697706966,7.21278196238173e-05,0.000683478431245858,1.41448634574548
"DPH6",-1.07647942150239,2.63500095847892,-4.58664348450366,7.2167296025015e-05,0.000683478431245858,1.55476839886285
"UFL1",-0.875272919219338,4.77153947398836,-4.58475196192087,7.25543350930985e-05,0.000685053664072685,1.41158679513542
"ASPHD1",0.936711877231005,5.58767974389995,4.58463010907538,7.25793387936191e-05,0.000685053664072685,1.40703361945737
"ZNF302",-1.13978082750421,4.53490649667114,-4.58447888602182,7.26103810209761e-05,0.000685053664072685,1.41960185288571
"MEA1",0.616542702029373,3.39408934548,4.5844099660485,7.26245328965015e-05,0.000685053664072685,1.50391132029806
"ZNF710",0.669397714649513,4.52295879097466,4.58337683608547,7.28370015952515e-05,0.000686513684213874,1.43023636170206
"BCL9L",0.90121511771352,5.81528759709635,4.58253720753883,7.30101295859906e-05,0.000687204099338452,1.39953995441539
"FAM50A",0.961998604746871,5.19227897412347,4.58154810090644,7.32146028572763e-05,0.000688657655447012,1.40616225676876
"EIF6",0.805767520839359,3.84789080074822,4.58101141810509,7.33257862322935e-05,0.000688761873271393,1.4657724056534
"ERO1A",-0.848902886734609,4.67360899053607,-4.58042729361767,7.3446988258623e-05,0.000689408852539582,1.40312937043737
"CERS1",1.31943695947901,7.45519612731065,4.58005803532969,7.35237093982338e-05,0.000689408852539582,1.42265975629979
"CDH6",-1.01786276279042,3.27786109458605,-4.57995582356178,7.35449600703515e-05,0.000689408852539582,1.4834957470395
"ZNF26",-0.778226243393272,4.53649035183259,-4.57971154239593,7.35957728177865e-05,0.000689415541011273,1.40650146431661
"MTMR10",-0.734693559341401,6.13903865131997,-4.57903118732683,7.37374765244323e-05,0.000690273071056268,1.38399030396549
"LAMTOR1",0.768119255447241,4.9179956941518,4.57850617104875,7.38470113028748e-05,0.000690507739897026,1.40230074815796
"MRM1",0.663603525099995,2.54808014883964,4.5780006359518,7.39526341460511e-05,0.000690507739897026,1.55680951169016
"PMPCB",-0.75789396193239,4.26151587861044,-4.57769689943879,7.4016166669066e-05,0.000690507739897026,1.41343865899801
"TSEN15",-1.19426741261451,3.02255744981332,-4.57738190032827,7.40821121484343e-05,0.000690507739897026,1.49774745262737
"PPP1R1A",1.06606564913284,3.42524577748487,4.57723066138648,7.41137949151883e-05,0.000690507739897026,1.49126013131097
"TMEM67",-0.765483219021489,3.59005917205043,-4.57435019950029,7.47197884078026e-05,0.000695212311210123,1.445268761279
"ZZZ3",-0.696457466600349,5.5935491210271,-4.57397401864792,7.47992913772738e-05,0.000695481789623422,1.36706332064401
"NAT14",0.99469998465627,3.1847285555904,4.57241265550191,7.51301710048705e-05,0.000697932985806033,1.49691065773809
"RGPD5",-0.698099633249803,7.62664782845987,-4.57201311737462,7.52150728835365e-05,0.000697932985806033,1.40601446881896
"TMEM168",-0.993349399219163,3.59346453955566,-4.56900057190761,7.5858308675345e-05,0.000702953660391531,1.43022887553369
"RAB14",-0.658268404851666,6.20876731829549,-4.56801243616961,7.60704798191645e-05,0.000704160932139144,1.35479312990074
"VAPA",-0.646511450798931,6.41413085308346,-4.56791733259545,7.60909313342713e-05,0.000704160932139144,1.35835904761454
"HIST2H2AB",0.999069727861069,2.40678672385476,4.56722523461899,7.62399275506242e-05,0.000705065620311922,1.54565388851621
"SETDB2",-0.627489918825069,4.32332899628161,-4.56692929055201,7.6303727211948e-05,0.000705181726100481,1.38152820935758
"COA3",0.660790051302047,3.59195097369875,4.56475400098205,7.67743033709928e-05,0.000707913381143614,1.43665375011088
"CBWD2",-1.00529496788815,3.26502855593383,-4.56461220278277,7.68050779774301e-05,0.000707913381143614,1.44299627186581
"GATAD1",-0.764746024012751,4.96477757152956,-4.56235801686401,7.72959516804148e-05,0.000711960904333459,1.34474055048647
"BCLAF1",-0.82748048425279,6.15567496767274,-4.55924112399413,7.79798155353579e-05,0.000717018397529912,1.33033104059302
"AMD1",-0.884572839448599,6.18052111497426,-4.55894103789437,7.80459717397639e-05,0.000717018397529912,1.3300155164886
"FAM177A1",-0.674457671487743,4.78906735274445,-4.55890712097341,7.80534524743702e-05,0.000717018397529912,1.34066361486347
"CITED4",1.53237654820068,1.49865638261216,4.55755207581504,7.83529040477e-05,0.000719289067778786,1.56150085918576
"WFIKKN1",1.1365336339491,3.40199242906594,4.5562903334474,7.86327602308512e-05,0.000721376942357829,1.44048949506237
"ARHGEF17",0.653131369288876,7.75185116461343,4.55503433343602,7.89123266272283e-05,0.000722977714192602,1.36251754854326
"CARD19",0.753149475958957,3.40322468270577,4.55139144825252,7.97287611403458e-05,0.00072962439190687,1.41718752134948
"BAD",0.693409938990437,4.60647027339805,4.55132448219734,7.9743847498578e-05,0.00072962439190687,1.33895979496167
"BCO2",-0.814053603725051,3.46575135418712,-4.55098149377971,7.98211615482137e-05,0.000729846514328883,1.39086039558009
"GTF2H5",-0.591937372165311,4.27861328421937,-4.5505541426916,7.99175959853227e-05,0.00072989618322267,1.33917634617579
"SYNGR3",1.69122927946932,4.0174460654767,4.55030343101321,7.99742243647209e-05,0.00072989618322267,1.39335059292639
"NLGN2",0.679917260577249,7.84705192586377,4.55025257333048,7.9985716466811e-05,0.00072989618322267,1.35260269907142
"ABHD17A",0.998614197621545,6.28479570711408,4.54824228835843,8.04412854944768e-05,0.000733081145489732,1.30947820587903
"ZNF316",0.67791127089496,6.13361574437646,4.54663331341903,8.08077617791354e-05,0.000735891157230337,1.30067522756135
"RHBDD3",0.782879019184573,3.89193565584226,4.54572094511323,8.10163065124516e-05,0.000736857497632417,1.36689860667988
"RALGAPB",-0.593135705646734,6.19436790101133,-4.54331017595478,8.15699182854427e-05,0.000740637293116754,1.2870482633884
"PCDH9",-0.849739937852428,9.67012363249864,-4.5432084828729,8.15933534165394e-05,0.000740637293116754,1.40142234988706
"SWT1",-0.711059449003737,3.90355169743059,-4.54221747324928,8.18220807754137e-05,0.00074222389818752,1.3372205355064
"MPLKIP",-0.956037308561319,3.43852044336957,-4.54117051803404,8.20644106564479e-05,0.000743931722689974,1.36611643458202
"STAG2",-0.618795327930469,6.20727525567365,-4.54045270435207,8.22309677133442e-05,0.000744388031643498,1.27948620675794
"PPP1R16A",0.896064354110732,5.52891674872458,4.54025444752599,8.22770290044154e-05,0.000744388031643498,1.28605048758543
"ZNF689",0.835634953261898,3.1536852055814,4.53824309054052,8.27457781239936e-05,0.000747863478340056,1.4044263578832
"FAM189B",0.826875301566686,4.93868442810478,4.5381400520876,8.27698624745226e-05,0.000747863478340056,1.29225521272661
"RUFY2",-0.622524570420269,5.42365368080597,-4.53410467211672,8.37185800841115e-05,0.000755939226074448,1.25926601254228
"ADGRB2",0.942094925736431,8.04572275979059,4.53319479588726,8.39339759223673e-05,0.000757387175519801,1.31292737045965
"ACSL3",-1.03345393926299,6.02632642080292,-4.53270008987484,8.40513184469457e-05,0.000757949012548113,1.25681826285239
"NSUN3",-0.825867797770156,2.8310408826861,-4.53084353781547,8.44931372849992e-05,0.000761345189772785,1.38823404066227
"TTC26",-0.858604820335823,2.041956357949,-4.53065311486678,8.45385836765363e-05,0.000761345189772785,1.452718017593
"ATG10",-0.781131677211494,2.53294070615837,-4.52953174157236,8.48067025348163e-05,0.000763213780225673,1.41055578112708
"UBE2V1",-0.895585748451171,4.89341153596749,-4.52932179832961,8.48569932232599e-05,0.000763213780225673,1.25658403340098
"FANCM",-0.849268491211455,3.40451960155005,-4.52866351236017,8.50148734417405e-05,0.000764073770501441,1.33493245750088
"HIST1H4B",1.73680555056925,2.39440868365679,4.52846034303965,8.50636593567479e-05,0.000764073770501441,1.45972549874856
"ZUFSP",-0.679181756909237,3.02124309270073,-4.52728565055756,8.53462759240181e-05,0.000765997824602746,1.36277505217406
"ZNF621",-0.655781434469335,5.89222932319734,-4.5251390240133,8.58651328784793e-05,0.000769765533251305,1.23426649308636
"WDR83OS",0.645507554016535,3.76992922691765,4.52365409240594,8.62258799347186e-05,0.000771623319401189,1.31155145726654
"ATAD1",-0.879147097731017,5.01872750807877,-4.5235937004747,8.62405831871978e-05,0.000771623319401189,1.23761856604641
"UBE2M",0.596121572411385,4.83546814107753,4.52321263638555,8.63334158111336e-05,0.00077195200453347,1.25180622675542
"SHC2",0.728281990470446,6.14301564493755,4.52146252886907,8.67610396554828e-05,0.000775271861492921,1.23252003476362
"CELF3",1.24676913268045,6.0892690498581,4.52068520512382,8.69516443111233e-05,0.000776470848387649,1.23548087745077
"GPAA1",0.65034697919619,5.05425101084867,4.51932084949643,8.72871962513341e-05,0.000777952789905835,1.23501436067044
"MON2",-0.61527491685697,6.70334169088415,-4.51685225067267,8.78975905714527e-05,0.000782379523838137,1.22615889019096
"TAS2R4",-1.31625107432702,2.7906261118188,-4.51648175145187,8.79895656336976e-05,0.000782691928044804,1.35366385837434
"NIP7",-0.730783118674705,2.32371252543083,-4.51537353601868,8.82652453684864e-05,0.000783640632339843,1.39018429314863
"PITPNB",-0.600436600737535,5.16575334432047,-4.51531336616621,8.82802376839772e-05,0.000783640632339843,1.21183588505818
"HMHA1",1.03141450365578,4.30145020677528,4.51518241511616,8.83128750253971e-05,0.000783640632339843,1.26370397613721
"LY6H",1.27495134120898,5.47916484453348,4.51513777270606,8.83240041246345e-05,0.000783640632339843,1.22431528669451
"MAPK1IP1L",-0.583831595356601,5.40090106310927,-4.51375139593017,8.86703121984568e-05,0.000786206292630776,1.2040091739792
"NEDD1",-0.914330884981148,3.04013995545322,-4.5117288207496,8.91779519154943e-05,0.000789689701614619,1.31868543421748
"MAEA",0.616819772826407,5.13889898562238,4.5107907509191,8.94143710717598e-05,0.000791079823678191,1.20936659219101
"TUG1",-0.594350666974394,6.66120513056569,-4.51064995277471,8.94499095736694e-05,0.000791079823678191,1.20809707417461
"CRTC2",0.705950343629061,4.29241594367203,4.50899349136703,8.98690646061769e-05,0.000793347505031018,1.24046164400105
"ZBTB26",-0.668441101690111,3.43168873329201,-4.50895322002287,8.98792791471083e-05,0.000793347505031018,1.28008380601879
"LPAR6",-1.55159600852139,2.49959926235959,-4.50735833654188,9.02847357515424e-05,0.000796415544023701,1.35524487243383
"HDAC5",0.631660533107784,7.00248898914894,4.50627519373632,9.05611281551792e-05,0.000798341886318655,1.20722753942336
"TRAK2",-0.735876980350927,7.93391188496215,-4.50421294694436,9.10896830483162e-05,0.000802487278122842,1.23222787146652
"WDR41",-0.653204502860001,4.57162810836908,-4.50277820978273,9.14592076399986e-05,0.000805227227341024,1.19569094082884
"TUBD1",-0.779298125720638,2.45727692776213,-4.50166070052501,9.17480564090389e-05,0.000806854823106168,1.34240975992971
"TIGD7",-0.828735369215003,3.15774108904033,-4.50160939272344,9.17613398852666e-05,0.000806854823106168,1.28168171970202
"STK3",-0.719720000647904,3.78367688203532,-4.50094056255539,9.19346728433597e-05,0.000807862728606304,1.23294764489539
"OMA1",-0.782190199529908,4.21126806361115,-4.50014079826497,9.21423641324374e-05,0.000809171073916063,1.20496668257775
"MRPL50",-0.738259508186691,4.12054559004155,-4.49983177526821,9.22227388843e-05,0.000809360401649779,1.20909309852504
"DSEL",-0.848866593421383,5.85575836449081,-4.49819485238266,9.26496504260776e-05,0.000810684300153952,1.16078196305073
"PODXL2",0.797161538631842,5.76405541724521,4.49812408993155,9.26681494180777e-05,0.000810684300153952,1.16858674377032
"ATP13A1",0.692091951096958,5.69749787157705,4.49509071361846,9.34645941668812e-05,0.000816980207220176,1.15938943768925
"DNPH1",0.979438947244077,2.15186171380599,4.49452624064021,9.36135486158786e-05,0.000816980207220176,1.369622702395
"BCAP29",-1.01690689693603,4.40872401849855,-4.49451842417296,9.36156128924508e-05,0.000816980207220176,1.17975991111641
"KIAA1919",-0.775245169387609,3.87340115712927,-4.49436953325571,9.36549425913735e-05,0.000816980207220176,1.20911853346941
"VASN",1.0175068035379,3.6977935629643,4.49425702855936,9.36846716803602e-05,0.000816980207220176,1.24717758902275
"PAPOLA",-0.76965943627484,6.59489196742466,-4.49310731105848,9.39890178121972e-05,0.000819115183099206,1.15888618425735
"INHBB",0.836897657015055,2.93380219602742,4.49207079246911,9.42642375412438e-05,0.000820152169767613,1.29951659362805
"YOD1",-0.826587805937691,4.69863966681512,-4.49198593055272,9.42868056516506e-05,0.000820152169767613,1.1611912732404
"BRMS1L",-0.821120265416805,2.57501586406215,-4.49102370589053,9.45430733967835e-05,0.000820824752689677,1.30351371733731
"FZD9",1.39444750466192,2.03993875952726,4.49011508826699,9.47856970194611e-05,0.000822412343433042,1.37093749114419
"TMEM87B",-0.787310348694872,3.8290745353969,-4.48981706750763,9.48654101784563e-05,0.000822585324175008,1.19953127497964
"H1FX",0.828472852493886,4.45376364224255,4.48924531000518,9.50185269665053e-05,0.000823394174802317,1.18002473348512
"TMEM8B",0.724601431387487,6.36691447628706,4.4877772305691,9.54128004673932e-05,0.000825770784422514,1.14353517670976
"FAM228B",-0.705723912791139,4.4214119020381,-4.48658516223538,9.573413837392e-05,0.000828031098782849,1.15795639548728
"CDK11B",0.848574962839861,4.57027746353247,4.48384378714563,9.64771828778687e-05,0.000833933739687406,1.16011362400382
"CYHR1",0.706238741392905,5.51172228733676,4.48053408380192,9.73818817493279e-05,0.000839984801893287,1.12109442198828
"LGI4",1.01688573291825,5.57764460014895,4.48046164715384,9.74017757360858e-05,0.000839984801893287,1.12429159249294
"MRPL34",0.983874707370744,2.1449167627725,4.48039024439888,9.7421389711626e-05,0.000839984801893287,1.33260327706658
"NT5C3A",-0.818214233995084,2.46754286881292,-4.47921538536411,9.77446794848704e-05,0.000842244542511773,1.2815685457922
"SMIM15",-0.699532044582143,3.3406255371792,-4.47827719260389,9.80036074010075e-05,0.000843424498076172,1.20426951935918
"NAMPT",-1.13257816911597,5.17885111522388,-4.47744413344773,9.82340889022255e-05,0.000844874560864704,1.10907500188091
"EBLN2",-1.03097644291226,1.89217734308575,-4.47568746452041,9.87218643050818e-05,0.000848347814083825,1.31774313835168
"NDFIP2",-0.952895688674504,4.7761239808313,-4.4755460911088,9.87612236147291e-05,0.000848347814083825,1.1138140171265
"UBE2G2",-0.596416503084351,5.72154507378584,-4.47347990120323,9.93382401265103e-05,0.000852772003980604,1.09283594575946
"RSPO4",0.798964264654996,1.96667284590271,4.47262504660837,9.95779465544886e-05,0.000854296834498951,1.32028243868241
"COX6A1",0.696913588168944,5.2705434667363,4.47115677916045,9.9990994374384e-05,0.000857305964851027,1.09974035818274
"LTBP4",0.718459427706412,5.09046362016479,4.47041764974173,0.000100199564825055,0.000858025022748958,1.10197725541622
"NDUFA7",0.998558169247578,2.3822541041662,4.46958247671306,0.000100435755377028,0.000859015681481184,1.28659593571897
"ALG14",-0.720006639933105,2.58008598480511,-4.46870662821406,0.000100684041013634,0.000860163528753898,1.24384654705644
"RYK",-0.700491364902002,4.87490074523761,-4.4686527739484,0.000100699327434237,0.000860163528753898,1.09201174258734
"FBLL1",1.3524655866239,3.19549983048296,4.46797518108578,0.000100891857106053,0.000860610383909981,1.22527195035186
"P4HA1",-0.963174777668269,4.54775338053764,-4.46758881951425,0.000101001800015596,0.000860610383909981,1.1005412624198
"XPA",-0.692753150024266,3.14897870232464,-4.46684844760836,0.000101212811356141,0.000861447419745167,1.18913675626113
"FAM127B",0.835771645302342,3.17341662301309,4.46490903223753,0.000101767629082447,0.000865528024600462,1.20441509050516
"TLE1",0.736018750415626,5.62923351176167,4.46153158400759,0.000102741024840743,0.000872727927674975,1.06865756474202
"CDK16",0.794964152336589,6.49245420010642,4.45936413246061,0.000103370541309076,0.000877533632914368,1.06890005939673
"IDUA",1.03872488199449,4.44244604086696,4.45867155403375,0.000103572497828924,0.000878442402645113,1.10214124892228
"CCDC14",-0.749401604528645,5.11356636678646,-4.45855931813278,0.00010360526266209,0.000878442402645113,1.05828550308941
"TIMM17B",0.679916130371638,3.10905199884531,4.45539016421793,0.000104534673315017,0.00088523177814643,1.18119995175644
"CHORDC1",-1.54473984718206,5.24514103676587,-4.4548583833313,0.000104691433687028,0.000886014033805158,1.04894753629995
"NR1D2",-0.779601595050291,5.90198506293349,-4.45304463640948,0.000105227848273195,0.000889459717498426,1.03803328111812
"CCR10",1.40724692295898,0.697507499395747,4.45211192570977,0.00010550475470147,0.000891189374878845,1.27187392513547
"RPL7A",0.743817756027592,6.97907754322375,4.45191940731551,0.000105561999931147,0.000891189374878845,1.05929490539805
"SPATA20",0.69785923421518,5.2731312212849,4.45033866677468,0.000106033195643496,0.000893223222395831,1.04279567565204
"MGAT1",0.89697082343837,5.790097410397,4.45024170656954,0.000106062165701503,0.000893223222395831,1.03915008953026
"C4orf3",-0.814494296452858,6.00680915668077,-4.45024042178644,0.000106062549625375,0.000893223222395831,1.03137721630935
"AP3S1",-0.878100090241467,4.0989692230046,-4.4480233323509,0.000106727121287972,0.000898270285042067,1.06953640669656
"ABCA10",-0.719150496755869,2.92512156766696,-4.44574900922482,0.000107413128891199,0.000901730881650126,1.15166026345473
"ELFN1",1.21311448651376,2.00038207715852,4.44535816986868,0.000107531456782782,0.000901730881650126,1.2516875365926
"GCLM",-0.752583146981014,4.03425513230448,-4.44455298050697,0.000107775637099327,0.000903228101171648,1.06409348471264
"SNAPC3",-0.851354711572045,5.58948540103497,-4.44136744425923,0.00010874706624562,0.000910814594404126,1.0056939483961
"MROH1",0.871820419931504,7.03051705861269,4.44082475082226,0.000108913421833702,0.000911653040056917,1.03111100098032
"ME2",-0.597180236236639,4.7407938178616,-4.44005611617461,0.000109149467557542,0.000912518726038482,1.01895086661949
"AZI2",-0.653687700350064,3.99069284958192,-4.4393101484472,0.000109379036150672,0.000913218085297116,1.05286038017339
"DNAJC4",0.880220040166204,3.63992957209862,4.43909189747995,0.000109446292273389,0.000913218085297116,1.09802341135932
"TSPO",0.964311505906195,3.14748939066202,4.4389223396287,0.000109498571378551,0.000913218085297116,1.14124011982024
"VPS26A",-0.967996444331104,4.44769924593339,-4.43863075739989,0.000109588531545126,0.000913414768378239,1.02617983766009
"PIGA",-0.934871544356921,3.36631627906893,-4.43448300082023,0.000110876158580932,0.000922668007424447,1.08348823663977
"PDS5B",-0.796253707933469,6.24043468690041,-4.43247639252861,0.000111504448048715,0.00092657772318742,0.986233504781106
"PRKRA",-0.674014724050728,3.6949773433431,-4.43142323155415,0.000111835611101539,0.000928208591295706,1.05098708081738
"BRSK2",0.749434936799808,6.07929356280688,4.4310345683565,0.000111958070544205,0.00092866486362797,0.986222336162636
"ZNF425",0.634263513589844,2.7200900894625,4.42737578725943,0.000113117393501309,0.000937715934922595,1.14014057840112
"CACTIN",0.728745096791937,4.64917046458393,4.4264986223246,0.000113397091878639,0.000939371997474975,0.99875005836001
"ZDHHC12",1.40758829083334,1.29005349112221,4.42632137745694,0.000113453692304586,0.000939371997474975,1.22421444837777
"RPS27L",-0.647265437927498,3.16878326295671,-4.42556683901665,0.000113694955332999,0.000940803535981601,1.07661033444119
"CAMSAP3",1.01274992874927,4.7421468398253,4.42475600243351,0.000113954785189769,0.000941820900298145,0.994806387863701
"SYPL1",-0.916987492989497,4.6045236870157,-4.42353690622702,0.000114346545915499,0.000944491487600949,0.978708191387254
"CMC2",-0.647182141277653,3.71936472988992,-4.42319050897855,0.000114458104617037,0.000944845817417542,1.02712108640304
"LHPP",1.02012177748272,5.4810604937298,4.42094891854253,0.000115182624371274,0.000949118619145572,0.963965920131096
"STARD3",0.723348795282709,5.26380994028905,4.41730001584288,0.000116371721809982,0.000957197408145349,0.953568605235009
"EHD1",0.721380007079282,5.09962934295015,4.41676838429884,0.000116545978874545,0.0009580580736515,0.956035845605536
"KXD1",0.728268695584291,4.16843942179887,4.41634235605504,0.000116685807698292,0.000958634865514144,0.996140838470723
"CRB2",1.02005941546439,6.66427112367383,4.41552916006986,0.000116953171369338,0.000960209538251804,0.954813264938436
"TMEM240",0.95491361517388,2.29270610685971,4.41533519362397,0.000117017033329574,0.000960209538251804,1.14940058795414
"RIC8B",-0.697275701438272,4.27250415751414,-4.41434899570308,0.000117342265062824,0.000962304475285773,0.969283366691846
"NME4",0.74872657557019,4.63978376293867,4.41352781074906,0.000117613760021107,0.000963472089595723,0.963948653447241
"DOCK11",-0.87483289548922,4.60025013690631,-4.41349484490076,0.000117624671936692,0.000963472089595723,0.95166582880672
"NHLRC3",-1.04929026476493,3.97939274479575,-4.41270435727909,0.000117886628565899,0.000964379047667487,0.981039335778424
"PSMB8",0.791058608361824,2.60993505207716,4.41260088982307,0.000117920958904009,0.000964379047667487,1.11372558494339
"EXOC6",-0.708769162369825,4.29916224848071,-4.41252652564995,0.000117945638923362,0.000964379047667487,0.962892272421183
"RPL13A",1.03653789373972,6.86047975562086,4.4117643504558,0.000118198884580146,0.000965875802082771,0.948867372688969
"MTHFD2L",-0.772141519673576,3.42127289486984,-4.41101864875477,0.000118447176876334,0.000967330327000134,1.01625614174616
"MPND",0.621817534787031,3.505452600116,4.41073721124695,0.000118541019578345,0.00096752252100688,1.02697576344501
"EIF3CL",0.59360737678679,6.09829376815583,4.40813509743965,0.000119412158798546,0.000972901549571813,0.922827113741227
"KCTD17",0.745687293106065,5.68637377247974,4.40597953205095,0.000120138592236981,0.000977662429197575,0.917532448004501
"NDUFS5",0.952202244026095,4.16464130526735,4.4051918756618,0.000120405123652255,0.000979252308852645,0.972128283509338
"CSDC2",1.14102680869483,5.57773490320356,4.40453885330138,0.000120626539992569,0.0009804736071103,0.919673250396599
"ORC2",-0.690048897629043,4.40389609988225,-4.40408265012663,0.000120781460794922,0.000980616172869885,0.934939022326091
"WSB1",-0.830466577644459,6.95105466990722,-4.40406752413456,0.000120786600756809,0.000980616172869885,0.927476419164302
"DNAJB11",-0.628806640510474,3.61331834653064,-4.40380713774023,0.000120875116536924,0.000980756178457906,0.982564956447075
"DNAJB14",-1.01755150117717,5.26028515633029,-4.40283381900582,0.000121206554767054,0.000982865881054471,0.904579686846172
"BORCS7",-0.645879417523273,3.2121006800748,-4.40227644492,0.000121396758262786,0.000983489640431644,1.01029096066029
"HDX",-0.609618712346765,3.05093538253713,-4.40218961585388,0.000121426415165567,0.000983489640431644,1.02444104903768
"KMT2D",0.64470620657925,8.68593363766343,4.40139119932592,0.000121699454230849,0.000984542145603009,0.97875920564299
"UGP2",-0.647960013630288,5.82435873449862,-4.39984308978882,0.000122230600327939,0.000988258102886467,0.892943659863272
"SLC30A4",-0.750939303815154,4.47763073477279,-4.39902710907268,0.000122511479335978,0.000989366471327692,0.917769555038682
"GPR89B",-1.07347420530337,1.72805684519905,-4.39791847440027,0.000122894118873121,0.000991874469098544,1.1239822177177
"LIAS",-0.808533330615434,2.19523186532202,-4.3971033643291,0.000123176203166755,0.000993568424254232,1.08663400789659
"PHRF1",0.728871058614486,6.30465728263371,4.39489041621726,0.000123945266914426,0.000998673078269729,0.890439633085655
"C3orf14",-1.05988266430912,2.88774180762482,-4.3940088301915,0.00012425296380304,0.00100049446161125,1.01585274937197
"KITLG",-0.951617047729634,3.8951651874728,-4.39358796101304,0.000124400124408557,0.00100109363274044,0.934678790933904
"PARP3",0.80318939220176,3.4403818760983,4.39158234096769,0.000125103776709302,0.00100558006500976,0.984679256245292
"WBSCR16",0.616679040359031,4.36869568162213,4.38972026817171,0.000125760587291628,0.0010094805752911,0.911432008993863
"ERO1B",-0.992358356574793,3.71591023969502,-4.3896360168302,0.000125790385786931,0.0010094805752911,0.936105590613602
"AGO3",-0.749728587818917,6.36426087638353,-4.38958308174836,0.000125809111737827,0.0010094805752911,0.872160882634647
"SLC36A4",-1.01791064981848,4.21830555261796,-4.38736451877171,0.000126596417392552,0.00101520588562873,0.8986763112518
"INTS5",0.723737457399055,3.68075494301896,4.38712597500591,0.000126681359213035,0.00101529538970913,0.951563986391196
"RSG1",0.982305074115062,3.05084517179815,4.38501926862184,0.000127433974573643,0.0010207327846961,1.00612048769037
"TMBIM4",-0.861139266023265,3.17036977871653,-4.38384298240396,0.000127856120164656,0.00102351836508774,0.963627976492205
"MAPK8IP3",0.662164424400212,8.08406575406327,4.38355213603823,0.000127960711995859,0.00102376009172966,0.9089030362282
"TRADD",0.838503504756791,2.48938030943307,4.38158940883975,0.000128668745803044,0.00102811944656108,1.04436734134965
"PQLC1",1.03912082340969,6.01561561324566,4.38152910247585,0.000128690561894627,0.00102811944656108,0.854355021012814
"CYP46A1",0.755739459942573,5.65680016607717,4.38142085679856,0.000128729729410998,0.00102811944656108,0.851351446041895
"CLTB",0.82083356717875,4.69348585092798,4.38104337795989,0.000128866408184779,0.0010286140620828,0.875045521125429
"RPS5",0.946409320128202,6.43042163123324,4.37990671465561,0.000129278841483071,0.00103130790588321,0.853522334560064
"UQCRC1",0.598810468492867,5.41586843042689,4.3795393428963,0.000129412419385723,0.00103177537842812,0.847221090133122
"ZDHHC1",0.789932320262588,3.12854242960968,4.37689580336355,0.000130377650837396,0.00103819379272611,0.972431639061884
"ZFPM1",1.14134728245627,3.58592721316678,4.3767153578754,0.000130443795336345,0.00103819379272611,0.941244844428375
"SLC12A2",-0.874095578655614,6.50248438975239,-4.37554752018438,0.000130872682856956,0.00104040380635158,0.837594965048399
"BBS10",-1.05637498838915,3.61399145210999,-4.37008853712136,0.000132896038486631,0.00105466112203837,0.890874806517604
"CYSTM1",0.580190296218339,3.57675410331514,4.36787434061674,0.000133725505131482,0.00106002112679396,0.904620854518165
"LSM5",-0.587707073449849,2.52147669238426,-4.36736232044986,0.000133918041352987,0.00106093619289491,0.979393784178657
"NT5C3B",0.600407833348407,3.84133443440119,4.36661430347119,0.000134199812377258,0.0010619864477295,0.88127321423358
"UBALD2",0.840100596130106,4.00633829588588,4.36660065675361,0.000134204958404303,0.0010619864477295,0.875595849161204
"LINGO3",1.39407075544822,2.01948420999675,4.36475993176817,0.00013490086481885,0.00106626697344756,1.04571071612562
"ATG4C",-0.900479791981081,4.84229747072422,-4.36378989299846,0.000135269031599887,0.00106856322838464,0.808424213986727
"MTRF1L",-0.678697130448732,3.50536350138875,-4.36297250204458,0.000135580033060934,0.00107040552779777,0.880677122816853
"SLF1",-0.95545568518431,2.98194169127879,-4.36185707336933,0.000136005571870121,0.00107275529168323,0.921198724029816
"TRMT10B",-0.669388268987889,2.72032627104325,-4.3616416363174,0.000136087913512938,0.00107275529168323,0.945212325901202
"ZNF703",1.10765532422907,4.18645586293776,4.3615798751253,0.00013611152817956,0.00107275529168323,0.855871198465775
"HCFC1",0.67894260246819,7.3297792249605,4.36077891841334,0.00013641814438188,0.00107346257004422,0.822350089097639
"FAM127A",0.820192975061268,5.7397530253505,4.3607341805974,0.000136435290677084,0.00107346257004422,0.795890508681209
"MAML3",0.633640759149898,4.55143578748957,4.35806039897874,0.000137463923364093,0.00107970379532721,0.816355306562435
"TLE2",0.698093711303486,3.98917865997521,4.35724909100433,0.00013777755424571,0.00108154987106401,0.848192028747269
"ZNF213",0.790645239906105,4.3295855656936,4.35644496509754,0.000138089106049366,0.00108315387546256,0.826616033114091
"PPP2R1A",0.676152375206445,7.35902359189977,4.35631555340422,0.000138139310474296,0.00108315387546256,0.811230195504157
"HSD11B1L",0.868880210020377,3.61571265767549,4.35564308821252,0.000138400479321071,0.00108458371067042,0.875397449860116
"SCRT1",1.23350297027342,4.99250488062784,4.35467235766084,0.00013877834731266,0.00108617316204702,0.799766818915514
"USF2",0.671353335436581,6.16839121125167,4.35451396969343,0.000138840098251632,0.00108617316204702,0.778678906630447
"TSNAX",-0.790776483984087,4.06545863504828,-4.3542969910122,0.00013892473608501,0.00108621778026467,0.818215161128621
"PEX5L",-0.867267432271312,7.25465981817227,-4.35372715728312,0.000139147256347445,0.00108733980385985,0.801495747886006
"EFHD2",0.760960891602411,5.77588622413528,4.35028168623333,0.00014050023167339,0.00109604517463578,0.766702486363984
"UBL7",0.614514515835396,4.38058211114359,4.34901908183194,0.0001409992797102,0.00109869257536357,0.800216686621498
"CEP131",0.980111428377184,3.72573521136137,4.34881441261996,0.000141080340507466,0.00109870207454626,0.851868198209709
"MYO9A",-0.582333552222856,6.8076770633591,-4.34816247224557,0.000141338853318988,0.00110009273785214,0.771240256376649
"OSBPL9",-0.640995473588122,5.41072023099732,-4.34773040262314,0.000141510438820665,0.0011008056238616,0.752763916476923
"OST4",0.616644046562397,3.84155836540839,4.3461328071047,0.000142146671605427,0.00110397418228574,0.827196694353112
"CLHC1",-0.750710165189246,2.88387780729966,-4.34610333055962,0.000142158436960274,0.00110397418228574,0.888572568342924
"SHFM1",-0.864338006911142,3.57963653605083,-4.34348330261812,0.000143208052780689,0.00111149803401865,0.821927466307572
"CRYL1",0.675264749154674,5.15962061903826,4.34199715313508,0.000143806820094071,0.0011144294744347,0.751536458329652
"PTBP3",-0.796231633422992,4.84671077608868,-4.34184772564687,0.000143867160784162,0.0011144294744347,0.748933833732999
"TUBE1",-1.0561457129538,3.91273156549697,-4.34174245584183,0.000143909685057079,0.0011144294744347,0.79369970161394
"FAM199X",-0.648402422706984,6.48902624387627,-4.34095449998003,0.000144228378170721,0.00111626185155513,0.743120889112615
"TMEM184B",0.974520609595317,7.14459223997887,4.34075657098347,0.000144308541088334,0.00111626185155513,0.763584746776975
"SGOL2",-0.911276837334417,1.75459959422052,-4.33871044069524,0.000145139823389589,0.00112134033073176,0.967590852550234
"STAC2",1.26525688666164,5.04384635028748,4.33814119954955,0.000145371928643217,0.0011219647280198,0.753453268528656
"CEP95",-0.5879090228435,4.62549722262907,-4.33776294528292,0.000145526362559274,0.00112252706007745,0.74634584418551
"GLIPR1L2",-1.22716321923357,1.28779111853035,-4.33698217636273,0.000145845647834318,0.00112435964137145,0.988049309923021
"TEX15",-0.962784012866202,3.08429671878914,-4.33586998384241,0.000146301659024687,0.00112674279246288,0.842460685987345
"BRIX1",-0.673624600501339,2.37135996657904,-4.33576545248697,0.000146344590327318,0.00112674279246288,0.908947667647287
"COX5A",0.678700795504563,3.65710835739831,4.33544098193296,0.00014647793047094,0.00112674279246288,0.813751588416435
"ZNF280D",-0.63634536495357,6.1969767542538,-4.33537207858199,0.000146506261519535,0.00112674279246288,0.722064013337945
"OAF",1.44560213429444,4.73001103234595,4.33523127174911,0.000146564174006872,0.00112674279246288,0.761765204678798
"CD151",0.732231619988502,4.9431410232281,4.33472402959304,0.000146772985202534,0.00112737251919288,0.738920393305992
"TXN2",0.597636480922136,4.30073366329305,4.33200371251026,0.000147897851240679,0.00113509332455269,0.758444776660224
"PLXNB2",0.73361147956021,7.18984346446824,4.33151236608839,0.000148101931138301,0.00113602601694212,0.73919892883922
"CNNM3",0.825144353927742,4.54943041855904,4.33011194298057,0.000148685120960608,0.00113922937056733,0.74476768796942
"GALNT4",-0.891010728938586,2.99865876662323,-4.32966553755662,0.000148871497310917,0.00113957278657327,0.833691824523473
"SRC",0.63986371269894,5.13428651680238,4.32960793121459,0.000148895565021345,0.00113957278657327,0.718071908391019
"LHX2",1.18445183489797,5.50645966807768,4.32850697407972,0.000149356279561919,0.00114212233120687,0.715463953384473
"SPATA2L",0.913884305786666,3.63823693720869,4.32841536017519,0.00014939468034099,0.00114212233120687,0.802410732221118
"LCOR",-0.945277144587704,5.0631178457446,-4.32666648829344,0.000150129607007512,0.00114710356581364,0.701968153746226
"PIGF",-0.955325147911769,2.62716013532989,-4.32451060584864,0.000151040483755007,0.00115342291728782,0.854477734504601
"YAE1D1",-0.821182577700826,2.47805036719723,-4.32397629698016,0.000151267075486374,0.00115426834294022,0.867554912660054
"PIK3CD",0.653919917758982,4.49434099156295,4.32385408335798,0.00015131895143261,0.00115426834294022,0.727517191703387
"ZNF282",0.827892763337132,4.09704689447476,4.32349875199646,0.000151469878495757,0.00115477950026599,0.753696198684117
"RAB2B",-0.666475708737227,4.24473725374294,-4.32224734517009,0.000152002597769915,0.00115803754952818,0.72194177456434
"KANSL1L",-0.706861111415579,5.15518560791148,-4.3220997815632,0.00015206553680673,0.00115803754952818,0.687445735319716
"HSF1",0.618924291637995,5.19984414264222,4.3215228807045,0.000152311844308412,0.0011586308952615,0.694268739248668
"TOX2",1.06946185328516,2.38468040584621,4.31880819338516,0.000153476174521232,0.0011668428936943,0.889443032805876
"TMEM256",0.958153430815238,1.72388387685762,4.31845459259373,0.000153628479157841,0.00116735588166265,0.932792242001813
"NME5",-1.23112640111411,2.03253109450518,-4.3166516914433,0.000154407355553124,0.0011719799336826,0.888425966210831
"SMARCD2",0.607779550396347,4.34809233236958,4.31596395353444,0.000154705492826791,0.00117347255349918,0.713350127887803
"PTRHD1",0.723871977673284,2.5859300382207,4.31562936502096,0.000154850743701281,0.00117347255349918,0.857416946531256
"SDK2",0.756585758541199,5.06119044942229,4.31560843872014,0.000154859832654205,0.00117347255349918,0.683891337270472
"ASMTL",0.593566244600806,4.13830507094189,4.31517261077682,0.000155049246189253,0.00117378296824658,0.723448290959073
"OSMR",-0.781327504020193,4.73768540163277,-4.31512168721836,0.000155071392796474,0.00117378296824658,0.680450931069843
"RPS10-NUDT3",2.35291242057226,2.21003464105835,4.31315078795025,0.000155930937617029,0.00117964025978446,0.916564855930403
"CANX",-0.759723393386573,7.74804778653584,-4.31260248276025,0.000156170898201745,0.00118080644513968,0.707741367261388
"SLC25A10",1.08860569753711,2.37049969099648,4.31183610685897,0.000156506906081502,0.00118204804313257,0.875734086472014
"KIF7",0.893201579850865,3.38566153961453,4.31162572766476,0.000156599268921115,0.00118209684016647,0.77803511971654
"ENTPD6",0.649565260890617,6.89354814839583,4.3110550807052,0.000156850071125108,0.0011833409148863,0.675495286230006
"C12orf10",0.614368635898532,3.53221450148539,4.31017633504207,0.000157237059571959,0.00118561050781903,0.75387413246808
"PCDH1",0.722674351621693,6.69446876629483,4.30975422803093,0.000157423284969307,0.0011863646355217,0.667469193636707
"GXYLT1",-0.772855507225968,4.7159661906679,-4.30897064364654,0.000157769564317555,0.00118782824982871,0.664643440774308
"ZNF573",-0.754755382536474,3.39636648369438,-4.30892414948409,0.000157790134487819,0.00118782824982871,0.743953458736443
"FBXO28",-1.08043687974799,4.51291993083082,-4.30824207025581,0.00015809220760088,0.00118880156764793,0.670762752483867
"ZMYM5",-0.696399453799888,3.85936844953243,-4.3078339727162,0.00015827321492344,0.0011895126764399,0.706576652601727
"CLIP3",0.727273520209142,7.42696192723702,4.30763177753664,0.000158362972184978,0.00118953758740458,0.682138184573474
"CARF",-0.589176464306026,4.77413430501404,-4.30730846277033,0.000158506600495011,0.00118953758740458,0.658495497575156
"MAPK8IP1",0.748440634082758,8.29205908301576,4.30724263913643,0.000158535857517622,0.00118953758740458,0.71084065199469
"PIGB",-1.08564832541506,1.76231108681642,-4.3062530677635,0.000158976340917717,0.00119219260347068,0.881885681360767
"STXBP4",-0.689639365089172,4.42527218110313,-4.30522664346794,0.000159434504318186,0.00119432673594042,0.666877310947474
"PCED1A",0.660049344660702,5.17082647803671,4.30428134214553,0.000159857609252523,0.0011968447012644,0.64914735275284
"RPL19",0.666371787003931,6.70969453916724,4.3025607128559,0.000160630586449775,0.0012019779772351,0.648011150012636
"CREB3L1",0.983085353344368,2.03816984622629,4.30197993287792,0.000160892328122374,0.00120328224309347,0.870951603566973
"ASNA1",0.696146773741736,4.02160763888745,4.30168487429308,0.000161025464109244,0.0012036237977226,0.696335518954377
"RAD54B",-0.790574140725351,2.57914059329688,-4.30060673242026,0.000161512866824097,0.00120611978746624,0.795815522545831
"ZNF660",-0.7979354301867,3.44716931383191,-4.29860458967269,0.000162421852851177,0.00121142933175341,0.711895233584538
"MNT",0.641754016651131,6.23338941614683,4.29698104670372,0.000163162656026718,0.00121523229327926,0.623797730058993
"OARD1",-0.66145499147835,3.29603239554593,-4.29669166393906,0.00016329504746514,0.00121523229327926,0.720038869947005
"MAP9",-0.872688829175076,5.51969698537852,-4.29652076532462,0.000163373282651452,0.00121523229327926,0.613584121421651
"FAM101A",1.02691077578498,1.55181184588867,4.29631425477772,0.000163467869859695,0.00121527896117735,0.884781958014599
"LRFN1",1.05004407451306,4.5786475525433,4.29250514628808,0.000165222260175564,0.00122510107315634,0.645800911488457
"SETD1B",0.665180377296373,6.00225537079378,4.29208914221174,0.000165414983705318,0.00122578114742536,0.608597827446312
"OGFR",0.668786777274533,5.38746162246218,4.29084668779183,0.000165991900587863,0.00122939426479526,0.60872089711417
"ANKRD24",0.894240600957153,3.63131478433565,4.28887101492797,0.000166913367169894,0.00123555397828129,0.696308979489503
"TMED10",-0.711351308358966,6.63185291660366,-4.28844249787706,0.000167113895153344,0.00123637328559418,0.60515386498643
"NDUFS6",0.793345982025806,1.6592742120483,4.28615934106418,0.000168186329064344,0.00124363894371544,0.850109994988008
"ITGA2",-1.18547856440572,4.59793331467282,-4.28581789520837,0.000168347293829264,0.00124416063930424,0.606921541302469
"FBXO30",-0.66074484527586,5.36442785501917,-4.28545711477229,0.000168517538410721,0.00124460360855746,0.585027103463112
"TOR2A",0.754720882045728,2.09806029998579,4.28530764336571,0.000168588120510944,0.00124460360855746,0.818845820694739
"NLN",-0.805865854358185,4.27025434791792,-4.28138291237263,0.00017045189254196,0.0012563409176593,0.610117915092907
"RRS1",0.605309066211495,2.67455121070123,4.28035782228015,0.000170942023683673,0.00125927900851768,0.753377233420185
"ETAA1",-0.766198144339669,3.03795244930172,-4.27963547345138,0.000171288238234818,0.00126115433191511,0.69694366409692
"RHBDD2",1.12194290439707,5.57463015936743,4.27552668049026,0.000173270734439748,0.00127370650460757,0.571167282138715
"SEMA6B",1.0524099516236,7.78100572177308,4.27514223892251,0.000173457381306946,0.00127373728961564,0.60675744125275
"PNMAL2",1.04952276301073,6.42067341015386,4.2751367551715,0.000173460045108619,0.00127373728961564,0.571597256495479
"MYL6B",0.583493466617832,4.39617106922428,4.2730932612709,0.000174455511670822,0.00127956209914293,0.594590229748944
"ATP1A2",1.01305829177278,9.69430653590754,4.27297212456395,0.000174514698681565,0.00127956209914293,0.678095611813037
"VMP1",-0.900202562139076,5.18590583171081,-4.27293624498747,0.000174532233129226,0.00127956209914293,0.554240232955181
"TOMM7",0.935926003487043,3.54745069474722,4.27171497313955,0.000175130109037467,0.00128326167756368,0.658972785653666
"FAM195A",0.9024722982521,3.79182658839477,4.27138364797698,0.000175292657834827,0.00128373088401464,0.63666066097942
"POLR3GL",0.666407666640632,2.63012984759079,4.27011924622717,0.000175914344086268,0.00128695230673639,0.732575892787162
"PPIL2",0.668842713196662,4.52234885948542,4.26903628713197,0.000176448545857532,0.00129017451623034,0.579467655123305
"SKA2",-0.709806234291316,4.22465667641698,-4.26880026031877,0.000176565185210404,0.00129034174916642,0.578990748859173
"N4BP2L1",-0.59374031197048,4.18534182878494,-4.2670182267815,0.000177448284789732,0.00129610713746895,0.576946660216808
"NAA60",0.796318192071368,5.04272835264495,4.26637260917341,0.000177769298689212,0.00129776303409137,0.552426286882193
"ZDHHC24",0.60338345791141,4.20708235787243,4.26297018959385,0.000179470531872267,0.0013087938468968,0.578693026654857
"ZMIZ2",0.671458617903822,7.18892305188367,4.26215847253108,0.000179878761399534,0.00131107607818802,0.552216083551935
"DBN1",0.759709326082521,6.42201613244722,4.2619277261003,0.000179994975620501,0.00131122861805914,0.53333884733901
"HIST1H4E",1.0438654166522,4.77082343939234,4.26158856856373,0.000180165924883237,0.0013117795197451,0.554785144975381
"DICER1",-0.599382514981068,7.29497407096135,-4.26035105964315,0.000180791038483079,0.00131493947175774,0.55078147701694
"JUND",0.923517446612256,6.30122073309893,4.2600529340494,0.000180941952544653,0.00131534189591494,0.527723605229055
"MRPS26",0.681879295426223,3.39162570308069,4.25906222856489,0.000181444349810677,0.00131829762288529,0.632244544145827
"SCAI",-0.939125459058835,5.01671476148538,-4.25855251904533,0.0001817033643857,0.00131948284818555,0.519348247118535
"STX1A",1.0665280907051,5.22128965055225,4.25800913801506,0.000181979890905569,0.00132079392339216,0.529544490102725
"PKN1",0.782639310633931,6.18277786529174,4.25755076809428,0.000182213477810918,0.0013217921287064,0.51819131827073
"GSE1",0.962759666167438,5.03671007558762,4.25412255033589,0.00018396990580086,0.00133312789559012,0.522091580920671
"UHRF2",-0.656323060946653,4.94946701185154,-4.25226871900209,0.000184926647023282,0.00133935557351968,0.504325856754897
"SAMD14",1.16974979225954,5.38290622909362,4.2501113501628,0.00018604621591057,0.00134675537987657,0.506036542409062
"TBKBP1",0.813673947876797,5.77821266572962,4.24921371139187,0.00018651401213182,0.00134872271200524,0.494272103050871
"MICU2",-0.636723290207062,4.21221945050513,-4.2486403262918,0.000186813433072809,0.00135017838892591,0.525884619419106
"ADGRB1",1.00110052989019,6.83767868219558,4.24662345102474,0.000187870411308956,0.00135639282792368,0.502403707220611
"PDCD6IP",-0.588430431718862,5.74986812941189,-4.24476732886536,0.00018884835068156,0.00136273841307234,0.4735296677922
"SAMD9",-0.733790465072674,2.77201137600789,-4.24449060851984,0.000188994576028663,0.0013628356999846,0.628640151643014
"IGLON5",1.12626112952089,3.93964723930878,4.24417981209242,0.000189158940990523,0.0013628356999846,0.557990699904249
"BROX",-0.695613509847946,4.9038608997132,-4.24361447633548,0.000189458280539461,0.00136427807352356,0.482315355634243
"RRP15",-0.756246829617474,3.13024266625383,-4.24268457110937,0.000189951671646953,0.00136628449491387,0.589831035921456
"FASTKD2",-0.759168776920409,4.69608721927193,-4.24252818073791,0.000190034773872913,0.00136628449491387,0.486464592912082
"THTPA",0.832798354992766,3.57974845183872,4.24104950162485,0.000190822282636113,0.00137113495104946,0.570961641236183
"RNF166",0.847556477859988,4.1959933182523,4.23979126779942,0.000191494919322803,0.00137459881301793,0.522132075938668
"SLC25A23",0.887067190121506,8.18183927520022,4.23896711827291,0.000191936765529857,0.00137602020354828,0.523749284978821
"MTAP",-0.829025245851113,3.01063948151936,-4.23887006081363,0.000191988866420514,0.00137602020354828,0.590542549747004
"HINT1",0.755036038218406,3.65189440888133,4.23656800536374,0.000193228713573482,0.00138355761296706,0.551205170879607
"IQSEC1",0.606734439844901,8.24084116848938,4.23654414528983,0.0001932416054155,0.00138355761296706,0.519316738191996
"PLD3",0.902099342498143,6.74213651774287,4.23463331019217,0.000194276805482487,0.00139024603236844,0.467536082195783
"FAM207A",0.870065031846032,2.19810615485369,4.23401255933621,0.000194614273288784,0.00139193711784146,0.678736120632556
"TPRA1",0.598451385935093,3.60664523779569,4.23311271094402,0.000195104496622757,0.00139471843014325,0.541825677516554
"PSD4",0.72874696028336,4.39314001808997,4.23228970649675,0.000195553921679941,0.00139648028865473,0.487863709305422
"SDSL",1.42309492636456,1.30819676622869,4.23203622830576,0.000195692546010583,0.00139674539712222,0.729367751140952
"C4orf33",-0.948164381353829,2.23160064006491,-4.23068621809346,0.000196432483720195,0.00140115036734654,0.644153201279356
"ARHGEF4",0.776180018439561,8.14708726173801,4.23053898208701,0.000196513349973027,0.00140115036734654,0.499834145951628
"LDHD",0.814780239007934,3.97977686466717,4.23028425557131,0.000196653330568451,0.00140142231069521,0.511269041127851
"ORC3",-0.585554360588945,4.34507850659547,-4.22969888925252,0.000196975380966232,0.0014029907957952,0.468124745904636
"EMX2",0.917660159351465,3.88293682178545,4.22942139007747,0.000197128233895755,0.00140335314363139,0.517589336116679
"MAD1L1",0.720654455363867,4.71036718827701,4.2283306004621,0.00019773019915349,0.00140691068797889,0.461326769990952
"AGPAT3",0.625646845826961,6.6021007797496,4.22811744800615,0.000197848041212382,0.00140702165122666,0.444846405296107
"ZNF81",-0.726159424447302,4.93378306001622,-4.22730270965917,0.000198299110060123,0.00140890433640023,0.437532871359762
"CCDC82",-0.680984885642855,5.80623962856858,-4.22726945545767,0.000198317542301232,0.00140890433640023,0.426613536695911
"TBC1D13",0.619848997102658,6.22282319406186,4.22675004023639,0.000198605664533773,0.00141022319383346,0.434319240255034
"CDIPT",0.866965081779327,5.08821188565648,4.22649067024397,0.000198749692700181,0.00141051806149933,0.444739894446216
"ATM",-0.778435511024652,7.46562583954068,-4.22464865542795,0.000199775527944578,0.00141643565190207,0.461403549136019
"PQLC2",0.587263279856369,3.80114690390389,4.2246238536769,0.000199789375796957,0.00141643565190207,0.504121428246139
"LYPLA2",0.609408836802595,3.64029284122181,4.22286139753522,0.000200775853406388,0.00142123277712207,0.511515248551187
"GPR180",-0.783630494466248,4.1836540711777,-4.22183009403329,0.000201355315609097,0.00142460179850734,0.455034655833948
"CHAF1A",0.663636736298102,3.47019780577068,4.21932857809335,0.000202767704001368,0.00143312089099272,0.519220861242339
"CDIP1",1.21626975913672,6.18222308953623,4.21896130472489,0.000202975891176902,0.00143326509151912,0.419273569357546
"GCNT2",-0.689053867705845,2.11732738379033,-4.21862226942495,0.000203168258606814,0.00143326509151912,0.623858324434399
"AP5M1",-0.755846446358759,5.68562891025486,-4.21789945301714,0.000203578981800526,0.00143516924618701,0.401164439690067
"RRM2B",-0.784179963771377,4.57701580586794,-4.21683372239263,0.000204186050045894,0.00143738320244396,0.422142327499843
"LENG9",0.996373388829639,1.20933269056792,4.21679806534675,0.00020420639203386,0.00143738320244396,0.690763924544582
"SLC43A2",0.860317414412549,5.65359058208155,4.21617311032515,0.00020456324685904,0.00143915891616935,0.407201718794163
"DYNC2LI1",-0.764946920379426,3.26393501239203,-4.21507513686438,0.000205191687411488,0.00144284251940188,0.50449691467943
"DTWD1",-0.921609525356909,5.51062851654216,-4.21255264003215,0.000206642685046895,0.00145082142292363,0.387583199079605
"CLN6",0.666180129931008,3.62398607542227,4.21135230558312,0.000207336688468246,0.00145489171298536,0.484333848516025
"HAUS3",-0.671365023539637,4.51091579584109,-4.21118453125707,0.000207433874055467,0.00145489171298536,0.410122211728277
"CTC-260F20.3",0.777363722644221,4.06006870801076,4.21083514006682,0.000207636407724671,0.00145557035491554,0.452098539080002
"TRA2A",-0.603776195716553,5.44502938872886,-4.21020150644895,0.00020800420684367,0.00145740625782879,0.381568122946433
"POLD1",0.637966622193539,3.4640353339939,4.20947052188227,0.000208429311389118,0.00145820612615113,0.492464858795869
"TAS2R19",-1.25294329245457,1.27897417831503,-4.20918875753555,0.0002085933999792,0.00145856391113505,0.659740698365347
"CISD3",0.827430699282143,3.38669776776858,4.2071910099738,0.00020976046444609,0.00146523540672215,0.49760524263119
"PIGZ",0.78279598736731,3.74516789383663,4.2056208317143,0.000210682257925183,0.00147064572442999,0.461705908272679
"INPP1",-0.780076555929663,3.9256021697345,-4.20458715633105,0.000211291266539733,0.0014736842974421,0.424848825265352
"CSRP1",0.963050538644241,7.19203980619785,4.20339002947467,0.000211998742046046,0.00147723987826126,0.395343817528157
"TYW5",-0.867717598795213,3.1411583369547,-4.20327612781157,0.000212066176808156,0.00147723987826126,0.483829097455359
"DYNC1LI2",-0.774346028943602,8.61416053630793,-4.20318000612709,0.000212123101478398,0.00147723987826126,0.446244756240127
"SLC10A3",0.884244974242231,2.17702157117939,4.20184024038858,0.00021291809845516,0.00148202627862491,0.599422144736962
"LZTR1",0.580187651138056,5.58690291819167,4.20159121445666,0.000213066189709096,0.00148230729857779,0.364804788174101
"SLC25A46",-0.939013769409898,5.04055267469177,-4.20030875401128,0.000213830453405696,0.00148687259692561,0.362192588237566
"EPHB1",0.868799045498046,4.32818139252578,4.19772250620759,0.000215379909388906,0.00149689037025289,0.401136069337815
"LTBP3",0.735766678534098,7.30145342099557,4.19694172696369,0.00021584985333677,0.00149887256355575,0.380823002723504
"ZNF234",-0.603040633730056,3.90460017028542,-4.19688678464742,0.000215882960610965,0.00149887256355575,0.406488967695654
"PCGF5",-0.694233742851383,6.56837738877369,-4.1960554106574,0.000216384542568879,0.00150137010109663,0.354966482575846
"RBM42",0.622010080113308,4.06436623716481,4.19571100772076,0.000216592662598383,0.00150137010109663,0.408828219023455
"GPATCH11",-0.638300542322343,4.03199501639808,-4.19556807332864,0.000216679094599078,0.00150137010109663,0.394308866196076
"LRRC63",-1.55619150225399,1.74387089940167,-4.19520818937747,0.000216896865757773,0.0015016486151698,0.594497790981642
"ZFP82",-0.630871390339324,3.72963633902477,-4.19514101634156,0.000216937537021842,0.0015016486151698,0.413962511888251
"ZNF846",-0.594887010311745,4.18912967249162,-4.19483403672159,0.000217123499577925,0.00150218023011153,0.383225620774305
"TATDN3",-0.728730300055882,2.87414796490612,-4.19289664711202,0.000218300760092683,0.00150819982421609,0.482004032646258
"RP2",-0.763119813033626,2.01381350687436,-4.19257657363314,0.000218495857586783,0.00150864099159645,0.565352150726871
"PSMD12",-0.856605851487459,4.81720929985418,-4.19162371692987,0.000219077678236198,0.00151189966409645,0.345380496964586
"ZNF300",-0.92258871266412,2.81454884216177,-4.18886921447202,0.000220768186202887,0.0015197553828604,0.476768779367229
"TMEM69",-0.580769336542148,2.66801536355077,-4.18845294780715,0.000221024774012427,0.0015207609575925,0.491244856762293
"ADRA2C",1.01198469176472,1.71671275365592,4.18754949791929,0.000221582673129799,0.00152383766363776,0.597547088183724
"EPHB6",0.894388040000148,5.33626235089126,4.18701007667325,0.000221916437624006,0.00152517125500634,0.333311077579862
"DDX41",0.581332601508337,4.93376956548079,4.18687796318441,0.000221998257668607,0.00152517125500634,0.33939202398706
"NECAB3",0.587449914989547,4.65216141126903,4.18656641960827,0.000222191319291214,0.00152573590058203,0.349695998511558
"C8orf76",-0.701203130683149,2.4498787950232,-4.18620383598289,0.000222416218213622,0.00152651849318586,0.50655940292906
"NFAM1",0.932946773073214,3.06372455859902,4.18425740876063,0.000223627359507634,0.00153184239509044,0.469929944095053
"FBXO3",-0.640822975910072,5.07715505722064,-4.18423925894089,0.00022363868350964,0.00153184239509044,0.318117234553982
"C9orf16",1.03486292076374,6.04548004829538,4.18419717394444,0.000223664943274553,0.00153184239509044,0.322899243162428
"DCAKD",0.610651194931706,5.2637656500473,4.18374755552768,0.000223945681047264,0.00153184239509044,0.322060325425596
"STMN3",0.87544815740098,7.85667353207706,4.18370680411143,0.000223971143007192,0.00153184239509044,0.364204628369063
"SIPA1L3",0.795365701364562,7.99295892417855,4.18256834451103,0.000224683618660914,0.00153518931300538,0.365978919839859
"PRR14",0.65244277598596,4.31912214359572,4.18189402152336,0.000225106677801526,0.00153636847316474,0.355874885486941
"SDHAF1",0.60765893859747,2.73853476645578,4.18036017405947,0.000226071910492434,0.00154081346195911,0.483666413130372
"APC2",0.777432689804264,9.17422476027101,4.18019108998816,0.000226178562107216,0.00154081346195911,0.406284647400037
"C2orf69",-0.69442252232744,3.98078919300566,-4.17943614892326,0.000226655353813406,0.00154253428478055,0.354268725913639
"ADGRL1",0.779657801423249,8.57245105547356,4.17836050386354,0.000227336398975189,0.00154636277183574,0.37654515565522
"PIN1",0.587154378104512,5.2271564707493,4.17819298312642,0.000227442645897503,0.00154636277183574,0.307575708143943
"TMUB1",0.854612388023472,3.91833189640146,4.17751714623405,0.000227871779393769,0.00154851533641366,0.375343020040438
"RPL36",0.610042694981821,4.04462419825382,4.17618387853723,0.000228720696948257,0.00155275062195607,0.357200035409948
"TRIM62",0.698078164305055,4.64112119208798,4.17435608184024,0.000229889550618581,0.00155991622586898,0.319539828576961
"PHB2",0.604021677264321,4.85239797994935,4.17405565949178,0.000230082228694429,0.0015604541887945,0.308090978919592
"SPATA6",-0.633050631277751,4.40189419766202,-4.17305315735188,0.00023072634142635,0.00156328172543969,0.313310570639213
"VIMP",-0.613324695230869,2.67097511413761,-4.17245668347559,0.000231110420524596,0.00156511343348374,0.448913316183792
"ENDOG",0.833823097851305,2.77894658322245,4.17196650586848,0.000231426524643642,0.00156648322952344,0.463040801035986
"POU5F2",-0.990175382386051,3.39127231978712,-4.17175101432091,0.000231565624713143,0.00156665416011679,0.377733162567726
"N4BP2",-0.6867035989394,4.3711951897965,-4.17026676963223,0.000232525943837666,0.00157237813914011,0.307147719496056
"UCKL1",0.796354094475125,4.4756203075916,4.16682093706506,0.000234770562072633,0.00158599789135076,0.310024708624235
"CEBPB",0.882756987624909,4.21798854951747,4.16521540882402,0.000235823672085636,0.00159154955937736,0.322688988542656
"SIN3B",0.655093009276966,7.30684186035084,4.16489283362532,0.000236035818028579,0.00159170096867918,0.295139907037768
"PLEKHH3",0.729329715800462,3.24945145908463,4.16442254493174,0.0002363454462115,0.00159272756381805,0.394947642730714
"ZBTB7A",0.758416768557394,7.01900086895113,4.16330026602216,0.000237085946562016,0.0015963650570539,0.282348615897043
"TMEM189-UBE2V1",3.32318429840032,3.18735534576665,4.16325293258315,0.000237117228153344,0.0015963650570539,0.514514275260626
"MRPS22",-0.58908125657379,3.23972464705639,-4.15911411859191,0.000239868233913752,0.00161251918265126,0.358605076274498
"DLD",-0.672557891302584,4.54963238808169,-4.15824324859108,0.000240451073695821,0.00161564805914463,0.266590390026908
"PSMA6",-0.657439570327199,3.51362985025578,-4.15676037153442,0.000241446713588401,0.00162017943072321,0.32807387818309
"HNRNPA3",-1.99774182664615,5.24237568578309,-4.15553306956455,0.000242273820429719,0.00162472224314491,0.245997829191714
"PLSCR1",-0.812196401108807,3.66339743321406,-4.15417885201723,0.000243189693052024,0.00163006983248363,0.309099266720808
"METRN",1.65112286893183,6.00294339065932,4.15354455145021,0.000243619848021423,0.00163215809572678,0.249217733835235
"USP11",0.677584199780887,7.09540081919288,4.15161063319914,0.000244935971586903,0.00163858235537548,0.253170238059793
"FAAP100",0.721421743761379,4.35107898385018,4.14958115716944,0.000246324647052504,0.00164596726038676,0.269237808735822
"ARVCF",0.732954715612425,5.27367730839853,4.14947324413424,0.000246398703320742,0.00164596726038676,0.231696439903291
"STOML1",0.596372705398567,4.17202023679909,4.14765183018961,0.000247651973688941,0.00165264735299106,0.272266634925953
"ALDOA",0.708507795137909,7.78621757933578,4.14760856479868,0.000247681819647936,0.00165264735299106,0.265260584912626
"MAP1LC3B",-0.586485510221969,6.20143397278528,-4.14749671770895,0.000247758992022423,0.00165264735299106,0.216597246606361
"ANAPC2",0.628006291337266,5.51271904903468,4.14687448689967,0.000248188751428468,0.00165471192267788,0.219819205913411
"FMNL1",0.869167035898619,5.62987814882932,4.14661637177049,0.000248367240218135,0.00165506538165107,0.220646697361582
"VPS37D",0.947722086695025,2.18832035926535,4.14645006334042,0.00024848231076892,0.00165506538165107,0.454404041225319
"FBXO11",-0.625059325869995,6.0176920425496,-4.14203159615656,0.000251558768576303,0.00167151145068976,0.199477383103082
"MEF2A",-0.82342514121381,5.673498993979,-4.14142677964451,0.000251982789779379,0.00167352083501642,0.196172084940796
"SLC15A4",-0.623435869249543,3.70622156310779,-4.14098909985872,0.000252290074005488,0.00167475335667608,0.271460540221443
"NUP58",-0.629622719284735,5.66197003582281,-4.14005288667472,0.000252948603910595,0.00167750637995841,0.192404503436779
"SLC33A1",-0.662223290550707,4.46725245222086,-4.13892296319633,0.000253745640454288,0.00168198157913846,0.218833393286944
"KCNG2",1.87878423809656,2.0713821016292,4.13714869216939,0.00025500217930509,0.00168677250656176,0.462287745376708
"TSPAN6",-0.948309977620978,2.9700152643245,-4.13703727796582,0.000255081286691012,0.00168677250656176,0.324263590726538
"CD320",0.842127037046547,3.20736927612079,4.1301925099134,0.000259987832008959,0.00171509710272065,0.311704851772585
"TMED2",-0.683634132281423,4.19815409318849,-4.12921188624254,0.000260698330637842,0.00171896009962019,0.206913681670883
"HIST1H3D",0.950066788195476,1.95224979013632,4.12737616738711,0.000262033512819981,0.00172610970316695,0.42365666220338
"BEGAIN",0.975134839818194,5.71565242088826,4.12546143016141,0.000263433330414468,0.00173450050709737,0.164725739988169
"PSD",0.984615595591377,8.26429875757479,4.12475771388794,0.000263949645366784,0.00173706889999633,0.222112435771566
"CASP8AP2",-0.679665187549673,5.40961046704274,-4.12432399984791,0.000264268355663302,0.00173781269316556,0.151763496943348
"PABPC5",-1.02028011425231,1.35834309717748,-4.12426024613076,0.000264315236305175,0.00173781269316556,0.438097250868406
"ASPSCR1",0.660167652120847,5.35367579053269,4.12332499406436,0.000265003904663799,0.00173984672331991,0.159260064671809
"BTBD8",-0.74905874452724,2.90304881214518,-4.1230462691441,0.000265209483351699,0.00174036609461265,0.294511977734853
"NDUFC1",0.624887288041908,2.47064263943935,4.12168127694252,0.00026621852431788,0.00174530241099127,0.356140509900325
"NCLN",0.652708053535341,4.62713555541158,4.12143526344031,0.000266400785405702,0.00174530241099127,0.177538206492289
"HIST1H2BK",1.10368752639547,2.11694209146128,4.12141840481668,0.000266413279742582,0.00174530241099127,0.398612119436682
"C15orf39",0.930601646479325,3.65162476433755,4.12104846436835,0.000266687596669084,0.00174590295802249,0.248236811120861
"SCRN3",-0.62298409026935,3.83499625525151,-4.11826952707679,0.0002687571192017,0.00175861470153809,0.201559474536443
"C19orf24",0.90095218038978,3.16972805551561,4.11768313133592,0.000269195830849579,0.00175981179492687,0.282816768900325
"EEF1G",0.884249503541524,5.64186030248413,4.11661011090135,0.00027000043362664,0.00176339628245667,0.140569501253139
"MMP24-AS1",0.727421180957716,4.89886845711236,4.11543565228761,0.000270883809126658,0.0017674879551408,0.151271447493913
"ANKRD49",-0.803257051704638,2.4566352413996,-4.11491177024803,0.000271278765417769,0.00176922610943788,0.318244739933007
"GTF2H3",-0.694699069745583,3.00814045202919,-4.114232141772,0.000271791982872089,0.00177160040429544,0.260877916072958
"SNX6",-0.630067443287364,4.77863121368886,-4.11391864112604,0.000272029042531522,0.00177160040429544,0.139196469712181
"CP",-1.39627583652607,5.07414560074144,-4.11323019406074,0.000272550338594311,0.00177415572819125,0.130149487448056
"IPO11",-0.692907143019085,4.55588905300565,-4.11046913935458,0.00027465090716451,0.00178529576452094,0.138778051905778
"FLT4",1.07866162203659,4.04898743249327,4.10995301083564,0.000275045331108559,0.00178617215733123,0.19096108026875
"ARL14EP",-0.699435091298112,3.9520857236323,-4.10900747537978,0.000275769351052165,0.00178942672775756,0.168405181119598
"CAMTA2",0.718528629323846,7.25008052015651,4.10895894655126,0.000275806561265444,0.00178942672775756,0.144186631521266
"CLK4",-0.705825890549069,4.44622408245106,-4.10717597879207,0.000277177104677512,0.00179577878411829,0.135039337658834
"UBXN11",0.676100362104591,4.34832706590548,4.10404738659914,0.000279598203825474,0.00180890967693576,0.147207486196846
"KDELC2",-0.74141986535932,2.98108080737009,-4.10239339878733,0.000280886546657728,0.00181553770246923,0.232294341383879
"DGCR6L",0.9829345139389,4.89392076966427,4.10186985277442,0.000281295567055157,0.00181732783955212,0.120084518265752
"PIGM",-0.730539253610804,3.56665419227125,-4.09910370238472,0.00028346635545684,0.00183049296923584,0.170658092372826
"PCSK5",0.691162879340204,4.54046998708135,4.09875547289372,0.000283740798815259,0.00183140578447316,0.12258580254194
"DUSP9",0.868962816609966,2.71544006980715,4.09827260153255,0.00028412178686304,0.00183300511440333,0.275314388151486
"FAM160B2",0.61949443989394,5.32144920987507,4.09799513181974,0.000284340939255508,0.00183355935571464,0.0920008110545627
"CD47",-1.24233481399743,6.5276332628412,-4.09608155293909,0.000285856859356471,0.00183988598765407,0.0884532441664954
"CNOT3",0.665342744559413,5.44514838507866,4.09561524201754,0.000286227468173414,0.00184141009328394,0.0840682544630873
"ITPK1",0.666038807741685,8.29079635680938,4.09510634462186,0.000286632462006329,0.00184315388302294,0.144162449810733
"LIN7C",-0.734359944225869,5.87762274065216,-4.09417687532827,0.000287373611483384,0.00184705664064589,0.0705365615228644
"CIB2",0.770189195308179,3.36121609805768,4.09378121938303,0.000287689674518593,0.00184822484176021,0.197246143655044
"RAP1A",-0.587313577454529,5.1105375419808,-4.09335824090781,0.000288027941362139,0.00184953453153728,0.0744111890665149
"USPL1",-0.864306551757695,3.99299308379097,-4.0919958550503,0.000289120134712981,0.00185481686423559,0.120140943240139
"ZNF281",-0.733191146003801,4.6395969604961,-4.09152440378013,0.000289499033024893,0.00185638219639122,0.084695968714378
"PCDHB15",-0.600999405689291,3.60164663786591,-4.09112662882937,0.000289819098133874,0.00185756898435968,0.147567010183206
"RAB33B",-0.69273507277435,3.17558551159553,-4.09056903809716,0.000290268342400062,0.0018595822438395,0.18251868438812
"PYGO1",-0.658595474459916,4.34113202940235,-4.08815541890749,0.000292220868500974,0.00187121980988455,0.0898144720351972
"ELP2",-0.670415973530572,5.51511777943363,-4.08705686357432,0.000293113824535771,0.00187606480904034,0.0513916572603668
"FBXL16",1.26397120318747,8.5909697102462,4.08581864067111,0.000294123521851639,0.00187916086028416,0.132161287280583
"TRAPPC6B",-0.922344804203873,4.71825886281388,-4.08523014391587,0.000294604602911781,0.00188123152699259,0.0646312002286527
"PSENEN",0.604169279505486,2.71676068637974,4.0846319371091,0.000295094413749143,0.00188261206657485,0.23320453009706
"CUBN",-0.834484742463915,3.49654521773798,-4.08319072854372,0.000296277760215285,0.00188864690600519,0.134108146353822
"SPRN",0.98857952463862,5.02215094255965,4.08308779045638,0.000296362458643387,0.00188864690600519,0.0652240633174959
"DGKZ",0.812133104203537,8.08065303228374,4.08297887920412,0.000296452097737898,0.00188864690600519,0.104089596287746
"RGPD3",-0.709843980451087,2.61810542372369,-4.08265290875187,0.000296720545929278,0.0018889287812213,0.217183642364279
"MFSD13A",0.585983094932912,4.32541971848747,4.08146272911348,0.000297702729642731,0.00189352788750391,0.0862874728291425
"C5orf28",-0.831192360049399,1.77715478145492,-4.0813829909063,0.000297768646795905,0.00189352788750391,0.297378918931253
"MRPL54",0.875860992093296,1.630168884184,4.0806470485073,0.000298377705053801,0.00189542997458977,0.325665374586372
"OSTC",-0.821656666245645,2.10579397518273,-4.08052240571137,0.000298480979211979,0.00189542997458977,0.264008495271874
"RAI1",0.601921347481112,6.62284087729445,4.07831370793733,0.000300316853183894,0.00190620858702194,0.0445688982766717
"TAX1BP3",0.880709303629973,5.07532214278882,4.07643517791443,0.000301887013857412,0.00191529146965968,0.0441037902615387
"BRCC3",-0.749161785750554,3.30475440059275,-4.07512587770014,0.000302986150897481,0.00192137899654389,0.129639423116193
"RFXANK",0.648267053112357,3.11246013682968,4.07482867698557,0.000303236192947868,0.00192207888123243,0.169358580996026
"LRWD1",0.616009427681395,4.12881791690566,4.07427837482335,0.00030369971032821,0.0019241306233087,0.0810389208079583
"APOE",0.942514369902052,8.07495935890378,4.07366176650361,0.000304219903655098,0.00192653938987474,0.0792468851502486
"UGCG",-1.05185220950461,4.31514028467058,-4.07250867914429,0.000305195039203621,0.0019318256368358,0.0491117165434707
"NINJ1",0.830793493247975,4.03502469817663,4.06957195761425,0.000307692429829509,0.00194634009692143,0.0790831657561979
"ACP2",0.721273346461748,4.11257128640384,4.0694315436784,0.000307812339257369,0.00194634009692143,0.0710745061811311
"VCPKMT",-0.83995801466693,1.79354761758384,-4.0692728477378,0.000307947916216394,0.00194634009692143,0.264461973124575
"CBX7",0.618333787402397,7.40922772547179,4.06914892294402,0.000308053828289723,0.00194634009692143,0.0433355578601224
"TXNDC16",-0.664835786830148,4.02440185326522,-4.06865037952755,0.00030848026886518,0.00194813996321879,0.0567083527672114
"CLCN3",-0.62068737080388,6.54113396389424,-4.06698590076674,0.000309908221026783,0.00195626010529796,0.00929168914931111
"PPP4R2",-0.762060067914662,6.05901324393889,-4.06576769916272,0.000310957423949303,0.00196185195679272,-0.00338273005148526
"RPL11",0.766987663490836,5.9084640838222,4.06562656137569,0.000311079207159489,0.00196185195679272,0.0026500241560079
"ZNF267",-0.881112090042933,2.68323846049475,-4.06436701563371,0.000312168103792256,0.00196781735056584,0.162025372216256
"LRRC9",-1.63336420057111,1.90986483709413,-4.06140098660931,0.000314747083233108,0.00198297450453246,0.234496006820957
"SPATC1L",1.10308610407135,3.73478420782602,4.06127076787777,0.000314860787181413,0.00198297450453246,0.087127876459907
"IFRD1",-0.614847202216142,4.82197063944128,-4.05979558263807,0.000316151703484963,0.00199019377477428,-0.0064261533800698
"BLVRB",0.894174293989868,3.15462460867196,4.0595772697172,0.000316343187212693,0.00199048861419015,0.130955246363301
"TCEAL2",0.982327123757488,3.64573243036662,4.05906574049696,0.00031679229890986,0.0019924034850542,0.0861457669986239
"SLC27A5",0.800546711416181,2.68791267414465,4.0578787655328,0.000317836849987644,0.00199623591633043,0.173431686753685
"ZC3H7B",0.694568006560973,8.04375104456647,4.05726328453756,0.000318379810280721,0.00199782242100912,0.034491036440297
"CCDC120",0.706315700170044,3.20595514967326,4.0563784630204,0.000319161970868945,0.00200181763041365,0.112304577837643
"SNX24",-0.726657380755739,3.47749841845494,-4.0549255138272,0.000320450435594584,0.00200898334588477,0.0613346095771838
"RABGGTB",-0.591685144360059,4.42190436917996,-4.05450676378092,0.000320822726865953,0.00200948636522639,-0.00348108730473751
"TCP11L2",-0.80905047541797,5.09772267208442,-4.05208004775109,0.000322988580733448,0.00202143049760046,-0.0353095288931078
"PYCARD",1.46723552484447,0.616500558060138,4.05204111202767,0.000323023447730791,0.00202143049760046,0.279232213282474
"GJC1",-0.88513241827581,3.06120634943286,-4.04972534170048,0.000325103880476978,0.00203260086290036,0.0851843794283589
"MED21",-0.671802218970589,3.77629867371173,-4.04927104310973,0.000325513551605622,0.00203337265286413,0.0226703421628525
"NOL11",-0.734467438347494,3.1980061560322,-4.0465239703476,0.000328001584500561,0.00204699764367901,0.0642729469752892
"SMC2",-0.614769659711833,3.52909914159626,-4.04461541072776,0.000329741150174297,0.00205692110949615,0.030054931257947
"C18orf54",-1.00222028125448,2.30803463497166,-4.04395448562409,0.000330345661276605,0.00205932461568625,0.147987187002053
"PTPN4",-0.658719727792717,6.28981625601351,-4.04202131984507,0.00033212006850159,0.00206614116756346,-0.0629534667819973
"PPIL3",-0.692186465539328,2.27347698358769,-4.04050137003439,0.000333521758564807,0.00207392359675116,0.14303392431469
"IQCE",0.755821647025554,5.34559061760216,4.03931247410848,0.000334622196614746,0.00207804291529624,-0.063049256338787
"ARL17A",-1.19296589474945,2.0502859437421,-4.03929624487865,0.000334637242954471,0.00207804291529624,0.162498555370319
"PLXNA3",0.657407990005926,6.15784227982454,4.03911362549248,0.000334806597637965,0.00207815678398558,-0.0673665480109973
"LIPA",-1.04193212361018,5.4104134872463,-4.03879063289407,0.000335106335330508,0.00207907947722413,-0.0754990700432687
"TWISTNB",-0.772084640224999,2.78131451998614,-4.03640986652619,0.000337323827737897,0.00209037044835959,0.0787876484974719
"MFSD1",-0.81339145708985,3.91247683883552,-4.03634769073016,0.000337381931967637,0.00209037044835959,-0.0218771442692596
"SMIM13",-0.68948323640161,5.65825354664554,-4.03471382750154,0.000338912326213515,0.0020989075252134,-0.088425731099786
"TRMT1L",-0.589474777089516,4.03302284838709,-4.03428030142582,0.000339319539998282,0.00210010311071459,-0.0345539629318461
"ACTR3",-0.61160332765606,6.04292315560665,-4.02966612527573,0.000343683515966196,0.00212300004548074,-0.0997251160298562
"FOPNL",-0.585509248109541,3.30516860511742,-4.02874704752714,0.000344559309627812,0.00212699639341103,0.00817902275250315
"C5orf42",-0.58008056840891,6.85726702003341,-4.02753035066927,0.000345722073977202,0.00213045514417017,-0.0860958497778386
"CDKL3",-0.809029012383914,1.86738194253092,-4.02733642721782,0.000345907756660114,0.00213045514417017,0.149674015118039
"CCDC22",0.590022547974138,3.17082525213861,4.02705875143537,0.000346173802947787,0.00213045514417017,0.0364143338772625
"CYB561D2",0.758054934155071,1.95770747223159,4.02685483453678,0.000346369307297129,0.00213070542588994,0.161676808578619
"FAM96A",-0.686720417382172,2.56545597337202,-4.02537337759887,0.000347792902120302,0.00213850675874776,0.0732400992682667
"RAB1B",0.598216218019139,6.4914819587696,4.02180734334106,0.000351243230412083,0.00215586890887631,-0.108454916895159
"ZNF317",0.649397991359426,4.5279241830514,4.02081910446361,0.000352205330352383,0.00215984739348446,-0.0844572876951579
"VMA21",-0.732964948591497,5.3108822500609,-4.02018381759712,0.000352825178138837,0.00216268475562073,-0.124206434199296
"HSPA13",-0.924282536545998,4.91625728432022,-4.01891888229691,0.000354062559783691,0.00216930315457852,-0.118339506374658
"DPYSL4",0.598721448435461,5.57040553607801,4.01844671184738,0.00035452553505157,0.00217117306980181,-0.123464675516768
"KIAA0408",-0.788402091924284,4.37071510019683,-4.01775819532917,0.000355201707433677,0.0021743035435196,-0.0988812735275335
"CROT",-0.690279232224305,2.41235385823169,-4.01747878143967,0.000355476472442389,0.0021743035435196,0.0688648108322356
"DNAJC15",-0.725120673949695,5.2421282177485,-4.01669743013636,0.000356245930495394,0.00217783218549405,-0.132336810530078
"AMN1",-0.800103480594677,3.51554285971219,-4.01560297412741,0.000357326474205547,0.00218346785592475,-0.0459876188190984
"HMGN5",-0.815186210107944,2.46498350887124,-4.0151826597389,0.000357742299301047,0.00218503851783475,0.0568180946103185
"TMEM50A",-0.60602188453271,4.66230444259515,-4.01480043642072,0.000358120852105169,0.00218535005869302,-0.119722296042378
"EXOG",-1.05979612745713,3.54976776583302,-4.01477397556272,0.000358147073390917,0.00218535005869302,-0.0512058682883341
"SACM1L",-0.668010240667395,4.76634251747319,-4.01465022513785,0.000358269728392664,0.00218535005869302,-0.124344681349779
"GLI4",0.827370632582461,3.46111455815051,4.01402100057198,0.000358894020598415,0.00218807121228042,-0.019474132408714
"PPARD",0.783566869728437,6.73912816858756,4.01388021445667,0.000359033849090123,0.00218807121228042,-0.122617809755055
"DAP",0.71359421817766,5.07456092825541,4.01334562421876,0.000359565289768382,0.00219033995241377,-0.125703379243514
"FZD3",-0.97811463170282,5.95332141260376,-4.01221216813669,0.000360694620787017,0.00219430533892579,-0.146303216677649
"NMRK1",-0.96060496735303,2.89080923267642,-4.01180006020775,0.000361106090462915,0.00219583778650471,0.00265967936994915
"IFIT5",-0.608068697440715,4.25933566205801,-4.01146780936368,0.000361438161815417,0.00219629841950716,-0.108847740566511
"ZNF467",1.11068642353269,2.71792848708187,4.01124536731315,0.000361660651013969,0.00219629841950716,0.0612335724296731
"ZNF414",0.787237599793996,3.08196826189324,4.01046775722111,0.000362439481685553,0.00219908717260798,0.00756139274754997
"SPRTN",-0.901358393895697,2.53711009891865,-4.00968745769979,0.000363222658972547,0.00220189736128688,0.0344579972058092
"ZBED5",-0.977135142545246,4.59098111060921,-4.00939729331694,0.000363514316529036,0.00220230178593128,-0.131601527667399
"CTF1",1.23334003991477,1.28927098372626,4.00930269509147,0.000363609451176213,0.00220230178593128,0.166272231450986
"FRAT1",0.79504978252586,2.00438414440847,4.00734235691388,0.00036558640893152,0.00221330161606099,0.107827853186762
"PTPRF",0.611639283584384,7.76272783618768,4.00697866367526,0.00036595434271739,0.00221455484174758,-0.108901638863221
"USP33",-0.595809292633345,5.80659910156542,-4.00610309310486,0.000366841611870015,0.00221894831689815,-0.164073369967312
"ZBED8",-0.847030584638774,2.88051558206433,-4.00530629049067,0.000367650893405044,0.00222211087753127,-0.0130407893504527
"ICAM5",1.23168452883601,6.71879974990019,4.00415785280829,0.000368820397252198,0.00222700196866498,-0.145127551618937
"SLC22A15",-0.855083045054717,4.95920393673934,-4.00338313263707,0.000369611387550528,0.00223079925617667,-0.160858723156459
"FAM172A",-0.583176270329378,4.71316484232881,-4.00273232017621,0.000370277153053131,0.00223383774798954,-0.153559253476089
"UBXN6",0.637249646133882,5.9719168317144,4.00182348171603,0.000371208840475721,0.00223749665080438,-0.16815467015846
"DHRS4L2",0.97559869807384,2.13962104850251,4.00113323221538,0.000371917978548308,0.00224078953712927,0.0847741069150212
"TAS2R30",-1.7876806656356,1.5072840629502,-4.00026880374036,0.000372807935124358,0.00224516848807277,0.1126649313233
"LGALS8",-1.12449108801756,4.84732530603262,-3.99980254396656,0.000373288830690816,0.00224708118947346,-0.166407352928652
"NTNG2",0.775645594262294,6.41726514161279,3.99956186393848,0.000373537303512208,0.00224759371824727,-0.167535762588384
"SGCE",-0.597076026162504,3.90177524150503,-3.99849561553697,0.000374640026599122,0.00225226425914523,-0.120376709748916
"ARFIP1",-0.751184072043931,3.36688629946223,-3.9984371122553,0.000374700623444336,0.00225226425914523,-0.0780421562163252
"ZNF829",-0.679613909420184,2.30564601704418,-3.99833681602447,0.000374804531170886,0.00225226425914523,0.0305842772810587
"GLMN",-0.93955172951612,1.89976566140835,-3.99730126222512,0.000375879026148313,0.00225773517190176,0.0689256481877134
"PPP1R26",0.649881447778588,5.66920292681204,3.99593411519166,0.000377302209149851,0.00226511510412556,-0.183568341449117
"PMM2",-0.749564473163438,3.42663044764397,-3.99509394163421,0.000378179438199543,0.00226858206149255,-0.0919598863329751
"PPP1CB",-0.609548406792074,7.05839709735296,-3.99432795621089,0.000378980948963666,0.00227239949398214,-0.16706089869572
"VPS13A",-0.811672785966526,6.7237598407272,-3.99380180549216,0.000379532466185758,0.00227377929704565,-0.179240788762155
"TGDS",-0.81814979598439,1.53727069676176,-3.99379316128775,0.000379541533704953,0.00227377929704565,0.092728988787659
"PMP2",-0.929794922691312,7.85089424068147,-3.99341704232633,0.000379936277240047,0.00227515366018289,-0.138928659403385
"TMEFF2",-0.663369713236426,4.58031612560613,-3.99324512664397,0.000380116839771889,0.00227524481605088,-0.173413562985303
"CDC7",-0.822914227777373,2.42293730046171,-3.99293351961457,0.000380444334113151,0.00227621499205699,0.00321269972375404
"GAR1",-0.607468526521654,1.6214659403122,-3.99255360063595,0.000380843997432452,0.00227761592727856,0.0836683483898648
"FAM43B",0.720205904821888,2.91923316789304,3.99179028885226,0.000381648222723612,0.00228047294535661,-0.0258753708624582
"PAQR3",-0.957777119891122,4.30809588075357,-3.99099111366632,0.00038249201724123,0.00228449333735094,-0.166514952707507
"FKBP2",0.712381194458046,4.11349361595097,3.98985275710048,0.000383697087997289,0.00228970322113213,-0.139679081903147
"C5orf30",-0.583091258546709,4.48623626702179,-3.98822209079284,0.000385429805569338,0.00229651361051038,-0.18208015839534
"MMGT1",-0.618196131836175,4.65926448340941,-3.98820472538649,0.000385448298949667,0.00229651361051038,-0.190019875858043
"COX7C",0.635489046546058,4.43286696024101,3.98796489109281,0.000385703800690804,0.00229669839952668,-0.165702913074712
"SSC5D",1.14177477296112,2.84460720430543,3.98702189409254,0.000386710010244769,0.00230069885472471,-0.0169569370935125
"SARDH",1.3256174355362,2.24060266565851,3.9856685683079,0.00038815855065814,0.00230831884857678,0.0447748071134786
"SLC16A12",-1.82363877587235,0.698959785507305,-3.98443616631922,0.000389482284336283,0.0023151903735428,0.112746640233822
"FOXO6",1.26895826225598,2.45279249065587,3.98354538120096,0.000390441837577804,0.00231989211006397,0.0185461900161954
"RMI1",-0.828212381567694,2.34052209316777,-3.98303379520709,0.000390993964525719,0.00232184662927498,-0.0134793406218936
"ZNF559",-1.15328766097835,3.82478927161205,-3.98090089218386,0.000393304146190144,0.0023328699809149,-0.161927244995804
"PTPRU",0.716955005366842,5.71075204135637,3.97889125353683,0.000395493052558034,0.00234383285798928,-0.227540350198642
"CCDC88B",0.973749329327773,4.593883555929,3.97764449155699,0.000396857025315653,0.00235090379912557,-0.195161732720956
"GABRE",-1.22952447260075,2.213360692751,-3.97673960532442,0.000397849867151166,0.00235494577812282,-0.0154657203646247
"RHOT2",0.617410728291074,5.44908126865992,3.97671070453401,0.000397881617188835,0.00235494577812282,-0.23212921195477
"CHST2",0.721722198434765,5.08568663076583,3.97628900302191,0.000398345175528579,0.00235667582134513,-0.223974030456714
"AP3M1",-0.656074800925934,4.4899303208577,-3.9755732455942,0.000399133188367258,0.00236032307912412,-0.21592534915812
"KDM4B",0.585268422752324,6.68598417867612,3.97505444078739,0.000399705320764208,0.00236167665050935,-0.227759298505828
"EMCN",-1.43232098532516,1.64240975163807,-3.97409473606182,0.000400765791426063,0.00236692620421204,0.0333035706770684
"AKAP17A",0.786634972838668,5.14305225437852,3.97323151621149,0.000401722000877537,0.00237155575035426,-0.23220468476504
"CTB-55O6.8",0.676913065793313,2.35536959004523,3.97108749599193,0.000404106663685968,0.00238358842648204,-0.0234762690748518
"RNF141",-0.707729878331984,6.37916855994675,-3.96942107710953,0.000405969691807569,0.00239355138344643,-0.253268002515828
"DCK",-0.768569791357564,3.5530617787374,-3.96791267120207,0.00040766331691714,0.00240050951466855,-0.174506075930359
"SGCD",-0.80852295716084,4.22011493056282,-3.96790389792807,0.000407673187688425,0.00240050951466855,-0.222290799080991
"TNFRSF13C",1.78547093549671,1.84362773339596,3.96745537573799,0.000408178130031872,0.00240245476790787,0.0393597436376494
"SENP7",-0.612048179222249,5.17431550711945,-3.96715005488055,0.000408522207961527,0.00240345194688267,-0.262060210558297
"SLC10A7",-0.72869888709758,2.60528790236872,-3.96688136177784,0.000408825243658951,0.00240420691367129,-0.0834714726973687
"SPEG",0.678022405642628,6.82648945975773,3.96616530120691,0.000409633902052088,0.00240793341569363,-0.247065974070229
"RLTPR",1.07924011682384,4.7294452661314,3.96582343451889,0.000410020529786743,0.00240814874536721,-0.231482388528297
"LGALS1",0.804932637989557,4.75621325244115,3.96500243684287,0.000410950482172633,0.00241074229351122,-0.239933077567114
"NIFK",-0.622770822274217,2.60810446347208,-3.96496963784712,0.000410987676809631,0.00241074229351122,-0.0885872722739851
"PRPF39",-0.594562881482335,4.75276826889738,-3.96356060840938,0.000412588658056888,0.0024191020551857,-0.258711875245251
"C5",-0.743689454604162,3.66143900823987,-3.96132660371979,0.000415139528264067,0.00243095108444333,-0.200586572583852
"EPOR",0.777324627831664,2.85799056262563,3.96114107127404,0.000415352069458037,0.00243116113475629,-0.0988132826267414
"C1D",-0.822428355236975,1.52944838536037,-3.96069341771102,0.00041586532872052,0.00243313043729723,0.00886739418472082
"PLD1",-0.800949742553157,5.65596801908062,-3.96028362127786,0.00041633572725506,0.00243313962241965,-0.285510321025415
"TRAM1L1",-0.973405632280981,1.81296138683519,-3.96004618193954,0.000416608518323849,0.00243313962241965,-0.0183852691205857
"RAPGEF5",-0.95844294220216,7.89928928277865,-3.96003932710581,0.000416616396355204,0.00243313962241965,-0.224898608648799
"CXXC5",0.722082771725642,5.28538206447249,3.95982850549619,0.000416858757841562,0.00243313962241965,-0.272128304226166
"CORO1B",0.657984505909249,4.87084597152239,3.95960869531142,0.000417111599665803,0.00243313962241965,-0.261539996157221
"LINS1",-0.61107415418829,4.43249598433451,-3.95933736552022,0.000417423910247222,0.00243313962241965,-0.255780457149898
"SNAPC1",-0.727172418354785,1.86458142383324,-3.95930787435745,0.000417457869456476,0.00243313962241965,-0.024479427448906
"TTC9B",1.11865598172959,3.36150922351959,3.95710578446427,0.000420001244077023,0.00244485495759049,-0.152051146160251
"PDZD4",0.91450850263114,8.41983328113724,3.95665106938634,0.00042052831895688,0.00244688803262817,-0.21621662306507
"FGD1",0.698721674889236,4.36656888158228,3.95242695816131,0.000425455679924038,0.00247190158716972,-0.25522503631085
"SELK",-0.654871601636921,3.33320067397236,-3.9523502025781,0.000425545735048694,0.00247190158716972,-0.195595210072116
"ZNF574",1.00666113347628,3.68311880097594,3.95186915365523,0.00042611056114422,0.0024730946570669,-0.19356987355638
"CCDC167",1.29614678403456,1.29445698834925,3.95087091656302,0.000427284989498146,0.0024788654049258,0.0204252902249999
"EPM2AIP1",-0.916721975631128,5.92952519883941,-3.94797592695191,0.000430708903919123,0.00249557272708676,-0.316634321943633
"H2AFY2",0.704392168678915,1.5710781155007,3.94700171342781,0.000431867139163509,0.00249807637748174,-0.01393547945134
"EFCAB13",-1.17975988366342,1.81026892548104,-3.94417683332314,0.000435242885306004,0.00251486013032554,-0.0587312114320326
"RXRG",0.83124256594261,2.75993138997218,3.94352802185182,0.000436021858596822,0.00251787528164115,-0.134448114032125
"MDK",1.27194793545871,1.5070423720363,3.94323091560785,0.000436379024466069,0.00251845667537459,-0.0105975221164378
"CSNK1G2",0.786780398885249,6.17198408728586,3.94284804232819,0.000436839717442935,0.00251942638379389,-0.320890404432235
"ADAP1",0.699329984867855,6.26647410978569,3.94170836715428,0.000438213853340699,0.00252481627047133,-0.323473781176013
"GMEB2",0.638385771525707,4.15702354287499,3.94161659375937,0.000438324690804157,0.00252481627047133,-0.27060755378063
"ZNF480",-1.26566733100743,3.28063776134072,-3.94013498937673,0.0004401178708655,0.00253295824832918,-0.222820257660791
"CD46",-0.803553793185892,5.35676679520037,-3.94008800338478,0.000440174855145287,0.00253295824832918,-0.336696787730656
"CEBPZOS",-0.972398174021295,4.37673847361912,-3.93974984787312,0.000440585180843575,0.00253359493254845,-0.30528346711777
"DTX2",0.689307364210652,3.11035019901263,3.9376862919791,0.000443097272953759,0.00254485040614218,-0.187857177208054
"ZNF597",-0.725906566749638,2.70903989784765,-3.93595373946232,0.000445217236788097,0.0025554042981352,-0.175490702690913
"GCA",-1.14342618255349,3.0078211074876,-3.93526012367717,0.000446068730011593,0.00255871271100022,-0.209258292961974
"CACNA1H",1.05763934186483,5.93807571331848,3.93475066748581,0.000446695161213764,0.00256112563586191,-0.340144951268069
"GIPC1",0.6724338540035,5.02538236644968,3.93441171414127,0.000447112417724071,0.00256112563586191,-0.333355706594501
"FGFR3",1.28201220660155,7.50748424654719,3.93420244928118,0.000447370216248475,0.00256112563586191,-0.30857945640025
"PGAP3",0.683728090474028,4.18803341803238,3.93412824090677,0.000447461670305777,0.00256112563586191,-0.292486350419519
"HBS1L",-0.596503145963818,5.72735503405044,-3.93243261709911,0.000449556341889012,0.00257121563621558,-0.359009659016866
"LYNX1",0.958666968145698,8.91422046108982,3.93166786199682,0.000450504211581007,0.00257556645432748,-0.260595325384832
"AIG1",-0.648482679483524,4.3488589592795,-3.93098017374175,0.00045135823134698,0.00257845629885047,-0.326282196176559
"COL23A1",1.14380619097787,1.15502080231378,3.93095909292097,0.000451384436009795,0.00257845629885047,-0.0253251658242686
"EPHB3",0.730743685668611,2.93898426752889,3.92993635751768,0.000452657544311903,0.00258264978653614,-0.189118236121313
"PLAG1",-0.800602132322341,2.01956154309941,-3.92991707218117,0.000452681584559638,0.00258264978653614,-0.115856889042378
"ZNF765",-0.721141749361857,3.6732715091189,-3.9296474562147,0.0004530178067663,0.00258349690796148,-0.284603673075679
"TMEM179",1.01855864285865,5.17655212814435,3.928425195753,0.000454545083444462,0.00259113293010739,-0.347915941675939
"CHMP2B",-0.876025057198818,3.41256427068218,-3.92779761242305,0.000455331237389638,0.00259453960982146,-0.267653413046985
"SEC22A",-0.777174500699536,3.19886315707026,-3.92700362693875,0.000456327744781429,0.00259806623745852,-0.249348486773277
"ST6GALNAC6",0.931435634996135,5.95045796104469,3.9257809239933,0.000457866497634666,0.00260467171308418,-0.365942801752929
"FANCB",-0.993993003393463,3.77928320882404,-3.92488564568793,0.00045899641030646,0.00260894242140735,-0.305893062684949
"AP5B1",0.611597593993556,5.44132613877072,3.92440094447779,0.000459609279882908,0.00261134735774925,-0.370419856774838
"ZNF75A",-0.58385027032979,3.50163664384455,-3.92273105467547,0.000461726872044956,0.00262121430949284,-0.287586953198033
"MDH2",0.714898861916527,5.60745663468556,3.92105060245285,0.000463867494501837,0.00263204549332821,-0.379434968065995
"PNCK",0.814099741914872,5.14177129750599,3.92093326776433,0.00046401732191078,0.00263204549332821,-0.369984177813853
"MIER2",0.582363163924586,4.6147601674633,3.91991450849825,0.000465320191239218,0.00263726159458108,-0.356251657633714
"RPS9",0.752097459986784,6.40369047990213,3.91952178374009,0.000465823393700667,0.00263794062580859,-0.379110448752598
"NDUFB5",-0.765624649280929,4.29562209595473,-3.91661995101005,0.000469558079322532,0.00265581123286369,-0.361539354277505
"CASD1",-0.876103082629743,5.23186422388708,-3.91637243604172,0.000469877985836092,0.00265652874407989,-0.397056774925177
"SERF2",0.581515461837655,5.92066615150527,3.91605593463202,0.000470287366143405,0.00265775131232008,-0.395398260975491
"NEUROG2",1.24061735557776,1.02049664681325,3.91503835114864,0.000471605930207667,0.00266301567730312,-0.059372615257498
"ZNF708",-0.721159090163712,5.06553713141175,-3.91478558703698,0.000471934017151069,0.00266377522970298,-0.397650393185303
"SPOPL",-0.845346630853272,4.83687455847221,-3.9145802426107,0.000472200717872867,0.00266418781412403,-0.391267771951495
"KLHL24",-0.600283677672017,6.98035580080987,-3.91435392027391,0.000472494835444524,0.0026647546846525,-0.380624582473898
"PKN2",-0.601322310301315,5.73262283280153,-3.91228653552076,0.000475189817248481,0.00267775883503536,-0.412063910047021
"FDX1L",0.92035850125011,3.23937821234047,3.91188470890984,0.00047571536908576,0.00267962308390878,-0.264410923160204
"ARMC6",0.647433705416486,3.77138380699075,3.91155579796231,0.000476145977147393,0.00267985472046024,-0.320404995751828
"OSGEPL1",-0.709782869589333,1.6685516798027,-3.9113298749681,0.000476441974915175,0.00268042437318386,-0.128067284186701
"CRAMP1",0.853772182995138,5.41576227478604,3.91008770736755,0.000478072645106363,0.00268849925186296,-0.404069574953008
"UBE2V2",-0.87402559259183,4.43616674193003,-3.90989371248678,0.000478327806551213,0.00268883535373825,-0.386773197215773
"ARL6IP6",0.880851406679961,3.57818375206722,3.90912788440265,0.00047933640167253,0.00269340474618852,-0.303900781344927
"DNAJC5",0.595531357346355,8.05056763746215,3.90812273326004,0.000480663342426592,0.00269949459904968,-0.358172512517277
"KNTC1",-0.597704670319205,3.93262711270904,-3.90796038719072,0.000480877998794625,0.00269949459904968,-0.360373372479472
"B3GNT5",-1.19679910495472,2.29857843207593,-3.90780121939889,0.000481088543821383,0.00269949459904968,-0.20357725369611
"GLIS2",1.14221124745068,4.22774206120343,3.90771330642892,0.000481204872572404,0.00269949459904968,-0.354097543270738
"UBTD1",0.79329513975671,3.73170902679352,3.90589133513211,0.000483621955608072,0.00270863725320419,-0.328091099376013
"CIC",0.609960616910245,7.74552013197264,3.9046340020015,0.000485296892764155,0.00271691234390868,-0.378842704521228
"AIFM3",1.0308514478776,5.80152656807821,3.90447920750551,0.000485503491704459,0.00271696362315781,-0.420592072556336
"CGGBP1",-0.676150728684211,5.37480919725735,-3.90417989544006,0.000485903217313755,0.00271809519246121,-0.431533000519956
"MICU3",-1.04003958221358,4.63025876801432,-3.90331056828942,0.000487066013117208,0.00272266704993058,-0.412914302848138
"IRAK1BP1",-0.881144402222799,3.1034699878783,-3.90327307987992,0.000487116218074928,0.00272266704993058,-0.302288621861244
"PRELID3B",-0.63782897747408,3.5190755328977,-3.9001643531208,0.000491297122371638,0.00274158138724903,-0.34854126173944
"STRN",-0.586748385792978,6.49465985212297,-3.89948256870485,0.000492218730449718,0.00274561084301523,-0.434871512515937
"CFAP54",-1.0136151488826,5.27149717978674,-3.89798244810952,0.000494252487706792,0.00275583812128573,-0.445817096592966
"EDRF1",-0.731748885605174,4.43159824233715,-3.8969203661562,0.000495697349006755,0.00276277489659051,-0.420302681537759
"TMEM175",0.696827111540124,4.56655078549274,3.89638601141648,0.000496425848582604,0.00276571502119239,-0.413429864128337
"PPP2R3A",-0.595812531403536,4.83957270179664,-3.8957366843026,0.000497312502013871,0.00276841316351654,-0.440526573122903
"CBARP",0.94562969892315,5.12343495805966,3.89445308906763,0.000499069804173445,0.00277594970704559,-0.436907587128911
"TTYH1",0.893343456151052,7.49068744827264,3.89393471570702,0.00049978120142562,0.00277878347992644,-0.415774783366206
"EIF2A",-0.62849704599297,3.61002555179747,-3.89323536968163,0.000500742530471384,0.00278188048519044,-0.374276708487034
"ESRRA",0.730375323724181,4.00725759574714,3.89261576155957,0.000501595761179172,0.00278549607327949,-0.386771342654268
"DUSP8",0.961239693449561,6.82722235454502,3.89238259197859,0.000501917215069079,0.00278615683604905,-0.439637622086761
"ADPRM",-0.813254483187631,1.92390617233315,-3.89131362079182,0.000503393507815675,0.00279209917817473,-0.204930109753566
"DNM1L",-0.862296499360546,5.60081323224111,-3.89031752116034,0.000504772982523607,0.00279672199234415,-0.469602488776462
"CBFA2T3",1.04403866508585,3.67092191265437,3.89001766298319,0.000505188972230447,0.00279672199234415,-0.358909951659766
"RASGRP2",0.704637668411118,4.3529108366289,3.88997863372616,0.000505243141702461,0.00279672199234415,-0.418025174256777
"RPL23A",0.625529840996728,3.45995895178444,3.88936025036454,0.000506102166226117,0.00280035058682654,-0.350818322923291
"CD37",0.782232236577065,2.92233820573424,3.88693993226566,0.000509478092238376,0.00281789711707889,-0.298739501610857
"METTL10",-0.855516429989145,2.61196710509235,-3.88584877045707,0.000511007264676337,0.00282521935283691,-0.295036007111837
"PDE7A",-0.70464025150693,4.26579288142153,-3.8856706526204,0.000511257307598882,0.00282546659030852,-0.440616344827862
"ZNF668",0.689503403330266,3.31989999578615,3.88451577264667,0.00051288143939826,0.00283330449119207,-0.348415414797232
"PCMTD1",-0.823435146962695,4.50688948434688,-3.88308937401703,0.000514894376038241,0.0028421426027526,-0.460457985019755
"C6orf203",-0.587428435603955,2.59990309345881,-3.88278372643901,0.000515326710106223,0.00284338847544977,-0.300435479279053
"CDC40",-0.806659614154478,4.27523173537947,-3.88183608385988,0.000516669393515419,0.00284851262987407,-0.451646132701863
"TBC1D16",0.873632757221756,6.39832730347156,3.88046373321586,0.000518619895184677,0.00285548136512067,-0.480809977192774
"SLC25A25",0.675680428161406,5.07479488647602,3.88039524059632,0.00051871743106473,0.00285548136512067,-0.476593360147359
"SPPL2B",0.621610440265683,5.40301993331923,3.88036295065474,0.00051876341928651,0.00285548136512067,-0.485281352553541
"GOLT1B",-1.28497511020241,3.25716819634635,-3.87973443623573,0.000519659360899069,0.00285755568869942,-0.3773987776768
"CCDC74A",0.76266818575722,2.84808482340627,3.87951614136341,0.00051997089197757,0.00285755568869942,-0.308878397931995
"KIF20B",-0.802870169405941,2.40422921496965,-3.87846666580525,0.000521471160459436,0.00286465654254782,-0.290461945419159
"HERPUD1",-0.650823319397475,4.78018004793901,-3.87761904080972,0.000522685962893167,0.00286903930409767,-0.486021845538316
"POP7",0.828868829162178,2.10753595394335,3.87709292923272,0.0005234413681637,0.00287121223329745,-0.234376655593065
"PIGP",-0.735815343797083,3.6421720319691,-3.87622239601629,0.000524693647359387,0.00287661724355081,-0.42174532078973
"AKIRIN1",-0.612065623168933,5.39346793942695,-3.87422361619492,0.000527580020837792,0.00289013880045735,-0.51041400555594
"GALNT9",1.02074399001173,5.65302059195416,3.87304509418288,0.000529289152170967,0.00289834780064651,-0.501932235466082
"RNF219",-0.694118293776295,3.33377541550585,-3.87264369963985,0.00052987250204994,0.00290038802733064,-0.403853756562572
"C12orf29",-0.706532220943604,2.74608756452995,-3.8701136293889,0.000533563960494953,0.00291736079726188,-0.350192477116636
"TMEM63C",0.711945677921793,5.09191184137317,3.87008268318835,0.000533609267255879,0.00291736079726188,-0.503660319875247
"PDLIM7",0.630387037938637,3.56602921096224,3.86863011367677,0.000535740135157125,0.00292784749797347,-0.41561692939458
"XKR9",-0.838155333795307,1.39013702428286,-3.86814547306199,0.000536452933817669,0.00292968761376778,-0.213928874115877
"PRKACB",-0.762963342289185,7.39580655066513,-3.86811170277754,0.000536502636922812,0.00292968761376778,-0.48610702692816
"SLC29A4",0.94424628567618,4.85876135297425,3.86744331649662,0.000537487294203731,0.00293369788822438,-0.498795174981584
"MFHAS1",0.587776639377963,6.15819818169647,3.86720637985062,0.000537836769681659,0.00293369788822438,-0.521684539590293
"WDR5B",-1.07649437512412,2.06964284005118,-3.86717939126527,0.000537876591235384,0.00293369788822438,-0.282545355411955
"BBOF1",-0.842506494404801,2.22784775455983,-3.86588233907858,0.000539793786569818,0.00294298823176992,-0.303005459228492
"PCDHA10",-0.700817279056269,3.722397146329,-3.8649959862329,0.000541107758648154,0.00294898370960683,-0.457428326648373
"LHFPL4",0.726346704115285,5.86108809134297,3.86464618433088,0.000541627181361246,0.00295064593931596,-0.528851292871965
"ARL15",-0.984345510221555,3.61121249598892,-3.86383827718897,0.000542828709531976,0.0029548520062775,-0.451970763849792
"NKAIN2",-0.73088868611911,5.38641815045055,-3.86300217203417,0.00054407491603347,0.00295929443459944,-0.53977081215267
"MBD3",0.899147006798744,6.60168576231032,3.86048542546739,0.00054784299503333,0.00297861219069682,-0.528996372752133
"MGAT4A",-0.611145653716529,5.49762677254046,-3.85976117802386,0.000548932055757296,0.00298335466796057,-0.549359466457251
"ZNF160",-0.691580225678734,5.1725067289125,-3.85917230726486,0.000549819107344543,0.00298699594795431,-0.546136882960649
"GSS",0.583808446978751,3.82511057323803,3.8567330724726,0.000553508410531253,0.00300438719342023,-0.469348648816838
"THAP2",-0.714232873236257,3.01751745839092,-3.85662310125272,0.000553675308663157,0.00300438719342023,-0.414102335163363
"HSPB2",1.11435701830964,1.87323171329725,3.8554502492322,0.000555458351427547,0.00301287440835415,-0.259975425860154
"PPP2R4",0.668881983728751,6.47715694495849,3.85494294139577,0.000556231328981693,0.00301457019303021,-0.547800223543089
"TBC1D10A",0.801682665518381,3.72067964559101,3.85481385238865,0.000556428187653275,0.00301457019303021,-0.461067029548603
"ABCA9",-1.01021839988678,4.06590554415074,-3.85404562813432,0.000557601125677907,0.00301854802928941,-0.51153808107757
"MEPCE",0.689931385193823,4.81883756474656,3.85365313840603,0.000558201317521045,0.00302060885977471,-0.537459701297688
"GHR",-0.730360744957459,1.51466684362812,-3.85300984485317,0.000559186401287242,0.00302475002677427,-0.261710948282316
"PIM3",0.839230852928835,5.04494802758901,3.85266501408685,0.000559715143931887,0.00302642046980224,-0.545209586169908
"ABCA6",-1.48590213136027,4.59836977824342,-3.85160322627462,0.000561346293666762,0.0030340480546537,-0.545366723247873
"TMEM59L",0.969836178330486,6.23930869453493,3.85115363264437,0.000562038370962826,0.00303659600424792,-0.558375132715684
"NUMBL",0.648147331063896,5.53696888352523,3.85055703946026,0.000562958017223873,0.00303917821695477,-0.564712974520043
"NENF",0.66702123653636,4.29157835771856,3.85003363996908,0.00056376604580554,0.00304115427531557,-0.518758961732341
"PLCXD3",-1.16364989568784,4.09941984276757,-3.84853712728431,0.000566082629103479,0.00305125854253544,-0.52782338896847
"NRROS",0.933216392237062,2.30029911209844,3.84811370105314,0.000566739773286466,0.00305247326111179,-0.32579251259565
"CTU1",0.707816159367094,2.5036379560736,3.84767239003407,0.000567425466951292,0.00305490682735396,-0.354586362381096
"SULF2",0.767178177330631,6.56902002204364,3.84703893028332,0.000568411130926986,0.00305901664946666,-0.565658704541241
"MATR3",-1.09002776617383,6.60270253824373,-3.84511789459916,0.000571410499267827,0.00307389756377277,-0.572964987309831
"UBXN2B",-0.730041202057042,5.22765830336872,-3.84498217690447,0.000571622982755215,0.00307389756377277,-0.58445202953174
"REEP5",-0.741455070434291,6.49893189111578,-3.84399367343524,0.000573172941219383,0.00308102845473435,-0.57995810435663
"EXD3",0.669204579246009,4.76711337493163,3.84203812810318,0.000576251305918327,0.00309636634937216,-0.565499999833538
"KLHL15",-0.597835746925015,4.25615417987956,-3.84185937105926,0.000576533504207381,0.00309667351732934,-0.554249978240051
"DPY19L4",-0.693423305434612,4.83291050044345,-3.84091397662751,0.000578028214988413,0.00310349054485195,-0.584119340052402
"FOXG1",0.841145791427746,6.31853068812066,3.84073777354398,0.00057830721795057,0.00310377754532675,-0.586226585749705
"TMEM259",0.706084544087083,6.25888322971817,3.84033941041601,0.000578938477682835,0.00310595414869142,-0.589473772838685
"ALG6",-0.911642957311804,2.06783844860852,-3.8390697100474,0.000580954980844395,0.00311313142188463,-0.354093812568833
"BCAT1",-0.919219019343995,4.31547703527016,-3.83714203296734,0.000584029579938166,0.00312838888654305,-0.570853293299718
"MTMR2",-0.630421434387855,4.99718097259374,-3.83549345300468,0.000586671623871132,0.00313887566722032,-0.603513640706348
"EYA2",0.873550721431406,2.76644263013816,3.83508721908164,0.000587324451465692,0.00314033739437462,-0.412463553132871
"ZNF423",1.13913477025974,5.98862091123171,3.83503946546395,0.000587401239235541,0.00314033739437462,-0.601159702576096
"TUBA1C",0.879067698136168,6.71806898410614,3.83435485963217,0.000588503162762724,0.00314500661078751,-0.594541152860489
"SRCAP",0.664560815771031,7.92076470168477,3.83376330620473,0.000589456936611212,0.0031488807859887,-0.557379673533744
"FHL5",-1.72727348226122,1.13314398429951,-3.83362133262853,0.000589686067996957,0.00314888241432135,-0.281173489339158
"GPR162",0.735394356552033,5.96005981070538,3.83085897390102,0.000594161586211047,0.00316762867793331,-0.616896944735822
"HSD17B12",-0.628621811473896,5.92272912077828,-3.83074460689839,0.000594347594391673,0.00316762867793331,-0.625000896079375
"SLC35A3",-1.0795870231472,3.08109461920715,-3.82916486758052,0.000596922728301806,0.00317877131133043,-0.49242470369322
"FAIM2",0.61216808092303,8.95647413306291,3.8290372078313,0.00059713130148893,0.00317877131133043,-0.526832896524525
"TMEM170B",-0.662564286711265,6.19120846340824,-3.82867056934602,0.000597730718781704,0.00318073179472352,-0.626995231551705
"ATP5G2",0.640482634820956,4.89003906394649,3.82833024971937,0.000598287632946664,0.00318246467606457,-0.607129536130605
"IFIT2",-0.596748269352572,4.03928131289301,-3.82612905763786,0.000601902013082616,0.00319798208572582,-0.581538675658976
"APEX1",0.620215941750726,3.28673769016491,3.8253333071541,0.000603213881324813,0.00320247925189458,-0.499492202292781
"CD302",-0.780772912795909,3.30413885307064,-3.82502745492181,0.000603718849096884,0.00320392405801088,-0.525102922033511
"LRRN2",0.740616925729361,5.67151653235098,3.82306575870235,0.000606967469524894,0.00321992264769933,-0.636712802993996
"RPS14",0.627116533028957,6.54956078362382,3.8201278317314,0.000611864684576406,0.00324215245454599,-0.63745422583199
"PGAM1",0.722960788267346,5.18760695055254,3.81787543686508,0.000615645282177843,0.00326092945652398,-0.642458242424288
"MAP4K5",-0.746389372280483,6.41513951159447,-3.81633725795487,0.000618240171943835,0.0032721550023535,-0.654275735925802
"COBLL1",-0.90078183704388,4.78758641818034,-3.81553547954053,0.00061959699094511,0.00327807542960233,-0.648876746386115
"FAM57B",0.815009423588081,4.5586677045906,3.81450065773789,0.00062135247607889,0.00328609970150715,-0.62539758078448
"AXL",0.780124068416219,5.58057927573717,3.81420539180212,0.000621854258331428,0.0032874899918935,-0.658760492685889
"SSBP4",0.749488932985432,5.27515062412847,3.81193139277935,0.000625732019283705,0.0033054504097363,-0.66009015658677
"AC011043.1",-1.06535038019767,1.62281380418446,-3.81095158565458,0.000627410109298768,0.00331304317500397,-0.379042796007859
"ARHGAP18",-0.668039312874942,3.30361360144002,-3.81053289809415,0.000628128522763268,0.00331556448091497,-0.561982340884498
"ITGAV",-0.675961894917362,6.67291318192575,-3.80739383197923,0.000633540376643862,0.00334028702030505,-0.670598709062279
"PARD6A",0.936537364334665,4.04129736161242,3.80400518606495,0.000639433570727132,0.00337006716460209,-0.615546821368307
"RHOBTB2",0.701728073383382,6.99014276735925,3.8030661697679,0.000641076053875654,0.00337484605102635,-0.669857106747575
"UHRF1BP1L",-0.687784159726785,5.83073195758943,-3.8023027765329,0.000642414377553338,0.00337930590577656,-0.699823148120954
"ALCAM",-0.887870821865335,6.20927865717859,-3.80199998466266,0.000642945964014908,0.0033808098627471,-0.695760588191846
"MSI1",0.873923228998267,4.35399006793079,3.80091195019227,0.00064485967871946,0.00338957755494976,-0.647120513251296
"MEX3D",1.1114196585724,4.1627934792528,3.80073171934626,0.0006451772178589,0.00338995177356102,-0.627035926017445
"PRIM1",-0.844001840186747,2.02677785472023,-3.80003782235582,0.000646401182569545,0.0033950865165418,-0.448569198278673
"PSMD6",-0.651018078085268,4.49518853926477,-3.79976151310321,0.000646889194594572,0.00339635337917433,-0.677020898610159
"TMEM50B",-0.645293422332171,4.42331108975218,-3.79875369315474,0.000648672234144998,0.00340257170200417,-0.675991662598092
"JUP",0.725110880952148,4.726900810281,3.79853148413236,0.000649066011803996,0.00340258071367964,-0.675875358690702
"ABHD3",-0.863750540137186,2.83087028524347,-3.79839296400871,0.000649311601927384,0.00340258071367964,-0.544848289521185
"DPM3",0.804053027202832,2.3213256735502,3.79687437193504,0.000652009949373186,0.00341412059106713,-0.461659336119158
"MGAT5B",0.928308885324253,5.16480106820654,3.7964827558597,0.000652707573846352,0.00341647353507024,-0.694700905780621
"DNLZ",1.96792420451328,1.28822343608452,3.79560507843513,0.000654273712508359,0.00342206786690518,-0.356421362357472
"SETD1A",0.63668688879286,5.56019797511078,3.79448555783246,0.000656276718684063,0.00343124009339338,-0.711793573359033
"FKBP3",-0.778016728474035,4.01311788855815,-3.79283831463191,0.000659234784066126,0.00344278173189144,-0.667012982694605
"C16orf86",0.816459820964928,1.71667301480867,3.791553541907,0.000661550958185648,0.00345225738930326,-0.413151411079489
"ZNF217",-0.625223849945168,4.14345336348284,-3.79010151564438,0.000664178207821996,0.00346465364588267,-0.68218300515839
"SLC6A8",0.692085469448432,7.60602621144767,3.78968981927318,0.000664924967421597,0.00346723473917719,-0.683814477122654
"CCDC112",-0.658865843302823,2.20942290318598,-3.789497188994,0.000665274652874077,0.00346774412810613,-0.495551093945727
"SC5D",-0.72974187729607,5.0740414115129,-3.78814114528135,0.000667741384416487,0.0034776529441714,-0.729286585650805
"TMEM62",-0.606141276600566,3.1872300844644,-3.78803558511709,0.000667933778900154,0.0034776529441714,-0.608077415334526
"ASB13",0.740443062321329,3.73866907990579,3.78749488389509,0.000668920111453831,0.00348049797368326,-0.638402553393008
"PPFIA3",0.851768232789135,6.14613648810662,3.78724679761585,0.000669373138880076,0.00348049797368326,-0.727678229558127
"LSM7",0.738321730716916,1.895528096777,3.78589656090091,0.000671844039845214,0.00349109432706728,-0.446133311851707
"KPNA6",-0.791260446529737,6.35543734316476,-3.78579101497731,0.000672037560671551,0.00349109432706728,-0.735234260252247
"EXOSC5",0.687206097341191,2.01847948337805,3.78528531849189,0.000672965520815635,0.00349327745452431,-0.460707706888368
"CLIC4",-1.00488323892978,6.59163037182403,-3.78331922529579,0.000676585214125201,0.00350677556744892,-0.734728739439323
"GGT7",0.69777331563727,5.32354045072733,3.78162503440757,0.000679719538673934,0.00351975634556641,-0.740129253288575
"ENHO",1.43253244556838,6.42528542661714,3.78155089970161,0.000679857013771929,0.00351975634556641,-0.732680510329068
"LRP2BP",-0.761477415700757,3.96705936399474,-3.78089655528822,0.000681071603454536,0.00352471844119514,-0.694512394556462
"RIF1",-0.672534264664563,7.0790093739575,-3.78052544900778,0.000681761388206457,0.00352696182823649,-0.726563119209326
"PCMTD2",-0.637170668919778,5.76182379334715,-3.77951851726719,0.000683636430673087,0.00353400485442988,-0.759433964390174
"CSF3R",0.792912465853825,3.96942558622887,3.77923960559314,0.000684156690218326,0.00353536620882252,-0.675172307939154
"ATXN3",-0.675396315468984,4.70987436993194,-3.77880628522831,0.000684965737079821,0.00353821828376705,-0.741231742795459
"SMARCE1",-0.582692485785197,4.6766547815678,-3.77704066864372,0.000688271949712315,0.00355262951987666,-0.744080837324214
"ZWILCH",-0.902244823279755,1.01202534165229,-3.77657649413962,0.000689143720724463,0.00355579555338933,-0.415044776969415
"MAP1LC3A",0.68328796371428,3.94075821131494,3.77597831472943,0.000690268755122158,0.00356026549446627,-0.686519399749658
"NIPA2",-0.638717465369269,3.68507762705802,-3.77561359103388,0.000690955592695735,0.00356247280295467,-0.686319779880675
"TMCC2",0.756696668403394,7.6865520713079,3.77493314333222,0.00069223877411782,0.00356750795556476,-0.719078213632924
"PDE4A",0.72496308253111,5.72138816691475,3.77468360994432,0.000692709923498949,0.00356750795556476,-0.763341512344726
"C10orf54",0.769623644623407,6.15715468625825,3.77011793802161,0.000701385847338088,0.00360813855896053,-0.773217148180041
"GINM1",-0.619090980568282,3.96081526273025,-3.76941875418923,0.000702723788862984,0.00361367042546469,-0.723362956042011
"MED17",-0.642014011073152,3.63913125002334,-3.76827045736426,0.000704926540982408,0.0036236436796634,-0.701356826193771
"CASKIN1",0.887774997148728,7.59147755509517,3.76798564963885,0.000705473921845406,0.00362510330041622,-0.740427441347194
"HIRIP3",0.680202636515636,3.95250971743805,3.76553671879652,0.000710197722895331,0.00364529312374586,-0.7142774521856
"PEX6",0.609533255566155,5.1225955183656,3.76427280554713,0.000712647759704171,0.00365514193860943,-0.781947617611646
"FAM151B",-0.793474475884791,1.41260283444285,-3.76302908282491,0.000715066696809117,0.00366618212175494,-0.478998830638418
"6-Mar",-0.735612104817092,7.50940666188328,-3.76276852216085,0.000715574478251111,0.00366622974857681,-0.755944863305254
"CHIC1",-0.893356991477406,5.14111906787208,-3.76275090175175,0.000715608829640093,0.00366622974857681,-0.796820971444209
"FAM126A",-0.689092585278077,5.82465821513823,-3.76210040473754,0.000716878113582518,0.0036703889421399,-0.804454311583762
"HSPB6",1.25599588726038,2.43309232713013,3.76050665737048,0.000719997195197948,0.00368185856674803,-0.550562584881074
"ALDH16A1",0.707052075337135,3.07189559811367,3.76028092906687,0.000720440029814239,0.00368275455062175,-0.64159584034434
"HHIPL1",0.826769114434865,5.67183230837247,3.75911905653803,0.000722723597139889,0.00369019210694405,-0.802454146059193
"MFSD10",0.662870598074634,4.02792491796983,3.75900235665924,0.000722953350744106,0.00369019210694405,-0.736864888217378
"ITGB3BP",-0.855396389352507,2.07029192482305,-3.75886790347569,0.000723218144497452,0.00369019210694405,-0.558195962864912
"MAPK8IP2",0.77875877364241,7.87534941164906,3.75751134964208,0.000725895049755543,0.0036974683567899,-0.756985077287827
"RGS19",0.958916931560511,2.48190079900423,3.75745556273182,0.000726005341184967,0.0036974683567899,-0.573807868219959
"NAT6",1.12088346784527,2.35975783881754,3.75726699051324,0.000726378271726582,0.00369799903708084,-0.559489668619321
"ARHGAP29",-0.939376829960003,5.30141867296649,-3.7568838407498,0.000727136584186497,0.00369912256376724,-0.815045846909078
"TUBA1B",0.894210324436612,8.80107805609831,3.7554881619132,0.000729905374634481,0.00371037678131443,-0.72360327771649
"CCNH",-0.656847091368878,5.34139482014999,-3.75459108454107,0.000731690443730445,0.00371488481513323,-0.821882881248774
"DPCD",0.670385584456536,2.33658671794857,3.75429265994589,0.000732285212600374,0.00371569941393575,-0.576782139721947
"KCNN1",1.13696508047886,6.79132323635702,3.75301897403239,0.000734829004492798,0.00372723255835805,-0.802655304399421
"USO1",-0.5948536023019,5.39908220972283,-3.75223627552883,0.000736396469467982,0.0037338068593769,-0.828720365150493
"SURF6",0.613277781336269,4.91335875391834,3.7514090107785,0.000738056724991558,0.00373946929035671,-0.808323199030188
"MSANTD3-TMEFF1",-1.11379925193084,1.93365700943964,-3.75112369161198,0.00073863018337017,0.00374055547811445,-0.562303716026976
"C12orf4",-0.745669056732137,3.55039918037262,-3.75103190747357,0.000738814751072966,0.00374055547811445,-0.738781472474951
"ARHGDIG",0.801452728702155,5.0675743698961,3.750594286087,0.000739695376944809,0.0037436366613231,-0.813014517198549
"C3orf18",0.80633864125288,3.79907553897961,3.74943853153945,0.000742026021274141,0.00375267184077672,-0.740108706547294
"ADGRL4",-1.17900582436351,2.90520093715665,-3.74926152789933,0.000742383590124997,0.00375310087572009,-0.679207081110976
"SGTB",-0.703549063304404,5.16684697633859,-3.74832949535386,0.000744269179309409,0.00375987084305315,-0.834911630655117
"FLYWCH2",0.592978384101553,3.39892047112125,3.74808299994666,0.000744768642072751,0.00376101331506904,-0.710160396874393
"KRAS",-0.782434131584891,5.15236919520894,-3.74767033870283,0.000745605530159191,0.00376296133148,-0.836298664333894
"MALT1",-0.754502678824027,4.66446425484449,-3.74739717380366,0.000746160019659682,0.00376296133148,-0.820960990790007
"DBT",-0.583388384188893,5.36246735314977,-3.74735375090892,0.000746248199521031,0.00376296133148,-0.84093209491641
"UBE2D3",-0.638739912438305,6.38115058250663,-3.74713723565561,0.000746688033472628,0.00376380001048236,-0.835287274993111
"CCDC177",0.912638153652216,3.2881447354776,3.74673720646914,0.000747501326016018,0.0037665198635322,-0.693404347275353
"POLR3K",0.770267400529423,1.71983377011538,3.74631926579648,0.000748351955646814,0.00376942579123565,-0.530898095480744
"FBXO27",0.752571306660009,3.71787655246846,3.74551692891564,0.00074998758516124,0.00377440451427679,-0.744632765602439
"HPS6",0.656151672732767,3.73351488403562,3.74543086503241,0.000750163240065912,0.00377440451427679,-0.748254935668425
"FAM83H",0.947526639066053,3.72629350843696,3.74522143547161,0.000750590849589192,0.00377517568757196,-0.741073624684404
"KCNG1",0.808141446907984,3.85510225555139,3.74391656604192,0.000753260460684226,0.00378721856027608,-0.757626093801488
"JMJD8",0.71931449716867,4.31924890071921,3.74358101309735,0.000753948456273049,0.00378929317267109,-0.79678224565242
"SGK223",0.656751763328147,4.75746831404612,3.7431621158936,0.000754808194290893,0.00379222912071449,-0.822599379304593
"NME3",0.712939127138159,2.71153217002719,3.74273117740243,0.000755693641923545,0.00379455647737126,-0.647081563853371
"GLTSCR1",0.807032812749767,4.87271260818803,3.73808904856443,0.000765296169764487,0.00383512039043303,-0.838008678381978
"PTPN2",-0.657977298915141,3.87168960045885,-3.73734492984239,0.000766846433464836,0.0038399348006759,-0.800034049095014
"ELOVL5",-0.796726010977935,5.40895714980374,-3.73722622669017,0.000767094016936127,0.0038399348006759,-0.867776507380097
"NPAS1",1.24761454695303,1.91633608474671,3.73555931199014,0.000770578992657392,0.00385597727925759,-0.562864073323976
"SCRIB",0.70866993696095,6.75983453919406,3.73511909191491,0.000771501919538373,0.00385778993995914,-0.852745116216767
"FAM65A",0.617105725731276,6.44906553367791,3.73462376611914,0.000772541663019738,0.0038615858426497,-0.86194110431163
"PACSIN1",0.959238211493095,8.23328316003755,3.73436634801547,0.0007730825506192,0.00386159230211187,-0.802393070399301
"EXTL1",0.871970128281613,5.56243313397291,3.73435605192853,0.000773104192450998,0.00386159230211187,-0.864770646083802
"NT5C1A",0.842871221994824,1.9156745174478,3.73310691790873,0.000775734187646098,0.00387332298846079,-0.579271673288933
"PIGK",-0.848117429818505,3.58349305828403,-3.73264540947562,0.000776708074690585,0.00387537339224697,-0.789391234384498
"SLC1A4",0.633215133802849,5.70646763316029,3.7304946863151,0.000781262307387905,0.00389527196085687,-0.879002918917495
"PSEN1",-0.697712462194592,6.1367436711787,-3.72993860138266,0.000782444060273176,0.00389975107331372,-0.884619231832405
"SLC25A22",1.157456662351,6.70247752581788,3.7296542036806,0.000783049114790081,0.00390135368161706,-0.864773505418841
"SLC38A1",-0.856576401037666,6.90003218963304,-3.72895848512975,0.000784531172681857,0.0039073230066142,-0.866293591349488
"RANGRF",0.659295743010143,2.0837183160584,3.72792995559793,0.000786727206349687,0.00391542607109513,-0.61307374340139
"LRRK1",0.716139085780547,5.01220577801219,3.72746585452987,0.000787720075768908,0.00391895009495876,-0.87187345902169
"SPTLC1",-0.688957569819581,4.4679798238183,-3.72545788824656,0.000792029868499907,0.00393754444379596,-0.868432795610916
"BRSK1",0.687215255192568,7.65071354853695,3.72196481498585,0.000799581969315661,0.00396792191841068,-0.857415641673694
"EMC2",-0.601775157527742,4.75023553217068,-3.72161653742451,0.000800338784071522,0.00396925185907257,-0.890836369004782
"GORASP1",0.589843892269732,5.31812638286862,3.72157603043314,0.000800426851894948,0.00396925185907257,-0.897901268666871
"TWF2",0.681115009130333,3.93223615619139,3.72142380533522,0.000800757894722201,0.00396946303648134,-0.825864700508362
"ETS1",-0.885887747120393,4.05760045974232,-3.72110097543996,0.000801460391581334,0.00397151474560704,-0.855792993292266
"ABLIM2",0.626563483929543,5.00852314226976,3.72014653560723,0.000803540818653109,0.0039760968016848,-0.892231850865937
"CHML",-0.63376762932082,3.04244229336213,-3.71932399567209,0.000805337954383725,0.00398212561634008,-0.769741683624091
"FJX1",1.03706608516098,3.56941199937939,3.71902306946214,0.000805996413242837,0.0039839499434751,-0.789823767407239
"WDR34",0.681823182230192,3.11186499092869,3.7178784460428,0.000808505762007826,0.00399491841687242,-0.754915825025678
"SSTR3",1.0115043263043,3.07909505715166,3.71736664677324,0.000809630233637393,0.00399903863786223,-0.745536801241296
"HDAC10",0.583987445611974,3.38213028666753,3.71715553889397,0.000810094500927252,0.00399989609876567,-0.789611291366486
"ZNF653",0.597779025300937,2.98324101985542,3.71650933810761,0.000811517232942084,0.00400548373117504,-0.748129378996897
"NOC4L",0.798813579134776,3.08032711003235,3.71520533814262,0.000814395640757603,0.00401641191676627,-0.754930479238458
"PIK3CB",-0.653653231594518,5.4551526134994,-3.7151666776487,0.000814481130154208,0.00401641191676627,-0.925408733328418
"KCNQ2",0.912178977534084,9.27977375648858,3.71510980490684,0.000814606907906014,0.00401641191676627,-0.804471590424
"LRRC45",0.757773264421469,3.25031364537338,3.71393624076623,0.000817206543884472,0.00402490309606092,-0.776687123808952
"MXD1",-0.950052225501128,3.92581930880121,-3.71355712299478,0.000818048075398593,0.00402760628463687,-0.866059280518187
"LPGAT1",-0.892904526882042,6.48585446039929,-3.7127975180173,0.000819736716167351,0.00403447673504253,-0.920837326372844
"KLHL26",1.2286141671929,4.31855802354318,3.71206499885209,0.000821368355943918,0.00404106183272944,-0.86395833432159
"SLC22A17",0.637142958902147,6.77384554522671,3.71192493410074,0.000821680700928654,0.00404115372604689,-0.9125036698591
"TMEM19",-0.59435351438878,4.15983392344038,-3.70954616224522,0.000827003053749554,0.0040607807580082,-0.89150494339438
"COPZ2",0.8806329716352,2.01072914076471,3.70772937237443,0.000831090583649209,0.00407577958716919,-0.651289068506427
"CD36",-2.01540614772078,0.542428211866076,-3.7075605512926,0.00083147140462265,0.00407619451336383,-0.559964277704546
"NT5DC1",-0.729136171621649,4.4895393724456,-3.70719488253264,0.000832296850210332,0.00407878808965256,-0.916782325252701
"CDC37L1",-0.65821265620386,3.83026815576904,-3.70688032914321,0.000833007547869249,0.0040808176811067,-0.87526512485528
"CISD2",-0.750128626908896,3.18298125177844,-3.70665872017328,0.000833508602618707,0.00408156044308881,-0.817848248887184
"ZDHHC13",-0.875742264183416,2.61934338623909,-3.70655095104296,0.000833752373048663,0.00408156044308881,-0.755836418835156
"BAIAP2L2",1.1264415691251,1.24517126492,3.70636359545101,0.000834176330695115,0.00408218367236681,-0.583805956643436
"DUSP11",-0.600773473336168,3.3445450096469,-3.7029224221481,0.000842000593725438,0.00411462008886923,-0.842654100354142
"IRAK4",-0.731407388140025,2.56569659757692,-3.70192902400926,0.000844272550308348,0.00412204822767834,-0.760823303442147
"C11orf84",0.704605279689999,3.87593076739967,3.70181621751138,0.000844530921728979,0.00412204822767834,-0.871541744919674
"TSC22D4",0.881803339158557,7.2818702373855,3.70175752366072,0.000844665384239089,0.00412204822767834,-0.922361005562098
"RNF144B",-0.910860848687013,4.27482655366905,-3.70138542587521,0.000845518312528576,0.00412258228311176,-0.920463333534371
"MLLT1",0.816456246684302,6.8383203056525,3.70130228632999,0.000845709000749736,0.00412258228311176,-0.937357020491848
"KIAA0930",0.706213456961211,8.50534101256392,3.70116384409967,0.000846026623610755,0.00412258228311176,-0.876651845822853
"GALC",-0.68588430967313,4.87952736786289,-3.70054867578185,0.000847439385252286,0.00412654401290046,-0.95027076440948
"CDC23",-0.6448190504059,3.59227204775724,-3.69930716794457,0.000850297555618564,0.00413753347343248,-0.875084595537265
"GPR137C",-0.942728334609481,3.07538199088028,-3.69884945063602,0.000851353665509645,0.00414120812692761,-0.826905865492292
"ORC4",-0.697469854134259,4.46603624847864,-3.69696925327511,0.000855705321906474,0.00415649874153018,-0.941909254439484
"CYP20A1",-1.08464827291729,4.06106239876453,-3.69653428167869,0.00085671512674341,0.00415993537724631,-0.919361376807232
"FLT3LG",1.29098813686055,1.24292663354892,3.69561982897159,0.00085884184793662,0.00416744419040981,-0.607042972570556
"PPP1R12C",0.625625930122609,6.98764200674796,3.6955036195094,0.000859112480981343,0.00416744419040981,-0.948801467364598
"EPB41L1",0.581999716561945,7.84044738044341,3.69547890060692,0.000859170058003971,0.00416744419040981,-0.918382928981943
"PLEKHM2",0.652783425905436,7.30033276066334,3.69418263967068,0.000862194665004471,0.00418064157333563,-0.941736344826085
"SNTA1",1.00710337386132,6.81211545996125,3.69395813747443,0.000862719554077083,0.00418171320311896,-0.955770203871416
"RBBP5",-0.646601784483702,4.57050267263351,-3.69316430693142,0.000864578033490499,0.00418924588692351,-0.956647712374742
"NT5M",0.861204534776714,2.24473618795347,3.69297984143732,0.000865010452733629,0.004189865835997,-0.714263071830763
"SCN1B",0.741560713954195,5.11935755241592,3.69241338716274,0.000866339635148736,0.00419363754454023,-0.965989186962586
"NDUFA13",0.695524927296662,3.92198865479172,3.69238826532668,0.000866398629396691,0.00419363754454023,-0.89905977450825
"DPY19L2",-1.13266989651702,2.88644415974165,-3.69096470803032,0.000869747995565269,0.00420565476339821,-0.826183949055368
"RNMT",-0.832255082129036,4.53379785308964,-3.68666099130261,0.000879950591802429,0.00424877196273447,-0.97213537003091
"TIPRL",-0.771193351279445,3.97038647366437,-3.6864049254799,0.000880561287678429,0.00425022935101468,-0.938918624358265
"SLC25A18",0.920278388730762,6.52172826369476,3.68618393969317,0.000881088651809696,0.00425061669370522,-0.983103507290389
"PRDX2",0.745403526645849,6.0005832456137,3.68611245301611,0.000881259314522273,0.00425061669370522,-0.991810334359903
"FBXL13",-0.771206708436177,2.03242903148488,-3.68536487808755,0.000883045953548209,0.00425744760441137,-0.738889930000508
"ANXA5",-0.634831623092985,5.36941026873337,-3.68526107861987,0.000883294303509517,0.00425744760441137,-1.00158621383699
"POLR3G",-0.939117622013233,2.13057885369543,-3.68437969330354,0.000885405838724194,0.00426314546769896,-0.753625851126054
"NEURL1",0.982014637427659,6.3735509375788,3.68408836073113,0.000886104862826667,0.00426501889379425,-0.990546901571719
"TMEM129",0.831472033757556,5.6261555531901,3.68358297199284,0.00088731876672488,0.00426936837374164,-0.997314903323642
"KIFC2",0.724318110924809,7.01599528217815,3.68203913550974,0.000891036961177415,0.00428426262151027,-0.982179927801694
"SERPINI2",-1.1862644951204,2.08192064803474,-3.68101031796197,0.000893523183323031,0.00429321666400427,-0.756277788556702
"SHISA7",0.601530003154306,6.68098262755578,3.67921421141885,0.000897879795094028,0.00431264358125268,-0.999595128124859
"REXO1",0.727830249700288,6.45355061750953,3.67657126187989,0.000904328066401939,0.00433907200898085,-1.01086415104739
"NFIC",0.701137747606771,7.72318044771996,3.67609729331794,0.000905489205700948,0.00434312895073222,-0.972687650533049
"SYT14",-0.890937376121697,4.4067154818942,-3.67510601300289,0.000907922354005445,0.00435328206044213,-0.995451979341746
"SUMO1",-0.597835323532795,3.64642558650492,-3.67399398752467,0.000910659440673659,0.00436184634984693,-0.944447650958553
"SAMD8",-0.609854135388187,6.56665038122848,-3.67289347335238,0.000913376088835031,0.00437333624163496,-1.02215213979182
"RADIL",0.595201505590196,3.54085510092671,3.67252763797538,0.000914280906186842,0.0043761459304477,-0.917997626170734
"TRABD",0.694426646015668,4.08641304540153,3.67150063430983,0.000916825642976063,0.00438680030354437,-0.96558666722404
"TTYH3",0.783335314641426,6.60134205706748,3.66983234193297,0.000920974061322979,0.00440511785118718,-1.02456059179005
"RYBP",-0.643244718501269,5.37729599153838,-3.66956458997281,0.000921641556704013,0.00440677882620011,-1.0421259550608
"CEP57L1",-0.713790558894802,3.22089595480381,-3.66852133464603,0.00092424683971078,0.00441616693099307,-0.918610775947752
"ZNF519",-0.88577840243796,4.29805489333604,-3.66761299800765,0.000926521022317233,0.0044239610645758,-1.00867277587222
"KLHL25",0.627777659396382,4.48662445112522,3.66470743129196,0.00093383220164089,0.00445423394342471,-1.01112096133636
"SPI1",0.956294495845616,2.7409324369115,3.66352506531472,0.000936823369415995,0.00446146585450464,-0.840288013525555
"NUDT21",-0.666495872617538,5.81030190990821,-3.66346742381258,0.000936969429512275,0.00446146585450464,-1.0594809583263
"SLC27A1",0.611432454697088,6.10560196802318,3.66098436973368,0.000943282387698607,0.00448997196026307,-1.05738507635288
"NANP",-0.68922354758096,1.68968233292036,-3.66067965665771,0.000944059936315615,0.00449048411463612,-0.761076640524017
"SLC2A6",0.65657598305856,4.09624530470331,3.66067732163672,0.000944065897086115,0.00449048411463612,-0.995362693661248
"UCN",0.75778877469935,1.42204103133883,3.66055862781757,0.00094436894322774,0.00449048411463612,-0.713360872251351
"CCNE2",-1.18660602058641,2.11963572508276,-3.65793941926799,0.000951080345895369,0.00451989113139734,-0.818598313862633
"SGK1",-0.809539832689443,6.34428026925322,-3.657888886731,0.000951210283883925,0.00451989113139734,-1.06613601418305
"RPAIN",-0.824300991696577,4.45653623388793,-3.6565248010015,0.000954724380039635,0.00453345831391491,-1.04575899601109
"ABCC9",-0.757585799410423,5.17958327118773,-3.65407537286897,0.00096106616636148,0.00456042466044839,-1.07848952855435
"DSCAML1",0.795273795235374,6.26413129493444,3.65227506260153,0.00096575339969331,0.00457501791973182,-1.07571977987826
"KCTD6",-0.83480279009714,4.21545169838571,-3.65216642694765,0.000966036949438909,0.00457501791973182,-1.04319668055467
"ZBTB46",0.688104102496385,4.78888303257073,3.65202825911412,0.000966397697903717,0.00457501791973182,-1.05855307590577
"PCDHB16",-0.589239355229046,3.52041028025256,-3.64971606444296,0.000972454160489083,0.00459664393670611,-0.9953507162517
"IFI6",1.19775043122908,4.39878847452405,3.64967159803123,0.000972570994416914,0.00459664393670611,-1.03110728022105
"BIN1",0.616441842399422,8.4155536853024,3.64955654040953,0.000972873367537089,0.00459664393670611,-1.01270600870881
"SCARF2",0.915375933337021,2.65450090041797,3.64791275055359,0.000977203254163002,0.00461299892167269,-0.873961104418397
"ZNF503",0.797201583180854,3.0653255304519,3.64779684881565,0.00097750925482142,0.00461299892167269,-0.925590353525192
"RRAS",0.957390057372868,2.86600870742259,3.64758236949812,0.000978075762818304,0.00461409001444727,-0.899738051925728
"FRMD3",-0.681052776819877,3.25836917889922,-3.64533161717903,0.000984039976591322,0.00463586926322259,-0.981858898029709
"FANCF",-0.655182741018077,2.4276703698408,-3.64468415853896,0.000985762192673276,0.00464144066587238,-0.888409989961804
"DPY19L1",-0.676128448542951,4.41499550058761,-3.64463345790622,0.000985897177991785,0.00464144066587238,-1.07364491211204
"MYPOP",0.72129004376394,4.01940728697423,3.64427690177468,0.000986846979824256,0.00464432328637537,-1.02994883842583
"RPL28",0.664919850680098,6.55746263186618,3.64407992719728,0.000987372065867307,0.00464520581141881,-1.09247685578419
"INO80B",0.767747013596957,3.38760866250236,3.64107295456649,0.000995421682237816,0.00467987624505452,-0.976951196115262
"SDF2L1",0.921375713177126,1.37572335047648,3.63979143753103,0.00099887161469728,0.00469293462253168,-0.760254585790356
"C2CD5",-0.587895974424624,5.37410847638263,-3.63978784748137,0.000998881295646776,0.00469293462253168,-1.11856259263922
"THAP11",0.707094818291013,3.24449281451316,3.63901808147479,0.00100095915653512,0.00470109179286002,-0.969603354822796
"KLHDC8B",0.634791129021893,3.15461563684316,3.63702276734693,0.00100636474613803,0.00472325554966081,-0.968695005957935
"EPHA10",0.902506683066298,3.83949871759959,3.63603982498862,0.00100903808610655,0.00473196974152158,-1.0308649844516
"KCNH3",1.02369947211371,6.2708151059158,3.63596089701212,0.00100925304784288,0.00473196974152158,-1.11521041134818
"ECM2",-1.1968439769263,2.98778352432965,-3.63334021605272,0.00101641581751415,0.00475906705165439,-0.98384799053259
"TC2N",-1.30033510360707,0.927846333376558,-3.63315567022043,0.0010169220685582,0.00475981788620045,-0.761298491485845
"PAXBP1",-0.702784303330175,5.48312979094327,-3.63275131891911,0.00101803215167254,0.00476339355292958,-1.13787007855339
"TKT",0.583112584783996,6.72260349541359,3.63246654793212,0.00101881465162382,0.00476540681178917,-1.11856039177955
"COPRS",0.712729436046095,3.11712697668429,3.63196129989268,0.00102020442036795,0.0047686932841995,-0.972004040953864
"FNDC4",0.718436629727535,5.27057041783538,3.63173675855007,0.00102082264915904,0.00476996280987353,-1.12625467763907
"RUFY3",-0.605143342901828,7.24979058796277,-3.63009861168846,0.00102534396969906,0.00478556426733074,-1.1079654283178
"KIAA1324L",-0.623531347436613,5.4864819880934,-3.63002230535689,0.00102555504993384,0.00478556426733074,-1.14486032363576
"HSD17B4",-0.609941503752559,6.26895329470348,-3.62989751424507,0.00102590034071838,0.00478556426733074,-1.14000694017965
"CELSR3",0.727990327404898,7.02134412946495,3.62951133954633,0.00102696958191479,0.00478892864003029,-1.11675454594704
"SLC38A2",-0.901013756113065,6.47229815537458,-3.62918327936451,0.00102787876523267,0.00479154460988033,-1.1362807302798
"TRAPPC5",1.15088242188028,3.63297935284978,3.62824430635298,0.00103048534768117,0.00479862948041528,-1.02452903038218
"PAPOLG",-0.62740784176197,4.29576140703151,-3.62812107926039,0.00103082790109047,0.00479862948041528,-1.10886214462206
"GPSM3",0.860176992456822,2.89260282703586,3.62804507271672,0.0010310392433427,0.00479862948041528,-0.953656564292984
"LGI1",-0.696042836702744,4.72090367515799,-3.62800806265936,0.0010311421679811,0.00479862948041528,-1.13068645510862
"ATP5G1",0.641701072093821,3.20195941607379,3.62750699299657,0.00103253662007579,0.00480349439785764,-0.996887514892597
"ARFRP1",0.614341140438759,5.03990415552578,3.62475263851753,0.00104023459564372,0.00483603657792337,-1.13910249774255
"DDAH2",0.859245102888981,4.46298547691988,3.62343339540228,0.00104394136655106,0.00485163024150932,-1.1113078478057
"APRT",0.643812352515475,2.85872706396249,3.62290067403291,0.0010454418219872,0.00485696317095404,-0.968980460839084
"TMEM170A",-0.694795406803355,4.90783908171793,-3.62252345222601,0.00104650556501918,0.00485873978132997,-1.15176675168829
"PDK1",-0.94360082784012,4.01853479900241,-3.62251465291117,0.00104653039109527,0.00485873978132997,-1.10611434078168
"C2orf81",0.817519511003735,2.38122412452683,3.62036143895913,0.00105262260504183,0.00488372881590716,-0.912855960902974
"LRRTM1",0.970951789643479,4.3332788197441,3.61986779189634,0.00105402415123138,0.00488617347500359,-1.10985580425151
"LRRC49",-0.605173439530023,4.1585597374309,-3.61960141422188,0.00105478119382326,0.00488617347500359,-1.12205288050196
"TRAPPC6A",0.70537209439622,1.76691798567677,3.61955327862202,0.00105491805097352,0.00488617347500359,-0.850579146239457
"DBNDD1",0.849262882173019,4.99272789510064,3.61955087378433,0.00105492488876068,0.00488617347500359,-1.14735991229087
"SAAL1",-0.587111514647714,1.89083583126656,-3.61877647503498,0.00105712901100061,0.00489473496648028,-0.887577561753918
"ZDBF2",-0.874317906717423,5.9092642256498,-3.61846605288814,0.00105801380001679,0.00489553729052826,-1.17404095183624
"ZBTB1",-0.811634066813042,4.46372762976615,-3.61789649572472,0.00105963906458453,0.00490140946815051,-1.14494766325969
"PGAM5",0.669391455967223,4.02199865478177,3.61609991515824,0.00106478159992229,0.00492188767098781,-1.10328890454243
"PIP5K1C",0.902074020810522,8.07288134741223,3.61519963474614,0.00106736766331339,0.00492847026627809,-1.1145375502912
"LRRC40",-0.726523606702594,3.20951773440634,-3.61462846491659,0.00106901151201812,0.00492847026627809,-1.05505356552309
"SIPA1",0.774805849896836,4.99707120001781,3.61442900957363,0.00106958613057614,0.00492847026627809,-1.16143390065064
"ORC5",-0.72381643748291,3.28128634941704,-3.61301859091696,0.00107365802008762,0.00493803743797651,-1.06646383834514
"ASS1",0.589533429865397,4.03534800250785,3.61064857831125,0.00108053415538638,0.00496634285647027,-1.12008389866791
"JTB",0.627905123776233,4.53482031486538,3.60774037025358,0.00108903014930728,0.00500205069580024,-1.15996018199841
"CDH23",0.946184885527807,5.24716806853007,3.60694735078187,0.0010913580852818,0.005009399136612,-1.18494217673036
"FRS3",0.706501070925196,4.13436999609216,3.60563423757271,0.00109522339157646,0.00502378969716123,-1.13854694890506
"ARF1",1.05574755145032,6.04489499997536,3.60445123701108,0.0010987170631418,0.00503813579003478,-1.19676684187423
"TMEM38B",-0.779846398509052,2.75963594253094,-3.60421124665162,0.00109942712728058,0.005039712424553,-1.03148857610837
"MSMO1",-1.19194856120079,4.95018366788029,-3.60400925620298,0.00110002510527113,0.00504077438349516,-1.19977026488579
"RNASEH2B",-0.666557776736973,3.69626342307032,-3.60301580126105,0.00110297075014673,0.00504830039528613,-1.12999506319708
"C5orf15",-0.649390800171355,3.28551156763921,-3.60215104350685,0.00110554102779267,0.00505640982752439,-1.09402241993174
"RASL10B",0.824102598271672,6.41799304002956,3.60037992357441,0.00111082338630486,0.00507504668623546,-1.20601304059971
"NR2F1",0.845748573130582,6.11454417311544,3.59478294900019,0.00112767772476391,0.00514180688219885,-1.22452225247192
"ZNHIT2",0.797269249786888,1.47235866324737,3.59443548230469,0.00112873219677812,0.00514491015563555,-0.881775328460879
"TMEM242",-0.623852461641625,3.65767387507954,-3.59430343976584,0.0011291331625422,0.00514503359263019,-1.14864841129147
"ZNF771",0.785013723732048,3.8288658327733,3.59395789968786,0.00113018309734431,0.00514811307598645,-1.13949132444509
"CFI",-0.85392516302383,2.52328980235084,-3.5913197118101,0.00113823057945516,0.00517631989841305,-1.03559730265385
"ZNF572",-0.809570288303173,1.78533132531696,-3.59121360489471,0.00113855540556139,0.00517631989841305,-0.944777663803954
"RAB6A",-0.796404364136393,6.57344597253431,-3.58988158441555,0.00114264078579983,0.00518939929154832,-1.23425862645682
"CLCN5",-0.839549814823952,2.62932426256501,-3.58884692590391,0.00114582394375253,0.00520213899372436,-1.05478867112076
"PLS3",-0.583545199917164,4.99136024345383,-3.58802653912219,0.00114835399712387,0.00521018771988842,-1.24233111665938
"TNFSF12",1.14676903611637,4.1407684721751,3.58776365674976,0.00114916586523192,0.00521043541069405,-1.17271608840142
"VAMP7",-0.669714098623297,3.32500316294757,-3.58710903610972,0.00115118996991451,0.00521640549110794,-1.13620372829043
"NAA25",-0.682038312195211,5.63840132893187,-3.5860746417325,0.00115439539216961,0.0052289779432673,-1.25801902108455
"GATAD2A",0.67848475057095,5.89579618029026,3.58488075643452,0.00115810580725544,0.00524405857638768,-1.25301144714633
"MTMR6",-0.777315443841637,4.92073317508378,-3.58280698730934,0.00116457826428778,0.00526989855141868,-1.25370622303247
"LRP3",0.886461473507969,6.29626334738444,3.58244913753131,0.00116569869343857,0.00527323462209339,-1.25334550010686
"C9orf142",0.658844895992684,3.4885552320195,3.5809141699856,0.00117051654688126,0.00529184627472131,-1.14348012506132
"FAAP20",0.692053427358438,4.12777540366975,3.58089333205638,0.00117058208416915,0.00529184627472131,-1.19981149980333
"NR2F6",0.711169606108122,4.54488077690023,3.57784782028806,0.00118019885007542,0.00533006773084602,-1.23496173539963
"RNASEK",1.01166113001384,3.07744340990562,3.5772025813477,0.00118224611811051,0.00533756195253238,-1.10110573963506
"TIGD5",0.64208944867026,4.05828562922202,3.57526895861207,0.00118840190903397,0.00536359418504969,-1.20995227502279
"TRIM23",-0.607479317937964,4.86708579741252,-3.57341410892865,0.0011943361022682,0.00538331447864812,-1.27548831895128
"RGS11",0.697395329225491,5.76857457900486,3.57249567786,0.00119728504354451,0.0053931837645578,-1.28393643170153
"SLC44A2",0.716336954181312,6.8059675871088,3.5724880618119,0.00119730952697653,0.0053931837645578,-1.26873122700955
"SCNM1",0.5991703120909,2.25387388789117,3.57094077038348,0.00120229370311779,0.00541209147811707,-1.02953662361283
"ZNF404",-0.883206621832678,2.74382400347822,-3.57081825575784,0.00120268920823189,0.0054121014370435,-1.11372740108936
"TM4SF18",-1.52030386442237,1.82520153122525,-3.56898516936704,0.00120862190276949,0.00543524379216043,-1.00446163959288
"GDAP1",-0.75087807120269,5.51468255958141,-3.56646185917908,0.00121683486895766,0.00546860373341813,-1.30744615573859
"ABCC4",-0.610070626862563,4.03578640817642,-3.56623652516028,0.00121757091878522,0.00546874268763145,-1.24965134767332
"PHF10",-0.867329174419923,6.41043687971691,-3.56620907746461,0.00121766060569019,0.00546874268763145,-1.29876892840974
"NOP58",-0.778297080543043,3.86630104652378,-3.56599488404541,0.00121836071473014,0.00547010172770031,-1.23832947373119
"IGDCC3",0.740275386746547,2.60483065991263,3.56508939804085,0.00122132468225831,0.00547804724659602,-1.08272533215586
"FBXO48",-0.631959152919303,1.69690624769966,-3.56404500852832,0.00122475200355271,0.00548984114686933,-1.00115497701187
"GRIA4",-0.637977482809758,5.11023162697238,-3.56304628091716,0.00122803819185512,0.00549919738305186,-1.30947484060353
"GTF2H2",-0.612356299270211,4.57207481361236,-3.56277163615116,0.00122894337237164,0.0055002644359449,-1.29018200414111
"DMPK",0.630648148059223,5.4920941816708,3.56269762894925,0.00122918739752194,0.0055002644359449,-1.3076946845979
"SS18L2",-0.898102540681211,1.59552720504529,-3.56158326565838,0.00123286748469136,0.0055118549242488,-0.997126397921767
"BCKDHA",0.716576918032318,3.60442707690744,3.5599161879589,0.00123839279442917,0.00553296209225318,-1.20840294949208
"SEC61G",-0.806157266159322,1.7923418555797,-3.5577449972298,0.00124562488967312,0.00556166259143148,-1.02839180094158
"RITA1",0.605066770139553,3.75835841663208,3.55654910370055,0.0012496257855846,0.00557771665112867,-1.23456303664138
"C3orf33",-0.900351376744824,1.17461815631579,-3.55485514525831,0.00125531427782665,0.00559947480621476,-0.970721179996065
"ADGRA2",0.874107912201011,5.27589473290144,3.55165257853672,0.00126613743250074,0.00564091757079011,-1.32815630627572
"RP11-307N16.6",1.32018913056864,2.72009632748547,3.55099151264463,0.00126838274523179,0.00564678581596077,-1.10870542741016
"ASF1A",-0.582880335942615,2.95289606251993,-3.54973859479288,0.00127264886812459,0.00566394601366834,-1.18967267319605
"HIST1H4F",1.34854843565286,0.962511170549387,3.54821161780036,0.0012778669347898,0.00568165650715427,-0.94760045709937
"ZNF365",-0.586040473392412,5.80543287399253,-3.54725389391316,0.00128115028361154,0.00569257638126521,-1.35657838957606
"ZDHHC15",-0.817467300106692,2.63230613866024,-3.54691573227724,0.00128231154742996,0.00569405911719382,-1.16032821527562
"CTC-281F24.5",1.18883699024265,3.21706821735712,3.54645061045606,0.00128391046373841,0.00569635176906648,-1.18743233394391
"BORCS8-MEF2B",1.62578886194093,1.4549963418935,3.54640431865844,0.00128406970333873,0.00569635176906648,-0.978477917408738
"LIN7B",0.642145209023592,2.28443268402072,3.54548393580657,0.00128723970931508,0.00570690636706438,-1.09393865349941
"NAPG",-0.86371941505444,5.8148188195956,-3.54547273060326,0.00128727834920194,0.00570690636706438,-1.36084049929617
"MBTPS2",-0.685154083922991,3.66760062257556,-3.54505333412331,0.00128872539873824,0.00571148154977033,-1.27470753963538
"TSGA10",-0.680386221606345,4.58941426059697,-3.5446347066603,0.0012901713652848,0.00571604898830785,-1.3371805549566
"CD164",-0.725552963998151,5.35657077847083,-3.54397123580933,0.00129246625452671,0.00572437339187062,-1.36291283092849
"HELLS",-0.72393269319944,1.74789245529905,-3.5405438128512,0.00130438449383928,0.00576417309560768,-1.06530077435013
"SLC38A11",-1.13700296514373,1.93931379668127,-3.53784935128634,0.00131382861397341,0.00579930754599824,-1.09597280730191
"AVPI1",0.806576620183796,2.46502698190669,3.53780493315198,0.00131398485321603,0.00579930754599824,-1.13124272883781
"PROCA1",0.829817507085341,1.28493166994257,3.53610871512658,0.00131996471477733,0.00582180591027271,-1.00540339166908
"NUDT1",0.904903018566697,1.04658348748711,3.53408160318967,0.0013271456630499,0.00584785509741586,-0.992138816156769
"B4GALT7",0.659425299947892,3.73271547619007,3.53374395679952,0.0013283454267364,0.00585033879739001,-1.28806522240952
"MED22",0.821272597506627,5.01344632154863,3.53244262742106,0.00133297928461366,0.00586792320395668,-1.36827800150981
"AASDHPPT",-0.682206434004703,4.11632906688086,-3.53209351711315,0.00133422507797404,0.0058696282772675,-1.34204454471985
"CRISPLD1",-0.975253103742783,2.5532710541243,-3.53195548621612,0.0013347179492875,0.0058696282772675,-1.18813371961922
"ZNF214",-0.739421576916888,2.02880121927261,-3.53188512823565,0.00133496924655284,0.0058696282772675,-1.12137287239137
"RCN2",-0.699116202977877,4.90382146904953,-3.53185614512351,0.00133507277871138,0.0058696282772675,-1.38253122500808
"NECAB2",0.869660051075118,3.8841860032076,3.5310498120225,0.00133795624221491,0.00587884363519378,-1.30181383110855
"IQSEC3",0.942972160400532,7.25149034869414,3.52815629316161,0.00134835321926662,0.00592044947362093,-1.36635971541367
"CDKL1",-0.59271627947035,3.21138858033278,-3.5276262902346,0.00135026607516609,0.00592474721384231,-1.27372411680482
"ZNF624",-0.748702223434734,3.36286825363783,-3.5275272968499,0.00135062364725117,0.00592474721384231,-1.29031170263459
"DUSP15",0.87046947910679,1.87528653845013,3.52690641695551,0.00135286840565226,0.00592899180280652,-1.08471681689054
"LRRC73",0.812952071937437,2.7148057038924,3.52547628613884,0.00135805270934514,0.00594407230702879,-1.19227395740387
"CNIH2",1.00001270774054,6.27053994985706,3.52475980558007,0.00136065721280338,0.00594977867147268,-1.39887639526003
"AGFG2",0.674074768655004,5.61581200252883,3.52473198513985,0.00136075844125705,0.00594977867147268,-1.40497472789428
"CCBL2",-0.775021883172946,2.48882342600311,-3.52464200018277,0.00136108591365424,0.00594977867147268,-1.1977070558788
"ZNF853",0.82154135169218,5.74438665131344,3.52338911703061,0.00136565332244932,0.00596595408578574,-1.40737098969054
"DEGS1",-0.85540020372102,3.99572581120826,-3.52211618624923,0.00137030899907622,0.00598249433257864,-1.35927373238399
"WIZ",0.773587656625065,6.1851337921884,3.5216853316159,0.00137188830215382,0.00598437954449411,-1.41037473533845
"CCNA2",-0.907757162435756,1.72270169807896,-3.52152394185169,0.00137248033154737,0.00598437954449411,-1.1096289772192
"C3orf58",-0.728416652111484,4.88780505586831,-3.51933161817799,0.00138054699922601,0.00601513370696003,-1.41369308258875
"SEMA4A",0.682024543364945,4.43215925749137,3.51925087945846,0.00138084495169586,0.00601513370696003,-1.37741456135944
"PM20D2",-0.656101765944407,4.26838974992296,-3.51670348748766,0.00139027767255521,0.0060466533034236,-1.39067062993469
"CEBPA",0.760082453453933,4.1946614848454,3.51608755183548,0.00139256775597244,0.00605278739416825,-1.36766713799135
"RAB11A",-0.778312677328731,5.11477361457963,-3.51499406142799,0.00139664240612306,0.00606666545159705,-1.43156127672512
"PALMD",-0.628006500097648,4.02140092328627,-3.51481659980682,0.00139730476418668,0.00606762728304605,-1.37872793906932
"CXXC1",0.622952307855238,4.82408792578705,3.51401135988161,0.00140031406179207,0.00607685960401155,-1.41218449809427
"TLR2",-1.15441650467393,3.14517995507726,-3.51364018908499,0.00140170329005756,0.00608076917052405,-1.30342790041984
"FKBP14",-0.752422291755248,3.0061870584226,-3.51353460228327,0.00140209872669666,0.00608076917052405,-1.28793326561503
"TRMT10A",-0.963249085995704,1.3081930358419,-3.51320303300826,0.00140334119927323,0.00608379995480756,-1.08492459684293
"FZD8",1.14321820404268,3.36511722167464,3.50996622617475,0.00141552638535112,0.00612934505626709,-1.29412859584768
"MBOAT7",0.757417482480327,7.25810067246269,3.50864035561862,0.00142054720107849,0.00614915068702141,-1.41600138021045
"MSC",1.34556410082887,2.32178660816946,3.50791823865622,0.00142328895740407,0.00615908155435137,-1.17224524169151
"MMP24",0.787353043562705,4.73121423743472,3.50633763114075,0.00142930812630662,0.00618318425844245,-1.42488188407605
"AGTPBP1",-0.693672142809974,7.3994145632228,-3.5033830868685,0.00144062550044645,0.00622528364149794,-1.42357531998387
"RBM8A",-0.801782242568238,5.5226471058267,-3.50332486538589,0.00144084938581287,0.00622528364149794,-1.46756653122588
"BBC3",0.942361716458598,1.35135623139823,3.50315215092406,0.00144151374133983,0.00622619918222769,-1.08837746997033
"WBP1",0.742803012955881,4.44896862574129,3.5024661243008,0.00144415550537206,0.00623369633294384,-1.41925548593868
"LRCH4",0.640451863790096,4.9510602614479,3.50020902845284,0.00145288024407438,0.00626742477702429,-1.45166871650915
"SMOX",0.706081956758191,5.51105735275166,3.50004806565799,0.0014535043837814,0.00626808407730663,-1.46571833978122
"FAM49B",-0.640747261304496,4.52186057855025,-3.49919961069063,0.00145679858820207,0.00627663240485551,-1.44868518845604
"MRPS16",0.585364883131003,3.12050989475734,3.49918916846848,0.00145683917601254,0.00627663240485551,-1.31275242982903
"BAIAP2",0.692632709895719,6.14549747063518,3.49837533429058,0.00146000582781348,0.0062863392354635,-1.47018670743266
"JAG2",0.720508503728523,5.08339625366617,3.49712204060295,0.00146489544529869,0.00630451746228949,-1.46343875781798
"FUZ",0.631522577887973,3.9104930357323,3.4970584349324,0.00146514401892317,0.00630451746228949,-1.395615612054
"ZNF787",0.639184871309453,3.9216828295878,3.49600861045935,0.00146925267142376,0.00632022069754995,-1.39913225685754
"ADAMTS9",-0.989985337963407,5.91910578519762,-3.49537538001929,0.00147173629997757,0.0063289260074973,-1.48655704449368
"DKK3",0.649981435925567,8.32423134968614,3.49398420527716,0.00147720696233543,0.0063457128402492,-1.41088501142735
"PTGES3",-0.714480376591726,5.67005911229268,-3.49391376585417,0.00147748448079053,0.0063457128402492,-1.49192866335493
"SLFN13",-1.03391033867128,1.82492286671488,-3.49290411747996,0.00148146785245313,0.00635686907315484,-1.19273666478718
"RASSF7",0.977250523596249,1.59777491012616,3.49143679825733,0.00148727538334103,0.00637582447045356,-1.13753960794652
"NPM3",1.1321488681996,0.79405894542374,3.48904221363164,0.00149680023505487,0.00640667746021462,-1.08340609749853
"FAM126B",-0.71525685198471,5.65501900187486,-3.48864445100232,0.00149838809922305,0.00640948667497928,-1.5052155274714
"DMWD",0.727676150494991,5.84973573771647,3.4879249326082,0.00150126454518065,0.00641780099603322,-1.49829494440025
"PDLIM2",0.582213305752268,4.06977268952308,3.48656052366577,0.00150673375361217,0.00643123109954238,-1.43626147752807
"WAS",0.7809636879686,2.31802945409034,3.48625612721853,0.0015079565452884,0.00643441550998874,-1.24055778719435
"GOPC",-0.665742554540754,4.94795007566991,-3.48528372499179,0.00151186921190235,0.00644836017503792,-1.5016349303653
"DEXI",0.89783222428662,4.59237950168066,3.48521111119042,0.0015121617821995,0.00644836017503792,-1.46861632974108
"ARPC1B",0.748792708712578,3.83976424763703,3.48387318920761,0.00151756224056846,0.00646938475602928,-1.42022460165192
"GPR68",1.35996845616453,1.12340996209675,3.48150084835979,0.00152718392870472,0.00650637091111632,-1.11681066797886
"JOSD2",0.802015931142219,2.68757155113732,3.48045329051849,0.00153145132402724,0.0065225322407734,-1.29804888153889
"CRTC1",0.78191414304548,7.5260742288325,3.47980028693142,0.00153411726515289,0.00653186500178493,-1.47888202455055
"RIN3",0.637883003473029,4.57739641239837,3.4789328529881,0.00153766556984677,0.00654090136218281,-1.48828325374661
"ETNK1",-0.68873669312967,5.64284585082585,-3.47848837399155,0.00153948681569752,0.00654142327802936,-1.53082077781521
"RTN2",0.842576205265291,4.89324151648581,3.47846194879792,0.00153959515812057,0.00654142327802936,-1.50123210569783
"CTNNBIP1",0.721063370915135,5.11843856498288,3.47823039250847,0.00154054484636897,0.00654303630582819,-1.51204728435978
"PROS1",-0.746696237068652,2.9010407511875,-3.47719671558505,0.00154479119995556,0.00655500206678646,-1.36637398975576
"COQ10B",-0.689281509691847,3.20781029042642,-3.47603157974571,0.00154959114218862,0.00656957537305175,-1.40350419877046
"VSIG10L",0.6567885040984,1.65373023808132,3.47601541192184,0.00154965784906082,0.00656957537305175,-1.19113903786615
"TERF1",-0.663784260682998,4.40528575692389,-3.47557249734152,0.00155148635078793,0.00657530140843631,-1.50218550569493
"CHRM4",1.25684897570554,2.02943717399613,3.47523058979678,0.00155289928625667,0.00657723825120898,-1.21643957539911
"VEGFB",0.9106397933681,5.62131001531938,3.46938640309521,0.00157724347108858,0.00667418431908055,-1.54169768733937
"CACNB1",0.745445873347902,5.8579430196314,3.46887172137937,0.00157940496864,0.00668127629064097,-1.5457725725936
"ZNF254",-0.94457446766464,4.60531956959833,-3.46677696186265,0.0015882318338855,0.00671655140322629,-1.53493976496127
"HSFX1",0.691428438523077,2.6303349913194,3.46497009723683,0.00159588381950605,0.00674269488493175,-1.33558463337028
"RDX",-0.593069808754378,6.56654535771175,-3.46365178085194,0.00160148927428707,0.00675575649080951,-1.55443951214005
"KLHL9",-0.63099522768106,4.78027748146933,-3.46355045524882,0.00160192089452158,0.00675575649080951,-1.55006888144164
"RASGEF1C",0.870871367349493,2.96563068295859,3.46312006392705,0.00160375549959986,0.00675935051454628,-1.37328885787147
"FAM195B",0.63566263237825,4.70702470486157,3.462775133129,0.00160522728105343,0.00676141188080083,-1.53590566852054
"MMP17",0.887884753025035,5.44319714658131,3.46221514680375,0.00160761945799178,0.00676734517021257,-1.55719436069265
"RAB18",-0.659438514793016,4.08925695445614,-3.46187730564669,0.00160906432851945,0.00676960968646469,-1.51688789426666
"PPP1R9B",0.651371393160586,8.11033644718626,3.46151455792398,0.00161061711456184,0.00676960968646469,-1.50142845699378
"SCAMP1",-0.956872292810517,5.32820910333696,-3.4611407035117,0.00161221895789462,0.00677128703282328,-1.57142159212731
"C9orf85",-0.597316149135779,3.53615573655795,-3.46111288193579,0.00161233822567453,0.00677128703282328,-1.47310111744251
"NPTX1",0.903932020346382,9.00489167342071,3.46107692591115,0.00161249237748433,0.00677128703282328,-1.46143896445356
"DUS3L",0.746797948480478,3.56835628553133,3.46070606579758,0.00161408317116359,0.00677589948699884,-1.45145396430726
"TIGAR",-0.810145553665334,2.99779938668846,-3.46017779879423,0.00161635177350192,0.00678335369172307,-1.42014349634213
"TMEM41B",-0.731530463377682,4.02840407746587,-3.45855189389231,0.00162335343081162,0.00680858474897856,-1.52116261475177
"BAG2",-0.792582419981068,2.82409251671931,-3.45816585890751,0.00162502011466767,0.00681349841497313,-1.40465863215033
"SRSF6",-0.64092999279694,5.88838826685823,-3.45130099647796,0.00165493608102548,0.00692416400455811,-1.59844490142141
"SAXO2",-0.713238559517938,1.64906444685507,-3.44988046005248,0.00166119258626003,0.00694611704026868,-1.27488913849183
"UNC93B1",0.72640638345622,3.26462652977762,3.44943708313118,0.00166315003237601,0.00694796830465278,-1.44770290239287
"RBL1",-0.638018736391594,3.22831465514623,-3.448759858636,0.00166614417935404,0.00695836420397298,-1.47305364575093
"COL6A1",0.618187028184103,6.61758481694714,3.44626428749226,0.00167722257092896,0.00699401812077376,-1.59313442810052
"ADRA1B",1.44368506394725,2.39953046500924,3.4457459422514,0.00167953251838056,0.00700152892621474,-1.33163399018209
"GRIN2D",0.870324879024061,1.85059683474188,3.44549813384318,0.00168063793305475,0.00700401532306676,-1.27994959162401
"BMP8A",0.835445614731207,2.10815503303066,3.44496769743369,0.00168300644440369,0.00701176254357832,-1.31292285176197
"EDNRA",-1.14678613760807,1.04233232012611,-3.44474701620408,0.00168399278142057,0.00701374838532943,-1.22484139930982
"SPDL1",-0.622604983692249,3.42136260927924,-3.4423536552388,0.00169472582082937,0.00704778543984072,-1.50905899656032
"PTCD2",-0.61046334852603,4.31813246693365,-3.44118652564729,0.00169998372999519,0.00706724926618608,-1.5831808865596
"GCC2",-0.606557722443994,5.99260203420177,-3.4410868987463,0.00170043327667627,0.00706724926618608,-1.62316706263306
"LACC1",-0.927854066343746,4.30040965340847,-3.44078129769079,0.00170181295655962,0.00707084785483605,-1.58394567543031
"SPTLC2",-0.816084371616758,6.54229055859173,-3.44018116526805,0.00170452548406485,0.00707998043652776,-1.61357906054054
"SCYL3",-0.606878422567995,3.13349427898855,-3.43858390951036,0.00171176522954781,0.00710576208862968,-1.4876676939614
"PTPRN2",0.711186828044751,7.19903345628167,3.43759289809927,0.00171627200492824,0.00711821910062472,-1.59668871612706
"CEP170B",0.688995748239645,7.6983477927686,3.43421301038369,0.00173172880447962,0.00717348587550997,-1.58654785081585
"UBLCP1",-0.792737704455725,3.20480921447944,-3.43387311611109,0.0017332906079667,0.00717779478068906,-1.50879836456047
"NOXA1",0.882257644064739,3.13637931465748,3.43343864172269,0.00173528898240496,0.00718390844972161,-1.4671202844562
"FTH1",0.598997353974538,8.27368935540621,3.43239801719933,0.00174008439688218,0.00720031069020862,-1.56723693701652
"ERF",0.669628412254354,4.93687850909955,3.43207685606219,0.00174156695344717,0.00720123282643827,-1.62190362545471
"TAS2R31",-0.974487062251764,1.5130076860298,-3.43026803704249,0.00174993967332859,0.00723367973706059,-1.30808733898552
"ABCA2",0.78380014515525,10.5244419775991,3.42990250083521,0.00175163638783543,0.00723851901891991,-1.4519547088004
"CCDC97",0.690266545462574,4.82318873080213,3.42885666061514,0.00175649964655468,0.00725208269914158,-1.62534696078751
"CLDND1",-0.931201120080955,7.7028091395538,-3.42699621072726,0.00176518312116956,0.0072848425587503,-1.60187033722211
"POGLUT1",-0.808943924755285,3.26647595587737,-3.42684031972934,0.00176591260436666,0.0072848425587503,-1.53264908627449
"NEK5",-0.811133794107064,3.32155742546238,-3.42677161483622,0.00176623419735003,0.0072848425587503,-1.5385291663326
"KCNF1",0.818696055090678,4.08875419073707,3.42480487750631,0.001775464059316,0.00731720902073897,-1.5870687516656
"GNB4",-0.628273365628442,4.76069244050727,-3.4241969771386,0.0017783263212388,0.00732305878905541,-1.64793533369869
"TP53I11",0.946045239297873,4.9162046644328,3.4240683843935,0.0017789323622127,0.00732305878905541,-1.63694901758802
"SYNGAP1",0.618156449441272,7.66191206379905,3.42405146801774,0.00177901210172315,0.00732305878905541,-1.61339307803524
"CENPL",-0.676937671725559,1.73849495075236,-3.42223032563753,0.00178761669090172,0.00735407870956609,-1.35269180940493
"SLC6A15",-0.987983698594487,4.5412772004405,-3.42120403543232,0.00179248340108005,0.00736749225874031,-1.64607542572897
"GDAP1L1",0.899948675037094,3.00332981876783,3.41750294014846,0.00181014045959132,0.00743093089229031,-1.49455059266029
"CPNE8",-0.764530524539431,3.95145863063359,-3.41745112017121,0.00181038886681601,0.00743093089229031,-1.618156119313
"EPHB2",0.614562052742276,4.66768321402857,3.41616461192945,0.00181656649190519,0.00745021948497389,-1.65006751289723
"NOTCH1",0.863828840666422,7.75174501694974,3.41328841823063,0.00183045113312146,0.0074944474986267,-1.63651068805281
"SPOCK3",-0.843286895068452,5.56228438420726,-3.41165327338902,0.00183839023623241,0.00751877577047162,-1.6981226705269
"RPL29",0.760164392569325,5.93381104799605,3.41161455525156,0.0018385786256549,0.00751877577047162,-1.68910402381504
"ESD",-0.696451768314659,4.15967960092492,-3.41116023554369,0.00184079058289803,0.00752558503008312,-1.64846294759346
"ZNF419",-0.620472067966884,3.65022007802164,-3.41060293501311,0.00184350742802386,0.00753445373241353,-1.60967310912114
"PRKACA",0.588674885929507,5.49608612369138,3.40981094535664,0.00184737503367259,0.00754554191654888,-1.69363783429568
"HSPB1",0.886081299980788,6.36326368870688,3.40681413799832,0.0018620805492391,0.00759232309276422,-1.69482433698752
"IZUMO4",0.789394537467019,3.02787790674695,3.4053181931803,0.00186946338430671,0.00762016754485919,-1.52793134042075
"CCDC9",0.696466925554495,3.76820336362114,3.40470078897534,0.00187251863278502,0.00763036094336826,-1.61171022370662
"FGF22",0.749089292792739,1.49485539427959,3.40422317062391,0.00187488544544655,0.00763774381728535,-1.34199117143079
"ACOT7",0.823363588416491,5.64428064501797,3.403929525912,0.00187634201694424,0.00763958951259614,-1.70634741406345
"DCAF17",-0.750539916936285,4.03898154375958,-3.40379754079528,0.00187699706035029,0.00763958951259614,-1.65858907925244
"SBK1",0.896835746837147,5.48741278688474,3.40314407196763,0.00188024347969228,0.00765051168658945,-1.70556414685299
"PEF1",0.667826480702964,4.38901193122069,3.4021104332746,0.00188538962378438,0.00766465187973318,-1.66869236335115
"COMMD2",-0.760139820286346,3.45529857896088,-3.4008174112062,0.00189184625844218,0.00768635853629256,-1.61608594810013
"TMEM104",0.664959683953056,4.44120863778789,3.40029252392613,0.00189447332836705,0.00769144909854428,-1.67703777522626
"BAIAP3",0.712341335887951,7.24743406816169,3.39861596062137,0.00190288811787054,0.00772210067532187,-1.69225410936361
"CGREF1",0.728124007572679,4.86112382811993,3.39749483841935,0.00190853518544087,0.00774083920110056,-1.7047334632828
"TCTEX1D1",-1.47526214398647,1.08268421262828,-3.39739072220426,0.0019090604349272,0.00774083920110056,-1.34152118572855
"CDH24",0.655726783498287,3.6411394380429,3.39613292590978,0.00191541682612085,0.0077588246749823,-1.6229025632087
"SPTBN4",0.923816666591691,6.83686698363727,3.39598751738628,0.00191615297494027,0.0077588246749823,-1.71072283348493
"ARL1",-0.656892447834295,4.75649120718987,-3.39550040357391,0.00191862103558735,0.00776367356543601,-1.71948475386432
"ABHD14A",0.675576395365764,3.19823376262536,3.39540027113924,0.00191912875608755,0.00776367356543601,-1.57716788472375
"ADAMTS10",0.647051055498053,5.09969775860576,3.39529589296052,0.00191965814234886,0.00776367356543601,-1.71998549143213
"DNASE1L1",0.805328925094349,3.54226001678728,3.39520992005687,0.00192009428619316,0.00776367356543601,-1.61157365109243
"SLC7A11",-0.628443282320479,7.07533191339644,-3.3949287752439,0.0019215212111261,0.00776565444531757,-1.70845964471889
"MTMR9",-0.733182792551541,5.60962220756538,-3.39466325653537,0.00192286976495529,0.00776882291120076,-1.74084946726109
"COL4A4",-0.685514317415678,2.32776547626638,-3.39367175607741,0.00192791359936332,0.00778348874570955,-1.50031960662405
"ID3",0.592256079355027,5.50204373621444,3.39333783074109,0.00192961516832604,0.00778693088895443,-1.73483308496741
"RARA",0.673142136573782,4.08974297550848,3.39121702489619,0.00194045588016968,0.00782574101205761,-1.67389168919666
"B3GLCT",-0.770122242457176,3.31415429753776,-3.3911228826856,0.00194093845462922,0.00782574101205761,-1.62603433631481
"SALL2",0.702674177907207,6.53395070958117,3.3900791621284,0.00194629633225489,0.00784274782669385,-1.73504459348477
"DCBLD2",-0.713040507723959,3.43888718231614,-3.38977659343992,0.00194785221182385,0.00784442326219141,-1.64171936902319
"SERINC1",-0.637635456395779,8.13527750903152,-3.3895279406546,0.00194913173966357,0.0078472796575513,-1.67773946422757
"CHST7",0.999381523427859,1.67026842480494,3.38936412722008,0.00194997513987546,0.00784837902890499,-1.39204669090762
"LRP5",1.0110048370501,4.68577994343354,3.38902120148052,0.00195174184520731,0.00785319284558416,-1.71131497858639
"PAMR1",0.717343773673725,4.35392002729923,3.38872170356057,0.00195328607737259,0.0078571089478878,-1.69786057441118
"LRRC8A",0.799786302954304,7.75854193666636,3.3875689255279,0.00195924086824915,0.007872943559595,-1.70025005234822
"DNAJB9",-0.780717788232917,3.50212224740199,-3.38751669967821,0.00195951105963323,0.007872943559595,-1.65396096709986
"PYCRL",1.02712094761344,3.62981458299579,3.3870970896811,0.00196168322218704,0.00787707114692614,-1.63328064332167
"EXOSC4",0.618307204281529,2.10892862483044,3.38697566448797,0.00196231222700237,0.00787729829515156,-1.46374159347713
"ATF7IP2",-0.795365709859473,3.08695785908873,-3.38506900676665,0.0019722145674151,0.00790782187127015,-1.61662336369745
"NPTXR",0.796141794610854,10.4558724318937,3.38426973286771,0.00197637994055584,0.00792221507777133,-1.56845212758908
"NEUROD2",0.965840017529277,5.46254715904499,3.38393219312694,0.00197814155353713,0.00792465965596055,-1.75211040625296
"ST8SIA4",-0.776991894499491,2.50921290745293,-3.38220896599982,0.00198715862618056,0.00795615067060536,-1.55241365936532
"PPP1R14B",0.976515787173346,2.06428289479452,3.3812958691799,0.00199195258330408,0.00797070645502977,-1.45662159315034
"GPSM1",0.670171317323904,5.62156757454211,3.38067811799989,0.00199520222385894,0.00797675125000664,-1.76671335352058
"SNRPA1",-0.59501646210574,2.36520832510209,-3.38027315415862,0.00199733527902626,0.00798295985323276,-1.53699029092847
"AGAP2",0.849729237201809,9.27484250435602,3.37907723585092,0.00200364732933597,0.00800353872249413,-1.65131500427134
"UBE2N",-0.692342237861768,4.92247671000175,-3.37691900791324,0.00201508707198298,0.00804456431608871,-1.77210380157134
"CD81",0.679262590913541,7.60941236528876,3.37429739025965,0.00202906760319909,0.00809567970067342,-1.73917892450518
"B4GALNT4",0.659868813615069,7.19737552114921,3.37220072703236,0.00204031580455037,0.00813328817668886,-1.75987384310329
"CHST8",1.14281722266649,3.46375324596704,3.37195530936877,0.00204163634044503,0.00813328817668886,-1.64803678553366
"GPX1",1.11653058923605,5.09690805560173,3.37188034508407,0.00204203986995567,0.00813328817668886,-1.7702737405475
"TXLNG",-0.595858552867891,4.27893743451847,-3.37106277696024,0.00204644579025345,0.00814847815962897,-1.75540317580727
"SLC2A8",0.603644140460271,3.65955564250736,3.36980592164655,0.00205323690076844,0.00817079033877229,-1.69020728451752
"DNAJB4",-0.802134944901559,5.13237553720407,-3.36967629375323,0.00205393854583782,0.0081712195227737,-1.79636253050413
"NDUFAF4",-0.87278028949329,3.18288389565474,-3.36847577996555,0.0020604476151734,0.00819237781924332,-1.66840703427833
"TNFAIP8L1",0.76612108220646,4.76990830005452,3.36829574236301,0.0020614254715642,0.00819389829988299,-1.77268910522559
"LEPROTL1",-0.862706186978138,4.31229472423305,-3.36808622767088,0.00206256399206341,0.00819513463883831,-1.76575796806184
"ELFN2",1.06344157278817,7.14497034461822,3.36678930389962,0.00206962506165473,0.0082193681020002,-1.77349190825917
"YDJC",0.934229818724991,2.31683495467398,3.36544805481674,0.00207695192249549,0.00823566298784884,-1.53030163636673
"SHF",0.612365450713851,3.87013120392241,3.36539666015589,0.00207723317275337,0.00823566298784884,-1.72225239441816
"IMMP1L",-0.708606960949727,1.43973710064824,-3.36538098473984,0.00207731896161786,0.00823566298784884,-1.45491537112374
"STARD4",-0.978669508537443,4.23718442427294,-3.3650621856041,0.00207906443446927,0.00824020901000333,-1.76864162403093
"HFM1",-0.950218271680437,1.9461296060117,-3.36450179377822,0.0020821360842774,0.00825000709926327,-1.52101322578077
"GAREM2",1.03443950375286,5.89564696300658,3.3637598767166,0.00208620943734946,0.00826075933400926,-1.80513298354109
"GPT",0.734938966404125,2.05857065839251,3.36363116351234,0.0020869168924474,0.00826075933400926,-1.50874619409925
"ATAD3B",0.614990309124752,4.54245132690339,3.36353971538904,0.00208741966519982,0.00826075933400926,-1.7743930343111
"OGDHL",0.778955731753245,5.768097829406,3.36308791099131,0.00208990535176137,0.00826650978602709,-1.80930742258269
"RAB11FIP5",0.703768118524531,5.73220586276064,3.36245359444144,0.0020933999691725,0.00827557511513439,-1.81219233778129
"PRDM16",1.15069429347132,5.1933709301674,3.36234429305709,0.00209400270690437,0.00827558048527025,-1.7957625149005
"AGT",0.700616321306297,7.30492259914611,3.36208249377643,0.00209544706658874,0.00827891102019167,-1.78095416154425
"CACFD1",0.708890484491502,3.94211066333518,3.36183154721156,0.00209683245093404,0.00828200670416284,-1.73322035997741
"EBF1",-0.675379883154235,3.08165117843175,-3.36153973453912,0.00209844455022214,0.00828599582657298,-1.67319260122269
"RP11-5A19.5",1.84855877236837,1.66668989729405,3.36134653161631,0.00209951254262073,0.0082870563509891,-1.44034324892865
"DEGS2",1.2167589912819,2.37876393133385,3.36098630768527,0.00210150519482327,0.00829094409001233,-1.54034537457481
"BTG3",-0.73802837419116,2.41178896687873,-3.35986615383907,0.00210771318612876,0.00830591098348163,-1.59424883240903
"HNRNPLL",-0.591707818732832,4.82788458329781,-3.3594415196713,0.00211007115435075,0.00831282254652754,-1.81179046390305
"HSP90B1",-0.608173282659243,6.85613802526629,-3.35908153889318,0.00211207209338747,0.00831832400604034,-1.80587506342124
"SOD3",1.17298679123772,2.87248128737464,3.35834584648745,0.00211616708906175,0.0083320673283487,-1.60645791560465
"KPNA3",-0.655074573125732,5.07534139395021,-3.35788092996564,0.00211875883461069,0.00833988567593756,-1.82409837733833
"CCP110",-0.663514127588174,6.59324079022176,-3.35631825737158,0.00212749257977961,0.00837186885626172,-1.82142480932937
"HES4",1.01939607848627,2.07434640906046,3.35611685946438,0.00212862070440668,0.00837391352582628,-1.51951072949019
"MROH6",0.924352885730032,1.47833908935478,3.35599051540674,0.00212932871070492,0.00837430476936566,-1.45476124261176
"MBLAC1",0.829488113259375,1.50540702270025,3.35539404612887,0.00213267426259815,0.00838176347684368,-1.46026050623083
"ADCY7",0.687315994459142,4.73358746944805,3.35488382050345,0.00213554009173755,0.00838674863082202,-1.80426871299378
"PDLIM4",0.755861059972958,3.7386320941396,3.354365821018,0.00213845337375106,0.00839579368792818,-1.73283918748973
"ZNF768",0.660380875829274,4.99035124293638,3.35345944025296,0.00214356014958318,0.00841344301723165,-1.82013784901907
"EMP3",0.658309385147022,2.1123892086537,3.35134540384731,0.00215551677914585,0.00845630714699586,-1.5478851984469
"JKAMP",-0.716393307890863,3.47467567835913,-3.35131133132013,0.0021557100117478,0.00845630714699586,-1.74049015492595
"FAM161A",-0.77502918669007,2.87299429833412,-3.34975546019232,0.00216455145959853,0.00847890482081851,-1.67790507850201
"LYPLA1",-0.598343738440218,3.08351234887901,-3.34887585130601,0.00216956537451573,0.00849129383353553,-1.70402695180097
"EFCC1",1.11603978662057,2.2183553621471,3.3469963657239,0.00218031620217472,0.00852125284241022,-1.55670346141276
"ACTR2",-0.8142381391287,6.59426321920209,-3.34442492764081,0.00219510807186174,0.00857419306752465,-1.85057331884986
"CROCC",0.822003467244355,5.95286468570238,3.34361201646922,0.002199804277463,0.00858766146444491,-1.85719518206558
"ZNF585B",-0.605343164298508,4.46927672149529,-3.34255453510697,0.00220592782718376,0.00860680219148453,-1.83715969211646
"SRRM3",0.960886118143105,5.54090305546192,3.34198292069117,0.00220924469029325,0.00861718145780197,-1.85704782983584
"FUCA2",-0.624281866278936,3.02443814470515,-3.34184840257164,0.00221002594486948,0.00861778606612325,-1.71454504341144
"RILP",0.600436470478518,1.72897479149829,3.34146362438275,0.00221226212696381,0.00862406207624619,-1.52525483012351
"PPAT",-0.641524473394567,2.99023057457056,-3.34052633172158,0.00221771841565526,0.00864043689632844,-1.7141473962945
"ZNF614",-0.679186661265208,3.53268888379889,-3.33957670520854,0.0022232596951885,0.00865712412718985,-1.77489166242494
"CNTF",-0.710385365841021,1.48389839133598,-3.33933855017709,0.00222465146817955,0.00866009302789783,-1.5221057573697
"WDR78",-0.642215801317984,4.0844372980521,-3.33889894314723,0.00222722272241738,0.00866765041945295,-1.82214664360358
"TFB2M",-0.778336063976938,1.14985885361292,-3.33583708995117,0.00224521084886502,0.00872531671596485,-1.49346275000329
"KCNK4",0.95829672963735,1.9495250003309,3.33498300095353,0.00225025340418273,0.008739976600327,-1.55629619122791
"NEU4",1.18012963672606,2.7663172678602,3.33445043060367,0.00225340321576669,0.00874974087250716,-1.65253916478341
"TMEM109",0.62825266823153,4.34333488476976,3.33424818389116,0.00225460048492741,0.00875192024628664,-1.83480685399138
"SKIL",-0.744643930027997,5.12765454964661,-3.3335687043782,0.00225862737702277,0.00876507933875078,-1.88573552810179
"SELENBP1",0.605997649368429,4.61619539855924,3.33135024704338,0.00227182310265423,0.00881131840913892,-1.85842857454815
"IL6ST",-0.583605785508858,7.66466056365412,-3.33111100055226,0.00227325059512599,0.00881207000775656,-1.84243837010924
"ZCCHC9",-0.861474637209695,1.88136815566187,-3.33106919540462,0.00227350011892808,0.00881207000775656,-1.59321096186404
"SOX12",0.636890255742116,4.86971058364704,3.33067668244102,0.00227584420834706,0.00881207000775656,-1.87210146945042
"ZNF449",-0.691153982164457,3.08469860733733,-3.33061549158322,0.00227620984964552,0.00881207000775656,-1.74958500929723
"GUCD1",0.74847415124076,3.76985242407158,3.33057733516247,0.00227643787899758,0.00881207000775656,-1.79521691669874
"MTX3",-0.760592643290143,5.22301989540891,-3.3279259327391,0.00229233698692183,0.00886852583405895,-1.90188873265965
"ADAM32",-0.767116396864375,2.92627390110329,-3.32734882342441,0.00229581172866634,0.00887924519997317,-1.7393299627409
"FAM69A",-0.918570422391096,4.09483639765307,-3.32724549585493,0.00229643439188318,0.00887924519997317,-1.85252272106596
"ADAMTSL5",1.20923695804048,0.817929762181677,3.32627481795528,0.00230229172998214,0.00889689314694866,-1.46161535412543
"NDUFB9",0.586811287268558,3.57421362621588,3.32452352465341,0.002312895845207,0.00893285425930214,-1.79501442553993
"BTF3L4",-1.10339191047837,3.66016561806054,-3.32438802575933,0.00231371824642752,0.00893352322926182,-1.82467819778563
"ZNF783",0.611932573144516,4.87772098922172,3.32427022487213,0.00231443345909011,0.00893377807308248,-1.88835751194155
"CDKN2D",0.87670133561287,4.18347378054635,3.32405443480356,0.0023157441511563,0.00893633069659614,-1.84248295912761
"SLC35C1",0.586372850009837,3.57161074279284,3.32179578112593,0.00232950589866553,0.00897343926181134,-1.80140020131368
"CDC14C",-0.787228065861106,1.84609992272405,-3.32172719058459,0.00232992504050955,0.00897343926181134,-1.61023704436153
"RPS16",0.584719193025734,5.67867336533651,3.32048903488469,0.00233750360828554,0.00899256000939818,-1.9172401267651
"GRIN1",1.03867756355307,8.05862741688422,3.31912150978072,0.00234590154497446,0.00902006711376897,-1.85668902172551
"IRX1",1.17978005968894,1.12848076104255,3.3190906674542,0.00234609128067344,0.00902006711376897,-1.5005447208167
"MURC",-0.671747278725813,2.13272069430444,-3.31878287849207,0.00234798554323002,0.00902006711376897,-1.6551288747789
"CYP2R1",-0.640568590254876,2.24178354604732,-3.31863687821478,0.00234888460386639,0.00902006711376897,-1.67098153487314
"UCHL5",-0.66658538508914,4.5068606943888,-3.31804160084715,0.00235255370850116,0.00903026264510025,-1.89980133847363
"ADCYAP1R1",0.695418533994654,6.57642891996692,3.31765839040032,0.00235491861036102,0.00903681957534245,-1.91350028789076
"SLC35E3",-0.777076371691117,4.94824763779283,-3.31647692866837,0.00236222413029893,0.00906232680709327,-1.92271415070072
"C9orf64",-0.580293824990611,2.21871142625867,-3.31624939218902,0.0023636335901521,0.00906520675420375,-1.67325415447141
"KIRREL3",0.755644897883022,5.27012321294341,3.31468129335067,0.00237336906181425,0.00908987800156577,-1.92217496511246
"MRPL53",0.741188500360188,1.68463181422205,3.31426678959896,0.0023759489178669,0.00909377805602848,-1.58139206731176
"HAGHL",0.749277396677639,3.18579415580202,3.31419919525469,0.00237636987787794,0.00909377805602848,-1.77087609805316
"FTL",0.907579725640721,9.50142535164248,3.31294892498776,0.00238416916289546,0.00911463572331504,-1.80100501312938
"RASGRP4",1.05096996120993,0.949076659492834,3.31022848688759,0.00240122448885611,0.00916595012237142,-1.51035920668857
"RP11-437B10.1",-0.633021865722355,4.523419571303,-3.30992513758164,0.00240313352971815,0.00917069342830046,-1.92043234680862
"HIBCH",-0.796421652778731,5.02287076402806,-3.30881618043424,0.00241012483872981,0.00919227491844814,-1.94397110825142
"KRCC1",-0.636631247614684,2.76535505026161,-3.30746040667883,0.00241869871190897,0.00921972027869471,-1.76677319994737
"USP14",-0.632984202890958,5.3920748939223,-3.30614902991276,0.00242701967539325,0.00924646117195085,-1.95848949228512
"SPIN1",-1.09804620724417,5.14701564500436,-3.30440441037566,0.0024381322654282,0.00928010567875423,-1.95737590931043
"SYNGR1",0.718057406752414,8.82750097527397,3.30384976224332,0.0024416753927992,0.0092843036972395,-1.85950885408225
"FGD3",0.796003155182661,2.52917007727421,3.30294301740016,0.00244747838361372,0.00930014574863633,-1.71089852924244
"PDE5A",-0.657133752269914,2.82349132675188,-3.30292124941717,0.00244761785706957,0.00930014574863633,-1.78553092445344
"SASS6",-0.702931607827645,2.45142701339148,-3.30288202649233,0.00244786918839916,0.00930014574863633,-1.73734872543093
"SLC15A3",0.856393158804353,3.53364393272558,3.30153859701264,0.00245649254097974,0.00932775768665072,-1.83905537276683
"ARL6",-1.03649564483573,3.14479376001012,-3.30142231503456,0.00245724031414211,0.00932802316218194,-1.82857470100138
"ZNF319",0.631871864643616,4.05104129679527,3.29966212533584,0.00246858626531035,0.00935818611485835,-1.89793605164677
"PXMP2",0.648980741666072,2.41254928533071,3.29695421578447,0.00248613932766385,0.00941176431581355,-1.71665505343799
"FBXO44",0.883279472368548,5.54260000932779,3.29438323267604,0.00250291561771123,0.00946485897645622,-1.97579243173979
"RLIM",-0.681166963115562,6.55072521289799,-3.29298397782628,0.00251209169085211,0.0094907334802397,-1.97907750383611
"RGS22",-0.893226649711416,2.93462096176778,-3.29282389137738,0.00251314356578512,0.0094907334802397,-1.82478927505344
"LIFR",-0.727848730958199,8.01741274050492,-3.29271268290086,0.00251387452853421,0.0094907334802397,-1.92116359278209
"ISG15",1.37756349466411,2.21815464119174,3.29270940919586,0.00251389604937677,0.0094907334802397,-1.67955788843574
"SLC35D2",-0.841489822421406,3.48457817698045,-3.29213492079491,0.00251767538815457,0.00949921504022905,-1.88674033952381
"FGFRL1",0.896111040330614,6.28175779561334,3.29205318553866,0.00251821353584446,0.00949921504022905,-1.98070434679343
"AP2S1",0.720896435351699,3.26605982453613,3.2872030207583,0.00255034552050396,0.00961185225382652,-1.8496443904617
"SNCG",1.03219455531638,4.60855774447595,3.2839646938495,0.00257201778022129,0.00967565245315067,-1.9654372454256
"ICK",-0.671670606254566,4.77473963093424,-3.2818530783199,0.00258624464197708,0.00972385587930234,-2.00123506941418
"MRPL15",-0.610292843600288,2.52081311928321,-3.28167162517391,0.00258747068530473,0.00972468562991999,-1.79761116940947
"ACTR6",-0.723201160879317,3.20544287639458,-3.28088095256638,0.0025928196149611,0.00974059260755658,-1.88494260608516
"PTMS",0.678148945222244,4.69606244898546,3.28047690620771,0.00259555709644087,0.00974066852171389,-1.9865617209842
"NFIX",0.606894380701691,8.34127514220144,3.27673849330264,0.0026210172795031,0.00982774353766815,-1.94852941528735
"C16orf52",-0.590381442361982,4.32018064873168,-3.27520954755399,0.00263149890505541,0.0098616711417395,-1.99416037778532
"ZNF24",-1.05012445092449,6.28726755645748,-3.27434528230365,0.00263744160948954,0.0098812507454902,-2.03054383070819
"MIEF2",1.02351694299475,3.44476511081119,3.27422336135598,0.00263828097524292,0.00988170508990687,-1.89090687007981
"FAM19A5",0.627749851554165,6.75775437075118,3.27171095651649,0.00265563477447281,0.00993773808166679,-2.02206654723165
"ITGAM",0.77498400205635,3.8422478944715,3.27159662468249,0.00265642709043725,0.00993773808166679,-1.94236523561931
"RPL13",0.62157371119516,6.89382646384681,3.27149047186683,0.00265716292895785,0.00993773808166679,-2.01846089671912
"UQCC3",0.669923559347756,1.63547816231109,3.2714392966777,0.00265751773900882,0.00993773808166679,-1.67823550904125
"C19orf54",0.888992910066938,2.34940980525094,3.27142035556143,0.00265764907389823,0.00993773808166679,-1.76269665007511
"KLC2",0.592195807634697,6.42078841161181,3.2713576360649,0.00265808400599887,0.00993773808166679,-2.03146353123056
"OGFRL1",-0.648168511885511,8.76666980465918,-3.27132704150261,0.0026582961905832,0.00993773808166679,-1.94040872250546
"DNA2",-0.648652473430172,3.10832145401841,-3.27087085450392,0.00266146194272229,0.00994463372587876,-1.89741075224166
"ATP2A3",0.945281841512189,2.24556282626097,3.26992240250391,0.00266805538674001,0.0099660993965606,-1.75328225293175
"ZNF248",-0.675539473268377,5.21310676285816,-3.26766285249885,0.00268382646568569,0.0100178768202145,-2.04993243539915
"OPA1",-0.597771904807456,6.16353461487317,-3.26585555303784,0.00269650523771171,0.0100532670214443,-2.05517147601616
"HINT3",-0.584673611079384,5.74010912346046,-3.26453087587852,0.00270583470411269,0.0100825863426198,-2.06248667688305
"SLC1A6",1.08591025811501,3.41958676890864,3.26425225503629,0.00270780091546166,0.0100871814828554,-1.91152659048749
"TCEAL7",-0.671506876552084,3.58931909060231,-3.2614028187963,0.00272798799615195,0.0101541365472131,-1.97138806998611
"UBE2S",0.816078742425712,2.05371762827147,3.25983740626567,0.00273913960122795,0.010192072189031,-1.75306250757462
"QTRT1",0.581599650114918,4.56379380233559,3.25976436411178,0.00273966100045242,0.010192072189031,-2.03141834361196
"RP11-977G19.10",1.60562253791242,0.691666091069745,3.25946984736915,0.0027417643241268,0.0101966801106332,-1.60132167080819
"ACADS",0.760498209550062,3.12186347129423,3.25938345584744,0.00274238159214109,0.0101966801106332,-1.89732062081136
"ADRB1",0.950759583125863,2.93785738016864,3.25733174402618,0.00275708028349637,0.0102383397640502,-1.87266285627392
"RELB",0.674819254043951,2.20384762345623,3.25730032633455,0.00275730594910037,0.0102383397640502,-1.7835193561931
"KCNT1",1.07898222816943,5.82285481669933,3.25701666198461,0.00275934424226901,0.0102431443533488,-2.06633477191196
"PRADC1",0.645353501356022,3.33820624462783,3.25584739299052,0.00276776137065414,0.0102633156080764,-1.9358060131237
"TRAM1",-0.66293920489506,5.15944355760643,-3.25449859010277,0.00277750145344485,0.0102964418699829,-2.08088482997667
"ZFHX2",0.590497292587149,5.84588949942287,3.25435218190362,0.00277856068164485,0.0102964418699829,-2.07996485986006
"ADAMTSL2",0.758957399245676,3.65695760313535,3.25429984761196,0.00277893940157812,0.0102964418699829,-1.96958936167102
"ABCA7",0.762485826893991,4.62779846494444,3.25214085908345,0.00279460621391984,0.0103517028559222,-2.04980363654631
"ASPDH",0.773542449348161,2.76598013502667,3.25165518180488,0.00279814219661968,0.0103620115090644,-1.87230261804581
"MT1F",1.34862804052235,4.11859126133781,3.25111747729052,0.00280206196388386,0.0103709453160317,-2.00256920130213
"ARSE",0.806377421561445,1.0767079532301,3.25065782253089,0.0028054169325328,0.0103805706933541,-1.66348040884907
"SCX",1.21049163287982,1.01083395038952,3.24907471840207,0.00281700130592169,0.0104151302541842,-1.65545672377207
"TMEM151B",0.826862864800445,7.91583258394097,3.246784017641,0.00283384467051023,0.0104632510090935,-2.03996819786016
"CA11",0.68355287801702,6.62008629725873,3.2461416974738,0.00283858489555357,0.0104779417241719,-2.08785991799035
"SUGT1",-0.845077318132136,6.73906826885191,-3.24553786640576,0.00284304800147899,0.0104916019169623,-2.08865836820165
"DIRAS1",0.983260717200018,5.49110719778398,3.24537269251346,0.00284427002401594,0.0104929506423701,-2.09331867134195
"PLCB3",0.661158821928535,4.50783826034883,3.24455895027731,0.00285029776238359,0.0105070847865418,-2.06439478507748
"GOLGA7B",0.862919780254926,5.35780875081052,3.24324366068947,0.00286006655383742,0.0105374500260661,-2.09840045312786
"RGPD6",-0.646980937529811,3.66795584668292,-3.24308687708744,0.0028612331383304,0.0105389264498299,-2.0229532012848
"ZNF808",-0.69807897003411,4.95511251535825,-3.24205115387876,0.00286895113124046,0.0105617005128411,-2.10540625874773
"CLDN9",1.18847994297402,1.13086477832744,3.24145915412288,0.00287337153986435,0.0105751446269252,-1.68166469704211
"STRA13",0.71486043558656,2.38849791889182,3.24055270528574,0.00288015255206316,0.0105944344477255,-1.84749226511771
"RAB31",-0.676163266273391,5.380797925807,-3.23967449200024,0.00288673695148892,0.0106158169934364,-2.12133456127099
"RABL3",-0.608964347771356,3.50033491327368,-3.23926652343996,0.00288980059435546,0.0106242441835227,-2.01647132391716
"PVRL2",0.682501274113883,4.06767436999376,3.23890821862717,0.00289249385455067,0.0106309122881736,-2.04617798821497
"SPTBN2",0.771690901864244,8.00447469422427,3.23830883561643,0.00289700459458891,0.0106421997400262,-2.05684931913729
"C1QTNF3",-0.600734925210005,2.94680235623622,-3.23770774163091,0.00290153497439854,0.0106559975400849,-1.95786777573042
"C14orf28",-0.719960808265953,1.34644460383358,-3.23738322578519,0.00290398363371441,0.0106621448195155,-1.74702172405634
"BOLA1",0.796118630472379,1.1637446934343,3.2350957404752,0.00292130024077254,0.0107171454580834,-1.7099355609285
"GYPC",0.767839598585746,2.02712338355116,3.23361912692883,0.00293253088307013,0.0107554790730085,-1.81476003077072
"FBXO4",-0.68442633855286,1.3010604167904,-3.23330905567838,0.0029348944292595,0.0107612795739515,-1.75126319660126
"IMPG2",-0.809169538431642,1.43239117606526,-3.23292216075549,0.00293784612817458,0.0107668199481783,-1.76863921286977
"CCDC92",0.670782246273365,6.16317478230146,3.23267915025588,0.00293970155676293,0.0107702963585236,-2.12965850999431
"HMG20B",0.70535189803884,3.64608375589917,3.23032452555718,0.00295773772170486,0.0108206696823987,-2.02748688419912
"CBX3",-0.684856229954451,3.84856807548968,-3.23026843083331,0.00295816869015216,0.0108206696823987,-2.06992509946148
"FBXW4",0.72379946808099,6.72102213954444,3.22971366137472,0.00296243414945315,0.0108276378036188,-2.12501156415861
"B4GALT2",0.700799615530544,5.68559502809353,3.22891246492214,0.00296860470483051,0.0108473099689784,-2.14064218293056
"AHRR",1.04320478160331,2.51038662272345,3.22759067099149,0.00297881163005311,0.0108817167085641,-1.8868076488646
"MAPRE3",0.591685499271803,6.06172962369396,3.22745068117154,0.00297989459974994,0.010882783860711,-2.1441725422805
"RBM3",-0.605037367885486,4.32104493164718,-3.22679240749646,0.00298499209848028,0.0108985078979005,-2.1123411086971
"ZNF696",-1.126187893844,2.51415402295175,-3.22660102584735,0.00298647567290398,0.0108994885145924,-1.9308338427973
"ACTB",0.586358530818772,9.40827577476824,3.22655342342797,0.00298684479242263,0.0108994885145924,-2.01753747031163
"IL34",0.779466019604727,4.16179783724982,3.22588358932924,0.00299204346373969,0.0109126716418028,-2.0837595525072
"CPD",-0.613613101452334,6.49251145200994,-3.22549103375594,0.00299509416284405,0.0109209037559345,-2.1459824212684
"PFDN2",0.776439573418967,2.41466648430801,3.22527774705468,0.0029967529429516,0.0109240575491277,-1.88675462603926
"MT1M",0.950900727124939,4.00014543641412,3.22478553870021,0.00300058431748041,0.0109351273286144,-2.0679720982924
"BRINP1",0.581350773398181,6.38560798046425,3.22365724954377,0.00300938467297637,0.0109555932499545,-2.14884631114071
"OXLD1",0.585857176687413,2.62404276166092,3.22326480614707,0.00301245141234108,0.0109638571502845,-1.92544014423423
"SSNA1",0.756658199134727,3.10186414603805,3.22299410495726,0.00301456854276692,0.0109686614799089,-1.98240326953285
"RAP1GAP",0.84879915205376,6.82992075113425,3.22216713675069,0.00302104501083961,0.0109864165946522,-2.1392208264864
"IVNS1ABP",-0.709694294092831,5.66210753148604,-3.22024955909115,0.00303611394139547,0.0110324717781658,-2.1706772552367
"ZNF226",-0.621274047655857,5.14080809789943,-3.21995611537688,0.00303842624985031,0.011037957662141,-2.16461823836359
"PDE8A",-0.690782577323403,6.28894245674323,-3.21958383927932,0.00304136217469606,0.011045707280547,-2.16545770770321
"GRN",0.618884138804614,5.2219398029736,3.21925533891513,0.00304395511984213,0.0110522074944981,-2.157171840274
"C7orf60",-0.76607837202278,3.49408168674576,-3.2181781510495,0.00305247251105822,0.0110802095026832,-2.06760267703611
"KCNK12",0.793639672966298,4.12714333975432,3.21659244550009,0.00306505228114264,0.0111229389348112,-2.10199859625693
"ACHE",0.913188501513695,3.86507535432456,3.21631926758044,0.00306722446690624,0.0111249541088816,-2.07812647082083
"MADCAM1",1.48136684806314,0.412143067460174,3.2118315033866,0.00310312060957903,0.0112462582850717,-1.6980607770745
"NKD2",1.07534375136398,3.27044709369111,3.21122022779324,0.00310804098337664,0.0112611247952201,-2.02024164848907
"SLC5A3",-1.07375860177877,6.59182654300218,-3.21046952506076,0.00311409386488049,0.011280085726407,-2.17807162717661
"CHST5",1.32146138527065,2.05846413863323,3.21013663130016,0.00311678157853429,0.0112868503426869,-1.83898368534443
"CD109",-0.738322054401276,4.43833520914531,-3.20934015908802,0.00312322113301407,0.0113071944255214,-2.16213723101253
"PCYOX1",-0.700534360485502,5.65291733434428,-3.20921434983916,0.00312423947583901,0.0113078216778638,-2.19750601594597
"ALDH1L1",0.621238847427533,6.19349480851948,3.20804974254499,0.00313368128981127,0.0113271836693178,-2.18973059772509
"MDGA1",0.769739062121992,5.94656423699611,3.20789299782311,0.00313495414691408,0.0113288088276483,-2.19082382065229
"TDRD6",-0.771395019178326,2.79236965771134,-3.2053487796519,0.00315568392845142,0.0113887664671964,-2.01756862106735
"KIF21B",0.685206274157647,7.58644324587877,3.2041875658808,0.00316518876947227,0.0114170806439601,-2.15701240154027
"PRDM8",0.767436130808015,5.47621119778971,3.20329481136478,0.00317251480612719,0.0114405074022841,-2.19902099433484
"BSN",0.735198894170037,9.85388554804088,3.20047819404084,0.00319573467088112,0.0115151884802292,-2.05326002328397
"ACADL",-0.866063825267264,1.63100251577569,-3.20022299051791,0.00319784654772241,0.0115160381113015,-1.8712909395853
"R3HCC1",0.646965667770749,4.04374431338837,3.20005988166651,0.00319919701551995,0.0115160381113015,-2.13921161538595
"TEX9",-0.742671734563294,2.46311767379947,-3.19991242487859,0.00320041836050424,0.0115169866785823,-1.98685230965067
"GPR176",0.671307271287718,4.38453287532082,3.19794688703707,0.00321674101146397,0.0115696740874949,-2.1696552145132
"NDUFA5",-0.803397506739706,4.14919557383622,-3.196498047536,0.00322882369812097,0.0116100974418194,-2.17529170710403
"C4orf22",-0.955760142017992,1.32883250958003,-3.19553528772152,0.0032368766709887,0.0116257209535434,-1.84339266794805
"PALM3",1.06186260599164,1.45594040773005,3.19301777852305,0.00325802512298957,0.0116876130650312,-1.82744093514026
"LIN9",-0.656929178249676,0.840144353320984,-3.19238687837184,0.00326334568593442,0.0117036486797351,-1.79622044507982
"KIF5B",-0.629066699265443,8.3439815770244,-3.1918022323949,0.00326828358606455,0.0117183039155378,-2.15237625569949
"SHTN1",-0.663932802260528,8.47716052638183,-3.19043776764425,0.00327983560202211,0.0117566599946408,-2.1495453031671
"C7orf50",0.675158090291971,5.42191930233349,3.1886720383633,0.00329484278416142,0.011804303971061,-2.23542415254027
"GCNT4",-0.954962534680222,1.30939573089899,-3.18696529005695,0.00330941102466975,0.0118503265965341,-1.86152235962189
"TMA16",-0.707975122272703,1.43459520417525,-3.1858508931319,0.00331895633868708,0.0118698262209713,-1.87853513999282
"MPHOSPH6",-0.753355004967199,2.62735962803223,-3.18492399332903,0.0033269156871918,0.0118851730974679,-2.04547538771511
"IKZF2",-0.761496069919964,4.90109277141493,-3.18318215557138,0.00334192231991341,0.0119233064672876,-2.24656307170278
"TFPI",-0.857749049439099,2.03015661142943,-3.18267868724079,0.00334627193478238,0.011929546138482,-1.96781806915738
"TMEM165",-0.874987470984767,6.13238224288975,-3.18079048173975,0.0033626329346245,0.011973707364877,-2.26215744580122
"ZNF219",0.980004245208063,5.55847222899341,3.18003200696912,0.00336922648564562,0.0119927381451033,-2.25361796859537
"FASTKD3",-0.82834962324442,1.44168032485216,-3.17983026299754,0.00337098235866951,0.0119958852437681,-1.89402744206237
"RANBP6",-0.667555752692316,4.13908787538508,-3.1793505393058,0.00337516113135868,0.0120076505503172,-2.2155208962118
"ANAPC11",0.610065688261496,3.03232435619041,3.17723680845334,0.00339363239804308,0.0120671254339718,-2.08881581186262
"APOBR",0.916407736712335,1.88635863581486,3.17684808220877,0.0033970398550107,0.01207612127223,-1.92322419689324
"SCOC",-0.867218896182934,5.06366253358093,-3.17603872984291,0.00340414488050801,0.0120951297961969,-2.2690593040702
"DVL1",0.749857323236922,6.5207667024337,3.17501975922215,0.00341311025506408,0.0121175980959589,-2.26254500904299
"LLGL1",0.582414228493088,7.22499924548816,3.17452704578569,0.00341745345903704,0.0121298883285552,-2.24277255966248
"TBPL1",-0.820797180392273,3.4770077660547,-3.17315539348477,0.00342957220801628,0.0121666262321506,-2.17458891304044
"CBX6",0.633644894083369,8.89615930284484,3.17277189255248,0.00343296782878542,0.0121723963648328,-2.1740997146932
"ARL6IP5",-0.817263368305709,5.16073196254253,-3.17218934364292,0.00343813201682849,0.012183173256056,-2.28094313444492
"KHDRBS2",0.936702649468167,2.92669818262656,3.17214153579821,0.00343855615370182,0.012183173256056,-2.07116922835714
"SEZ6L2",0.81469542645004,5.72888076894936,3.17164568190916,0.00344295816815439,0.012195250283648,-2.27725446821304
"ZNF843",0.684543836297675,2.18629368228921,3.17095742495038,0.00344907718727888,0.0122137805388947,-1.98763439644794
"LMBRD1",-0.628736589701746,4.82435665519571,-3.17007029602244,0.0034569796167274,0.0122323210351725,-2.27509563125125
"GCNT1",-0.734327568786045,1.78568180127296,-3.16994691031073,0.00345808008907338,0.0122330694359226,-1.96260258004074
"ZNF780B",-1.02310797972605,5.24713194609591,-3.16909009396489,0.00346573123142971,0.0122569847020571,-2.28979428183482
"PVRL1",0.702463795075093,7.50818806139042,3.16846850374106,0.00347129197974741,0.0122703439335484,-2.24636434322472
"TRIM46",0.790712732662125,3.98300440707037,3.16822171431503,0.00347350212028543,0.0122718517784975,-2.20709808253149
"CDH19",-0.99606224099679,4.18071739876669,-3.16699444031877,0.00348451302776699,0.0123044351488585,-2.24883947316565
"PTPN18",0.649476438126457,4.6351869094768,3.16649494110311,0.00348900398938814,0.012317132862486,-2.26030451348193
"MFAP3",-0.636971365214791,3.62175869962375,-3.16606393441777,0.00349288358000927,0.0123276663104662,-2.2049548275364
"CLEC2B",-1.35329544239309,1.40593274250819,-3.16592481138259,0.00349413673747171,0.0123289270882944,-1.92297768320407
"CFAP206",-0.978337981794139,1.41405235334405,-3.16559791892673,0.00349708292626899,0.0123329979877979,-1.92401161360093
"TOLLIP",0.691382047491257,7.45824037423959,3.16531665635233,0.00349961976372077,0.012338782364479,-2.25589677816463
"GRIN2C",0.903985142993647,5.75785193829322,3.16481171089457,0.0035041785090941,0.0123514600528173,-2.29340434162211
"SLC45A4",0.589798328095193,6.11920981687087,3.16471960760404,0.00350501064648291,0.0123514600528173,-2.29599202303878
"SLC44A1",-0.905864015240901,8.02929749080768,-3.1639846704386,0.00351165743835418,0.0123653833186264,-2.23234651191846
"INF2",0.592501063700724,7.61359078504327,3.1635017318397,0.00351603169712012,0.0123776188754336,-2.25417227661875
"ITGA1",-0.735400347227461,4.39176531155418,-3.16256696282267,0.00352451322966964,0.0123979617979253,-2.27243824832942
"NSRP1",-0.626841887469483,4.26353065452288,-3.16134686723461,0.00353561302594061,0.0124274765900303,-2.26703042358197
"METRNL",0.706151920189425,3.06288490451188,3.16043689286915,0.00354391321272993,0.012452461328787,-2.1288302073076
"ALDH4A1",1.02840827673355,5.5696361318034,3.15866483429986,0.00356013016191362,0.0124913185002788,-2.30465709594945
"TMEM128",-0.597312686904209,2.21005692205401,-3.15622686089704,0.00358255698543597,0.0125603991532699,-2.05461074458866
"PTP4A2",-0.659365180312141,7.83546990463522,-3.1536652178092,0.00360626665115893,0.0126338684792765,-2.26656057740143
"AQP1",0.766322642394152,8.98900568909635,3.15336554465313,0.00360905008173891,0.0126404016734052,-2.21558901299756
"UBB",0.587642553072015,6.14157237152969,3.15302349370254,0.00361222963162822,0.0126483185650982,-2.3235973870322
"GGT1",0.676086481936901,2.90719865078735,3.15150420736195,0.00362638455132967,0.0126946522032174,-2.13332488708666
"ELOVL6",-0.787570121068253,4.31998764414322,-3.14904573950586,0.00364940181307918,0.0127654850914546,-2.30087422735177
"ZNF607",-0.915292828123329,3.49529845649704,-3.14722801812078,0.00366650966534661,0.0128220684891575,-2.2386352678159
"COPS8",-0.734366124784307,4.1415498102235,-3.14510085119205,0.00368662706809209,0.0128858712430824,-2.29838469699095
"ADSS",-0.658803655172975,4.32853984736729,-3.14452649965612,0.00369207694657035,0.0129016431848031,-2.31159127174564
"GNPDA2",-0.62468208230303,3.65698791193052,-3.14371672274597,0.00369977377255712,0.0129131942835012,-2.26164916540252
"ZMYND15",1.12444596959387,1.04195562853358,3.14186063770509,0.00371747339855228,0.0129706266322206,-1.9047977159725
"EXOSC8",-0.597276727942079,2.34056290298728,-3.14068691294153,0.00372870768190856,0.013006526339859,-2.10932826253108
"SMPD3",0.794441654782577,6.43593762365129,3.14023785529902,0.00373301438466966,0.0130182490997058,-2.34756756342374
"MXD4",0.688083666525443,6.61065525563134,3.13888717363597,0.00374599675092984,0.0130602131465785,-2.34782385817177
"CASP4",-0.735881672594358,2.51138921078512,-3.13730228176805,0.00376128517321842,0.0131002392479521,-2.14141674607217
"HERC3",-0.597461343772674,5.59156094326556,-3.1356751354564,0.00377704307718644,0.0131484669327505,-2.37494699449545
"HACD3",-0.662600417819209,5.12531048827766,-3.1350889109913,0.00378273570507468,0.013161624788251,-2.36938914237185
"RPP25",0.601423841527442,2.54970506586176,3.13492501705384,0.003784328686231,0.0131630646848876,-2.12706878690469
"FAM117A",0.749778671091289,2.89262221935704,3.13279454113738,0.00380509430442434,0.0132193644845199,-2.17359067737286
"GADD45G",1.150733255328,1.44548979802253,3.13094446523914,0.00382321495471201,0.0132689182829236,-1.96832396187933
"SLC25A17",-0.614358897812075,2.54307975266838,-3.12710035679216,0.00386112959246252,0.0133904053577748,-2.16987191187591
"MTBP",-0.772616994581349,1.77016032808904,-3.12653753478214,0.00386671071773174,0.0134063507651062,-2.06200502159897
"POLG2",-0.767816696371672,2.13925013734855,-3.12389512219659,0.00389301666993309,0.0134872641466914,-2.12141791477237
"NDUFAF5",-0.93896522150999,2.90213885210973,-3.12379983141775,0.00389396849464464,0.0134872641466914,-2.22696912090995
"FAM189A1",0.77576394274703,5.88842657760828,3.122846434776,0.00390350384057408,0.0135134883899723,-2.39623819900042
"SHC4",-0.851291471513657,3.64029117853195,-3.12202509613048,0.00391173625059776,0.0135351779090962,-2.31259643647332
"ESCO1",-0.581974278667879,4.7743982326701,-3.12022462547063,0.00392984057359074,0.0135909867135416,-2.39268202580382
"PRKAA2",-0.685957438209316,4.37571144308879,-3.12007290916569,0.00393136977219628,0.0135928591545711,-2.3733804469816
"ZMAT1",-0.831262349113842,5.64379207979891,-3.11990718371512,0.00393304082143222,0.0135952209856139,-2.41280958589636
"LILRA2",0.894611560025748,1.26334790736693,3.11902693551665,0.00394192792229177,0.0136190987041569,-1.98604725552076
"ITGB4",0.867787175652655,8.06215386886503,3.11782448731248,0.00395409891666299,0.0136527493257821,-2.34447462861637
"HSPBAP1",-0.599356690527814,3.56633959166497,-3.11777069810935,0.00395464419828264,0.0136527493257821,-2.3147367126375
"SLC2A4RG",0.873622224784996,3.48230786317765,3.11746037907158,0.00395779141941846,0.0136560786563107,-2.27505264353137
"TMEM187",0.800861220633555,1.27642103464915,3.11733342176897,0.00395907969386269,0.0136560786563107,-1.99090339079405
"ZNF613",-0.747475205443114,2.36441746560135,-3.11614888680173,0.00397111879665819,0.0136756361316054,-2.17107398536895
"CD93",-1.03494431805708,4.11107292570205,-3.11613977515272,0.00397121153854337,0.0136756361316054,-2.36584618931033
"ABCD1",0.587949990607669,3.25730901164932,3.11534251967447,0.00397933430550735,0.0136964421986625,-2.2644777768561
"SERPINB1",-0.670887851023756,3.11477678128792,-3.11525379446613,0.00398023925241271,0.0136964421986625,-2.27185844265407
"PRRT1",0.794974656633523,5.02543424552363,3.11491881492479,0.00398365762153197,0.0137037456169133,-2.39982092255451
"P2RX5",0.702117233696969,2.4310986702076,3.11485067294777,0.00398435333284427,0.0137037456169133,-2.15501783568429
"GPR37L1",1.02714330738452,7.59095788324242,3.11283628793943,0.00400497201698237,0.0137677791470633,-2.37589936859447
"RP11-20I23.1",0.685113686626934,4.98085293388255,3.11260720181779,0.00400732330402431,0.0137724215750946,-2.40476025269783
"DISP2",0.69337805061284,6.00776279194919,3.11141291353854,0.00401960251058046,0.0138042800469423,-2.42379205366391
"ECT2",-0.717485930552815,2.36939329294341,-3.11020720526857,0.00403203547615213,0.0138373927804267,-2.18640716733142
"DENND1C",0.757324338608163,1.58646654388013,3.1099920047758,0.00403425841846153,0.0138407953369357,-2.04464537575847
"BAZ1A",-0.59006741131103,4.72540777960547,-3.10900267994822,0.00404449280546999,0.0138724490269373,-2.41737476710569
"RASGEF1B",-0.732600956129913,4.29502976134919,-3.10675244452299,0.00406786323057974,0.0139387116324721,-2.40016183595244
"SELPLG",0.806082180470783,3.45277591049156,3.10545664339081,0.0040813794033107,0.013971109942527,-2.30283526185877
"TM4SF1",-1.22977386516795,3.26549478113216,-3.10534553817275,0.00408254030180087,0.0139716083295403,-2.31351498866355
"A1BG",0.61326204579955,1.39603390003378,3.10304461049306,0.00410665265557075,0.0140436498989337,-2.04152237378181
"E2F5",-0.589246176548339,1.66231059157013,-3.10241047189261,0.00411332184528657,0.0140629619659599,-2.10145728853808
"GULP1",-0.779335350749836,1.07465089361546,-3.10183286685175,0.00411940544716298,0.0140802628808768,-2.02811340388609
"PPAN",0.607982604159795,3.7465465285463,3.10044842521288,0.00413402190980985,0.0141056968759964,-2.35185427441029
"ABCG4",0.868130887227847,3.74996053230129,3.09952245779539,0.00414382549450364,0.0141286379162202,-2.34770608628625
"CAB39",-0.827325982288471,5.77017713106042,-3.09788111746465,0.00416125741610799,0.0141768315233416,-2.46530581345145
"XIAP",-0.824930915202294,3.73691772966508,-3.09771686825473,0.00416300566804602,0.0141768315233416,-2.37951758647698
"KIAA1522",0.604266370064351,5.41348660466306,3.09754444338177,0.00416484169301214,0.0141768315233416,-2.455237300364
"SMO",0.774820886164271,4.63868580599616,3.0969228557417,0.00417146691909992,0.014191237644928,-2.4253063149412
"ERMN",-0.991073714820252,7.63022539070013,-3.09479058686091,0.00419427012413186,0.0142406491927408,-2.4151647774322
"IQSEC2",0.712333882695262,7.13339498815634,3.09423486353277,0.00420023267607045,0.0142504639355202,-2.43812742016558
"PGAP1",-0.806438514404569,5.66838516990991,-3.09423161563634,0.00420026754759611,0.0142504639355202,-2.47426600329124
"DDT",0.606611489077571,2.37771750476406,3.09409157519358,0.00420177137480714,0.0142520522279322,-2.19898585957282
"PLGRKT",-0.743256081194868,0.761011037950599,-3.09292366346012,0.00421433298878268,0.0142833264286713,-2.01516370594545
"PABPC3",0.756281191773492,0.760565883868126,3.09137162463416,0.00423108143275248,0.0143338039379879,-2.00167798121898
"SREBF1",0.671705640230048,6.5043726447273,3.09086448335865,0.00423656783726012,0.0143488579888104,-2.46526848672025
"CSF1R",0.666016511546262,6.2688601318114,3.08993407282746,0.00424665089894444,0.0143759318623307,-2.47210319143361
"PSMA4",-0.617508525404081,3.59479127946158,-3.08718061055835,0.00427662470476746,0.0144596148801732,-2.39030548653449
"SLC30A1",-0.643699475913714,5.54759180848226,-3.08254467336607,0.0043275460480631,0.0146102456249746,-2.50180573592119
"ARMC3",-1.18624381908704,2.41131300377237,-3.08195390923835,0.00433407630271272,0.0146287034588251,-2.25930024551811
"ZFP41",0.614853715642677,5.24626483763893,3.08174074322414,0.00433643492121387,0.0146312973263353,-2.48909193003523
"SLC10A5",-0.7792489302112,1.14836846715748,-3.08107916137738,0.00434376290359588,0.0146506179697017,-2.08548964664571
"ACSL4",-0.816290745896853,5.44027107418075,-3.08044769182458,0.00435076833243182,0.0146669122370986,-2.50581453528232
"PITPNM3",0.849174229345264,5.4792214331219,3.08035554550481,0.00435179148783328,0.0146669122370986,-2.49304595953055
"RPL39",0.987256028473717,1.4807010051241,3.07875978967451,0.00436954644815916,0.0147179796192052,-2.09779270422433
"DLGAP4",0.700159376244201,7.0377713142896,3.07862111607146,0.00437109263013782,0.0147179796192052,-2.47870856089119
"NIPSNAP3A",-0.681825815468528,2.87864277187014,-3.07799584803841,0.00437807070321134,0.0147338300188044,-2.33164933967393
"C19orf71",1.20398445737062,0.819141451357319,3.07775503692229,0.00438076101120306,0.0147392792848815,-2.02901904666199
"FKBP10",0.583015770857522,4.20003768405498,3.07675256885293,0.00439197734603629,0.0147661862347436,-2.448305504358
"TFAP4",0.693696228691761,3.52469868169168,3.07621304362864,0.00439802524034373,0.0147792980054628,-2.3836293030693
"EXTL3",0.847805056175073,5.69361953003099,3.07380403177953,0.00442512618764603,0.0148449930444166,-2.51115912120768
"TESC",0.903594778817833,3.67535658759639,3.07198406063454,0.00444570573779405,0.0149031319507391,-2.40325015476817
"TPD52",-0.781522036056072,5.66930790694413,-3.07066199233081,0.00446071220702753,0.0149365461226801,-2.53040914743377
"LACTB",-0.642253205135488,2.338467492809,-3.07022322409228,0.00446570318959296,0.0149483195310116,-2.27488174134273
"WBSCR17",0.750716456530751,7.3939496402559,3.06953919510806,0.00447349459934075,0.0149671186923239,-2.48704094471937
"MYL3",0.941274264265985,2.26035598833078,3.06740407135131,0.00449789785373386,0.0150414513645763,-2.22963506397541
"FIZ1",0.627544869327979,4.15658645514173,3.06625049984788,0.00451113511529992,0.0150710682985293,-2.46802435202656
"TMEM184C",-0.602029816727106,3.99782054887593,-3.06551881175993,0.0045195504350097,0.0150918547770368,-2.47653932177487
"MFI2",0.805922024407737,2.16095278152226,3.06462675206989,0.00452983040986567,0.015122512438176,-2.22573213189368
"CXXC4",-0.606005090450405,3.2182461759301,-3.06440528589926,0.00453238599694519,0.0151273741702553,-2.403845341909
"CHRNB2",0.748279582456329,6.1353299972801,3.06425921322088,0.00453407233805832,0.0151293330368624,-2.5342995333278
"TCF7L1",0.723924465931318,3.08096437634597,3.06341735283752,0.00454380285089149,0.0151550444799425,-2.36067004264547
"CCNF",0.591633297448734,3.76005336336999,3.06263442209721,0.00455287004087382,0.0151685606757726,-2.44327848961853
"SYT3",0.775529970757586,4.35866846253544,3.06194099714427,0.00456091501123749,0.0151894364640946,-2.49021530739584
"BAALC",0.65969105902999,6.1991628734396,3.06083019070481,0.00457383051026435,0.0152250802253865,-2.54271950652829
"NEK8",0.974648132372946,0.671347556920545,3.0590720526573,0.00459434367564053,0.015265569140399,-2.06333347114738
"SLC46A3",-0.626079627028566,3.22334893693607,-3.0590271569153,0.00459486864177986,0.015265569140399,-2.41743886607336
"ABLIM3",0.699506186907092,5.5520542375539,3.05776590689148,0.00460963975467732,0.0152998679845911,-2.55059235085697
"RP11-2C24.9",0.599140387351246,4.76629129820496,3.05744503414173,0.00461340484363327,0.0153051378210209,-2.52838604800472
"SLC6A17",0.775841946196872,7.32028859755915,3.05744102489359,0.00461345190622736,0.0153051378210209,-2.51841868467389
"ZNF682",-0.794089280334024,2.56509106710003,-3.05507480972372,0.00464130745306879,0.0153753085849012,-2.34344036583938
"FCF1",-0.634801836323558,3.07346102380163,-3.05372486129768,0.00465727080625584,0.0154170564264822,-2.41258195643818
"PRKCD",0.794329098086733,3.6279884023029,3.05147249772582,0.00468402151425598,0.015498153416128,-2.44786870050843
"ZBTB33",-0.633123758849336,4.56200348049994,-3.05021391404767,0.00469903285791075,0.0155328828147273,-2.54950790745356
"AMACR",-0.603782077823982,2.43176771262552,-3.04978063790144,0.00470421118012982,0.015542533025154,-2.335913931871
"SF3B6",-0.668826683480928,2.31173943491385,-3.04942565690829,0.00470845779213426,0.0155517955186421,-2.32045980768338
"SLC19A1",0.702177087021727,4.73991274547505,3.04817667522069,0.004723428226124,0.0155873131462092,-2.54818110343953
"COLCA2",0.802966583935948,1.6599273030064,3.04774399446989,0.00472862491905645,0.0156007210527777,-2.19603787273234
"SRRM2",0.746962573784132,9.92910146945872,3.04708216434254,0.00473658430493534,0.0156157490704876,-2.41254842818777
"THNSL1",-0.606249353762045,2.65382118575355,-3.04647562330473,0.00474388993649918,0.0156360884829138,-2.37489100074775
"SFR1",-1.05912721613767,1.23534931104941,-3.04629709962504,0.00474604224572005,0.0156394366243663,-2.17538240167102
"AGRN",0.651101614788713,6.55821660495156,3.04601935659864,0.00474939260227274,0.0156467300933386,-2.57059594570678
"RAB4B-EGLN2",1.36641871094609,2.91900369615085,3.04557617461084,0.00475474326563258,0.0156585254681513,-2.33903201483796
"POLR2B",-0.58073081015083,5.20053373329277,-3.04458862935484,0.00476668677662846,0.0156924346251637,-2.58676005114296
"CACNA1A",0.74241842100545,6.96782635579948,3.04156950102998,0.00480337743775291,0.0157943314028478,-2.5684841056667
"CDC42",-0.677366197733424,5.26396857162114,-3.04115019365564,0.00480849432210186,0.015807379447311,-2.59638236725328
"TMEM144",-1.1924804667764,7.11724623962363,-3.04007675061873,0.00482161733268392,0.0158425037741009,-2.56620226467061
"SEC62",-0.667588087008182,7.20268161623416,-3.03841894803291,0.00484195104455002,0.0158945821383714,-2.56823642851448
"KIAA1586",-1.1253153763263,3.47313045318183,-3.03722113236423,0.0048566934262152,0.0159239833781623,-2.49672160290229
"HIST2H2AC",0.656982781947696,4.6222859908656,3.03679529760108,0.00486194473924248,0.0159336083726401,-2.56906867636543
"FAM163B",0.928274839095462,3.1357869462479,3.03558321349356,0.00487692144415577,0.0159788847602446,-2.42764080763759
"NAF1",-0.618779686715442,3.74344012542343,-3.03433897446248,0.00489234099473873,0.0160091311265723,-2.52883693243663
"BRINP2",0.601062186481819,5.03545018127057,3.03432083005638,0.00489256619582114,0.0160091311265723,-2.59523675275971
"FAM227B",-0.809868405085424,1.37680333442222,-3.03282234977741,0.00491119872271733,0.0160567844198891,-2.22381856137192
"TPM2",0.788132730153101,4.37024879183769,3.03151568073856,0.00492750115253677,0.0160929196987117,-2.56242186980705
"CACNA1I",0.772745691825816,7.10460538590307,3.03122902362539,0.00493108444179477,0.0160988500601513,-2.58817064974545
"TFRC",-0.592469334352674,5.88906635124111,-3.03021361239734,0.0049437972496593,0.0161326995381934,-2.62542157082598
"MYBL1",-0.647352830047038,2.54586410920101,-3.02870981431064,0.00496268173462915,0.0161789773395479,-2.40112139586612
"OGT",-0.732020633574802,7.2607937835255,-3.02831352514083,0.00496766966041446,0.0161875685998019,-2.58941949452506
"ITPKA",0.957830115166435,2.94277755898938,3.02737985843008,0.00497944014180954,0.0162144050618649,-2.41763172722129
"LRRC20",0.642468077786581,4.6768113434101,3.02703222007358,0.00498382947940497,0.0162236429617619,-2.59589018736063
"STK33",-0.640698653313974,3.4492342230093,-3.02694335281878,0.00498495212053524,0.0162236429617619,-2.51757384230639
"FSIP1",-0.673345748985224,2.44375698740104,-3.02678185269965,0.00498699293134604,0.0162236429617619,-2.39103602597049
"PLTP",0.654833831132625,5.5778185595924,3.02564270133673,0.00500141044785804,0.0162628566098711,-2.62724420416034
"DHFRL1",-0.859777461069988,2.73232801243498,-3.02478489572468,0.00501229323674388,0.0162790605314563,-2.43742341018416
"PNMA6A",0.854544475282676,2.96343981620765,3.02478368127478,0.00501230866011047,0.0162790605314563,-2.42889207398354
"GLTSCR2",0.585659854307916,5.86065275294751,3.02437636760845,0.00501748403452397,0.0162920240205485,-2.63252184391778
"STX1B",1.05923546872806,7.0678832776476,3.02387518687663,0.00502385905022794,0.0163050293373082,-2.6051705748261
"TTLL7",-0.70539686167486,7.67819406487324,-3.02263893173855,0.00503961707176068,0.0163446077125851,-2.58454612489153
"ATCAY",0.866229696260355,6.62066024494475,3.02205683292342,0.00504705306206715,0.0163610122937823,-2.62357124566186
"TXNDC9",-0.591747160391405,2.68164036473916,-3.02165478364225,0.00505219509363026,0.0163738239951592,-2.435751926803
"GCH1",-1.09630785387164,1.38041378899833,-3.0208382752399,0.00506265316820693,0.0163999929961619,-2.25328331448833
"PPP1R2",-0.593643542435026,4.58452915049956,-3.02028557164817,0.00506974400359865,0.0164165064650769,-2.62110459810308
"PITPNM2",0.609733702056,6.5367817950336,3.01910629259085,0.00508490490248513,0.0164604508028929,-2.63487696850576
"RECQL4",0.757116512455673,3.04996173501719,3.01578772886201,0.00512779965888251,0.0165759105252248,-2.46445941924554
"SYCP2",-0.701282533787825,2.71364396248166,-3.01383641892524,0.00515318164587104,0.0166384168533157,-2.4590927473944
"MOB2",0.591773774008049,4.14208350803726,3.01360594892565,0.00515618737539304,0.0166442163905193,-2.5920811254836
"MT-CO2",1.77259748868442,12.9697550069899,3.01155363168515,0.00518302655663551,0.0167196504318077,-2.28726665295727
"MN1",0.611330383551876,3.48400191749365,3.01154032668388,0.0051832009840921,0.0167196504318077,-2.53386895654729
"SLC29A3",0.657985383625461,2.58888139124867,3.01016853435238,0.00520121496027746,0.0167698966889358,-2.41708477340624
"ITGA10",-0.752702923312838,3.09843541221043,-3.00926746752477,0.00521307978167923,0.0167983977179346,-2.51996129934611
"ZRANB2",-0.616449613208502,5.95558728134846,-3.0091057339679,0.00521521212633983,0.0167992823198882,-2.67455351793564
"PTGDS",0.580287287323321,8.70179005014645,3.0073593033794,0.00523829032254085,0.0168499563180189,-2.57576737420709
"CYSLTR2",-0.886507214377443,1.9262674372511,-3.00662169861337,0.00524806643972668,0.0168774578820002,-2.36299744144631
"CYP7B1",-0.691942135812109,3.67551195726296,-3.0065163253647,0.0052494644537301,0.0168780094270514,-2.58833896452871
"UBALD1",0.730066878452442,3.98379965757589,3.00471668089203,0.00527339535467944,0.0169430757589876,-2.59685097235384
"RP1-130H16.18",0.9965195979962,2.22975508413904,3.00309810554149,0.00529500674517013,0.0169926743983876,-2.37071657480321
"TRIM47",0.629124595851756,4.44640931518356,3.00217217901853,0.00530740752391109,0.0170205627910838,-2.63946289338997
"PLCD3",0.952416503651949,6.84383110627232,3.0019064334543,0.0053109716888597,0.0170280245597387,-2.66458113704103
"MAN2A1",-0.826402268224693,8.35819169751703,-3.00065188629035,0.00532782825210505,0.0170780909800181,-2.60487960750408
"COQ2",-0.707963549403996,1.62946870539469,-2.99941051118301,0.00534455771566384,0.0171157688446009,-2.33457170529567
"ELAC1",-0.633547943202585,1.83216769295082,-2.99861767131166,0.00535526849791833,0.0171420911374399,-2.36570688523539
"LCN12",1.06088245965617,2.71913386867767,2.99632131136011,0.00538640577560378,0.0172311740242322,-2.45266534664221
"ATP8A1",-0.66951597143409,8.31402329336624,-2.99582109654606,0.00539321110091945,0.0172474966209046,-2.61886354469763
"HDAC11",0.61019066741254,6.00289833995492,2.99469908045076,0.00540850554559504,0.0172843578292925,-2.70121934413239
"ZNF836",-0.798648871845906,2.98405898084782,-2.99316400102903,0.00542949710752285,0.0173319436466694,-2.54348056406676
"PCGF1",0.616852130021688,1.82237196626305,2.99278250792738,0.00543472582261947,0.0173401383886012,-2.35308611354333
"CD68",0.896509674962354,2.67144026945595,2.99227551347849,0.00544168203000869,0.0173460705153925,-2.46525796744218
"ENO3",0.788519559997265,1.44636595343502,2.99084650950213,0.00546133405661123,0.017392598461705,-2.30094696333985
"NCDN",0.760000526623792,8.98593442984098,2.98992749474629,0.00547400807163874,0.0174248959226973,-2.60152222722164
"ARHGEF18",0.86077235222148,5.51111018038191,2.98964952804754,0.00547784695763687,0.0174301407694239,-2.70604586152514
"MOB4",-1.13369015235262,3.79375316398938,-2.98879049420962,0.00548972684698616,0.0174628134862174,-2.64087957675962
"ZNF518A",-0.711084554234105,5.30810847982796,-2.98476253693948,0.00554575702540634,0.0176166118251654,-2.7298111736725
"HCN4",0.949931106904799,1.52973488195782,2.98347133218877,0.00556383239525406,0.0176536540445218,-2.32248555302109
"ZNF483",-0.660249067167136,7.31107801893358,-2.9825466861242,0.00557681062176762,0.0176785282115052,-2.6947607267317
"SLC35B2",0.613400984310785,3.72113194363175,2.98161540924863,0.00558991087962524,0.0177156007646567,-2.62878171462963
"SMIM10L2B",0.711586811302293,5.58738875062352,2.98118320472983,0.00559600058551838,0.0177271095896221,-2.73103509065647
"VCAM1",-0.888616666610682,2.57149141225883,-2.98076202331625,0.00560194101819323,0.0177418435791386,-2.51714759227403
"TMEM44",0.607007428177876,3.21020459056158,2.97976567260722,0.00561601753115531,0.0177823325463019,-2.5783718264448
"APLN",0.629929276993912,5.03431955267086,2.97934057568346,0.00562203351358329,0.0177891016740445,-2.72375027604087
"MDFIC",-0.710948463853525,3.40423022213843,-2.97645089388157,0.00566309029882326,0.0178902170803735,-2.63120097737543
"NPM2",0.606389075616167,3.13799328088837,2.97624242887715,0.00566606312998911,0.0178955002827129,-2.57458848201961
"ZGPAT",0.653189815515832,4.25597370675817,2.97537980805731,0.00567838030614296,0.0179302871484243,-2.68831766284785
"CYS1",0.994952339369511,2.98982711507836,2.97396895242116,0.00569858023228971,0.0179816928632283,-2.54405981448486
"CSE1L",-0.599340942149955,5.0795566814825,-2.97359981963416,0.00570387650219564,0.0179942788965415,-2.75043680672463
"CAMKK1",0.758556963322429,6.41461651559797,2.97236555935763,0.00572161935214258,0.0180405041878195,-2.74569912050542
"PTGS2",-1.2502515975819,1.34480492570664,-2.97184792967447,0.00572907596040867,0.018048950158238,-2.35933331397536
"SLC17A7",0.829643150707538,9.18538143513478,2.96898465963506,0.0057704885669883,0.0181544794628089,-2.6390408183012
"PTCH2",0.644167899201561,3.57721802575955,2.96874054189571,0.00577403240888677,0.0181573263205418,-2.64163983498635
"EVA1B",1.22009237650555,1.16329347106701,2.96821136452237,0.00578172151326455,0.0181732000328994,-2.30032564841251
"KIAA0040",-0.714825050131958,2.22848182055138,-2.96766470005334,0.00578967488079891,0.0181940433968198,-2.49625541586998
"DCN",-0.671360571726939,3.92701197600547,-2.96738986610899,0.00579367732099886,0.0181983094303276,-2.70158918478098
"SEC61A2",-0.762745560551354,3.60931498489907,-2.96644844875341,0.00580740714223655,0.0182363449714175,-2.67569175248784
"GABRD",1.20078628648259,3.19698401461619,2.96628718661815,0.00580976210701944,0.0182363449714175,-2.58525873567254
"LRRTM4",-0.72334011287581,3.8479081551657,-2.96600133261806,0.0058139387481264,0.0182452932982822,-2.69845877537252
"NRBP2",0.660546148907467,6.62232808969065,2.96305267812369,0.0058571878841813,0.0183642657722075,-2.76348487163834
"LRFN2",0.834364535540338,3.80931750709678,2.96212276225396,0.0058708903322093,0.0183917650889923,-2.67664993396463
"BEAN1",0.925049006214947,1.619250180142,2.96209467289854,0.00587130470430515,0.0183917650889923,-2.38244101333896
"DPF1",0.668800818068002,4.19569293977069,2.96110058220937,0.00588598727826457,0.0184293676760407,-2.71780784745815
"CFH",-0.884095301666259,4.40426759974526,-2.96030822414046,0.00589771514970991,0.018453492081664,-2.75236375406014
"LYRM5",-0.646947442880693,3.38668171161472,-2.95953886886258,0.00590912369164387,0.0184849854786795,-2.66810349778534
"PLXND1",0.676640650463234,6.52409333453839,2.95934689505167,0.00591197366574447,0.0184854963904362,-2.77456813808697
"PLP2",0.59490716847799,1.85997870411901,2.95878743092383,0.00592028668327923,0.0185072842000467,-2.43399739456587
"ALOX5",0.795264430674769,3.95076722775211,2.95692694753297,0.00594801096267468,0.0185742017113335,-2.70057843838019
"SEMA5B",0.895605416561635,5.2800822120554,2.95639625250154,0.00595594166782357,0.0185925544854668,-2.77952388160936
"MAMSTR",0.64865751470932,2.23695434705287,2.9563240462469,0.00595702149018407,0.0185925544854668,-2.49185657608646
"NAALAD2",-0.596981937845162,3.44393440141363,-2.95602892807797,0.00596143681610996,0.018598244734832,-2.6814851485597
"CASKIN2",0.646124598703359,5.88828134817127,2.95558591842894,0.005968070586221,0.0186101562059794,-2.79284698897714
"GRPEL2",-0.590622762344541,3.28453697521453,-2.95544122770879,0.00597023874334592,0.0186126994443097,-2.66594122959684
"IL1R1",-0.745330997622435,3.57567515238778,-2.95497820423917,0.00597718204848376,0.0186259062883118,-2.69860462665472
"VAMP8",0.992397991567851,0.711999274125681,2.95426850932282,0.00598783915284082,0.0186548912343768,-2.2965815611548
"SP140L",-0.580006971835384,1.89903295226837,-2.95317507959536,0.00600429375579572,0.0186892301229371,-2.47819139389329
"RGS9BP",0.75507552226311,1.62067807207296,2.95205062293176,0.00602125984175923,0.0187208668509826,-2.41054010428313
"IQUB",-0.631237818420166,2.38911721815341,-2.95189541639198,0.00602360519288285,0.0187239284073325,-2.55492674156517
"NPHP3",-0.821136485559982,4.61571100482248,-2.95073748753653,0.0060411301126566,0.0187656865643945,-2.78583573514057
"GPR89A",-0.972839149979747,1.53717215156518,-2.95041813484791,0.00604597189467177,0.0187764882064045,-2.43409275267134
"GREM1",-1.15720807877031,3.68942529791978,-2.94893706694272,0.00606847470009215,0.0188354535650346,-2.72417585021307
"NKAIN4",0.736156844523952,4.10328934114355,2.94889829631065,0.00606906482867257,0.0188354535650346,-2.73647225582552
"NKTR",-0.617320611608522,6.89696340202088,-2.94833071850701,0.00607771015246422,0.0188537802993824,-2.79168573224507
"APOL4",-0.98881493916435,1.15487125997996,-2.94763162006176,0.00608837478908033,0.0188647964118991,-2.38800592086996
"GALNT3",-0.649119989348598,1.65333443817624,-2.94697936632362,0.00609834076046483,0.0188879737125268,-2.45583362862007
"RANBP17",-0.881980621012507,1.91795622303265,-2.94564328992935,0.006118803200157,0.0189385629413766,-2.5002342675791
"ZNF784",0.716074575778868,1.74976618159955,2.94416883552331,0.00614146023694867,0.0189958719533942,-2.44508284715154
"CHD5",0.834463329294183,8.00953740901226,2.94175901914954,0.0061786611247944,0.0190851976965871,-2.76065065590823
"FAM181B",0.722131663872967,4.89741027948828,2.9414734294374,0.00618308392068274,0.0190933232860265,-2.80426569537202
"RFK",-1.04387697083974,4.16802972733469,-2.94140999528153,0.0061840667019708,0.0190933232860265,-2.78087889450817
"KHDC1",0.580568056425579,1.33782577483387,2.94004018769995,0.00620532507454331,0.0191411129176783,-2.40506894075108
"RDH11",-0.61806401850674,4.66037863878553,-2.93646503853901,0.006261134317642,0.01927936212689,-2.82065400719088
"GUCY1A2",-0.739408992551103,6.43851029397702,-2.93591601081569,0.00626974669375624,0.0192988041919073,-2.83586465137171
"TMEM220",-0.742383583592182,1.47156743787302,-2.9348074866035,0.00628716977488193,0.0193335739155643,-2.45809541879353
"PSTK",-0.682392531436601,2.17751295717747,-2.93410574816753,0.00629822287731735,0.0193632361516452,-2.56481204072845
"CFAP44",-0.602863518085974,5.32960423578292,-2.93177429441051,0.00633507757042718,0.0194678433333293,-2.85355762400363
"AMDHD2",0.623336815554233,4.50018888218166,2.92702590200484,0.00641076882992208,0.0196516520440038,-2.81724482231939
"ABHD17B",-0.62057733293543,4.41823041108033,-2.92642783256794,0.00642036260376566,0.0196640573760114,-2.83086702098621
"MYCBP",-0.763085878264144,0.801144588859467,-2.9252574808325,0.00643917571456857,0.0197033036912959,-2.39378090131625
"FXYD5",0.662703038075937,2.53167724220094,2.92518542258254,0.00644033573166551,0.0197033036912959,-2.60663280775755
"KIAA1551",-0.731416780032137,5.32293423405864,-2.92380382898699,0.00646261525549588,0.0197626774513064,-2.87192261771628
"TBX18",-0.842371250181174,2.18571256782188,-2.92195201728722,0.00649259160391902,0.0198499340283336,-2.5947617667728
"PRAM1",0.856046415620069,3.45466511139743,2.92175479430477,0.00649579188684791,0.019855307009088,-2.72944992389225
"TRIB3",0.773699887008723,1.59953464767788,2.919714532869,0.00652898611544175,0.0199390541355069,-2.47885740785815
"LAMP2",-0.948670488941388,7.27652605608365,-2.91837651948882,0.00655084188514419,0.0200013612561503,-2.84438434629336
"HTATIP2",-0.691222676075198,2.82827796478348,-2.91777277647237,0.00656072630617158,0.0200139277952053,-2.69613020287146
"TMEM33",-0.721584950064499,5.53213631530491,-2.91776978880071,0.00656077525500842,0.0200139277952053,-2.88839873669303
"PLIN5",0.765545993878212,3.66499746556167,2.91755799863172,0.00656424601988117,0.0200156413648537,-2.76514813659168
"CYBA",0.708386576556172,3.36899017994612,2.91625033430012,0.0065857140967629,0.0200633189474329,-2.73789599307664
"VPS29",-0.606394900409712,3.69376509886256,-2.91569549680115,0.00659484292830047,0.020086682942971,-2.80028368481351
"RBPJ",-0.737457884211847,5.98280015769703,-2.91394294788191,0.00662375636795253,0.0201613606236219,-2.89590302812708
"SLC30A10",-0.635933508861827,3.06945618684206,-2.9099515074191,0.00669005380026457,0.0203310449130484,-2.74508965191375
"HACD4",-0.802536279865049,1.70373046943033,-2.90873373889337,0.00671040509017922,0.0203710312036083,-2.55065475955106
"PHLDA3",0.678136378133145,4.4827341982208,2.90838376306284,0.00671626466152886,0.0203798275650052,-2.85788773321627
"EFNB1",0.605985426089214,3.06560020589531,2.90791946812064,0.0067240457005744,0.0203961222560544,-2.72215593977635
"TLR6",-0.794429039706936,2.27664775695653,-2.9078864727251,0.0067245989881345,0.0203961222560544,-2.63972795254174
"LMBRD2",-0.681905441538463,5.82692363823899,-2.90621618625878,0.00675266356406072,0.0204677099790836,-2.91514949844232
"ARRDC3",-0.673202391202946,5.71817187361997,-2.90516087072776,0.0067704521364515,0.0205080765682829,-2.91796339165901
"ARHGAP23",0.646426846938122,7.75775907494692,2.90420110808801,0.00678666840888331,0.0205481504894705,-2.85839546448801
"PUSL1",0.594055712628924,2.31280719708387,2.90382131734107,0.00679309550894186,0.0205630856354045,-2.62071465618849
"C8orf58",0.606802690980689,2.31855614481662,2.9033800825046,0.00680056961742547,0.0205766575429621,-2.62664690969118
"MIS18BP1",-0.647128013479185,3.60854161955107,-2.90211643393952,0.0068220175693307,0.0206279463352142,-2.82325097236496
"NAGLU",0.616164035222536,3.95476122414162,2.89958382122556,0.00686519581310349,0.0207409453707107,-2.83931987342149
"TRPM4",0.616113790031937,3.39890668928924,2.89957087423039,0.00686541720540565,0.0207409453707107,-2.78349506167805
"ATAD5",-0.729888789768177,2.33435090322466,-2.89925189600656,0.00687087382643705,0.0207483201065614,-2.66821279142408
"PRELP",0.709076001819596,5.05107548610414,2.89884778920291,0.00687779257486592,0.0207605908203698,-2.90952830990536
"ACTR3C",-0.605506426208661,2.36174788318865,-2.8982057968611,0.00688879768724692,0.0207842596635936,-2.67375964359219
"MGAT3",0.727017550845523,7.06270965301541,2.89805833998459,0.00689132775413793,0.0207872777783192,-2.89989748850626
"CDKL2",-0.651994176086888,3.52558973424853,-2.89796353795466,0.00689295483103804,0.0207876290663849,-2.82470473915221
"MCHR1",1.47051314051391,1.6201547278821,2.89726113790703,0.00690502133067179,0.0208191575060653,-2.51059665369539
"TRIL",0.892794545121695,6.85054238162782,2.89663793479324,0.00691574397460467,0.0208335273280505,-2.90927100654423
"TNFRSF10A",-0.857088967633658,1.50488657233723,-2.89597036679824,0.00692724735433026,0.0208544849798597,-2.55047106765858
"CCDC152",-0.682780534901086,1.69058373117284,-2.89297074324145,0.0069791590884051,0.0209918888298217,-2.58360094517363
"C5orf63",-0.816993875354042,1.95369097564702,-2.89162099909375,0.00700263725911947,0.021049211734981,-2.62738992919802
"TM9SF2",-0.772084195939972,5.21087987551567,-2.89097990186297,0.00701381489571304,0.0210690038812284,-2.94542897164982
"ANKRD9",0.673323402410204,5.69579524780306,2.88955835522169,0.00703865978670221,0.0211320118498042,-2.94508527664153
"PAQR4",0.628406598501904,5.84491694486541,2.88934086175457,0.00704246830486171,0.0211320118498042,-2.94618783375598
"RPS6KA6",-0.728054186613735,3.50529308183993,-2.88849558563463,0.00705728833831552,0.0211718650149466,-2.84476077139043
"CASP10",-0.63752210391209,2.69781013579635,-2.88814986849991,0.00706335817930003,0.0211854559514707,-2.74487597683613
"NAGPA",0.639439510693094,4.42478221642686,2.88703743126618,0.00708292290295289,0.0212302552967839,-2.90609619303092
"RASL10A",0.848158398611504,2.68588178995708,2.88633902842195,0.00709523196805999,0.0212625189704864,-2.70668585327489
"RUNDC3A",0.60942194519538,7.78517022746877,2.88568617802415,0.00710675640814177,0.0212924177950008,-2.89969804993492
"EBI3",1.06433505475302,1.01944983320223,2.8850026864611,0.00711884063160377,0.0213193397021762,-2.47335430257381
"YBX2",1.48283123553962,1.06660206550914,2.88260150262327,0.007161447484158,0.0214236258324996,-2.4808000575038
"TMEM117",-0.630517409954957,2.28691482156871,-2.88249094040853,0.00716341508337542,0.0214248543712952,-2.69786256303382
"TRMT10C",-0.805784114331939,1.97108424790333,-2.8815892897895,0.00717948015087179,0.0214635729646202,-2.65301250445439
"OGFOD1",-0.662499779072213,3.66985399077239,-2.88089121473438,0.0071919413272392,0.0214961565169719,-2.87791627578945
"ADAM20",-0.60256831419948,2.23571222799735,-2.87955727954159,0.0072158097584549,0.0215581324546456,-2.69727619651058
"PTPRC",-0.700415879512294,4.09636010564686,-2.87884591951828,0.0072285687728163,0.021591563899007,-2.91911254815062
"MMD2",0.792819850703873,5.0484001626587,2.87796104537436,0.00724446959767038,0.0216296693715648,-2.95635165162137
"SPR",0.676199553556002,2.55144467194294,2.87768121446321,0.00724950489410997,0.0216332327907383,-2.7133927395917
"CRMP1",0.62814987127662,6.09240071660206,2.87766778250266,0.00724974667257938,0.0216332327907383,-2.97126601872289
"RHBDF1",0.591972848653046,4.02003279175248,2.87725001553132,0.00725727036810242,0.0216444077883523,-2.89807262730998
"GOLGA8O",1.11356582262752,2.3308070359125,2.87712930771871,0.00725944560115537,0.0216454267939624,-2.66586950140659
"LRRTM2",-0.771837887213705,5.14774746829122,-2.87585066928209,0.00728252521431434,0.0217009158670809,-2.97863178297247
"ATP6V1C1",-0.603094040499665,6.12311929715319,-2.87549926371074,0.00728888022736031,0.021715150640551,-2.98256539954272
"CLASRP",0.677729160109716,5.36057217123945,2.87385941708158,0.00731860520599483,0.0217754218896638,-2.97572730656545
"VWCE",0.676428784403059,2.58635365224082,2.87051665815526,0.0073795520530294,0.0219235785409623,-2.73767485779718
"NCF4",0.728359062174278,1.50081786436474,2.8684582943805,0.00741731845700865,0.0220167642982951,-2.58064444696245
"IL18R1",-0.925620475002003,1.5231403089639,-2.86132777271412,0.00754955869880245,0.0223294516158089,-2.62998276727591
"LRTM2",1.02159576201216,4.12893492035923,2.86034767981257,0.00756790759557941,0.0223672629773987,-2.93679379695743
"GNG10",-0.99838830149578,2.70758132845765,-2.85907486701506,0.00759179928882769,0.0224138060531126,-2.81406612267055
"BVES",-0.741227407912024,3.23315990276749,-2.85618845375018,0.00764624262847069,0.0225382126549037,-2.88779011986541
"SPTSSA",-0.685853821834993,3.76921572417506,-2.85525994196041,0.00766383406732407,0.0225828737902455,-2.94592623629187
"GRIP2",0.658328232759848,2.50277714645925,2.85264934498493,0.00771349816870863,0.0226806513460683,-2.7651774036118
"KCNC3",0.772851668143958,6.04403692495922,2.85145873329619,0.00773624874546771,0.0227426872434055,-3.03024376990252
"EFR3B",0.638081220754817,7.80485716029206,2.85124529799329,0.00774033379570696,0.0227498362585911,-2.97745259011215
"NECAB1",-1.02838046250132,5.73470646527072,-2.84799335768791,0.00780282575293175,0.0229041563963511,-3.04837002950992
"FBXL18",0.598552643069417,4.33561257272645,2.84782460291568,0.00780608159250979,0.022908826784928,-2.99000368764277
"SPINT2",0.673965957435461,3.45953879671547,2.84724016688762,0.0078173671748493,0.0229321657840761,-2.90750877452885
"SLC8A2",0.748819585416462,6.2510458704944,2.8462223799546,0.00783705747095167,0.0229703403317925,-3.0397403300671
"WEE1",-0.660030753565047,1.39432161196495,-2.84590024370343,0.00784329928438048,0.0229792417879679,-2.64382762043304
"TST",0.583627494084404,3.43841945839313,2.84589328100588,0.00784343424737194,0.0229792417879679,-2.90870073207932
"PDDC1",0.595602274273993,5.63300753595783,2.84538876141825,0.00785321952587492,0.0229981174495775,-3.04668040052818
"ASAH2B",-0.991712961703183,1.39394617216291,-2.84386499073771,0.00788284312423308,0.0230799583473556,-2.65103485758023
"TRPC6",-0.924177646229906,0.671580020596157,-2.84298821193127,0.007899936128969,0.0231201661145773,-2.55720407512541
"YIPF5",-0.617808276040758,3.30549855929166,-2.84085192102184,0.00794172953915906,0.0232030021631354,-2.93042156114493
"HSP90AA1",-0.791198293195276,9.32029815920296,-2.83959536544297,0.00796640915682131,0.02326522843952,-2.92707190796528
"FPGT-TNNI3K",-0.742291736491593,2.81957915315499,-2.83877909504831,0.00798247985864672,0.0233072152206318,-2.87466307393211
"DLG4",0.632785408552295,7.9887009925943,2.8386058963825,0.00798589370236231,0.0233122365800186,-2.99801710321027
"TNFAIP2",0.758744555750944,3.68537545072712,2.83680189943331,0.00802153314078875,0.0234013817151567,-2.95221585834077
"SYNJ2BP-COX16",-0.612139216887468,1.027506966536,-2.83626178336135,0.00803223260611661,0.0234276288454368,-2.61372759566152
"IRAK3",-0.726117298119577,3.96940693062261,-2.83501826847198,0.00805691708059529,0.0234846930620783,-3.00907482282952
"WTIP",0.847077263342286,3.05011290365292,2.8341627966168,0.00807394003305702,0.0235143891629413,-2.87704361369014
"RIN1",0.74781050324463,4.48554527911285,2.83308431250321,0.00809544882566553,0.0235720421688496,-3.03029930133396
"EEF1A2",0.918274699884606,7.27306588581676,2.83131574742987,0.00813083679600614,0.0236641948223759,-3.04389185462877
"NSMF",0.656768420991669,8.61483038076431,2.83015179413644,0.00815420604299539,0.023710474306823,-2.98753209906597
"MORF4L2",-0.613431238000739,5.56457886090168,-2.82985269521599,0.00816022137323696,0.023710474306823,-3.09007037549696
"MT-ATP8",1.47024138221056,10.3594389059197,2.82756130139168,0.00820644318542622,0.023824654994652,-2.88227406444806
"GSTA4",-0.630435554115023,3.70410370214329,-2.82696438462814,0.00821852443928452,0.0238546962263223,-3.00370111208471
"RASGRP3",-0.688795797007856,5.14647263393599,-2.82610329111812,0.00823598190108181,0.0238937068499736,-3.09205885122735
"NMB",0.899299208661904,1.31100823110795,2.82451543702529,0.00826826473529764,0.0239636880839155,-2.6454721782743
"MTSS1L",0.864276185080115,9.99499873932606,2.82191753779585,0.00832133919039063,0.0240921415104072,-2.92439110347317
"EVC",0.795871721530632,4.43378052264479,2.82076575531074,0.00834497199706095,0.02415040160916,-3.05327931607055
"CARD11",1.06192313848359,2.83207134352854,2.82065522204695,0.0083472432794633,0.0241518954517861,-2.86870348653027
"MEIS3",0.760918928099091,5.34146462291501,2.81639187219608,0.008435292368221,0.0243707869576085,-3.1053639634213
"EFNA3",0.661244080959075,3.17947571631992,2.81596423261338,0.00844417215079416,0.0243862020917269,-2.94407884620624
"ADSSL1",0.629084249033085,2.87148443264293,2.81461970721709,0.0084721479095303,0.0244464725064052,-2.9070202537644
"PPP1R13L",0.722963577402765,3.34575289698373,2.81429395666706,0.00847893892840713,0.0244558119039636,-2.9648603668195
"CIART",0.652731665866064,1.55512127825006,2.8129841391332,0.00850629667046091,0.0245090344393242,-2.71407089880036
"RGMA",0.791696419731799,6.65340827800296,2.81135447578124,0.0085404505433368,0.0245971410478982,-3.11009431638236
"RND3",-0.707398587302845,2.1335208638585,-2.81110216414916,0.00854574988154294,0.0246072534253845,-2.83499007339824
"COL8A1",-0.931669068981621,1.86075453435548,-2.8106185422846,0.00855591608570208,0.024631372647562,-2.79412946240497
"NTN3",1.20468652828048,0.861008659037562,2.80990169811693,0.00857100572143793,0.0246644938796962,-2.61255278661067
"CHP1",0.965514102179898,5.3266340625631,2.8096969679558,0.00857531989059368,0.0246717493235333,-3.11516385333485
"DOT1L",0.628421725497995,5.8269191998478,2.80939249121579,0.00858173973319113,0.0246850586263468,-3.12843761920604
"PTCHD2",0.80653451633795,4.63224429058006,2.80930513037825,0.00858358255434396,0.0246851994838719,-3.0920416448154
"KCNJ4",1.06512625244948,4.51460966966509,2.80779547622871,0.0086154864283523,0.0247510874197403,-3.08263166700692
"MYO1F",0.6548922562709,4.44671780364268,2.80724143964972,0.00862722288421019,0.0247796314150733,-3.087206791455
"NTN5",0.684346066376457,1.65849217761325,2.8059885335064,0.0086538191862507,0.0248456511208003,-2.73925791135067
"ZNF761",-1.16064745151863,3.66392595604974,-2.80496482740423,0.00867560715725693,0.0248964810587526,-3.04989689815257
"ZNF35",-0.666402849870927,2.79898840951496,-2.80395962569388,0.00869705133500561,0.0249478422744443,-2.948977539222
"BCAN",0.760348318226074,7.71373862574254,2.80323643163638,0.00871251011479988,0.0249744650475103,-3.09006646221173
"JPH3",0.713311447245143,8.03056054932283,2.80256155066896,0.00872695940391766,0.0250033604327856,-3.07756636180433
"CYP51A1",-0.759255043009986,5.1362603095117,-2.80209003454239,0.00873706795421401,0.0250168106778899,-3.14616931562103
"CD44",-0.990165798133929,6.56098378822028,-2.80183915352989,0.00874245091445119,0.0250218109471221,-3.13809645901373
"LDAH",-0.648037130616691,2.8773567722972,-2.79978143064449,0.00878671936529092,0.0251328300115918,-2.96884710086941
"LUZP2",-0.652403764311076,3.40599053852316,-2.79911110809944,0.00880118554571175,0.0251585197952928,-3.03537071687013
"SEPP1",-1.00098439961038,6.0632045537354,-2.79741857799436,0.00883781132193665,0.0252527245849606,-3.16007584773139
"EYA4",-0.790901633664278,2.00597902594006,-2.79354901522056,0.00892208468359672,0.0254618016032714,-2.85391749674126
"JAKMIP1",0.717254334254415,5.53769943602143,2.7934039063045,0.0089252595435646,0.025465580878912,-3.16115890583655
"PLIN4",0.836281350170499,4.49672071750727,2.79308593865133,0.00893222010785598,0.0254764797035602,-3.11926887222212
"KLHL17",0.663892107807457,2.51526632021643,2.79279372351367,0.0089386214142179,0.0254878510735708,-2.89995017776415
"OR9A2",-1.38483660765608,0.644587154819287,-2.79080834654317,0.00898222731320079,0.0255803870150985,-2.66758752907629
"PYGM",0.741436593907314,4.78637637000441,2.78783954025399,0.00904780478470926,0.0257405089192442,-3.150179581944
"IGSF9B",0.707331237569995,5.24025419099009,2.78575324956134,0.00909415655585557,0.0258403238416536,-3.17241396779021
"PFKFB3",0.596732057077927,7.26194607678162,2.78517336748398,0.00910707942457315,0.0258634736668893,-3.1494505829029
"ZNF358",1.12934536563267,5.06740921970673,2.78363699560325,0.00914140119289297,0.0259157028873919,-3.16411676807638
"PBXIP1",0.649398335599135,7.15955294810413,2.78277688448192,0.00916066849372529,0.0259649761363859,-3.15869063520732
"EFCAB2",-0.618777850415539,4.04692871052615,-2.78268176994093,0.00916280148297508,0.0259656736423435,-3.13288077036804
"MAPKAPK3",0.708494947290399,4.52663992083356,2.78218505357886,0.00917394814459935,0.0259905900826591,-3.14920545026881
"FAM234A",0.629082310708994,4.81072378500115,2.78203186772981,0.00917738830303465,0.0259905900826591,-3.16648183449382
"KYNU",-0.9936640946531,1.07290904801064,-2.78189386444882,0.00918048853456336,0.0259905900826591,-2.7408841724152
"NPEPL1",0.64953750564341,5.16097265883476,2.78109364170512,0.00919848480757537,0.0260239205257082,-3.18170500792947
"C19orf44",0.614330887900545,3.31590927633861,2.77930114970845,0.00923891624299773,0.0261007444918686,-3.04481699065966
"STEAP2",-0.769368617668953,3.84337350025563,-2.77825323022187,0.00926263011835854,0.0261516317313771,-3.12674571579615
"PCDHA9",-0.581895398145546,2.43869078164106,-2.77784464108256,0.00927189171104795,0.0261570034780049,-2.95397879902234
"C16orf95",0.586412758435867,1.67180522931883,2.77662892873285,0.00929949986910697,0.0262180736936654,-2.81264140847309
"RP5-966M1.6",0.790696741314711,3.71387627329497,2.77625505529552,0.00930800578991146,0.0262366394607694,-3.09162243086596
"DDA1",1.13687662672939,3.71718576907976,2.77474869096531,0.00934235062879129,0.0262965501307591,-3.08368222453723
"ADAT2",-0.697613375450449,1.95696169118159,-2.77467918005323,0.00934393832489867,0.0262965501307591,-2.88791752557492
"ANLN",-0.946552361233293,7.19709650590184,-2.77223049602734,0.00940003004911837,0.0264095168448179,-3.18024196947956
"KCTD2",0.704609782340418,5.70715713580027,2.77194273004816,0.00940664252607027,0.0264227001023174,-3.21165599262974
"ZIC2",0.653668656220734,4.71413733145305,2.77166607981686,0.00941300368218374,0.0264344719628979,-3.18440139413098
"ZNF121",-0.70618326695468,4.86765970957012,-2.76779178896108,0.0095025111740462,0.0266430432489914,-3.21442075870123
"CLIC2",-0.776149184677544,1.63237261897508,-2.76754269434346,0.00950829315298867,0.0266538240126863,-2.85189982142485
"HEATR4",0.669680522625802,2.6526650404319,2.76682484292105,0.00952497432235597,0.0266800459511412,-2.97997907157197
"APOOL",-0.748409369829257,3.04724981304535,-2.76521786946548,0.00956241588823816,0.026772818929409,-3.06985478173229
"DYNLT3",-0.82978803021399,4.43152350935373,-2.76460858482484,0.00957664783844757,0.0267963096593894,-3.20065657867698
"MMP28",0.908519474834165,3.34047150195617,2.76433093685999,0.00958313983713549,0.0268064489181886,-3.06860330346524
"CSRP2",-0.669682591191724,2.86950412430879,-2.76323271997703,0.00960885884751502,0.0268645889070813,-3.0496133057531
"CYP1B1",-0.793036142333539,3.40490206923194,-2.76311599360952,0.00961159624115919,0.0268667836430209,-3.11694332182962
"PTPN6",0.784585617997894,2.84120366093208,2.76290359450193,0.00961657916337982,0.026875253019348,-3.00869725314691
"CFAP47",-0.900757314198479,3.94698318222515,-2.76187511490358,0.00964074168124621,0.0269318404944436,-3.17237543836746
"SNPH",0.58000950032964,8.10954249339756,2.75898519768703,0.00970894005349657,0.0270838686552131,-3.17160260659639
"RAB5A",-0.63057664958597,4.71911127810812,-2.75889839298076,0.00971099549685984,0.0270841120859928,-3.2278092276868
"SORBS3",0.657988206775628,5.62835388081065,2.75826097290315,0.00972610139827129,0.0271042692064826,-3.24253424784667
"CLEC2L",0.74676583746043,2.96551077421246,2.75670461343896,0.00976307716255974,0.0271962965250981,-3.04563864888366
"CD226",-0.898012179275985,1.6106295380393,-2.75539703158924,0.00979424406611359,0.0272610421913004,-2.87552019748202
"GAL3ST1",0.837711622591618,3.13057319283576,2.75317128284543,0.00984750999358055,0.0273816094204207,-3.0668618361576
"HRH3",1.48684387584111,1.26517028067733,2.75079890324279,0.0099045831324483,0.0275000784252717,-2.78395362793182
"CABLES1",0.998218156346344,5.83486629994218,2.7499149983681,0.00992592647875957,0.0275288218961789,-3.25727231863253
"SHANK3",0.681563283417677,8.21831447042234,2.74984914739724,0.00992751827884352,0.0275288218961789,-3.18687518753586
"ZNF92",-0.614853548104966,2.60811025352352,-2.7498101790422,0.00992846036412585,0.0275288218961789,-3.04175372279546
"HS3ST4",0.897079723766509,5.14663525377342,2.74924052013008,0.00994224178065632,0.0275614804882376,-3.24768284508222
"GDF10",0.584395396105516,2.90344865009976,2.74897023145501,0.0099487869647893,0.0275740699743133,-3.05817639459293
"RTN3",-0.723495308154262,7.14882987740973,-2.7484682430336,0.00996095356781461,0.0276022315841113,-3.2361655046716
"GPR132",0.595428930590772,1.52960130085298,2.74702584778491,0.0099959900670518,0.0276937425634588,-2.84899767143729
"SLIT1",0.743377497140205,7.77450292147267,2.74639025375101,0.0100114654892027,0.0277310339365778,-3.21471398336792
"CRYGS",-0.808029586956915,0.882141120498368,-2.74562469046274,0.0100301351217149,0.0277605417581487,-2.79097293906096
"FAM134B",-0.686997092488185,4.57326427233695,-2.74458064024869,0.0100556485970424,0.0278198191282471,-3.25265980155581
"RXRA",0.678821506308917,7.4297007890032,2.7432927214074,0.0100872050336577,0.0278959060426375,-3.23630472373956
"CCNO",1.00863907806721,1.10200642643131,2.74320124278767,0.0100894499477436,0.0278965080833634,-2.79291813480673
"NATD1",0.615807624568225,4.22643393417986,2.74123708452693,0.0101377637582768,0.0280019604732331,-3.22080323595768
"MAP4K1",0.651765218727281,1.60016573045452,2.74096859696183,0.0101443847054718,0.0280090044004809,-2.87534602851814
"FES",0.649469730489443,3.351150761273,2.74036374028442,0.010159315373311,0.0280333544921059,-3.13423255288039
"LPCAT2",-0.837349744333186,2.95042186529659,-2.74016181322923,0.0101643044381976,0.0280414982706571,-3.11256445034948
"C15orf59",0.636788611758643,6.58369042728575,2.73968314684267,0.0101761401187555,0.0280685235867298,-3.2739787927636
"RBP1",0.644354504465501,3.01164596346104,2.73927139909812,0.0101863314428932,0.0280910034039385,-3.09209402972524
"KCNC1",0.716263159816504,5.99878252533954,2.73883366137199,0.0101971765096256,0.0281152766878297,-3.28503879271474
"TM2D2",-0.587270778036857,3.03733800333172,-2.73862578473205,0.0102023304838177,0.0281238521209566,-3.12610267489741
"ANGPT1",-0.663778369295235,3.99881488499793,-2.73847798283636,0.0102059964791453,0.0281255601574468,-3.22798733255073
"MARVELD1",0.645195464899717,2.77359661832168,2.73843600819437,0.0102070378189295,0.0281255601574468,-3.06177802353
"QKI",-0.650305108535308,7.89291634994534,-2.73831426508983,0.0102100586785519,0.0281282517468575,-3.22524639388178
"C7orf25",-0.628029302665618,2.79350192022796,-2.7379986817368,0.0102178932609793,0.0281442011938222,-3.09483644325698
"DDIT4",0.666893300009349,6.62358597191347,2.73754930007613,0.0102290591729896,0.02816643588955,-3.27729853411355
"HEXB",-0.611731575987716,3.48061999736391,-2.73750906986618,0.0102300593398714,0.02816643588955,-3.1810086205187
"ACKR3",0.625072770390256,2.94314318899398,2.73678565744253,0.0102480597563396,0.0282103521318243,-3.08880183895776
"LIMD2",0.655439611356565,3.63073055415,2.73617857500692,0.0102631883977435,0.0282406989684759,-3.17686978147676
"PAPOLB",-0.715577289230656,1.04378298814182,-2.73438719221136,0.0103079517545418,0.0283582015382345,-2.83529437756347
"CAPZA2",-0.786715087934493,4.81105605711374,-2.73333860666833,0.0103342384994877,0.0284248362965121,-3.28922436934351
"PRR13",-0.62206231192918,2.89922772696678,-2.72639614247607,0.0105098626769882,0.0288559896843644,-3.13485145754253
"KAZALD1",0.7401468839561,1.17942961314546,2.72621252945725,0.0105145451480676,0.0288630871299738,-2.84473232827501
"METAP1",-0.581866315534633,3.44643029033334,-2.72171353802153,0.0106298878562317,0.0291390212728295,-3.21233014877827
"PALM",0.716859286381404,7.47416314965076,2.71900469874112,0.0106999039172095,0.0293075990853344,-3.28833090054033
"HBA2",3.36884454783504,0.619167992003874,2.71846120631549,0.0107140034258246,0.0293403783368702,-2.7550960808733
"GJC2",0.684264357911037,3.9593619603279,2.71823832830386,0.0107197904304136,0.0293503852194432,-3.24486504275957
"EFEMP2",0.712241222308703,4.44993634819378,2.71811794275042,0.0107229174416306,0.0293531066071771,-3.28643287034855
"HIST1H1C",0.70949563420198,4.63489166190068,2.71681114938598,0.0107569161552716,0.0294344647470059,-3.30033187072776
"C16orf96",0.975540392298871,1.35950197394255,2.71513339763103,0.0108007134816757,0.0295366888357192,-2.88508872649152
"SHANK1",0.761118368842599,7.88561109236105,2.7123629658874,0.0108733992119434,0.029705945315774,-3.28524989110947
"SHISA2",-0.954505677483776,1.65071537537345,-2.71084974722942,0.0109132927565035,0.0298031001433311,-2.97808255232313
"COL7A1",0.621989701576637,4.74008782425921,2.71023010998745,0.0109296678337838,0.0298359768023604,-3.32188803690116
"CDK5R2",0.967455176114168,4.84530050961591,2.70882560939981,0.0109668692494126,0.029922442481902,-3.32440001830385
"NAPRT",0.922652207127688,2.4804147571715,2.70809433248531,0.0109862854965917,0.0299608154416565,-3.06895579783103
"ADGRG1",0.711095110965127,7.13650896490366,2.70764737161604,0.0109981685990868,0.0299872791939831,-3.32674897547491
"KMT5C",0.646216671002448,3.39576576545596,2.70686229549827,0.0110190699973785,0.0300204755957088,-3.21267889280628
"PGPEP1",0.797936295653716,6.28065145770628,2.70590385338896,0.0110446371852101,0.0300782213151942,-3.35386869892291
"SOHLH1",1.61193796219079,1.51053361214799,2.70536680778476,0.0110589874566889,0.030111342776315,-2.9064310521536
"DPM1",-0.653591705958178,2.30591885710826,-2.70526141451712,0.0110618056850726,0.0301118244648892,-3.09399367184832
"ZNF738",-0.74338006404182,1.72234612410675,-2.70511473722405,0.0110657289672949,0.0301118244648892,-3.00065792381797
"CXorf57",-0.680509585441495,2.9465621595016,-2.70491776021519,0.0110709996923455,0.0301202109067549,-3.18870675846485
"EID2",0.768098843494882,2.27063498128614,2.7048015166932,0.0110741112427569,0.0301227208562122,-3.04854937868642
"EDA2R",-0.746024750695615,1.51151000978187,-2.70452087828026,0.0110816265958747,0.0301312514494827,-2.97024207122544
"SEH1L",-0.588217636216799,4.49806307901387,-2.70331564146675,0.0111139562990245,0.0301901854102858,-3.33990014148874
"SNURF",0.583441458799042,4.57658023289622,2.70141137917974,0.0111652161273729,0.0302926930458948,-3.33443483044248
"STXBP5",-0.591804575665804,6.14207779206909,-2.69986807520885,0.0112069210527031,0.0303818834921686,-3.37768605714364
"SLC32A1",1.73220225220557,0.909744978728909,2.69887194942119,0.0112339165360209,0.0304430731493074,-2.84391906601803
"SCG3",-0.60606041922745,5.40640941308976,-2.6981916381248,0.0112523881029051,0.0304751255036562,-3.38359498748925
"PLEKHG5",0.68243027787291,6.45527004018046,2.69779123980614,0.0112632727980407,0.0304926021982761,-3.36936468048127
"HIF3A",0.772247619920542,6.41831347332273,2.69474815113011,0.0113463192930871,0.0306660243848039,-3.37640127752736
"GLIPR1",-0.911719301214225,2.20646377483753,-2.69282483957729,0.0113991006430233,0.0307876396366326,-3.10648182946901
"SLC9A3R2",0.687192213152955,4.9885471605005,2.69201762149823,0.0114213211492845,0.0308295018311698,-3.37397427534084
"JPH4",0.730704647529937,7.98170428410794,2.69067282283807,0.0114584293842257,0.0309236020310513,-3.32870377118342
"TAS2R5",-0.677374124628793,1.35219593801683,-2.68898715332694,0.0115051021489155,0.0310252225497209,-2.97762034659731
"WDR54",0.611891800039727,2.24749410190685,2.68755145925033,0.0115449931297652,0.0311025689216057,-3.09250616893331
"MT-ND5",1.57539408789165,13.9080774450738,2.68754813889883,0.0115450855353217,0.0311025689216057,-2.94110112507859
"C1QL1",0.852815130051436,3.01476030179036,2.68687139239839,0.0115639338060037,0.0311472486013733,-3.19861973572059
"TMEM123",-0.631486937756563,5.63414043487961,-2.68087656527655,0.011732152810927,0.0315262946360411,-3.42353340445616
"SPATA6L",-0.592392931232762,3.07730026411432,-2.68017961259429,0.0117518568898754,0.0315607538371537,-3.2590791529718
"TFR2",1.42933605631188,1.57690991579264,2.67866300050691,0.0117948406540429,0.0316453114135863,-2.98864289095715
"ATP1B3",-0.592392395185364,3.72413693181562,-2.67839006771785,0.0118025916214044,0.0316599343668901,-3.33584667408925
"FOXD4L4",1.04509654761474,0.996844607681946,2.67809616257494,0.0118109434785447,0.0316699908823566,-2.91693536593923
"C2orf88",-0.867327537776444,3.3786051034199,-2.67765997645507,0.0118233486498746,0.0316970778825102,-3.30286426327456
"SDK1",0.589335547331922,5.68341206084231,2.67744611968534,0.0118294351832592,0.0317072180671659,-3.42278900732574
"FAM129A",-0.715678218182082,3.06935477751598,-2.67706851709282,0.0118401891717132,0.0317236844221077,-3.26555912666581
"LRGUK",-0.62642017378007,2.16150150272909,-2.67683317581354,0.0118468962088583,0.0317292990911053,-3.13249521996973
"MT1G",1.18172916421064,3.37762650355407,2.67671581460621,0.011850242229683,0.0317320847096065,-3.25844008247371
"SLC4A11",0.775818912938767,2.19208959495628,2.67428132572614,0.0119198492055378,0.0318564857093428,-3.10298575575712
"GOLGA6L10",0.796373756042466,1.75493126577176,2.67340079540311,0.0119451188834207,0.0319116251125514,-3.03718834086372
"PLGLB2",-0.62900303759223,1.054286825021,-2.66919577018117,0.0120664844085155,0.0321983501930545,-2.97364252793159
"SCARB2",-0.610873048800227,7.0212108147756,-2.66884797940455,0.0120765735302854,0.0322127792886717,-3.41781324408709
"NKIRAS1",-0.715457876143025,3.12315705676969,-2.66807008247752,0.012099168077389,0.0322488064371439,-3.29257486452058
"C17orf107",0.765541923105978,2.90524913003021,2.66801798689858,0.0121006826326163,0.0322488064371439,-3.22359892931783
"5-Sep",0.599423938232483,6.87314289657396,2.66797964049533,0.0121017975758601,0.0322488064371439,-3.42373904937208
"BCHE",-0.696978069371351,1.88648221988004,-2.66786491278145,0.01210513391916,0.0322514516672914,-3.10713470987137
"DOK1",0.588679713961185,3.09921919323944,2.66719752854855,0.0121245587748453,0.0322907012387549,-3.26327735538334
"ZBTB47",0.615782593358079,7.37891551803153,2.66650656856896,0.0121447003604464,0.0323318285277815,-3.40797516293002
"FNDC5",0.684213716582236,3.42533201036678,2.66578203265695,0.0121658541020971,0.0323631003864214,-3.30489786528369
"ACE",0.885002102794321,2.55173422983711,2.66478423638352,0.0121950421043186,0.0324330196536714,-3.18184912151616
"C5orf22",-0.65616697463481,3.51625956037849,-2.66209129490577,0.0122741425666465,0.0326070416717418,-3.35117113570578
"CTSC",-0.854080638863499,3.04419498227597,-2.660874629916,0.012310036166444,0.0326897737719869,-3.29867748601003
"C21orf62",-1.29839922318931,0.962371303057761,-2.65902953650649,0.0123646556336911,0.0328157943779444,-2.98675028042156
"BHLHE22",0.748405548223909,4.3661473456614,2.65556290706575,0.0124678862809017,0.0330133890920701,-3.41648924205581
"EFHC2",-0.716431197060878,1.95148877501505,-2.65531052667016,0.0124754329502815,0.0330258740873012,-3.144871542624
"CBWD3",-0.740066109159689,2.73990080083318,-2.65524472300318,0.0124774013065823,0.0330258740873012,-3.26879399052032
"RAP1B",-0.580873622677527,4.65175569394737,-2.65439081026595,0.012502970205996,0.0330871871162905,-3.45521915732255
"CACNG4",0.682986607454484,4.56896490808966,2.65368760622156,0.0125240629436008,0.0331175307776501,-3.43648927411255
"C2orf82",0.977607357980716,4.92152512860688,2.65301390886973,0.0125443016253333,0.0331547922040354,-3.45122421305343
"PPA1",-0.602576032912989,4.92638360957424,-2.65297797102301,0.0125453820947905,0.0331547922040354,-3.47058224372463
"VWA5B2",0.599731897981243,5.63010560285679,2.65109425898149,0.0126021369761578,0.0332728332557383,-3.48012393230446
"FBXO41",0.619826792529856,7.65108760016465,2.6507570260067,0.0126123226984417,0.0332933383182919,-3.43085435506433
"HIST1H4D",0.738138875802875,3.11084993721844,2.6488637059719,0.0126696503079397,0.0334235647057094,-3.30111693952991
"SDC3",0.692438881505087,8.36388370996253,2.64796569302172,0.0126969256656943,0.0334781364410076,-3.40403041423461
"SACS",-1.04506532046964,6.10441896509805,-2.64630087483127,0.0127476355172047,0.0335913778106667,-3.49467052295691
"AQP4",-0.622408615622553,9.13954225175223,-2.64621290970632,0.0127503201319985,0.0335913778106667,-3.3662360656355
"STIM1",0.590078993348537,5.6023963476611,2.64603206315245,0.0127558410519072,0.0335948571703914,-3.49106353794222
"HIST3H2BB",0.84996767562516,1.02152258019076,2.64303226184037,0.0128477439833684,0.0338045516166601,-2.99924629240748
"RALGPS2",-0.865388399309879,3.4597552496403,-2.64079942078706,0.0129165487177253,0.0339596153810887,-3.39202691289182
"SH3TC2",-0.732758257120749,6.1635522809498,-2.63924420787832,0.0129646743388683,0.0340536139677739,-3.51004543588002
"ZNF678",-0.828684903018815,2.15791559447615,-2.63826946725708,0.0129949221987854,0.034120038995895,-3.21602899838426
"DLGAP3",0.785377106202064,6.80840340103385,2.63426387549218,0.0131199113934073,0.0344044870699014,-3.49840271659212
"C16orf89",0.624933293609123,2.58322294170194,2.63410457612079,0.0131249051076183,0.0344044870699014,-3.25889102794416
"SLC12A5",0.868511828556928,5.81737670497802,2.63386148731765,0.013132528850655,0.0344044870699014,-3.51417162623778
"SMIM8",-0.620422226122389,3.10825963795556,-2.63367886925141,0.0131382588149358,0.0344044870699014,-3.36449430404323
"CABP1",0.84262984133012,5.00871270217729,2.63314991892293,0.0131548686577886,0.0344348768498818,-3.49944777178013
"STOM",-0.598095447385517,6.48994275647198,-2.63263393658349,0.0131710900559036,0.0344707817153461,-3.51652843346773
"SLC12A4",0.584210584581999,5.27404669279078,2.6318176599938,0.0131967899777014,0.0345249100538307,-3.51613524028246
"CDC42SE2",-0.860261240917981,5.07796208768707,-2.63135594813112,0.0132113472576344,0.0345432927251202,-3.5230037840476
"PPP2CA",-0.641802952136316,6.01476315407002,-2.63071517296969,0.0132315748950566,0.0345896090674152,-3.53117211613693
"FBXL7",0.625796727407009,5.177936392775,2.63026456825176,0.0132458165373693,0.0346175598022083,-3.51600134170642
"RASD2",0.582193326570426,4.79966287242669,2.62518975540838,0.0134071938977874,0.0349193933624298,-3.51331682890855
"CDK2AP1",0.657005473999586,5.05623008205322,2.62514958213914,0.0134084786372414,0.0349193933624298,-3.52267794238177
"RASSF9",-1.17864211832439,2.46917713488054,-2.62473971864812,0.0134215925795407,0.0349428430474676,-3.29447237325219
"ARSK",-0.793621191213785,1.56330272383828,-2.62430950936335,0.0134353702957759,0.0349563491473194,-3.14914082194731
"ST18",-0.792700191346946,7.14114825764367,-2.62363519192223,0.0134569921147599,0.0350011596183749,-3.51071976288
"PAIP2B",-0.81003523462039,8.42190527962493,-2.62360948830326,0.0134578169328227,0.0350011596183749,-3.45102374819487
"S1PR5",0.749236659559826,3.84114037951746,2.62337603207225,0.0134653105893232,0.0350011596183749,-3.43967728835961
"TRIOBP",0.639052686904244,5.35657497774684,2.62160871873175,0.0135221647850988,0.0351157783747396,-3.53941221497209
"ZDHHC22",0.611167118770176,5.59113479642405,2.61902350882717,0.0136057315439269,0.035292831626009,-3.54912597954577
"P2RY11",0.752375460823636,2.65039313843492,2.6163876135775,0.0136914293585731,0.0354616524380434,-3.30314852536669
"DYSF",0.694728728029814,5.8840165984807,2.61616084910837,0.0136988252105738,0.0354741312989661,-3.55525347590991
"MT-ND2",1.58639740035697,13.3234975130214,2.61553208487259,0.0137193515282853,0.0355139195599576,-3.13053136324978
"RP11-106M3.5",-1.4711030461003,0.794601564549619,-2.61423192550649,0.0137618863018017,0.0355905501595741,-3.05652043187325
"DNAH12",-0.924086960196384,3.42859553448517,-2.61382660892593,0.0137751712162714,0.0356182132858157,-3.44661451426434
"SLCO1A2",-0.855119140930088,6.58766974459682,-2.6121449702612,0.013830416698979,0.0357207890755725,-3.55710349660904
"CDR2",0.683642047737597,2.71610260593945,2.61171604886005,0.0138445405176048,0.0357449488289549,-3.32480490444421
"CCDC102A",0.63777138833798,1.51863005982425,2.61110834140427,0.0138645744054038,0.0357821471104205,-3.13707537645022
"PIK3R5",0.709213404109973,3.2760127963354,2.61071128530915,0.0138776783923433,0.0358092503950939,-3.4030449076329
"ASIC3",0.821936385563386,3.07641814241003,2.60924606778052,0.0139261341138137,0.035914801017884,-3.37123141363311
"RP11-231C14.4",-0.800228603800672,0.830251734617068,-2.60923762881047,0.0139264136495479,0.035914801017884,-3.06954376890132
"CXCL14",0.713774893124195,3.50228022436858,2.60873907625546,0.0139429371251588,0.0359506759938748,-3.43731788822659
"ZFR2",0.918405376575314,3.66507545580997,2.60691620138144,0.0140035071789662,0.0360670395943963,-3.45415479782585
"PPID",-0.624540505208451,3.30095299087125,-2.60690762320499,0.0140037927877959,0.0360670395943963,-3.44567116715218
"PHYHIP",0.716566726268742,7.96598212066175,2.60679976511765,0.0140073843636575,0.0360679287478369,-3.51197342441261
"SULT1B1",-1.22871293636218,1.09933255812653,-2.6064470852286,0.0140191342382738,0.0360862899837047,-3.11593245438438
"MLYCD",0.621382669809063,5.81537817070362,2.60527378059469,0.0140582897546489,0.036160023423126,-3.58005277559808
"SLC16A1",-0.670715448360818,4.58452578092115,-2.60461989980408,0.0140801549835555,0.0361892067106289,-3.56033986081871
"CBS",0.696385927074198,3.58424167294835,2.60161344775229,0.0141810940704751,0.0364299015628923,-3.46144274313877
"TGFBR1",-0.760238640533824,4.39185600564067,-2.60136421127609,0.0141894919755302,0.0364430009472324,-3.55673926324713
"RNF145",-0.59859074193852,4.51053149199538,-2.59878057290768,0.0142768180860855,0.0366330959691633,-3.56859599734643
"TMEM158",0.665670695697385,3.50592452710043,2.59849120374936,0.0142866295841503,0.0366446057236706,-3.46054813721911
"RTN4RL1",0.781008712037725,5.1079943441464,2.59773850042031,0.0143121803655733,0.0366827927008111,-3.58168737427172
"SLC9C2",-0.990701104425117,1.61984659619869,-2.59655751282501,0.0143523546595838,0.0367515356290534,-3.2170487733136
"15-Sep",-0.734513831792585,4.05028555153799,-2.59472104776485,0.0144150340602972,0.0368546530955644,-3.54683269503459
"ZNF718",-0.616917741339302,3.02812204226116,-2.59451493261652,0.0144220846537035,0.0368546530955644,-3.43707096949598
"DNAJA4",-0.658435803528803,6.0212799068255,-2.59345763053831,0.0144583020455665,0.0369129303244973,-3.61171498321392
"CBWD5",-0.887246376850628,3.13129620104686,-2.59267164211731,0.0144852802278289,0.0369680899879735,-3.45685773379103
"NABP1",-1.22909575309042,1.91731252274229,-2.5923192302486,0.0144973914918546,0.0369921387575397,-3.2738082015396
"IL12RB1",0.812064796640215,1.01266624942606,2.59185754709791,0.0145132722359252,0.0370257951869794,-3.1023518949893
"AP000275.65",2.10680200631511,1.3364697218347,2.58919249136285,0.0146052585038348,0.0372190670872723,-3.10558040675315
"GMFB",-0.652793052253604,6.19942436949229,-2.58892359634117,0.0146145694950739,0.0372358990597504,-3.61846669672476
"C10orf128",-0.647267987660097,2.86901109573098,-2.58770370464348,0.0146568795151125,0.03729463445658,-3.43090751776996
"C11orf71",-0.587706703253797,2.88786096311469,-2.58770090183654,0.0146569768563701,0.03729463445658,-3.43315268333763
"RTEL1-TNFRSF6B",0.587680243631854,5.12039731307499,2.58763390963567,0.0146593036680213,0.03729463445658,-3.60664749919745
"GRB2",-0.662439813166826,6.06196752168996,-2.58614320538395,0.0147111681302642,0.0374058360385377,-3.62688105990303
"PDZD7",0.747978493671925,3.8761386116758,2.5828298001821,0.0148270562084856,0.0376309702111712,-3.53233403593239
"PLCH2",0.616711878226744,5.51746026498059,2.58156350326359,0.0148715681132035,0.0377230689042936,-3.62871374086629
"GCK",0.709494608097692,1.41101097941173,2.57513131119322,0.0150995811434219,0.0382169093460785,-3.19513629110792
"FAM47E-STBD1",1.42639201278981,0.990424907839053,2.571859829263,0.0152167864677755,0.0384711002357263,-3.12406571910711
"C2CD4C",0.641831801770462,3.2933827912326,2.56883970176272,0.0153257322524811,0.0387109767853142,-3.50026159537809
"RP11-244H3.4",-1.34130333300226,1.04328900773002,-2.567042532673,0.0153909034402431,0.0388470693765932,-3.18889577157938
"CERS6",-0.627041236062786,5.71831436045091,-2.56442128263575,0.0154864174879345,0.0390217355653272,-3.67626831870852
"F3",-0.677836992024284,5.00899684171322,-2.5637406350844,0.0155113085295119,0.0390721429021807,-3.66660282787035
"C4orf27",-0.593256754240711,2.39231873181093,-2.56233639851082,0.0155627777296744,0.0391946164601115,-3.41381324486545
"SYT5",0.939650473060892,4.60354883630008,2.56195326018647,0.0155768481767206,0.0392085252898944,-3.6303324700096
"SEMA3B",0.715758858460941,6.49693430448223,2.56172364959514,0.0155852860685356,0.0392225899029113,-3.66381048790818
"TMEM178A",0.786656735076264,4.79975196189166,2.55979025504245,0.0156565033543547,0.0393761508163796,-3.64917935850245
"LRRC10B",0.675003737596357,4.57096587932143,2.55961777173186,0.0156628714131071,0.0393818332753092,-3.63982826433635
"LL0XNC01-16G2.1",1.24244963432481,2.36373839972241,2.55917977654731,0.0156790528774819,0.0394009215936868,-3.36158519801868
"GXYLT2",-0.580256921632205,3.1531251633577,-2.55824270556885,0.015713724227531,0.0394808397106179,-3.5307652934409
"ZFP36L2",0.594098417265704,6.11493399382988,2.5569515662163,0.0157616119349818,0.0395650386423356,-3.68250437109719
"HEPACAM",0.67352752220053,8.25709680325417,2.5537771543319,0.0158799224833295,0.0398402212020232,-3.61174430802438
"FOXO3B",0.679601346906368,2.78787384707794,2.55333831449723,0.0158963423938716,0.0398668794754997,-3.45880856360958
"ACER3",-0.758908918395298,4.96465549508709,-2.54932795232293,0.016047123975864,0.0401864373124413,-3.69589343801724
"CENPI",-0.638965572965521,1.02011270180302,-2.5444434498524,0.01623255308216,0.0405990845081068,-3.22821010308787
"UGT8",-1.02377380856056,6.28390716470482,-2.54287221815667,0.0162926200777169,0.0407197139283441,-3.71383100300035
"RHBDF2",0.644035570135233,5.24557653073317,2.53893185743047,0.0164441595653716,0.0410760718422723,-3.71375087024665
"CERKL",-1.00212163831591,0.995182939196439,-2.53820904338995,0.0164720983726426,0.0411309282718082,-3.24058320857333
"ABCB1",-0.660667947862331,5.02933688943034,-2.53658888876561,0.0165348809363577,0.0412482276829597,-3.72512163208301
"MEX3B",0.66923995021904,2.69759746560701,2.53587405338395,0.0165626515532393,0.0413045755752313,-3.48461125228174
"MYCN",0.580558765697815,2.36029205690364,2.53492459134058,0.0165996036315908,0.0413667413209563,-3.43613694545193
"NCAN",0.689675490488886,7.66368141747083,2.53390284239689,0.0166394538919135,0.0414435339378502,-3.68135882496189
"AQP3",1.16476488743473,1.05537878545824,2.53361357680977,0.0166507518300995,0.0414641686453129,-3.22007703304191
"FKTN",-0.683659038680664,3.7965970006643,-2.53310592225476,0.0166705965435793,0.0414985671194273,-3.6561310205687
"C1QL2",1.04981424150716,3.3746208726224,2.53099452404867,0.0167533671681122,0.0416819898029999,-3.57590267656136
"PBX4",0.656302857992035,0.979678180168381,2.52981832650245,0.0167996402618022,0.0417820078877028,-3.22993543977943
"CCDC169",-0.620179961345269,1.46602061550073,-2.52688155508847,0.0169156909372882,0.0420098940602821,-3.3344162136833
"ATP6V0C",0.609550571655121,6.43025698417193,2.52430930767531,0.0170179429569492,0.0421800996092539,-3.74566991703671
"SLC24A2",-0.600405801337264,7.88653101349603,-2.52127956273736,0.0171391112175,0.0424345644951454,-3.69596615790123
"ARF4",-0.581282608494055,4.1098437611183,-2.5210547120622,0.0171481352282619,0.0424492694506409,-3.70760687202778
"SFXN5",0.752442397701084,7.09934203766867,2.52078107954475,0.0171591229175379,0.0424611923158136,-3.73206175508633
"C1orf112",-0.635946548519478,2.77756496456229,-2.51859174190597,0.0172472692037941,0.0426563032914109,-3.56314297031867
"C4orf36",-0.600282773633025,1.65893916015122,-2.5183928631441,0.0172552969987645,0.0426684891284813,-3.3829360175029
"ANGPT2",-0.818314286715155,3.92119609458418,-2.51638987956115,0.0173363399081095,0.0428350972786839,-3.70297261088401
"GNRH1",-0.989776892212833,0.781753738026674,-2.5152753845428,0.0173815851200097,0.0428882899115033,-3.25568855903853
"CLDN10",0.607341751366305,2.72792935818074,2.51389707610604,0.0174376906452881,0.0429881872034772,-3.53501129738406
"AGPAT2",0.593969729112448,1.88867246120331,2.51340464282854,0.0174577760357832,0.0430222879707043,-3.40001333302173
"PREPL",-0.786605687686111,7.48642196048459,-2.51252304472928,0.0174937878680992,0.0430955987921434,-3.73275091582682
"FXYD7",0.633024189503182,3.8841796866102,2.51232007204799,0.0175020886404476,0.0431058037187851,-3.68659717727476
"GPM6A",-0.612723844315729,7.90225779485122,-2.51157785020065,0.0175324734099208,0.0431445576884692,-3.71573384395386
"XKR7",0.659295070486847,2.25914317379268,2.51080646173756,0.017564103604495,0.0431805006515277,-3.46771427471139
"SLC16A10",-0.665452710044311,1.23269750324541,-2.51056774005247,0.0175739028348764,0.0431847280197739,-3.32987762820076
"FBLN2",0.809755097349913,3.03846995581971,2.50908020408968,0.0176350777278121,0.0433170271917495,-3.58526041265402
"ZNF585A",-0.655527507844406,4.05566942155674,-2.50902904700587,0.0176371850414485,0.0433170271917495,-3.72906822512616
"TCAP",0.682221933610103,2.3205000886365,2.50840188845184,0.017663038412048,0.0433727822248738,-3.47823550418599
"INPP5J",0.70319935957626,4.75153660583721,2.507148795216,0.0177147991161483,0.0434688571036585,-3.76120692523639
"RTEL1",0.581778340665311,4.18853901084373,2.50625540445956,0.0177517869558189,0.0435208160162167,-3.72704983569742
"HACD1",-0.635721853794459,1.29090055843087,-2.5058319385682,0.0177693439325883,0.0435502158672521,-3.34934550595959
"CAMK1",0.620988852290558,4.44810631533042,2.5058135080165,0.017770108429229,0.0435502158672521,-3.7467946039497
"LIPE",0.703413288465076,4.51908358189339,2.5040156502618,0.0178448288349719,0.0436944287541011,-3.75196430994198
"ABCC8",0.658874070952567,5.71090799863945,2.50383480348817,0.0178523609387439,0.0437050949791948,-3.79544414405851
"CFAP70",-0.645410745281033,4.75901631947255,-2.50352138798745,0.0178654213316757,0.0437292890332959,-3.78437137952719
"PCDHA4",-0.627378966572493,2.82911857217987,-2.50340429006994,0.0178703031933124,0.0437334594065751,-3.60239649876632
"CEP162",-0.612886090064779,4.2230719278449,-2.50325084256612,0.0178767023410282,0.0437413408454638,-3.75359805082624
"PLIN1",0.850973960965945,3.94827192319387,2.50101658202371,0.0179701155762853,0.0439230480364587,-3.70825851676797
"SHISA6",0.654856095323101,8.46858560973113,2.49908477568678,0.0180512448041737,0.0440743753992609,-3.71670623444908
"MAP1S",0.798576549116148,4.72732746353164,2.49810588903491,0.018092483053364,0.0441437339179685,-3.77659967164053
"GATA2",0.789739298792169,2.48578374141542,2.49768660579096,0.0181101729625414,0.044179062247391,-3.52569269293737
"NAIP",-0.693200879996319,1.75083401550664,-2.49754633940774,0.0181160944650511,0.0441856745717066,-3.44152168329987
"PMF1-BGLAP",0.582030861544243,1.28418336720942,2.49706836279482,0.0181362861466764,0.0442114142895329,-3.33994951722049
"LRRC34",-0.654729758479045,1.6869633630869,-2.496954297168,0.018141107799319,0.0442153355342595,-3.43206525406056
"CELF5",0.649970913353675,6.35722157679249,2.49644796346354,0.0181625251845736,0.0442596970187564,-3.80592028424656
"GLI3",0.662782808985344,4.98673708035813,2.49595676204936,0.018183324689099,0.0442946948215068,-3.7961355735499
"TTC32",-0.603614088641183,1.68506377122413,-2.49556131734635,0.0182000853562949,0.0443276769182255,-3.43455428544503
"SIX5",0.684544040743332,2.89287724766534,2.49284927866899,0.0183154163676809,0.0445770153228964,-3.60034882596059
"CACYBP",-0.67409563194867,4.691515312461,-2.49266218657457,0.0183233972686305,0.0445885534595268,-3.80414183139409
"PRKAR1B",0.589975284946411,7.45192408056701,2.49200509540919,0.0183514525229339,0.0446331456642088,-3.77885754307506
"HIST1H1E",0.610309683135774,4.23178124830223,2.49102421716586,0.0183934056490325,0.0447193736989993,-3.76110931196196
"DCHS1",0.604230394570151,6.45075494778596,2.49005182724947,0.0184350826511895,0.0447881969929296,-3.81788289786934
"ZNF766",-0.885499065495645,3.21464965289511,-2.48793972917293,0.0185259069073578,0.044970013221406,-3.68818086803121
"KCNK3",0.606236535852088,0.988744121633747,2.48607699826327,0.0186063486816023,0.045141390022484,-3.31914404877117
"PDE2A",0.618490353832903,7.00208096679079,2.48587734106931,0.0186149898514241,0.0451543936797897,-3.80945607141727
"PNMT",1.17363944103637,1.3490740246401,2.48452498266451,0.0186736170292347,0.0452726645418074,-3.35013421985357
"LGI3",0.607125776543998,5.95826042591819,2.4836422392165,0.0187119769313301,0.0453480815044839,-3.83829500209539
"MT-CO3",1.3937926522857,13.790089701623,2.48358169649786,0.0187146104835378,0.0453480815044839,-3.37018703892961
"ANXA1",-0.78707850522003,4.12390091364384,-2.4833624761333,0.0187241492130318,0.0453592794462972,-3.78873828775477
"CCNT2",-0.653182071021307,4.48187661742239,-2.4808835320961,0.0188323241552894,0.0455691247935534,-3.81757064541166
"ORAI2",0.6930040004945,6.02767648449142,2.47946666098792,0.0188944101812589,0.0456711713515377,-3.84600363001043
"MT1E",0.822937813726564,5.28171522447884,2.47773535659986,0.0189705293470308,0.0458251440675228,-3.84094071265315
"B3GALT2",-0.632805694640294,3.63340980905931,-2.47619017146455,0.0190387030369677,0.0459392587220258,-3.75943517175766
"TNS3",0.771155086454567,7.80246654149704,2.47534462973536,0.0190761034808023,0.0460214340812273,-3.79818437317676
"RASSF8",-0.618106927813958,5.64371304923943,-2.4740570373988,0.0191331864155038,0.0461348831722005,-3.86744560910332
"YBX3",-0.634500112365009,4.35102993319112,-2.47249223405964,0.0192027698608825,0.0462511970032974,-3.82688626839956
"ID1",0.717084537915579,4.77144355836002,2.47232527189291,0.0192102079971446,0.0462537562951082,-3.83491084927405
"NDFIP1",-0.673140755635243,6.45402982324245,-2.47213683113148,0.0192186061752383,0.0462597935241306,-3.85969395547987
"PROB1",0.763185539060486,3.34211772324458,2.46977952107637,0.0193239485395166,0.0464564737687436,-3.70719225667518
"HTR2A",-0.663956489256356,2.46948606665293,-2.4696764821124,0.0193285651511607,0.0464594559030782,-3.61884129450137
"PLA2G4A",-0.696058590171753,1.84255876430492,-2.46948211975452,0.0193372762170766,0.0464641623927346,-3.51341833488753
"TOR4A",0.742600392013805,2.35297690157208,2.46825331755906,0.0193924328920879,0.0465804274791449,-3.56451190010298
"FGL2",-0.748013065873405,3.02317824888927,-2.46812180793162,0.0193983444407115,0.0465864952615413,-3.70438279586604
"LFNG",0.695915782953707,4.28828960035022,2.46771306369786,0.0194167286366666,0.0466225096438963,-3.81301711819053
"DNAJC22",-0.774131299830875,1.15872979073412,-2.46506986956245,0.0195359984022624,0.0468598351078146,-3.41054078939837
"OLFM2",0.59429574023073,6.00864080298191,2.46203022731701,0.019673987189667,0.0471333108838803,-3.88398356247826
"ASIC2",0.626606707882319,3.33938631702093,2.46139196009293,0.0197030754488856,0.0471947817671217,-3.72994974721552
"CCND3",0.62527789531475,5.0568938259891,2.45719168708805,0.0198954828868058,0.0475976599452947,-3.88099000290159
"MAPK13",0.992846732789245,1.97321392874306,2.45637736110175,0.019932984407213,0.0476708026464475,-3.51919863165713
"FAM43A",0.713539418396398,3.44507628487502,2.45527462636606,0.0199838710016343,0.0477675957709727,-3.75208778409699
"SPTB",0.658130103738452,6.22294485264098,2.45414666076333,0.020036044969306,0.0478839900699236,-3.89660726413199
"ZNF469",0.614606900249659,6.20783888611778,2.4536594021121,0.0200586216441006,0.0478963547535082,-3.89868445483143
"PCDH8",0.921037748478139,5.82258130832539,2.45285321207262,0.0200960268739257,0.0479690244253412,-3.89816224990158
"YWHAZ",-0.713884660266291,7.38762728990958,-2.45252408864623,0.020111315742419,0.0479888704580245,-3.86288485545231
"KCNJ2",-0.705517546449894,5.20533346567964,-2.45148199154924,0.0201597948689674,0.0480712072763576,-3.90894667827487
"MT-ND4",1.43364249864076,14.7406342132691,2.45078883297263,0.0201921003506551,0.0481398982892177,-3.37406445567832
"NIT2",-0.611248706980806,3.7780101660911,-2.45056218981068,0.0202026736037806,0.0481567627683396,-3.82628698811267
"OLFML2B",0.739105589548104,2.92800077219335,2.44979983484373,0.0202382758516115,0.0482249201721256,-3.69164737556688
"PPFIA4",0.602201432084936,7.09035213781049,2.44819847341897,0.0203132471157672,0.048376080651106,-3.8846994640185
"CTNNA3",-0.806311356517147,6.68593224063311,-2.44795540677489,0.0203246490141271,0.0483888399798274,-3.90184866887743
"CCDC68",-0.794164344163534,0.906241245213856,-2.44771615693957,0.0203358775924542,0.0484071979847365,-3.40730058701793
"CENPQ",-0.659409324269369,0.955678551763501,-2.44760499892337,0.0203410964410223,0.0484112466490675,-3.41299206374045
"PSD2",0.636004751433992,7.60446567169293,2.447370189582,0.0203521247270659,0.048418277154248,-3.86523273280998
"KLF8",-0.588863548770263,1.98982417042967,-2.44726281745782,0.020357169494963,0.048418277154248,-3.5851835187986
"KRT222",-1.74152281898782,2.34616018144275,-2.44327118754566,0.0205455262148856,0.0487965112604488,-3.644883537242
"EVI2A",-0.830971085063137,3.98455121017883,-2.44246548325801,0.0205837386310977,0.0488619677941238,-3.86257005934425
"PCDHGA8",-1.22681451628767,3.58182308952941,-2.43975558483037,0.0207127395781889,0.0490996970855252,-3.8302281614899
"VWA1",0.591283692709861,5.67433422418027,2.43935953054539,0.0207316550148233,0.0491283459030452,-3.93079540735746
"PLEKHB1",0.899054329534491,8.65381797419237,2.43858879491712,0.020768510425661,0.0491987385036187,-3.83264517507036
"NDRG2",0.626516312928444,9.40683771010697,2.43816994628724,0.020788564257744,0.0492377681154587,-3.7907359167512
"MT-CYB",1.3167734600958,13.6529131020822,2.43688100024136,0.0208503881911869,0.0493247708267016,-3.47338245213108
"DFNB59",-0.711037949265618,0.900687211412486,-2.43607955078473,0.020888914225839,0.0493734710858418,-3.4287111502075
"RBFOX3",0.632594170583149,5.74472284978045,2.43308301701987,0.0210335363664036,0.0496896985301426,-3.94400438905712
"VGF",1.00247352676428,3.92069919310963,2.43273085353294,0.021050592867786,0.0497214569951258,-3.84416910258855
"PRSS3",0.756823912681691,2.63371196864104,2.43079777950914,0.0211444437807364,0.0499174285240545,-3.68957771393672
"NUDT6",-0.647936386581916,1.80206312799874,-2.43000719912621,0.0211829366117929,0.0499911491536413,-3.58631580744818
"SPAG6",-1.13031028109757,1.44443532872376,-2.42990294858566,0.021188017278439,0.049994565461008,-3.52948510484667
