"","LOAD1","LOAD2","LOAD3","LOAD4","CTRL1","CTRL2","CTRL3","CTRL4","E_4920_OL_RNA_S1","E_5273_OL_RNA_S75","L_5342_OL_RNA_S95","L_5425_OL_RNA_S39","L_5492_OL_RNA_S78","L_5566_OL_RNA_S92","L_5569_OL_RNA_S9","L_5197_OL_RNA_S20","L_5252_OL_RNA_S19","L_5275_OL_RNA_S57","E_5618_OL_RNA_S62","E_5107_OL_RNA_S98","E_5333_OL_RNA_S25","E_5337_OL_RNA_S12","E_5419_OL_RNA_S14","E_5454_OL_RNA_S21","E_5537_OL_RNA_S76","E_5585_OL_RNA_S6","E_5020_OL_RNA_S79","E_4988_OL_RNA_S16","E_5113_OL_RNA_S23","L_5594_OL_RNA_S65","L_5147_OL_RNA_S22","L_4950_OL_RNA_S64","L_5303_OL_RNA_S24","L_5366_OL_RNA_S5","L_5376_OL_RNA_S61","L_5526_OL_RNA_S100","L_4964_OL_RNA_S32","L_5065_OL_RNA_S37","L_5269_OL_RNA_S30","E_4934_OL_RNA_S40","E_5047_OL_RNA_S43","E_5082_OL_RNA_S80","E_5184_OL_RNA_S46","E_5240_OL_RNA_S73","E_5000_OL_RNA_S58","L_5394_OL_RNA_S4","C_5628_OL_RNA_S44","C_5114_OL_RNA_S69","C_4942_OL_RNA_S90","C_4954_OL_RNA_S28","C_5709_OL_RNA_S18","C_5070_OL_RNA_S60","C_4870_OL_RNA_S68","C_5248_OL_RNA_S82","HCY-2","HCY-3","HCY-4","HCY-5","HCY-6","HCY-7","HCY-8","HCY-9","HCO-10","HCO-11","HCO-12","HCO-13","HCO-14","HCO-15","HCO-16","HCO-17","HCO-18","HCO-19","AD-20","AD-21","AD-22","AD-23","AD-24","AD-25","AD-26","AD-27","AD-28","AD-29","AD-30","AD-31","AD1","AD2","AD3","HC1","AD4","AD5","HC2","AD6","AD7","AD8","AD9","AD10","AD11","HC3","AD12","HC4","AD13","AD14","AD15","HC5","AD16","HC6","AD17","AD18","AD19","HC7","AD20","AD21","HC8","AD22","AD23","HC9","HC10","AD24","AD25","AD26","HC11","AD27","AD28","AD29","AD30","AD31","HC12","HC13","AD32","AD33","HC14","HC15","HC16","AD34","AD35","AD36","AD37","HC17","AD38","AD39","AD40","AD41","AD42","AD43","AD44","AD45","HC18","AD46","AD47","HC19","HC20","HC21","AD48","AD49","AD50","AD51","HC22","AD52","AD53","AD54","AD55","HC23","AD56","HC24","AD57","AD58","AD59","AD60","AD61","AD62","AD63","AD64","AD65","AD66","AD67","AD68","AD69","AD70","HC25","AD71","AD72","AD73","HC26","HC27","HC28","AD74","AD75","AD76","AD77","HC29","AD78","HC30","HC31","AD79","AD80","AD81","HC32","AD82","AD83","AD84","HC33","GSE278723_AD1","GSE278723_AD2","GSE278723_AD3","GSE278723_AD4","GSE278723_AD5","GSE278723_AD6","GSE278723_AD7","GSE278723_AD8","GSE278723_AD9","GSE278723_AD10","GSE278723_AD11","GSE278723_AD12","GSE278723_AD13","GSE278723_AD14","GSE278723_CTRL1","GSE278723_CTRL2","GSE278723_CTRL3","GSE278723_CTRL4","GSE278723_CTRL5","GSE278723_CTRL6","GSE278723_CTRL7","GSE278723_CTRL8","GSE278723_CTRL9","GSE278723_CTRL10","GSE278723_CTRL11","GSE278723_CTRL12"
"CHML",3.21097855968787,3.25188261772251,2.11008594147294,3.71114176167075,3.3693606469804,2.2745416710505,2.697287005639,2.440205147218,3.20257332967678,2.86530431948324,3.60707473261659,3.25187893764692,2.6319551793334,1.30557801824836,3.04923447102483,0.850668297573776,2.94090534309503,2.51514350018591,3.00772035853727,0.576196383070309,0.576196383070309,2.73178055328306,2.26971002896046,2.28691256694181,2.53171297050591,2.17761439187945,2.60683386488174,2.43587144584027,2.96975088062859,1.38658957784408,3.36086272519131,2.70203640130397,2.89999173642357,0.576196383070309,3.5219917246164,3.14196503832317,1.77678939240508,3.09243596702815,3.24400372952767,2.65065237205263,0.576196383070309,2.76023480692532,2.42818511662891,1.93943684958611,2.34458219651077,3.04337026332124,2.53401604697722,3.23615001696465,3.83292994065859,3.93980151309101,2.90396142826721,2.75338315016372,3.84622923050027,3.44510488702076,3.34915377441123,1.7409444785936,4.14892047466093,2.0420489176318,4.57891494407816,3.1964374553028,2.39389682591414,2.69271192878625,4.45274249756992,2.70907669093896,4.56663270934935,2.80241627980706,3.40024557335631,2.96097197611044,3.49560537669807,3.56671587368085,3.67172953833803,3.30178821811647,2.94934071950911,3.03569023427944,2.58663652829123,3.19111897528057,1.37886548463773,1.90676776180307,2.60998018769814,2.24123569620954,2.5023254355773,2.61320222989651,3.0800426555492,2.85810294656629,1.82246068168006,2.54579948815777,1.95557502338854,3.33911856900734,2.344763649097,3.04366661797512,2.47692645560318,1.8582688291177,2.06834284715376,1.99038513542258,1.5440582989216,3.32406518114251,2.055806853957,4.63173840663444,1.66823928817747,3.8226705806785,1.76931402151229,1.35869246693742,2.15596147118884,3.78609781833776,2.27710920707868,3.21092250881269,3.54874680240662,3.35169224579385,2.02711310239385,2.33100478767333,2.37305538585243,2.03961592925078,3.11702426072626,3.20281217495047,2.94379673418983,3.58372420540719,2.82788315955024,1.97905750010488,4.55861868450145,2.94660699426203,2.47290665352353,1.54372434893052,3.18098973769212,2.5028802769528,2.02810669462972,1.36869945848932,2.64438983962736,2.34828851028915,2.74775798350254,2.24462631562646,2.14156527684286,2.77242482935046,3.9823828376408,2.27680537714436,1.59740775558011,1.96589079736812,2.79679099887948,2.95347686123958,2.49667189724247,3.81330591531414,1.72561741820773,3.01800977639221,2.30514577706309,2.71560202430779,3.56879259364855,1.74917638402971,3.41642626410353,2.72243182857325,2.9765514002971,2.83613534591457,4.18015594849693,3.47451534610105,2.18134478126561,1.84185151991153,3.80709986195402,4.10758254043113,3.87201540220114,2.2471386287978,2.30762960023461,2.65837474062793,1.54014742805646,3.24728297799608,3.13081918756269,3.40242319924418,1.6455851597639,3.45717957442827,2.72659702592957,2.54727756404787,3.55622115933901,3.27681748213759,1.97719597615319,3.06677548929405,2.87651711393309,2.33967842912153,2.2850714539148,2.3303357626016,2.20217662636652,3.8235303319627,3.39988248096063,4.05770164508035,1.98324907923971,2.04950833113078,2.98135470644413,3.99262928101134,1.94781631667577,1.44022351492173,3.69853776776519,2.24158770574504,1.98965191281581,3.35278977920259,2.69386983439442,3.96808473462425,2.7535292608718,2.7133996529784,1.70098993555504,1.76392264310323,3.42453847510367,2.62096299969218,2.8102548866777,3.2845794651423,3.26759485319987,2.15017251699919,1.69089250990982,3.11924582023119,2.51677211232964,2.74080408906669,2.41276399410137,3.41331791944595,2.99352440652255,2.8849332965498,2.65504798434038,3.22662675859202,1.90439157173089,1.91741194578856,1.70153389454149,3.4805798148515,2.016530895672,3.12608113460546,3.23095968967576,2.99911133212341,3.84324451711341,3.88806050897802,2.09263869044032,3.0895546591256,3.5065491778634,3.59241673293499,3.64374587745737
"KANK2",4.16709290408312,4.76423973548206,5.53198931497389,4.54207114985179,5.09146561935414,5.03004185707859,3.78080012634265,3.95056728268,4.22392213134877,4.29449681314924,3.67754359359582,5.08892644229873,4.24616268492629,4.43955182845116,4.39998492779023,4.38632805640348,4.77602202482309,4.01286905449203,4.09972397071513,6.88074388614209,5.67673077748125,5.04142767692048,5.75221248872581,5.69343092374978,5.60171618111158,5.2589348576544,5.68143672307826,5.2286808820458,4.7028951590685,4.6874623143313,4.02083112156111,4.37936846028117,5.6386046672097,5.59713356265119,4.6742285615745,5.12757564091249,5.77941331940827,5.07465151710526,4.91880022824773,5.67770035068103,6.1936239722312,5.6468872310172,5.64484133400164,5.21785378270824,5.33171618862566,5.476083495602,3.28686384322563,4.61553635002487,4.0686615050182,4.33877014562074,4.40951797055161,4.37378968403908,3.75443761954958,3.77702118057724,3.21411994229005,4.3813479596012,3.87010820649451,3.75329225497768,3.72951666330706,4.63111580279107,5.25760352611031,3.82414672075893,3.87455125862743,4.63719731258326,3.38781822041481,5.19338877476866,4.60413186974478,4.80615151960438,3.68031417812121,4.17963664916625,4.23275107553101,5.26422058349527,4.49764273729864,4.52177214045684,4.87550133883462,5.75455374382954,5.39079550264963,5.25449119730674,5.49613545738404,5.90943205704745,5.29707607343135,4.80304012690836,4.9087188526927,5.09694075464033,5.19815272364492,4.85118449956483,5.95383047980163,4.5146447061881,5.03639399377838,4.74804934598351,6.1330306552926,4.06136926789995,5.18320145073197,5.64232213636987,5.14005292433515,4.96977300977175,5.65006422250836,3.91042693045711,5.90275682112276,3.75165069719422,5.29002433040224,5.3002234473627,5.65793200625169,3.78607595014415,5.81539480286696,3.84390692248352,4.60559870030342,4.71185305064558,5.32125188545082,4.90320265408897,4.95521948818792,6.14383829877113,4.2864317011819,4.85293180653046,6.03994548070095,4.04122300080985,4.07150158749002,5.90212165988402,3.37557886468399,6.02265535897815,4.87955842018103,5.73566301973596,5.34022215675476,5.32419312881112,5.16903752905101,4.97154069783419,4.87481858097183,4.0951639315161,5.9159545117577,5.14959403763636,5.07314972195363,4.05018031262875,4.23232262592089,5.04836549465456,5.36671670982944,4.67036152361737,4.73029625949671,3.84009953110839,6.10473572889163,3.64142591624141,4.71389932390051,4.22816842018557,5.06335053356741,5.60685992804436,4.32147476098439,5.01127400950446,3.76205991157215,4.7878560579515,4.98056340735819,4.80148300362254,3.57787003715846,3.92171457618153,4.79634693627129,4.86226391791081,3.49359489286525,3.64255159368011,3.71405289416619,4.94877908995153,4.51613262489026,4.36119369350233,5.36932529379866,4.5410061665496,5.11400253944911,4.29025978853316,5.28418083505862,5.07620104188766,6.14528892561323,5.55010889565406,4.36584374552601,4.66892973891194,6.04746526303831,4.57153746811929,4.82325960455983,5.71785988869615,5.00574648190952,4.50949882999106,5.69119036091872,4.34303609033675,4.12329436780666,4.58794228784866,4.50711807489229,4.53862210007568,4.49709717718643,4.00441147882904,5.25066124249795,5.76430444950827,4.05331031999846,4.2233630121632,5.16048336302142,4.15657844841947,4.60950055649284,3.34986968302856,4.39241400691204,5.69833133936092,5.12071612133049,4.9768224929852,4.27300479661241,4.36529875722529,5.20243932290058,4.78769236625634,3.05851726323509,5.46850562064212,5.70943598776477,4.03406870720068,4.82474866747005,4.77335053780396,4.36599716437559,4.99706011217184,5.03348143163885,5.59888219207168,4.86156648842383,3.89982363340192,4.66699760812333,5.14559204934907,5.70581363329831,3.97202697820856,5.20509928226102,4.45978549252477,5.7037709398099,3.2642516907197,3.84723970242272,3.33614916217285,4.83653622645367,4.36773411636377,4.53005230068464,4.24664176963466,4.95750300160862
"PRELP",4.59969579679873,5.23732871968469,6.01006452498759,4.59120308857345,3.90495038586715,6.31661730684883,4.5874882301541,4.43354867635081,4.25241062958801,4.06111098151237,3.54609659278721,4.72051090431983,4.27427755130762,4.94257545739122,4.62809296161711,4.51159266796074,4.80675567315235,4.14312913588385,4.34398930136787,6.34548460497982,6.16100935397774,5.48079029979552,6.21511700795526,5.51988093639192,5.71336903012395,5.66947063881,5.7023703816342,5.79540933001619,6.11719898293476,5.15238090624854,5.41874593050467,4.94743797758495,5.84576178050134,5.63896975313443,5.63008895865284,5.54418704374223,5.69863369885427,6.27317085166257,6.08578362069218,4.73371881040914,6.21352701499838,5.24915526524216,6.80831836351102,6.77825581242825,6.72969693419285,6.66880166565179,4.43870517072964,4.95046384093873,3.99049504991259,4.85748087211135,4.91170390337243,4.18275834514644,3.80949836264204,4.21269597560874,4.83046657453904,4.60930435933656,4.57119229699269,4.39157424785427,4.15578194997371,4.18881087117253,2.48593198249538,5.56214797112946,5.26432280974932,4.73551813961511,5.06099597537314,5.25104570587092,4.91477058788099,5.05257026193072,4.12575847240419,3.78855059285361,4.58765123444973,5.67366177500348,5.22100398796995,5.29423969297819,4.68295315692958,6.31545380621718,5.5355081013253,3.88574227197027,5.51067061951182,6.18773691518689,5.47416152710121,5.00132236646069,5.36093721246521,6.25531966443823,5.37684308023959,5.19809239281423,5.96904261777689,4.76371093474044,5.12008098403315,4.59336589947048,6.5824400480603,4.69002136590681,5.20618348878238,5.94307759816784,5.80764988941879,5.62797667392684,5.2919950093375,4.27611013657835,6.34099666380622,4.57598012980702,5.44637451369839,5.68252564576137,6.02677509896684,4.52582173084254,6.58667343936232,3.60072444786938,5.32359227593115,4.98296251588272,5.84136391598652,5.29555386253893,4.90168098889012,6.59456343827142,5.31156400073176,4.91220903805286,6.27270610685392,4.80257112457312,4.45497058345896,5.439275868772,3.81853861648649,5.86893549593544,5.12547433479388,6.42572940996524,5.6785212569491,6.50534136957358,5.09113805327265,4.8185662740526,5.81883532822037,4.03987470363156,6.7901285982199,5.2828282066198,5.38227991311828,4.02982371293874,4.92973339959645,5.6724108504161,5.88967739557915,4.90555586571792,4.22395120194239,3.86428874633385,6.77244302288632,3.91296359142528,4.87972036508115,5.28024324471996,5.39737458804487,5.77234900013623,4.44939484998017,4.48931767637161,4.70673768059895,5.14196778068027,4.8733647185244,4.38757401437966,2.77498550845475,3.8769412839834,5.17705563873049,5.70656055367043,3.48718744806933,4.54440416217323,3.95312203749987,5.84671623049031,5.64194877576247,5.06758841350655,5.57559453767782,4.315818075976,4.90764052271593,4.71273519115036,5.76424156068961,4.87372345448274,6.53550391594365,6.04705114059436,5.13841640529969,4.81483773684282,5.93542816543896,6.18610231891011,5.43405606402118,6.1477698960543,5.63936922042747,4.74744964696619,5.30136145065945,5.33493900638683,5.34361303592949,3.58244318322175,4.82263227234818,4.77419269281661,4.47871986881712,4.39693832442097,6.39717541233566,6.31051755587791,5.36518299762484,5.71430522719154,5.83540585858415,4.5103515822964,4.64980348043247,4.16828086690549,4.81139626453748,6.45369059400352,5.74872067768182,5.59400278086049,5.0349091719728,3.98030530822906,5.72215730827226,4.70942727303403,2.86792696433038,6.54529447860381,5.63265363602412,4.62540641148847,4.00078189619386,6.08150041576003,4.34034998608135,5.2637655128125,5.65404481597272,5.44078886999377,4.29384125318356,4.94017142664002,5.93082045744492,6.01404086854729,6.47459594607814,4.34715550903272,5.0553651759341,3.96781379061218,6.12695509544903,3.57822750282502,4.47614599077583,3.82994212662764,4.68289117875598,4.70037587186027,4.7657613745152,4.98128545421947,5.02863919278163
"HSPB1",5.70541969431448,6.49761086038137,9.38804748064352,5.62998132136515,4.71653082809332,7.56224251473877,5.86756816710272,6.6364984178601,5.59987419063492,5.38107209830444,5.25950540562229,6.58000326710839,5.58827665647607,6.76445038826974,5.97207373252966,6.23261807805818,7.54165613040766,7.65093412268968,5.94545683822889,9.17335073020109,8.11373710770772,7.44459002002185,8.98207084786417,5.74425877821932,7.16718924495291,6.38840610663313,8.05265796192562,9.28564562454123,6.4494347440942,6.1733613810162,6.44135777848917,6.59344645481681,7.22738236353121,7.29988487875706,6.79560387655591,8.27840131379282,6.49933236339928,7.83131387716727,5.86124645201076,6.96198973294569,7.48862557115573,7.71174329883339,9.52906563815451,9.75457208194447,8.05284877059562,8.49293620043474,5.59543974255192,6.90948459893249,5.5703874769026,7.5268633314002,6.09985264740363,4.9730874442965,4.71780660580009,4.86101887175528,5.24484659685966,4.88555552400528,6.5685331635018,5.20313345357379,5.89947719403156,5.71214763170512,5.47730932311598,7.16403141196347,5.10623266744813,9.32804298170763,7.78224106226823,6.24087729527579,5.67726257583644,5.8185129074347,5.09712418277409,6.79937023483301,5.4822162141078,5.88498849892337,6.00091142404432,8.8165832081173,5.87898521402178,7.33779406295622,6.88742635238018,6.42565596565102,6.39196588988701,9.12676031714869,5.99132832747548,6.26988661100567,7.43620076128237,8.58836624187274,6.56240873678624,6.13185222092674,8.25964159723095,6.07406529479892,7.28797361100802,6.90122913598031,8.17114885359467,8.3922027020458,6.66524576588258,9.2140101109853,7.96235962638621,6.42200559928954,6.4299910440815,5.59625304788742,8.83140500879514,5.15715998852327,6.54614583014578,7.93616454874252,7.29420693933059,5.96383717206412,6.09358745248101,6.42574662973095,6.34437797685126,5.70673221814025,5.13697685973017,7.65171486686994,5.80379015533276,8.96558306494024,6.62318942869291,5.54049288804323,6.59985708134798,5.53787393743918,6.30240163255488,6.82513063680149,5.36280719926992,7.9653270532761,5.51502448665758,7.21915566920939,8.32397902157317,9.78190925699593,6.62720988595427,8.16349797771854,7.71552842839613,7.5129650184462,7.2041394379227,9.65290111804681,6.89973862252152,6.77124082079084,4.80184271336702,8.02046406556705,7.00828808231189,7.16541217498497,6.12380385349239,5.2404805643588,7.77761710114624,4.79625563617192,8.74264659568811,6.35060958734927,6.51537184467512,7.24135247281547,6.06848367487612,7.52587662281502,6.35270844209396,6.15773271160021,6.4710560755058,6.64229712953284,4.26160545321432,6.29322080794279,7.37346974505157,7.44369143112037,6.63894592213518,5.65222845230571,5.66845631727057,7.55368431180914,7.77316815855701,6.46082550565708,7.10834743247352,7.44257985744893,6.22740644291845,5.95872045292782,10.6953142877888,6.30681100045493,7.38583363501163,6.12586594545111,5.65656739356441,6.79228335314047,6.67269523325901,6.37136891696755,6.29685586086544,7.06510440135021,7.33532157975219,8.13697723606309,7.3869407790047,5.67950018003306,5.96381847785334,5.03149368538538,8.88679553949368,6.0957556478628,5.7787030696211,5.08806345635453,8.50848922782201,7.25311451354991,6.04782409717089,8.3646009995965,6.50422106587602,5.51081830235385,6.02761561595947,5.04334898131297,7.63268122728109,8.44140308116525,7.38976441630717,7.64320032087828,5.4165228370086,7.54294329371925,5.96570313314047,6.1677363509689,6.15491599618987,7.88166253379421,7.56678811996711,5.65250794959973,6.6944975668657,7.3553485510507,7.00957777660055,7.79558353525597,7.20469769581236,7.18824808286364,5.81428283134509,7.12779654782351,7.74011175168937,6.4318900792531,7.46562618065727,6.46842632958852,6.95448492798393,6.19566013359215,5.66603334777696,6.867626104918,4.49194450487949,8.04181223049087,8.11001609437657,4.73990569859174,5.4788624365002,4.96736741799847,5.63723585080677
"PIK3R5",1.3147920671632,2.82617231112813,2.54369256497909,2.85259426393222,1.29142984328825,2.89582109290289,1.94793963249013,1.17648494677403,1.0525639778925,1.94523672626828,0.885124093368774,3.11983268882567,2.32300605220434,1.7527053817728,1.9215801570917,1.55531258298704,2.56848652251724,1.51358022675684,2.16778215434837,2.58184909188251,4.11207649275948,2.24930147814777,3.39528972089342,2.64714177899164,2.57303185962082,3.13720376649673,2.20943729499475,2.9190094750796,0.999999873736144,3.0135009686288,3.38271900169516,1.54184595559115,2.82077726937524,2.09941172767391,3.3063471777367,2.4030671679852,3.1776886407037,2.51674116232757,1.95781817519544,2.9358033404593,4.02024245682485,3.57818783100097,1.38803693802898,1.54057226950776,2.11279645026418,2.90342226921288,1.70580029825762,2.15196099579034,2.34840403635013,3.16618953294629,1.232327304364,1.99995898399662,0.692999029519984,2.67639555405173,1.24853055426568,3.3480331175853,1.31654685970105,2.16812986397383,-0.113482706547441,1.99063122332978,2.13769751252461,0.0476635279374524,0.673445208300424,1.23060147139846,1.96322703800622,2.45443576578088,1.23756704431339,2.216826449108,2.12797118396068,2.18559714698114,2.86760836276369,2.3458992128836,2.16720854105596,2.84066106867541,1.88402598975543,2.95073715284262,1.56660232080145,3.12346655345478,1.79080017172426,2.55521945893505,3.78698852338242,2.23469518081349,2.53677798437,3.04184416016407,2.78715986932732,3.11197421645646,1.64465042817647,2.96704463490153,1.59346897883194,1.53127156218163,2.2630254956541,-0.294595243238955,2.07689335254709,3.17393341310607,3.03580620373747,2.7383053671329,2.80296909953568,0.450293161604682,4.01394134718883,1.26273101171829,2.77557650976163,1.34096070524421,3.88286857715998,0.37324432002882,3.81715119184266,-0.305070638804862,2.40913134249334,2.44735760813664,2.94287073402801,2.22410855621594,2.89726981387947,3.00160457319664,2.05156075910407,2.29079168398067,2.62342691318235,1.99852628202635,2.28198863033401,3.16972657254918,0.183760611710084,3.07959757880535,1.977701840096,2.86715617417802,3.11729598059843,2.1798488269108,2.72648659413501,2.57203925628818,2.82101094452332,0.954907666675747,3.37675527199109,3.43677209520619,2.41574480507589,0.128155728473228,1.85685840566495,2.40413518141808,2.9232969758399,2.52688291696245,1.56174714080604,0.339027636075186,2.05486704509132,2.19219109642805,2.85062547081929,2.39923785024562,4.09568072266233,2.98712021060679,1.10963794708106,2.25896748704676,0.993686369297895,2.44379640917476,1.87809278013488,3.21266237816993,1.74678747269519,2.56715932183459,2.10252527994387,2.4997068479193,0.578042670133358,1.64825918179184,-0.175626186916137,2.80420547753571,2.65697208707302,3.33571273589739,2.14468759574315,1.93320851449154,2.69350699473011,2.2034844442098,2.62552683950266,2.20164876120643,3.17260870436756,3.13668981933494,1.74113137333522,2.28136218114977,3.16697572888322,2.08768257192286,2.69063385271602,2.85758116717295,2.86500165668933,4.17721772239796,2.39177787531061,2.51224566321296,2.4614442074604,1.92493074277568,2.36864065271873,1.5824370711891,1.52574081879463,2.01320100154927,2.72489197754022,3.17111859407121,1.29511818842765,0.891801201917843,2.69698911631167,1.81285880714058,2.24878499488081,2.81341916367399,1.23126402375625,2.61939203031981,2.87709333132298,3.34565482486451,1.71873695803285,1.82728855957695,3.64701343892523,1.81460458123382,0.0140037037944925,2.57121863627697,1.51530699614087,1.83209991750317,2.53181302189825,3.1328287298072,3.03150523681218,0.883167847416322,3.24553822181514,4.30937260491028,3.77508269182249,1.78695444634534,1.81941164439614,2.39210629852644,2.81036266643258,1.90456354993573,1.52685819289772,1.6336030830292,1.70266105842385,1.98488556011965,1.36003913077436,0.40143074843379,2.51991148318619,1.3009886485592,2.8304195744637,1.8563152432876,1.54453650074457
"AEBP1",4.8503451745643,6.37855935432114,6.62836677662926,4.4968905739252,4.43249508402691,6.38192859459637,5.78065003152453,5.43191972189299,4.04900014457021,5.64866939796165,4.59396826491615,5.2901628362594,5.32098176179199,4.7914252348998,4.61507812470302,5.15266791757687,6.13549028196757,6.17103570201358,5.07179193075221,7.74026608666102,7.1528529143833,6.34234794569913,7.3780688483237,6.75044380898636,6.26220590945281,5.35350143072331,6.41909868268406,6.62639842267786,5.82765478902333,5.18607925744966,5.04760384964545,5.16625179077633,6.09033813573107,5.97388137497867,5.20966106539208,6.39338585449843,6.01246270978305,6.30952478563993,6.74332922256426,6.52048277008263,7.89528391295476,6.93675416903072,6.91250855850934,6.59279862149427,7.07931928762705,7.32188001070434,3.95292057530585,4.91259541825035,5.18169676846908,6.38923404550036,4.87110845975624,4.60117100456979,4.00947467436345,4.67418535284207,3.12363104971492,5.15183148059006,4.3768582429347,5.20956310656712,4.74330032838742,5.30566276025275,4.84879327809391,5.93840386537991,5.38380372013001,6.88555815432683,4.22212418557515,5.87701866188276,4.86101094368081,5.15583911476945,4.32895383871128,6.38258136156632,4.88721634211467,5.7727113864264,4.91245552611455,6.84455854260446,6.56123857563392,6.64925325702321,6.75843170778282,6.85286050996493,4.9494906102578,6.3452245961712,4.34125190314381,4.58773844348929,6.10521590008685,6.15718311605641,5.3231004020226,5.80729811979151,6.20775729170036,5.53613897766805,6.0553591065923,6.07099570999187,7.2949616421091,6.67990706352999,6.93759475961856,8.42331549062793,6.58483275918172,5.67273731673834,6.48641370910411,4.81631016984406,6.21550646275641,4.36932914814275,5.88262711611671,6.75265451947448,6.47769580339851,4.13348297860925,5.6806993876201,5.71311606846151,5.87280861022896,6.028474655718,4.85835894682173,5.93094129007225,5.17342317507267,6.7635268948568,5.61157127195249,5.31111903474581,7.07169205216429,4.84282865732388,6.07341485171009,7.07576519891905,4.52246114066196,6.52681454693874,5.1878165713088,6.72796321797719,6.38754309661083,5.88639900168266,6.51027718205579,4.6253252848108,5.83967602315935,4.77140611913306,5.72812360474793,6.4195669216839,6.41092467252633,5.65136010932744,4.31189625610659,6.65535500006531,5.83247040062145,7.1154675079329,6.93770625176836,3.36751542730157,5.94513076723973,5.1169075879556,5.83628990769815,5.00537942599002,6.31613201073215,4.84483242600707,4.91190664789232,5.53108434842374,5.49933361278233,5.7154350453456,5.04102429715536,4.61085958135105,3.43041249734489,4.4925345343537,5.84122198576378,6.68394326976362,4.78199268468182,5.64211506662967,3.06562081185626,5.96675542279393,6.97808754877444,5.33071906847104,6.49530338961562,5.47819910255843,6.97071871674719,3.99604552481443,7.725675621509,5.52036522919394,5.90075446012765,5.54172871455267,3.72190681069891,6.35641154551074,5.57593351079812,5.4061263021811,6.53025255553386,6.236844063875,6.72249090108557,6.29298795749107,6.96859820303768,4.77514365686601,4.19074199717071,4.97735696036019,4.84030129244113,5.12388622856824,6.34542392485011,5.11370471893477,6.99395389150316,6.35011528137627,4.80819134688942,5.41831192573101,6.45485391500833,4.8079364408819,6.30216863299748,3.71428143915912,5.89424320222179,6.17605796822737,4.55653161222879,5.25477440765736,4.74059494241571,5.92472304823884,5.40396015402983,6.51773495714776,6.43716937607054,6.62033727054389,6.40029251579752,5.51031690133371,5.7820130458375,7.02576654460533,5.43279557402009,6.79902898526612,5.73897205352522,6.72026232514977,4.38687446029443,4.41600433890302,6.19174268002626,5.86189192530314,6.72743046703833,4.63483003355727,5.78516112135183,6.0063707952499,5.72313668181506,5.15281892012352,3.34579527547827,4.49094090740541,5.79559384366708,4.90913113008849,5.9778286249732,4.99209880157559,5.23304899879126
"GFAP",11.8440147961284,12.6886866773251,12.832866210807,11.177484223242,11.4754722433818,12.7771806002614,11.3923908205713,10.7611931225399,10.5524551276905,11.3886571466822,11.271732914882,10.8516686689725,11.405868693577,10.5588951136923,11.5893092735944,12.4258705315132,12.8333483268924,11.71187129649,11.7765849989992,13.731349794299,13.3358463292256,12.4688094704839,13.1911370131118,12.8398466365766,12.2118067662368,12.010829715938,12.5263738804629,12.5841218843017,11.4152980399985,12.0405281238277,11.7591923256242,12.0701984366878,11.9214625041203,12.7247926096407,12.5187714602884,12.6361832663589,12.146542979411,11.8352260101396,12.7199427958049,13.1081881861043,12.913054483599,13.8322597309468,12.780605617126,11.824768681275,13.3012972707851,12.8418178719854,11.3045087742092,11.0505198875606,11.4235386745543,13.0453301852054,11.5821488042172,11.2495795469187,10.3541721153471,11.2419940665037,9.60953115752542,12.7717194439489,11.0630322449277,11.754508209687,9.56803329457491,12.0957069030512,10.9255933667976,11.1870544917358,10.2274331055573,12.0179481220343,11.6420328349306,12.2331479397512,12.0897737786788,11.3959529962004,11.8482839349904,12.4723083404392,12.0190234665264,11.9227570164036,11.3142024429631,12.6360279521468,13.4972610853623,11.8826274969606,12.2767331026817,13.0264297473666,12.2398928326264,12.9076341209624,12.5752595998505,12.3181929870221,12.254592377327,11.6195857491041,12.3104892067794,12.0509105873856,13.4414170366847,11.7475364903126,12.9297456170223,11.8136439762417,13.6532690308671,13.7324286161079,14.2725510804028,13.1335994701807,12.8469960912671,11.2910704319601,12.7607350122061,11.0008278687421,12.0292462739458,10.9835077469569,11.7426967395989,13.9456055053149,12.3422956777601,10.2816385976689,12.0303894705466,13.0714819761338,11.7225672143232,11.4841103737323,11.3652455132688,12.7287549722944,11.6325783994609,12.3657032005678,11.6088478762111,11.4055137785373,13.3294316844025,11.1626547440599,11.8529553247309,13.2809356069582,10.6107508433311,12.3139402297617,11.132335698954,12.2911737160072,11.4613473094408,11.7648882879508,12.9111362390721,11.9260540097392,11.5308383970551,11.9230594486725,11.5576682046485,12.3315380623847,11.9020005935004,11.4931488379065,10.4885788772009,12.40820890767,11.8105046645623,12.7362503655168,13.6967748117937,10.2033693526342,11.5692586424732,11.2474427095102,11.9091361864179,11.3796301905121,13.05195136958,12.6129849011138,11.5592335631938,12.8597907792492,12.3355379270017,11.8985092727448,11.5399850365749,12.2032205872842,10.7448362838805,12.1732831923118,13.1855623838757,12.8654840500585,12.4239224323863,11.3392494591855,10.0896898295573,12.1272560010321,12.4272162141183,12.0624457659762,12.6328429362125,12.7043508647518,13.7114345158825,10.3939901937754,12.4677635370654,12.5188913125199,12.3443142240376,11.5165439299508,10.0489681254982,12.3193728045001,12.283497779149,10.8121054927396,12.7550542408552,12.9376615047261,12.4101206950064,12.9228591033306,12.987651655044,11.9229561982,10.6852639323845,11.926395651916,12.0695654187931,12.1800975006977,12.1494379365288,11.3975588994059,12.3657584880018,12.6895685990115,11.2174281764066,11.8541605156386,12.4028129592519,11.928687770745,12.1089610377561,10.1679171674928,12.0166138648869,11.8986284826969,11.9805891569662,11.5308827661567,11.5721220350042,11.8932749549218,11.7503991191101,12.7338088627555,11.5222118133944,12.9756640999388,12.8696225393779,12.105089395746,11.780279158786,12.1298899036017,12.088606873632,13.2165088635287,12.1578447955156,13.2364735884776,11.2715253372802,11.4360632088896,12.0940600539325,12.1207165684491,13.3305747664095,11.0926633403506,11.2404902025068,12.1971640212577,12.7999259473885,11.0634889950102,10.1395780888194,10.2708468187202,11.9886269239857,10.6483786257823,12.3826440544203,11.369949164394,12.251007072257
"ITFG1",6.09756164853025,5.32328152598343,4.5420575360259,5.00506190936291,5.8892184275939,5.40192067882353,5.43442311430697,5.13857091917256,5.80255869721873,6.10233195213622,5.42858150732928,5.25197745379266,5.35907851021283,5.33778281606619,5.41740792164007,5.90758047699059,5.35147430940925,6.35797901984843,5.35449686256998,4.02397440013553,4.57536576339712,4.71466696585983,4.81535253306854,4.88201221954879,4.79829564851821,4.59504456495028,4.69898578954493,5.29323112869816,5.43230126912111,5.52655062683567,5.55232901416579,4.86149039414722,5.38524229296198,4.82670379056331,4.06798256941889,4.78938935428757,4.39145157456569,5.1121154611881,5.20706234686035,4.30158004134604,2.53675318774036,3.85262910870433,5.28520204548667,5.16095214096835,5.06113376026473,4.96599517833126,5.3811094348265,5.61983719090176,5.47493336761232,5.51923027750831,5.40570792464692,5.74005865683851,5.91613617344278,6.7520059478074,6.46242907728536,5.08310054530012,6.76032155807943,5.78188606226042,6.68953615998487,5.07544338499305,5.83338881469449,5.11386186436836,6.54573149802728,4.75785705586212,6.21834813313113,5.0539195303545,4.96522068970697,4.7436682263247,6.28206047008819,6.1298744177815,5.52295164760088,4.98135533330297,5.91425360847693,5.07256184518101,5.40042730399428,4.76508326970051,4.64381727859094,4.39791472479183,5.02054402315935,4.45201262101532,5.09385836953293,4.90793435933055,5.50576723086031,4.72823126102236,4.70360613592654,5.61951639693379,3.7598581359806,5.56159919236119,4.57681160010561,5.45925481731631,4.34645548337437,4.38421877684819,3.95089530229573,4.33094960113054,4.42451333755522,5.80063600063382,4.88074887336637,5.93288968230386,4.05626552420014,6.34308508602753,5.09133251115761,4.07747114244446,4.72338994183004,6.25214695874063,4.6528111608357,5.54707728234332,5.96317797668858,5.89142273560329,5.08910488336813,4.34632006192775,5.02299960502688,4.317288853017,5.11424078372989,5.53490939205537,4.57656517402215,6.10795577336078,5.74501686976275,4.32358297927772,5.90036812762885,4.54971142695127,5.59508857614705,4.48054344264769,4.68890526309112,4.55444127827447,4.90566249058855,4.90641775691534,5.27864156875255,5.33025954164146,4.67877458145134,4.90886135783948,4.86049396178513,5.73244249003765,6.09059043197155,5.25531928728379,4.92569248068462,5.02151920651191,4.22753214104181,6.26818060580603,4.74643946087198,6.35082123760519,4.91251472186497,5.53402035197382,5.11511309023247,3.77824812309942,5.75965532504159,4.91990750538064,5.32807848341338,5.53178059826526,4.74144896554433,5.49584271763612,6.59035647083189,5.88004387736831,4.46851130232544,5.02213596652427,5.33501981292633,6.24079213961571,6.22502274932451,4.79385411310252,5.44258664087361,5.64821335151669,4.95342150738334,5.45767144068381,4.75322161565129,5.68872033552658,4.3251237067957,5.66378542624621,4.67739508382141,4.88952800437595,6.40622895745716,5.92071417093497,4.66143148795073,6.14312998018379,5.20054650468371,4.462378873541,5.04994093177864,4.64688022310794,5.02371066098746,5.89648835373741,5.64884733192607,5.90692571455646,5.41275662182889,5.32010793837054,5.76196700798252,6.24471177954641,4.62615810586592,4.53257990498093,5.97784115300598,5.12546508583614,5.08130320811206,6.16191844821416,5.87229361901218,6.70848744078349,4.53108927882645,4.57458605014869,5.02288326057291,4.98984547087102,6.06998587512253,5.64805205786661,5.20717213986856,5.70873188666236,5.89438363545494,4.95480496143157,4.43792200869548,6.04303044293413,4.94864748369861,4.71358334018778,4.50272179538266,4.89408240941937,4.30682040777456,4.299437543206,4.83732487145327,6.65763989251483,5.24580203061021,5.38201121841205,5.14055823621259,6.12813086453828,5.19989400099267,5.80466999712336,4.67560963580736,6.81717556821038,5.65500325283253,6.45499761081362,4.62776888446017,5.86069492303545,5.52029889574395,5.6899676720388,5.30946419347851
"TCEA3",2.66042613837697,1.67944077861103,2.91799553611576,3.20061338967892,1.01706525012095,1.68898120197265,1.93593881392172,1.96299392628304,1.43324648061561,2.21542814055517,1.2933008873401,1.99413805318629,2.17504245290237,2.00111092832393,2.14017879715259,2.24177494581895,2.74571764824472,2.0097088077358,1.84705717985946,2.73054194675744,2.4046281067363,2.22720084418932,1.34361803563737,2.78419181429753,3.10922539335571,2.17215918270653,3.31379667680233,2.42552495042663,1.93591389674291,1.68888742201843,2.16842806694244,1.81310899608481,2.73046156701907,2.66039859881116,2.24603694780781,2.80093716606858,2.68581769410274,2.32723771714271,2.34287151171849,2.20449259910027,3.37208551584066,3.0212116383148,2.48740122731915,3.42495874096527,2.80591241286767,3.19424430782349,2.05197762733599,2.18482974766155,1.33149644163676,1.40356013114575,1.39086441769516,1.92321029610916,1.90175558619099,1.59220271679455,1.77963383721985,2.054099201972,2.00241360130119,0.968776107262221,2.18999002537347,1.67373704729354,0.584170484053521,2.86266396028561,1.15684960461128,2.65548545456,1.08814080247114,2.58741562189415,2.5971517677598,2.05848131025339,2.1264375507286,1.16776375086754,1.86513621411326,2.79523866140139,2.06923128357914,3.03523838621557,2.42947101845329,2.36094723861839,2.38520511360735,2.23386064318371,2.56639329398163,3.21351320102661,2.20201377622917,2.14758662842801,2.24155132550096,2.62537189890408,2.54615774227208,1.29154635037737,3.54680943051468,2.71131056878982,2.87215900528335,1.35542034559671,2.28361399780255,2.77644814812464,3.41029148886787,2.92595954805201,2.42581709193737,2.19672025849596,2.8477172061096,2.41537028501619,1.99648211034536,1.69635766044079,2.25971057244933,2.79723779401881,2.41558693196254,2.48765677009822,2.25224748290172,2.21268131356838,1.87982045775633,2.09739989276844,1.86160458897478,2.40548454046871,2.00670381394951,2.18841164053809,3.33234945108737,1.98397313641169,3.10022894643382,1.34460733386348,2.30062886456896,3.01523625550625,1.09846752334862,2.92416139547866,1.75193607963291,3.12750787940351,1.13058611611069,2.72582820357402,2.83391087359,1.48184820914741,2.04760932531605,2.01692265240318,1.15833387374001,2.20824735937202,2.44477397407674,1.90344160501023,2.04644418437351,2.39523331201196,1.6593764702903,1.67762128193008,3.12902713622644,2.26326926486654,2.24467892248447,1.82874908376811,1.20466472574845,2.49396347629831,2.05877647884805,2.52188371278747,2.04810164715539,2.23482783978598,1.57970387308395,1.63296221742172,2.53330837723835,2.14643088878414,1.94956745058895,1.88094514192534,2.75558000541886,2.44564103485395,2.65310797336606,2.67754955622099,1.75908579600036,1.87025269487677,2.34815388528371,2.07851196531616,1.86401808980137,2.38646874866442,2.89514157161716,2.12319007667262,2.64843536352926,2.38913805711941,2.72875307508177,1.64435047850769,1.98643272410958,2.68880356706428,2.795854052455,2.14447391352025,2.89573801241044,2.98151638720022,2.08987332511495,1.75901483463236,2.53125604907019,1.89260193357488,2.06355568982233,1.94349114120943,2.27937570247161,1.99471584037291,1.71379367699616,1.92921721298727,2.0368042726923,2.65486899486607,1.53921469965901,2.39950198186568,1.87281774945686,2.10046867193452,2.38225745231303,1.45958121129795,2.03402519507601,2.00329828803431,2.71691820238673,2.27305430869596,2.4838800082142,1.45963094884609,2.20839760325035,2.42531615041454,1.77070149986344,2.23782582453312,2.95029610238792,2.31636128566188,2.78997963912447,2.5402186142144,3.10518145965387,2.91366116506081,1.97877820994355,3.07333878902523,2.35810377971653,2.32089247387299,2.43877868201443,1.67681281632444,2.30311331558698,1.27148058942474,1.21094089690669,2.48188378269466,1.28138969645667,1.21152402980573,2.00917041405204,1.9418311722406,2.90489536715822,1.62452708189052,1.69908537787336,1.63973712790195,1.49235278485691
"ELOVL4",3.77369644227967,3.89885444183488,3.75711602911793,3.14355226004168,5.18491941969767,3.98541784924295,4.03161067699995,3.3610972706748,4.93385647956892,4.71919663103832,4.05117635568493,3.41409292978581,3.85130457926987,4.50259795729787,4.38191190267439,4.36237320640081,3.89033454422096,5.10358752992617,4.38283427096179,3.2791507458497,2.82000331724703,2.97005669941684,4.18656138347778,2.5327796870746,3.28271398715615,3.18102727051455,2.3065549390733,3.71140731027515,3.69882301378205,3.85047378465775,4.12604400791269,3.55660254173943,3.9838423899134,3.28883278204264,2.5235762065146,3.24726087234693,3.02010145743745,3.46943093981258,3.41670864450874,3.34801953947988,1.75342333814114,3.01587762220889,4.06729825024583,3.60411293468878,3.10406374672467,2.58292524790081,4.15249409026073,4.48940585650752,3.37342153925932,4.33082722177565,3.43748874301213,4.15418847399483,4.19027506182635,5.47624367163573,5.00465000997236,2.06401492696857,5.2417686746805,2.97715710211716,5.01681393169203,3.97353686384304,2.79616798499795,4.15066950280188,5.00394360418028,4.17017316228055,4.82090363426108,3.8385065112542,3.38211941731673,3.64865352262304,4.72370533107372,4.43382873217078,3.80438033398175,3.89513617714298,4.65473432160535,3.90268802769622,3.34052622644192,3.66179751281572,3.84531168314811,2.21112029185776,4.14101859091673,3.39408799581518,3.59490431411426,3.54443019550693,4.45506002938299,4.19081371258047,2.27260105974135,4.03813070648487,3.01527647176961,4.40031252277903,3.61431726421962,4.20730546782828,1.87892800997527,3.76352881037795,2.41532138215966,2.14168916394444,2.23970557098336,4.63949271729988,3.02696463677283,5.46261347131851,2.73933785505121,4.44857588571632,3.57159103724963,3.29177910740477,3.22344147280657,5.1687947316371,3.20145555280282,4.44187630361701,4.58627944937238,4.5199611928787,2.96718804163502,2.61893933580056,3.11308884508278,2.56525545705418,3.63040220210636,4.66977363923314,2.35206474140552,4.45049358892559,3.90061384007665,2.22680805668821,5.06481828253264,2.45711307374711,4.02113150521368,2.62582003286733,3.63861214582369,3.9398601658033,2.39996511401053,3.42292829458314,4.08353714933907,4.49763913132,3.61186828466354,3.60049445193643,3.29708644568503,4.36002655969653,4.59928689872001,3.85760304785251,3.22853068715389,3.32237996020752,2.94372741494933,4.78638539646729,3.71797482040179,4.85793936908122,3.50011599910804,3.94983089161611,3.0251029176002,3.43205994852446,4.95418825693327,2.83064535532579,4.7935503770562,3.77657661304068,4.00932073006399,3.81747931383401,4.40305455767974,4.69627549431981,2.76842032322686,3.76954243767643,5.01205832233376,4.62521859692121,5.35546225057639,2.95121767931564,4.17195415921314,4.04005269828118,2.93488880402093,4.50622705009962,3.14843269776027,4.60838088405014,2.83721105306894,4.37009068981284,3.28988634648869,3.04831568748033,5.29831239858454,4.39973563069935,2.40688188586603,4.93600354943147,3.43398368857688,2.55670919097457,3.65580581882054,3.14661560702257,3.13902625077859,4.55119930732818,4.42818374542619,4.13197639765293,4.16147000482284,3.19360763868042,4.14912527222987,4.6137568408585,2.70533705939668,2.34150530860558,4.57497804358562,4.50194541643437,3.54433576042542,4.96014032987258,4.46296386205443,4.79757203583265,3.52726058732342,3.13834306017652,3.33566201590969,3.53413187530042,4.58098667635727,4.26406309974313,3.46284681938276,4.33683719462796,4.68897747931367,2.53165853207255,2.97007351579759,4.30236443112902,4.13268324511448,3.52208862903452,2.88567678395795,2.84835715024671,3.00692635002586,2.78338894135602,3.8803472878992,4.71987357634568,3.36662027113518,3.47641007878586,3.02180493645166,5.25809594834361,3.85389721933406,4.95575349155279,2.68715045264926,5.84347146212363,4.64403653388472,5.18805821430318,3.82150891422935,4.77717939711129,3.51863277625923,4.67521902730643,3.5423857085448
"KLF15",4.86602085965583,5.32925562311117,5.65188229971578,4.40331902868385,5.26673831282853,6.37665898640038,4.45702299231492,4.31588386458469,4.42271193302028,4.05167713075388,3.98460824373741,5.13978676051735,5.08757009819231,5.41224986061178,4.70121779216992,4.83984314649438,4.73412702933194,3.77094811554309,5.05637970691838,6.49048506951106,6.66238407787192,5.54605277404013,6.1494888343973,4.90182300047506,6.06086295779529,6.10536839104566,6.54623161835906,6.40820359890707,5.53267112272619,5.53351382177481,5.23340011024472,5.01159742885209,5.6783997786616,5.96720501697686,6.04200654537903,6.20863121336226,5.86138870578666,6.38225859378722,5.52871421741021,5.25196424321531,5.92303882511195,5.26921883306365,6.09652076547892,6.47986035747251,5.88254333791751,5.80605322461782,4.95878270614316,4.6200356200867,4.76422685762234,5.09737180935038,5.34518350333389,4.83377372260242,4.5831487793525,4.3601827182845,4.28465998764591,6.05929189986683,4.30455152891115,5.39603736771399,3.51862188226979,5.53745605926021,6.29248199991917,4.50648253337036,3.91535921101687,4.32671540625589,4.48282627281164,4.67300944158905,4.96749869200063,4.75191226069142,4.27468368201992,4.40943420014874,4.55019007765764,4.71660728309,5.04896845903119,5.523363773301,5.7408519956657,5.86685811389081,5.97842311416426,6.62223096381608,5.62464167287806,5.86070920524988,5.79980981867433,5.90282985151675,5.01394627247493,5.86831744959769,6.4672321857794,5.51729235673231,5.9929080371733,4.91018860882828,4.10254179963619,5.56707526982893,5.85544849860668,5.46802384745545,5.39396466241628,5.65253863038666,6.53931064741364,5.19627538897951,5.65580891907428,3.87936949250327,6.78464411079299,4.37824849000135,5.95601363060288,5.91837034871166,5.54624754719423,4.34870098415175,5.80443138730998,4.3140152563699,5.0785230527536,4.79624170905122,5.39810043251963,5.87191313543804,5.39849318983293,6.22121585272004,5.31990922825246,4.84184343767246,5.9332256153833,4.5341638489688,4.86969257222034,5.55728968815936,3.91914510349193,6.48059423659646,5.12335700621709,5.91400972452921,6.05477690082834,5.67043784434957,6.00544247985764,6.03517252671883,5.20457801228699,5.14658133529493,6.03602731401738,5.59090622378535,5.69784725444867,4.63400234717699,4.70213830655975,6.00223076339128,6.08466614869276,5.66250235867342,4.3375161416233,4.86840343444899,5.85328317119293,4.58343714915257,6.03565325742265,5.48272372905848,5.08125025741579,5.78183266989244,4.8388127200101,5.76787229108368,5.02819146564785,5.41757538997198,5.70862403503936,5.99658764355623,4.74053027693348,4.17889123829374,5.73244697289413,5.08639495852001,4.41942153741356,3.93791238082798,4.6482269533321,5.90013958544889,5.29264923917479,5.12488845281058,5.97586221291629,4.61655325199429,5.05250897146457,5.07944545901154,6.42764539613768,4.74333483437294,5.75891574364024,5.35090986272798,4.38458706101701,5.08441007822698,5.56795698506441,4.47654954407194,5.24744508871702,5.63701400339356,5.60750033216421,5.43778063075168,5.69279233139595,4.87110462914504,5.13095998729025,5.20649574652207,5.63813675797106,5.86896634367186,4.79005497000986,4.19915524657767,5.86786609557863,6.37208130726599,4.87138066319365,5.33299765980921,5.68207854131245,4.46721245491521,4.15539385785955,4.34002360584013,5.42734507705104,6.40232792611562,5.80662088086712,6.03900532955872,4.24706651922016,4.65690749378519,5.45120755034601,4.94140870862875,3.87025206145638,5.66379661166506,6.05584300343937,4.20150241351638,4.87995151261021,6.45632732532473,5.02606841976511,5.39588906274011,6.33170636763108,5.92799595271499,4.90927017740147,4.82591069449548,5.67080464811466,5.87070133586812,5.38826838562535,4.68042569690879,5.18101898358987,4.23301093538112,5.57849445087376,3.32441342269643,4.85223932700257,4.66262062975159,5.9443990052,4.39627159987474,5.46208405573221,5.14104721909026,5.28200296415097
"NAP1L5",5.8977759314895,4.8307727063301,5.03530071536362,5.17516523717877,4.25633126552346,4.79163757296371,5.05173916368988,4.98056583104255,5.92035625728655,6.11021757855672,6.11430338914165,5.02158184117178,4.84490831487525,5.28899497658032,5.91054210577981,5.69985445507235,5.58889435170847,6.04162507987015,5.24649682026557,2.78999620009302,3.35233908933643,4.28966824923109,4.29490661820759,3.79518706366349,4.47229465093025,3.79230227042832,3.77663657381908,4.21439990233804,4.76055341576609,4.8097023199675,4.79661409127138,4.95696525492608,4.17493071343262,4.3339263778998,4.44999829022755,3.79478489536249,3.80541233670057,3.42143074126391,3.94953609705271,5.04691548392766,3.63413702496413,4.73091324921776,3.61290429450244,3.54434335925393,3.87500942625774,3.44890229007579,5.85911598829206,5.47145883994171,5.69289048408049,5.23039570451636,4.8155680548036,5.23781113061142,6.03135557064793,6.95299271415728,6.32152111015583,3.87117705655516,6.4170682128314,4.57268884684749,6.70941052794891,4.9660928069158,3.40673019647224,5.47364018023908,6.33971066130123,5.10756902511564,5.896239507417,5.14420458831237,4.70761704400681,4.96491197101154,6.36454487490907,5.88445717895667,5.78750338457503,5.09157969753749,5.90018364208965,5.16273508782525,4.6567201114856,4.1359821067404,3.84749534451664,3.7629545719194,4.84086781359956,4.22260036089362,4.25976377161954,4.76252260181071,5.37431620482948,4.74168724439107,3.87136375378966,4.98052769491704,3.17889131824669,5.62748817415963,4.28224244505314,5.45240962828089,3.33513930635873,4.20278021475011,3.02170926509361,3.73357647389314,3.68079801218595,5.17562670388959,4.07003811411843,6.07763117731955,3.64290605105607,6.16683550563941,4.11181717406121,3.30392693179639,4.32110591662071,6.3665475799284,3.88865917711517,5.80964422952121,5.75311816390901,5.59018547570322,3.56096803369638,3.8704332005767,3.86221432116944,3.34591563948075,5.07921512365842,5.4960975727247,3.55992175587305,5.93419355639283,5.85149234012453,3.66064696704797,6.22469457994362,3.36264207443169,5.29413972656962,4.17327494802745,3.98304081064257,4.28523678895451,3.77055279466606,4.23050400956874,5.22881809061393,5.75814165457844,4.22550473784178,4.24764521991507,4.29474673465651,5.66842837179421,6.06107028826489,4.60427870880903,3.86092986858982,4.07387514156394,4.24791221547712,6.29842738302201,3.54666244199287,6.45243184452113,4.03858688665769,5.53438618888086,4.37901312602166,3.84549771699456,5.62603706375008,4.21436319976542,5.42127081708378,5.46067447845663,4.55542806477058,4.9721826438977,6.10392501977815,5.65036580924605,3.9370395865946,4.61399857338185,5.4710343566138,6.39330823372585,6.47337102197883,3.89078499264322,5.2598182626864,5.27175380088269,4.23561634888519,5.60083462700137,4.62872511497333,5.58799110751283,3.84675280022828,5.4935546422093,3.9961930371919,4.69068593244486,6.43396054051898,5.86097899977524,4.15772279595924,5.92351482394593,4.91385708264132,3.94113199460661,4.6527631691276,4.28782816473791,4.36736349826128,5.68756341206443,5.71327048663348,5.73631056942066,5.27986272999166,4.66502424441563,5.32321840183502,6.38510588610355,3.99564758647686,3.28550750583025,6.21263676024541,4.81541696079312,4.16322751715485,6.05257369159847,5.98615243061545,6.17434082099841,3.80408125497645,3.81459545033749,4.74750280219524,4.38927106746408,5.94947083129487,5.46269545059288,4.51927408958699,5.29676670551789,6.2743832217226,3.61039722872559,3.91875357523383,6.16954168464409,5.6634823432834,3.55902808118959,5.41780582364995,4.1893401981022,3.92330303692566,3.89407817040833,4.98504296634145,5.97375682647632,4.18540986051056,4.30129675152346,4.18379921659469,6.35998922183905,4.69728514097979,5.96048447286382,4.33766636272738,7.00341459088233,5.82097765221082,6.04423169903924,4.62066175881046,6.05103464955425,4.69311081852216,5.28960697458204,4.20738139028246
"NEUROD6",1.71091555947322,3.58055192957455,3.39495342155657,0.828537050429992,2.605964944161,3.82932261759438,5.23359326831723,2.60217693828165,4.12377462070842,4.36097261120122,3.38974437599265,3.02915219750792,0.788613235784186,3.62108952017013,3.59239001693205,3.01502022031559,3.64427417665998,3.17110149384306,2.69910771831058,1.65792985642072,1.28395770556304,0.880608280557444,2.66845720060337,2.3176877227097,2.61311561265484,2.67479989463929,2.71403327443225,2.07796254061794,3.26585307764239,2.2692575061628,2.84800762276846,3.31478711902301,2.80671640870678,0.657679571657648,2.77120774375981,2.23152142358624,2.05699323294753,2.6754629534468,2.38630448958452,1.6368512714589,1.42993569534452,2.79377077491871,1.05585195444307,0.327168829065051,-1.38924079002987,0.0177399870978672,3.92580907011795,3.90186924404377,4.10535776259476,2.01677382961278,3.1945009266939,2.9730580477418,3.94057973855674,4.53664642765573,4.09600906785575,0.908512168330541,4.66002336949421,1.63726919793965,5.13658151587998,3.97143920412864,0.147310842404279,1.93948860232748,4.54996908008563,4.02016720338864,4.81015530775456,3.68072743532051,3.83718606502498,3.60212102281416,4.75469519400038,4.00198821719708,3.98917805262695,3.45628208440529,3.23858708651958,2.87281603497954,1.94017818706424,2.33900375405597,1.13187679725122,0.550505109987111,2.7780107916653,1.49653400969958,1.81527960927323,2.79298431572979,2.15738476398334,3.5506604800466,0.934195620409377,3.37176084487463,1.28415912531063,4.10973259703718,0.723821222323354,3.45904303599936,0.541933463713596,1.55526789699322,0.537925872267244,0.69839927558768,1.03861636859288,3.33329445128856,0.397836488360828,4.72148086878742,0.786572595227317,4.80115719614292,2.08152024764839,0.519906055260378,1.93166305812756,4.07456135759691,1.11736490207443,3.7456983258417,3.65700820983516,3.59903339390925,0.918400954309659,2.86531897908633,2.09323601286676,0.29657387328984,2.79216381869977,2.64534631895457,-0.641553367957843,4.57738994113903,4.45522057267751,0.762232362864164,4.06952111372125,0.500506217832906,3.87686145685734,1.84965029725029,2.8070566695677,2.48739851234468,0.542433892830495,1.75076995842461,4.05053448434537,3.37650911664633,2.14816033725954,2.57470859698212,2.93163908804021,3.19670073483444,4.43511722837976,2.40279173819005,1.47691850744586,2.06041363708593,1.07851321640202,4.47832019178728,2.09950468679234,5.2773727864561,1.39005728633464,3.99391641763935,4.08207120231973,1.08198788374693,3.56296673877409,1.96827427331855,4.57007641185167,3.22743804233581,1.86688202857334,2.52636203514707,3.44253500157636,3.5472894768111,1.71982632135534,1.72586637795703,4.00805166707029,4.83922768857817,4.83781195132795,1.66233890468325,3.07976106790205,3.35866330294904,0.936750865960565,3.36715347564557,2.69802412939934,3.92426226929999,1.09667107638623,3.51407205213861,1.2909436796685,2.96534448061132,4.82444598954242,4.43640328514616,1.76715077655324,4.41230289998756,2.81130613828223,1.05978484799422,3.24822261493147,2.38257717263267,1.2786317011614,3.61744362135083,4.22678848429919,2.09391866575086,3.51197283043281,2.41494081440313,3.0910626969221,4.97828294410391,2.23644687355778,0.0242081353314543,4.3074440129385,3.10114653210448,2.314579917335,4.00315665701616,4.1864301171352,4.15736160211215,3.03943978680153,2.50912134175757,2.90148260250539,1.87831790478626,4.27965770697661,2.85731020435858,2.86898845579341,2.26420561770739,2.62084295174327,1.41187240520363,2.3571713790723,3.64313178398414,3.63311751698467,2.3018256188468,1.95172685083508,2.14712927703593,2.69563206368402,2.01861289767942,3.83304069985639,4.45085275653772,3.01389825896843,2.43364007343974,1.97521919918887,4.72680194322354,3.35600134010672,2.84219961956094,1.97457661380564,4.57856224733237,3.99281005244506,4.80275509808081,0.492931919178623,3.6561160422251,1.94247588942399,3.75077805437125,1.66571254602785
"HPRT1",5.34833927625913,4.2961084866099,4.17886157759651,4.81171290543399,4.85012135328871,4.48559727076875,4.69666686587253,4.08263368456488,5.24742932876593,5.25754404477449,5.12150379245845,4.56162688156749,3.98158170462828,4.65132947334797,5.12685423616104,5.90889905723948,5.00062656919682,6.04018656333293,4.62534446653587,3.68714293821863,3.44685263053377,4.1560955558991,2.62157160114147,2.82677605384552,3.9963223083516,3.95416528814554,3.07766758257549,4.20277597372284,4.72118555169219,4.17065821305398,4.74674151922633,4.15894302110642,3.66781423535684,3.09350029752901,3.2104327192635,4.22103933511774,3.84032799309365,4.06323811043783,4.4825848563548,3.54506866670564,3.12692883876389,3.3111038490371,4.17646210842232,4.39617499762137,4.38193990623359,4.39438123734351,4.43377882796435,4.89756203304195,4.61456319586781,4.85690190845553,4.60035522912808,4.44118893879076,4.98947951157371,6.21457942925477,5.69227532984705,2.89942101785747,6.03643194370598,4.3713153210178,6.05989766820864,4.86699007464419,3.59263757396562,5.08886788491296,5.97287783553953,4.67592882186267,5.50782803652803,4.5486902737792,3.81013132188982,4.3723038139939,5.54506470998636,5.49251267532703,5.10415775674907,4.2232768832827,5.23438280456033,4.38668635827041,4.06375035107483,4.06976063200846,3.46140470659636,2.92384410443669,4.39103552478025,3.67999489164252,4.34792963749196,4.34966174753071,4.97046369326081,4.28629191427653,2.66538241519657,4.85677017939088,3.38414093022851,5.19798293926745,4.63514365358547,4.92162487898982,2.56415087360584,4.43284078556771,2.80017429701494,3.38524301887157,3.0429222209505,5.48584377605836,3.61030891207092,6.09315588982342,2.66231473552349,5.23119636052918,3.77914127013467,3.5887728180549,3.89675274027451,6.13917573463149,3.7247202091342,5.45911186658875,4.949144646358,5.29200097444674,2.98937038403138,3.57812385174103,3.88291593254256,3.24498861040339,5.15272935190586,5.0618126823151,3.0607754939625,5.1565499336323,5.10588128467465,2.99552934321913,5.65040117406773,2.79741654722785,4.39747547022519,3.70583714472475,4.47133276964501,4.56362951454349,3.04351290332658,3.70689008254291,4.72741554095396,5.31011793648537,3.79906563424115,3.76342399708861,4.03637390251206,5.43589611353127,5.62823328858622,4.29775301559251,3.59983257840651,3.60665666786284,3.99866897457831,5.15604314748559,4.20483721085199,5.06337495689183,3.88728348591633,4.88584560139073,3.94591336002204,3.90736294383279,5.70279791028201,3.75657839925422,5.24680592845339,4.64118798797124,5.0025997156218,4.51921802949249,5.27213819106035,5.52913397979175,3.91761545653454,4.31300183708066,5.58243004489033,5.50695448872854,6.04679025192308,3.74346433774519,4.68069025584728,4.31322926536449,3.32015799004964,5.58801263591897,4.00265926744978,5.42804369603376,3.38636943951165,5.01353649581756,3.88763810687476,4.77766336620369,5.79660662294767,5.25588930114959,3.73807756293093,5.08921287257056,4.59189607948794,3.48058812294018,4.34672426195591,4.25119601880181,3.85399414576927,5.38584708813145,4.99616607831005,5.13589293542844,4.65430639945714,3.8403254464588,4.41331237288534,5.46459953852946,3.73583912273362,2.42275486162165,5.26910216259412,5.14637778481452,3.74113127533133,5.63617362869063,5.29503222103506,5.66733908332347,4.41447624513669,3.96770901029459,4.11182985041,3.85775886317787,5.57378247935683,4.93529158993035,4.255448728777,4.89359551426539,5.07509737942848,4.08390065454089,3.85245915594758,5.4765948517924,4.96221054348509,3.09218784314855,4.30240643153986,3.8351884886458,3.2014579743719,2.96273818704682,4.20170799875803,5.75926894562391,4.06284801187088,3.68557233193809,3.96937091086555,5.87034800108573,4.243356603297,5.59791156807781,4.29274123591189,6.36014900835213,4.80458510051621,5.9758442249258,4.09398016572725,5.48476459820732,4.2007134397174,4.70626850185445,4.26328990266557
"NRN1",5.22330407904609,5.67909648796707,5.8164283269713,3.90993345779745,5.12131092425154,5.84624407918395,5.92094347888797,5.58718245519694,6.13352199555397,5.75238284900663,6.74045472792717,5.01684454380133,5.47995587376948,4.97510347992544,6.23339582688547,6.01480302949019,6.09692195655844,6.27662777291075,5.22760139452269,4.41149457024755,3.80328766421415,4.81155827415085,4.11693015403766,4.83655733749012,4.98753835506619,4.41192592893889,4.10273875647847,3.93597116983117,4.56563467214066,5.25387946802677,4.73267609179129,5.28108832994323,4.57749308687297,4.76760186842063,5.0959841793348,4.02637418529279,5.0796097315313,4.71196665088924,4.61224802097915,5.53056213216078,4.01343453734342,4.38517204996167,3.91950332372901,4.34393028234712,4.66194519977721,4.90037079106988,6.1575730516421,5.35641076061087,6.47574595810975,5.08098704727172,5.01387864175377,5.68536565784252,6.35252465551221,6.69859762393844,6.43610073483276,4.10010551908161,6.81790148347032,4.69169283039928,6.97546837849324,5.67732943726499,3.33313395754926,5.89536207351149,6.70317285715664,6.00930883569688,6.26055891068538,5.5744087592541,5.50781403479762,5.86341754507187,6.73263761963438,6.12041773091837,6.07923481145354,5.76188889874253,5.76751024586468,5.08882343051753,4.22107397343712,4.90044169265731,5.00242615750469,3.52279883282727,5.05911771155031,4.87734713395995,5.08913842048339,4.97569221234412,5.13978779411761,4.99852226967808,4.09300882122908,4.95223133587827,3.68652116066464,5.9395847989381,4.70174833498745,5.43104768718903,5.05631540254571,4.34337964443908,3.10235262666649,4.2456605309188,3.87466116469815,5.41224338077652,3.93771500702715,6.5492363129147,5.04296602939126,6.39354261386391,4.40639348711707,3.25836316849511,4.4819346769404,6.40992292507481,5.02195760871309,5.55323684052771,5.70440024752601,5.53024418868175,3.93886829523763,4.90844658176094,4.24604252504366,4.7019954323555,5.73055518179383,5.73798185328861,4.6770061516164,6.0085930839693,5.85088937379222,4.00702640947551,6.83695714067137,4.56398862567344,5.62191553146539,5.11824256710325,4.86428128844185,5.09890016812971,3.92553132628345,4.17418224326108,5.79093393168776,6.43845323122377,4.4995504381035,4.79206510437825,4.8193714465609,6.0087344800089,6.29226142778559,4.77585922199368,4.51706156968672,3.85525945964449,3.55320440254204,6.54594251946459,4.6665649924956,6.23331849115988,4.40359538286924,5.75479637022736,5.63505144553855,4.40076894358287,6.0521745408399,5.0309243717847,5.99550205290076,5.5778257390952,5.08137704991096,5.78259076278658,6.02984488529115,5.56534486479434,4.79303029522933,5.04754658013985,5.66584639532212,6.57980783867964,6.53316485073267,4.86278330196016,5.33988190748429,5.36840102457806,4.26075943559833,5.60987252694503,4.20301921605971,5.70830100243757,4.71340766946726,5.67284004632487,4.60391132613228,5.57690494156583,6.41836488344181,5.7082225984642,5.47239152227894,5.82663640742697,5.28262080641943,4.71342773160373,5.2847991877524,4.91400131524994,4.28673359446223,5.92792526124328,5.91373274763026,5.44753040671857,5.77632278743293,4.41273383308477,5.5959466585652,6.41855693663173,4.65671323809903,3.52837825390074,6.21787713140386,5.21156082273153,4.59891387116737,5.9373498671651,5.89754842899513,6.43172929796449,4.98014362078145,4.71359151871438,5.36403130222856,4.75986788273863,6.07579260633644,5.8358314170553,4.75235582545158,5.16262117843704,6.74557737697236,5.16877448946425,5.72451405791164,6.00312992000841,5.57182137079025,4.95965007397413,5.27058410437322,4.89198965485281,4.88076466722288,4.53699413024868,4.60978190664824,6.20604670787529,5.26530346858558,5.39274340498816,5.22856992541118,6.2036306473599,5.10814385886399,5.02674945893731,5.08104451484696,6.97988350133391,5.34878858760787,5.74140835832949,5.0367251499793,6.06583205867351,4.25371015110168,5.47861440087286,4.89283525909309
"MAS1",1.55128974621755,3.15848909625404,1.46979987766206,-0.817586807456779,1.81653026589812,2.60630562485977,3.28919459691061,2.37357941367995,2.93477625248309,2.58080892244848,3.03409090734159,2.02250188880628,2.39766223930921,2.60723377053653,-2.16272174730263,1.6202052457195,-0.988501677988436,2.61897040721645,2.51348124567652,1.78805768477182,0.194553325011034,1.34968066801021,1.42874066360878,1.4924907873662,1.74132794512475,1.69929621016064,-2.16272655646706,2.07394053699496,2.78172935805641,2.61476224622185,-2.03725137809371,-0.0408097274653447,2.82005564562951,-2.16272655646706,2.43223836855474,1.69590332272612,1.92341833858017,2.03234709540697,1.4134559907498,2.65837826060358,-2.16272655646706,2.19528378880654,-2.16272655646706,-0.338487908151775,-0.354526179188987,2.08449074176464,3.06236401733604,2.65645438024279,2.70733981210465,2.06615757250711,2.35829716390067,2.82035174930877,2.39173179874409,2.95427368091395,3.16533489016126,-0.191439577401815,3.82755901690162,0.626367709904407,3.73807135103567,2.96870154277254,-2.55413755012207,1.71728490626099,3.88002785802687,3.48664043058555,4.15372868940192,1.40357773992051,2.3892998561169,2.89374805785337,3.78816037860241,2.83388264791164,3.04151789544861,1.61020918307271,2.2139215451183,1.16817195896341,0.567848438336849,1.15848086610313,-0.0296895152591994,-2.53394016030482,2.00168263431625,0.474245810478212,0.868002343410575,1.75059966279499,1.5556783468912,1.42573805020108,-0.274560035387428,1.94965135225063,-0.656344961195896,2.54009859606645,1.01431828874508,2.11505321148064,0.0610315922418989,0.855219748189615,-0.571148406097823,-1.53585241540981,-1.50737089453496,0.76000787242788,0.21994216706448,3.88700901881603,-2.0226876726896,3.88644470279436,1.12854881983026,-0.29675362065294,0.217573733194134,3.40477767386518,-1.50486409466437,2.76763373819936,3.26492954646662,1.93398834629552,-0.226468218601142,0.173346238719183,1.00697534708312,-0.857496692856458,0.428955364421685,2.29591395778747,-2.78255418443278,3.63441328942884,3.19498820731703,-0.302448008337372,4.68854730401143,-2.01588222991221,2.83832493737266,-0.142579144449263,0.528266189772466,0.873966839331011,0.152232527499908,-0.752206977170624,2.18615661433643,3.47474982194672,0.468005652033609,2.24268296347122,0.910178451481026,2.78784145342221,3.16708679545228,1.60466237516593,0.522420194174924,0.113191844211503,-0.131857457429529,3.69609437031008,0.119717835764731,3.99795573856351,0.297882982710503,2.4390952355222,2.6514655030313,-0.834853692450186,2.33215385860106,1.22001005236987,4.46906515524395,2.16280988519282,1.34165037941496,2.15681285479698,3.37051738480047,2.57449221365263,0.692914780266606,1.25551144665822,3.75154735042404,4.01240881037382,3.80059362667764,0.601707293183555,2.48845680937411,3.54081158309283,-0.272039595620266,2.86782069484924,1.29251354397717,2.13379508905376,0.0933190034237599,2.78409182106042,-0.828835948974073,0.362311751060288,2.92281599569078,2.48166847193643,0.396834469586024,3.16359642460122,2.42911030588932,0.529855147679877,1.95811378526515,1.4339315051528,0.755535165377342,2.68805383261008,2.97740716401423,2.59616319157063,2.72035117947344,1.37316354017823,2.96590579109515,3.38753287271441,-0.6246461758389,-2.46885969397395,3.47341259070524,1.95352587188121,1.57697146782804,3.21215338088278,2.83077204834276,4.33237765327637,2.16490198705459,0.136099707749169,1.13673312491645,1.06251129587359,3.00142308085274,2.68824107797417,0.873357623782546,2.08897047371863,2.98868066738237,0.465526205707359,1.78475324046135,2.53189648032245,2.62585353645829,2.65534680226974,1.27214102113472,1.49432378654285,1.13714221193157,0.925542272909538,1.22882723291954,3.12844298660445,1.67824051691025,2.48717356988857,1.70918565867286,3.0580533335222,1.61808294156266,2.02027107940811,0.462153408066362,4.12480790419593,2.47883694535778,3.33347036590614,0.310739004318577,2.90924767862084,-0.277349495507413,2.35610204919915,1.44390035383559
"RPH3A",6.52297576144901,6.912095277945,5.89270058865078,5.55474495058168,6.86873365378851,5.8462228609787,5.54888329846888,5.86788106719956,6.90833101104732,6.23423117023992,7.25144722982457,6.19196513428074,6.47348544263779,6.28682963993473,7.25499974578138,6.63401176185665,6.61584682691156,6.34515615277086,6.12314238498127,4.68900145998462,3.12771544767126,5.55431185656575,4.77680226929168,5.25152256619865,5.83648763532711,4.59673762900497,4.73010091785959,4.35114635749418,5.45393980752775,6.14860910381907,5.23760352383309,6.57741884508139,5.61800219741974,5.00957153502352,5.25367822516979,4.33299638147621,5.70001012231225,4.58602815768438,4.96819108973982,7.63298743900073,5.54519426761561,6.31545176995547,4.5985876321834,4.94700046466965,4.90932663869992,4.85224909083055,7.58147161605046,6.64927713117006,7.43439326686579,6.36763698818107,6.09877495347949,6.58690549117129,6.98513623102328,7.48361775669187,7.46624535354698,4.15880240221076,7.86356957661682,6.05105024271603,7.7291284645015,7.4105863663322,4.42251016799268,6.33092946323139,7.3452686680312,7.13171801007856,7.49580457920973,6.50761464717375,7.0554432235069,7.08069923534061,7.37736094497506,7.1684365709864,7.23251238031455,6.75547714411324,6.16732363755677,5.27289800615863,5.23791777165309,5.49199717895279,6.22484283628066,4.79588892998975,5.51968727486529,4.22338795670553,4.81199573119173,6.23131388465497,5.71812688116868,5.73255410931552,4.54318345461093,5.71502224647689,4.454671588304,6.6829536586483,4.21689242470427,6.37158502905143,5.99510362746664,4.49660853366977,4.42882353182934,4.5220841104048,4.57335534842476,5.18681948233626,4.47113607139205,7.26731333124034,4.79485272460061,7.18950836694477,5.01193592663444,3.50201107032407,5.61329143250966,6.29244300228287,4.11607810996452,6.50869705119446,6.87735975386668,6.48857157949692,3.92183008361645,5.62504190923193,5.29508375827526,4.98700520062383,5.4520955031017,7.37690014298926,4.15290383328859,6.71001760666423,6.63081337009955,4.94121907836442,8.12264831080552,4.91358374631876,7.01421600169009,6.1898794387823,5.55045967488462,6.62033838545791,4.9691507340674,5.73179607527892,6.82228045989727,7.19890308455348,5.62273577581884,5.88347647378282,5.85187434493884,7.0128665392993,6.6910594041113,5.16002477798569,4.72816782879625,5.31580124039038,4.01277843782442,7.55007517773981,5.60116188030962,8.04149083882854,4.7471207681502,6.5623866813269,4.46280921700053,5.19042710461025,6.48931983468788,5.70940545329317,6.87633943345654,6.31664786331004,5.38366548548482,6.81712611295132,6.59680541207593,6.19157183310538,5.97534889897463,4.67321372356442,6.86837492164339,7.43075785692572,7.09013000997477,5.26828673562245,6.25125111815968,6.52195886788597,3.88666508033872,6.71308506256808,4.89210243867508,6.64802345290417,5.40552966478702,6.55133464657703,3.66298530959307,6.33909144081498,7.02018580577407,6.24774213920734,5.94417388484566,6.69906246157797,5.78006349717892,5.71900686230975,6.33367111862977,5.86957824017948,5.18314210830206,6.4593901571697,7.08855470947483,5.92783815962068,7.15472229004846,6.06001149776071,6.2848871602543,7.56982706212391,5.39523783493337,4.07103298687318,7.15678993109375,6.40848357766459,5.58019488007511,6.36322915307503,6.55919669550012,7.06643489130656,5.87503181433429,5.39178561533593,6.12870812932199,5.65639556850347,6.4775258911577,7.00961347735833,5.52592711314162,5.44753279529416,7.7248949289696,4.74713857208405,5.28805544874493,7.45512702779528,7.18611002405046,5.08562684618837,6.78774850549575,4.63270963143241,5.22380495774893,4.81722797814178,6.39402802103928,7.35527490095451,5.27260095596128,5.75974297017211,5.93714082068295,7.05951621873667,5.26654902183844,6.39225268016775,5.90240961044765,6.79625013980061,6.63900946507396,7.2994253288098,5.2818115591857,7.17346302815657,5.82288798231588,6.45140614325843,5.56710882952168
"NUPR1",3.90335917702751,4.13284776653226,6.23708710780831,2.95555830909355,3.18293708066235,4.08310540520859,3.58805636399133,3.37837580102805,2.78034028063488,3.070699800552,3.27983736496763,3.42922965791965,3.45282284865532,5.09831650282731,3.44835756235254,4.53446981778592,5.29099376999496,4.28872658226873,3.08361119815987,3.91199861374702,6.07313204708935,4.07449321917065,6.19970360907389,4.05667110459905,4.26928383602929,3.33959676894987,6.22073311961581,5.55705301495586,4.00109217054747,3.61809867002129,4.05185832425835,3.40916102400189,3.44354914578971,4.03509012392842,3.73801113373526,5.48404508518193,3.38178065362492,4.27125216746317,4.96908724958623,4.57678438665277,5.4132214729392,5.17047831463765,5.16432575664409,4.64296887650854,5.37199725309948,5.77689082781743,2.99581098985284,3.82015579175154,3.5762620462243,3.78212815712005,3.36325637909302,2.95889398268578,2.39787544468803,2.83912030517206,1.94188378019273,3.70979165751779,2.45198088551707,2.58820181052407,1.90861010737441,4.78313148711152,2.7715311260546,4.96295218078536,2.1279587613138,4.3658064634998,3.59938345820322,3.81056568163682,3.56084414277389,3.76079875289944,3.78950271637699,4.04514848578098,3.61856628666738,4.06356695799456,4.23889599294613,5.53252615636996,4.58489328003778,4.26583525690579,4.53162906226736,3.49717201968016,4.85878095843841,5.14556736423057,4.52708373682817,3.34300343420382,2.87415079898282,5.90942513675081,4.3061238297275,4.19724442391228,5.51267096362748,3.39367849744314,5.12174894670334,3.11765581390288,5.31640515989866,6.51956249521176,5.31927740722298,5.002794092919,4.60832411184432,3.35081655619621,4.19556206514232,3.30794198762567,5.30010792524946,2.55322841255933,4.43842509568226,6.21079842458438,4.56588305037874,3.73147272272627,4.5453253295342,5.05973049241638,3.06400159376944,3.18033479439746,3.61159425448726,5.1913585891603,3.67677042984905,5.36643664634204,4.44051442452345,3.18630649341236,4.89019865202059,3.11500027916484,3.95875571855148,4.48339851723635,2.51688085022184,5.20617074637947,3.00801677928812,4.79828803076005,4.78374273803575,4.97674236427843,4.24851798595493,3.75157757892652,3.88239049867018,3.70657946227523,4.21346080719669,4.37757162793302,5.46935424556279,3.90130605099202,2.55887904379079,4.54991536753168,4.31169353563012,4.12251356259757,4.69271276626994,2.8651786046306,5.05450675358276,2.5888587244213,4.11446776892884,4.19868719103822,4.40320006412432,4.25110573089348,3.64403157694682,5.09396442576172,4.23943433243095,3.31962994427087,3.32081099370192,4.02134766798696,2.66641226258256,3.82978166720753,4.51001403486464,4.92957625944998,4.35199481753368,3.12832837639362,3.12455518723486,5.14724234764803,4.08318278601961,3.44421806829511,4.83577752527435,4.46824414927517,5.34745226560716,3.00347188982911,5.46860498307419,3.3760024315285,4.80243465628362,4.34824024363892,2.46691783387384,4.30237464242153,4.74524245631285,2.94965117874082,4.47418569839136,4.33016733288998,4.99389849315571,4.8866481081243,3.97892229641349,3.70702074646695,2.68237047009326,3.32330369044878,5.2165595567602,4.12265023931947,3.50502523283751,2.79206238226626,5.30470501296686,5.97205824307749,2.56826227053723,4.7262633755112,4.79642618742565,3.64451198710011,3.69117448498052,1.72942881443631,4.84045247151089,5.02259769531889,5.00635836424993,4.32200366775011,3.73605754844213,3.80222191508743,3.91126736190409,3.66880255844608,2.725387213274,4.13019440607935,3.75184203493091,3.91686480430757,4.29035424653306,4.64045237843886,5.1707227871035,4.48287779997568,4.11755859058029,5.0479994264615,3.38513130977202,3.46922896437692,5.26106689409216,4.02517602432484,4.18790935208969,2.07644891723258,4.18501865191577,4.02029956955107,4.01301903395345,3.10156705958677,2.7524716741292,3.29593053371744,5.86974806042183,3.74965697954469,3.92128904173824,3.85602745510831,3.10532275885666
"ADAM33",3.12134595190151,4.1095933455429,4.23192353064227,4.48295050681691,2.09600235270496,3.97762837014497,3.91556528427715,2.53158250451885,3.63030126558064,2.85992143075965,3.64857131732801,3.89329576991775,3.57179981646756,3.57686758896254,3.21441836037043,2.84843136394035,3.26031997523756,2.81134952718699,3.31633543608476,6.0317516316997,4.29267208009667,4.81953678271053,3.98049665121799,4.72723255853545,4.39019367329705,4.23042572179771,4.66078449836923,4.73721943423619,4.41568352120358,3.61517367213169,3.5589616430335,2.50646050586027,4.29546709351138,3.1698708291965,3.57564753473509,3.76425557187818,4.80530819655159,4.38263769931167,3.47259673427186,4.0888238249977,5.13799814560281,4.47826806177701,4.26464999262874,4.70356339066675,4.67204005356539,5.434057582212,2.5803351373108,2.92135639269061,3.77180755987188,3.89332359339253,2.89758227602852,3.21284026107846,2.67531354342779,3.00531940395597,1.60401903352143,3.59836367044871,1.88900205718439,3.05284481758962,2.80217595977527,3.6910909108087,2.10788050523811,3.25836578903881,3.09017961302841,4.42654848195464,2.75846024327701,3.6946717693294,3.52043134877268,4.38743807057836,2.26992710547528,1.90452227892729,2.34996744170259,4.37688459005593,3.79121304430182,3.67161501901096,3.26760526568609,4.72024945104438,4.00359300755406,4.31651889683193,4.48199776056151,5.01853623320217,4.41431489764876,3.50511789899427,3.73095235709057,5.25991414321237,4.14029810521434,3.8305424933896,4.31578302905223,3.42745675002113,4.14489559008948,4.00800565000883,4.84626358777264,3.42848225762869,4.80183648512072,4.99861550798867,4.29393940367163,3.92516673213723,4.68844583059867,2.91935903994201,5.53379937498964,3.15679168452386,3.95700539798173,2.39451385958403,4.77193805480819,2.7707996449754,4.85281491237917,3.0871492103772,3.49736604613638,3.84541656987208,4.34165266698385,4.36281471307571,3.59873876389324,5.11890321411541,4.01037361013014,3.9621130599812,5.04226545325537,3.2373221482906,3.21382555486077,5.16547291788616,2.92688546403377,4.3577104287338,3.91282852400501,4.88262945903375,4.29031900880154,4.35088093359762,4.01108302516319,3.67727925179716,4.53208652791453,2.92491562032605,4.27160302412745,3.38661716318788,4.40800138791818,2.75974274299781,2.99934851984148,4.21424427730833,4.28387121456104,3.21487481863243,2.02920709099134,2.29456937951848,3.8686367076921,2.93079686008934,2.72207308260669,3.37505529786829,3.81388924300428,4.77455071453686,2.95336537464464,3.47510856114036,2.85677074331824,3.58093323608095,3.64193576243628,3.18939752724951,1.58992975492583,2.73071845537088,3.55725106313916,3.9461321500331,2.73161222505643,3.4712466324582,2.70782403458426,4.15019921186609,3.24808129578276,3.29522293895999,4.19469155891073,3.19634440195913,3.82479577007911,3.32860683973179,5.08666613883372,4.20827281642841,4.73564682181373,4.30771731173596,3.36976775397345,3.75974445450206,5.3264042458283,4.07114054140075,4.45583134957472,4.55055001779366,5.2421910119869,3.60663135131498,4.738010708939,3.5551279934359,3.62538808677606,2.79395846363223,3.07219219098567,2.72798129028542,3.07375892254146,2.96214244690001,4.93266778972165,4.65093676014097,3.48089769730382,4.20220482716273,4.18834600643908,3.42369396893347,3.76714029489574,2.69556481134387,3.50382258813825,4.90536499790895,4.16122365654595,3.90435948666055,3.1857294870214,2.78313164110917,4.86090907343515,3.66510066825869,1.77228533528744,3.80641634825931,4.12333933812151,2.78001971239449,4.59532245042573,2.78491629556228,4.91052704659544,2.5889739954773,3.91148314014733,3.8774411709549,4.01437268372269,2.56941906124702,3.4149899974745,3.84021530578536,4.79658714246567,2.97326327426336,4.22547727566821,3.25175329283602,4.36339838115352,2.71981277218474,3.42631944305885,3.08674265101859,3.55191536240966,3.84357091924966,4.01053520558353,3.77128068497268,3.40868642404231
"COL25A1",2.5110374887631,0.8390280680381,1.32091784315412,-0.320451568334261,2.06993285083265,2.31021218064979,2.47606816967844,3.76048587525085,2.41281222653112,2.3428728316287,3.28048667211318,1.95193487808523,1.48080077246256,1.50163775360825,3.00171118554021,1.18364899934923,2.31791571811769,1.68052635232296,1.8440176645776,-0.0322717327489026,-0.509642383531009,1.2265439364347,0.91070564089843,0.300860187224488,2.04797933622582,0.0596574879026546,1.29260917436815,0.65991795112652,1.79293123656688,1.30260285848334,1.30026660676982,1.86364752795046,1.27962138682549,1.54620878479375,1.76360353323883,0.202633074263262,2.44466597597739,-0.00974102218787576,0.732766605917126,1.93131403324871,0.896903465857351,2.59400176701246,0.168945469247607,1.04812100066808,0.829495782548422,1.50628179794939,2.47555894776216,0.895535724446847,2.78132843069559,1.61669820658151,2.44072905063137,2.03490412310402,3.16543093032567,2.39471909291361,3.0952796391525,0.572346219552666,2.78216745398716,1.57409383919939,2.77293319991678,2.41844652405554,0.383550511616755,2.08888431281328,2.88645679137815,2.56688673306091,2.37387734414281,1.79567051905893,1.9199638036198,1.78530394186768,3.32074198399184,2.18099441212663,2.25133738038885,1.5499228531637,2.6342893373583,1.32367281421483,1.7843320923298,0.778799329901085,0.0653910864590841,1.03734411123359,1.87251778165521,1.06103311000995,0.792027615525859,2.13597454596581,2.6765799705598,1.27992142462381,0.321151525276059,1.6216264696448,0.768390976987482,1.97614249120326,1.92570714448605,1.91073482870255,-0.217607667638365,1.19637048865051,-0.831523488214191,0.781926296511095,-0.475071728520058,1.81430859353643,1.34227213008372,3.92114987987455,-0.636271634827067,3.18990246486168,1.49049667921176,0.112202858057732,1.12630958374788,2.87238804642863,0.173703012166173,2.04088208172967,2.56729409962332,2.76101330958023,1.05993627573418,0.687337529773792,1.00677782557797,0.494605486382587,2.35783417392948,1.53861380641638,1.2858681624281,2.42666790038688,1.88297749861954,0.414783194969876,2.28366758943834,0.732553524604247,2.03899035473598,1.04345516826382,0.891530430463571,0.762237031916971,0.662256288449942,1.50400969850749,0.911336573825521,2.0623769344277,0.7560535602082,1.0211218732792,1.28023565598442,2.86506655715336,2.71599589603822,1.50903902235664,0.760086046588492,1.39186764552076,1.67609401318638,3.170603364914,0.913741025862539,3.03500016521846,1.12873112056915,2.22900068933879,3.04700111990104,0.338428661735629,1.65057467090592,0.833254045298316,3.01108764575054,2.36989354863634,2.09450023396081,1.82686598235649,2.6287529306465,1.6872287423745,0.056450299401269,1.21808957976243,3.36690171544379,2.65998012600074,2.85112240109496,0.460458473096096,2.17111369062122,2.79696498631036,0.32973935191941,1.67815724615791,2.22361886195312,2.06209451857706,-0.018246659720268,1.85360542552396,1.01731460367562,0.812073516553169,2.58402282955054,2.4425022762998,0.636841647589694,2.25532588231661,1.56972522644681,-0.218226313738699,1.41992864258012,1.15650482753917,0.887738626217902,2.31538955766245,2.27237907577667,1.64578596279551,1.510897112026,1.49976078596968,2.6656653313454,2.40930134234712,1.44832907446677,-0.274513575989634,2.17943814629088,1.7154647350003,1.26564881949365,2.33831922585901,2.28299422488402,3.0465182661687,1.54766723177535,0.720317740388561,0.707370783070714,1.57220272425414,1.90906264315282,1.72444566918983,1.2709402752522,1.97653120436589,2.57314092230323,0.358167935887952,1.09567222022283,3.27640549384338,2.68927566817317,1.39752134437764,2.26155482191643,-0.326790806902299,0.661022339936785,0.692082480505374,2.16617874185608,2.95794528636888,1.55279245881093,2.13486776510855,1.43615970050087,2.68236730511325,1.38514658770276,2.11218364083988,0.489968796190967,3.03246718287675,2.35636836282541,2.84735609931326,1.68749251750244,2.66801594468523,1.39502576672451,2.5915369560181,1.45728041261171
"RAB3C",5.92438855767433,5.27518373153426,5.50383577693615,5.22038508004661,5.75635007524239,6.31876231660173,6.3902639509829,5.47531388915998,6.73056816948432,6.57942695776335,6.29429613673628,5.6325234264474,5.46001146793879,6.21868134939155,6.76420989653343,6.71695743197254,6.77218550958454,7.13816935971788,5.68452877853099,5.01343636910085,4.27251665373692,4.71493218928888,6.20688434673888,4.32590064791366,6.0960784427369,3.95375309605869,4.68838232536037,5.37767852196704,5.41737721004633,5.30313260082743,5.60047445795763,5.51573069959445,5.15432190432078,3.70709512159241,4.21198352686919,4.51565140087082,4.52968559418104,4.78027629045248,3.89555470467389,5.2380105850245,3.41083961296953,5.92102092443891,4.96154129386185,5.24433737707113,4.6159973346829,3.02674915858095,6.23132136492746,6.00697161359199,5.22485111906973,6.08421132342981,5.68682257149853,5.5801857862178,6.56654182444488,7.52253200734992,7.3238373933946,4.04459383644277,7.60362153318158,5.2991858039784,7.69163826635853,5.72116391693146,3.28541451357786,5.81127584263998,7.33135595814862,5.78783243804832,7.26369341074681,5.47720359238349,5.07185538826293,5.07629029935343,7.33916065502821,6.64229417408146,6.3166614261737,5.20259063581998,6.86652438470426,6.28644830199199,5.31651379880304,5.01629565947242,4.56043261909714,3.83507050392522,6.12586438174244,4.63557270416037,5.15307728066312,5.65051804700525,6.46628324731112,6.04732563430179,3.46064105872344,6.01455504729959,4.38736323953982,6.11137946063419,5.2515120349378,5.97414563605252,2.07727957099384,5.1264989890915,2.58066061603192,4.17406744398514,3.69493603396642,6.08972339447429,4.68196022911457,6.67537343824936,3.91743364359376,7.35170209634773,5.14179927379394,3.7493502480848,5.13104209059803,6.8250087395943,4.81896844568394,6.04624941806235,6.74283434636856,6.5669617082457,3.63584952330642,4.1770765986534,3.72466872026977,4.01140618321507,5.88963193759569,6.1000901120081,3.2870214696179,7.13440674190077,6.38953142888842,3.56013588888575,6.55053865534352,3.48788609556855,6.06193038592242,4.90844402474242,5.3914350323654,5.47415517060982,3.72977054474827,5.5550491192825,5.86043531565121,6.56029914500151,4.72408236211018,5.3437467132271,5.12406038149031,6.68146798468501,6.55957987369451,5.6478970390578,4.77503710406777,4.63707595630039,3.91010499062656,6.99465625192975,4.87360013006076,7.10635162381772,5.19997001381341,6.28002000361135,5.03008080567777,4.78948466344533,6.43677835744417,4.6077144877667,6.43830135980455,5.8885935147954,5.49535336790985,5.80108317425757,6.92550316224431,6.47214913457162,4.78152603643253,5.33474738050323,6.26920173179703,7.25372489870446,7.06207372758876,4.58894175170744,6.33561466186365,6.02053983411351,4.55788287530568,6.31099835179325,5.02937341985844,6.44726552990318,4.48791338142676,5.97243153685981,4.58751345696395,5.26062938016706,7.34082101019815,6.62798752776702,4.1996905692736,7.35006109031804,5.54284547243222,4.18524296375215,5.51659176930046,4.98682218305703,4.89796347907036,6.33226884897411,6.2220085824713,5.61983420290292,6.25734822477695,5.08790378374999,6.58812470240635,6.76368979445397,4.72616438786869,3.05332531147756,7.00899462334533,6.31984124717631,5.00357202207262,6.92104461303288,6.77746906981933,7.46323485592792,4.39925057664212,4.6415476889191,5.35183653713436,5.68667220163951,6.3125233906364,6.05785598681195,5.6215218999368,6.0388515956664,6.47783659176369,3.9385552015833,4.5887489977988,6.8427209003096,6.35828748417835,4.25107004654402,5.48985648615067,4.06960675141413,4.58232151214212,3.79477050960202,5.07509271864709,7.54513066325796,4.8235256848171,4.98873285301825,4.88870105268563,7.51965445477858,5.63010770338413,7.03381709071659,4.34828206936862,8.2674639649035,6.64195677178887,7.81622637783106,5.44584638586833,7.03963515610776,4.93068693249196,6.37834862156315,4.9100854874466
"SERPINI1",6.08552933556837,5.60490242448656,5.19212865023198,6.24596608305475,6.09273763204907,4.74735788882231,5.38625768410952,6.01832361008531,6.49681664420653,6.64794374579969,6.38627263276353,5.739697911486,5.62117185392601,6.23814546395523,6.01862010989739,5.93678164706636,5.77168874238341,6.7883447705633,5.50916307349796,4.05836860305398,5.41976346284902,5.4680258910601,4.4848074363746,4.1919303535542,5.73428887833004,5.40353090191932,3.85371977460661,4.41622461348486,5.3763856198051,5.64373164228058,6.25752231133592,4.99689974775768,4.92016369467771,4.65747828227658,5.53515543134567,5.07918338591726,4.67722586753524,5.11679615109251,3.83323741143512,4.8788669426831,2.71142681804123,4.53092128256289,5.16057400463519,4.41651410151083,4.86322186057842,5.72326583578625,5.939346080473,6.3030689517184,5.50457766588439,6.100643757965,6.06144827540704,6.09936911081634,6.34592023720327,7.44244210267938,7.10761181183051,5.50240440818326,7.21695407720124,5.6123806454876,7.18901318624139,5.73474387566976,6.47280714994218,5.72182041914934,7.12130219225724,5.64247639060035,6.87235882121062,5.15696130123736,5.15484127351383,5.41995125122269,6.70238849030861,6.51565439738456,5.71627786029589,5.21696061402177,6.46577361468975,5.67541006175031,5.43828430018214,5.08885166424434,3.80423742680452,4.64657627726953,5.72046951948408,3.9727987376401,5.08535007978865,5.5034997123483,6.01499102691319,5.2398151832823,4.62602720535704,6.19902802609013,3.68492344309104,6.37112203788981,4.79326088951334,6.06252349574431,4.04184709343736,4.08620927383979,3.58026761048323,3.93469050751992,5.46626559232076,6.36989144755829,4.94209711915213,5.8325750449677,4.32477363169083,6.47997951434634,5.76723106160099,4.47061574365957,4.96302696622866,6.46628197339335,4.38375883913939,5.24802433770883,6.53377391957003,6.36484706943184,5.09799140493402,4.40330495433788,5.41250427701913,4.73904419840715,5.31621748523296,6.06577443026599,4.06388678400059,6.5218482819242,6.27972544893975,4.20792448420398,6.20686113969438,4.66459405179959,6.02852851810516,4.98069397570074,5.32870203409684,5.13869262595559,5.13348012412794,5.74643713169965,5.94395765265471,5.73966499323111,5.29799947727926,5.50241583517193,5.05842344376663,6.05511678406975,6.74375687360145,5.63889481496065,5.33792497673628,5.54642801391427,4.20798417983181,6.80236588289929,4.47660547148992,6.91034166525678,5.64005267576292,5.95205522004997,4.55834629861165,4.14641246883807,5.88423349052598,5.12611905661806,5.44160624680758,5.9562510651907,5.31908648587035,5.7962878673796,6.63714949995648,6.31659180733678,5.04110343106098,5.66330819205588,4.92270132206768,6.77797574568865,6.22261140709882,5.35290409687375,6.21077080206768,5.89669785716878,5.45971531541613,6.34408787776493,4.11120933103459,6.11249450582793,4.56029729303297,6.38025110224374,4.78509599203826,5.06860618135382,7.14524785480234,6.58371919713931,4.41313308360678,6.97835618389975,5.62394114183193,4.52784321077774,5.69842254809543,4.85325666420891,5.15757607473031,6.41937175417382,6.42260421203534,6.17854389196425,6.05590424667297,5.24593176704437,6.06752250849011,6.88575681581689,4.78144857558771,4.76000833492472,6.40849913586245,5.52102584658804,5.56028610659485,6.82124121806283,6.57595376532993,7.03910058708162,4.77814471889466,4.89081744974931,5.34720685133443,5.51753765490197,6.52866720408894,6.30968053820742,5.25762476015796,6.06727259179145,6.3577500240973,4.4823671248364,4.90052733459584,6.65131697818895,5.74737899810689,4.21669748612558,5.09176912074715,4.66378845139547,4.87505521893834,4.50500457172811,5.48146945372914,7.18114449967391,5.7302037595128,5.84657044506373,5.27652504289463,6.7928633820209,5.00462517714403,6.01397335021894,4.36197107121075,6.75732575575478,6.64611588208984,6.94865763586111,5.13063194480038,6.33226471020079,5.85430228120878,5.85566968031797,5.39741104788034
"SCG2",5.38823265018017,5.01729364149356,4.48842683892817,3.55562460751535,4.62961827421628,5.27623614099946,6.0272727971741,5.23575953947783,6.10034891086137,6.02875918182386,5.84569406377072,4.27130861805494,4.19178739991338,5.08490699663453,5.59586172064401,5.60532293746562,5.67417585670234,7.28451007931443,4.92173786787164,3.44478332416878,3.03442410886594,3.75008952449162,3.11602871081531,4.3123176247816,4.59878288498222,3.50588368480128,3.9153806703158,4.87898460556795,4.72435692228252,5.18319687187126,4.97396291411416,4.78398313830085,4.04243404969385,3.92630333315604,3.07160268271735,4.07285328368451,3.32492882640785,4.02381750325015,4.80588648700051,5.01635430489549,3.82815450327276,3.96249416407357,3.55017443173187,3.69793422523489,4.14047706463472,3.35032368621283,5.41661284583659,5.237616437366,5.197584884802,6.03477088200732,5.12527244084459,4.60771300778549,5.63706261240836,6.88503580570168,6.15884456142527,4.08498889990882,6.4690436086105,5.29650312493008,6.49073351776884,5.41571173344707,3.79526733363169,4.97311503045056,6.23590614002086,6.08774535733374,5.73685176700932,4.71816690771107,4.70102936263767,4.7934787691973,6.15170598336629,6.16304653384652,5.53697602544446,4.08554623746758,5.49078103699434,4.59884660702474,5.00654964495998,3.65456237263574,3.76470886710064,4.34693771717644,4.78906717179396,3.62198738634376,4.18891355044468,5.01710873696963,4.56056877369269,4.21037395308127,3.20313194777089,5.02222070723117,2.71702091089304,5.1356274942793,3.94767798866879,5.0993985667604,2.62657949809262,3.90985046445238,3.2532747011686,4.45039844084167,3.1401284285528,4.74448702283774,3.55087794994778,6.40567085605976,3.86707825862362,6.20900798031187,4.370438763592,4.60553477813526,4.48081069103813,5.67447357027191,4.10217559496243,5.52936082117088,5.15256274986407,5.71353264877986,3.45114389003172,3.67226362670781,3.77348944595711,3.88369391175691,4.61339231502945,5.45352309806759,3.89709827143607,5.83150047846591,5.43667952740504,3.19175085482399,6.62614008181672,2.99957086679462,5.00525512188144,3.8992143333988,3.8935841427015,4.09359856633246,3.59496715345859,4.91336382805399,5.10449249457482,5.2906249880959,4.00520260109518,4.4517107381151,3.8912173806379,5.70155906013932,5.59610157162356,4.68637371170519,3.69918925143063,4.13412135709731,4.27911929555603,6.255907509822,4.44797094622561,6.6984765484656,4.21221710773457,5.2373354433764,6.33448190135019,3.67868222807875,5.46991584256419,4.66958752724981,5.44875282757101,4.84525155455732,4.30170710292518,4.88443171666371,5.42670763023009,4.92015274146019,4.06832008189632,4.7954892916689,5.4836588524811,6.31017314832484,6.29438295747841,4.09747295743939,5.28109752685339,5.01497519530015,4.47325412796026,5.39385261271803,4.32099982225985,5.02624208971249,3.9672464190027,5.47515282759746,3.82639651753902,4.38242122374819,6.37376986139062,5.58122106029559,4.2937595662035,5.9470457193416,4.86586520378618,3.62701454663836,4.73587965200237,4.4537079794707,4.78277760054137,5.45146150652156,5.0745783487732,4.58964620792597,5.30527926206585,4.60090574959165,5.09789655133047,6.36747369768144,4.26725140287043,3.69229573520714,6.06968120879558,5.20413639928804,4.43698855346539,5.32381963967625,5.6302949227361,6.13485166245246,4.03282906760121,4.09137109722134,4.33534785168855,4.53269007539912,5.53261995325655,5.29488642951146,4.44490051989154,5.18030577443929,6.24927504251594,3.42401054625742,3.56309835586164,6.17978377618397,5.33048032863976,2.85395706911272,5.17870085121572,4.55468116235837,3.83169371113034,3.49137191983342,4.75356624670735,6.26088357013799,4.10934895061296,4.24388630028009,4.87240951233078,6.23502022209722,4.46995381689899,5.96759834677094,3.56491958196947,6.86079284363532,5.32948730333321,5.84401435230568,5.32437316556878,6.26673434007033,4.73863791060166,4.9618406594138,3.86583148387366
"TMPRSS5",4.26931004936798,5.04875577925267,4.15289684453066,4.29333913468733,4.70319598415767,1.91559553975574,2.21456680505594,4.44605889828584,3.12098561837206,3.20648933016501,3.58385976281362,3.48602926849161,4.235068663442,6.15090233264689,3.78894774945234,5.12265843242039,4.45420335295265,3.82613371903278,4.30354403609107,3.9151367655407,4.52423787047266,4.62180426514517,5.43586106341109,3.6267011063555,5.82005458893011,4.34063988060791,3.64589356453647,3.34057182221488,4.77223729667633,5.16109684696014,5.5560468225428,3.22315360675462,4.24029982404821,4.15574951006709,4.90252654616495,4.15836238899066,5.59918045197948,4.29695059981282,4.11595173537238,3.38955418370525,3.52676828697531,3.98383618849853,2.56781518395323,3.76578741235802,3.46977751571934,4.53567789129953,4.7066046456834,4.50638632050415,3.22854007898824,4.10401428622252,3.58242696418875,3.85830963292861,4.08048257468182,2.34135665068345,3.1575286629238,4.2495920008367,2.66669564903387,5.4872660696241,2.19916889269386,3.1876428123865,5.82647122407355,3.4429122648533,2.82705042925647,2.68390629912326,2.84376153721406,3.28313565759181,4.2168048610209,3.48238842037476,2.79929462446604,3.65421661552836,4.2905229511035,3.80128519004045,3.13018342337302,3.59328779514541,3.60718429935233,4.11575031199328,5.18285699434769,3.89840553574842,5.38075008272522,3.3779277141791,5.57292498489294,5.93004358254984,3.35633808799813,4.01957948798196,5.46979737074534,3.15051620023533,4.60285581752526,3.1577207701244,4.27931947388136,2.96890082059661,4.58203757920506,5.9296585768059,4.57007117911988,4.28256895007372,7.21617633509953,2.51015724753689,5.24027518382906,2.63143359013922,3.12091135948064,3.41530710239241,3.80300327018791,5.97883847525114,5.34305795387182,3.31375239654324,2.89773093628337,5.4916994526193,4.49508380142907,3.89911195823547,3.69992713141925,3.85161472173651,3.31253227957611,5.07569037787897,3.59777176364027,3.1384467903622,4.54352780775632,2.91050812333814,4.8075618349222,4.3449561592751,2.58711603472349,4.31396091643902,3.32537269187299,4.67741001173904,3.74994730056473,4.2759448227929,4.38790966028646,5.29437044163188,3.33191746250081,3.27790044658989,2.60529514134051,4.48054360401448,4.73044254787103,2.98681836954178,2.81063254361157,3.63675846826101,5.99023723364086,3.77085757920323,4.4398267769306,2.8427329824643,2.81282380695111,2.68760219657725,2.83066387180296,5.36533186654039,5.37748254736771,4.4348123977475,4.04492550070523,6.38195829222724,5.0057568090316,3.55624348199836,3.74819723042147,4.71258037527576,3.26075084159781,2.69531307569759,6.00072995961617,3.69197067532003,2.89222178789785,3.18758334178658,3.44535963138447,3.62148780273498,4.07632012393311,4.88519360473868,3.98759074074311,2.64836187324,4.8551393728181,2.7944682100534,3.50532340565089,3.05361688098093,4.91156672644344,3.88521240381801,4.04040217791763,3.47154901287293,4.17711052090612,4.12663548879959,4.80741635224044,4.35310784468784,6.10177726536727,4.00028749643431,3.81874355064944,3.84810976544312,2.84984935901769,3.84540251805103,4.74456894245855,6.37731630206479,3.57647391666626,3.78196344713908,4.15906839427539,6.22662948637439,4.5014140949641,3.60816224643033,6.28749873100611,3.00881035334103,3.07729875436682,2.68993960007785,5.27044265490887,4.86887080325063,3.72346235628363,3.14408009354092,4.74332316562108,4.40332923234553,3.51736470295871,3.32982900362364,3.2503232073772,4.8414604100255,5.16711810839975,4.69175860309485,3.36128242584912,3.53247802005274,2.8752414257648,4.60345413199248,3.70725502685923,5.70978800082568,3.329425457774,4.96267817481706,3.79616561146154,5.41569501139603,5.18751514400311,2.59425079243327,3.39900336097178,3.06772228310538,2.84901333969502,1.90549384470095,5.25579558644726,3.51567379707382,4.90452175915009,2.79017067195563,3.74470269739489,2.80366534951416,4.34437556239975
"RGS4",6.57864449290443,5.96614034383901,6.08762609243978,6.63027660736812,6.67550059654703,4.76162893145734,4.87383608742708,6.42734244659436,6.5609978051574,6.49304834490868,7.72058822651308,5.77035951626555,5.30068997587609,5.93625454578403,7.33431838912799,6.7759379607789,7.65578582249161,7.94230040123992,5.68272176135927,4.91824555837291,2.94414680582933,5.48955371079475,5.67852886984317,4.89875332097217,5.85590982751486,5.1714485394812,5.12438992355825,2.41550429184998,5.45637948954268,5.52344358809763,5.35972213416737,5.7803139360371,4.95640955554359,5.3174246293716,3.75640385599945,4.51891400284483,4.30458474125574,5.16409307057088,5.36930390532767,5.69697734098833,5.10731577285186,5.83969487924308,5.53325740441423,4.23844499478453,4.53553961565098,4.16060697817616,6.87363760907069,5.7696053786176,7.30272186196221,6.36324319515762,5.67034907335748,5.82394915732951,6.64161473270743,8.03032154154623,7.6852903942509,4.08480975517809,7.96798722820766,5.19913960567394,8.03142603873181,6.88897776911108,3.23169418134319,6.4545559157179,7.96867363837831,7.21802807605934,7.85371885515903,6.09419490654795,6.12273034656028,6.46331079230193,7.62166622089845,7.27402522438259,6.91528344600403,6.18713423187443,6.84539020972499,5.8097500577447,5.19213757399108,5.33979666669853,3.00864020332139,3.635600281984,6.55734117286046,4.82525680714138,5.45842772564823,5.49578295873771,5.88450370052749,5.97110165888916,3.42858431031077,5.60123572483006,4.5236962533801,6.98129068276444,4.96700290038656,6.4251279792956,3.33684981113759,5.25858001471178,3.51254099569299,3.42237693033382,3.57882168861033,6.32122569429515,4.16605129692905,8.01071179779819,2.98339125571994,7.37694927971737,5.3297296084472,4.37110404500548,4.69607430467067,7.5109547088939,4.44130146229031,6.91466609406785,6.88507117011431,6.38446552564228,3.83495541951004,4.86096342631238,4.60858140140481,4.59251362944709,6.05042567859162,6.77607919984781,3.85916609935678,7.23710592836636,6.72006063639938,3.93221936851263,7.9726054233465,3.56770813349649,6.60652360607831,4.32217984303406,5.49791143790262,6.07747319003184,3.64856004333624,4.36607556874092,6.58466880620374,7.11950334680061,5.45022584907508,5.42985824529451,5.35321049322919,6.9538040664132,7.22863272878941,5.70542215457858,4.75330327597996,4.90808554793531,4.2594790031109,7.53976537525203,5.67039232661509,7.6425101176825,4.92139548681237,6.44563788276284,4.54574054779737,4.96252726131173,7.16200662041152,4.95788732126298,6.75614369241982,6.32237289111483,5.83951206184416,6.01128294605239,6.94442870510683,6.79374862382436,5.20267562430074,5.63059482475287,7.1489526761639,7.33389782945993,7.75597150817105,4.85957596618005,6.34204512030645,6.08532464846412,4.75241006908052,6.9255140955362,4.55788467597137,6.75481351735281,4.43276391887756,6.72974593594489,4.68213332909764,5.51166782274484,7.58475021241432,6.73640076622253,5.15350530267554,7.14946590251852,5.7014003166915,4.3823434025548,5.71432678362061,5.36929297731113,4.8421415689067,6.71713120327705,6.79889139228447,6.01830099486656,6.72254737782065,4.85986469085665,6.69476396378211,7.45834925862922,5.2462263897761,3.20207273105473,7.04442023895627,6.82556405579008,5.44628708776345,7.28225093258698,6.78465638876208,8.09741484563991,5.85588718454938,5.05500548511859,5.67049945276764,5.38263068893815,7.04774528123333,6.86111611446161,5.47784920858206,6.29015148443471,7.34291697385493,4.21294163889327,4.28365256231006,7.19651086968372,5.98638727911815,4.87933662337013,7.66827464303927,4.25967353843203,5.8475083081878,5.16603527591377,4.88346851289842,7.55876956873848,5.47485408055678,5.57415439500905,4.97571439539635,6.44403748527804,5.13110875023689,6.56611919022203,5.91367162890218,8.31396327226125,6.722295728044,6.73826594860016,5.41907587531553,7.45440013784375,4.73520599541236,6.11876339690656,6.09839584621313
"PRX",3.64358490834972,3.25228066073693,4.09025144924796,3.6537525072858,2.23253849976638,4.8647795432655,2.09377814163761,2.27655579833745,2.72714373834283,3.04583484402861,2.18913958402219,2.86950927781777,3.15210684707244,3.41531257049282,2.88235362281092,2.93169218906825,3.09460952264093,2.865267122019,2.89148773812517,5.03982319345643,4.6754345972004,3.10492900726477,4.99991478608999,3.67854351712709,3.4218465979152,4.45807263288013,4.27161213392275,4.76027430517446,3.87803008964014,3.82928433538712,3.74351003172991,2.0192392527034,4.80619330781595,2.73786894251086,4.10924909513237,4.39368323745711,4.216888213669,3.92045249181893,3.69345430827799,3.57361117974797,4.99999838504123,3.85461960643394,5.31055290258205,4.8440754441932,4.54125308316525,5.86072266741229,2.26401600485197,1.97008438940454,3.29155087255581,2.29261551074738,2.31454826459207,2.87763037905785,2.99976035571353,2.56601561350892,2.14447693313344,3.31439177975778,2.89128697418781,1.86171066118613,2.20645164545665,3.28802558366397,0.995066121820567,3.5129803222579,2.46695003252299,5.01340165436747,2.87969101481738,3.21056203256356,3.74405466906185,3.83033500444692,2.78413473683729,2.88914827313287,2.41582222460614,3.88375223866958,2.87538683027454,3.70656100278173,3.26080142269748,4.08911161648876,4.05924559464431,4.20652882196828,3.17713303571033,4.45012238439436,3.44937259479253,3.92189423720372,3.58631658217355,4.33200367742011,3.87196262401912,3.51618413770556,3.5437959260105,3.38305444640485,2.84811823323946,4.46177208481852,5.75717865309221,2.52261111099445,4.06582882932445,3.90983870563441,3.82884451357217,3.25695053090446,4.05556630823973,1.78657411337142,4.88493220388932,2.90918102832438,3.46400234196926,2.56023345867967,3.84248827786604,1.67290562968717,4.47758696159729,1.93661492480814,3.15093535913103,3.87202741545775,3.57762992524006,4.28594283293809,4.28692654183579,4.55327970868672,2.75497000039034,4.16889505009388,5.30137116090764,2.83017482958178,3.4172789780066,4.72745599729979,1.28058504325392,4.63692468342614,3.97744093270483,4.31951026571438,4.64825010861119,3.60301002297537,3.5668086778353,3.46220547475752,3.83435529456715,2.65219428226059,4.81923369558368,3.55234640176363,3.63580221926942,1.97332657043833,3.45588892014728,3.97699331241481,3.44402918949516,3.64966286204868,2.22840577483833,2.40253414098136,4.00281673035117,2.883179719071,2.7783994860403,3.43895531483311,3.07982601881061,2.97428244643226,2.40392639656367,3.27838861890517,2.92885965008777,3.33584126804788,3.13434825465974,3.90858053729256,2.92123548830526,1.78772291964539,3.83595630011488,3.73111337028434,2.13411146067423,3.02006527450478,1.87502154845831,3.73262218645263,3.58096814932065,3.0578085260816,3.71089628921835,3.95334223051887,3.62875425602805,2.96224942573133,3.83195320041231,3.95797144104282,4.52661813375196,3.89935749630302,3.17342649146052,3.60741436900722,4.67738807419614,3.04257243223429,3.90403857646672,4.93623794023752,4.08799974885008,4.36781817510639,3.19043206100855,3.39832313553513,3.92641318350329,3.61526032592693,3.31720418004442,3.49551673127966,2.48350577563652,2.76023025394041,4.4138959043064,4.20165492566353,3.66825377692721,3.33097451244306,3.5130765814051,2.79600108956892,2.63863214098731,2.99572390810749,3.24245029262671,5.71209282696001,3.57033238684013,3.4395112263187,2.41929678895524,3.17913115283269,4.06490332348034,3.61563935505784,1.87866688573758,5.35646611765953,4.38302779323449,2.33011161582844,3.4113584194542,3.7692873719251,2.6090980609611,3.419385865463,3.62459067340511,3.99613628123109,3.0186889229641,2.65096741463694,3.61932765120104,3.9355648259755,4.2579453259128,2.95083475188987,3.12006257267947,1.9836134048012,5.12221365884793,2.19836673673191,2.59939638470706,2.12842649420502,2.63282558958273,2.75112611467997,3.65708098520847,3.25327864186828,4.90342803064327
"RAB3B",5.22453412806219,4.53035128462053,2.61807787992132,3.07815670268027,5.99043266629966,4.46783660884552,4.01353732891669,5.29060505169674,5.06857964175062,5.36262182054509,5.60060171363581,4.74409447181777,4.62922186172924,3.90401033315888,5.44918764332169,4.22557484985707,4.09466207400345,5.41615625817519,5.1002810074964,3.34946786064625,3.65161987011549,3.86196658182795,4.3015133552784,3.39533258475598,4.22614249029503,2.91135267465562,3.08091239197783,3.56590688955457,4.12637086317418,3.49528487313289,4.42209913241199,4.11043404965941,4.18401631289793,2.93888748643492,3.90474330865027,3.96348932126765,3.50471204355609,3.40478287472907,3.28262464704906,5.09212580127042,3.1855035382853,4.05689358027352,3.58164824967858,3.57757732479335,2.79726287608775,2.38756820056822,5.32401686995394,4.96724468183222,4.35977691955211,4.85354551409097,3.01977529959153,3.83361130905648,5.09693225476168,6.66328800634353,5.52291442316174,4.33164418949242,5.88765519969911,5.16005510473112,5.63144433174713,5.29122911752452,4.0734779785063,3.55494622710908,5.0164156444284,2.81007423540595,5.43073503213954,4.15157064703755,3.56100860549425,3.43411873618239,5.99467274764758,5.24983836743565,5.23457859878963,3.36873071060919,5.20939729779976,3.6731176253717,4.99963610230903,2.0598384459426,3.31064131587269,5.13487183779957,4.80758722836534,3.69356204262175,5.07687279963543,4.95050164212662,4.57404727861622,3.17870482724155,2.31056254467314,5.02837001942264,4.09530403029045,4.18563585308103,3.61804805379673,4.35677754813284,1.60504055191473,3.84477648084784,3.50213238274404,2.51207565321158,2.63751343455477,3.47187046722987,3.00673018588004,4.90570325863893,3.98119850392953,6.13477278109492,4.29300801391077,4.14612256625687,4.35158867033957,5.18582669467381,2.96265266123695,4.01095559283639,5.27508430699911,4.75300502337747,2.38861782757721,3.66535393916559,3.49844354653446,3.00118053768908,4.77184149113772,3.5596061024401,2.49523081270035,5.34570003149821,5.21717566648293,3.14007456740414,4.24509215982407,2.81482664447756,4.73920219322947,3.92747543065094,3.07562931696946,3.31628054777936,2.7255837167625,4.49209641667338,3.96614851628446,4.72407824895072,4.02486312118012,4.84743453235409,2.97757470993009,4.93021520495348,4.51186413132845,4.31499891555411,3.61485862642286,2.69666202599813,3.49014339289526,5.4466844370014,4.53907116388888,7.86887657557279,4.52232466129736,4.35007136488139,4.28791467258761,3.0307725313457,5.02071685329466,4.22168816758611,5.79568969989533,4.49489841811474,4.11810919367203,5.27572889967647,5.7120859156584,4.44619198580769,4.3443613048418,3.8820480718636,4.85556421332732,5.91373854365359,5.08529152437251,3.03644215290614,4.43710632329158,6.18866535637978,4.15510934252267,5.21421294817748,5.41091851181293,4.60704209754079,2.54886925029177,3.95753240393773,3.06762746937924,3.36566131223942,5.48725511524296,4.58224977796743,2.12172242078466,5.32487618348381,4.15748326181825,2.43090723433659,3.62943636686475,3.73491716560691,4.30339548212776,3.65909502657522,4.22199903488188,4.19255003316561,4.85720394447921,4.91168336597785,5.08477272312372,5.39286261192059,2.89326073804212,2.34708372541579,4.97024573274174,3.89114401362834,3.96835197111936,4.82326180381755,5.65891018626388,4.70050364233193,3.42404611332704,4.13803360062296,3.42870878760912,5.26132991587886,4.44855824123814,4.01726612200493,3.97884533506966,5.09780513680059,4.10775708214883,3.49409728949032,3.57544855595624,5.47416818615771,4.33240166333567,3.53913131404567,3.8973559193571,3.63859583153839,3.14825197947493,2.87633002752994,3.65506398613685,6.5240265208334,2.65552446620696,3.68563325359931,3.97459320934139,5.07520314662187,3.96269540051937,5.6227152204925,4.08822133234518,6.48816199843077,5.30125708333747,5.45894853879281,4.24264423806273,5.97472835398544,3.68628728329429,4.20037891604253,3.93378807260726
"NCALD",6.61502672675084,6.00659642589553,6.11120454253745,6.19211137794418,7.27699900091268,5.56324424759021,5.68772552625616,5.49602761299872,6.78057470723843,6.743164026034,7.23237498578461,6.29347747903864,6.15708227528277,6.47973990983243,7.00399309274688,6.4205838677172,6.28913359842109,7.14743017852318,6.3343501520995,5.0570176385501,4.11712050140622,5.80113458426978,5.20069687773253,5.40787299922362,5.63656359840851,5.03260124888188,5.10058890836283,4.93219996146899,5.8419347986062,6.22081549901663,5.67301558476563,6.20738851611279,5.84831202046502,5.3294447457035,5.49577935342702,5.02048623728545,5.69706783512868,5.64081093545262,5.55517756006695,6.37567940225346,6.31247238516592,5.89174494491584,4.67616668064489,4.56141964631685,4.71201688438793,4.45064827986064,6.701558708588,6.30523434301051,6.91009908495624,6.13962197044793,5.56740028008585,6.05679230679599,6.63060791423082,7.59451156094239,7.25643225330995,5.01040553125288,7.82201700391598,5.61983827442565,7.40560791250153,6.72063104849228,4.16172847344957,6.03266714632143,7.30022580485218,6.75432250244436,7.32426611412536,5.84310589826981,5.95898650708459,5.94434536356951,7.67156313871087,6.88482739976727,6.82851780495208,5.80340095518783,6.59113196727432,5.6219799230383,5.75190999103047,5.41396110105602,4.92325541172374,5.09083763497442,6.17752551566156,5.3526682807404,5.68337861685818,6.02625310482351,6.1383918537423,6.06091927118787,4.38168940385175,5.86570213270617,4.98549833789741,6.58655215185394,5.78172188427932,6.54502220411052,4.13709097366517,5.5529349380167,4.8398919647945,4.57388291256324,4.35374104955741,5.87245849677202,4.70322555575377,7.38078878599482,5.71209479908233,7.13947828661242,5.47834221504047,4.7297906633247,5.70181451908694,6.94808576225552,5.46202684751779,6.91722156841744,6.6523581679993,6.32550765351063,4.8093220082309,5.53946748864508,5.0541566208157,5.13801250593515,6.12766784843045,6.46882795006444,5.10749505938761,6.99233112141578,6.79204076224615,4.78690253736296,7.96099368798352,4.90461989987305,6.37319079489973,5.44418027670358,5.51031746788011,6.09662944460453,4.53697647574696,5.56569545511696,6.43389409911335,7.10986571348428,5.75100178007805,5.8921423885757,5.52586870357535,6.88213820393509,6.50681777007045,5.8189765814499,5.24239981690686,4.96902962710808,4.68450622581972,7.47452603759415,5.28584203224494,7.86371698473729,5.26664325549773,6.55345641511804,4.8165514125298,5.34229986340332,6.56013916480125,4.8822025942185,7.18501252041081,6.01473182981212,5.44395436574966,6.31960238957532,7.04056538877161,6.12299472897035,5.5023672390465,5.64661885220308,7.18152817891164,7.42691301234597,7.28724329799011,5.01706802165625,6.26735977800985,6.68053859850358,4.88510297848625,6.35434077168899,5.60064384760813,6.41643601220867,4.68725458548461,6.49987967187625,5.37167724034572,5.67210288146059,7.08044896351864,6.51887967418085,5.47215414527504,6.78460624315321,6.00243345409763,5.3212823399608,6.00057845611828,5.14264024497397,5.32523568828501,6.57562395703877,6.65042025780439,5.88163914427018,6.35753049890908,5.6117451686717,6.54613002711057,7.06455077050703,5.30663347891078,4.155578180617,6.95399041426187,6.87997595648474,5.11451414973861,6.97204597829305,6.89116996132256,6.94588207490126,5.85266350763082,5.46496262502835,5.19142032614171,5.68562525872552,6.42894801528917,6.45904038300393,5.70535095322503,6.25309192188958,7.04079337587885,5.33903229113853,5.31491545032146,6.72487730574381,6.56231006445141,5.7464331569942,5.73125172674906,5.91938736720478,6.1470238354142,5.57598769302367,5.48290521491368,7.61561292823311,5.51515616243418,5.97219552656651,5.62741693752135,6.97741815947533,5.70864327544425,6.02687610269951,5.7241690270531,7.49041387276348,6.27204748363722,6.97626470652241,4.87066424187937,6.4612792526814,5.38865795180282,6.73004737114399,5.68807971352091
"OPN3",3.18457180966962,3.02470322794424,2.62798870496428,3.37836084219957,3.76059321532629,1.70868380398867,2.40888655670776,2.96851769128781,3.38477331710169,3.19024561435353,3.19781390292419,3.03938998878276,2.48683538590584,3.63392736258981,3.07680192698392,3.47978262713504,3.47522664125101,4.32176083134602,2.29467681104723,2.34264511324685,1.59077421738944,2.84840809154489,1.65553926794244,1.82017389881188,2.5178979000897,2.88042586002843,1.88640878588295,2.51690567032435,2.90430834842821,3.02080095586716,3.19752183867289,2.22367443344259,2.90441257776721,2.8433294178493,2.10201656988681,1.93562582536733,2.60434030408553,3.09155376664277,2.77056858885676,3.25010072194379,3.90077933340425,3.61776934925802,2.0903090666087,2.04755422461214,2.69389573859953,1.78544821742595,3.0770135536661,2.50125120741246,3.16569616321916,2.91833190251154,2.68138548208725,2.63319616110968,3.27670691707418,3.68797033230405,3.68279634900211,1.16524949195114,3.7453158396246,2.00773767622362,4.08887809447833,3.4640168313307,1.68436353720264,2.7618999916638,4.22825722887758,3.68888591232517,3.92117773211273,2.98449296971721,2.97581864785021,3.44513546082524,3.98465086185178,3.54783525710086,2.92748855965336,3.23100374514942,3.32878799840235,2.56291978400246,2.32308015533584,2.76556487485285,2.02576957904287,1.69868427160595,2.8087421335579,2.50781556486049,2.20783745561328,2.68491722409977,3.08219031819361,3.42950202611989,1.58652215080534,2.61768532140627,2.14331734545502,3.82553141530612,2.20327530195117,3.62226387211546,1.40694527800193,2.42328353534519,0.46329399659377,2.33526199534665,1.86971830915263,3.32329673299928,1.86564526204126,3.73753146502267,1.66349342806768,3.1838087516856,2.39852940673606,2.03556396028918,2.52882231446946,4.09493459211117,2.55027089102049,3.36929919012776,3.31678034309569,2.82372319583958,2.26490015075677,2.22849729527232,2.4579302470457,2.03744866757024,1.55843178078912,3.45868921748235,1.68219923261764,3.36771201010001,2.7596185483652,1.59710859769983,4.39753614756054,1.69640700378466,3.32258908000067,1.85640525501264,2.41653879505485,3.23698741307286,1.71103100177542,1.84413182768658,3.52572301923206,3.74084967003129,2.50241167964665,2.61246270549184,2.64209917774009,3.44215171641786,3.60504010013807,2.94822822983314,2.69062297933812,2.54997120983519,2.29991771858902,4.11721578189478,2.62262867929287,3.42474448042673,2.35694614654243,2.78949022946146,2.12253621717648,1.95080244113841,3.97820581766434,2.58018616915669,2.94633425680039,3.17128727829851,2.80067055590576,2.08821336658301,3.35467202469976,3.58740630230845,2.39045190143483,2.93346582771396,3.46902239445293,3.58160893327412,4.29302351682566,2.90103950258132,3.58331506671523,2.4727354627626,2.3713116773618,3.96725562548883,1.551290998406,3.52992713235783,2.04541392856426,3.58799725381651,2.55672453412309,2.78571692512963,3.90673201502217,2.82217572170006,3.01352687000655,3.69484650270253,2.28892406282777,1.89039991886768,2.77576428485249,2.78059846881152,2.38681991015948,3.62463015677786,3.22985047282815,2.72809248889208,3.4631614942064,2.51175426441946,3.39927526364737,3.74625529457109,2.65972668269131,1.62862111439016,3.43809579112378,3.47636766927097,2.68481181550881,3.8389736279055,3.1987712609163,4.53547771579977,3.23226776965518,2.2111536021411,2.97674101734319,2.19561411119882,3.86869222816082,3.80029149806053,2.68033886404783,3.2930531603526,3.78411682534491,3.15009915110756,2.96351844390846,3.26246399455226,2.07895516919318,2.90841060189942,2.14345294930469,2.89520748947869,3.51756415221003,2.79473117470176,2.2545017727301,3.84992522089927,3.25189738049822,2.69724835770122,2.29409214603002,3.06731203848571,2.23781111745388,3.35706516847216,1.79666059033436,4.05072419393726,3.43272671496032,3.39594098549773,2.585001712134,3.41919315766137,2.92115691379137,2.75331932224897,2.4284625903873
"TRIM36",3.55556398318849,4.53376735766527,3.35340966226152,2.43651334989265,4.27879735215207,3.83450853718916,4.51026225692542,4.06191182408253,4.03390061504988,4.53597245729575,4.30322315134618,3.83571023029676,3.29111140182449,4.13949109055547,4.00573591154769,3.75222032101308,4.79343147147255,4.72889808659923,3.46104259256483,3.91670003359696,3.80883709153786,3.16827220270906,1.41293261631025,4.40731310936397,3.02011117037137,3.29617103617732,3.23163176024344,2.47936407976553,3.38358221616776,3.50997893870126,2.88347360114079,4.11394393432368,4.13763267772967,2.69505327325903,3.65515264350641,2.94803842251007,2.67468413130334,2.98496444380091,3.41307010304935,4.20040371920822,4.09859379717569,4.15591860345229,2.49372091169432,2.44481743794399,3.4935338140811,2.04121286828811,4.05093824863061,3.66132946219434,4.34835657464179,3.17682236565801,3.8674248043264,4.48069277460808,3.57186307197438,3.93066709712688,4.78591850287378,2.95214885117102,5.15144644923754,3.68714724212961,5.15505087771161,3.80630372867975,3.3135390398729,4.11187125636835,5.13447973551471,4.11100331530855,4.99722771945943,3.3678852479176,2.60761736577787,3.41051747655811,4.87493202379944,4.66818368061577,4.0660000102508,3.28587347277362,4.62390729764839,4.1161957724355,3.29575521643027,2.85568667433193,2.20905398888358,3.13383077898171,3.53381942770017,3.1655996375909,3.50398759262192,3.73889151154444,3.96205604086352,3.87484344627256,2.14295980093768,4.15133551980238,2.75794735357286,4.10385708537148,3.79066235272635,4.13897209606635,0.384434497185278,3.79789797921535,2.5765618850397,2.05286348163413,2.43082048851262,4.38073182435637,2.82364401905624,4.95290843722018,2.63510842486257,4.66860047851937,3.14111289499896,3.40545549717355,3.43466213438065,4.94672680218326,3.14970296937079,4.42752178012088,4.43272996935029,4.34871290483832,2.98697500004458,2.86161890339731,2.6981058172065,2.38980844619266,3.70783374115718,3.78858289664567,1.58618899158589,4.78314748248178,4.21717059233431,2.20119829491675,4.10027209441782,1.28512926434579,3.97380098181559,2.54936275252952,3.69206252989301,3.54952412709438,2.57340028828017,3.43785305719446,3.91580825458191,4.3941581252948,3.32387235368512,3.75948721759461,3.25456092435521,4.29143047222601,4.58199243804459,3.74410528095953,3.08757547367896,3.46625414379175,4.38410813123342,4.35321130226812,3.22038363708461,5.25672524030315,3.47589614641967,3.99479178371586,3.81384594364681,3.49470986385653,4.40825102677677,3.11950863657718,5.08238204301637,3.81912241562194,4.09367178331865,3.58008326849805,4.3510333065599,4.41387680715697,3.28364799031263,3.70382203404824,4.56723503744361,4.46478719572808,4.87667136156168,2.85559983775792,4.00842398772653,4.22861436139917,3.04424472512158,4.31057965483805,3.63936270149741,4.11794148347819,2.39933118166267,3.66407728597709,3.18472082203914,3.44674495221746,4.8162998569024,4.47673908494586,2.78365479537691,4.63010343881126,3.55708549212929,2.35008305018788,3.56531127373682,3.53158967782931,3.06891583444491,4.47414405098948,4.04217119232812,3.77213055575001,3.82850224993957,3.33289263440527,4.23775711795919,4.43372877785192,2.91438537433538,2.02828666842578,4.45785086289678,4.15377861745698,3.3119999855879,4.62019436618963,4.69126414072235,5.04952991275725,4.01103434063202,2.85218019345831,3.25754467160537,3.6610851926682,4.47632775988596,3.70672737193306,3.64246017896008,4.20474754059436,4.25602976365117,2.68316440789539,3.11306466102615,4.0764745959239,4.24229499201092,3.2539370158571,3.84741663539335,2.95087273118866,3.25745334455291,2.81670371055943,4.59833131526771,4.72987994304398,3.35596336616469,3.25834910786438,3.01839626818207,4.75881677365923,3.92410804003589,4.42537327169199,1.70590267770702,5.05226371521636,4.61626967732306,5.28807566849435,3.11909740609973,4.47884732659698,4.2280699682157,3.65016658936491,3.28484392934798
"GAD2",4.39285211051606,2.78438760935327,2.70878219059536,4.35917939587458,5.2994507996904,4.15032629085672,3.78098448902126,2.72183953331126,3.81726955288964,3.99963215208673,5.21160599246264,3.44454258350275,3.48045842744261,3.37792444608927,4.62940728340864,4.11489017649988,4.41467640571017,5.17203202930164,4.00701595898117,4.72387962783472,3.13314682119578,2.12024037941586,4.96313948915913,3.93192019417166,4.23404863324658,2.95478183350103,1.61963861810449,2.26879005767398,2.44900068029329,1.97212633680207,2.25168181135264,3.54754607195225,2.77623310599136,2.38479503730935,3.11573564835131,3.05538625301652,2.90013256895627,2.19696865879744,2.12971869929587,5.47283041270073,3.57504259284753,3.31065276132049,4.3358356521089,2.46149696240203,1.51197700485262,2.15030530954378,5.37510688260712,3.1604595962432,4.5146335157468,3.51380308548813,3.1431796387791,2.66339206452347,4.39932117998284,5.18025973195217,5.64462647036111,2.40006311494782,5.49976468905921,3.96485264200177,5.64550245370637,3.64677879091741,2.15636802622173,4.25680263977478,5.74296419216857,4.33792342458427,4.28764942043299,2.77179017295989,3.67661786328814,3.82216397352103,5.60415270767368,3.94955263286114,4.27541781099083,3.4525826866165,5.34473394172616,3.16818517699906,3.48705151907474,2.23201449758843,1.92455079890699,2.98891338549009,3.48740051051292,2.28820020639426,2.82527646126276,3.18050394799411,4.73682044209411,3.04721980964976,1.14916594775417,3.3967780677057,2.27971483292838,4.88311751793411,3.04487228485064,4.28372339758053,-0.366943402203466,2.70531757956474,0.649034383484681,2.77847773697893,1.46735172828449,3.17954314468266,2.56365525622448,5.4574826106424,2.10850947710325,5.53674749196794,3.07593290972011,1.91003985820983,4.22094493940975,4.65154301885627,2.77629144565945,4.40914662921798,4.88818831108841,5.11058039034304,1.12774084503678,2.75585098725016,1.80168753261869,1.88016275236428,4.37268965600463,4.92950519720979,1.87360836025982,4.90269261154669,3.58441822239432,1.63625516356058,5.37915240899274,0.883639963846264,4.41003025726844,3.28008797280777,2.58483260845008,2.86758937606337,1.87789190079676,3.77066310230984,4.01297437507169,4.69982104043729,2.53463033293868,2.79904913901428,2.64353922396132,5.20701964523241,4.04106995279344,3.24048534795515,2.70889452388879,2.1504956748004,2.62314840294286,5.68498568052262,3.41584059563617,6.46110549696057,3.22470373143251,4.11108409577058,4.12469926254383,2.95665941413483,4.76404588589694,1.4020352810843,4.87935815815572,4.09940298797104,2.60914283517308,3.89695158370046,5.56320181123097,4.00846515956764,3.40875476125866,2.80450685649869,5.03393972888022,5.94033775248002,5.66838967924546,1.40980110502447,4.28783754058499,4.49322321795493,2.03365804593395,4.77946459984324,3.8555194399771,4.2493884434752,2.41142025887731,4.74191663753025,2.85777804270724,3.43643962972831,4.66154841783662,3.92715961394084,2.45185509735722,5.11889473798854,3.86769437631564,2.31540009986725,3.51835779463796,2.9559158437887,3.66810041077034,4.66655228927025,4.63655627461501,4.21856006691123,4.12369073384092,3.39623724524043,4.67367074445241,5.36495553666621,3.24128961460687,-0.167426714243053,4.46756637214055,4.27943708389064,2.73317461221227,4.65257622518079,4.97229093311345,4.75598905683383,2.54574794893377,2.22590531944147,2.86239492868708,3.88095432199656,3.88106604784926,3.99886922921646,3.627115388226,4.29249026745185,5.24367160930741,1.50081567163708,2.33713386836499,5.57820744725641,4.83494458448156,2.71673172979784,4.73413831886717,2.35918302802856,3.13691869687484,2.74319805074805,4.25440526566341,5.55916040883749,2.04269018949277,2.25210758878416,2.95720795873727,5.30011505478288,2.82164755748437,4.87939774066018,2.19220579564989,5.7713453140122,4.35544341044865,5.51575125181284,3.06816924707116,5.02820624647798,3.76282863000436,3.15479572464266,2.48651289329446
"GAD1",5.97598797741317,4.58544440097776,4.48898998908455,5.93107081731607,6.00392475468849,5.0905568682993,5.07699119025981,4.52961766152153,5.58368299221315,5.27318059388865,6.90418387083277,4.45352950205758,5.07388448442583,4.87444995954415,6.46493381280879,5.54428895058716,5.74726437005861,6.78556540927628,5.16332880008803,5.65962520079233,4.24308106307722,4.12738837342655,5.37653091876483,5.04538612330946,5.08140514325882,3.75614839872807,3.53310837056042,4.55500829904655,4.52969851233357,4.22786962508937,4.51162678803851,4.69321590312256,4.25730369069254,4.22715819163345,3.94614232289537,4.41438802596991,4.10695568676153,4.22217895866561,4.04433232903254,6.6280109727878,4.06803348387047,5.13432125328794,4.2540133897536,4.15505918947054,4.32244661958514,3.93314022552312,5.81279219667968,4.88922811549921,5.72246370652271,5.39760321260477,4.95218369355435,4.74790565882766,6.34514553114207,7.13161950852256,6.75067527162268,4.05880148470937,6.90281578193478,4.87305765697661,6.86932542402227,4.89800462499646,3.38751408531676,5.59075680870745,6.84170072105615,5.39780234080123,5.84962094711936,4.84157686739525,5.25980141065916,5.50930935154808,6.79952723030725,5.69005851986255,5.28454198766603,5.12462339237261,6.53104223360746,4.91779199575864,4.62757864261223,4.19481788471137,3.87726882982078,4.33041819499942,4.91398829385704,4.26031297901787,4.53759820798128,4.93971893187678,5.97654358655303,4.26314563771408,3.4446770625303,4.89571330411992,4.24936501724451,6.09811620204622,4.49566919100635,5.36616395725218,0.671897452412375,4.67094090834274,3.4075301767275,4.87610902448656,3.2260959506719,4.77587307553806,3.90339822075659,6.97145176944848,4.76693432752796,6.38233689959012,4.42774251465371,3.46645299341326,5.36995510560856,6.26077608208199,4.69719352610556,5.91989006840091,5.85533748254738,5.82194668776889,3.84413996814991,4.33649868977736,3.89869500127635,4.67494433844982,5.52501939792064,6.22524180305787,4.1930407530854,5.87545716941317,4.80817249262059,3.98922974129047,6.83607396125974,3.17902946508226,5.29381618227053,4.57259843115581,4.42991129973268,4.43887156588391,3.7144099866551,4.94877894716903,5.45759690433115,6.16455481768142,4.48150986901968,4.22919885932632,4.12912200915756,6.50538098691056,5.46994736473182,4.42862374537231,4.49575805159852,3.83538095722539,3.48519143462247,6.85301038655794,5.2903797490123,6.95582296728667,4.51393373169397,5.28395151994923,5.05981826347699,4.58432615947366,6.4241416626474,3.49739153688418,6.19429037417497,5.28093540515459,4.47984267403345,5.22454163731778,6.6040366078903,5.4830147157113,4.88188331174323,4.81462884217397,6.73687714289072,6.8622055635496,7.05962515511445,3.67750073718931,5.45766986490274,5.49481776098185,3.81340136356962,6.17593406672282,5.25908072016363,5.23364659252526,4.15272879813072,5.50850156098137,4.56651972885641,4.96497807190509,5.79764222320531,5.10404256366422,4.48493150183982,5.91525741776078,4.8217844115707,4.15561731019041,4.72391041048442,4.52825058422322,4.90877211147362,5.75513493504528,5.75493137160882,5.73352493599894,5.40708119144089,4.40000605403052,5.72581048731419,6.46194273843661,4.98517478908331,3.10957530956103,5.568552021847,5.53792986789084,3.87126554278467,5.87998897030758,6.05547736327613,6.07389590019695,4.24721193310773,4.40258018968588,4.11248406376135,5.08604230790946,5.1353570739107,5.27258100058818,4.9186043744552,5.2674259113078,6.77199474991797,3.70502199875648,4.40488355772361,6.67715438031747,6.06483093836361,3.72573723886423,6.21052015372973,3.88077314220372,4.50514879198906,4.0725209906647,5.46637955065212,6.57744929216981,3.68565989445331,4.47352383055296,4.81683429320115,5.94239673206077,3.98196731700541,5.77165895906401,4.95211746612585,7.00244326038767,5.43783172331381,6.13035527112472,5.257727311253,6.34741273308679,4.93408687396594,5.15826875417923,4.75431678985439
"CCD102A",0,0,0,0,0,0,0,0,0,0,0,0,0,0,0,0,0,0,0,0,0,0,0,0,0,0,0,0,0,0,0,0,0,0,0,0,0,0,0,0,0,0,0,0,0,0,0,0,0,0,0,0,0,0,0.691365382,1.935408357,1.484890781,0.636394592,0.28791723,2.434554944,0.720027588,1.393039692,0.67546993,2.515402641,1.824650136,1.760157344,1.392900175,2.460373911,1.01725837,0.689964621,1.703284773,1.374863435,1.436748944,2.666943975,1.233550246,2.780737357,2.64047218,2.726784925,1.93907157,3.308383661,2.62291766,2.431661244,1.454587376,3.459035842,0.573865435,0.880361007,0.745921726,-0.307592109,0.138384348,0.478589949,2.745701531,0.768042393,1.133231156,1.936950977,1.852944507,0.360544706,1.318410907,-0.347956411,2.815001375,-0.003435894,1.085732606,0.689579299,1.245824119,-0.385750483,1.608463938,0.520038012,0.282832383,0.096072988,0.767444551,1.433772319,0.414758239,2.507396623,0.515398574,0.039210045,1.05860969,0.526742396,0.175575334,1.6154696,-1.349427826,1.9904141,0.784884388,1.793157171,1.731605897,1.81196311,0.506817223,1.529146949,1.30837316,0.350525212,2.317378364,1.958680275,1.524767182,-1.212554881,-0.646295048,1.3951752,1.573094569,0.884833537,0.998469351,-0.574217342,1.534739174,0.105053826,1.834618437,0.330646337,0.741530505,0.929610526,-0.951427796,0.758535938,-0.465030491,0.813399618,0.64683449,0.53178038,-0.223803231,-0.634259371,0.49563266,1.116561132,-2.435131075,0.168837301,-0.673684981,1.277815173,1.346636695,0.729160305,0.973973793,0.436013883,0.214490267,-0.030760139,2.74038178,-0.002461702,1.742982983,0.5106545,0.171509969,0.710917137,1.540275011,0.81551117,0.581392519,1.442077859,1.703133901,1.949978371,1.157308071,0.251036688,0.857758146,-0.800629181,1.745480746,0.363662908,0.699017668,-0.372547561,2.414756948,1.719565787,0.124677831,0.624814783,0.914181859,-0.068471685,0.366554102,-0.931679068,0.016172377,2.449944814,1.474077702,1.082595257,-0.755029323,0.148503327,1.244870875,0.309679048,-1.458130198,2.53587345,2.633906293,0.746709005,1.2039344092,2.122905718,1.477263402,1.28716456782,2.44054784,2.366282732,1.2950482462,0.5542007026,1.895165278,1.96053838,1.964826818,0.6973247234,1.287951538,0.1202820164,2.101599506,-0.354195766,0.67128696274,1.63890328,1.335223916,0.2721339132,0.89397486208,0.641853244,1.61612957
"HSBP7",0,0,0,0,0,0,0,0,-0.565666337,-0.001129438,-0.227088982,-0.948205301,-0.63407529,1.563997724,-1.284468518,0.904124329,0.341297233,-0.619129284,0.311818637,0.392803465,1.606547316,0.218634347,0.848323124,-0.097906181,-0.771439605,-0.362828211,0.879113275,0.607423454,0.745198092,-0.615228446,-0.773043727,-1.149444944,0.866192142,1.335211479,1.127872542,-0.33860801,0.091049553,-0.531111053,-0.599458736,-0.486057606,0.477324085,1.356188904,2.049625166,0.815537847,1.468446043,1.215279901,-0.587474558,-1.013243391,-0.356242044,-0.16874298,-0.544375032,-0.35873213,-1.452109366,-0.690718715,0.786274924,0.516765739,1.716955212,1.599952395,1.287134655,0.354247841,0.720027588,1.081721958,-0.195100908,1.477552266,0.7649441,0.84486647,1.0078427,1.045826945,0.410213201,0.498695659,0.416092204,1.804039029,1.049375302,1.800347162,1.27650191,2.956389279,1.915418679,2.141013869,1.816190558,1.876152591,1.094120108,1.151689023,2.144968175,2.93787234,0.994833812,0.817352769,2.628628612,0.856738815,2.563620665,0.619869241,2.027634469,1.356858083,1.682977112,0.959906605,0.778056691,1.296527687,1.547033369,-1.133716342,1.193822302,-0.174382049,0.973324428,0.838760904,0.659495447,-0.656688627,1.065172232,0.756160572,0.988907783,0.243816589,0.701601524,1.277459974,0.821244885,0.87078081,0.019778275,0.620790804,2.518504489,0.476359105,-0.18305997,1.651624514,-0.359998408,2.0119384,-0.054346605,1.536097543,1.284757906,2.223760123,0.928236955,0.117268586,1.362140932,-0.153480641,0.937628757,0.548374817,0.718970757,0.093271241,-0.070330378,0.541807409,1.653557234,0.557796672,0.397488991,-0.297069931,1.07127609,0.068691012,0.345240467,0.657566699,2.230758595,1.506595357,-0.061024018,0.279046169,-0.344738422,0.266174211,-0.881196345,2.450612174,-0.870367957,-0.704550953,1.275475549,2.204871283,-0.470346701,-0.672319281,-0.731936073,1.006884941,0.931225136,0.507049906,0.705040997,0.401229816,1.004955072,-1.015429204,1.690811098,1.42204927,1.443585752,1.041216648,0.086567755,1.219321899,0.555821299,0.243406793,1.266317411,1.760655813,0.264066053,0.607320412,1.630195157,0.618391116,0.353896141,0.954806169,-0.179201411,0.975686224,0.24495168,-0.070000343,0.291824834,0.909649731,-0.161332425,0.18803672,1.059179577,-0.6479649,-0.071235883,-0.582160471,-0.869925268,1.528993539,0.99191396,0.895786152,0.15108204,-0.698720884,1.328663241,0.784587973,0.188640568,0,0,0,0,0,0,0,0,0,0,0,0,0,0,0,0,0,0,0,0,0,0,0,0,0,0
"STAT4",3.388019496,3.454599631,3.439253801,3.735825952,3.986302855,3.265295131,3.23975656,3.657334579,4.260566324,4.008151479,3.852856922,3.438379092,3.900720946,3.57583148,4.199076774,4.400809638,3.746458287,4.472307047,3.588502722,1.546031366,1.237492609,3.444815131,2.293219106,2.503148576,2.473747107,2.095286667,2.413379749,2.636744514,3.354862302,4.00575162,3.28245262,3.326234612,2.63853023,2.997134405,2.845040262,2.672074908,1.98246351,2.690664223,2.694106094,3.118232011,-0.732962528,1.66504977,1.862307766,2.028865297,2.834008136,2.140142636,3.581420958,3.926340771,4.117935495,3.917051329,3.758354447,3.809584094,4.267725623,4.466019433,4.349889196,0.712752909,4.900796147,1.989565722,4.630724678,3.463962142,0.096147174,3.011439635,5.162839995,4.143591534,4.560289237,3.39453614,3.297514942,3.5570787,4.079042145,4.367548784,3.702081783,3.888836583,3.549833775,3.858586509,1.942495095,3.139685156,1.532339622,1.022703135,2.783914315,1.498476327,2.004758996,2.385046575,3.966840918,3.058254054,1.130262028,2.489753078,1.301025702,4.155895016,1.409154479,3.697026127,-0.250370718,2.505456378,-0.117568886,1.363511947,0.614649369,3.137226024,1.318410907,4.353439576,0.285598541,3.650050541,1.684091248,0.885246442,1.577028694,4.134693631,1.62577173,3.56378162,3.826448121,3.092885617,1.907931489,1.876736869,2.30096467,1.76834527,1.440381087,3.8198554,1.344142565,3.791937164,3.660728476,1.143239205,5.000008141,1.378391389,3.636384218,0.610137028,2.578855691,2.466170985,1.589187639,1.336772925,3.512312474,3.643344394,1.41953946,2.41088071,2.446163853,3.6249395,3.982265628,2.130708772,1.984307305,1.939020795,1.293756831,4.924432878,2.357933221,4.160838644,1.720202968,3.545861407,1.409369827,3.454018777,4.074783991,2.611115203,3.46670949,3.397888242,2.67196021,1.829098259,4.185676194,3.640452874,2.434929653,2.884671813,4.516484856,4.152073944,4.34338349,2.216292118,3.985346995,3.023744875,1.43505846,4.061207173,1.43955413,3.180040793,1.516481768,3.985166018,2.482239098,2.581161274,4.084707149,3.006025081,2.288780497,3.631836988,2.331124138,1.776449919,2.60664508,2.134301771,1.904735998,4.039877423,3.986423905,3.675202853,3.435557421,1.894757621,3.743033147,4.040155619,1.797851975,0.366360018,4.32269075,3.735947414,2.062063181,4.197936927,3.436938577,4.497915635,3.067857211,2.169014752,2.599625027,1.396313125,4.036422009,3.954960849,1.866116039,2.863747451,4.742346396,0,0,0,0,0,0,0,0,0,0,0,0,0,0,0,0,0,0,0,0,0,0,0,0,0,0
"CLDN9",0,0,0,0,0,0,0,0,1.869398966,-0.50270144,1.069227443,2.939395528,1.838312319,2.074186544,2.380880936,0.6759137,2.89101318,1.424326096,1.682780329,2.600611318,2.830111215,2.725891647,2.981363202,2.014889838,3.390940582,2.846135244,2.849571429,2.522363037,2.528278641,1.419228887,2.803414171,2.378728278,2.849343697,2.180807437,2.004177043,2.172701688,2.660543832,3.451982518,1.721775765,0.044730911,2.548306605,2.44030029,1.469236231,2.654471576,0.47087135,0.261043104,0.594213425,2.543409399,1.564819394,1.938378782,1.378508969,0.891075409,0.691260026,1.163416728,0.831486546,0.885271973,1.163963107,1.807871626,0.746922042,2.309084662,-1.027332269,1.393039692,1.798461269,2.150288718,1.967460925,1.282498736,1.18557564,1.682976581,0.332694775,0.961320537,0.9997498,2.378282485,0.933773923,2.857385384,1.888140951,2.693230683,4.092166035,2.395161754,3.011005357,2.364735948,2.26850626,2.776776519,2.211971743,3.61439182,0,0,0,0,0,0,0,0,0,0,0,0,0,0,0,0,0,0,0,0,0,0,0,0,0,0,0,0,0,0,0,0,0,0,0,0,0,0,0,0,0,0,0,0,0,0,0,0,0,0,0,0,0,0,0,0,0,0,0,0,0,0,0,0,0,0,0,0,0,0,0,0,0,0,0,0,0,0,0,0,0,0,0,0,0,0,0,0,0,0,0,0,0,0,0,0,0,0,0,0,0,0,0,0,0,0,0,0,0,0,0,0,0,0,0,0,0,0,0,0,0,0,0,0,0,0,0,0,0,0,0,0,0,0,0,0,0,0,0,0,0,0,0
"MRGPRF",0,0,0,0,0,0,0,0,1.698542997,0.372321928,1.114227885,1.038530831,1.072140503,2.766284699,1.690820728,0.688132737,2.211953832,1.051365273,1.16259984,3.385604093,2.557666842,1.736738361,1.918286067,1.945720311,2.094127748,2.197157657,1.838535711,1.439547863,1.359259117,1.77387592,1.480019416,1.415204966,2.788001256,2.000118932,1.807344376,1.784964495,2.760459675,2.412792845,1.846606043,1.298822763,2.370301721,1.451857702,2.884099605,2.565931443,2.752060215,3.817072439,1.035892881,0.781139545,1.057212721,1.386083775,1.829338472,0.806387829,0.35422786,1.275773706,-0.674453908,2.6841831,1.520417051,-0.293371497,0.194912137,1.90877941,1.099563158,0.829220447,0.85933228,2.642464638,1.048156316,1.760157344,0.943375336,1.612612481,0.410213201,1.592350737,0.768878268,1.840692014,2.437318355,2.188546354,0.513668779,3.53150218,4.069668174,2.507206451,2.664319565,3.292909552,2.643716038,2.312172779,2.376779801,2.922093007,1.254061204,0.920887847,1.987860879,0.721743456,1.35536491,-0.286370747,2.430889428,0.562754142,1.291512565,2.483654037,1.362765243,1.24879546,1.525734133,-0.991723065,1.892377778,-0.058197802,1.792181999,1.350429939,1.351369433,-0.436019711,2.342946294,-0.017783949,0.586765336,-0.304856351,1.004338126,1.557900196,0.660830302,1.975491735,0.354189265,0.792494821,1.965839966,0.029129534,0.418531454,1.559479411,0.876718514,1.92384461,1.268636189,2.095511058,1.468907566,2.064439983,0.590700099,0.829892718,1.164473739,0.283550677,1.660454118,1.041703216,1.270354875,-0.690275135,0.271592195,1.435717784,2.227136617,0.743032812,0.884887102,-0.064680654,2.863094273,-0.513014112,1.219040849,0.268158228,1.642674196,-0.046717785,0.066090692,0.782335552,-0.465030491,0.595312271,-1.182341245,0.91791529,-1.841925314,-0.272123801,0.239032514,1.611790539,-0.815032826,0.081246177,-0.922288494,1.578400307,1.308132221,0.565864634,1.953494357,-0.256334416,0.597448714,-0.126982438,2.572297618,0.943392601,2.243759777,1.041216648,0.198747881,0.666710676,1.598543351,1.403968984,1.07204362,2.393286281,1.349013948,1.315441279,0.787218171,0.77206499,0.599732183,-0.425411511,1.5772495,-0.340354003,0.127989412,-0.410441981,2.273619629,2.812873746,0.489510958,1.321156894,1.613556288,-0.396852147,0.331811447,-1.847468902,-0.223350769,1.87518409,1.82200751,0.628768743,0.178848206,-0.320610416,0.821826282,0.340590323,0.188640568,0,0,0,0,0,0,0,0,0,0,0,0,0,0,0,0,0,0,0,0,0,0,0,0,0,0
