study_id,SYMBOL,logFC,SE,P.Value
GSE278723,1-SEP,1.6400258133355528,0.2204223522338452,1.0039693455468001e-13
GSE278723,2-MAR,1.0319949199193443,0.16241427510710563,2.09664072116034e-10
GSE278723,7-SEP,-1.1587075633758388,0.09317636897748188,1.673995743157382e-35
GSE278723,ABCA2,1.07035035447341,0.21102749876120666,3.9347130472774493e-7
GSE278723,ABCA5,-1.134370144502993,0.09849718987080361,1.0859781841776877e-30
GSE278723,ABCA6,-1.2304500898203192,0.1518307894389343,5.31426000403663e-16
GSE278723,ABCA9,-1.01021839988678,0.26211895170940414,1.1618192876045294e-4
GSE278723,ABCC6,1.17609354651088,0.3670399361247237,0.001354073637785724
GSE278723,ABCD1,1.0361328051789,0.2112097098918566,9.309173431083315e-7
GSE278723,ABCE1,-1.1101534649977665,0.09875987005289742,2.5664408352032674e-29
GSE278723,ABHD13,-1.0798931553199256,0.07911374094186258,2.022082858491945e-42
GSE278723,ABHD14A-ACY1,1.128510015314168,0.26332667756976036,1.822553449860316e-5
GSE278723,ABHD17A,1.1468756665137503,0.14652059089165867,4.9805187974353715e-15
GSE278723,ABHD4,1.07895075060462,0.2549514919614174,2.316384226467374e-5
GSE278723,AC007325.2,1.8256746604937366,0.12752124417446087,1.7227323738883172e-46
GSE278723,AC011043.1,-1.1932159877759125,0.15629357985811626,2.267812218533452e-14
GSE278723,AC024592.12,1.5611599331808828,0.1272716277863666,1.372832820808256e-34
GSE278723,AC069368.3,1.3795253638442573,0.25147897883020875,4.119545694956013e-8
GSE278723,ACADS,1.01591645439148,0.17137537029775154,3.06610994426489e-9
GSE278723,ACER3,-1.204018006130931,0.17714045413707996,1.0684378450757962e-11
GSE278723,ACKR3,1.18547630371239,0.22207987865609577,9.394500391603282e-8
GSE278723,ACSL3,-1.0585391366643457,0.10389800194340489,2.2374863434831557e-24
GSE278723,ACSM5,1.18619112596762,0.32569737051956626,2.7052386943252624e-4
GSE278723,ACTR2,-1.0113716578321,0.20021506514922624,4.385229982808096e-7
GSE278723,ACTR6,-1.03169292042272,0.19926480966642318,2.248827636652648e-7
GSE278723,ACY1,1.1190791488500023,0.18345023040523775,1.059500902451e-9
GSE278723,ADAM32,-1.009485234388793,0.13377362846399865,4.4807280519977506e-14
GSE278723,ADAMTS2,1.0671294103928834,0.2387886011955022,7.861205436711716e-6
GSE278723,ADAMTS9,-1.1804654818119933,0.2185960127659833,6.656105174930951e-8
GSE278723,ADAMTSL5,1.20923695804048,0.36354090513297377,8.801510377909882e-4
GSE278723,ADAT3,1.31233308106527,0.30371142031980103,1.5533286762897592e-5
GSE278723,ADCYAP1R1,1.17959285160535,0.3246010681879754,2.790856332336459e-4
GSE278723,ADGB,-1.30164063635401,0.5726659150983675,0.023029230603808924
GSE278723,ADGRB1,1.00110052989019,0.2357403573534681,2.1701622845127102e-5
GSE278723,ADGRL4,-1.1231908894080063,0.23750567671388975,2.25504229450629e-6
GSE278723,ADH1B,-1.1600986250025902,0.3675372342498685,0.001597235396699411
GSE278723,ADIRF,1.5827746994885186,0.10493525782173221,2.0843569997163462e-51
GSE278723,ADORA1,1.1617124938246994,0.11423747967948661,2.7192147523922575e-24
GSE278723,ADRA1B,1.3271616064174416,0.32876676695154694,5.418808765456639e-5
GSE278723,ADRA1D,1.38169214758984,0.5994871394003397,0.021178320276750512
GSE278723,ADRA2C,1.084451243147951,0.15168575318320307,8.720356689872223e-13
GSE278723,ADRB1,1.13027668853255,0.2250760424589465,5.120153147596422e-7
GSE278723,AEBP1,1.23963083483939,0.3159368377135368,8.7211387125399e-5
GSE278723,AES,1.00253338597289,0.1662075140776461,1.6212585032538487e-9
GSE278723,AGBL3,-1.01889277610007,0.1688405021534061,1.5931086486043785e-9
GSE278723,AGFG2,1.02526510667299,0.1916598159597562,8.824608323951136e-8
GSE278723,AGO3,-1.12675012688374,0.15825501626016805,1.0805375127860798e-12
GSE278723,AGT,1.36330373001097,0.1849435443674055,1.6877083976561478e-13
GSE278723,AGTPBP1,-1.09597011513263,0.2908585893577169,1.6452682979097962e-4
GSE278723,AHRR,1.04320478160331,0.3232147096530199,0.0012483747023671141
GSE278723,AIFM3,1.0483866316768808,0.14322256742509407,2.4800401127766343e-13
GSE278723,AK8,1.0153167879655,0.33359434560161677,0.002337912666786076
GSE278723,ALDH4A1,1.0422988033546698,0.1537114628231576,1.1944703334089036e-11
GSE278723,ALG10B,-1.3194391377002248,0.3759294154105085,4.484345516675324e-4
GSE278723,ALKBH7,1.1793517384624677,0.11241530017967918,9.499210752218392e-26
GSE278723,ALOX15B,1.4163167359069229,0.34213506871180804,3.478480733636854e-5
GSE278723,ALS2CR11,-1.04664965473949,0.2660066613075833,8.330948692339661e-5
GSE278723,AMDHD2,1.07229948140243,0.2970581158341285,3.065163296270497e-4
GSE278723,AMH,1.4159830399876798,0.37540177966797394,1.6200042148512882e-4
GSE278723,ANGPT2,-1.1707873210197437,0.29601934290829734,7.650132923273255e-5
GSE278723,ANKFN1,1.14157690887808,0.25089135111430466,5.36243147911541e-6
GSE278723,ANKRD20A4,1.11465388614775,0.40827535161125555,0.0063305074294547955
GSE278723,ANKRD34C,-1.09087893243179,0.45201815090566055,0.015806543603356416
GSE278723,ANKRD49,-1.00762205424239,0.13964902202212243,5.377990972670026e-13
GSE278723,ANLN,-1.18790358501606,0.286771574789594,3.43789498848712e-5
GSE278723,ANO3,-1.1089820213312662,0.3106145059867159,3.5659430980126885e-4
GSE278723,ANO7,1.17906900418518,0.3689658986000145,0.0013953834887179965
GSE278723,AP000275.65,2.0898307916238736,0.4484922518718329,3.1669992037555594e-6
GSE278723,AP1S2,-1.0508181178046696,0.14197831200819577,1.3490034021494152e-13
GSE278723,AP3S1,-1.089281410171719,0.10369420986108716,8.21430107337785e-26
GSE278723,AP5M1,-1.02506685278256,0.20168021514513562,3.722352273233086e-7
GSE278723,APLF,-1.21773843628529,0.19107615442234685,1.8530195626812241e-10
GSE278723,APLNR,1.24937392381864,0.33054038960562604,1.5695941730334889e-4
GSE278723,APOBR,1.2743015134787756,0.2571893498421772,7.243408807985387e-7
GSE278723,APOE,1.2202366189376779,0.10379346896662263,6.547344122287098e-32
GSE278723,APOL4,-1.3312238602513375,0.29453077566033226,6.189444484269476e-6
GSE278723,AQP1,1.3676814452805823,0.19487048356440892,2.2440315391226826e-12
GSE278723,AQP3,1.2965260722538763,0.2871118006249403,6.309206919149929e-6
GSE278723,ARAF,1.05992311488475,0.1570203260679722,1.4761227100066556e-11
GSE278723,ARF1,1.1328827421614298,0.2087453616363586,5.727582721941134e-8
GSE278723,ARHGAP29,-1.13263380487964,0.25099722026709465,6.405728330416108e-6
GSE278723,ARHGAP33,1.0390104881295401,0.18535384015941908,2.0759293866767652e-8
GSE278723,ARHGAP5,-1.2986663092102837,0.1773701644936657,2.44692955851861e-13
GSE278723,ARL15,-1.0462011912680016,0.18937961731322348,3.3068871214797125e-8
GSE278723,ARL17A,-1.2160851702497155,0.13814007212311402,1.3287933795866083e-18
GSE278723,ARL17B,-1.2042253577739457,0.33689070145562755,3.5085981812362855e-4
GSE278723,ARL5B,-1.0601467089458771,0.10935546112295333,3.1818690019799057e-22
GSE278723,ARL6,-1.110288518564992,0.2189976211510326,3.9809660304195895e-7
GSE278723,ARL6IP6,1.07372440113391,0.24967508063574442,1.7042328443159274e-5
GSE278723,ARL8B,-1.1212870891332347,0.2300352430137533,1.0913172090715422e-6
GSE278723,ARMC3,-1.18624381908704,0.38489992193952016,0.002056466767184292
GSE278723,ARMC5,1.1732901697392895,0.10664641131709998,3.7505936867497045e-28
GSE278723,ARPP19,-1.03173323503957,0.17513751719190754,3.838904773264301e-9
GSE278723,ARRDC1,1.02697740208793,0.1596226975882566,1.244685552421679e-10
GSE278723,ARSI,1.0275914048869501,0.3195181626939424,0.0012996107385999888
GSE278723,ARVCF,1.06275328486328,0.19787100021061965,7.832723648422272e-8
GSE278723,ARX,1.148694923069861,0.16674411677489429,5.619848680904361e-12
GSE278723,ASAH2,-1.01108941496967,0.3095897172382548,0.001091163305811217
GSE278723,ASAH2B,-1.1932550377954843,0.15755951837693818,3.636911343016889e-14
GSE278723,ATF7IP2,-1.17050505365036,0.2577232205286184,5.579881362510097e-6
GSE278723,ATG12,-1.1108366522189,0.15560814406359108,9.423182923044805e-13
GSE278723,ATG4C,-1.08955058234089,0.1925824742982032,1.5352306438286653e-8
GSE278723,ATP11B,-1.0204288292296,0.15041258141217792,1.1673263162757972e-11
GSE278723,ATP13A2,1.07090643919474,0.17110843766540398,3.883444215005953e-10
GSE278723,ATP1A2,1.0466246661345406,0.11067216629959034,3.1695981669735383e-21
GSE278723,ATP1A4,1.436732720662155,0.2183833352897696,4.7378675929007147e-11
GSE278723,ATP2A3,1.096674370293378,0.21125391168553717,2.0887363978517403e-7
GSE278723,ATP5I,1.2595546466241736,0.0935736260801337,2.6683802839981743e-41
GSE278723,ATP5S,-1.17488845981268,0.37737312322110644,0.0018498673211260368
GSE278723,AURKAIP1,1.0973377306373033,0.08087696520202484,6.200026911279501e-42
GSE278723,AZGP1,1.1210242332405,0.4303100395915756,0.009183277897876634
GSE278723,B3GALT2,-1.06421446275913,0.14409601616183956,1.519343459098096e-13
GSE278723,B3GALT4,1.05541975859001,0.20601217749889367,3.0056235053748993e-7
GSE278723,B3GNT5,-1.19679910495472,0.30625895171270134,9.313988527560637e-5
GSE278723,BAG2,-1.018304590652267,0.1634447045192922,4.6563285669404715e-10
GSE278723,BAIAP2L2,1.1264415691251,0.3039209565158781,2.102563926251946e-4
GSE278723,BBIP1,-1.0905385296421348,0.12077402631865501,1.7233457640601073e-19
GSE278723,BBS10,-1.1392711525500976,0.12385145698825581,3.62340176659275e-20
GSE278723,BCAP29,-1.01690689693603,0.2262549178721304,6.97275664790777e-6
GSE278723,BCAS1,-1.08445710524382,0.4684376673635474,0.020610139423861938
GSE278723,BCAT1,-1.097224126494709,0.1464201190742815,6.697373508865356e-14
GSE278723,BCL2L2,-1.60412143611658,0.7585169131661644,0.03444588760866122
GSE278723,BCLAF1,-1.04006129162027,0.19306783906015876,7.163344070656119e-8
GSE278723,BIRC2,-1.14445383689857,0.15430936238332274,1.2014741381173639e-13
GSE278723,BIRC3,-1.01448399404097,0.26602842539774413,1.370446496667948e-4
GSE278723,BLOC1S1,1.1025050967218402,0.08177111842031008,1.9742038146754918e-41
GSE278723,BLOC1S3,1.5854854961992317,0.14683487098816767,3.5276070164771775e-27
GSE278723,BLOC1S6,-1.3604232430322987,0.23322446308155184,5.440466169150409e-9
GSE278723,BLVRB,1.01422317442742,0.1808314717358311,2.0389307129506712e-8
GSE278723,BMP8A,1.08902903460936,0.2959627681206724,2.335863554314198e-4
GSE278723,BOLA1,1.13114751582271,0.2168495181301,1.82553472005792e-7
GSE278723,BORCS8-MEF2B,1.3470288567143671,0.3254095329559167,3.480818070087908e-5
GSE278723,BRCC3,-1.08474043863396,0.14672619316052515,1.435989127418187e-13
GSE278723,BTBD2,1.09583420565768,0.22441105381268542,1.0440115728310233e-6
GSE278723,BTF3L4,-1.2205455359049773,0.1644414242039833,1.1504055259100953e-13
GSE278723,BUB1B-PAK6,1.94991268718404,0.7005446297829171,0.005378847393656465
GSE278723,C10ORF105,1.4995634851779565,0.22159556271656058,1.3137225820306218e-11
GSE278723,C10ORF107,-1.06957678683294,0.3322515249028062,0.0012855867257979894
GSE278723,C11ORF98,1.11607318622072,0.4276107510680271,0.009053657422722393
GSE278723,C12ORF57,1.1855598705966148,0.08219551392018969,3.673528092621101e-47
GSE278723,C15ORF41,-1.0511150329247,0.16979732229999125,6.000794295628566e-10
GSE278723,C16ORF13,1.08301192178171,0.17752656086694477,1.0569568722737201e-9
GSE278723,C16ORF86,1.21009641660368,0.23440686312387335,2.438346032116961e-7
GSE278723,C16ORF96,1.1064769497025218,0.1820075205066377,1.2071400062251258e-9
GSE278723,C18ORF54,-1.2236259294899638,0.17140258345217121,9.40806381522346e-13
GSE278723,C19ORF24,1.016676259119921,0.15672992449282014,8.767643101380068e-11
GSE278723,C19ORF52,1.089083531370033,0.08076313139492876,1.9190038032632403e-41
GSE278723,C19ORF53,1.3489037610452193,0.08350859544769981,1.0839282269535542e-58
GSE278723,C19ORF60,1.1416965643603587,0.09346406606396765,2.5738173318180297e-34
GSE278723,C19ORF68,1.0445109143629185,0.18142868968511425,8.554942803283521e-9
GSE278723,C19ORF71,1.20398445737062,0.3911891761777724,0.002085662844600977
GSE278723,C1GALT1,-1.2438137482661566,0.13936573415184547,4.464345165871527e-19
GSE278723,C1GALT1C1,-1.2742234047949221,0.14539523875640278,1.8867741686159688e-18
GSE278723,C1ORF101,-1.1656145935484883,0.09180800016505533,6.2055108675208335e-37
GSE278723,C1ORF122,1.03371103713774,0.20060800460008713,2.5650205320146915e-7
GSE278723,C1ORF233,1.4342427238739022,0.12555493464422837,3.201164169869445e-30
GSE278723,C1ORF35,1.091254708187795,0.1077802965465593,4.288235953955942e-24
GSE278723,C1ORF95,-1.2384375671701584,0.22386188871929988,3.1632904713198604e-8
GSE278723,C1QB,1.39288728976142,0.4464882412949022,0.001810657031342628
GSE278723,C1QL1,1.3034486119216897,0.19809065311577134,4.702548060585833e-11
GSE278723,C1QL2,1.123876498885528,0.17570759622462684,1.5919895519702651e-10
GSE278723,C1QTNF4,1.2463168733968504,0.10568264686100834,4.240902252477028e-32
GSE278723,C1QTNF5,1.6857322781814728,0.3671068430164857,4.391464601515597e-6
GSE278723,C20ORF27,1.183822719353854,0.10940698736830569,2.756997704634211e-27
GSE278723,C21ORF62,-1.29839922318931,0.4882981574154247,0.007836609246982451
GSE278723,C2ORF82,1.2451617835897297,0.2503313590163906,6.556691538107256e-7
GSE278723,C2ORF88,-1.0282127062994317,0.24330653195866767,2.3788502031187275e-5
GSE278723,C3ORF14,-1.0750254402099564,0.12611543978985196,1.5395170296556393e-17
GSE278723,C4A,1.14484854656692,0.3221722567614464,3.800988871965524e-4
GSE278723,C4B,1.1795715116048897,0.3687847453554411,0.0013812699074249113
GSE278723,C4ORF33,-1.05647362181754,0.19245549170363885,4.032011879088845e-8
GSE278723,C4ORF48,2.517878786456066,0.16245208791071858,3.511916506499606e-54
GSE278723,C5ORF49,1.3030632138254001,0.2766890033010842,2.4834127362596366e-6
GSE278723,C7,-1.04752588452594,0.4362248030623644,0.016334965079868556
GSE278723,C7ORF55-LUC7L2,1.7634792903172074,0.44103765958886826,6.375115947019189e-5
GSE278723,C9ORF16,1.0591381156063335,0.14604319519144202,4.099799785778652e-13
GSE278723,C9ORF172,1.1646465288728411,0.12320818911383108,3.302914233073502e-21
GSE278723,CACNA1H,1.05763934186483,0.2687945009081428,8.328310838839896e-5
GSE278723,CACNG7,1.08221952251142,0.18951073269447666,1.1258019597629177e-8
GSE278723,CACYBP,-1.01679905508726,0.27628419377330365,2.329916728007259e-4
GSE278723,CALY,1.1315281672131208,0.11817239656220488,1.0162842762213185e-21
GSE278723,CAMK1G,1.16487263260597,0.3967083287539417,0.0033210443147865284
GSE278723,CAMK2N2,1.3959821569517887,0.12197548202817239,2.4974665792889604e-30
GSE278723,CAMK4,-1.080150104161457,0.2191531836622089,8.275961144984752e-7
GSE278723,CAMSAP3,1.01274992874927,0.22888266114386466,9.655134719004591e-6
GSE278723,CAPG,1.01770237103628,0.21199547182858028,1.5820247720275484e-6
GSE278723,CAPS,1.2033608897900825,0.2109945509590308,1.1752406124477891e-8
GSE278723,CAPZA1,-1.0258132831694,0.17814578437928041,8.497538876723013e-9
GSE278723,CARD11,1.1487258480920595,0.2211994097367441,2.0674469975857919e-7
GSE278723,CASD1,-1.0312413680947274,0.14645567540356708,1.904262470514001e-12
GSE278723,CASP4,-1.06992425193233,0.23996855686314408,8.249599509673984e-6
GSE278723,CASP8AP2,-1.02272964653487,0.21293720608511407,1.5633432614134627e-6
GSE278723,CASZ1,1.2282009507294,0.3388347037097499,2.892085494499669e-4
GSE278723,CBFA2T3,1.04403866508585,0.2683891836843728,1.0023692581417946e-4
GSE278723,CBLN4,1.22877297344044,0.5560893772410378,0.027128203252047782
GSE278723,CBR4,-1.0536746049617725,0.11601063415750344,1.0604169413032254e-19
GSE278723,CBWD2,-1.00529496788815,0.2202366648529928,5.0041850421460065e-6
GSE278723,CCDC106,1.15290619274006,0.19870295003777252,6.5466274286099524e-9
GSE278723,CCDC117,-1.06106217016953,0.24230649117570446,1.1922051470479483e-5
GSE278723,CCDC122,-1.3147556175010267,0.15122323537005752,3.4947394101818315e-18
GSE278723,CCDC138,-1.05924105488658,0.20377617024391728,2.0137756404757006e-7
GSE278723,CCDC163P,1.0311587028034,0.3133426799457046,9.989088787911138e-4
GSE278723,CCDC167,1.1608877883544095,0.16192256441857147,7.532664098305856e-13
GSE278723,CCDC173,-1.1216230538379548,0.20495191715219255,4.4344136972711865e-8
GSE278723,CCDC175,-1.03807023976963,0.29963452128729695,5.313075218961569e-4
GSE278723,CCDC40,1.00637886781385,0.2811355809583017,3.439990573773457e-4
GSE278723,CCDC68,-1.0179584239883,0.24317981677574368,2.838737091672779e-5
GSE278723,CCDC7,-1.1499928237854198,0.1407948125144654,3.138985367914854e-16
GSE278723,CCDC74A,1.00631070435915,0.1659978116333844,1.3427828469349119e-9
GSE278723,CCDC85B,1.2659735991642114,0.09991021069408325,8.549236297755243e-37
GSE278723,CCNC,-1.12488094410229,0.16424988630935644,7.457882112865797e-12
GSE278723,CCNE2,-1.2675311813563697,0.23627865795994693,8.114650915830352e-8
GSE278723,CCNO,1.1161652030481821,0.2373778482938721,2.575480997152576e-6
GSE278723,CCNT2,-1.179944125001016,0.16649170876378142,1.36947055081781e-12
GSE278723,CCR10,1.5042296341890116,0.16825950950417462,3.8938770162491304e-19
GSE278723,CD36,-2.01540614772078,0.5435935893260411,2.0926538959283473e-4
GSE278723,CD37,1.156906312308194,0.17756909448043678,7.2570681383734e-11
GSE278723,CD46,-1.00341641733013,0.1715884648738594,4.980926487486652e-9
GSE278723,CD47,-1.10772044609628,0.14165553806367068,5.2900001808824075e-15
GSE278723,CD58,-1.2190583634633092,0.21327613105540028,1.0914498686654509e-8
GSE278723,CD68,1.3447111921076407,0.28415470886779765,2.2196742076104328e-6
GSE278723,CD74,1.29866585269332,0.36145830120245986,3.270795164790154e-4
GSE278723,CD81,1.09036262046944,0.1500440310473352,3.676921213431333e-13
GSE278723,CD93,-1.0430983307963178,0.24113921907373181,1.5204134371490758e-5
GSE278723,CDC42EP1,1.0649110327833928,0.16986075808314854,3.6263390596719276e-10
GSE278723,CDH22,1.106150230119501,0.14371121146712373,1.3925972021296797e-14
GSE278723,CDH23,1.1517683537035925,0.1599786064303545,6.042717265515183e-13
GSE278723,CDH4,1.0529875113658307,0.1014571603272686,3.101565884805665e-25
GSE278723,CDH6,-1.1683753206777119,0.10656947396859763,5.72365562566996e-28
GSE278723,CDIP1,1.21626975913672,0.2882865405223314,2.4543038676942076e-5
GSE278723,CDK2AP1,1.0612826777152622,0.19523961129074313,5.4552372827091076e-8
GSE278723,CDK2AP2,1.09240336365935,0.2303899166589493,2.1209814136701906e-6
GSE278723,CDK3,1.24401277105974,0.5617312037327277,0.026787183810819366
GSE278723,CDK6,-1.1062224671429697,0.12844575262543378,7.156484403441633e-18
GSE278723,CEBPZOS,-1.1806626841723,0.24422152067356648,1.3355286098174851e-6
GSE278723,CELF3,1.088853449809636,0.12458331547340147,2.331887381570005e-18
GSE278723,CEND1,1.1066484078203231,0.08269365668352627,7.65224857100545e-41
GSE278723,CEP57L1,-1.07065480028638,0.143571486104961,8.831740400982293e-14
GSE278723,CEPT1,-1.0854004272807385,0.10672275361089056,2.691302441837964e-24
GSE278723,CERKL,-1.00212163831591,0.3948144621601019,0.01114214081658271
GSE278723,CERS1,1.2850089043710533,0.13459617750390138,1.3332266928022525e-21
GSE278723,CES1,1.46890053166369,0.6131915393077788,0.016597699527259615
GSE278723,CFAP54,-1.0136151488826,0.26003584222760995,9.699744487744481e-5
GSE278723,CFAP69,-1.1259102874773645,0.19052078050858562,3.4284458060087454e-9
GSE278723,CFAP99,1.16205802794539,0.3293594335720661,4.183379604401211e-4
GSE278723,CHADL,1.0989765752516398,0.22846284532929262,1.5069815496559893e-6
GSE278723,CHCHD10,1.4434775855785043,0.08446187743792753,1.7531393807814973e-65
GSE278723,CHCHD6,1.146056499697,0.22272047661664351,2.6650120725116136e-7
GSE278723,CHMP6,1.0383905921168153,0.12669087369119048,2.4799384028135894e-16
GSE278723,CHORDC1,-1.4716773320443688,0.1628412993250225,1.6030391720357152e-19
GSE278723,CHPF,1.3541502944368082,0.0731831720870016,1.932226572819704e-76
GSE278723,CHRM4,1.2370891012589358,0.26241538538554204,2.4261459441055112e-6
GSE278723,CHRNA4,1.19296323828525,0.18310373284850093,7.257755721090193e-11
GSE278723,CHST1,1.0081801761998097,0.11722612267718002,7.950590187437705e-18
GSE278723,CHST5,1.2210446487289672,0.2885630423588718,2.321732866273307e-5
GSE278723,CHST7,1.1831263311402138,0.16161126843416943,2.464679191133605e-13
GSE278723,CHST8,1.1675305091077415,0.24984903886437265,2.969130781963485e-6
GSE278723,CIB2,1.23960373024269,0.29138780554014593,2.098565189096206e-5
GSE278723,CIDEB,1.03647579575937,0.3139985108167108,9.637729210587677e-4
GSE278723,CIITA,1.31528119383048,0.33104450091650417,7.093578868334617e-5
GSE278723,CITED4,1.4631956768921695,0.1339832053329385,9.174578699089566e-28
GSE278723,CKB,1.07771717606684,0.2107405287649741,3.154857530164281e-7
GSE278723,CKMT1B,-1.3519270795627303,0.5491940849916962,0.013829712432058753
GSE278723,CLDN5,1.23314292994265,0.3815183262374837,0.001228417270690594
GSE278723,CLDN9,1.18847994297402,0.3666496742562273,0.00118919474576017
GSE278723,CLDND1,-1.1103974957643,0.21594062519047963,2.716227681022434e-7
GSE278723,CLEC11A,1.5734625179470516,0.15614253679611054,6.976105521485967e-24
GSE278723,CLEC2B,-1.4379302297537024,0.17308777881045653,9.772269928546665e-17
GSE278723,CLGN,-1.08878728786223,0.5004799315981192,0.029593685691493215
GSE278723,CLIC2,-1.1176685746682564,0.1765403624291538,2.436530155307974e-10
GSE278723,CLIC4,-1.00488323892978,0.2656088950176324,1.547507310333438e-4
GSE278723,CLPP,1.0770976943116017,0.1227629937195891,1.7273916293032222e-18
GSE278723,CMC4,1.16152475384795,0.420761023171701,0.005770710066976224
GSE278723,CNIH2,1.00001270774054,0.28371088042862197,4.238669377461001e-4
GSE278723,CNNM3,1.11121468977113,0.19960947361084466,2.5924619757911165e-8
GSE278723,CNTFR,1.4582608490199713,0.12191726948415138,5.682575202235326e-33
GSE278723,COL1A1,1.50623197403564,0.4891083806883092,0.0020731604430221265
GSE278723,COL23A1,1.14380619097787,0.2909738218944284,8.460766824849241e-5
GSE278723,COL2A1,1.3355821241829522,0.36957449144414406,3.016982916518991e-4
GSE278723,COL4A4,-1.16956234137335,0.2595604785774011,6.608167909272917e-6
GSE278723,COL6A3,1.28032248092795,0.5666924982334569,0.02386537495931593
GSE278723,COLCA2,1.1790363417685203,0.2216817756978235,1.0456965063997743e-7
GSE278723,COMT,1.1348566381406657,0.10865894659879372,1.5574998389004628e-25
GSE278723,COMTD1,1.1427242020150747,0.20902544346880791,4.579371168008791e-8
GSE278723,COPE,1.09145066118201,0.12041007960069146,1.25239079612552e-19
GSE278723,COPZ2,1.0881194702890127,0.15869879096816844,7.056431625683819e-12
GSE278723,CORO7-PAM16,-1.66096311286719,0.7833401700990782,0.03397570268189286
GSE278723,COX6B1,1.308996467352229,0.07337583783944115,3.481054510328268e-71
GSE278723,COX7A1,1.5588199286206688,0.14710005346236144,3.0767768052245127e-26
GSE278723,COX8A,1.8877653377660188,0.0781076398588226,4.7411229115404724e-129
GSE278723,CP,-1.1655514594271166,0.19995075179643718,5.569616422893068e-9
GSE278723,CPLX1,1.26977743918585,0.24326961794513083,1.7928076351371907e-7
GSE278723,CPM,-1.0455405396013,0.2214812003809226,2.3506444848170243e-6
GSE278723,CPNE7,1.3679177477925,0.39169322306363513,4.788457159293333e-4
GSE278723,CPTP,1.2697442567992283,0.1392820821900841,7.769678755622898e-20
GSE278723,CRB2,1.2817697001823023,0.1179609310328837,1.6728255661160616e-27
GSE278723,CREB1,-1.05355823125592,0.23980196056378913,1.115651991538885e-5
GSE278723,CRHR1,1.11444177844959,0.3237813593014885,5.775203148170613e-4
GSE278723,CRLF1,1.1590517480291924,0.20907516519571387,2.9613185483501734e-8
GSE278723,CRTAC1,1.11311288544871,0.3445247792767145,0.0012341642339117396
GSE278723,CRTC1,1.03837243573823,0.2665562360253009,9.799239051721303e-5
GSE278723,CSDC2,1.079838373953224,0.16585119982482174,7.470847097531633e-11
GSE278723,CSF1R,1.15616833516975,0.2881431769913908,6.0084524094194945e-5
GSE278723,CSF3R,1.15132409635897,0.2843091955308983,5.1316372572212896e-5
GSE278723,CSRNP3,-1.16519396136917,0.36938309812765524,0.0016081070523465421
GSE278723,CSRP1,1.40018427800553,0.23050833186319888,1.2450442692136696e-9
GSE278723,CST3,1.3765466965783388,0.10407731475517937,6.194611592590503e-40
GSE278723,CTBS,-1.2036048921181588,0.16286103634153684,1.464101444793638e-13
GSE278723,CTC-281F24.5,1.18883699024265,0.3352188203996362,3.904579251107973e-4
GSE278723,CTC-479C5.12,1.03004974192865,0.32343964759506516,0.0014491730638589652
GSE278723,CTD-2545G14.7,1.8753984224951652,0.5462411514895942,5.963275275662463e-4
GSE278723,CTD-3099C6.9,-1.082537698054927,0.11053703395289316,1.201387170111752e-22
GSE278723,CTDSP1,1.00486249147653,0.31625758854120434,0.0014862521324676982
GSE278723,CTF1,1.1458739598780607,0.19155325188221167,2.2039726422050703e-9
GSE278723,CTNNA3,-1.023943176984767,0.28277718395029344,2.9343845788607544e-4
GSE278723,CTSC,-1.06624285608903,0.3848100290504617,0.00559137517435287
GSE278723,CTSD,1.05682713070062,0.1284165920671766,1.8771823726268837e-16
GSE278723,CTXN1,1.4504902424783999,0.1299097582394368,6.024128860368496e-29
GSE278723,CXADR,-1.107169659453567,0.15416694731697303,6.888616685154726e-13
GSE278723,CXORF67,1.38749273828451,0.39115366073104496,3.893773395294407e-4
GSE278723,CXXC5,1.1048549289606,0.17102375259492653,1.0453527248115676e-10
GSE278723,CYB5R3,1.0661028644320634,0.09540736482068889,5.452742067901501e-29
GSE278723,CYB5R4,-1.00109061218682,0.21819836217604524,4.475467563014055e-6
GSE278723,CYBA,1.01507126918256,0.255815216697175,7.24825067409673e-5
GSE278723,CYLD,-1.00486548029786,0.16166139939083413,5.104258217727289e-10
GSE278723,CYP11A1,1.3654855758158244,0.18062999267143967,4.043953705077407e-14
GSE278723,CYP20A1,-1.08464827291729,0.2934230255331823,2.1856275733894454e-4
GSE278723,CYP4F12,1.41243957650905,0.6027311178563566,0.019108928638180835
GSE278723,CYP4F3,1.26572595482617,0.47262107629768274,0.007404136633311953
GSE278723,CYS1,1.3487194385653,0.3540353338091397,1.3921337860427536e-4
GSE278723,CYSLTR2,-1.1264211234793544,0.259251963062922,1.3934581031873143e-5
GSE278723,D2HGDH,1.123999268613714,0.09289841467355964,1.0660665541391949e-33
GSE278723,DACH2,-1.11270038200246,0.49513790591236934,0.02462383210032794
GSE278723,DAGLA,1.0669812639703962,0.08800198857552745,7.832430886719139e-34
GSE278723,DCAF15,1.0449056300344834,0.09421339223991677,1.3897703796834415e-28
GSE278723,DCAF17,-1.0181527823561,0.16234166347091444,3.572039015991921e-10
GSE278723,DCP2,-1.01842723830789,0.2631062159984466,1.0848604441319158e-4
GSE278723,DCTPP1,1.02304498572613,0.2908701254458607,4.3614435342576485e-4
GSE278723,DDA1,1.13687662672939,0.40972237609521345,0.005524437856088164
GSE278723,DDAH2,1.19481574109227,0.23969235055175447,6.202953554678168e-7
GSE278723,DDTL,1.3296548510441417,0.08847505411259195,4.7708983708890914e-51
GSE278723,DDX11,1.44476922850744,0.49418196184037094,0.003460566467241522
GSE278723,DEGS2,1.2716768073078304,0.15786552823216618,7.919129051461467e-16
GSE278723,DENND1C,1.18390479866913,0.4059871317340139,0.003544208627420654
GSE278723,DERL2,-1.0282756120726,0.13076198558606336,3.728912196449653e-15
GSE278723,DEXI,1.07546471071314,0.3615376241563816,0.002932785386222494
GSE278723,DGKI,-1.03407698127348,0.28126049145899035,2.363808138688289e-4
GSE278723,DGKQ,1.05400018601844,0.21344487068967896,7.890999751693875e-7
GSE278723,DHRS4L2,1.01710378078183,0.2521834037992857,5.502456994825865e-5
GSE278723,DLEC1,1.24247134903597,0.44732359466872484,0.0054767512090229935
GSE278723,DLK2,1.21696840816339,0.2591315485940031,2.6487177335468885e-6
GSE278723,DMKN,1.4472557176764898,0.5276268602043279,0.0060889386359794
GSE278723,DNAH8,-1.13938394458258,0.47798114870774294,0.01713759247765744
GSE278723,DNAJB14,-1.1458521795153032,0.12098217125443768,2.7651922694115795e-21
GSE278723,DNAJC2,-1.14387570639804,0.17176260248074182,2.7451424902809795e-11
GSE278723,DNAJC25-GNG10,-1.06759325595822,0.38016377285748604,0.0049812216164817225
GSE278723,DNAJC3,-1.00016790566361,0.18886286595465357,1.185378966630787e-7
GSE278723,DNAJC5G,-1.18810987075977,0.445858251552275,0.007704090254536948
GSE278723,DNAL1,-1.02331285580053,0.33795291180626036,0.002461987247910328
GSE278723,DNLZ,1.1885817082856187,0.20740006383936538,9.991993530016539e-9
GSE278723,DNPH1,1.0752202372087964,0.13871466654363399,9.095009919594528e-15
GSE278723,DPH6,-1.07647942150239,0.23469873451890505,4.504288773026206e-6
GSE278723,DPM3,1.0957926199385142,0.11973189918911843,5.586195872970356e-20
GSE278723,DPY19L2,-1.187488330376039,0.11619066268824488,1.6105810143640396e-24
GSE278723,DRC1,1.04949200117147,0.44528849967318845,0.01842915191426917
GSE278723,DRD4,1.5169802465773248,0.21763801738781452,3.164934406395161e-12
GSE278723,DTWD1,-1.0807451207648198,0.21683586350625142,6.223085161269592e-7
GSE278723,DTX1,1.0287646984092529,0.12010555013554675,1.0760313210599619e-17
GSE278723,DUSP15,1.313379099858442,0.12802748136495212,1.0829664041118734e-24
GSE278723,DUSP19,-1.39698681347838,0.3690405514691898,1.5342690723481458e-4
GSE278723,DUSP23,1.5199060826847524,0.12072081697534821,2.3889501506944328e-36
GSE278723,DYNC1LI2,-1.0527999414796765,0.1931536694597533,5.020520695929572e-8
GSE278723,DYNLRB1,1.1063083504716307,0.10544133165868994,9.384811187408793e-26
GSE278723,DYNLT3,-1.0740136745029767,0.1897597701665376,1.51496803395898e-8
GSE278723,EBI3,1.1105078890738855,0.2875955210159811,1.1276074981022717e-4
GSE278723,EBLN2,-1.03097644291226,0.23035041009565527,7.616583433874502e-6
GSE278723,ECH1,1.00588654582027,0.11628762518465893,5.150491066413297e-18
GSE278723,ECM2,-1.1968439769263,0.3294059751515804,2.7977572825645895e-4
GSE278723,EDF1,1.1340019535040973,0.0697587775065236,2.023818351136552e-59
GSE278723,EDNRA,-1.1990780560418242,0.17169179891436442,2.871000067249692e-12
GSE278723,EEF1G,1.124140220218423,0.2025386124248473,2.8525906256430797e-8
GSE278723,EFCAB13,-1.17975988366342,0.2991143484480692,8.007455627426539e-5
GSE278723,EFCC1,1.11603978662057,0.33344517432100323,8.169228137422253e-4
GSE278723,EFHD1,1.09870640736417,0.27157705029315765,5.2177556636895796e-5
GSE278723,EFNB1,1.05618060118306,0.23102807986761265,4.838879115318948e-6
GSE278723,EGF,1.03780786617696,0.3269732775957283,0.0015036211436624885
GSE278723,EGR4,1.3159265017809108,0.3194276467187524,3.794669137858466e-5
GSE278723,EHD1,1.09228154924825,0.17551844193963242,4.872010562660463e-10
GSE278723,EIF1AY,-2.93839848421735,1.3371340644381833,0.02798228218125575
GSE278723,EIF4E,-1.340827872253712,0.2547651735718007,1.417273206955106e-7
GSE278723,EIF5B,-1.0631612134787407,0.12098043465299128,1.5241232162133798e-18
GSE278723,ELAVL2,-1.2603854421499994,0.2581347788779352,1.0466202393423812e-6
GSE278723,ELFN1,1.1567949205638124,0.16169445812248712,8.41606617992431e-13
GSE278723,ELFN2,1.0535278856225063,0.21397594172435058,8.497467083966882e-7
GSE278723,ELL2,-1.1126188100119,0.18093652412290503,7.786405294099466e-10
GSE278723,ELMOD2,-1.10500214836216,0.1378907432794556,1.1139277294318063e-15
GSE278723,ELOF1,1.060975078148645,0.09811569668009268,2.970805088285024e-27
GSE278723,ELOVL4,-1.018268366758173,0.23252627559066813,1.1914092675054024e-5
GSE278723,ELOVL7,-1.3168669682030036,0.20291793045074086,8.603426260966611e-11
GSE278723,EMCN,-1.3083141893295525,0.2110209465097982,5.648982280768181e-10
GSE278723,EMID1,1.02745115266272,0.29192724918382346,4.3228734750575936e-4
GSE278723,EMX2,1.16030127416777,0.23260789858790418,6.093557219032006e-7
GSE278723,ENHO,1.3832247061356597,0.16524814419088113,5.732974075147355e-17
GSE278723,ENPEP,-1.11460958914256,0.35868990856482624,0.0018871133796737674
GSE278723,ENPP4,-1.1535709034907728,0.11712265847184158,6.905407292873833e-23
GSE278723,ENTPD2,1.3714994296304992,0.1766139407154871,8.130969496259518e-15
GSE278723,EPN1,1.03474909305285,0.15758318637392227,5.155752672506481e-11
GSE278723,ERBB2,1.141520394017912,0.18137633986278423,3.1007343077949895e-10
GSE278723,ERBB2IP,-1.0384871197080645,0.13923067799077238,8.734572997091378e-14
GSE278723,ERGIC2,-1.00745699088819,0.14233689364061422,1.4627598511997585e-12
GSE278723,ERMN,-1.2499653050473,0.33714563100953315,2.0932061719243535e-4
GSE278723,ETFB,1.05513766617278,0.16123188430222737,5.980485486965777e-11
GSE278723,ETHE1,1.03980019156583,0.24269143721746725,1.8318886831365352e-5
GSE278723,EVA1B,1.4320162993074776,0.19784882416667587,4.555783581137582e-13
GSE278723,EVC,1.171405146417716,0.19996430650544234,4.682738749376361e-9
GSE278723,EVI2A,-1.069327416331187,0.2494988021718538,1.819992076425771e-5
GSE278723,EVI2B,1.20354742281847,0.490523562077324,0.014143516185211771
GSE278723,EXOC6,-1.02818677133468,0.1378815898843788,8.849641467707525e-14
GSE278723,EXOG,-1.05979612745713,0.26397404534051916,5.950278892844002e-5
GSE278723,F12,1.4818072042855335,0.2288025637030392,9.396325842314808e-11
GSE278723,F8A3,1.09047089260469,0.11212582786789115,2.3493129669519925e-22
GSE278723,FA2H,1.23566106693527,0.4405008200729148,0.005029664337275169
GSE278723,FAM101A,1.0364106631247332,0.18777511458224905,3.401107001214475e-8
GSE278723,FAM107A,1.00424140880811,0.2782790191675456,3.07667412969193e-4
GSE278723,FAM107B,-1.1292661100126364,0.12768595170056202,9.22768198241605e-19
GSE278723,FAM110A,1.17461512477962,0.22348606686943412,1.4732128185020248e-7
GSE278723,FAM126A,-1.0354373443280611,0.11126843213986594,1.3303722737434881e-20
GSE278723,FAM127A,1.05386302107383,0.15862758196510113,3.060495234350132e-11
GSE278723,FAM131C,1.2373813421223978,0.1588086565958863,6.614015137970913e-15
GSE278723,FAM133A,-1.01368036047453,0.25596367980982904,7.487109745713097e-5
GSE278723,FAM133B,-1.1929395195378838,0.10225823762040788,1.9026663616545293e-31
GSE278723,FAM167A,1.11525171745959,0.3231799038068822,5.587834037038008e-4
GSE278723,FAM171A2,1.2402526883146345,0.11314068890410159,5.8173436493355285e-28
GSE278723,FAM173A,1.6443480567830397,0.12134837570904844,7.854319688279714e-42
GSE278723,FAM175A,-1.1906048602956067,0.13985401664098923,1.6920156638376995e-17
GSE278723,FAM179A,1.28658261327979,0.386979566992949,8.852057494810255e-4
GSE278723,FAM181A,1.03229848870283,0.363228607543939,0.004483041299353045
GSE278723,FAM181B,1.19264654801194,0.24983946150410516,1.8091523789719521e-6
GSE278723,FAM212A,1.06770771018841,0.42589969652578175,0.01217791774709643
GSE278723,FAM47E-STBD1,1.42639201278981,0.5546149897284881,0.010115383730123434
GSE278723,FAM57B,1.06928925088108,0.29533395767584636,2.9390860538480815e-4
GSE278723,FAM73A,-1.0873986023552082,0.10748790223364434,4.669332915686081e-24
GSE278723,FAM83H,1.0594226456985,0.18425844531673438,8.942529472643802e-9
GSE278723,FAM89B,1.188508481676115,0.12485965212131785,1.7526557543510218e-21
GSE278723,FAM96B,1.325087137491013,0.08101602159775059,3.9505656482389427e-60
GSE278723,FANCB,-1.2178857500298852,0.1571063050015466,9.04669421819858e-15
GSE278723,FANCM,-1.01834212089507,0.17933605617644396,1.3595932959171366e-8
GSE278723,FAR1,-1.00748307261523,0.14724279414976035,7.7917985645929e-12
GSE278723,FAU,1.0484328801262819,0.07916314742873067,4.890646314609531e-40
GSE278723,FBLL1,1.12061112410269,0.11584017860542134,3.897539228475273e-22
GSE278723,FBLN1,1.1554705538409682,0.14162753758046026,3.3916535114490676e-16
GSE278723,FBLN2,1.08349202361161,0.31783947992940215,6.52185993404544e-4
GSE278723,FBRSL1,1.0524289856459,0.1975076050401414,9.900039497856396e-8
GSE278723,FBXL15,1.0579377631642564,0.09491695585061981,7.495692443037836e-29
GSE278723,FBXL16,1.232608358091437,0.14505420985260384,1.9360010979650453e-17
GSE278723,FBXL19,1.00726910963965,0.18273300552661242,3.542851268583935e-8
GSE278723,FBXL7,1.0270325727228,0.19113754518342843,7.732380429662823e-8
GSE278723,FBXO2,1.1292870462016622,0.07616940613681847,9.949829628128892e-50
GSE278723,FBXO22,-1.02662358599766,0.29066485266302183,4.124544335966464e-4
GSE278723,FBXO28,-1.0634473836574365,0.16186867841986705,5.0377578953154096e-11
GSE278723,FBXW5,1.1280808987395556,0.07503154241923704,4.346498574017592e-51
GSE278723,FBXW9,1.0720187249148438,0.1315192483995121,3.608061433767706e-16
GSE278723,FCGBP,1.03006583934512,0.4256372131764217,0.01551812233929946
GSE278723,FEZF2,1.1483643408861373,0.12121124819563843,2.6913703107519205e-21
GSE278723,FGD3,1.25520368381092,0.3168028388773966,7.429423842423735e-5
GSE278723,FGF9,-1.5769612361553988,0.3082206167441722,3.115225569198416e-7
GSE278723,FGFR3,1.3166332353705474,0.1412760053353245,1.1680016448658561e-20
GSE278723,FGFRL1,1.06621068422764,0.32311691170520257,9.676495836633576e-4
GSE278723,FHL5,-1.453232372714913,0.19624024963199793,1.3078171126622745e-13
GSE278723,FIBCD1,1.44972891205068,0.4382678499159987,9.401162419113686e-4
GSE278723,FJX1,1.03706608516098,0.2788544372517067,1.999947875326764e-4
GSE278723,FKBP3,-1.09639425229731,0.16965683205654608,1.0303942552742967e-10
GSE278723,FKRP,1.4964594021953601,0.2575002130696302,6.191996696347438e-9
GSE278723,FLNC,1.45904659905403,0.31400146840630366,3.3741218183836815e-6
GSE278723,FLT3LG,1.29098813686055,0.3493292591245252,2.1935099316760568e-4
GSE278723,FLT4,1.07866162203659,0.2624510837940883,3.9573963792909564e-5
GSE278723,FOXD4L4,1.235535690305258,0.27631829545009706,7.77012196643593e-6
GSE278723,FOXJ1,1.74452115183807,0.6076830524815142,0.004094672100240451
GSE278723,FOXN2,-1.00624678199388,0.17265919949132164,5.61170559143462e-9
GSE278723,FOXO6,1.2271731514379913,0.20912192731032211,4.405026437365657e-9
GSE278723,FPGT,-1.0227676865654964,0.15540132155224898,4.658487312403897e-11
GSE278723,FRA10AC1,-1.03833605564707,0.1406564787665486,1.5584651622473e-13
GSE278723,FSD1L,-1.0238408663542362,0.10323099571752374,3.4779232305571324e-23
GSE278723,FTL,1.133178607176325,0.2322480818193643,1.0653150396204978e-6
GSE278723,FUZ,1.06084241494083,0.16826510502532266,2.889587044617398e-10
GSE278723,FXYD1,1.2985750170987218,0.10738778388015519,1.158656130752348e-33
GSE278723,FXYD5,1.04602829161163,0.2975517998412539,4.390104348642409e-4
GSE278723,FZD3,-1.02125985241547,0.2176927615264999,2.71487975127418e-6
GSE278723,FZD8,1.1612881952203067,0.16615454840277302,2.764482970590545e-12
GSE278723,FZD9,1.196450805840392,0.15007376564529812,1.5559934927659207e-15
GSE278723,FZR1,1.00464716048675,0.141316420976014,1.1671475322680345e-12
GSE278723,GABRB2,-1.2022317637842703,0.38079097343863255,0.001592941992368121
GSE278723,GABRD,1.1653088238925926,0.21922007745872923,1.0624632451261511e-7
GSE278723,GABRE,-1.235503395430943,0.1430494238658024,5.775951321927727e-18
GSE278723,GAD2,-1.03387083420232,0.48464682399043013,0.03290456232953126
GSE278723,GADD45G,1.2144199899145107,0.2008853104740143,1.4909530633748275e-9
GSE278723,GAL3ST1,1.15244027162618,0.24953035343855487,3.866409199242036e-6
GSE278723,GAL3ST3,1.2064672733230608,0.13145439655200686,4.398294279280597e-20
GSE278723,GALNT13,-1.10558852949373,0.19259750665634529,9.444796355464066e-9
GSE278723,GALNT9,1.2044587717017852,0.17200543601676843,2.515319067667574e-12
GSE278723,GALNTL6,-1.00771573178603,0.46109152858158575,0.02885217480628939
GSE278723,GALR1,-1.134310344732212,0.1711494971327247,3.411893407498547e-11
GSE278723,GAMT,1.2354010086018499,0.1102060195066412,3.6450975380836773e-29
GSE278723,GAREM2,1.0548421126521723,0.17352799158593893,1.210845861987565e-9
GSE278723,GAS2L1,1.0989666319563574,0.12274727944871325,3.456884525978484e-19
GSE278723,GAS8,1.05610954689574,0.20213312436747186,1.7432294696184398e-7
GSE278723,GATSL3,1.18446192653725,0.2628969786344307,6.624105508514861e-6
GSE278723,GCA,-1.134845350218624,0.16606337049310338,8.268912392636312e-12
GSE278723,GCH1,-1.1113658605798766,0.2346826306075702,2.1839515275355863e-6
GSE278723,GCK,1.4626946878988654,0.21265421885090863,6.058065792856027e-12
GSE278723,GCNT4,-1.1811268516760975,0.23429365700656715,4.625631690565156e-7
GSE278723,GDA,-1.06154091767113,0.48887002006261626,0.029899627102516167
GSE278723,GDAP1,-1.00644674225794,0.1789823592052909,1.8749377580576525e-8
GSE278723,GDF1,1.22801777067213,0.35719257412382155,5.860901028631203e-4
GSE278723,GDPD2,1.2836200454086422,0.15342287880262473,5.933021439783964e-17
GSE278723,GEN1,-1.28518161107806,0.20361763530494165,2.7591516541230754e-10
GSE278723,GFAP,1.36924788336393,0.29221252669808,2.7887582162058717e-6
GSE278723,GIN1,-1.0981810247539898,0.08495998430830784,3.216715643341386e-38
GSE278723,GIPC3,1.16922032616763,0.41636120937790433,0.004982121643932952
GSE278723,GJC1,-1.0771940906141426,0.1758333747502382,8.999086169493709e-10
GSE278723,GK,-1.050347006812453,0.11796613532987892,5.396610987077139e-19
GSE278723,GLIPR1,-1.04705869381969,0.3169722106993013,9.554938314422345e-4
GSE278723,GLIPR1L2,-1.15910320750072,0.14904840111367867,7.444674956209902e-15
GSE278723,GLIS1,1.274307680341424,0.12660318644439272,7.859273744121773e-24
GSE278723,GLIS2,1.2025474111803083,0.1611363183733177,8.462590065771202e-14
GSE278723,GLMN,-1.0759013994332978,0.11895153826658329,1.4984106022263996e-19
GSE278723,GLRA3,-1.3236270592619792,0.24480572627381209,6.414396104351922e-8
GSE278723,GLTSCR1,1.03402142608445,0.22200450251504072,3.1982429492554427e-6
GSE278723,GMPR,1.67723013613241,0.32285091218628387,2.0465288306537744e-7
GSE278723,GNG10,-1.0803728465801,0.30117026623345505,3.3418469702811026e-4
GSE278723,GNG3,1.25891470632032,0.36587952820137004,5.800180130826056e-4
GSE278723,GNPTG,1.0155491673809198,0.07981817053379756,4.390198174900764e-37
GSE278723,GNRH1,-1.27370328650404,0.4132774573473723,0.0020564465200398514
GSE278723,GOLGA8O,1.0658202330175335,0.2840515301671356,1.7528440760292306e-4
GSE278723,GOLT1B,-1.210507375098,0.20684494695074027,4.849805216075952e-9
GSE278723,GP1BB,2.2364656793127575,0.24882645373155898,2.516456903712135e-19
GSE278723,GPAT2,1.16363618425504,0.3879929855889878,0.0027076370838234757
GSE278723,GPIHBP1,1.11239419080106,0.5207649443569307,0.032673111404815575
GSE278723,GPR137C,-1.02408821103053,0.23664547468606628,1.5079711693537817e-5
GSE278723,GPR21,-1.3474230389339228,0.35774360046577297,1.65585865965954e-4
GSE278723,GPR22,-1.265345787624216,0.2575184925999922,8.941391312560561e-7
GSE278723,GPR3,1.14285610168762,0.476537706611717,0.016473660269843458
GSE278723,GPR37L1,1.1592909032018295,0.13680628631792338,2.3719031674278338e-17
GSE278723,GPR62,1.11034844566984,0.27276131086730004,4.685808158882777e-5
GSE278723,GPR63,-1.05087461332588,0.22595141612644928,3.3050962262635606e-6
GSE278723,GPR68,1.3599684561645302,0.3906270644182782,4.98612202029976e-4
GSE278723,GPR85,-1.05515793447966,0.3489935567429546,0.002499260242317654
GSE278723,GPR89A,-1.11670715561671,0.3321520457627164,7.737001879872082e-4
GSE278723,GPR89B,-1.2134078798326011,0.13498676907775703,2.492914861720889e-19
GSE278723,GPRASP2,1.10298045848613,0.3711109660806732,0.0029576629228553236
GSE278723,GPT,1.0060793293982,0.27422183461848965,2.4364205570979555e-4
GSE278723,GPT2,1.14833115735107,0.149197426303956,1.3960083853457456e-14
GSE278723,GPX1,1.1090512639102776,0.25562326592222306,1.4338261393245549e-5
GSE278723,GRB14,-1.13739017231556,0.33804811363955767,7.666005098110575e-4
GSE278723,GREM1,-1.149016083385165,0.3117079802786022,2.2763286115308167e-4
GSE278723,GRIK5,1.1086046815874955,0.11681605257889213,2.3064862606348257e-21
GSE278723,GRIN1,1.0322984376363142,0.18832935198257364,4.2210081821787026e-8
GSE278723,GRIN2D,1.1155681366362258,0.16870352215540127,3.7763955461520805e-11
GSE278723,GRINA,1.1007232451641509,0.09760503386372782,1.6984060775244822e-29
GSE278723,GRM4,1.19092517623285,0.3645407015011207,0.0010872453906965226
GSE278723,GSTP1,1.1102807644184223,0.09614932488060701,7.603183340665175e-31
GSE278723,GSTT2B,1.07851504245939,0.3549920109191791,0.0023804419426664645
GSE278723,GTDC1,-1.10505361523551,0.19057532122391155,6.6905229295002975e-9
GSE278723,GTPBP10,-1.1418883096189323,0.13687733094494817,7.278483912523331e-17
GSE278723,GTPBP6,1.0262746482680298,0.10489163250565296,1.3170732497825323e-22
GSE278723,GUCY1A2,-1.0365716702299395,0.16020246088350468,9.775324204928311e-11
GSE278723,GUF1,-1.043230713000756,0.11199032114585405,1.2153399231203187e-20
GSE278723,GYPC,1.1624129943807393,0.13934910490977093,7.320975047299987e-17
GSE278723,H2AFX,1.067493325248298,0.10034472946871849,1.977882748451919e-26
GSE278723,H3F3A,-1.1526902353151756,0.12567024683579772,4.6286037192249634e-20
GSE278723,HACD1,-1.09346992404578,0.2727660754274606,6.102307199151134e-5
GSE278723,HACD2,-1.072386672905094,0.23625722185453504,5.6504460138037784e-6
GSE278723,HAGHL,1.0719294272126096,0.14534995791965735,1.6457021302301495e-13
GSE278723,HAPLN4,2.431878720764602,0.6248316186600923,9.939890340674432e-5
GSE278723,HBA1,2.7518500790758322,0.5235418374589036,1.4704789754368613e-7
GSE278723,HBA2,3.408282511064367,0.5082756779882611,2.0060986885848278e-11
GSE278723,HBB,1.7068822230271616,0.3169477623285967,7.229418431529379e-8
GSE278723,HCN2,1.036382893740429,0.1406192344287522,1.7045395081216833e-13
GSE278723,HEPACAM,1.16821821514724,0.21805776466921034,8.443760879510987e-8
GSE278723,HERC4,-1.088440244954013,0.08189771283887515,2.6373155316494904e-40
GSE278723,HES4,1.01939607848627,0.3037427244559537,7.904516105501499e-4
GSE278723,HES5,1.3011155280342264,0.4170717208732853,0.0018106938364909828
GSE278723,HES6,1.0483143545050337,0.2570798334983836,4.546825139822343e-5
GSE278723,HGFAC,1.06074137028698,0.4065689522529218,0.00908053013472768
GSE278723,HIST1H1C,1.20135712332223,0.2497440820391158,1.5066418871625155e-6
GSE278723,HIST1H1E,1.08683573920721,0.28998600449096695,1.7832819779329753e-4
GSE278723,HIST1H2BK,1.1936506817893442,0.11866726067762781,8.401298375567536e-24
GSE278723,HIST1H3D,1.12659447924585,0.14369890637577984,4.506699622187017e-15
GSE278723,HIST1H4B,1.893944204501118,0.15405673012366547,9.778592812812152e-35
GSE278723,HIST1H4C,1.4631840867362285,0.1025943488949469,3.783510375271236e-46
GSE278723,HIST1H4E,1.058505625413161,0.12384072909950773,1.2598584892081397e-17
GSE278723,HIST1H4F,1.1856470956389777,0.2187561739793508,5.961636129405209e-8
GSE278723,HIST1H4J,1.9518240306004377,0.1521059253256793,1.0851864957371636e-37
GSE278723,HIST1H4K,1.5973072719164672,0.16993586880099984,5.483807581658898e-21
GSE278723,HIST2H2AA3,1.11124737697936,0.25703954223551656,1.537441519700659e-5
GSE278723,HIST2H2AA4,1.2822324528673665,0.09972389923757292,7.773315609279252e-38
GSE278723,HIST2H2AB,1.1784499271607494,0.11621382204192018,3.657513009361141e-24
GSE278723,HIST2H2AC,1.1175267932163,0.19614301766193556,1.2156989453201244e-8
GSE278723,HIST3H2BB,1.01754571996492,0.3731059888670849,0.006386856861132649
GSE278723,HLA-DMA,1.02322444485357,0.33250712897465573,0.0020888441740878603
GSE278723,HLA-DOA,1.3570309500627302,0.40663776178589767,8.462746791139943e-4
GSE278723,HLA-DPA1,1.12858488589999,0.428051273029552,0.008375022157326521
GSE278723,HLA-DRB1,1.5502228366341744,0.4641911120140167,8.389250183087473e-4
GSE278723,HMGN5,-1.0513571227306,0.19971692938177568,1.407732430502977e-7
GSE278723,HMHA1,1.0660791432331962,0.1701534576034702,3.7187421292007693e-10
GSE278723,HN1L,1.01009591200147,0.45701212804089564,0.027090115198073635
GSE278723,HNRNPA3,-2.060469500203684,0.23399918833759117,1.3032193396634598e-18
GSE278723,HNRNPH1,-1.04192770262136,0.10622481081520689,1.0328676135136988e-22
GSE278723,HNRNPH2,-1.20924364005685,0.5372618424429774,0.0244011933712649
GSE278723,HRH3,1.0454653155018625,0.14655045690537366,9.761741811910867e-13
GSE278723,HSD17B10,1.05442949354199,0.140823918856262,7.015838481559501e-14
GSE278723,HSD17B8,1.2236615813030147,0.22148714170594272,3.299508982502318e-8
GSE278723,HSP90AA1,-1.0479207446086631,0.15783470187287874,3.150570344903337e-11
GSE278723,HSPA4L,-1.0043465337819,0.3254587681129011,0.0020290912747744374
GSE278723,HSPB1,1.18509126209829,0.23559279994492166,4.898344185538762e-7
GSE278723,HSPB11,-1.0771844840700866,0.14517760012347256,1.1732339414014886e-13
GSE278723,HSPB2,1.190903498059427,0.15806238710428006,4.906269471757734e-14
GSE278723,HSPB6,1.3939028953086023,0.15046381481636298,1.968388382167302e-20
GSE278723,HTR1F,-1.4547166381315444,0.21833853244502374,2.689049727483906e-11
GSE278723,HTR6,1.06953662087228,0.29635026859560837,3.0734562443544464e-4
GSE278723,ICAM5,1.2789541283223023,0.1305668932349918,1.1783741222021604e-22
GSE278723,ICE2,-1.0748893547452496,0.06572045987948423,3.975944194273576e-60
GSE278723,ID1,1.008584024835,0.33523470754807133,0.0026246244234815357
GSE278723,ID3,1.1580097708523216,0.19955661507933967,6.51724267584838e-9
GSE278723,IDUA,1.03872488199449,0.23296734675483283,8.246917731843934e-6
GSE278723,IFI27L2,1.1316867780884996,0.0751547609050068,3.0550890201243625e-51
GSE278723,IFI6,1.0844539188069726,0.20284588604057138,8.982180888220571e-8
GSE278723,IFITM1,1.1057585793116596,0.33291205799289575,8.954348429085761e-4
GSE278723,IFT80,-1.134025299898912,0.10217682122535429,1.2734565787156582e-28
GSE278723,IGF1,-1.4143318060301702,0.39700806409518397,3.673731294655393e-4
GSE278723,IGLON5,1.12626112952089,0.26536602580125673,2.1939438122845462e-5
GSE278723,IGSF21,1.1122878441763395,0.15142247011659854,2.0484875776274385e-13
GSE278723,IKBIP,-1.35051083725473,0.25507594142281514,1.1931365207193257e-7
GSE278723,IL17D,1.15280915772709,0.35951939795086335,0.0013434704577267842
GSE278723,IL1RL1,-1.22582590957336,0.5763385967193522,0.033426756539778765
GSE278723,IMP3,1.083025631416943,0.23107973550056968,2.775033067164163e-6
GSE278723,INAFM1,1.1259473527070307,0.10843895721418308,2.9558086641237335e-25
GSE278723,INHA,1.18150782637038,0.3910602446012703,0.0025169714750238213
GSE278723,INSIG2,-1.11884308001936,0.34909431307796834,0.0013506811734759
GSE278723,INTS1,1.048033203006611,0.09115672575581048,1.3650535177065902e-30
GSE278723,IPCEF1,-1.0049700685493164,0.19938693422115436,4.6480138095931517e-7
GSE278723,IPO4,1.37584022504009,0.3689458998557633,1.9215647484243533e-4
GSE278723,IRX1,1.2288710536788259,0.30436794310208015,5.403482582734299e-5
GSE278723,ISG15,1.220723524604262,0.20503265652493796,2.619862015284672e-9
GSE278723,ISLR,1.2311639021595782,0.2532204998664231,1.1619210012600168e-6
GSE278723,ISLR2,1.08959898762358,0.4591658396585595,0.01764442516784443
GSE278723,ITGA2,-1.18547856440572,0.27660497795090844,1.8206808775410615e-5
GSE278723,ITGA4,-1.21505313013612,0.23757702943850223,3.14815778105597e-7
GSE278723,ITGAM,1.1846856927851201,0.2676182932601679,9.565287362548998e-6
GSE278723,ITGAX,1.27185802651265,0.35441455317893367,3.324370278287432e-4
GSE278723,ITGB2,1.03434944908665,0.25845725915660006,6.280570517444404e-5
GSE278723,ITGB4,1.228100500153563,0.16397797474380876,6.91767819142737e-14
GSE278723,ITPKA,1.06908927433886,0.2504627580595638,1.9683059998067794e-5
GSE278723,JMJD7,1.01199639996828,0.46150886768029553,0.028321830228385577
GSE278723,JOSD2,1.1124566423186142,0.152364716430998,2.8505418295789055e-13
GSE278723,JUND,1.121659646399733,0.1529269387372313,2.2236597747596136e-13
GSE278723,JUP,1.0272429285991729,0.14097902157281952,3.1812271275640157e-13
GSE278723,KBTBD3,-1.02621634532765,0.19833101028747974,2.288151988655191e-7
GSE278723,KCNAB2,1.52714565284213,0.3962508054864032,1.162095289043415e-4
GSE278723,KCNG2,1.5788313685831776,0.20830935938396478,3.475240644941144e-14
GSE278723,KCNH2,1.188989096047779,0.07375345523787674,1.8126197881065147e-58
GSE278723,KCNH3,1.058920849689368,0.16979062719934565,4.471056835410625e-10
GSE278723,KCNJ11,1.13149427097321,0.19001579641371208,2.604889003287378e-9
GSE278723,KCNJ4,1.0398034484455545,0.15071438333698084,5.230896502123764e-12
GSE278723,KCNK12,1.09630189581446,0.27086316184377507,5.178125750188954e-5
GSE278723,KCNK4,1.48606104870943,0.5007037716171476,0.0029979837260737615
GSE278723,KCNMB3,-1.0310652679511427,0.16209871951510624,2.008045589421447e-10
GSE278723,KCNN1,1.13696508047886,0.3029467978567826,1.747176249501094e-4
GSE278723,KCNQ1,1.1764453422390995,0.14056792740605945,5.799585740796057e-17
GSE278723,KCNQ4,1.05889317103367,0.2465474070852848,1.7478260307793476e-5
GSE278723,KCNT1,1.07898222816943,0.3312793086885744,0.0011258982378223798
GSE278723,KCTD16,-1.2425627784198,0.4330797276151376,0.004116003654504636
GSE278723,KIAA0040,-1.04844909155516,0.3212209866192369,0.0010987073140984183
GSE278723,KIAA1033,-1.045162537421614,0.09586853572301655,1.1270267799602926e-27
GSE278723,KIAA1456,-1.1602497635206,0.2592592268583024,7.632208188931513e-6
GSE278723,KIAA1551,-1.10417005788947,0.35510504353032896,0.0018745623186573292
GSE278723,KIAA1586,-1.3272983194073695,0.25757919060644247,2.5639045851407563e-7
GSE278723,KIF11,-1.09598862387017,0.2676767290499454,4.231741711873781e-5
GSE278723,KIF19,1.1349618861361794,0.2593343414856519,1.2063188350953216e-5
GSE278723,KIF5B,-1.01051634204119,0.30403642083167787,8.884166328123886e-4
GSE278723,KIRREL3,1.0627899152082552,0.13346938155057264,1.681899728278651e-15
GSE278723,KITLG,-1.08130094358549,0.19711395171051121,4.119187843301813e-8
GSE278723,KLF2,1.1950501459548544,0.3642643592812925,0.0010354169549414431
GSE278723,KLHDC1,-1.05848740752359,0.20918619370667665,4.192011147425367e-7
GSE278723,KLHL26,1.2286141671929,0.33097862445103565,2.055751751965882e-4
GSE278723,KLRD1,-1.94447217324954,0.5717914201447268,6.722167861047828e-4
GSE278723,KRR1,-1.0751245961841145,0.07481233796925527,7.874018121690687e-47
GSE278723,KRT222,-1.416896791151649,0.44516969815355545,0.0014584624716831563
GSE278723,KYNU,-1.247467975561748,0.2102736360506217,2.981867419946488e-9
GSE278723,LACC1,-1.130265046036559,0.15178913300669747,9.600576208541477e-14
GSE278723,LAGE3,1.3043054261679572,0.0950440821556485,7.37754320511319e-43
GSE278723,LAMB3,1.0858079943059,0.4300367965559834,0.011572502345275841
GSE278723,LAPTM5,1.07845233880387,0.2683305855324739,5.841636208978944e-5
GSE278723,LBR,-1.00994205628636,0.16214851595713187,4.709216328321629e-10
GSE278723,LCN12,1.06088245965617,0.35406164740543367,0.0027325833589296766
GSE278723,LCOR,-1.05720749502065,0.22898378699902963,3.894144973264166e-6
GSE278723,LCORL,-1.0454267061180738,0.08349880537144055,5.784576000342301e-36
GSE278723,LDB1,1.0415866049636495,0.09734776573279533,1.0216808962416995e-26
GSE278723,LDHD,1.1294785089532267,0.126556503713996,4.469190157901838e-19
GSE278723,LDLRAD2,1.15221768861265,0.44476755344439134,0.009580698823663074
GSE278723,LEPROTL1,-1.15513243430811,0.21686356604904952,1.001013069766111e-7
GSE278723,LFNG,1.32693810439901,0.2620500614058135,4.112360210626218e-7
GSE278723,LGALS1,1.2837633037127842,0.1424822939586349,2.06085041826003e-19
GSE278723,LGALS8,-1.1453709563148486,0.20572915422440996,2.5860830280182228e-8
GSE278723,LGI3,1.04136342389524,0.34348208657255797,0.0024311326776624994
GSE278723,LGI4,1.0896486524302658,0.10596992082946455,8.439961911879683e-25
GSE278723,LHPP,1.0401466514718716,0.11572624335117489,2.517863421855486e-19
GSE278723,LHX2,1.0714165568148872,0.12766883195640522,4.773132526314626e-17
GSE278723,LILRA2,1.36185644841051,0.45049217223089455,0.0025024807631513386
GSE278723,LILRB2,1.0119674548760431,0.29758879504016883,6.724888345336564e-4
GSE278723,LILRB4,1.1428319095763266,0.22731948422271653,4.971069408905868e-7
GSE278723,LIMK1,1.15667666549256,0.2159653736728831,8.515836409496384e-8
GSE278723,LIN7B,1.17650604161599,0.340405744109655,5.478742883460015e-4
GSE278723,LINC00116,1.4321807994527325,0.11173711996265674,1.3099895236378733e-37
GSE278723,LINC00634,1.262185236080896,0.10953206423342772,1.0052623790799173e-30
GSE278723,LINGO1,1.2610316057147817,0.13109068681291,6.612866567217062e-22
GSE278723,LINGO3,1.4180047625943795,0.144553550196139,1.024279120063428e-22
GSE278723,LIPA,-1.0255190108770902,0.17516126612760397,4.778333196481631e-9
GSE278723,LIPE,1.09356134259431,0.2948145222979595,2.0781680962647932e-4
GSE278723,LIPT1,-1.2313549168531672,0.1205626132119197,1.72694123699209e-24
GSE278723,LL0XNC01-16G2.1,1.24244963432481,0.4854874384796239,0.010491946780411217
GSE278723,LLGL1,1.1480138069427,0.14083868354403872,3.6012902781855537e-16
GSE278723,LLPH,-1.01094700053566,0.11468671863217414,1.1983814491381514e-18
GSE278723,LMTK3,1.045384754550501,0.10632879894978162,8.228118732071123e-23
GSE278723,LONP1,1.02684276040898,0.09904049204543426,3.4703705120816233e-25
GSE278723,LOXHD1,1.1290416084674,0.5372445886630166,0.035593490048995785
GSE278723,LPAR1,-1.05765022786382,0.40804865973610643,0.009542785936343062
GSE278723,LPAR5,1.29066033540792,0.25054333815425844,2.5848643553687846e-7
GSE278723,LPAR6,-1.5727982800449984,0.16634885146346237,3.2358133271184104e-21
GSE278723,LRFN1,1.05004407451306,0.2446226710807976,1.7666845442598576e-5
GSE278723,LRFN3,1.1246522970760824,0.12830070763901566,1.8553258686086192e-18
GSE278723,LRFN4,1.0029293694850001,0.21052766026423814,1.8990162370864644e-6
GSE278723,LRP1,1.03523308520731,0.1312950897810926,3.150865386606937e-15
GSE278723,LRP5,1.269721272553555,0.1674623621355257,3.399294019158305e-14
GSE278723,LRRC24,1.05562947305587,0.19646596663627872,7.739833908833615e-8
GSE278723,LRRC43,1.08295546598267,0.24815753834309454,1.2771506549407089e-5
GSE278723,LRRC53,-2.22658876329433,0.6894202343696362,0.001239401459373159
GSE278723,LRRC63,-1.3905592491838787,0.23983450309530224,6.711245346148485e-9
GSE278723,LRRC66,-1.070838180465923,0.25512231909642075,2.7005400532474978e-5
GSE278723,LRRC75A,1.07277513633476,0.23329909349544117,4.2598814035853955e-6
GSE278723,LRRC8A,1.1013657885803327,0.17598736790065875,3.8942287843646356e-10
GSE278723,LRRC9,-1.5137814908421336,0.32096252598592073,2.4007692847460305e-6
GSE278723,LRRIQ1,-1.05900703181524,0.22365439492776323,2.1903833358263904e-6
GSE278723,LRRTM4,-1.2033452937982658,0.19551230029928188,7.515728902716345e-10
GSE278723,LRTM2,1.0525106782312559,0.2895042354931556,2.77374970022808e-4
GSE278723,LSM2,1.01539715242552,0.20714084581092446,9.48827996293936e-7
GSE278723,LSM4,1.1482083028781929,0.14678668346989862,5.187010833887537e-15
GSE278723,LSM7,1.1968545574678366,0.16678623219277686,7.179139278306842e-13
GSE278723,LSP1,1.26578685655049,0.4048516526790056,0.0017687351332299208
GSE278723,LUZP2,-1.0629389849239,0.18308056122615635,6.403879685180357e-9
GSE278723,LY6E,1.03486300903905,0.2077281657357003,6.299108545985404e-7
GSE278723,LY6H,1.1472686606337457,0.15113004017602905,3.167895959053424e-14
GSE278723,LYPLAL1,-1.0882049164939647,0.11305967443155425,6.267699002379852e-22
GSE278723,LYRM7,-1.132476002110266,0.15306445368570923,1.3753748351452143e-13
GSE278723,MACROD1,1.00382563574776,0.2784654313309867,3.123353195011475e-4
GSE278723,MADCAM1,1.3248058849190245,0.1876940864996585,1.6852140996590733e-12
GSE278723,MAF1,1.0205382754372054,0.13478706148508338,3.6898039195926056e-14
GSE278723,MAL2,-1.00144722278496,0.3644589158769157,0.006000311392042102
GSE278723,MAN2A1,-1.00127055023791,0.25439212012531476,8.287380899926685e-5
GSE278723,MANEA,-1.1497014821569242,0.12748109691925094,1.9050195562130958e-19
GSE278723,MAP3K10,1.0602017006050333,0.15006360672915942,1.6059811988987929e-12
GSE278723,MAPK11,1.0938519617567726,0.15486830417941494,1.6281602044882932e-12
GSE278723,MAPKAPK3,1.11682963384599,0.22112081802613395,4.4004056908572187e-7
GSE278723,MATK,1.03100509471767,0.22383389013059268,4.102575455554014e-6
GSE278723,MATR3,-1.2234387123283152,0.1269759948006764,5.678302935878038e-22
GSE278723,MBLAC1,1.05721788257205,0.3324834056724945,0.0014739638789727392
GSE278723,MCHR1,1.47051314051391,0.5075528475062496,0.0037643627252338507
GSE278723,MCM2,1.16558864229607,0.27695180444882905,2.5691971799233877e-5
GSE278723,MCOLN3,-1.37237558036448,0.49652975118497594,0.005710904741044105
GSE278723,MDGA1,1.0462501492475,0.218590600421268,1.6984552558933918e-6
GSE278723,MDK,1.6453776166435952,0.1487546503692178,1.9388797798693554e-28
GSE278723,MED16,1.02703924329747,0.1255967354838358,2.903310836730092e-16
GSE278723,MEGF6,1.02486395522227,0.3018030065284179,6.842725834675129e-4
GSE278723,MEGF8,1.0311656818846466,0.10311697371905475,1.5245759384975914e-23
GSE278723,MESDC1,1.01587416941979,0.1822014735011494,2.4674323321297484e-8
GSE278723,MESP1,1.2160041301073994,0.12245946324878955,3.0871886958387423e-23
GSE278723,MEST,-1.00647007240442,0.15943134393117367,2.73899536608239e-10
GSE278723,METRN,1.6478930269145526,0.18719216084853307,1.3295032054335617e-18
GSE278723,METRNL,1.04019518061022,0.2715615745874547,1.2792415697206465e-4
GSE278723,METTL10,-1.05884239103007,0.21170045390302283,5.68545105031812e-7
GSE278723,METTL14,-1.09060656358202,0.12899699425234798,2.8025831991921464e-17
GSE278723,METTL25,-1.0670738184957087,0.10017850397516366,1.7116453144185492e-26
GSE278723,METTL7B,1.00194203000729,0.40553003664106363,0.013484984999177866
GSE278723,MEX3D,1.2240793552334737,0.15302662632414854,1.2530484515076055e-15
GSE278723,MFAP4,1.83304442751763,0.5036593540975908,2.732180497141538e-4
GSE278723,MFI2,1.16317530898363,0.23837712505635522,1.0632317137762998e-6
GSE278723,MFSD10,1.0503856110560308,0.12479946613875693,3.876099408339739e-17
GSE278723,MFSD3,1.269720902125521,0.08504832760772266,2.1215158177243108e-50
GSE278723,MGAT5B,1.0463223660939,0.2727464674580451,1.2492960750417232e-4
GSE278723,MICA,1.1281048243635143,0.32301907112628786,4.787395309996185e-4
GSE278723,MICU3,-1.04003958221358,0.2664506356893259,9.488582020297022e-5
GSE278723,MIEF2,1.0860678637949785,0.23255159184420365,3.0087249340515874e-6
GSE278723,MIF,1.1525894379759996,0.08140007887548555,1.6300768511751844e-45
GSE278723,MILR1,-1.14450004591484,0.5077926991707954,0.02420418451410363
GSE278723,MITD1,-1.28902240988102,0.23353575116041486,3.3978479726125524e-8
GSE278723,MLST8,1.0659242888843021,0.0871288270643332,2.048922595761781e-34
GSE278723,MMAA,-1.11030395010439,0.22782285909148325,1.096157356565444e-6
GSE278723,MMP15,1.00246149688435,0.21155106235965435,2.1517155381071106e-6
GSE278723,MMP28,1.2343497182936831,0.15908928481263962,8.570370180542005e-15
GSE278723,MMS22L,-1.35012141591412,0.2879606882414185,2.751321417979872e-6
GSE278723,MOB4,-1.4438228385778697,0.23122462872059668,4.258566818879118e-10
GSE278723,MOBP,-1.168781705892122,0.32070563015503106,2.680094693479668e-4
GSE278723,MOSPD2,-1.1185626092178176,0.15098136300776085,1.2762637247253395e-13
GSE278723,MOSPD3,1.0749604708495788,0.11359674436977892,2.993715571337156e-21
GSE278723,MPV17L2,1.09410767257998,0.19128251490674625,1.0661688983472126e-8
GSE278723,MPZL2,-1.3099939363785853,0.23377370333879602,2.0984325612449904e-8
GSE278723,MRPL12,1.23825268458102,0.17624733698768882,2.1306692975070435e-12
GSE278723,MRPL24,1.054446972114583,0.09048952829959434,2.22312147085932e-31
GSE278723,MRPL34,1.18176223153262,0.248373756813973,1.9552090195631407e-6
GSE278723,MRPL42,-1.10490155055543,0.20064375526124892,3.654509965530159e-8
GSE278723,MRPL53,1.22511050811517,0.19802833624378516,6.149852403454337e-10
GSE278723,MRPS2,1.0773756382114668,0.11504567386894583,7.622010289742192e-21
GSE278723,MRPS24,1.0627087654382807,0.1098198286608713,3.782306900957408e-22
GSE278723,MSANTD3-TMEFF1,-1.2326414739800313,0.15129100873519954,3.7156589385605455e-16
GSE278723,MSC,1.3455641008288697,0.3835790942904974,4.516278285350357e-4
GSE278723,MSI1,1.11890650996327,0.22157227982764371,4.4215991205713966e-7
GSE278723,MSMO1,-1.2647004961799293,0.14531864979532555,3.2337517895285663e-18
GSE278723,MSX1,1.041781787954515,0.24278560235776012,1.779073782210058e-5
GSE278723,MT-ATP6,1.6928136968717962,0.2542745629462676,2.786675306040878e-11
GSE278723,MT-ATP8,1.365844303896953,0.21797780821110468,3.7049097213424386e-10
GSE278723,MT-CO2,1.7606392627667105,0.22676173832833174,8.211708464977796e-15
GSE278723,MT-CO3,1.241655833419495,0.2309891640053527,7.64189462020501e-8
GSE278723,MT-CYB,1.22890259734394,0.22883926658386539,7.866849031082342e-8
GSE278723,MT-ND1,1.2074729892372218,0.3162145163005154,1.3425206127771046e-4
GSE278723,MT-ND2,1.4792597231221563,0.23941172874458136,6.462050719352363e-10
GSE278723,MT-ND3,1.2610449145603708,0.21992369132407097,9.808283615639737e-9
GSE278723,MT-ND4,1.3481071739368289,0.23960865184432362,1.8412931601252685e-8
GSE278723,MT-ND4L,1.5956061654741351,0.24369721656448526,5.851040668046713e-11
GSE278723,MT-ND5,1.4802423068010202,0.23657756810150024,3.9270374963072135e-10
GSE278723,MT1E,1.1158848402892667,0.17666378345735534,2.6767050624289397e-10
GSE278723,MT1F,1.3870349873175165,0.17847102296370035,7.739947653685907e-15
GSE278723,MT1G,1.243220123144477,0.22197086495291601,2.1333317493453256e-8
GSE278723,MT1M,1.08309634372043,0.2825516385125317,1.2645171363089767e-4
GSE278723,MT2A,1.5823046018227214,0.13430682370462,4.875442803780906e-32
GSE278723,MT3,1.7635474296923688,0.08958030939595824,2.7995349739236685e-86
GSE278723,MTERF1,-1.1696396202693087,0.10701033568179946,8.270647936960068e-28
GSE278723,MXRA8,1.2288751847917059,0.21630071141736112,1.33653254284234e-8
GSE278723,MYH7B,1.06970277154452,0.3603839195790652,0.0029951900723841937
GSE278723,MYL3,1.30739758608551,0.25503327595341974,2.953655444411393e-7
GSE278723,MYO1B,-1.04936412230083,0.21379311563790063,9.186186230327995e-7
GSE278723,MYPN,1.55494635463913,0.6874371162229918,0.023700675169012298
GSE278723,MZT1,-1.09883374004562,0.27038942955953954,4.826093327830918e-5
GSE278723,MZT2A,1.3840507506791688,0.07480253389706076,1.9629185730950146e-76
GSE278723,MZT2B,1.4547997629967249,0.07433695361706034,2.768062401338308e-85
GSE278723,N4BP2L2,-1.02771052447506,0.15077777230709213,9.357044417212561e-12
GSE278723,NAA38,1.5350696019777665,0.0803166658941162,1.978971774777637e-81
GSE278723,NABP1,-1.2379395808247362,0.2074301897425459,2.4020627055033566e-9
GSE278723,NAMPT,-1.107443704239533,0.12252158278255117,1.5845285494410368e-19
GSE278723,NAPB,-1.3089311032383397,0.3835038322250875,6.423195022836154e-4
GSE278723,NAPG,-1.022269441559,0.24500809847445182,3.0142058074845077e-5
GSE278723,NAPRT,1.06178545781703,0.32847190550612226,0.0012271210543040416
GSE278723,NAT14,1.1013967435077758,0.14436133274837168,2.3576781655632832e-14
GSE278723,NAT6,1.12088346784527,0.29832414642754945,1.7177919169759342e-4
GSE278723,NAT8L,1.0583024501019753,0.12078123851067764,1.9157350622222555e-18
GSE278723,NCF2,2.12967834131177,0.46916841374147544,5.645146397810771e-6
GSE278723,NCF4,1.3880343482761,0.43708924132528365,0.0014951075838873598
GSE278723,NDUFA1,1.280421780155857,0.0917803159152435,3.1048132865116845e-44
GSE278723,NDUFA11,1.1995958653562617,0.06830041075471241,4.687325369376263e-69
GSE278723,NDUFA2,1.0473874781009287,0.1307083572516019,1.1179457607581093e-15
GSE278723,NDUFA3,1.1151532890617224,0.06921884885678448,2.1512404061235037e-58
GSE278723,NDUFA4L2,1.04394107461907,0.2970732608147249,4.4126943364961973e-4
GSE278723,NDUFA5,-1.1476166290508572,0.11246837601662986,1.904572123352959e-24
GSE278723,NDUFA7,1.090327558101206,0.17948031155793318,1.2405375317245892e-9
GSE278723,NDUFAF3,1.0518116479218,0.12994349752386025,5.755820449824932e-16
GSE278723,NDUFAF4,-1.0832723026038702,0.1765668076951661,8.505326362168965e-10
GSE278723,NDUFB11,1.0308830210857716,0.09613295681768845,7.89465622881627e-27
GSE278723,NDUFB2,1.0067927927792657,0.07522665467555659,7.554877712254225e-41
GSE278723,NDUFB5,-1.012253991912,0.19096354431647397,1.1531474211916965e-7
GSE278723,NDUFB7,1.3826012263992058,0.07997902279098838,5.889169080412889e-67
GSE278723,NDUFS5,1.09462942629918,0.256643324305333,1.9974301346416267e-5
GSE278723,NECAB1,-1.1213719063582006,0.1534330615103991,2.7005742606679186e-13
GSE278723,NELFB,1.04689256374329,0.15791576990216832,3.369708293991487e-11
GSE278723,NEU4,1.1501193593396764,0.26082614778542124,1.035977090079667e-5
GSE278723,NEURL2,1.15726508209825,0.2356850342528481,9.097483516290777e-7
GSE278723,NEUROG2,1.24061735557776,0.31688510923878255,9.038983904089329e-5
GSE278723,NEXN,-1.60583284183474,0.4104752002880016,9.148518071520405e-5
GSE278723,NFATC1,1.03716489970043,0.26159852999789374,7.348217777248983e-5
GSE278723,NGB,1.21432062605756,0.2666077697244273,5.245831673821532e-6
GSE278723,NGFR,1.68352247413169,0.6971423517922268,0.015739938805312947
GSE278723,NHLRC3,-1.0658032642409416,0.16219467219536862,4.993279462905054e-11
GSE278723,NINJ1,1.0709484656501917,0.14194913644872167,4.537020608930456e-14
GSE278723,NINJ2,1.0856192774716789,0.28857818435438126,1.6858773619637246e-4
GSE278723,NIPSNAP3B,-1.09407721905946,0.2894965809735621,1.573074009928438e-4
GSE278723,NKAIN1,1.07886610525591,0.3862984360209385,0.005224904091963287
GSE278723,NKAIN2,-1.02885804612038,0.18047017602941673,1.191160358269317e-8
GSE278723,NKD2,1.0395813611013565,0.20850391076888486,6.167141929083059e-7
GSE278723,NLRX1,1.1001990351451592,0.10042277526907616,6.241306257721917e-28
GSE278723,NMB,1.34838820254423,0.34885442688096696,1.110033278706798e-4
GSE278723,NME3,1.03576909363285,0.18982987944741322,4.861536409780352e-8
GSE278723,NME5,-1.182784151285898,0.17446391412801074,1.2056357957367576e-11
GSE278723,NMI,-1.1383324336699567,0.20906657570938364,5.18542301634564e-8
GSE278723,NOC4L,1.0423644096030904,0.1060647188986496,8.561294845403078e-23
GSE278723,NOP10,1.3123916763961179,0.10631645606925717,5.235153954870508e-35
GSE278723,NOSIP,1.00264107588209,0.13158892266091035,2.546710108701238e-14
GSE278723,NOTCH1,1.0873634396005207,0.14203829946212373,1.926751213996635e-14
GSE278723,NOXA1,1.1227800259551,0.24216934024896627,3.5462802542291927e-6
GSE278723,NPAS1,1.2488907305588708,0.17322391360518902,5.607936785163535e-13
GSE278723,NPHP3,-1.28387567236131,0.30416448931976175,2.432302925901192e-5
GSE278723,NPIPA5,-1.42537045096168,0.5710093715312867,0.012552135393676268
GSE278723,NPM3,1.1321488681996,0.32448700786029755,4.847545890544458e-4
GSE278723,NPY,1.28459536474262,0.6074328745990781,0.03444751323729717
GSE278723,NPY1R,-1.313989735895543,0.28542125391958467,4.150788058644548e-6
GSE278723,NR1D1,1.2120667995464278,0.0898488927618392,1.7895903915023921e-41
GSE278723,NR2F1,1.0651576031681471,0.13700540085849353,7.570619757246019e-15
GSE278723,NRROS,1.0887829683882273,0.21414328727837448,3.688549836501441e-7
GSE278723,NT5C3A,-1.02082205700505,0.1613701191415509,2.51651511021e-10
GSE278723,NT5M,1.0679070887446696,0.19125347388957398,2.3541884097540386e-8
GSE278723,NTF3,-1.3827648605752898,0.5819628803595452,0.017499746715617104
GSE278723,NTN3,1.3729891587186696,0.24011574664246602,1.0776581372316703e-8
GSE278723,NTSR2,1.774073984677151,0.14867615994781874,8.015809985811728e-33
GSE278723,NUAK2,1.07037327201391,0.35519229012702536,0.0025824991243318337
GSE278723,NUDCD1,-1.02493069482192,0.13332239995047188,1.499082447495439e-14
GSE278723,NUDT1,1.2269520448536801,0.19493028185652414,3.08765902542684e-10
GSE278723,NUDT16L1,1.03695880005465,0.29282586043726194,3.982916138705587e-4
GSE278723,NUDT8,1.39251959318849,0.32300429085647486,1.624084912866842e-5
GSE278723,NUP37,-1.1203923105526,0.4084034285124445,0.006081638619000305
GSE278723,OAF,1.3260856749383845,0.1425978199955107,1.4113329524914807e-20
GSE278723,ODF2L,-1.02619390271618,0.224371621162897,4.793345514072807e-6
GSE278723,OLFM3,-1.254220238361052,0.34578257587215683,2.8651881088885057e-4
GSE278723,OLR1,-1.0766362602064,0.43715487023098293,0.013784690017183479
GSE278723,OPRL1,1.13351101988325,0.2184561236932159,2.1172700474617535e-7
GSE278723,OR9A2,-1.3065458350703167,0.17041956570589523,1.7655739646454524e-14
GSE278723,ORAI1,1.0042531558036,0.3924679958994488,0.010502949417130914
GSE278723,ORAI3,1.04253177970413,0.4132063011799364,0.011634856628023745
GSE278723,ORC5,-1.04201541307467,0.1911218177260485,4.977822811782631e-8
GSE278723,OTOGL,-1.05759701505937,0.3331749913487717,0.0015019892065231348
GSE278723,OTX1,1.211426374617744,0.1765146780602617,6.741280529011219e-12
GSE278723,P2RX2,1.463335780844101,0.44136160680503583,9.147832256391037e-4
GSE278723,P2RY12,-1.03662031044827,0.3479671353179615,0.002891196845106629
GSE278723,P2RY14,-1.69135963668003,0.3635733202679511,3.286584998402434e-6
GSE278723,PABPC5,-1.02028011425231,0.247384998366556,3.719281789126869e-5
GSE278723,PAIP2B,-1.1905821751742431,0.2470640788290002,1.4433698796281121e-6
GSE278723,PAK4,1.0331039917421558,0.1280286541504163,7.069161594638285e-16
GSE278723,PALM3,1.1036665817305042,0.20923422353675525,1.3290822072318354e-7
GSE278723,PAMR1,1.4378592292907,0.182092013939098,2.8722802389578415e-15
GSE278723,PANX2,1.1365133074925118,0.1678710183421538,1.2864188533692865e-11
GSE278723,PAPLN,1.1036930034307177,0.171168199724808,1.1333379273631303e-10
GSE278723,PAPOLB,-1.2307761185567003,0.27487905051493955,7.55155765506157e-6
GSE278723,PAQR4,1.01554027330999,0.17979629890004556,1.6205879544580478e-8
GSE278723,PARP3,1.02118931723132,0.18374276087348834,2.7333415066029835e-8
GSE278723,PBXIP1,1.15637582228005,0.20014788620350601,7.577054947417664e-9
GSE278723,PCDH11Y,-3.96386796468971,1.6041002246422156,0.013470380599557892
GSE278723,PCDH18,-1.0465393203221502,0.15926581704103138,4.997079512426682e-11
GSE278723,PCDH8,1.0964279670881414,0.2022566553059659,5.9275349998229826e-8
GSE278723,PCDHGA8,-1.22681451628767,0.5028432044240888,0.014697201991333182
GSE278723,PCMTD1,-1.07258557238257,0.196473089280868,4.7828909085568286e-8
GSE278723,PCSK1N,2.263448538809028,0.10274342803885947,1.4822836095072846e-107
GSE278723,PDE1A,-1.2369738032839,0.30868179888839614,6.142253192996359e-5
GSE278723,PDK1,-1.19150988697637,0.33592089300692596,3.896512858830143e-4
GSE278723,PDXP,1.3286630381085558,0.2461557020068734,6.751832868632218e-8
GSE278723,PEPD,1.0383231918071,0.1354976785402201,1.8159255963522437e-14
GSE278723,PEX14,1.00051159850448,0.1274290630943251,4.110310926886816e-15
GSE278723,PEX16,1.03256472896013,0.11217420996212413,3.4163928698199654e-20
GSE278723,PFDN2,1.10733843220183,0.3823779367925318,0.003780408310320147
GSE278723,PGAP1,-1.25011196557003,0.22970835225404332,5.263532738589914e-8
GSE278723,PGLS,1.1822956286403217,0.14228207233958728,9.609051345848798e-17
GSE278723,PGM2L1,-1.1159803093037521,0.3392115839883038,0.001002144693230795
GSE278723,PGM3,-1.03608602410387,0.18710830951002244,3.070653880630132e-8
GSE278723,PHGDH,1.07134514757619,0.13566273751240734,2.8541767279568376e-15
GSE278723,PHLDA3,1.25514414015351,0.1772311647186818,1.4212898804359214e-12
GSE278723,PHOSPHO2,-1.2263166844517281,0.1270194270671557,4.701731175463891e-22
GSE278723,PHPT1,1.0665879141805643,0.0984212716280113,2.2997324839343502e-27
GSE278723,PHYHD1,1.02551889938152,0.23206761235634843,9.913469030433839e-6
GSE278723,PI15,-1.461527175294805,0.3279673121387899,8.337868497115838e-6
GSE278723,PI16,1.4153415559098559,0.277679250958036,3.4500999946718313e-07
GSE278723,PIEZO1,1.00217411338461,0.19739713963017924,3.835549840631235e-7
GSE278723,PIGA,-1.09629590008209,0.2407576716759307,5.275458330789337e-6
GSE278723,PIGB,-1.0843737868034056,0.1448984988472869,7.227060458416075e-14
GSE278723,PIGF,-1.17583322165316,0.23830061312351403,8.046205958038945e-7
GSE278723,PIGQ,1.02283989403654,0.17700904287554964,7.538690422746902e-9
GSE278723,PIGY,2.74205996403706,1.0272363009844483,0.007599672475291264
GSE278723,PLAUR,1.00372328031987,0.41912896675469635,0.01663016575225971
GSE278723,PLCB2,1.068553530832,0.38465263971381297,0.005469965192763384
GSE278723,PLCD3,1.3140819430787203,0.22683423314300463,6.9083428042413634e-9
GSE278723,PLCXD3,-1.1624485587371707,0.17805890980012806,6.645411430322076e-11
GSE278723,PLD4,1.2791220214168666,0.18005439632845868,1.2112090766043113e-12
GSE278723,PLEC,1.194461550015684,0.09805050463990818,3.8715821885609345e-34
GSE278723,PLEKHA1,-1.0207980635818974,0.13731956209263543,1.0556855401716363e-13
GSE278723,PLEKHF1,1.03676478401404,0.28602004076480136,2.89187738461342e-4
GSE278723,PLGLB1,-1.2377307807106412,0.11520796235964664,6.362276169140114e-27
GSE278723,PLIN1,1.4264712932065302,0.1943924469641534,2.166466297485383e-13
GSE278723,PLIN4,1.0072663182289954,0.2449289659787343,3.914255445010907e-5
GSE278723,PLIN5,1.06045552167327,0.2670608182466401,7.161995768773209e-5
GSE278723,PLK5,1.08186088504359,0.23453509195633407,3.9730162708140705e-6
GSE278723,PLOD2,-1.029449757808035,0.13419368964651013,1.701657982072777e-14
GSE278723,PLP2,1.0907479981221,0.22418072926429528,1.141764125458889e-6
GSE278723,PLPPR2,1.1377740044089282,0.09593630936417863,1.917045948096134e-32
GSE278723,PLPPR3,1.2475466355702693,0.1178519693278272,3.471431429445864e-26
GSE278723,PLTP,1.5604668204064,0.17874876630543748,2.5479748457916195e-18
GSE278723,PLXNB2,1.07216238979579,0.16627152477221904,1.1313990067939392e-10
GSE278723,PLXNB3,1.0737632233767216,0.18110534970998907,3.048916301885987e-9
GSE278723,PMP2,-1.1019213572712632,0.17124589875873306,1.2369188781620085e-10
GSE278723,PMS1,-1.0837034845919147,0.07381446990201955,8.475778372001302e-49
GSE278723,PNMAL2,1.0372246534707308,0.18825894648636324,3.597242484009008e-8
GSE278723,PNMT,1.4474582912247418,0.20776431354886768,3.2416598334588043e-12
GSE278723,PNPLA2,1.2895397408857026,0.07305529723190975,9.898916922320093e-70
GSE278723,PODNL1,1.85822382874614,0.39986646573248597,3.366161486812846e-6
GSE278723,POGLUT1,-1.06008405022331,0.24179472558084358,1.1639594950139862e-5
GSE278723,POLR2I,1.0740056708510886,0.09233207810695361,2.8341735179774022e-31
GSE278723,POLR2J,1.1287333826681,0.16653010706790064,1.2188975692152371e-11
GSE278723,POLR2L,1.4271989415572717,0.08189983190462279,5.224531255094876e-68
GSE278723,POLR3G,-1.02519015245711,0.23730138408552448,1.5588572905580243e-5
GSE278723,POMGNT2,1.04025949865972,0.16525752458081605,3.07839284041841e-10
GSE278723,POSTN,-1.0762435783367377,0.36081247917680764,0.0028559323985119433
GSE278723,POU3F4,1.23605105996172,0.26390380392025176,2.8171719943951923e-6
GSE278723,PPAN-P2RY11,3.756053044519,1.7919632136254955,0.03607733251276151
GSE278723,PPDPF,1.5395384508791312,0.10786023968050229,3.203006553326992e-46
GSE278723,PPID,-1.09434547175533,0.21719463410740553,4.690781149991194e-7
GSE278723,PPL,1.29368305611801,0.3236038965808238,6.395112761100064e-5
GSE278723,PPP1R13L,1.2400284243582673,0.21006371990391617,3.5672071437290843e-9
GSE278723,PPP1R14B,1.050526302449405,0.22610723556152043,3.3820040305551407e-6
GSE278723,PPP1R1A,1.06606564913284,0.23290625445778168,4.7117184274765595e-6
GSE278723,PPP1R1B,1.342333795399474,0.10424714297016677,6.107597546426306e-38
GSE278723,PPP1R35,1.2050532437884396,0.14192550851033753,2.0531735086020074e-17
GSE278723,PQLC1,1.03912082340969,0.2371594023699441,1.1784929871235368e-5
GSE278723,PRAM1,1.11213767395425,0.37668861541686505,0.0031530820172377834
GSE278723,PRDM16,1.2447392161330142,0.17770233844261193,2.476385442341147e-12
GSE278723,PRDX5,1.0692167796856353,0.06924765787689999,8.745285854007704e-54
GSE278723,PRIM2,-1.12060648124884,0.13726015225051638,3.238235047605601e-16
GSE278723,PRKCD,1.14572966362358,0.3527438271283836,0.0011619876164971638
GSE278723,PRKRIR,-1.11152355277261,0.25760636376423396,1.5973731658020917e-5
GSE278723,PRLR,-1.17046006016041,0.46561372523911965,0.011943794402625189
GSE278723,PRR22,1.27618820382798,0.38869783721460677,0.0010262133628580366
GSE278723,PRR29,1.05442942526096,0.42687695368764583,0.013507470130076277
GSE278723,PRR36,1.0948774631269746,0.12739791183479462,8.387938320741509e-18
GSE278723,PRR7,1.253755973938255,0.17503585013182224,7.901536448169894e-13
GSE278723,PSMB10,1.322147701120188,0.0921342541739172,1.0618511900528144e-46
GSE278723,PSTPIP1,1.25946698583959,0.2522644815437686,5.955798914832973e-7
GSE278723,PTCHD2,1.2557119824766714,0.21354154185343444,4.092495817393495e-9
GSE278723,PTGFR,-1.06846355444357,0.38069845980021794,0.005006930573250979
GSE278723,PTGS2,-1.2502515975819,0.4206983759491522,0.0029601326179667345
GSE278723,PTP4A2,-1.00295854914626,0.265284480485656,1.5639391770812475e-4
GSE278723,PTPN6,1.23754103640265,0.43372276771931545,0.004326779663582411
GSE278723,PTRH1,1.08871738941035,0.21889180683524254,6.5663384738883e-7
GSE278723,PUS10,-1.084673613766503,0.11064893960755838,1.0946615667711027e-22
GSE278723,PUS7L,-1.1292855612498518,0.08210116819524345,4.765637172642234e-43
GSE278723,PWWP2B,1.0573431011460976,0.11287664495865522,7.445096285285163e-21
GSE278723,PXMP2,1.03848078988874,0.21128585494064248,8.875927061759042e-7
GSE278723,PYCARD,1.6468920081568057,0.22155647058094108,1.0593469330992918e-13
GSE278723,PYCRL,1.1283557027964657,0.17334396062853566,7.547901978596581e-11
GSE278723,PYROXD1,-1.125308100476372,0.11557452664031448,2.1038640572294961e-22
GSE278723,QPRT,1.105131051759364,0.10321997494448416,9.481800917920579e-27
GSE278723,QSER1,-1.13731713815146,0.17446321995987643,7.080089509844975e-11
GSE278723,RAB11A,-1.12834764320583,0.2469692944641938,4.905782966569546e-6
GSE278723,RAB11B,1.02565548192282,0.11090715036017267,2.289995746646425e-20
GSE278723,RAB11FIP4,1.04720809814689,0.17039959663358403,7.966081273322156e-10
GSE278723,RAB26,1.20940379146445,0.23511173658121054,2.690164446382748e-7
GSE278723,RAB27B,-1.275829394855169,0.2946208795181992,1.4883152686820552e-5
GSE278723,RAB3B,-1.12259936325141,0.37442863083301126,0.0027160927618826657
GSE278723,RAB3C,-1.3534375115721655,0.3973830352406317,6.595202416847532e-4
GSE278723,RAB3IP,-1.1546507319432122,0.09848289712598997,9.560043512760362e-32
GSE278723,RAB4B-EGLN2,1.2566046225887981,0.13418040098339248,7.602256316567665e-21
GSE278723,RAB8B,-1.2081972080742545,0.24098360342338368,5.341889255095954e-7
GSE278723,RAB9B,-1.034934008230053,0.1801678490612855,9.231463452457037e-9
GSE278723,RABAC1,1.4203124050158429,0.0745800205273908,7.348200993131845e-81
GSE278723,RAC3,1.2606578606087806,0.08544705079591855,2.913653128898018e-49
GSE278723,RAMP1,1.5152200181239148,0.07979250944272641,2.0829442346409357e-80
GSE278723,RAMP2,1.114796923155598,0.3307612031683917,7.505966699279099e-4
GSE278723,RAMP3,1.13971362090418,0.5436219343991758,0.0360361914792805
GSE278723,RAPGEF5,-1.05189517710857,0.24792731081063615,2.2079108924729343e-5
GSE278723,RASA2,-1.0440010700342641,0.09240026992377197,1.3320531882837387e-29
GSE278723,RASGEF1C,1.18079712982267,0.26753655528416437,1.0166960682066654e-5
GSE278723,RASGRP4,1.1230759283620924,0.18834376908907913,2.477930982956491e-9
GSE278723,RASL10A,1.01955984770812,0.28831281512766554,4.057776666680954e-4
GSE278723,RASL12,1.03701837948039,0.25965855193788046,6.502899905556315e-5
GSE278723,RASSF9,-1.2074357178648372,0.33113231678866745,2.6595602808535e-4
GSE278723,RAVER1,1.03396107343108,0.16382725146078891,2.7672150921301556e-10
GSE278723,RBM41,-1.1001463844983916,0.09333600200431402,4.5577190675752516e-32
GSE278723,RBM48,-1.1232709037706468,0.12890488746791628,2.934626465292331e-18
GSE278723,RBMS1,-1.00375684649783,0.15742855503075207,1.8183035370857188e-10
GSE278723,RBP1,1.11145465143317,0.18714906534012318,2.8698694455960527e-9
GSE278723,RCAN3,-1.02266971219996,0.30031445746874663,6.608424020433601e-4
GSE278723,REEP1,-1.09499297194085,0.32079722038577047,6.416963421181713e-4
GSE278723,REEP2,1.01889338818307,0.2658207603242267,1.265852788224531e-4
GSE278723,REEP3,-1.2185614578480484,0.1661613683176051,2.2404665859183336e-13
GSE278723,REEP4,1.03464213018376,0.3399511994384944,0.0023384194437588877
GSE278723,REEP6,1.145806727452376,0.1191366529984626,6.739572833015047e-22
GSE278723,RET,1.6125789558451402,0.4472659517391651,3.116556040614302e-4
GSE278723,RFC3,-1.00270087801616,0.28375944812986353,4.0989456819116974e-4
GSE278723,RFK,-1.113695649831854,0.17129675844042577,7.949287082926602e-11
GSE278723,RFX2,1.07449388186795,0.21499511798338758,5.800027441484272e-7
GSE278723,RGMA,1.01438900008004,0.25793393142783844,8.398047190708582e-5
GSE278723,RGR,1.54415664376414,0.46704130221065376,9.455271717584168e-4
GSE278723,RGS17,-1.0933614116446955,0.17250306127379278,2.324430108867014e-10
GSE278723,RGS19,1.03557092133292,0.23100157754096443,7.361459883329235e-6
GSE278723,RGS5,-1.805553891575403,0.15413589508795356,1.0800894321178572e-31
GSE278723,RHBDD2,1.11849767961283,0.08233288517417592,4.9108905026172295e-42
GSE278723,RHBDL1,1.0897256470801475,0.09247022738126155,4.685792281922134e-32
GSE278723,RHBDL3,1.00575216024955,0.2482338482043951,5.08616555713032e-5
GSE278723,RHOG,1.03232348714795,0.18996309720326982,5.5000548520944737e-8
GSE278723,RHPN1,1.12874501774351,0.16058779942347917,2.0826626605548002e-12
GSE278723,RLBP1,1.2272657065578,0.34019668521530483,3.091399538547934e-4
GSE278723,RLTPR,1.07924011682384,0.27213519074753434,7.314299418571724e-5
GSE278723,RNASE1,1.09250804787724,0.3029238414880069,3.1030271629926094e-4
GSE278723,RNASE4,1.08966371118326,0.4356242765464486,0.012370886883021712
GSE278723,RNASEK,1.01166113001384,0.2828078944393191,3.4729102109117894e-4
GSE278723,RNASEK-C17ORF49,1.300630484470872,0.12239180754695712,2.2370964517457748e-26
GSE278723,RND2,1.1011724079061203,0.25438919547236066,1.4999771296221591e-5
GSE278723,RNF125,-1.2439302990088985,0.2740386744947897,5.645443013962749e-6
GSE278723,RNF138,-1.00104733162857,0.15680825310786217,1.726401436447008e-10
GSE278723,RNF145,-1.13778632098676,0.17046093862059547,2.47632465144448e-11
GSE278723,RNF152,-1.2004192475734283,0.12897548671817405,1.3106858417716642e-20
GSE278723,RNF208,1.2248137724495864,0.10340812082828152,2.2988319290001377e-32
GSE278723,RNPEPL1,1.2478620429660237,0.09918715529445547,2.6900448208310853e-36
GSE278723,ROGDI,1.00772260527704,0.13491378441361487,8.057226706915377e-14
GSE278723,ROM1,1.0483702694777406,0.13424316145133153,5.74210666930299e-15
GSE278723,ROMO1,1.8897282019535242,0.09745139390806155,9.105184335047138e-84
GSE278723,RP1-130H16.18,1.2975553560039232,0.22910779141746665,1.483034162192428e-8
GSE278723,RP1-34B20.21,1.77271750598207,0.6357374655938107,0.005296211270220387
GSE278723,RP11-106M3.5,-1.4711030461003,0.5627285902781115,0.008942830828400455
GSE278723,RP11-1263C18.1,-1.1389884803619963,0.21285326430303217,8.744530817914193e-8
GSE278723,RP11-162P23.2,1.1444268230837291,0.14329444602133046,1.3877876324585714e-15
GSE278723,RP11-195F19.5,1.25872633727874,0.39699835559368946,0.0015212004182331396
GSE278723,RP11-20I23.1,1.1971715978619797,0.5417108998279392,0.027106378235077326
GSE278723,RP11-244H3.4,-1.34130333300226,0.5225091972300095,0.010257003041923717
GSE278723,RP11-2C24.9,1.06347552645883,0.2565848987410696,3.4021202286628486e-5
GSE278723,RP11-307N16.6,1.3499089496033994,0.26749907064753636,4.50197922682337e-7
GSE278723,RP11-468E2.2,1.61302057020191,0.7141541235616715,0.023905482363896332
GSE278723,RP11-507M3.1,-1.32964558290777,0.23978768855292892,2.93794122611732e-8
GSE278723,RP11-529K1.3,1.540924999001082,0.2332248715376933,3.920921208642197e-11
GSE278723,RP11-552F3.12,1.02493763895052,0.48353082723800217,0.034031816454968715
GSE278723,RP11-561B11.2,-1.08848974242305,0.4814393959186696,0.023765011156492887
GSE278723,RP11-574K11.31,1.13020732358131,0.2957639327489175,1.3274166110251753e-4
GSE278723,RP11-5A19.5,1.84855877236837,0.549945908575956,7.7563446592473e-4
GSE278723,RP11-644F5.10,1.38038562773853,0.561650886420196,0.013981866775622864
GSE278723,RP11-864I4.1,1.8391469035173402,0.8783972821145404,0.03628199311538007
GSE278723,RP11-92K2.2,1.14011010055811,0.2503410780896981,5.257855287873589e-6
GSE278723,RP11-977G19.10,1.2682078878142713,0.19944347652194497,2.0342416364073435e-10
GSE278723,RP13-582O9.6,1.6668871785066999,0.283235049628231,3.976385855166782e-9
GSE278723,RP3-382I10.7,-1.36090242727371,0.5117708050162576,0.007832576864480398
GSE278723,RP5-998N21.10,1.14035509593022,0.4255485613929716,0.0073681642966357125
GSE278723,RPAIN,-1.11238097136188,0.3123928624323349,3.6967043023155866e-4
GSE278723,RPF2,-1.101503579079626,0.12274833883387468,2.8678514002633526e-19
GSE278723,RPL13A,1.0751198986200265,0.1466636849888356,2.2927514740523896e-13
GSE278723,RPL17-C18ORF32,-2.9057096370257,0.828870592737161,4.5553619903716645e-4
GSE278723,RPL27,1.5916577319285672,0.08425617071832739,1.3603953436278065e-79
GSE278723,RPL29,1.0951635419563721,0.15857876982378757,4.980991391830774e-12
GSE278723,RPL39,1.12917385659311,0.3091448227085978,2.596263309542662e-4
GSE278723,RPL41,2.1749405744614134,0.1606585894226181,9.37334973206607e-42
GSE278723,RPLP1,1.0702716243353587,0.13540409021666358,2.694901456052623e-15
GSE278723,RPP21,1.092293122993016,0.1316696982374554,1.0794207556793339e-16
GSE278723,RPP25L,1.02017659357809,0.1611783379306177,2.4597366964046066e-10
GSE278723,RPRML,1.4345374494613683,0.2660778553647191,6.990310994260383e-8
GSE278723,RPS10-NUDT3,2.457271692704785,0.4360995505224158,1.754063808169123e-8
GSE278723,RPS11,1.175003409409273,0.10291059035022228,3.410984991812901e-30
GSE278723,RPS15,1.0556557051929627,0.1540241280870387,7.189683601257099e-12
GSE278723,RPS18,1.10380569334168,0.09423946637661326,1.096313221587288e-31
GSE278723,RPS2,1.0573105929088682,0.12245454961832436,5.908236121765306e-18
GSE278723,RPS5,1.09603333337066,0.2722962969180878,5.6939103758150216e-5
GSE278723,RPUSD1,1.07401505767564,0.2141132955595335,5.272915354893041e-7
GSE278723,RRAS,1.039514533659696,0.19876657659788394,1.6967001060037268e-7
GSE278723,RSPO3,-1.44071201592388,0.5642621395150333,0.010671759084482478
GSE278723,RTKN2,-1.18936323175805,0.3112855781565206,1.3301378248316536e-4
GSE278723,RTN4R,1.634117825565026,0.10711664046611297,1.5133315312269005e-52
GSE278723,RTN4RL2,1.604537271263941,0.12780902717760248,3.770769843973729e-36
GSE278723,RWDD1,-1.0385462390928646,0.1265547606347342,2.2811042421978205e-16
GSE278723,RXRG,1.10616290116796,0.27797609395671996,6.910527013180604e-5
GSE278723,S100A1,1.2342148436134677,0.0848588728442276,6.345564434722025e-48
GSE278723,S100A16,1.10356371038069,0.24749462483889795,8.236592828543033e-6
GSE278723,S100A9,1.39936213678736,0.6204858757025802,0.024116492036266528
GSE278723,SAC3D1,1.3127067088585562,0.10696497282823747,1.2757011413481382e-34
GSE278723,SACS,-1.04506532046964,0.39491553300275206,0.0081377400122314425
GSE278723,SALL3,1.12801128906624,0.364183737488692,0.001952469047590229
GSE278723,SAMD10,1.51537124331227,0.3200795394256943,2.19749166089517e-6
GSE278723,SAMD11,1.28654477621024,0.43537403029492255,0.0031263526090017824
GSE278723,SAMD12,-1.3363889462198024,0.22733763447900768,4.1416954892111954e-9
GSE278723,SAMD14,1.100128918400041,0.13655821285776468,7.875635604463764e-16
GSE278723,SAMD5,-1.08305424803411,0.22440177525875993,1.3901842354990457e-6
GSE278723,SAMSN1,-1.0482748642225,0.3725055500973071,0.004891115205370051
GSE278723,SARDH,1.1907120842453938,0.11904755342607463,1.4936937669799027e-23
GSE278723,SCAI,-1.04481759435942,0.2820196653180692,2.1158381651647262e-4
GSE278723,SCAMP4,1.0616645681665173,0.11210858891734449,2.799337736749022e-21
GSE278723,SCAMP5,1.36486445888392,0.32512753840344827,2.6935923429447056e-5
GSE278723,SCAND1,1.4893294604731968,0.09209247771813325,7.933712223223101e-59
GSE278723,SCARF2,1.1405735325417026,0.19511367642184957,5.0448105986315015e-9
GSE278723,SCN7A,-1.06940586634959,0.26546708711896216,5.615931015728542e-5
GSE278723,SCNM1,1.01621161999713,0.2811971713043017,3.01653738251276e-4
GSE278723,SCNN1G,-1.58221948335437,0.6974965533894786,0.02330324001055098
GSE278723,SCOC,-1.02459908249602,0.18972219035188323,6.644683265599169e-8
GSE278723,SCRT1,1.23350297027342,0.28325965054601937,1.3326609088322607e-5
GSE278723,SCX,1.171651087093489,0.27530985710058187,2.08345477981267e-5
GSE278723,SCYL2,-1.01928008030326,0.21810501072704286,2.9633257702188692e-6
GSE278723,SDC4,1.09929788324139,0.3501165667166326,0.0016906010201840366
GSE278723,SDF2L1,1.115713204364521,0.18188874498165628,8.567387425247689e-10
GSE278723,SDS,1.32313624773308,0.3907333918548875,7.08446927740727e-4
GSE278723,SDSL,1.4194883646468643,0.1540514614025109,3.1308880269123025e-20
GSE278723,SEC61G,-1.09476317640803,0.24595125335116694,8.54160924237966e-6
GSE278723,SELENBP1,1.05324622435882,0.16287240505405348,1.0016930892090169e-10
GSE278723,SELPLG,1.2132129358197266,0.15330427850313405,2.497338388170806e-15
GSE278723,SEMA3B,1.2420504832026051,0.20215258782243817,8.040622131951521e-10
GSE278723,SEMA6B,1.0524099516236,0.2461695758428953,1.91015304548428e-5
GSE278723,SEPN1,1.076301839876,0.2625798282209209,4.150269459034242e-5
GSE278723,SEPP1,-1.0419362370066854,0.21903279440509202,1.9650345677955824e-6
GSE278723,SERINC2,1.5836365216191768,0.23118678723196467,7.383429435444425e-12
GSE278723,SERPINA3,-1.077227198408,0.5217438657909645,0.0389545451254847
GSE278723,SERPINI2,-1.1862644951204,0.3222660065177942,2.323116027449584e-4
GSE278723,SETMAR,-1.00400589628936,0.20725082147216134,1.2699480717933718e-6
GSE278723,SF3B5,1.2649825911232921,0.07459084779806988,1.652664373144651e-64
GSE278723,SFR1,-1.05912721613767,0.34767692759449986,0.0023167878617178085
GSE278723,SFRP2,1.1912270237679536,0.20459639978174268,5.803406163317104e-9
GSE278723,SFXN5,1.08775933830525,0.20838661472835834,1.7901026673922333e-7
GSE278723,SGK3,-1.06014884605664,0.20644238500211462,2.816560977785349e-7
GSE278723,SGMS2,-1.12555046750219,0.30926162782877437,2.7319272699217155e-4
GSE278723,SGTB,-1.00719416482542,0.22282139064755355,6.1785278219238625e-6
GSE278723,SH2B2,1.17081157038306,0.22738207485026557,2.617483446734722e-7
GSE278723,SH3BP1,1.35405229116515,0.6167827116903841,0.028138690821928318
GSE278723,SHARPIN,1.1220692901578766,0.09857426397766951,5.083006438409443e-30
GSE278723,SHISA4,1.2472685378406638,0.09894904659588648,1.977715177222634e-36
GSE278723,SHTN1,-1.045661860397533,0.17090511408350129,9.45334113473871e-10
GSE278723,SIGLEC1,1.26662484441669,0.4671637996716178,0.006701838611125013
GSE278723,SIGLEC8,1.11056207935374,0.3460660139621281,0.0013314898671369798
GSE278723,SIKE1,-1.03212824683952,0.14663887635729783,1.9422034039426896e-12
GSE278723,SKOR1,1.02841050719181,0.363280790873128,0.004641766375478618
GSE278723,SLC10A5,-1.09437937241762,0.3198586054542825,6.228878789590503e-4
GSE278723,SLC14A1,1.09544280206258,0.3289406321987579,8.677916304289253e-4
GSE278723,SLC15A3,1.0281595448152427,0.1754033381155629,4.581868610387692e-9
GSE278723,SLC16A12,-1.82363877587235,0.4576905488630298,6.764053587301898e-5
GSE278723,SLC16A7,-1.3139374157246861,0.20520404128053518,1.5227567065445528e-10
GSE278723,SLC17A6,-1.04056666579789,0.4667517587042976,0.02578868450600012
GSE278723,SLC1A6,1.08591025811501,0.33266738391299283,0.001097534011135269
GSE278723,SLC22A13,1.07050041506259,0.4330533799740176,0.013436606047028676
GSE278723,SLC22A18,1.2117118181952633,0.13570261604515027,4.292142852855451e-19
GSE278723,SLC25A10,1.1111561851261391,0.13894732644858457,1.2752884312635824e-15
GSE278723,SLC25A14,-1.07501604502308,0.4016588627044253,0.007440877770001962
GSE278723,SLC25A18,1.00624391951538,0.19119951881195016,1.4188155733597314e-7
GSE278723,SLC25A22,1.076476960040623,0.1220769277736422,1.165000046934116e-18
GSE278723,SLC25A28,1.10964850328579,0.2641575826924224,2.6608322184175335e-5
GSE278723,SLC25A39,1.2497233858155299,0.19023347304403057,5.051197436897729e-11
GSE278723,SLC25A46,-1.00645189993602,0.19383965413272705,2.0783712644618677e-7
GSE278723,SLC25A6,1.0568194433507012,0.07662750345045855,2.8615325428785376e-43
GSE278723,SLC26A2,-1.0470051650637617,0.1512807813853143,4.486574636216796e-12
GSE278723,SLC26A4,-1.203342018787456,0.2712436925728839,9.14812790321579e-6
GSE278723,SLC27A5,1.03201580266765,0.17113396068942446,1.6349778520479094e-9
GSE278723,SLC29A4,1.10961585770207,0.2531008547604379,1.1647387593320082e-5
GSE278723,SLC2A4RG,1.1582291455092206,0.21032106796443578,3.6508872030755904e-8
GSE278723,SLC30A6,-1.17793764569083,0.2391853629127714,8.445106695432476e-7
GSE278723,SLC32A1,1.3818330347253247,0.33876694822045494,4.5228313542337026e-5
GSE278723,SLC35A1,-1.52239409662923,0.71853618758024,0.03411212409943054
GSE278723,SLC35A3,-1.1101882412975967,0.18221642055913576,1.1102864606358102e-9
GSE278723,SLC35A4,1.05624525667055,0.21466398134751516,8.634161445476789e-7
GSE278723,SLC35B3,-1.2592641433883243,0.12489894269506865,6.618312330988847e-24
GSE278723,SLC36A4,-1.0197448668713551,0.16161984636876983,2.7988861478077856e-10
GSE278723,SLC38A11,-1.170070804148075,0.14184507761717907,1.5981252546583444e-16
GSE278723,SLC38A9,-1.01271338930682,0.14703966295853388,5.684188957449924e-12
GSE278723,SLC39A4,1.16634644981785,0.2815175041458089,3.426887557596262e-5
GSE278723,SLC43A2,1.0677838503154329,0.17588849807383872,1.2727481268131603e-9
GSE278723,SLC44A2,1.11809841968654,0.20155512996266942,2.900188812797267e-8
GSE278723,SLC47A2,-1.15824534905236,0.5115205799788457,0.023554552170536546
GSE278723,SLC48A1,1.148146623503046,0.19488787925508763,3.8312565239047715e-9
GSE278723,SLC52A2,1.039425303601722,0.11044647923185956,4.908681057898701e-21
GSE278723,SLC5A3,-1.120945176357228,0.1876554690349718,2.3232888549110116e-9
GSE278723,SLC6A15,-1.0657151823862796,0.1625884145610853,5.576096666978312e-11
GSE278723,SLC6A7,1.31924326669885,0.49115498144589254,0.007231265410074728
GSE278723,SLC7A10,1.15213447479197,0.18522706483811874,4.967764340300037e-10
GSE278723,SLC9C2,-1.01912787298843,0.25601103149828336,6.868467049097308e-5
GSE278723,SLCO1A2,-1.06714292099604,0.4083108524905261,0.008960562742679952
GSE278723,SLCO2A1,1.03995099691375,0.4554738128682517,0.02241688549150946
GSE278723,SLFN13,-1.03391033867128,0.29600306904995133,4.7779803431071755e-4
GSE278723,SLITRK4,-1.0164320816942445,0.24381594312536978,3.0614044429189625e-5
GSE278723,SMN1,-1.0334199638685,0.3044194188010386,6.869777001348497e-4
GSE278723,SMO,1.0732754862657559,0.20298280335815588,1.2398629659990235e-7
GSE278723,SMOX,1.05825305754608,0.16444248627175911,1.2314917020377378e-10
GSE278723,SMTNL2,1.14563277277635,0.5199279622253218,0.027563385365413064
GSE278723,SNAPC2,1.0141021079910746,0.15624315579631204,8.553050475938664e-11
GSE278723,SNCG,1.1007221863189955,0.20029972521849693,3.898801020437827e-8
GSE278723,SNRNP48,-1.0442638921276588,0.10428863949964179,1.333559967652917e-23
GSE278723,SNTA1,1.115863158282698,0.13571042321658805,1.9949789213979775e-16
GSE278723,SNX10,-1.2317941050746448,0.2133951463935527,7.816780242733966e-9
GSE278723,SOCS6,-1.09549456971657,0.4853408858117578,0.023997752476702394
GSE278723,SOD3,1.380644502692385,0.15749133771258134,1.843404954963423e-18
GSE278723,SOHLH1,1.61193796219079,0.5958297254007844,0.00682290033460224
GSE278723,SORBS3,1.16155202446912,0.23022743377132968,4.5295896656112784e-7
GSE278723,SORCS2,1.0655833475377299,0.1507654130633092,1.5738240439084919e-12
GSE278723,SOX15,1.62208255987567,0.2813988893156608,8.197163914627887e-9
GSE278723,SOX18,1.3775564274025938,0.2854226092819881,1.3904088305132093e-6
GSE278723,SPAG6,-1.2090214772293553,0.3825457130221064,0.0015751874363628192
GSE278723,SPATA2L,1.1200128539423333,0.1615934563105147,4.177187018128267e-12
GSE278723,SPATC1L,1.054963878779736,0.17177964259281492,8.18081632736833e-10
GSE278723,SPCS3,-1.0392066301246314,0.12082182232259916,7.892118067315825e-18
GSE278723,SPI1,1.29295337967523,0.33813824065594156,1.3144147655335593e-4
GSE278723,SPIN1,-1.1519555345455006,0.2362148460615726,1.0786004687978156e-6
GSE278723,SPN,1.3236130896429263,0.30783743393843216,1.7101825219599212e-5
GSE278723,SRP19,-1.1148604065505638,0.11592780375360112,6.787740254097148e-22
GSE278723,SS18L2,-1.05417502137612,0.22559771359346684,2.9710807232480497e-6
GSE278723,SSC5D,1.170087236887543,0.21563593070522255,5.756114662887251e-8
GSE278723,SST,1.50899517773728,0.7168802050611386,0.03529588044698233
GSE278723,SSTR3,1.0115043263043,0.27210238386958924,2.0131018537473727e-4
GSE278723,ST14,1.1403568722574757,0.305628315288033,1.9057851224791038e-4
GSE278723,ST3GAL6,-1.0158529875691,0.1545825769430072,4.978149397660917e-11
GSE278723,ST6GALNAC2,1.57044087892056,0.39689143936141386,7.594379469053477e-5
GSE278723,STAC2,1.1580678578881545,0.17472476023440317,3.4036906169728353e-11
GSE278723,STARD4,-1.1728287411642915,0.1373611396468881,1.3622701254635275e-17
GSE278723,STC1,-1.87336426686895,0.8172378891223196,0.021887642567595567
GSE278723,STK17A,-1.00195663857389,0.13742101894841535,3.07330723639355e-13
GSE278723,STK17B,-1.04394835660672,0.2514367053144364,3.296787757446747e-5
GSE278723,STON1-GTF2A1L,1.54995084410156,0.7082700119716241,0.028643278487258707
GSE278723,STPG2,-1.03594481537279,0.22356500903129964,3.5909709450638476e-6
GSE278723,STX1A,1.084195518746275,0.16390827707228187,3.7243747192284916e-11
GSE278723,STX1B,1.05923546872806,0.3502907373045868,0.002495593735275284
GSE278723,SUGT1,-1.16726755870325,0.267385758998322,1.2684309323347072e-5
GSE278723,SULT1B1,-1.22871293636218,0.4714129603188991,0.009148695852035826
GSE278723,SUSD2,1.31702880500673,0.3418421379965322,1.1680350089489181e-4
GSE278723,SVIP,-1.06533464615322,0.12305893695082425,4.838794053177288e-18
GSE278723,SYNGR3,1.3313175895482146,0.22647205688448055,4.13983107712621e-9
GSE278723,SYS1-DBNDD2,1.396870252273345,0.27566513873729515,4.035573270509152e-7
GSE278723,SYT12,1.01029072612897,0.24303585593406574,3.2250814093326196e-5
GSE278723,SYT16,-1.0306641038742195,0.2742963522114629,1.7163046416955623e-4
GSE278723,SYT4,-1.019749312227799,0.33349309186901,0.0022298141697215173
GSE278723,TAF1D,-1.01233747218141,0.13493496016557913,6.265475728467787e-14
GSE278723,TAS2R13,-1.247253343373539,0.11537843000923208,3.083053053782826e-27
GSE278723,TAS2R14,-1.4409486540076277,0.1179271798529592,2.461844857196622e-34
GSE278723,TAS2R19,-1.1476754584511575,0.14209143835149549,6.636840032727021e-16
GSE278723,TAS2R20,-1.355912624744307,0.21677689546177034,3.9783159422061443e-10
GSE278723,TAS2R30,-1.3180541012809117,0.14574339057608926,1.5150789946718865e-19
GSE278723,TAS2R31,-1.02177744296852,0.3481863328740284,0.0033400935114618092
GSE278723,TAS2R4,-1.1965186759126845,0.13710400039207188,2.6131376115913066e-18
GSE278723,TATDN1,-1.0907934133715063,0.08378681821609894,9.581828227345523e-39
GSE278723,TAX1BP3,1.0189895738051664,0.1963964099804926,2.120712716404093e-7
GSE278723,TBC1D8B,-1.09960736300208,0.23679096903180014,3.4207646431144525e-6
GSE278723,TBX5,1.26755121512713,0.38096032244782113,8.770683700310277e-4
GSE278723,TC2N,-1.30033510360707,0.35790789650589794,2.799759882483173e-4
GSE278723,TCEAL7,-1.04937677619408,0.22086931312324906,2.0229228208961447e-6
GSE278723,TCTE1,1.016774736504,0.2992825896952698,6.803603817130123e-4
GSE278723,TCTEX1D1,-1.4916136916814466,0.3415767271218113,1.260523089007124e-5
GSE278723,TEFM,-1.23812198157338,0.16739919003186662,1.4011110813927772e-13
GSE278723,TFPI,-1.3103571041495339,0.19927778696359166,4.848010553145774e-11
GSE278723,TFR2,1.42933605631188,0.5336005522312409,0.007391674552762266
GSE278723,TGDS,-1.01287824906985,0.18852366658792283,7.757283564658222e-8
GSE278723,TGFB1,1.1959929410047514,0.13565081433138265,1.1787938723256193e-18
GSE278723,TGFBR3L,1.516506711792041,0.188882173019594,9.83902386713038e-16
GSE278723,THAP4,1.00452505344648,0.12105293421514933,1.0567421472807196e-16
GSE278723,THAP5,-1.117826439524314,0.08549706442211831,4.609317519413838e-39
GSE278723,THAP8,1.00032699504311,0.22455854265782507,8.403490178319612e-6
GSE278723,THAP9,-1.79814459541344,0.2695799411688914,2.5550367061448627e-11
GSE278723,THEM6,1.0570560780029516,0.13789497913047058,1.7791339548579318e-14
GSE278723,THNSL2,1.1038526723406445,0.3187748512520337,5.345910971139e-4
GSE278723,THRA,1.14753407707657,0.15832404447827403,4.229429543293813e-13
GSE278723,TICAM1,1.0620904183224222,0.1108937069703278,9.937078156310338e-22
GSE278723,TIFA,-1.2142540583489,0.2909528511725005,3.001262266279941e-5
GSE278723,TIGAR,-1.0413527678171122,0.11521561409295226,1.591336807540978e-19
GSE278723,TIMM10B,-1.00261404940803,0.21236984403375314,2.3460092813326813e-6
GSE278723,TIMM13,1.1574858465857973,0.08339858510839726,8.496470982270927e-44
GSE278723,TIMP1,1.1215019575231087,0.15670540120993695,8.260993460256758e-13
GSE278723,TLR10,-1.75407510174995,0.4230644526862291,3.3815974475445704e-5
GSE278723,TLR2,-1.1293726760443639,0.19960073782428603,1.530055122990289e-8
GSE278723,TM2D1,-1.1431877116435187,0.12337446900810092,1.9325952297826834e-20
GSE278723,TM4SF1,-1.1814306820674787,0.22086265939909142,8.836123323384197e-8
GSE278723,TM4SF18,-1.4739739258086233,0.2556288926556881,8.114167564988877e-9
GSE278723,TMED1,1.19554735047174,0.22625394466587118,1.2632764840072267e-7
GSE278723,TMED7-TICAM2,-1.958966569214838,0.5896122284128245,8.922555144344461e-4
GSE278723,TMEM106B,-1.13420474118726,0.2069093952931845,4.213789096566038e-8
GSE278723,TMEM119,1.03735201488319,0.327151764754532,0.0015198906196270904
GSE278723,TMEM121,1.4731771821681157,0.2511653612628168,4.481386328945651e-9
GSE278723,TMEM125,1.0715609319042336,0.24323750549909648,1.0558399757033477e-5
GSE278723,TMEM132A,1.14816691225205,0.25471354295557574,6.554060314638797e-6
GSE278723,TMEM136,-1.41256617473872,0.37830061046889585,1.8847892989531882e-4
GSE278723,TMEM144,-1.231562237852348,0.22873061087964905,7.271296229721267e-8
GSE278723,TMEM147,1.1071249243617143,0.1343996408875362,1.7576016857223388e-16
GSE278723,TMEM151A,1.1076182156693166,0.10677015292374778,3.260938406595461e-25
GSE278723,TMEM160,1.4631722317804592,0.10353239764434015,2.3946848055735763e-45
GSE278723,TMEM161B,-1.1104255299758494,0.09348226318610921,1.5315904600655597e-32
GSE278723,TMEM165,-1.07252800176673,0.18154240078245218,3.465697655781669e-9
GSE278723,TMEM168,-1.10532356245052,0.1965702287671305,1.8761873046404338e-8
GSE278723,TMEM179,1.01855864285865,0.25927912384835744,8.550393796861036e-5
GSE278723,TMEM184B,1.06762025517889,0.23091303652804687,3.7736736510688517e-6
GSE278723,TMEM187,1.03221243413273,0.2845507897140769,2.861614690579939e-4
GSE278723,TMEM189-UBE2V1,3.340449525928765,0.4656999140362098,7.339022734601006e-13
GSE278723,TMEM198,1.1759133131060346,0.13305901815478496,9.785633434307554e-19
GSE278723,TMEM221,1.13442501806664,0.1982976735181744,1.0601203828460928e-8
GSE278723,TMEM256,1.1702005579876502,0.12845301050431887,8.241962177229216e-20
GSE278723,TMEM256-PLSCR3,1.14934840700974,0.2922227463761571,8.384882361304109e-5
GSE278723,TMEM259,1.11973390072387,0.1846839048555162,1.336264304146745e-9
GSE278723,TMEM39A,-1.0504219523424294,0.11825051811188929,6.506809662884477e-19
GSE278723,TMEM54,1.4581785776008476,0.13451510888841256,2.2184286900356795e-27
GSE278723,TMEM68,-1.2188396266706325,0.1319804641288059,2.5828527552192663e-20
GSE278723,TMEM88B,1.5942033951097268,0.22211572673494623,7.10730334055329e-13
GSE278723,TMEM94,1.1285398752160676,0.08893053712153537,6.707630376957351e-37
GSE278723,TMPRSS5,1.08545294119404,0.3725132201277302,0.003569851450300231
GSE278723,TMSB10,1.187335416103458,0.10091074579260355,5.829567526108548e-32
GSE278723,TMUB1,1.02733481952011,0.2551458962222009,5.6622796451817144e-5
GSE278723,TMX3,-1.01320013417448,0.18792146632533815,6.982737815821885e-8
GSE278723,TNC,1.32172309565244,0.2877692165687128,4.369257300423047e-6
GSE278723,TNFRSF13C,1.1461570813685875,0.16091266930041306,1.057165461885244e-12
GSE278723,TNFSF12,1.153793348520234,0.2076810899861622,2.766575964201805e-8
GSE278723,TNK2,1.04937682841289,0.1686142448949831,4.860731232019597e-10
GSE278723,TNS3,1.0326882077484,0.32103354230919035,0.0012964650923872015
GSE278723,TOMM7,1.0325426139828273,0.15965115983084044,9.964275244928942e-11
GSE278723,TOX2,1.1429499970246564,0.18805642611473913,1.219207708492811e-9
GSE278723,TP53I11,1.07499127860468,0.27798949401558865,1.1017283437838335e-4
GSE278723,TP53I13,1.114447090556926,0.11439555252574998,1.9949048144745952e-22
GSE278723,TRABD2A,-1.28406901244761,0.33120397668639506,1.0576390966541631e-4
GSE278723,TRADD,1.24108453226211,0.21574102415345925,8.785060523611298e-9
GSE278723,TRAF3,1.1903680740177853,0.14213781084695365,5.5343066790567945e-17
GSE278723,TRAF7,1.04180703696946,0.13717531475137412,3.084772504445608e-14
GSE278723,TRAK2,-1.01341997611039,0.3159536497429989,0.0013389605753339282
GSE278723,TRAPPC5,1.2264812824338573,0.24129674274507026,3.7176354980155463e-7
GSE278723,TRAPPC6B,-1.05223242098375,0.2009106672963365,1.629296149147748e-7
GSE278723,TRDMT1,-1.1063963280266318,0.13198786775979957,5.178842154002683e-17
GSE278723,TREM2,1.2219808162891,0.32546789504398665,1.7366312458826587e-4
GSE278723,TREX2,1.42061448654719,0.582298294056427,0.014700767358142781
GSE278723,TRIL,1.1933476838075054,0.24556370685982426,1.176079326759563e-6
GSE278723,TRIM34,1.38117235291995,0.46176967954534776,0.0027802755242620826
GSE278723,TRMT13,-1.1621926557935394,0.09652836600513835,2.1919970049874096e-33
GSE278723,TRMT61A,1.00568407094551,0.18802289045238996,8.857253232818084e-8
GSE278723,TRPC6,-1.0477229602567404,0.19531265361233424,8.124693842395442e-8
GSE278723,TSC22D4,1.1842872781975868,0.17115617433483413,4.537617228625479e-12
GSE278723,TSEN15,-1.3523753552421995,0.13698948637568267,5.499508151050959e-23
GSE278723,TSPAN33,1.0826600910300221,0.12474664731876742,3.997158716651948e-18
GSE278723,TSPAN4,1.1009877853573367,0.10093867520272062,1.0614443949539405e-27
GSE278723,TSPO,1.3046144424602149,0.13289331264996002,9.512689297198256e-23
GSE278723,TST,1.2689798917612698,0.15240323612851758,8.329362850509437e-17
GSE278723,TTC39A,1.17411697127944,0.4193356791015194,0.005111126396020492
GSE278723,TTC6,-1.44455846438613,0.6778869621308806,0.033091409009977334
GSE278723,TTC9B,1.11865598172959,0.2826954958145094,7.586334062326282e-5
GSE278723,TTYH1,1.114053403437953,0.15644336987304466,1.070466135519451e-12
GSE278723,TUBA1B,1.09681427808637,0.2304964012563845,1.9504882667302947e-6
GSE278723,TUBA8,1.13438532504296,0.2527844839911066,7.204381220874762e-6
GSE278723,TUBE1,-1.0561457129538,0.24325388336490394,1.413571733636141e-5
GSE278723,TVP23B,-1.064849000046956,0.12092486171807283,1.2983775265655795e-18
GSE278723,U2AF1,-1.0725368645120625,0.11332164860189069,2.9486622396968834e-21
GSE278723,UBA5,-1.15031097653045,0.19037831305699057,1.5199153683678464e-9
GSE278723,UBA52,1.1594397851574672,0.12548263636160176,2.468605450202721e-20
GSE278723,UBE2K,-1.1133588664251823,0.27610993097165165,5.523294126915408e-5
GSE278723,UBE2W,-1.01167296531184,0.24682479718885345,4.15388658843474e-5
GSE278723,UBE3A,-1.04636621745582,0.13869891755243288,4.552273082537479e-14
GSE278723,UBL5,1.2913297526848022,0.0890535124370775,1.2008785102851595e-47
GSE278723,UBTD1,1.0478951496580882,0.1667935065692176,3.329792433336535e-10
GSE278723,UFM1,-1.08802604023844,0.13735372803024676,2.3495813559814123e-15
GSE278723,UGCG,-1.06723555191512,0.1187523438155048,2.5391036478440645e-19
GSE278723,UGGT2,-1.0232748245107,0.17129807760651844,2.3200274290854776e-9
GSE278723,UGT8,-1.1164419840044162,0.22327439555142783,5.723715715476536e-7
GSE278723,UHRF1,1.26561012749344,0.4589435238169557,0.005821674234198184
GSE278723,ULK1,1.0452394734158157,0.09119086424769667,2.044781239529667e-30
GSE278723,UNC5A,1.078969004895429,0.1452522130508503,1.1004810301294431e-13
GSE278723,UNC93B1,1.05449572007781,0.21890517901537335,1.456344253692094e-6
GSE278723,UQCR11,1.11683959282737,0.15076099399375345,1.2820452481675007e-13
GSE278723,UQCRQ,1.1265624198176,0.1888356404666333,2.433849817313617e-9
GSE278723,USH1C,1.30640264278643,0.25069868365254977,1.8777779035711733e-7
GSE278723,USP12,-1.02117579748966,0.1861274707476318,4.1013212524598056e-8
GSE278723,VAMP4,-1.0924446204288398,0.0982648916821988,1.0330139671943746e-28
GSE278723,VAMP5,1.5108714247155401,0.12111866838988673,1.0309955575778205e-35
GSE278723,VASH2,-1.01695024611401,0.3809248036484798,0.007592183538737441
GSE278723,VASN,1.096294586389126,0.1072018215745456,1.509442125590681e-24
GSE278723,VCPKMT,-1.0048385962797,0.2072374701542256,1.2425423218489939e-6
GSE278723,VEGFB,1.023683717548918,0.19026025804095048,7.43044035982367e-8
GSE278723,VGF,1.0541907447920689,0.2496221475328921,2.409157685606292e-5
GSE278723,VGLL3,-1.1431707524321748,0.24204182418936396,2.323567681040842e-6
GSE278723,VIP,-1.5875486467655402,0.42073918620170414,1.6114310505969105e-4
GSE278723,VKORC1,1.02687964943085,0.17995837481592877,1.1552183107227122e-8
GSE278723,VN1R1,-1.0912040032850219,0.11253317770215791,3.113118975244443e-22
GSE278723,VPS26A,-1.2813054349476485,0.15777942393699892,4.628718772332298e-16
GSE278723,VPS37D,1.15593818371835,0.21110039582252504,4.356018987243621e-8
GSE278723,VPS50,-1.00251828611576,0.12786742953126645,4.494914922533275e-15
GSE278723,VPS51,1.0917688508244483,0.06217667589831124,5.063810460625077e-69
GSE278723,VWA3B,1.21558926398427,0.5202221002182148,0.019456160637457146
GSE278723,VWA7,1.23544941020758,0.3455949377822824,3.5043127660729876e-4
GSE278723,VWC2L,-1.32139565247821,0.3392352316164575,9.810988576847122e-5
GSE278723,WAS,1.38030282543566,0.4092914842309595,7.451070381227626e-4
GSE278723,WDR18,1.06761062831632,0.13640330439886464,5.0017462597810946e-15
GSE278723,WDR34,1.41860389785773,0.22423844745240645,2.5107887832207886e-10
GSE278723,WDR5B,-1.0829420949121313,0.1808997559360089,2.1450872376004564e-9
GSE278723,WDR83OS,1.00366913647309,0.15677053688629863,1.531999154154779e-10
GSE278723,WDR86,1.1872242657540661,0.24215811810267082,9.453691949930041e-7
GSE278723,WDR89,-1.15717188689349,0.19340443180085487,2.1883411989394687e-9
GSE278723,WFIKKN1,1.1324832223078418,0.18033840843517357,3.390803698459647e-10
GSE278723,WFIKKN2,1.5283911080080204,0.31571196844157473,1.2912669807184092e-6
GSE278723,WFS1,1.0124317265659,0.2280783755847631,9.039288126288695e-6
GSE278723,WNK4,1.09069980608602,0.3395775871358669,0.0013184600096399943
GSE278723,WNT7B,1.00463688602387,0.42423237580643136,0.017878313098457062
GSE278723,XIAP,-1.3453440323614532,0.16827421113581612,1.2962566103953865e-15
GSE278723,XKR9,-1.06028070012632,0.29538428235004455,3.3131791386621277e-4
GSE278723,YBX2,1.48283123553962,0.514407292922796,0.0039440604359967085
GSE278723,YIPF6,-1.318282120255778,0.24146342850293065,4.773377840573244e-8
GSE278723,YWHAZ,-1.13855817677721,0.30230137480487523,1.6568357541680185e-4
GSE278723,ZBTB22,1.5706252652971302,0.5724671174759111,0.006076808690699595
GSE278723,ZBTB43,-1.31520296757581,0.20592383494838323,1.6934660933809019e-10
GSE278723,ZDBF2,-1.1130467928804,0.3876027668617255,0.004083772505949487
GSE278723,ZDHHC1,1.24543525685367,0.22983197922689294,5.996867745817384e-8
GSE278723,ZDHHC12,1.3672543018578456,0.16171281334915016,2.7949490326851995e-17
GSE278723,ZDHHC20,-1.1174966136382765,0.13052368254083777,1.1127442989378535e-17
GSE278723,ZFAND1,-1.00645028893817,0.2159641510814951,3.1580172023810518e-6
GSE278723,ZFPM1,1.2860103637280689,0.12682954725699022,3.6832368903996056e-24
GSE278723,ZFYVE16,-1.0169785309698243,0.10497486144329699,3.396711718292738e-22
GSE278723,ZIC2,1.01519558340543,0.29251053332769983,5.192405774814337e-4
GSE278723,ZMYND15,1.146889471455547,0.15950743481858373,6.469911532076231e-13
GSE278723,ZNF124,-1.1494958167183755,0.09071459880133742,8.50028503240433e-37
GSE278723,ZNF138,-1.213257089802324,0.12378862162592168,1.1143361788965494e-22
GSE278723,ZNF141,-1.1623612048715,0.22660478479116936,2.905675194335635e-7
GSE278723,ZNF24,-1.0632140456772743,0.2077928923332381,3.10926349908748e-7
GSE278723,ZNF260,-1.36639414392424,0.23768278044691862,8.987150925607629e-9
GSE278723,ZNF283,-1.00808953725121,0.20402619820171686,7.77305453281872e-7
GSE278723,ZNF302,-1.13978082750421,0.2486173141683404,4.551200716853502e-6
GSE278723,ZNF322,-1.278972925244181,0.20493831008998345,4.354211757385131e-10
GSE278723,ZNF326,-1.0977083773626164,0.1239313130517286,8.190717511746113e-19
GSE278723,ZNF33A,-1.02469578778927,0.18756433393835484,4.677070694574013e-8
GSE278723,ZNF33B,-1.56160372210374,0.38895249017198064,5.947206146679626e-5
GSE278723,ZNF347,-1.41273684260292,0.3062639576477991,3.972651849137177e-6
GSE278723,ZNF358,1.1402745948079764,0.32765562258220815,5.012251609230996e-4
GSE278723,ZNF382,-1.21591608726245,0.2952656234848364,3.8210591803085725e-5
GSE278723,ZNF383,-1.08093102471923,0.19471107024103804,2.8329098948779494e-8
GSE278723,ZNF414,1.13038730784229,0.1982123245036211,1.177782690660137e-8
GSE278723,ZNF423,1.2238021498265155,0.13774077308058885,6.402361575774775e-19
GSE278723,ZNF461,-1.01841947505264,0.16757387941131524,1.2211963265952329e-9
GSE278723,ZNF467,1.1164907665718256,0.17761284094918664,3.255557871915106e-10
GSE278723,ZNF48,-1.06145992518091,0.26235282675218574,5.2116863510186756e-5
GSE278723,ZNF480,-1.26566733100743,0.32122435764761437,8.143577200410245e-5
GSE278723,ZNF497,3.5968781191755497,1.1680133436964173,0.0020735967763392854
GSE278723,ZNF506,-1.01037328550107,0.14783071748852125,8.219744381020584e-12
GSE278723,ZNF519,-1.23730741392055,0.33625103978578186,2.3349634169336737e-4
GSE278723,ZNF526,1.06021936775614,0.32416557326854506,0.001073155599809042
GSE278723,ZNF527,-1.03813829030645,0.23806453467989697,1.2962144822040635e-5
GSE278723,ZNF540,-1.114462662897971,0.1259104380151903,8.655739786239184e-19
GSE278723,ZNF559,-1.1037711558953867,0.21429782758768023,2.5959781641165424e-7
GSE278723,ZNF569,-1.02025767553749,0.15389347118043664,3.365159766934956e-11
GSE278723,ZNF570,-1.15123962879354,0.33787587391932095,6.56124125009171e-4
GSE278723,ZNF574,1.0057933951332003,0.16352898336722296,7.721409626058822e-10
GSE278723,ZNF575,1.3427949962723,0.27071206354790167,7.040856195235685e-7
GSE278723,ZNF579,1.1041123867255878,0.14910164767647538,1.3105316394580896e-13
GSE278723,ZNF644,-1.0642708974836759,0.11734234041666432,1.1924184595906935e-19
GSE278723,ZNF654,-1.0260334282185835,0.07688788899012423,1.274567144036545e-40
GSE278723,ZNF660,-1.14748896684246,0.20267418987642105,1.4984402533164944e-8
GSE278723,ZNF672,1.22029038631225,0.4940494797675447,0.01351220954309922
GSE278723,ZNF678,-1.03212353468616,0.41322763859991135,0.012499778195798731
GSE278723,ZNF696,-1.126187893844,0.34903227415550936,0.0012527000030615732
GSE278723,ZNF703,1.1026740695079904,0.11880533510018891,1.6734233862531255e-20
GSE278723,ZNF708,-1.04866139752422,0.1504892424457136,3.2068440935760657e-12
GSE278723,ZNF709,-1.095447064889524,0.2769287835459632,7.631101843341617e-5
GSE278723,ZNF714,-1.0686542124838123,0.18256664179945667,4.8132831177304385e-9
GSE278723,ZNF738,-1.06301111815191,0.23828613366299897,8.155145124920914e-6
GSE278723,ZNF761,-1.16064745151863,0.41378324611389733,0.005032207069411904
GSE278723,ZNF773,-1.03642360700387,0.1618654949226557,1.5236032862584908e-10
GSE278723,ZNF780B,-1.02310797972605,0.3228396635597148,0.0015291698629857485
GSE278723,ZNF781,-1.0890740391931368,0.13107538199849555,9.670636769721025e-17
GSE278723,ZNF784,1.0833012034801803,0.17083989735698274,2.2823158018238917e-10
GSE278723,ZNF865,1.1803875459999436,0.0974464151838753,8.992064022194624e-34
GSE278723,ZNF891,-1.1954582738654937,0.08556792609116391,2.3474525794870154e-44
GSE278723,ZNHIT2,1.2032784800706837,0.16776525195646141,7.369749505616209e-13
GSE278723,ZWILCH,-1.0448267822432047,0.18148135759282372,8.551412000268174e-9
