SYMBOL,k,meta_logFC,meta_se,meta_z,meta_p,ci_lb,ci_ub,tau2,I2,meta_FDR,stouffer_Z,stouffer_P,stouffer_FDR,stouffer_Dir,mv_P,mv_FDR,max_loo_p,min_loo_p,k_studies,direction,ci_95,pass_k,pass_k4,pass_dl,pass_stou,pass_mv,pass_i2,pass_loo,consensus
SMIM14,3,-0.6515407149569473,0.05643680512602965,-11.54460663572264,7.860023926045853e-31,-0.762154820406471,-0.5409266095074237,0,0,1.63016896226191e-27,-8.124861004538227,4.478753629761256e-16,3.166812795957386e-15,down,6.98239559720773e-29,1.7037045257186864e-27,2.9989085192615285e-5,1.4332651519071858e-29,3,down,"[-0.762, -0.541]",TRUE,FALSE,TRUE,TRUE,TRUE,TRUE,TRUE,TRUE
CHML,4,-0.7544407569081075,0.0678200956191379,-11.124147644156588,9.571632769089795e-29,-0.8873657017496805,-0.6215158120665345,0,0,8.404890223570848e-26,-9.558499382747916,1.194764360327026e-21,6.0941222130887475e-19,down,5.603133324454884e-26,9.008448461177851e-25,1.993715157269153e-11,1.9033629655030192e-27,4,down,"[-0.887, -0.622]",TRUE,TRUE,TRUE,TRUE,TRUE,TRUE,TRUE,TRUE
PPP1R2,3,-0.6061607305910586,0.05459530551441496,-11.102799496762817,1.2157507555791968e-28,-0.7131655631242729,-0.4991558980578442,0,0,8.404890223570848e-26,-10.924730880023573,8.78002859941962e-28,6.4937091521307505e-24,down,4.5935454531001865e-27,8.821308583083136e-26,8.806136226703023e-13,6.791121788536699e-23,3,down,"[-0.713, -0.499]",TRUE,FALSE,TRUE,TRUE,TRUE,TRUE,TRUE,TRUE
UBLCP1,5,-0.654773004876338,0.06081952468850477,-10.765835613314056,4.9906737756269804e-27,-0.773977082822652,-0.5355689269300241,0,0,2.5876643526625888e-24,-10.11265157775772,4.8552104513768536e-24,1.0259753285252346e-20,down,1.8992314399255778e-24,2.4618787540035303e-23,1.3528101545144537e-15,2.7583128928852104e-21,5,down,"[-0.774, -0.536]",TRUE,TRUE,TRUE,TRUE,TRUE,TRUE,TRUE,TRUE
DYNC2LI1,4,-0.6288059400696807,0.05874755758455527,-10.703524808918928,9.797874669918425e-27,-0.743949037115102,-0.5136628430242595,0,0,4.064158413082163e-24,-10.140250870939695,3.6615802660746014e-24,9.027015882629252e-21,down,2.4060019825909837e-24,3.0163875778450455e-23,4.0629883974625565e-14,8.658732846842929e-25,4,down,"[-0.744, -0.514]",TRUE,TRUE,TRUE,TRUE,TRUE,TRUE,TRUE,TRUE
MAK16,3,-0.6634049424881725,0.06229907494673541,-10.648712570056164,1.7679312919216346e-26,-0.7855088856539355,-0.5413009993224095,0,0,6.1111491657424504e-24,-7.921085583350205,2.3544580541933558e-15,1.5011699800701778e-14,down,1.3276606992467191e-24,1.788031357297205e-23,7.145814592595935e-5,2.5259477994113e-24,3,down,"[-0.786, -0.541]",TRUE,FALSE,TRUE,TRUE,TRUE,TRUE,TRUE,TRUE
VPS4B,3,-0.4788566152510774,0.04630430104858622,-10.341514814112458,4.572517696937766e-25,-0.5696113776356067,-0.3881018528665482,0,0,1.354771671921275e-22,-8.00437617980488,1.2007380508189834e-15,7.964716254580451e-15,down,5.486431013338503e-23,5.858217763639043e-22,6.0411055236189295e-5,1.023418272171646e-23,3,down,"[-0.570, -0.388]",TRUE,FALSE,TRUE,TRUE,TRUE,TRUE,TRUE,TRUE
TTC19,3,-0.453360856669353,0.04402566515882106,-10.2976492242393,7.2204185499662895e-25,-0.5396495747760621,-0.3670721385626438,0,0,1.8718935090787605e-22,-10.080310698870536,6.751230198596042e-24,1.2483024637204082e-20,down,2.987399394459256e-23,3.313297510218448e-22,1.2381856888570316e-13,2.1174452505385783e-21,3,down,"[-0.540, -0.367]",TRUE,FALSE,TRUE,TRUE,TRUE,TRUE,TRUE,TRUE
LRP4,4,0.6561353236019631,0.0640105613398003,10.250422896916437,1.1782688195627631e-24,0.5306769287457627,0.7815937184581636,0,0,2.6005534687540214e-22,9.567430553351896,1.0959548180115183e-21,6.004208765935695e-19,up,2.922972059915499e-22,2.886782882030831e-21,9.149686722154544e-11,7.681401477805776e-23,4,up,"[0.531, 0.782]",TRUE,TRUE,TRUE,TRUE,TRUE,TRUE,TRUE,TRUE
CD37,3,0.8183069918393246,0.07987839607422309,10.244409402999942,1.2538830611157288e-24,0.6617482123910218,0.9748657712876276,0,0,2.6005534687540214e-22,9.426577152431337,4.236895647788122e-21,1.5285892785873635e-18,up,5.022639583611036e-23,5.453902877701197e-22,7.490855034402307e-9,3.5669533463861204e-20,3,up,"[0.662, 0.975]",TRUE,FALSE,TRUE,TRUE,TRUE,TRUE,TRUE,TRUE
NDUFA9,3,-0.3905503929051297,0.03829096903029861,-10.199543202891984,1.9920721182290175e-24,-0.4655993131376536,-0.31550147267260586,0,0,3.755961430188166e-22,-9.80657085121116,1.0549265245939304e-22,9.374299174690876e-20,down,9.014149268592864e-23,9.255121575773068e-22,2.999163858684647e-12,6.885535375571393e-22,3,down,"[-0.466, -0.316]",TRUE,FALSE,TRUE,TRUE,TRUE,TRUE,TRUE,TRUE
SMOX,3,0.8235541652056204,0.08310399476656448,9.909922712126516,3.769376486990967e-23,0.660673328491749,0.9864350019194918,0,0,6.5147390283493886e-21,7.370270372064183,1.7028233288235704e-13,8.201941608582955e-13,up,3.497819131038117e-21,2.913444529226126e-20,0.0013363383371961,3.4674944292690697e-22,3,up,"[0.661, 0.986]",TRUE,FALSE,TRUE,TRUE,TRUE,TRUE,TRUE,TRUE
GSTA4,4,-0.5640541535697714,0.05699761365087673,-9.896101212670596,4.3282038852271644e-23,-0.6757674235302183,-0.4523408836093245,0,0,6.905149890739339e-21,-9.704231060085055,2.8924901567013513e-22,2.1392857198963194e-19,down,6.338121424068063e-21,4.960476918308362e-20,1.542569915984735e-14,8.61964891766931e-21,4,down,"[-0.676, -0.452]",TRUE,TRUE,TRUE,TRUE,TRUE,TRUE,TRUE,TRUE
EMP3,4,0.6956985571457798,0.07075108870063972,9.83304384317537,8.112887698812636e-23,0.5570289714255272,0.8343681428660323,0,0,1.1535212524362458e-20,8.88770525158349,6.238390771100614e-19,7.209240334853148e-17,up,1.3420467724457421e-20,9.940732164473106e-20,2.048874858289346e-9,1.0493342538530814e-21,4,up,"[0.557, 0.834]",TRUE,TRUE,TRUE,TRUE,TRUE,TRUE,TRUE,TRUE
ARHGEF40,4,0.5164980373761983,0.05254180123687259,9.830230886978656,8.342728440956453e-23,0.4135179992690659,0.6194780754833306,0,0,1.1535212524362458e-20,8.838128522907525,9.73352686970745e-19,9.929539962531906e-17,up,1.8107716976115302e-20,1.3085506971589939e-19,5.4792547261031855e-9,8.499967714455531e-22,4,up,"[0.414, 0.619]",TRUE,TRUE,TRUE,TRUE,TRUE,TRUE,TRUE,TRUE
STAU2,3,-0.5137338152175454,0.05241216356511241,-9.801805158822075,1.1059130975643516e-22,-0.6164597681569881,-0.4110078622781026,0,0,1.4335398527177907e-20,-8.654595279280663,4.946638014046042e-18,3.791226399159019e-16,down,4.2050186014633164e-21,3.433546684816897e-20,3.692338089581298e-7,6.493493224091675e-22,3,down,"[-0.616, -0.411]",TRUE,FALSE,TRUE,TRUE,TRUE,TRUE,TRUE,TRUE
ID3,4,0.7465833430528129,0.07642136699740588,9.769301078822048,1.5250045004277058e-22,0.5968002160885795,0.8963664700170464,0,0,1.8605054905218012e-20,8.249523311290332,1.5902758658588875e-16,1.6219673066919e-15,up,4.057739161184802e-20,2.8431591284788112e-19,5.966723730746905e-7,8.492807056271542e-22,4,up,"[0.597, 0.896]",TRUE,TRUE,TRUE,TRUE,TRUE,TRUE,TRUE,TRUE
EHMT1,3,0.4230622078167296,0.04340165326042847,9.747605817644214,1.8886992616952648e-22,0.33799653055679435,0.5081278850766648,0,0,2.1762012604199892e-20,9.449662323149212,3.3992552111712766e-21,1.3232048179906715e-18,up,6.180234189295222e-21,4.8736903834974495e-20,6.517189775031019e-12,3.734469812799033e-17,3,up,"[0.338, 0.508]",TRUE,FALSE,TRUE,TRUE,TRUE,TRUE,TRUE,TRUE
FAM162A,3,-0.5497738225022545,0.05664276196807946,-9.705985432208882,2.843154817784226e-22,-0.6607915959445653,-0.4387560490599437,0.0013769331076282,13.631785235223294,3.1035279432023606e-20,-10.610852279685998,2.653177689565769e-26,1.308193479468562e-22,down,9.85625218582938e-25,1.3479909903351308e-23,1.5712459121902072e-7,7.157498153085437e-20,3,down,"[-0.661, -0.439]",TRUE,FALSE,TRUE,TRUE,TRUE,TRUE,TRUE,TRUE
HSPB1,4,0.9528414575370784,0.09960863707008508,9.56585177314147,1.1128131659095339e-21,0.7576121163305903,1.1480707987435663,0,0,1.153987253048187e-19,8.543599508272205,1.30104383134883e-17,8.630062938704885e-16,up,2.3833750684590856e-19,1.5360217036853547e-18,2.981812193815676e-7,2.8146881065895687e-20,4,up,"[0.758, 1.148]",TRUE,TRUE,TRUE,TRUE,TRUE,TRUE,TRUE,TRUE
SEH1L,4,-0.5214665838937784,0.05484922489447563,-9.507273528423193,1.957250338352928e-21,-0.6289690892668884,-0.41396407852066847,3.623821497995835e-5,0.27407434935685954,1.9330177151161777e-19,-9.036155075611934,1.6227940811245624e-19,2.5811150589241425e-17,down,1.227150109391058e-19,8.131339702482599e-19,1.0180190707986846e-10,2.002753844872712e-20,4,down,"[-0.629, -0.414]",TRUE,TRUE,TRUE,TRUE,TRUE,TRUE,TRUE,TRUE
CREBBP,3,0.3778928878969771,0.03989657378285461,9.471813042236098,2.7502793560045108e-21,0.29969704017603715,0.4560887356179171,0,0,2.5927633565242517e-19,9.569825980086344,1.0708576455127751e-21,6.004208765935695e-19,up,4.8015400716515843e-20,3.3194647028684615e-19,1.1131293846731158e-7,2.034094407865853e-15,3,up,"[0.300, 0.456]",TRUE,FALSE,TRUE,TRUE,TRUE,TRUE,TRUE,TRUE
ZNF365,4,-0.5964243230104493,0.06300570142281453,-9.466196067051204,2.9022035724114224e-21,-0.7199132286198499,-0.4729354174010488,0,0,2.6170305257309957e-19,-8.396337335724816,4.6062109548380046e-17,1.6219673066919e-15,down,6.768544932126727e-19,3.9767598269775736e-18,1.9640832811191946e-7,2.5293248385968606e-20,4,down,"[-0.720, -0.473]",TRUE,TRUE,TRUE,TRUE,TRUE,TRUE,TRUE,TRUE
ZNF449,4,-0.6167324672020762,0.06537029016525989,-9.434445917907672,3.9306615823656944e-21,-0.7448558815849184,-0.48860905281923395,0,0,3.3967467174276876e-19,-9.26275979053842,1.992151816630726e-20,5.237958060705058e-18,down,2.693707531075915e-19,1.7137268157826527e-18,1.7465133040914515e-11,7.0473662682040615e-19,4,down,"[-0.745, -0.489]",TRUE,TRUE,TRUE,TRUE,TRUE,TRUE,TRUE,TRUE
SLFN5,3,-0.7383848873659303,0.07846505806731892,-9.410365652599593,4.9441390804840924e-21,-0.8921735752227195,-0.5845961995091412,0,0,4.101657781169603e-19,-7.672690507107155,1.684255378950745e-14,9.549063076059573e-14,down,4.2422616814550603e-19,2.5877796256875862e-18,3.4676760445237807e-4,5.653178025698313e-20,3,down,"[-0.892, -0.585]",TRUE,FALSE,TRUE,TRUE,TRUE,TRUE,TRUE,TRUE
SLC30A9,4,-0.4310199162677376,0.04584546834651441,-9.401581700724574,5.374891202590037e-21,-0.5208753830812769,-0.3411644494541983,0,0,4.2875093669891296e-19,-8.474410199021513,2.3627351157753263e-17,1.3924134594640886e-15,down,6.002715250037788e-19,3.5672296356958085e-18,1.6236519924549724e-8,8.480877971469316e-17,4,down,"[-0.521, -0.341]",TRUE,TRUE,TRUE,TRUE,TRUE,TRUE,TRUE,TRUE
BCL6,4,0.5531760374335586,0.05896994314519749,9.38064389974928,6.5571050762401616e-21,0.4375970726985969,0.6687550021685202,0,0,5.036828121526703e-19,8.677474830661328,4.0465273124210876e-18,3.2180769895340184e-16,up,1.4829284141067034e-18,8.380363844297827e-18,2.6818483129453254e-9,6.878859041113154e-20,4,up,"[0.438, 0.669]",TRUE,TRUE,TRUE,TRUE,TRUE,TRUE,TRUE,TRUE
PLRG1,3,-0.4512046188602164,0.0481793568953932,-9.365102565396832,7.597646422788559e-21,-0.5456344231734885,-0.35677481454694426,0,0,5.627685243165524e-19,-7.652311408930235,1.9739848847955033e-14,1.1051924457189659e-13,down,4.88497981932659e-19,2.9451884143265546e-18,5.310084553436585e-4,1.0720756281972619e-19,3,down,"[-0.546, -0.357]",TRUE,FALSE,TRUE,TRUE,TRUE,TRUE,TRUE,TRUE
PLCB3,3,0.5594581358467745,0.05976638316904466,9.36074940764593,7.917311564220303e-21,0.4423181773492261,0.6765980943443228,0,0,5.662242822135486e-19,8.860257711246216,7.982968025045314e-19,8.627831579456431e-17,up,2.442043722552466e-19,1.5680491271126359e-18,1.0739136193241041e-8,9.47535807803808e-16,3,up,"[0.442, 0.677]",TRUE,FALSE,TRUE,TRUE,TRUE,TRUE,TRUE,TRUE
ZBTB20,4,0.5460430683082046,0.05842718574372782,9.345702028217618,9.128187815047147e-21,0.431527888532466,0.6605582480839431,0,0,6.3106205094692615e-19,8.456877564028007,2.746320022341514e-17,1.5930810106068897e-15,up,2.491625402169175e-18,1.3599029168681235e-17,6.564928353140579e-9,1.076413845667205e-19,4,up,"[0.432, 0.661]",TRUE,TRUE,TRUE,TRUE,TRUE,TRUE,TRUE,TRUE
AIFM3,3,0.9313756242310272,0.100395730417446,9.277044156742146,1.7424526577751574e-20,0.7346036084112407,1.128147640050814,0,0,1.1657570362018311e-18,8.031559841625729,9.624111094610145e-16,6.4945187642095455e-15,up,1.2145847385063425e-18,6.939528230474255e-18,5.447797665809365e-5,6.650838701524975e-19,3,up,"[0.735, 1.128]",TRUE,FALSE,TRUE,TRUE,TRUE,TRUE,TRUE,TRUE
LMBRD2,4,-0.550565687716253,0.05940645214167595,-9.26777593792728,1.9006766670271322e-20,-0.6670001943632402,-0.4341311810692658,0,0,1.2318760648169602e-18,-8.690119046427345,3.62059895213667e-18,2.958889486188155e-16,down,3.3431482618739624e-18,1.7778691013145118e-17,1.6594311730652705e-11,2.1098423677270492e-19,4,down,"[-0.667, -0.434]",TRUE,TRUE,TRUE,TRUE,TRUE,TRUE,TRUE,TRUE
PRELP,4,0.761820511754901,0.08226875948085077,9.260143419717243,2.0415779818657568e-20,0.6005767061196453,0.9230643173901566,0,0,1.2831008286029027e-18,8.841650133535058,9.431516286937636e-19,9.68826311919316e-17,up,3.8455267141098145e-18,1.998902858411969e-17,7.178371178820047e-12,6.735059906933256e-19,4,up,"[0.601, 0.923]",TRUE,TRUE,TRUE,TRUE,TRUE,TRUE,TRUE,TRUE
ACTR10,3,-0.5308106649991141,0.05797103259277981,-9.156481112348269,5.361717748939279e-20,-0.6444318010275601,-0.4171895289706681,0,0,3.2706478268529598e-18,-8.969055523579277,2.9906778193454888e-19,4.213152981310331e-17,down,1.4094241131773083e-18,7.98673664133808e-18,7.459935278085577e-12,1.0312939637739361e-13,3,down,"[-0.644, -0.417]",TRUE,FALSE,TRUE,TRUE,TRUE,TRUE,TRUE,TRUE
GPS2,3,0.3653698136979471,0.03994779476930116,9.146182306381634,5.898111287245989e-20,0.2870735746883193,0.44366605270757487,0,0,3.417069929433504e-18,9.209408017743163,3.2792842111930814e-20,7.030024935067835e-18,up,1.2726227197242458e-18,7.25115252941782e-18,7.050492758191533e-13,1.70547510211611e-14,3,up,"[0.287, 0.444]",TRUE,FALSE,TRUE,TRUE,TRUE,TRUE,TRUE,TRUE
AGL,4,-0.43510388059506455,0.04757533697184344,-9.145576432860002,5.931268922835398e-20,-0.5283498276122346,-0.3418579335778945,0,0,3.417069929433504e-18,-8.372912441554222,5.621137196988301e-17,1.6219673066919e-15,down,1.4723264060907114e-17,7.052205464739342e-17,1.637560455742809e-9,8.686914996743508e-19,4,down,"[-0.528, -0.342]",TRUE,TRUE,TRUE,TRUE,TRUE,TRUE,TRUE,TRUE
BCAS2,3,-0.49046182823498935,0.05371933226329846,-9.13008050492983,6.844837548973856e-20,-0.5957497847445948,-0.3851738717253838,0,0,3.836808939613994e-18,-9.028203703063737,1.745127466117481e-19,2.661229430805131e-17,down,1.5409173242318839e-18,8.660874066278935e-18,4.5431883949706605e-11,7.270935461672707e-16,3,down,"[-0.596, -0.385]",TRUE,FALSE,TRUE,TRUE,TRUE,TRUE,TRUE,TRUE
PEX6,3,0.5499381724077895,0.06033205598059246,9.11519031581972,7.853251576672215e-20,0.4316895155725739,0.6681868292430051,0,0,4.286222044741625e-18,8.027007238951605,9.987919345932906e-16,6.721624338718814e-15,up,3.4592349766338586e-18,1.834898552823177e-17,3.9262605309826986e-5,5.547445216757867e-19,3,up,"[0.432, 0.668]",TRUE,FALSE,TRUE,TRUE,TRUE,TRUE,TRUE,TRUE
DLG5,3,0.46898124323985585,0.05148154497251896,9.109696367702249,8.261284960265598e-20,0.3680792692252396,0.5698832172544721,0,0,4.393308976305345e-18,8.559251124875567,1.1360302038037012e-17,7.708329713148785e-16,up,3.1876350527128637e-18,1.7039059534346595e-17,1.5061286737734377e-8,1.5865270264362263e-18,3,up,"[0.368, 0.570]",TRUE,FALSE,TRUE,TRUE,TRUE,TRUE,TRUE,TRUE
DDHD2,3,-0.4921348470598093,0.05418850164208054,-9.081905425442468,1.0669045699397852e-19,-0.5983423586544767,-0.3859273354651419,0,0,5.531900195137786e-18,-7.571134452701986,3.6997887601958415e-14,1.988636458605265e-13,down,7.15492765049536e-18,3.558589915378268e-17,5.266358192261372e-4,1.86343725732706e-18,3,down,"[-0.598, -0.386]",TRUE,FALSE,TRUE,TRUE,TRUE,TRUE,TRUE,TRUE
PPEF1,3,-1.3872613708606882,0.153118883362232,-9.0600280017642,1.3041707168681393e-19,-1.6873688676036522,-1.0871538741177242,0,0,6.597195284840294e-18,-8.141537420809454,3.902898719416375e-16,2.7782328131668443e-15,down,4.2347603381591256e-18,2.1793779010774254e-17,1.4855994339459736e-5,8.344936131346396e-19,3,down,"[-1.687, -1.087]",TRUE,FALSE,TRUE,TRUE,TRUE,TRUE,TRUE,TRUE
SUB1,4,-0.5795823467971398,0.06416886136784533,-9.032143230260983,1.6834189593301668e-19,-0.7053510040070603,-0.45381368958721935,0,0,8.312883146787537e-18,-8.605970327234182,7.56738412619872e-18,5.407572270276882e-16,down,3.8810981519722327e-17,1.7536813871874535e-16,4.458454979368447e-12,5.0401736649470106e-18,4,down,"[-0.705, -0.454]",TRUE,TRUE,TRUE,TRUE,TRUE,TRUE,TRUE,TRUE
MYH9,3,0.4992894843815808,0.05538881330326365,9.014265780490398,1.9819358264535904e-19,0.39072940516077104,0.6078495636023906,0,0,9.55938349782499e-18,8.04594169409177,8.558473491664896e-16,5.817874075767792e-15,up,6.156232528894137e-18,3.0840643151996226e-17,2.589252026500973e-5,4.6261979167591366e-17,3,up,"[0.391, 0.608]",TRUE,FALSE,TRUE,TRUE,TRUE,TRUE,TRUE,TRUE
NDFIP1,3,-0.6441321573193991,0.07155565523120751,-9.001834379660243,2.2197724297153465e-19,-0.7843786644627309,-0.5038856501760673,0,0,1.0310736409532755e-17,-8.800323515068861,1.3642230070588558e-18,1.3019088206719094e-16,down,8.345189633485119e-18,4.1209341190114614e-17,9.067728414172732e-11,9.909924823645559e-17,3,down,"[-0.784, -0.504]",TRUE,FALSE,TRUE,TRUE,TRUE,TRUE,TRUE,TRUE
ZNF711,3,-0.5620505735520414,0.06244327265843035,-9.000978802416435,2.2371414581917737e-19,-0.6844371390393795,-0.4396640080647032,0,0,1.0310736409532755e-17,-7.836908895893837,4.617728319811749e-15,2.8190440489746342e-14,down,1.2700999649095488e-17,6.140296800052224e-17,1.907300095189977e-4,3.904722583047225e-18,3,down,"[-0.684, -0.440]",TRUE,FALSE,TRUE,TRUE,TRUE,TRUE,TRUE,TRUE
IFT140,3,0.4029140718960363,0.0449355111749281,8.96649579277165,3.0609762214447346e-19,0.3148420883662801,0.4909860554257925,0,0,1.3801010181035606e-17,8.726020089231437,2.637918453210154e-18,2.2498001501294004e-16,up,5.8238383866942976e-18,2.953212912959407e-17,6.606387361667202e-6,2.801025821622778e-15,3,up,"[0.315, 0.491]",TRUE,FALSE,TRUE,TRUE,TRUE,TRUE,TRUE,TRUE
ZNF592,4,0.35381346126530044,0.03954768170915493,8.946503207630395,3.669212966205609e-19,0.2763014294433033,0.4313254930872976,0,0,1.6191378067894534e-17,8.582176979631093,9.309426256752511e-18,6.495520433485055e-16,up,5.1583513091504356e-17,2.2908823587104933e-16,7.160646655941309e-12,9.544060465195611e-18,4,up,"[0.276, 0.431]",TRUE,TRUE,TRUE,TRUE,TRUE,TRUE,TRUE,TRUE
SIPA1,3,0.689208416559861,0.07709336107143662,8.939919170487629,3.894551301800553e-19,0.538108205412703,0.840308627707019,0,0,1.6827707083196556e-17,8.355769469479238,6.500755447945697e-17,1.6219673066919e-15,up,1.5250228855157935e-17,7.287782176404967e-17,1.794315031469337e-7,1.3914354910881902e-17,3,up,"[0.538, 0.840]",TRUE,FALSE,TRUE,TRUE,TRUE,TRUE,TRUE,TRUE
RWDD2B,4,-0.5917918240572406,0.06631564151642344,-8.923864875991285,4.502931556371837e-19,-0.7217680930410997,-0.4618155550733815,6.093965308749552e-4,3.146900010059956,1.8995855922342695e-17,-9.094071404162726,9.539816729642374e-20,1.7421354205539505e-17,down,3.806279438680616e-18,1.9884694095273542e-17,1.8718075008224144e-9,3.4009593303830477e-15,4,down,"[-0.722, -0.462]",TRUE,TRUE,TRUE,TRUE,TRUE,TRUE,TRUE,TRUE
FARSB,4,-0.5536710980310886,0.06205685352434819,-8.921997597152652,4.579521678481846e-19,-0.6753002959326886,-0.4320419001294886,0,0,1.8995855922342695e-17,-8.749899358885315,2.1354310549480464e-18,1.8914548601671554e-16,down,7.428533538287773e-17,3.250375223293004e-16,1.6646324859390276e-12,9.979599022215336e-17,4,down,"[-0.675, -0.432]",TRUE,TRUE,TRUE,TRUE,TRUE,TRUE,TRUE,TRUE
NT5DC2,4,0.5835819674995222,0.06591382237985287,8.853711504339932,8.465603329503611e-19,0.4543932495516404,0.712770685447404,9.84920667218357e-4,5.310264074778316,3.4426786873314684e-17,8.963541580582415,3.1441395312977365e-19,4.3875577308449164e-17,up,2.458747371573839e-18,1.3454992212781375e-17,6.059630794949538e-11,5.295500968384225e-16,4,up,"[0.454, 0.713]",TRUE,TRUE,TRUE,TRUE,TRUE,TRUE,TRUE,TRUE
MSH2,3,-0.484639886200393,0.05481140338870576,-8.841953612526114,9.405927541170742e-19,-0.592068262784353,-0.377211509616433,0.00182412759414783,17.98074910527452,3.751518023151561e-17,-8.926713647720389,4.388515006161782e-19,5.689216664557311e-17,down,1.3617609619340184e-24,1.798912251624939e-23,4.4255564854008286e-8,4.034881657669443e-21,3,down,"[-0.592, -0.377]",TRUE,FALSE,TRUE,TRUE,TRUE,TRUE,TRUE,TRUE
TAC1,3,-1.5215625050377033,0.1728211727471451,-8.804259807123886,1.3171895297972787e-18,-1.8602857793880827,-1.182839230687324,0,0,5.1544360090557657e-17,-8.645600650555053,5.352299631188287e-18,4.060062366386521e-16,down,5.046598757529991e-17,2.2460613354328755e-16,1.9352289538601184e-10,1.1074995841363813e-15,3,down,"[-1.860, -1.183]",TRUE,FALSE,TRUE,TRUE,TRUE,TRUE,TRUE,TRUE
LYRM9,3,-0.935946399191687,0.10649503640363356,-8.78863870842109,1.5138304773756383e-18,-1.1446728350750908,-0.7272199633082832,0,0,5.814230389031618e-17,-8.61813398894927,6.805401991241112e-18,4.958891933716184e-16,down,2.8426928058905467e-17,1.3130834920750544e-16,3.0024723882730483e-9,1.523990335887579e-12,3,down,"[-1.145, -0.727]",TRUE,FALSE,TRUE,TRUE,TRUE,TRUE,TRUE,TRUE
AXIN1,4,0.449778373620147,0.05143139109305741,8.745211126145515,2.2259902584060275e-18,0.34897469940296033,0.5505820478373337,0,0,8.394006901698365e-17,8.420325357393013,3.75440193632073e-17,1.6219673066919e-15,up,3.308916971390955e-16,1.348269901505863e-15,1.2705050917163328e-10,9.40039529838666e-17,4,up,"[0.349, 0.551]",TRUE,TRUE,TRUE,TRUE,TRUE,TRUE,TRUE,TRUE
MRPS23,3,-0.4003006702205472,0.04579428671336501,-8.74127973050664,2.3048454445681636e-18,-0.4900558228764438,-0.31054551756465065,0,0,8.536159735775661e-17,-8.558373194209256,1.1447129434062519e-17,7.731778017746704e-16,down,7.446861341284499e-17,3.251534825647168e-16,1.5481961485047167e-9,1.1919595033469085e-15,3,down,"[-0.490, -0.311]",TRUE,FALSE,TRUE,TRUE,TRUE,TRUE,TRUE,TRUE
BOC,3,0.4863486399979503,0.05586510766856108,8.70576752278686,3.1543280662171293e-18,0.3768550409751182,0.5958422390207824,0,0,1.1477327033919872e-16,7.509708977086132,5.925895096484977e-14,3.0865852178395063e-13,up,1.4402162094416454e-16,6.108401673582767e-16,0.00287953160265439,2.4944386375865673e-17,3,up,"[0.377, 0.596]",TRUE,FALSE,TRUE,TRUE,TRUE,TRUE,TRUE,TRUE
MXD4,4,0.5481985035582301,0.06335242248430611,8.653157717749968,5.009372151385587e-18,0.4240300371556246,0.6723669699608356,0,0,1.7912823865471915e-16,8.50849126991815,1.76211164780128e-17,1.0951746005998545e-15,up,2.6695145871320335e-16,1.098526439228539e-15,4.5664417354936827e-10,9.1310811667826e-15,4,up,"[0.424, 0.672]",TRUE,TRUE,TRUE,TRUE,TRUE,TRUE,TRUE,TRUE
PCYOX1L,3,-0.9058120008720608,0.10480436640642037,-8.642884184418582,5.4811473616792006e-18,-1.111224784451184,-0.7003992172929373,0,0,1.9267626488343494e-16,-8.433661159679087,3.350157952613168e-17,1.6219673066919e-15,down,2.0002625175508651e-16,8.347171954528157e-16,2.42594070993987e-10,1.0270822281816633e-15,3,down,"[-1.111, -0.700]",TRUE,FALSE,TRUE,TRUE,TRUE,TRUE,TRUE,TRUE
OLA1,3,-0.5402873936230805,0.06268719008651323,-8.618784681167583,6.766846349904987e-18,-0.6631520284846628,-0.4174227587614983,0,0,2.3390732216171576e-16,-8.239908522476387,1.7234237256646242e-16,1.6219673066919e-15,down,1.3189703193202855e-16,5.628692268045828e-16,7.107503731922228e-8,1.5422832374442153e-13,3,down,"[-0.663, -0.417]",TRUE,FALSE,TRUE,TRUE,TRUE,TRUE,TRUE,TRUE
GLOD4,3,-0.4326797411112685,0.05022546553680477,-8.614748245473297,7.009544855135612e-18,-0.5311198446701635,-0.33423963755237346,0,0,2.3832452507461083e-16,-8.666560536749861,4.453699654642304e-18,3.504208792099413e-16,down,1.1077328526653715e-16,4.766468747775894e-16,2.326986635613113e-7,2.086305825198641e-13,3,down,"[-0.531, -0.334]",TRUE,FALSE,TRUE,TRUE,TRUE,TRUE,TRUE,TRUE
NFATC2,4,0.6052305335267681,0.07030672456609459,8.608430235685315,7.406781277437858e-18,0.4674318855062453,0.7430291815472909,0,0,2.4776878015171156e-16,7.826160877413297,5.029936080500398e-15,3.059326254225406e-14,up,1.627985656193071e-15,5.944440582648642e-15,1.9468546530161397e-7,5.750924493215642e-17,4,up,"[0.467, 0.743]",TRUE,TRUE,TRUE,TRUE,TRUE,TRUE,TRUE,TRUE
ZNF618,3,0.5757916916868193,0.06700364340061638,8.593438542500548,8.440464545056486e-18,0.4444669637886464,0.7071164195849923,0,0,2.778654518483675e-16,8.4793452836293,2.2646467435875765e-17,1.3507522028688484e-15,up,3.1527242791550773e-16,1.2907233903370765e-15,1.1903736975530583e-9,5.929647643908759e-14,3,up,"[0.444, 0.707]",TRUE,FALSE,TRUE,TRUE,TRUE,TRUE,TRUE,TRUE
MPRIP,4,0.3137259203943381,0.03656432696610197,8.58010926018649,9.478306681915934e-18,0.24206115642183157,0.38539068436684465,0,0,3.0715637591083823e-16,8.129361238434086,4.315584575185382e-16,3.0587506965089688e-15,up,1.6452461160514362e-15,5.996907635660244e-15,4.212984573995643e-11,1.1068539611389674e-16,4,up,"[0.242, 0.385]",TRUE,TRUE,TRUE,TRUE,TRUE,TRUE,TRUE,TRUE
GTF2H3,3,-0.5342235384273515,0.0622902866209747,-8.576353833110554,9.792798089534155e-18,-0.6563102567911391,-0.4121368200635639,0,0,3.121771182078556e-16,-8.280067487652229,1.2310549397594607e-16,1.6219673066919e-15,down,3.5387215712604184e-16,1.4278810386758964e-15,6.343755192388877e-8,4.066594005768649e-15,3,down,"[-0.656, -0.412]",TRUE,FALSE,TRUE,TRUE,TRUE,TRUE,TRUE,TRUE
LETMD1,4,-0.4063414756040289,0.04738840199669682,-8.574703059882726,9.934276664280841e-18,-0.49922103680246066,-0.3134619144055971,0,0,3.121771182078556e-16,-8.385738602614461,5.0408237270965945e-17,1.6219673066919e-15,down,7.003616657189491e-16,2.699907239221376e-15,2.970301478713598e-10,5.378288272285029e-16,4,down,"[-0.499, -0.313]",TRUE,TRUE,TRUE,TRUE,TRUE,TRUE,TRUE,TRUE
PREX1,3,0.541343571003393,0.06332766365278841,8.548295322743314,1.24919749002813e-17,0.4172236310188615,0.6654635109879246,0,0,3.821558769859548e-16,8.032131295702332,9.579377345735942e-16,6.467282049207032e-15,up,6.434186849091618e-16,2.508365324251131e-15,1.6721350407480966e-7,3.9718063464632783e-16,3,up,"[0.417, 0.665]",TRUE,FALSE,TRUE,TRUE,TRUE,TRUE,TRUE,TRUE
RND3,3,-0.650551793492882,0.07610620166401982,-8.547947201002394,1.2529700884785403e-17,-0.7997172077545032,-0.5013863792312607,0,0,3.821558769859548e-16,-7.627276471907795,2.397650353066952e-14,1.3223730060613856e-13,down,4.3073688681200693e-16,1.7246106240310857e-15,8.979536300222316e-5,2.2143508346638082e-16,3,down,"[-0.800, -0.501]",TRUE,FALSE,TRUE,TRUE,TRUE,TRUE,TRUE,TRUE
ADCYAP1,3,-1.3447877810498436,0.1575602977428133,-8.53506752852771,1.4007359195030228e-17,-1.6536002900191653,-1.035975272080522,0,0,4.210327966738071e-16,-7.743800090873921,9.648867506552459e-15,5.643576439577856e-14,down,4.912937441914582e-16,1.9445481401776408e-15,4.357171678984537e-5,2.9346919149061955e-16,3,down,"[-1.654, -1.036]",TRUE,FALSE,TRUE,TRUE,TRUE,TRUE,TRUE,TRUE
WFIKKN1,3,1.0013886654084403,0.11743576269818486,8.52711850632804,1.5003814399033745e-17,0.7712188000230057,1.2315585307938748,0,0,4.445415866227999e-16,7.7576161916745505,8.654058140174447e-15,5.087870747593817e-14,up,5.534823544396704e-16,2.178220878762574e-15,2.017100633573344e-5,8.463115423762952e-17,3,up,"[0.771, 1.232]",TRUE,FALSE,TRUE,TRUE,TRUE,TRUE,TRUE,TRUE
PPP1R1A,3,0.7757539125577996,0.09099653794457715,8.525092603306343,1.5268761491153162e-17,0.5974039754685959,0.9541038496470032,0.00197176553003129,7.092266295400769,4.460198779246714e-16,8.562785451605244,1.1017283770503107e-17,7.510030485404698e-16,up,3.933841686955521e-18,2.0354717119638042e-17,3.282501984867061e-7,1.1453010078315092e-16,3,up,"[0.597, 0.954]",TRUE,FALSE,TRUE,TRUE,TRUE,TRUE,TRUE,TRUE
PRKX,3,0.9267227890778972,0.1096767271423214,8.449584640461968,2.923409979051195e-17,0.7117603539367207,1.1416852242190738,0,0,8.421044856322472e-16,8.124465752650707,4.493371737602184e-16,3.1737738220541713e-15,up,1.0017773227651e-15,3.757117843426433e-15,3.590452038234558e-10,1.1187130277003672e-15,3,up,"[0.712, 1.142]",TRUE,FALSE,TRUE,TRUE,TRUE,TRUE,TRUE,TRUE
TRIP10,3,0.9432342143910408,0.11211597373759873,8.413022542163608,3.995781380058255e-17,0.7234909437737089,1.162977485008373,0,0,1.1352398057864138e-15,8.159207713877606,3.372292809779728e-16,2.415639479044152e-15,up,1.094402678259864e-15,4.082358191926184e-15,7.21233336577334e-10,2.163643381648565e-15,3,up,"[0.723, 1.163]",TRUE,FALSE,TRUE,TRUE,TRUE,TRUE,TRUE,TRUE
YWHAZ,4,-0.6563321386951626,0.07823121256498154,-8.389645477500308,4.876103531742782e-17,-0.8096624977894238,-0.5030017796009014,4.64311164200288e-4,1.7806025010487407,1.366626854707369e-15,-8.21010572606459,2.2099381702555242e-16,1.6219673066919e-15,down,1.0530361704339368e-15,3.935129761225198e-15,1.3456806650289886e-9,1.285384567824937e-13,4,down,"[-0.810, -0.503]",TRUE,TRUE,TRUE,TRUE,TRUE,TRUE,TRUE,TRUE
ZNF441,4,-0.6460364539930891,0.07702750238138155,-8.387088170072143,4.983312517066727e-17,-0.7970075844796701,-0.495065323506508,0,0,1.3780520213861856e-15,-8.3680009925705,5.860390018794482e-17,1.6219673066919e-15,down,2.1142791935232657e-15,7.612873346123704e-15,2.9404227420541123e-9,1.2596941024146264e-14,4,down,"[-0.797, -0.495]",TRUE,TRUE,TRUE,TRUE,TRUE,TRUE,TRUE,TRUE
ARAP1,5,0.4285553387885444,0.05111562012397885,8.38403872923973,5.114195431703247e-17,0.32837056429811506,0.5287401132789737,0,0,1.3956370164937545e-15,7.941111212836501,2.003779085406466e-15,1.2903744114641898e-14,up,1.6660302815964744e-14,5.36544534787436e-14,1.3376209568612723e-10,6.098176430064365e-16,5,up,"[0.328, 0.529]",TRUE,TRUE,TRUE,TRUE,TRUE,TRUE,TRUE,TRUE
KIF3A,4,-0.46021115170795474,0.05500855589717143,-8.366174028786293,5.951927047388906e-17,-0.5680259401079691,-0.35239636330794033,0,0,1.603155415101895e-15,-7.876846663997068,3.3574652043822653e-15,2.095511616169724e-14,down,6.2277270765369105e-15,2.1278922498743903e-14,4.7653569145893394e-8,9.03725668577212e-16,4,down,"[-0.568, -0.352]",TRUE,TRUE,TRUE,TRUE,TRUE,TRUE,TRUE,TRUE
EFHD1,3,0.6539549108951848,0.07820549556398496,8.362007122122794,6.166012124432829e-17,0.5006749561966672,0.8072348655937023,0,0,1.639526813599191e-15,7.743862568317818,9.644124963332052e-15,5.6430338788610655e-14,up,2.062246128258016e-15,7.451391062730182e-15,2.0577364882132304e-6,7.022001441266854e-16,3,up,"[0.501, 0.807]",TRUE,FALSE,TRUE,TRUE,TRUE,TRUE,TRUE,TRUE
MRPL30,4,-0.4351546238647967,0.05211311513783335,-8.350194048347744,6.815090676509561e-17,-0.5372944526571392,-0.3330147950724543,0,0,1.7891769700102313e-15,-7.76998972410661,7.849249381343041e-15,4.649823662347867e-14,down,1.0548802425326828e-14,3.489348681041122e-14,1.6280320012873957e-7,6.919056154498679e-16,4,down,"[-0.537, -0.333]",TRUE,TRUE,TRUE,TRUE,TRUE,TRUE,TRUE,TRUE
AEBP1,4,0.8602947395046119,0.10331161229191638,8.327183367091113,8.27884601269365e-17,0.6578077002276903,1.0627817787815337,0,0,2.1462908287908287e-15,8.048573897261223,8.376432711485583e-16,5.7072405650987906e-15,up,8.874196110721815e-15,2.9781687271257363e-14,3.0756840860677184e-10,2.147191731457846e-15,4,up,"[0.658, 1.063]",TRUE,TRUE,TRUE,TRUE,TRUE,TRUE,TRUE,TRUE
KANK2,4,0.7487412220850901,0.08993497981349255,8.325361540502172,8.407175080613771e-17,0.572471900700308,0.9250105434698722,0.00557379235577877,16.582592462253047,2.152651989776909e-15,9.149137180008903,5.739007445505523e-20,1.1511630109180296e-17,up,3.6823462665538483e-19,2.286582681686432e-18,2.083104786628493e-7,2.03446839481155e-18,4,up,"[0.572, 0.925]",TRUE,TRUE,TRUE,TRUE,TRUE,TRUE,TRUE,TRUE
PLEKHA7,4,0.5679009804211246,0.06828173188747123,8.317026600277645,9.019751512998702e-17,0.4340712451196608,0.7017307157225884,0,0,2.2813371509706474e-15,8.111736322982853,4.990149454023987e-16,3.498307617247527e-15,up,6.4720503202517325e-15,2.2041104046308855e-14,5.595457481863345e-10,1.2086168663705881e-15,4,up,"[0.434, 0.702]",TRUE,TRUE,TRUE,TRUE,TRUE,TRUE,TRUE,TRUE
LRCH4,3,0.5137685955007326,0.06200724240806014,8.28562238132927,1.174930226751416e-16,0.3922366336002901,0.6353005574011752,0,0,2.9070677964282624e-15,7.889738421860754,3.028205782106334e-15,1.898822379352136e-14,up,4.427293715383277e-15,1.5329227321711042e-14,6.15329229613036e-7,1.5606875234608448e-14,3,up,"[0.392, 0.635]",TRUE,FALSE,TRUE,TRUE,TRUE,TRUE,TRUE,TRUE
PSMD1,4,-0.3790103259907043,0.04574451510877428,-8.285372029618609,1.177404507714436e-16,-0.4686679280941502,-0.28935272388725836,0,0,2.9070677964282624e-15,-8.007337568646921,1.1721841284224489e-15,7.793033230658357e-15,down,6.225113431158141e-15,2.1278922498743903e-14,9.295385640517911e-10,1.6335237156339876e-12,4,down,"[-0.469, -0.289]",TRUE,TRUE,TRUE,TRUE,TRUE,TRUE,TRUE,TRUE
RIN3,4,0.543726350258687,0.06565730367418136,8.281277479149638,1.2186086918943077e-16,0.4150403997352822,0.6724123007820918,0,0,2.973405208222111e-15,7.711918943183177,1.2393984512311822e-14,7.158602846783151e-14,up,1.8511655026390897e-14,5.906641926882263e-14,1.4269620905850828e-7,2.6391145034978163e-15,4,up,"[0.415, 0.672]",TRUE,TRUE,TRUE,TRUE,TRUE,TRUE,TRUE,TRUE
DDIT4,3,0.6868025775487204,0.08304945976597898,8.269801868477265,1.3418181629377506e-16,0.5240286274718934,0.8495765276255475,0,0,3.235966127828947e-15,8.050070354313002,8.274645640300534e-16,5.6456899590094775e-15,up,4.819422696379554e-15,1.66037918144372e-14,2.6839361691331952e-8,3.5375434674639127e-14,3,up,"[0.524, 0.850]",TRUE,FALSE,TRUE,TRUE,TRUE,TRUE,TRUE,TRUE
SLC6A12,3,0.9690086475154608,0.11735507048343924,8.257066725141662,1.4929597333243567e-16,0.7389969359647602,1.1990203590661612,0,0,3.559078720591628e-15,7.872489945566579,3.4765162026993178e-15,2.1634256487306817e-14,up,5.367140670078431e-15,1.842955256579911e-14,5.540803399531299e-7,1.5930436802153857e-14,3,up,"[0.739, 1.199]",TRUE,FALSE,TRUE,TRUE,TRUE,TRUE,TRUE,TRUE
GPSM3,3,0.6556141874094397,0.07942799821858959,8.254195020818207,1.5292946201583642e-16,0.4999381715368925,0.8112902032819869,0,0,3.604269366145963e-15,7.820456573226041,5.263208737221357e-15,3.189405310978218e-14,up,3.1764861335878194e-15,1.1166156340781588e-14,1.4077415050980358e-6,2.7331968842280964e-14,3,up,"[0.500, 0.811]",TRUE,FALSE,TRUE,TRUE,TRUE,TRUE,TRUE,TRUE
ITFG1,5,-0.5867112124597093,0.07122966835518113,-8.236893783277496,1.7673926010600126e-16,-0.7263187970665966,-0.4471036278528218,0,0,4.118620510784793e-15,-7.91200692856665,2.532722936512178e-15,1.610220604933714e-14,down,7.462789756689887e-14,2.1960251385175338e-13,4.2088222923599474e-11,1.2606247390879692e-15,5,down,"[-0.726, -0.447]",TRUE,TRUE,TRUE,TRUE,TRUE,TRUE,TRUE,TRUE
RAB2A,4,-0.4479692384071875,0.05444714632726185,-8.227598113491725,1.9100466584906672e-16,-0.554683684269603,-0.341254792544772,0,0,4.4015964107884935e-15,-7.835980369531519,4.651985578178977e-15,2.8364456171650214e-14,down,1.6148976048832362e-14,5.2088610148177796e-14,2.175842670891964e-9,2.0697435415686185e-15,4,down,"[-0.555, -0.341]",TRUE,TRUE,TRUE,TRUE,TRUE,TRUE,TRUE,TRUE
TMEFF1,3,-0.5337705777688394,0.06501135221186546,-8.210421097369807,2.204141097006476e-16,-0.6611904866903441,-0.40635066884733473,0,0,5.023503994715859e-15,-7.092346041047984,1.3185729833596076e-12,5.624086381157819e-12,down,1.4483798660344028e-14,4.6936560033677375e-14,7.81443638447735e-4,3.219774198872473e-15,3,down,"[-0.661, -0.406]",TRUE,FALSE,TRUE,TRUE,TRUE,TRUE,TRUE,TRUE
TCEA3,4,0.6740826553401851,0.08237218611061159,8.183377025286287,2.759979181089778e-16,0.5126361372355559,0.8355291734448143,0,0,6.2219530669349996e-15,7.505314472973617,6.12813063305146e-14,3.181723703899516e-13,up,5.2945042606236116e-14,1.5914205560193289e-13,1.612689975461709e-6,8.280819884278096e-15,4,up,"[0.513, 0.836]",TRUE,TRUE,TRUE,TRUE,TRUE,TRUE,TRUE,TRUE
BEX4,4,-0.576841798870993,0.07067213331225755,-8.162224229489109,3.289108826993255e-16,-0.7153566348736311,-0.4383269628683548,0,0,7.335066351810766e-15,-8.146484581460156,3.746564997834418e-16,2.6733810635777476e-15,down,1.7028494751265802e-14,5.475519087461284e-14,1.856852646481443e-11,4.664432966097986e-13,4,down,"[-0.715, -0.438]",TRUE,TRUE,TRUE,TRUE,TRUE,TRUE,TRUE,TRUE
RTN3,4,-0.59662551494216,0.07311713204270365,-8.159859369124383,3.3541488471364415e-16,-0.7399324603987187,-0.4533185694856013,0,0,7.400536924426575e-15,-7.761564248124609,8.388820354780136e-15,4.9456927336750814e-14,down,4.6473173914472255e-14,1.4112058960265805e-13,5.812742696818916e-10,2.396047358013129e-15,4,down,"[-0.740, -0.453]",TRUE,TRUE,TRUE,TRUE,TRUE,TRUE,TRUE,TRUE
KLF15,4,0.6740632436830439,0.08293105059671813,8.127995953661763,4.364457832505637e-16,0.5115213713134075,0.8366051160526804,0.00189193453211709,6.185435565947503,9.528300573280727e-15,8.290165913243063,1.1309060777860318e-16,1.6219673066919e-15,up,8.436942803996241e-16,3.189555902475621e-15,7.11289934933816e-7,7.289272383261217e-13,4,up,"[0.512, 0.837]",TRUE,TRUE,TRUE,TRUE,TRUE,TRUE,TRUE,TRUE
ARL6IP1,3,-0.4926045893169547,0.06062799144016782,-8.125035608397045,4.472310965294998e-16,-0.6114332689946863,-0.37377590963922314,0,0,9.662055147939405e-15,-7.908547342389847,2.6040961435889576e-15,1.6503766133662323e-14,down,9.181260774898626e-15,3.0663341138711355e-14,1.1109410098798856e-8,7.650440475435769e-11,3,down,"[-0.611, -0.374]",TRUE,FALSE,TRUE,TRUE,TRUE,TRUE,TRUE,TRUE
FUS,3,-0.3840876375482704,0.04728030819394728,-8.123628043470333,4.524509420549962e-16,-0.476755338786361,-0.2914199363101797,0,0,9.67405416311404e-15,-7.057842619644951,1.691074248336367e-12,7.104336916044175e-12,down,1.7680637744985966e-14,5.6764152760218104e-14,9.360464472261388e-4,4.872876656035134e-15,3,down,"[-0.477, -0.291]",TRUE,FALSE,TRUE,TRUE,TRUE,TRUE,TRUE,TRUE
GFM1,3,-0.4642279719529228,0.05728153953784267,-8.104320793372422,5.304098693024115e-16,-0.5764977264261015,-0.35195821747974404,0,0,1.1225204785032666e-14,-7.311132174323011,2.6490079801568345e-13,1.2396117065004713e-12,down,1.3643876019467674e-14,4.454927549298971e-14,1.8216033617864192e-4,1.8752311643946948e-14,3,down,"[-0.576, -0.352]",TRUE,FALSE,TRUE,TRUE,TRUE,TRUE,TRUE,TRUE
SPRYD7,4,-0.42346733367154504,0.05226573593521116,-8.10219785666994,5.397506674920976e-16,-0.5259062937300398,-0.32102837361305026,0,0,1.1273947579026754e-14,-7.87558192425168,3.39160554426249e-15,2.1141436666974612e-14,down,5.806315660083353e-14,1.7352015387626618e-13,2.5647424924863892e-9,3.4243956908268107e-14,4,down,"[-0.526, -0.321]",TRUE,TRUE,TRUE,TRUE,TRUE,TRUE,TRUE,TRUE
NFKBIA,3,0.6037568725591836,0.07452558486130727,8.101336925872909,5.43584743443913e-16,0.45768941030423793,0.7498243348141294,0,0,1.1273947579026754e-14,7.696581549835071,1.3975462092363167e-14,8.018814401483165e-14,up,2.2886699605168805e-14,7.148646834506039e-14,2.4293161309846925e-8,9.872822226250826e-15,3,up,"[0.458, 0.750]",TRUE,FALSE,TRUE,TRUE,TRUE,TRUE,TRUE,TRUE
MRPL1,3,-0.4446187133435949,0.05490059634074419,-8.098613548458369,5.55890638173335e-16,-0.5522219049012249,-0.3370155217859648,0,0,1.141502161951977e-14,-7.611519793164893,2.7089140531834682e-14,1.481340357659514e-13,down,1.1824148184997916e-14,3.874136387944025e-14,5.492698144681145e-7,1.203229910702032e-11,3,down,"[-0.552, -0.337]",TRUE,FALSE,TRUE,TRUE,TRUE,TRUE,TRUE,TRUE
ZBTB40,3,0.438755900046095,0.05418653087792698,8.097139509346654,5.6266533812105765e-16,0.33255225107819053,0.5449595490139995,0,0,1.1440861875128172e-14,7.715418635369415,1.2058576808197784e-14,6.97304410269201e-14,up,1.0966258123458028e-14,3.6159013271942696e-14,4.8145665668214344e-5,2.6666358649111828e-15,3,up,"[0.333, 0.545]",TRUE,FALSE,TRUE,TRUE,TRUE,TRUE,TRUE,TRUE
SHKBP1,3,0.4959360289522184,0.06129260274027581,8.091286823855748,5.90376473788936e-16,0.3758047350625568,0.61606732284188,0,0,1.1874592949522932e-14,7.821557663707603,5.2173661760040374e-15,3.162921330961136e-14,up,1.512172687574549e-14,4.885118619983823e-14,1.5381133072099437e-7,3.481396657537316e-14,3,up,"[0.376, 0.616]",TRUE,FALSE,TRUE,TRUE,TRUE,TRUE,TRUE,TRUE
MOB3A,4,0.4076588669794915,0.05038893825927629,8.090245221716772,5.95447283871931e-16,0.3088983627720976,0.5064193711868854,0,0,1.1874592949522932e-14,7.853386641883759,4.049508190605576e-15,2.4958468814765702e-14,up,5.723514468883374e-14,1.7129248208461932e-13,1.2450821213214106e-10,4.456549329943119e-15,4,up,"[0.309, 0.506]",TRUE,TRUE,TRUE,TRUE,TRUE,TRUE,TRUE,TRUE
TOMM20,4,-0.5044618604985575,0.06242217219715708,-8.0814531558633,6.399951186034514e-16,-0.6268070698417428,-0.3821166511553721,0,0,1.2641427390319604e-14,-7.612556265110504,2.687271452944646e-14,1.4700487918623225e-13,down,1.0054144061454635e-13,2.912331673667166e-13,2.6647374866135423e-8,5.506980460200918e-15,4,down,"[-0.627, -0.382]",TRUE,TRUE,TRUE,TRUE,TRUE,TRUE,TRUE,TRUE
SNX33,3,0.5755614150235198,0.07136144479760477,8.065439491253663,7.297287228116063e-16,0.4356955533354712,0.7154272767115684,0,0,1.4277899727464826e-14,7.969244224586037,1.5964768322711326e-15,1.0416888091290071e-14,up,2.5463190305824283e-14,7.917639684299783e-14,1.0239315713677394e-9,4.586747739991205e-13,3,up,"[0.436, 0.715]",TRUE,FALSE,TRUE,TRUE,TRUE,TRUE,TRUE,TRUE
RPGRIP1L,3,-0.4761763372492679,0.05921591982489298,-8.041356761110286,8.884916366126457e-16,-0.5922374074174696,-0.3601152670810663,0,0,1.7221791162005863e-14,-7.70569182350207,1.3013633466950595e-14,7.496761906255339e-14,down,2.4895985160284697e-14,7.752893877241809e-14,3.452139398477064e-9,1.6055617348628485e-14,3,down,"[-0.592, -0.360]",TRUE,FALSE,TRUE,TRUE,TRUE,TRUE,TRUE,TRUE
NREP,3,-0.5338291238270152,0.06644041898709278,-8.034704355653158,9.38048125838792e-16,-0.6640499521594683,-0.4036082954945622,0,0,1.8013998268422725e-14,-7.5679029274229475,3.792972393118057e-14,2.035025304280098e-13,down,2.7178105428407848e-14,8.41304338186834e-14,6.43726627050245e-7,3.7148107352224095e-14,3,down,"[-0.664, -0.404]",TRUE,FALSE,TRUE,TRUE,TRUE,TRUE,TRUE,TRUE
NEUROD6,5,-1.219348122806311,0.15183445666368273,-8.030773446288274,9.686007202531394e-16,-1.5169381894793368,-0.9217580561332852,0,0,1.843007242022946e-14,-7.488162864053798,6.984432636365685e-14,3.582306780760097e-13,down,3.970215430694255e-13,1.058383907874021e-12,1.1477379920119929e-7,6.134304406510351e-15,5,down,"[-1.517, -0.922]",TRUE,TRUE,TRUE,TRUE,TRUE,TRUE,TRUE,TRUE
NIT2,4,-0.51581322536861,0.06432020528861129,-8.01945862974323,1.0621223350394529e-15,-0.6418785112125108,-0.3897479395247091,0.00439742258255475,26.095088403883235,1.9871893013942613e-14,-9.423998719503992,4.342286455167872e-21,1.5293119344010276e-18,down,1.0025521815920811e-20,7.561066271352644e-20,8.628939420231156e-11,1.0594125478985336e-15,4,down,"[-0.642, -0.390]",TRUE,TRUE,TRUE,TRUE,TRUE,TRUE,TRUE,TRUE
PLAA,3,-0.4668490066114969,0.05821571768856039,-8.019294876841045,1.063539115018144e-15,-0.5809497166152267,-0.3527482966077672,0,0,1.9871893013942613e-14,-7.402129608697054,1.3401759676388814e-13,6.562026783619442e-13,down,4.9038032687345197e-14,1.4782686016504934e-13,8.592120770122181e-6,1.6073935023373513e-14,3,down,"[-0.581, -0.353]",TRUE,FALSE,TRUE,TRUE,TRUE,TRUE,TRUE,TRUE
PCSK5,3,0.45483584318468023,0.05672558636320596,8.018177904278154,1.0732528769784644e-15,0.34365573691088014,0.5660159494584803,0,0,1.9874343454047636e-14,6.790462197761806,1.1177486378311168e-11,4.2877950857878317e-11,up,5.1715554813336336e-14,1.55672076462786e-13,0.00405629316715956,7.520503065303403e-15,3,up,"[0.344, 0.566]",TRUE,FALSE,TRUE,TRUE,TRUE,TRUE,TRUE,TRUE
ZNF25,4,-0.5172116098068392,0.06473797612073395,-7.9893076799660605,1.356986373537756e-15,-0.6440957114354918,-0.3903275081781866,0,0,2.4906103882454035e-14,-7.702015170397142,1.3393698132798735e-14,7.70293867730789e-14,down,1.2731675294018034e-13,3.6271283735979945e-13,9.277903243709567e-10,7.688909925095791e-15,4,down,"[-0.644, -0.390]",TRUE,TRUE,TRUE,TRUE,TRUE,TRUE,TRUE,TRUE
RGS9BP,3,0.761401796031329,0.09555309952942773,7.968363138202945,1.6078980336814686e-15,0.5741211623424795,0.9486824297201784,0,0,2.925246071802952e-14,7.500647893231289,6.35031626642348e-14,3.2855501298683493e-13,up,3.39824163169335e-14,1.0472441521741469e-13,7.90303364771849e-6,9.236304998005599e-13,3,up,"[0.574, 0.949]",TRUE,FALSE,TRUE,TRUE,TRUE,TRUE,TRUE,TRUE
NRN1,4,-0.8503450884242201,0.10710273129415472,-7.939527574593505,2.029527688436286e-15,-1.0602625844066342,-0.6404275924418059,0,0,3.660209065927702e-14,-7.464728298831044,8.347167099896508e-14,4.2328178176780654e-13,down,2.169107433204966e-13,5.9983050886228e-13,7.953337901794241e-7,4.87895976287649e-14,4,down,"[-1.060, -0.640]",TRUE,TRUE,TRUE,TRUE,TRUE,TRUE,TRUE,TRUE
TMEM150C,3,-0.46896112785819105,0.05917710573165303,-7.924705374824543,2.286878951672247e-15,-0.5849461238015498,-0.35297613191483235,0,0,4.088781849800207e-14,-7.766052118161034,8.097024554172371e-15,4.7889319154465296e-14,down,6.442961094814082e-14,1.911688313396911e-13,1.4684912189677104e-8,3.0987595238215266e-13,3,down,"[-0.585, -0.353]",TRUE,FALSE,TRUE,TRUE,TRUE,TRUE,TRUE,TRUE
B4GALT6,3,-0.6245224561571707,0.07883574414209124,-7.921818496842621,2.3406181281019384e-15,-0.7790376753700841,-0.4700072369442574,0,0,4.1490957245157446e-14,-7.790417962271812,6.6787892908707935e-15,4.0029437273322855e-14,down,3.5572327675888694e-14,1.091375852067946e-13,3.5292699913885517e-6,1.4656946715344026e-13,3,down,"[-0.779, -0.470]",TRUE,FALSE,TRUE,TRUE,TRUE,TRUE,TRUE,TRUE
YBX1,3,0.4935687413990409,0.06238396196693974,7.911788957242034,2.5371623793049248e-15,0.3712984227309225,0.6158390600671593,0.00359019755339625,29.58236200062527,4.459385402269842e-14,9.220143509309317,2.967028492520684e-20,6.752043917133223e-18,up,5.510419393467785e-23,5.858217763639043e-22,3.8530573837177264e-5,2.7676543658392784e-23,3,up,"[0.371, 0.616]",TRUE,FALSE,TRUE,TRUE,TRUE,TRUE,TRUE,TRUE
CSF1,4,0.640019330226197,0.08093232607424228,7.908080260032104,2.6138828241081644e-15,0.4813948859356302,0.7986437745167637,0,0,4.531942446265441e-14,7.607464502210394,2.7952525867314848e-14,1.5257334414366097e-13,up,2.2720091557881739e-13,6.257831326832236e-13,1.7016390308502643e-9,5.626918592327604e-14,4,up,"[0.481, 0.799]",TRUE,TRUE,TRUE,TRUE,TRUE,TRUE,TRUE,TRUE
BLOC1S2,3,-0.4611278343389929,0.05831386867333432,-7.907687224837764,2.622146063412984e-15,-0.5754209167379266,-0.3468347519400591,0.00172678223800897,15.694796104826708,4.531942446265441e-14,-8.338853637052381,7.501419225521323e-17,1.6219673066919e-15,down,6.948534135029018e-18,3.464245143281294e-17,9.664931051440294e-8,2.188369987543234e-14,3,down,"[-0.575, -0.347]",TRUE,FALSE,TRUE,TRUE,TRUE,TRUE,TRUE,TRUE
KIFAP3,5,-0.5107372278874335,0.06466694315190599,-7.897964601290729,2.834946300290396e-15,-0.6374821074554683,-0.38399234831939866,0,0,4.85923853454734e-14,-7.597250848811935,3.024878400130304e-14,1.6443954904346732e-13,down,1.0055967601920425e-12,2.534152710374601e-12,7.621435218644345e-10,4.5013914453778974e-14,5,down,"[-0.637, -0.384]",TRUE,TRUE,TRUE,TRUE,TRUE,TRUE,TRUE,TRUE
BMP1,3,0.48463616489058026,0.0614273527757648,7.889582457829532,3.031992441897468e-15,0.3642407657844447,0.6050315639967158,0,0,5.154387151225696e-14,7.907119375609352,2.6341300709330793e-15,1.66798167847783e-14,up,4.1969898268940324e-14,1.2819671430012108e-13,1.8694880202032636e-4,7.986113107779313e-13,3,up,"[0.364, 0.605]",TRUE,FALSE,TRUE,TRUE,TRUE,TRUE,TRUE,TRUE
ATP6V1D,3,-0.5245373892743154,0.06654237201084279,-7.882757608773614,3.202339031806259e-15,-0.6549580418614334,-0.3941167366871974,0,0,5.3997163837123425e-14,-7.627760240204825,2.3886727479245277e-14,1.3179129909473933e-13,down,1.2114081035467978e-13,3.4702491806022914e-13,7.994099127125569e-8,2.569499128200523e-13,3,down,"[-0.655, -0.394]",TRUE,FALSE,TRUE,TRUE,TRUE,TRUE,TRUE,TRUE
SLC25A14,4,-0.5642258017616222,0.0716425116718543,-7.875572597816747,3.3918585669804764e-15,-0.704642544400447,-0.4238090591227973,0,0,5.6731569902560554e-14,-7.655985093629997,1.918359771962131e-14,1.0773112280510193e-13,down,2.7265629025452593e-13,7.372739843388352e-13,1.5821471531469117e-8,1.0297901309507504e-13,4,down,"[-0.705, -0.424]",TRUE,TRUE,TRUE,TRUE,TRUE,TRUE,TRUE,TRUE
ELOVL4,4,-0.7198293304259896,0.0914834924869776,-7.868406756863323,3.591861127133362e-15,-0.8991336808804063,-0.5405249799715729,0,0,5.959615982139674e-14,-7.629376757116204,2.358913162264502e-14,1.3024652294220424e-13,down,2.8397335838411853e-13,7.66875970427945e-13,4.586018912330035e-9,9.511441744618365e-14,4,down,"[-0.899, -0.541]",TRUE,TRUE,TRUE,TRUE,TRUE,TRUE,TRUE,TRUE
PSD2,3,0.6801147110565553,0.08656167677831579,7.856995570895966,3.934567601101076e-15,0.5104569421296592,0.8497724799834514,0,0,6.470045166378068e-14,7.385384415248202,1.5201354399809342e-13,7.382089109716999e-13,up,1.2669970907185614e-13,3.61451439635529e-13,1.3935980022737089e-5,4.1379173568410297e-13,3,up,"[0.510, 0.850]",TRUE,FALSE,TRUE,TRUE,TRUE,TRUE,TRUE,TRUE
DCBLD1,3,-0.5485987153735998,0.06983067054420249,-7.856128418906409,3.961888795226685e-15,-0.6854643146565187,-0.411733116090681,0.0013766736228596301,8.962710172659769,6.470045166378068e-14,-8.007333657077787,1.1722213992844001e-15,7.793033230658357e-15,down,1.393180758825539e-15,5.132250255424809e-15,2.725588247839663e-5,5.431603793736291e-15,3,down,"[-0.685, -0.412]",TRUE,FALSE,TRUE,TRUE,TRUE,TRUE,TRUE,TRUE
MAS1,4,-1.4811856625824589,0.18881139392868793,-7.84478961657307,4.336799207672449e-15,-1.8512491945534917,-1.1111221306114256,0,0,7.026969966181764e-14,-7.289353904688504,3.114449519984547e-13,1.440554637261145e-12,down,7.285918957640144e-13,1.874813389348096e-12,5.114109076767015e-7,7.143010852945399e-14,4,down,"[-1.851, -1.111]",TRUE,TRUE,TRUE,TRUE,TRUE,TRUE,TRUE,TRUE
PMS2,4,-0.4056329377917149,0.05174423289432198,-7.839191250938923,4.534574552900891e-15,-0.5070497706722388,-0.30421610491119105,0,0,7.290471025361587e-14,-7.779813258695246,7.263168112518429e-15,4.323411779491855e-14,down,2.6479898575237943e-13,7.178994724842285e-13,5.746091403052729e-9,3.7360753412075465e-13,4,down,"[-0.507, -0.304]",TRUE,TRUE,TRUE,TRUE,TRUE,TRUE,TRUE,TRUE
CCDC102A,4,0.8439793924956507,0.10782319570476225,7.827438122003042,4.979115620608477e-15,0.6326498122163029,1.0553089727749985,0,0,7.943604459339987e-14,7.910130396960657,2.5711943541768444e-15,1.6316219170735257e-14,up,1.860042726077365e-13,5.192097730665485e-13,1.2247061695901605e-7,2.1007217029096874e-13,4,up,"[0.633, 1.055]",TRUE,TRUE,TRUE,TRUE,TRUE,TRUE,TRUE,TRUE
HMGCS1,4,-0.6205505367091037,0.07935488176578763,-7.819941544877235,5.284787199746143e-15,-0.7760832469674817,-0.4650178264507257,0.00109553356625181,3.909366312426712,8.36690736814771e-14,-7.922423685485192,2.3292505005253952e-15,1.4870208633479346e-14,down,3.4929317346920994e-14,1.0748279551559961e-13,2.250683187691584e-7,1.3988816112027663e-11,4,down,"[-0.776, -0.465]",TRUE,TRUE,TRUE,TRUE,TRUE,TRUE,TRUE,TRUE
PYGM,3,0.8933187464749699,0.1144675429412577,7.804122666749316,5.99168922103405e-15,0.6689664849113127,1.117671008038627,0,0,9.414214730624713e-14,7.523388229539031,5.337463063519258e-14,2.801694593171642e-13,up,1.499007108714367e-13,4.22410427102391e-13,1.4529168004872378e-6,1.4604283500423142e-12,3,up,"[0.669, 1.118]",TRUE,FALSE,TRUE,TRUE,TRUE,TRUE,TRUE,TRUE
DDHD1,3,-0.41651658597489033,0.05345777681697551,-7.791505946850852,6.6215196375686625e-15,-0.5212919032297426,-0.3117412687200381,0.00105543401681032,11.079935225260956,1.0178417616242016e-13,-7.958069043227287,1.747448426346978e-15,1.1331984709567952e-14,down,3.46246715159026e-16,1.4025697016402732e-15,2.938386706441906e-7,3.7398625844106943e-13,3,down,"[-0.521, -0.312]",TRUE,FALSE,TRUE,TRUE,TRUE,TRUE,TRUE,TRUE
PSMB2,3,-0.4456888360900979,0.05720226543272661,-7.791454284520522,6.624228090151046e-15,-0.5578032161723425,-0.3335744560078533,0,0,1.0178417616242016e-13,-7.412829027852755,1.2363323251998888e-13,6.085799585476458e-13,down,1.4010725710640936e-13,3.9588889814535834e-13,2.190380647113073e-6,3.480317458066407e-11,3,down,"[-0.558, -0.334]",TRUE,FALSE,TRUE,TRUE,TRUE,TRUE,TRUE,TRUE
NAP1L5,4,-0.8773199621915397,0.1126005778945539,-7.791433921530279,6.6252959411411375e-15,-1.0980130395032623,-0.6566268848798171,0,0,1.0178417616242016e-13,-7.661592933752239,1.8364091774291886e-14,1.0356143557961327e-13,down,6.405967685153794e-13,1.669092585302634e-12,4.505147352694848e-9,3.538363342340457e-13,4,down,"[-1.098, -0.657]",TRUE,TRUE,TRUE,TRUE,TRUE,TRUE,TRUE,TRUE
AAGAB,3,-0.4757116549246886,0.06110437264427831,-7.785230980016178,6.958595985625956e-15,-0.5954740246053886,-0.3559492852439886,0,0,1.0611858878079585e-13,-7.374925567944268,1.644368949543385e-13,7.938480907847828e-13,down,2.261626888416138e-13,6.237518838530678e-13,3.980830363266854e-6,2.9548354185466173e-13,3,down,"[-0.595, -0.356]",TRUE,FALSE,TRUE,TRUE,TRUE,TRUE,TRUE,TRUE
LRRC28,3,-0.40932470679727057,0.0526994938731061,-7.767146830344787,8.027377124894453e-15,-0.5126138167920478,-0.30603559680249337,3.85578286474513e-4,3.840167207316009,1.215239427520518e-13,-7.812500273647869,5.606452232078332e-15,3.383543101464818e-14,down,1.832341298806823e-14,5.855586831626121e-14,4.579421749684743e-6,8.024984508882215e-11,3,down,"[-0.513, -0.306]",TRUE,FALSE,TRUE,TRUE,TRUE,TRUE,TRUE,TRUE
SPEN,3,0.40394023804541407,0.05203379142742091,7.763036806742176,8.291953529421598e-15,0.3019558808686001,0.5059245952222281,0,0,1.2461964942043765e-13,7.711470892019095,1.243758282425552e-14,7.178178897244934e-14,up,1.3541860324927696e-13,3.847372371767129e-13,1.3992583618976543e-6,9.901266115863356e-13,3,up,"[0.302, 0.506]",TRUE,FALSE,TRUE,TRUE,TRUE,TRUE,TRUE,TRUE
TYK2,3,0.41868178737488176,0.05404057766532966,7.747544631512919,9.368640981195062e-15,0.312764201447096,0.5245993733026675,0.00234036069168876,24.92805792613416,1.397882114748098e-13,8.758698777825524,1.9751716257448283e-18,1.7600444992781628e-16,up,2.2150950643213147e-21,1.9466555777128843e-20,2.768000918108837e-7,1.0117514395479482e-18,3,up,"[0.313, 0.525]",TRUE,FALSE,TRUE,TRUE,TRUE,TRUE,TRUE,TRUE
PIK3R5,4,0.7938203577405716,0.10248268291634911,7.745897503371595,9.490904819139948e-15,0.592957990185489,0.9946827252956542,0,0,1.4060097567783037e-13,7.472995132089272,7.83897486233342e-14,3.9915358404005483e-13,up,1.2912003890035692e-12,3.2109707515508425e-12,4.97699233103111e-9,1.675091942021313e-13,4,up,"[0.593, 0.995]",TRUE,TRUE,TRUE,TRUE,TRUE,TRUE,TRUE,TRUE
TRPC1,3,-0.4532365471003798,0.05858472178406233,-7.736429111517611,1.0224795107178424e-14,-0.5680604918414411,-0.33841260235931847,0.00279071561288227,25.271926773727305,1.503987592360855e-13,-8.684199155170777,3.8142001795159325e-18,3.083040931989053e-16,down,8.741084454069521e-22,8.09330765970544e-21,2.327033226121655e-7,8.231298657630628e-19,3,down,"[-0.568, -0.338]",TRUE,FALSE,TRUE,TRUE,TRUE,TRUE,TRUE,TRUE
TOB2,4,0.5312584866434173,0.06877139767982533,7.724991850780233,1.118604994067603e-14,0.39646902402447826,0.6660479492623564,0.00129882741541972,5.870240168279425,1.6337934913353587e-13,7.88423231113485,3.164750448383657e-15,1.9802448660106202e-14,up,2.2944575365028775e-14,7.155947264221005e-14,8.797749394137748e-9,9.258114781574752e-12,4,up,"[0.396, 0.666]",TRUE,TRUE,TRUE,TRUE,TRUE,TRUE,TRUE,TRUE
KLHL17,3,0.6469980656951914,0.08378606527763847,7.722024701258619,1.1449619745773312e-14,0.482780395344698,0.8112157360456848,0,0,1.6605951994918778e-13,7.810722979959451,5.686086670719831e-15,3.4302036718306577e-14,up,1.6148979861012466e-13,4.538344746848218e-13,1.067326898017268e-5,4.1406832324593126e-11,3,up,"[0.483, 0.811]",TRUE,FALSE,TRUE,TRUE,TRUE,TRUE,TRUE,TRUE
DOT1L,4,0.5615397003424679,0.07278193314126959,7.715372154962146,1.2062972379849999e-14,0.4188897326603774,0.7041896680245585,0,0,1.737403105264507e-13,7.28138191956473,3.304177901956717e-13,1.5211764558276928e-12,up,7.956379015697933e-13,2.0422685740789e-12,5.077196225686791e-7,8.922797744574505e-14,4,up,"[0.419, 0.704]",TRUE,TRUE,TRUE,TRUE,TRUE,TRUE,TRUE,TRUE
LATS2,4,0.6152974703789299,0.07978611194363593,7.711836751909912,1.2401970982981596e-14,0.4589195645029225,0.7716753762549373,0,0,1.7739095047381953e-13,7.355513099532741,1.9019510256966905e-13,9.09885497157356e-13,up,8.480529222805285e-13,2.1660859123273597e-12,6.074971349248156e-9,1.033544881950759e-13,4,up,"[0.459, 0.772]",TRUE,TRUE,TRUE,TRUE,TRUE,TRUE,TRUE,TRUE
BCAR3,3,0.6535184940880653,0.08480609909858008,7.706031771705524,1.2979032892458838e-14,0.4873015941855135,0.819735393990617,0,0,1.843733850613673e-13,7.181521218979509,6.893998168545752e-13,3.0313918225067996e-12,up,4.731894769740745e-13,1.2485941160868074e-12,1.0632881109106864e-5,2.1347159873043221e-13,3,up,"[0.487, 0.820]",TRUE,FALSE,TRUE,TRUE,TRUE,TRUE,TRUE,TRUE
INPPL1,3,0.4890658977771876,0.06349698187080585,7.702191243865191,1.337525053295956e-14,0.36461410018341545,0.6135176953709598,0,0,1.8870931704325258e-13,7.374063081493166,1.6550481439348226e-13,7.98742973738463e-13,up,2.687115815020033e-13,7.275559008291839e-13,4.905028249183825e-6,3.2892412033508147e-12,3,up,"[0.365, 0.614]",TRUE,FALSE,TRUE,TRUE,TRUE,TRUE,TRUE,TRUE
IKBKB,3,0.47024732388203766,0.0611001502527304,7.696336620072773,1.4002263654395547e-14,0.3504932299367002,0.5900014178273751,0,0,1.9622091094065114e-13,7.419937977312096,1.171751927947154e-13,5.791030577412062e-13,up,3.598959669510094e-13,9.631280457501852e-13,1.212782788989109e-6,9.15952236983417e-13,3,up,"[0.350, 0.590]",TRUE,FALSE,TRUE,TRUE,TRUE,TRUE,TRUE,TRUE
ITGB5,4,0.6171008275084051,0.08021285449276826,7.693290949570197,1.4339791841414202e-14,0.4598865216054275,0.7743151334113827,0.00460206057067633,17.195429602129625,1.9808708612153133e-13,8.763416842590438,1.8941964758963894e-18,1.7084728214304503e-16,up,2.1988890197286728e-16,9.157622142404152e-16,6.66126371717391e-8,1.796072786250857e-15,4,up,"[0.460, 0.774]",TRUE,TRUE,TRUE,TRUE,TRUE,TRUE,TRUE,TRUE
FGF12,3,-0.835800792732646,0.1086406528327649,-7.69326003608639,1.4343258455393872e-14,-1.0487325595417845,-0.6228690259235073,0,0,1.9808708612153133e-13,-7.553574277814448,4.2347282009111124e-14,2.257300884608186e-13,down,4.616079009521078e-13,1.2227008768514325e-12,4.023338695857148e-8,2.894145568237732e-12,3,down,"[-1.049, -0.623]",TRUE,FALSE,TRUE,TRUE,TRUE,TRUE,TRUE,TRUE
FGFR1,4,0.434333213721317,0.05646146463148962,7.692560165700717,1.4421962393611972e-14,0.3236707765292153,0.5449956509134187,0.00114042116679976,8.14248183478506,1.9808708612153133e-13,7.98461148246305,1.409655750576576e-15,9.267390161123872e-15,up,1.1124862297355591e-14,3.662375302335793e-14,1.5027742178123612e-8,2.1521907256259061e-13,4,up,"[0.324, 0.545]",TRUE,TRUE,TRUE,TRUE,TRUE,TRUE,TRUE,TRUE
FOXO4,3,0.9370531626606716,0.12187259547643269,7.688793030110497,1.4852950752326605e-14,0.6981872648244446,1.175919060496899,0,0,2.0266460434424594e-13,7.480362557777044,7.411784731854642e-14,3.7909792445917654e-13,up,4.502999626522391e-13,1.194273813990721e-12,5.432488311950427e-7,5.100083422761518e-12,3,up,"[0.698, 1.176]",TRUE,FALSE,TRUE,TRUE,TRUE,TRUE,TRUE,TRUE
MAX,4,0.33919557581726023,0.04414813276980758,7.68312394061731,1.5525524932481766e-14,0.25266682560374487,0.4257243260307756,0,0,2.0966758507434945e-13,7.458130892654507,8.775846732411144e-14,4.432129540983303e-13,up,6.586011540139563e-13,1.7117027486528138e-12,2.0473573395700982e-8,7.0268092318128255e-12,4,up,"[0.253, 0.426]",TRUE,TRUE,TRUE,TRUE,TRUE,TRUE,TRUE,TRUE
LANCL2,3,-0.4689408041919689,0.06103797759760891,-7.682771000105007,1.5568374205134916e-14,-0.588573041972445,-0.34930856641149277,0,0,2.0966758507434945e-13,-7.445961369335827,9.624096729652355e-14,4.82411517536488e-13,down,2.4775360119883804e-13,6.752180931490014e-13,1.510180439158504e-8,3.7895701630962905e-9,3,down,"[-0.589, -0.349]",TRUE,FALSE,TRUE,TRUE,TRUE,TRUE,TRUE,TRUE
MED12,3,0.4312596424165323,0.05616203591743211,7.6788463126685524,1.6052767984178238e-14,0.3211840747199205,0.5413352101131442,0.00307005150406447,29.262292734343635,2.1479639225281078e-13,8.375554152572057,5.4964621794475486e-17,1.6219673066919e-15,up,2.3943518227868642e-26,4.0047465164999655e-25,4.465736238779041e-6,1.9444108183944398e-13,3,up,"[0.321, 0.541]",TRUE,FALSE,TRUE,TRUE,TRUE,TRUE,TRUE,TRUE
TRAF2,3,0.4641670945987451,0.06049585803107153,7.672708673052331,1.6840167787985755e-14,0.3455973916439967,0.5827367975534935,0,0,2.2359623769263337e-13,6.653363002328805,2.864704682707376e-11,1.0499185249407209e-10,up,9.291924307490317e-13,2.355923106813559e-12,0.00136636715057256,1.2910442814491517e-13,3,up,"[0.346, 0.583]",TRUE,FALSE,TRUE,TRUE,TRUE,TRUE,TRUE,TRUE
ATP6V1E1,3,-0.6468747605336854,0.08431569342959061,-7.672056460922903,1.6926041136809758e-14,-0.8121304829872035,-0.48161903808016737,0,0,2.2359623769263337e-13,-7.590681723674643,3.1822674122711285e-14,1.724884557065391e-13,down,2.336861195259669e-13,6.402444014489502e-13,1.1882760225760967e-6,2.4701156184655207e-10,3,down,"[-0.812, -0.482]",TRUE,FALSE,TRUE,TRUE,TRUE,TRUE,TRUE,TRUE
RAB3C,4,-0.8390488909236082,0.10953970938124603,-7.659769189302407,1.8626753673561414e-14,-1.0537427761878346,-0.6243550056593817,0,0,2.4450561467700243e-13,-7.642916133275341,2.1235632067067948e-14,1.1840085546025973e-13,down,8.25064942855648e-13,2.1125736931884127e-12,2.8424567207877787e-9,2.7135865857241616e-12,4,down,"[-1.054, -0.624]",TRUE,TRUE,TRUE,TRUE,TRUE,TRUE,TRUE,TRUE
DMXL2,4,-0.5223124308643944,0.0681987768793588,-7.658677395173031,1.8785762469239673e-14,-0.6559795773376206,-0.3886452843911682,0,0,2.450419582465602e-13,-7.451069036693432,9.258689430803503e-14,4.658317485049163e-13,down,2.252891722395641e-12,5.358368614963945e-12,1.503267371984776e-9,5.639379128490464e-13,4,down,"[-0.656, -0.389]",TRUE,TRUE,TRUE,TRUE,TRUE,TRUE,TRUE,TRUE
SGTB,3,-0.6432595622451351,0.08400112723183063,-7.657749168887154,1.8921998927805933e-14,-0.8078987462802899,-0.4786203782099804,0.00641852680676382,28.390881153733403,2.4527641110168444e-13,-8.595924553763105,8.2597058162254e-18,5.817979449219341e-16,down,5.442130137837052e-23,5.848175080763754e-22,4.947076926175058e-6,9.697763406097538e-15,3,down,"[-0.808, -0.479]",TRUE,FALSE,TRUE,TRUE,TRUE,TRUE,TRUE,TRUE
AP3M2,3,-0.433522755986285,0.05667495710507469,-7.649282472019149,2.0210384545302856e-14,-0.5446036307375838,-0.3224418812349862,0,0,2.603499226519138e-13,-7.337261274501908,2.1800877195155777e-13,1.0339165613040854e-12,down,5.562027807189263e-13,1.4583622847168813e-12,1.8739004025622827e-8,2.8836034715755593e-13,3,down,"[-0.545, -0.322]",TRUE,FALSE,TRUE,TRUE,TRUE,TRUE,TRUE,TRUE
RBM38,3,0.5317658737309751,0.06981125801139274,7.6171936859266225,2.5925018305423504e-14,0.394938322313212,0.6685934251487381,0,0,3.319042467002985e-13,7.165840983810562,7.731047071808013e-13,3.3833623753308916e-12,up,1.044269571847152e-12,2.62523041455878e-12,9.311870101747002e-7,2.6643292017920243e-13,3,up,"[0.395, 0.669]",TRUE,FALSE,TRUE,TRUE,TRUE,TRUE,TRUE,TRUE
ZIC2,3,0.8517081437974866,0.111941351653636,7.6085211694852894,2.7724984952348752e-14,0.6323071261756268,1.0711091614193464,0,0,3.5277066743049885e-13,6.911471614235963,4.796515227980069e-12,1.9149811943935538e-11,up,1.2609791340262104e-12,3.1395807010448505e-12,1.1863442055865764e-4,4.16966309866177e-13,3,up,"[0.632, 1.071]",TRUE,FALSE,TRUE,TRUE,TRUE,TRUE,TRUE,TRUE
TUBGCP5,4,-0.3950112950630017,0.05199161758344779,-7.597595793764237,3.016828906102004e-14,-0.49691299302453873,-0.29310959710146467,0,0,3.815184848326559e-13,-7.36691412585818,1.7462288719077073e-13,8.400070723010994e-13,down,2.0129610959981064e-12,4.826452385086789e-12,2.9529838770115892e-8,2.2838144576165545e-13,4,down,"[-0.497, -0.293]",TRUE,TRUE,TRUE,TRUE,TRUE,TRUE,TRUE,TRUE
ARPC5L,3,-0.47192711603384513,0.06223008528632764,-7.583584593568452,3.3613620498955084e-14,-0.5938958419499032,-0.34995839011778707,0,0,4.225130237262597e-13,-7.222113344473979,5.118578044230068e-13,2.2826049571978042e-12,down,1.3328144924064394e-12,3.306527819678176e-12,5.339240887626021e-7,6.853277950825462e-13,3,down,"[-0.594, -0.350]",TRUE,FALSE,TRUE,TRUE,TRUE,TRUE,TRUE,TRUE
ITGAX,3,0.9001548007659018,0.11918549227662888,7.5525534490107855,4.268063950104812e-14,0.6665555284240324,1.133754073107771,0,0,5.332508814769507e-13,7.469115744787,8.07355021511491e-14,4.105326737091088e-13,up,9.268157173770093e-13,2.352773314369544e-12,1.8908526825995748e-8,5.3635352984609385e-12,3,up,"[0.667, 1.134]",TRUE,FALSE,TRUE,TRUE,TRUE,TRUE,TRUE,TRUE
GHITM,3,-0.5261763199184902,0.0696959981617227,-7.549591566183612,4.3662532821660623e-14,-0.6627779661820365,-0.3895746736549439,0,0,5.422520543240967e-13,-7.068364847620033,1.567699300628394e-12,6.623652686345389e-12,down,1.6900608929403328e-12,4.0852987085760495e-12,1.1336752160584084e-5,8.09906290450825e-13,3,down,"[-0.663, -0.390]",TRUE,FALSE,TRUE,TRUE,TRUE,TRUE,TRUE,TRUE
HMBOX1,3,0.4231973959345087,0.05606711544708819,7.548050092462661,4.4182300297098065e-14,0.3133078689411666,0.5330869229278509,0,0,5.454410167629846e-13,7.095263096790165,1.2910563569277964e-12,5.517857738132322e-12,up,1.630769150711379e-12,3.969736172036855e-12,1.4824652405112144e-6,3.804435504250256e-13,3,up,"[0.313, 0.533]",TRUE,FALSE,TRUE,TRUE,TRUE,TRUE,TRUE,TRUE
DPH6,3,-0.7238882103629055,0.09596680952355112,-7.543110101886389,4.5889339758431025e-14,-0.9119797007402812,-0.5357967199855298,0,0,5.631626666212186e-13,-6.751440352430402,1.463845665174268e-11,5.5535278479758316e-11,down,1.4039853560662899e-12,3.457324664524617e-12,6.986206749027751e-4,3.1075287089113243e-13,3,down,"[-0.912, -0.536]",TRUE,FALSE,TRUE,TRUE,TRUE,TRUE,TRUE,TRUE
EZR,3,0.5417969800073282,0.07187690821310817,7.537844816598843,4.778019542434183e-14,0.40092082858954503,0.6826731314251114,0,0,5.829183841769703e-13,6.710582375143587,1.938491753009924e-11,7.257446218811136e-11,up,1.7267869368834865e-12,4.164367566391106e-12,8.316631358670788e-4,4.3829994597399814e-13,3,up,"[0.401, 0.683]",TRUE,FALSE,TRUE,TRUE,TRUE,TRUE,TRUE,TRUE
MKNK2,4,0.6285072130075866,0.08348848458898445,7.528070680666211,5.1495516629627363e-14,0.4648727900893498,0.7921416359258234,0,0,6.245713537417961e-13,7.5983678846899,2.9988879816198596e-14,1.6314656500228378e-13,up,1.6856430957178122e-12,4.0793743063229204e-12,1.5902643830909488e-6,1.1891187931031193e-12,4,up,"[0.465, 0.792]",TRUE,TRUE,TRUE,TRUE,TRUE,TRUE,TRUE,TRUE
PWP1,3,-0.4349317509095611,0.05782749431488411,-7.521193094434576,5.4278614395763464e-14,-0.5482715570829286,-0.3215919447361935,0,0,6.544991061442639e-13,-6.956774072339569,3.4815260298817705e-12,1.4097654813580933e-11,down,2.345639230913422e-12,5.572572468401417e-12,1.4014066284858556e-5,4.766564587192008e-13,3,down,"[-0.548, -0.322]",TRUE,FALSE,TRUE,TRUE,TRUE,TRUE,TRUE,TRUE
IMMT,3,-0.3747808769420595,0.0498694745877053,-7.515236124714598,5.680830831410036e-14,-0.47252325106189735,-0.2770385028222217,0,0,6.810429563204864e-13,-7.335363540803914,2.2112043772702381e-13,1.0466603247546037e-12,down,1.5389810201812066e-12,3.763970089452621e-12,2.7561417335319216e-7,5.3969051612662895e-12,3,down,"[-0.473, -0.277]",TRUE,FALSE,TRUE,TRUE,TRUE,TRUE,TRUE,TRUE
CMSS1,4,-0.5056254596673019,0.06748329585369099,-7.492601736043494,6.752155322298026e-14,-0.6378902890985974,-0.3733606302360064,0,0,8.048258700256383e-13,-6.99748592019467,2.605962410512677e-12,1.0737436205098471e-11,down,9.150792411105665e-12,1.9935654895623048e-11,2.0037043550683697e-6,9.338664579467537e-13,4,down,"[-0.638, -0.373]",TRUE,TRUE,TRUE,TRUE,TRUE,TRUE,TRUE,TRUE
MRPL32,4,-0.4053827099798272,0.05418078439165153,-7.482038411431539,7.317854835912887e-14,-0.5115750960415941,-0.2991903239180603,0,0,8.608083725759995e-13,-7.191016562623475,6.431067939953428e-13,2.8354204759401226e-12,down,3.166984021979759e-12,7.380140293916876e-12,3.829545389050875e-7,1.0187354067086948e-10,4,down,"[-0.512, -0.299]",TRUE,TRUE,TRUE,TRUE,TRUE,TRUE,TRUE,TRUE
TRUB1,3,-0.5069913210387232,0.067763830145862,-7.481739446359832,7.334525335280958e-14,-0.6398059875791023,-0.37417665449834414,0,0,8.608083725759995e-13,-7.38489498589505,1.5257376212836437e-13,7.404432708014323e-13,down,2.217910859723169e-12,5.287295543753854e-12,9.807631909070424e-9,1.474935959006076e-11,3,down,"[-0.640, -0.374]",TRUE,FALSE,TRUE,TRUE,TRUE,TRUE,TRUE,TRUE
NIPAL2,3,-0.7067485672625712,0.0944658055694186,-7.481527977265954,7.346339534520343e-14,-0.8918981439491949,-0.5215989905759475,0,0,8.608083725759995e-13,-7.122491982919605,1.0599292100094865e-12,4.572316382169823e-12,down,2.719093628153458e-12,6.401135283530389e-12,1.8747820379737665e-7,9.207826497398224e-13,3,down,"[-0.892, -0.522]",TRUE,FALSE,TRUE,TRUE,TRUE,TRUE,TRUE,TRUE
GABARAPL1,5,-0.5269454964154231,0.07044205813476853,-7.480552249158877,7.401093523917906e-14,-0.6650093933564462,-0.3888815994744,0,0,8.62352133067738e-13,-7.445577357490134,9.652135205336289e-14,4.83653062186092e-13,down,6.0475943109098315e-12,1.3538112303093302e-11,1.3824009011948965e-7,6.563625629615999e-13,5,down,"[-0.665, -0.389]",TRUE,TRUE,TRUE,TRUE,TRUE,TRUE,TRUE,TRUE
PHLPP1,3,0.4377260100797059,0.05853531590301725,7.477981511280149,7.547281238870724e-14,0.32299889908611745,0.5524531210732944,0,0,8.744726977328424e-13,7.098509339922916,1.2610966669875189e-12,5.397610502916486e-12,up,2.042104841892934e-12,4.885035111979175e-12,1.0939707298649998e-6,5.413372068168373e-13,3,up,"[0.323, 0.552]",TRUE,FALSE,TRUE,TRUE,TRUE,TRUE,TRUE,TRUE
PDE1A,3,-0.816627924892931,0.1092595998497715,-7.474198386373084,7.767588361463492e-14,-1.030772805563741,-0.602483044222121,0,0,8.949987923152935e-13,-7.176047841209778,7.175545396113116e-13,3.1505095725528405e-12,down,1.3076974947843426e-12,3.248101322374523e-12,4.502705454481017e-6,4.284001451690697e-11,3,down,"[-1.031, -0.602]",TRUE,FALSE,TRUE,TRUE,TRUE,TRUE,TRUE,TRUE
GFAP,4,0.8272491440489974,0.11070366927640612,7.472644307602061,7.859909680856646e-14,0.6102739393108081,1.0442243487871867,0,0,9.006327446462257e-13,7.376829496338973,1.6210338751941506e-13,7.833496596495223e-13,up,4.277770274654488e-12,9.781803252076523e-12,2.0689168729755913e-8,3.672145772949638e-12,4,up,"[0.610, 1.044]",TRUE,TRUE,TRUE,TRUE,TRUE,TRUE,TRUE,TRUE
BEX3,3,-0.5869806617201287,0.07861658935156476,-7.466371494382892,8.243640215570854e-14,-0.7410663454365708,-0.4328949780036867,0,0,9.394126267634037e-13,-7.148191508891768,8.792858771197465e-13,3.8265362442939945e-12,down,2.8500875215476367e-12,6.679188157841581e-12,6.735453732064064e-7,1.7843113000922896e-12,3,down,"[-0.741, -0.433]",TRUE,FALSE,TRUE,TRUE,TRUE,TRUE,TRUE,TRUE
PSMA1,4,-0.3668127397486041,0.04917022860650786,-7.46005764349965,8.64846353639088e-14,-0.4631846169289606,-0.2704408625682476,0,0,9.801592007909665e-13,-6.9794860039075415,2.9626194246400296e-12,1.2119210876458883e-11,down,1.3310764199462679e-11,2.840177463959424e-11,1.319046671555756e-6,1.1236742339250337e-12,4,down,"[-0.463, -0.270]",TRUE,TRUE,TRUE,TRUE,TRUE,TRUE,TRUE,TRUE
MAP3K3,3,0.3279925367364736,0.04397899199362116,7.457936661759927,8.788789776072105e-14,0.24179529635260072,0.4141897771203465,0,0,9.906494562811708e-13,7.343906196643578,2.0744854000369442e-13,9.863641284907258e-13,up,2.6770540281601527e-12,6.3093296072774505e-12,9.916546334889417e-8,2.236288134101108e-11,3,up,"[0.242, 0.414]",TRUE,FALSE,TRUE,TRUE,TRUE,TRUE,TRUE,TRUE
ZNF554,3,-0.484870623972575,0.06504240942336639,-7.454684232506091,9.00833175256243e-14,-0.6123514039100817,-0.3573898440350683,0,0,1.009907029989972e-12,-7.294409645632467,2.999714542394198e-13,1.391400988118375e-12,down,2.8336032827639756e-12,6.655598197567934e-12,2.2201004185631806e-8,6.3823408976249695e-12,3,down,"[-0.612, -0.357]",TRUE,FALSE,TRUE,TRUE,TRUE,TRUE,TRUE,TRUE
MTCH2,4,-0.4707773720994025,0.06316169366747988,-7.453526730582149,9.087757524521081e-14,-0.5945720168902147,-0.34698272730859037,0.00615192554818432,40.18758946035855,1.013333822895523e-12,-9.460585636630922,3.0622327205744583e-21,1.2582374000760383e-18,down,2.1625178994375339e-26,3.6463919702710937e-25,3.0143009805686265e-8,2.2224472693410605e-23,4,down,"[-0.595, -0.347]",TRUE,TRUE,TRUE,TRUE,TRUE,FALSE,TRUE,TRUE
SCFD2,3,-0.4211720661040555,0.05660363493320593,-7.440724727326288,1.0013441284698368e-13,-0.5321131519671924,-0.3102309802409186,0,0,1.1105816697574556e-12,-7.184037163427155,6.768245377480593e-13,2.9778669132567793e-12,down,2.4134713734398233e-12,5.727162046354912e-12,2.744685733166171e-7,2.1551958079648417e-12,3,down,"[-0.532, -0.310]",TRUE,FALSE,TRUE,TRUE,TRUE,TRUE,TRUE,TRUE
RGL2,4,0.4778855108876101,0.06429618176332011,7.432564388453868,1.0651222418022878e-13,0.3518673102880617,0.6039037114871586,0.00461645157049693,27.730801760941905,1.1750337922861406e-12,9.25950488728198,2.053823468908149e-20,5.237958060705058e-18,up,1.6643316577858698e-19,1.0889034253147932e-18,2.3739691487254688e-5,4.105370802992148e-19,4,up,"[0.352, 0.604]",TRUE,TRUE,TRUE,TRUE,TRUE,TRUE,TRUE,TRUE
NUPR1,4,0.6884396808122335,0.0926517668596153,7.430399917309164,1.0826983062874383e-13,0.5068455546633858,0.8700338069610812,0,0,1.1881038556826173e-12,7.354657510113645,1.9141727113537537e-13,9.154362349287012e-13,up,4.0123529825886394e-12,9.205331953416855e-12,3.249680264469975e-6,1.592983707207108e-12,4,up,"[0.507, 0.870]",TRUE,TRUE,TRUE,TRUE,TRUE,TRUE,TRUE,TRUE
CCDC157,3,0.498108852612694,0.06705594898726694,7.428257449719762,1.1003763096963847e-13,0.36668160764849567,0.6295360975768923,0,0,1.2011476138475273e-12,6.642393456153709,3.0862975251759647e-11,1.1255550540533252e-10,up,4.307375110857933e-12,9.827828360747364e-12,5.678391226004443e-4,1.1863109314534397e-12,3,up,"[0.367, 0.630]",TRUE,FALSE,TRUE,TRUE,TRUE,TRUE,TRUE,TRUE
JMJD6,3,0.7303294852155922,0.09835511290383932,7.4254348722025965,1.1240996969536746e-13,0.5375570062286963,0.923101964202488,0,0,1.2206192520847753e-12,7.409754985011362,1.2653296932465605e-13,6.22025816633537e-13,up,1.630341049480907e-12,3.969736172036855e-12,1.5017401021072837e-7,3.695939335636472e-9,3,up,"[0.538, 0.923]",TRUE,FALSE,TRUE,TRUE,TRUE,TRUE,TRUE,TRUE
SCG3,3,-0.6683816187093363,0.09011988735250558,-7.416582935739251,1.2018063635768037e-13,-0.8450133522110539,-0.4917498852076187,0,0,1.298201248988693e-12,-7.018438439684015,2.2436156741389858e-12,9.29363289046874e-12,down,4.427834099506763e-12,1.0080491682082355e-11,1.3746091350096714e-6,1.372041321249337e-12,3,down,"[-0.845, -0.492]",TRUE,FALSE,TRUE,TRUE,TRUE,TRUE,TRUE,TRUE
SOX13,4,0.533874823403191,0.07204525255591154,7.410270690478479,1.2604188245541613e-13,0.3926687231365122,0.6750809236698699,0,0,1.3544604363343685e-12,7.256571834911579,3.970239240948966e-13,1.800913181604327e-12,up,1.1815406162294576e-11,2.5473131372763978e-11,3.43714962991754e-8,6.78699123654358e-12,4,up,"[0.393, 0.675]",TRUE,TRUE,TRUE,TRUE,TRUE,TRUE,TRUE,TRUE
ALOX15B,3,1.2504777599643488,0.16891446448141992,7.403023558718961,1.3311812165079873e-13,0.9194114931128956,1.581544026815802,0,0,1.4231287850709101e-12,7.408679424468634,1.2756324305899757e-13,6.26465966576591e-13,up,3.1868822214991038e-12,7.409858438777066e-12,5.577782142582045e-9,1.538108040727125e-10,3,up,"[0.919, 1.582]",TRUE,FALSE,TRUE,TRUE,TRUE,TRUE,TRUE,TRUE
SMG5,4,0.31480131867630845,0.04253489064591238,7.401013941634782,1.3514854074933018e-13,0.23143446492397057,0.3981681724286463,0,0,1.4374260180210808e-12,7.148493983168313,8.773509514627901e-13,3.819239339034017e-12,up,1.4189161832279529e-11,3.0151968893593993e-11,8.97347385126358e-8,1.723659798742613e-12,4,up,"[0.231, 0.398]",TRUE,TRUE,TRUE,TRUE,TRUE,TRUE,TRUE,TRUE
TRAM1L1,3,-0.778958328602959,0.1053655442011886,-7.392913257445804,1.436461928873987e-13,-0.9854710004487516,-0.5724456567571663,0,0,1.520011245145229e-12,-6.646828138998701,2.994763587689598e-11,1.0946020012133564e-10,down,4.926373529077164e-12,1.1129955010137297e-11,4.7043605929245465e-4,1.721398235180682e-12,3,down,"[-0.985, -0.572]",TRUE,FALSE,TRUE,TRUE,TRUE,TRUE,TRUE,TRUE
CLTC,3,-0.43591268393397703,0.05904663088948798,-7.3825157738437905,1.5532612337911752e-13,-0.5516419538858037,-0.32018341398215033,0,0,1.628490091039045e-12,-7.428269008369584,1.1002801796797019e-13,5.456032322434513e-13,down,2.5212302013641794e-12,5.9624075685624936e-12,1.355793118500195e-7,1.0093817573042084e-10,3,down,"[-0.552, -0.320]",TRUE,FALSE,TRUE,TRUE,TRUE,TRUE,TRUE,TRUE
ATXN10,3,-0.40666207834796625,0.05508539281398769,-7.382394089866663,1.5546819576939772e-13,-0.5146274643376236,-0.29869669235830887,0,0,1.628490091039045e-12,-6.95798135987391,3.4518287208706897e-12,1.3985059008249588e-11,down,3.5403022204172468e-12,8.185715501834304e-12,6.404033534242653e-6,8.462767783818399e-13,3,down,"[-0.515, -0.299]",TRUE,FALSE,TRUE,TRUE,TRUE,TRUE,TRUE,TRUE
FAM98A,3,-0.43176311592911054,0.05856569580949799,-7.372286966990813,1.6772548654926605e-13,-0.546549770445255,-0.3169764614129661,0,0,1.7480535633325517e-12,-6.666108664653807,2.6267480571563207e-11,9.667792301929906e-11,down,6.646543105529671e-12,1.479069785500916e-11,3.4483590074084523e-4,2.298410988554856e-12,3,down,"[-0.547, -0.317]",TRUE,FALSE,TRUE,TRUE,TRUE,TRUE,TRUE,TRUE
HPRT1,4,-0.7788385932641633,0.10569949944501544,-7.368422720576011,1.7265857061595694e-13,-0.9860058053603048,-0.5716713811680216,0,0,1.7904693772874737e-12,-7.079522932051981,1.4465156254684785e-12,6.1485227390602695e-12,down,1.832880149301431e-11,3.8281907650062107e-11,3.456255697803546e-8,2.8340924038428314e-12,4,down,"[-0.986, -0.572]",TRUE,TRUE,TRUE,TRUE,TRUE,TRUE,TRUE,TRUE
ISYNA1,4,0.5721303212396627,0.07771179595837445,7.362206910597184,1.808942870543579e-13,0.41981799998732344,0.7244426424920019,0,0,1.8635787194834405e-12,7.302309393530062,2.8286987738894554e-13,1.3178618035707976e-12,up,6.7159533975244865e-12,1.492913970682292e-11,5.085587068726029e-7,5.020719591223361e-12,4,up,"[0.420, 0.724]",TRUE,TRUE,TRUE,TRUE,TRUE,TRUE,TRUE,TRUE
ADAM33,4,0.8419531791290962,0.11436851660756672,7.361756575177891,1.8150573834891757e-13,0.6177950056129944,1.066111352645198,0,0,1.8635787194834405e-12,7.27255913052053,3.527400927350713e-13,1.6128999850810437e-12,up,9.50262067363426e-12,2.068041477137194e-11,2.5343786485675133e-8,6.0266314785053755e-12,4,up,"[0.618, 1.066]",TRUE,TRUE,TRUE,TRUE,TRUE,TRUE,TRUE,TRUE
YWHAB,5,-0.5003523860680662,0.06803554466756688,-7.354279127371908,1.919602303369614e-13,-0.6336996032850634,-0.36700516885106904,0,0,1.9612094468909257e-12,-7.247627093951541,4.241364054250468e-13,1.913918764199906e-12,down,3.3964653516700337e-11,6.859074137647178e-11,3.016346778783633e-9,2.3784119359651325e-12,5,down,"[-0.634, -0.367]",TRUE,TRUE,TRUE,TRUE,TRUE,TRUE,TRUE,TRUE
CMAS,4,-0.4645012046921399,0.06320434050956333,-7.349197870704103,1.9939982196789779e-13,-0.58837943575749,-0.34062297362678984,0,0,2.0272315233402937e-12,-7.016505020840322,2.274867330943517e-12,9.409909832023631e-12,down,2.7075747299591372e-11,5.548922914955781e-11,1.3342871086658644e-7,2.5682465824508404e-12,4,down,"[-0.588, -0.341]",TRUE,TRUE,TRUE,TRUE,TRUE,TRUE,TRUE,TRUE
SRRM2,3,0.4832173112099649,0.06575758909352188,7.34846453270546,2.0049664995818625e-13,0.35433480487647817,0.6120998175434517,0.00211679863718604,16.238914624050448,2.0284392781135524e-12,7.993310960225395,1.3136224091243309e-15,8.659136664780349e-15,up,9.245361883163492e-15,3.0827782227783096e-14,1.3531873942810276e-7,3.9372231758347685e-8,3,up,"[0.354, 0.612]",TRUE,FALSE,TRUE,TRUE,TRUE,TRUE,TRUE,TRUE
GABRA4,3,-0.8110293462718404,0.11038263297553053,-7.347436135643081,2.020447778382943e-13,-1.0273753314225835,-0.5946833611210973,0,0,2.0341789768768073e-12,-7.070563842489958,1.5430542289894446e-12,6.530717640976214e-12,down,5.070587860870872e-12,1.1406072910462244e-11,3.9337966381026244e-7,2.396871683745752e-12,3,down,"[-1.027, -0.595]",TRUE,FALSE,TRUE,TRUE,TRUE,TRUE,TRUE,TRUE
ICA1,3,-0.7919017430361944,0.10788609155917324,-7.34016527609449,2.1333025245457138e-13,-1.0033545969249646,-0.5804488891474242,0,0,2.137424848264643e-12,-7.225860840874348,4.979374384220681e-13,2.224625220513005e-12,down,2.885498526983729e-12,6.754541698605252e-12,6.254825182253952e-5,1.9635177328902283e-11,3,down,"[-1.003, -0.580]",TRUE,FALSE,TRUE,TRUE,TRUE,TRUE,TRUE,TRUE
NDUFS1,3,-0.38555898701302904,0.05263974935035093,-7.3244837175589375,2.398201773123058e-13,-0.48873099989493257,-0.2823869741311255,0.00231687453856713,27.288832834095786,2.3912838833928953e-12,-8.707248999981973,3.1133865831913832e-18,2.572805270311002e-16,down,1.967848649563397e-17,9.339400684655572e-17,6.949544396378197e-6,4.707617933005618e-15,3,down,"[-0.489, -0.282]",TRUE,FALSE,TRUE,TRUE,TRUE,TRUE,TRUE,TRUE
ZFP36L1,4,0.4789956098261859,0.06546346298782589,7.316991615846288,2.5359168963483557e-13,0.3506895800667763,0.6073016395855955,0,0,2.516503178481574e-12,7.041283531383854,1.904769591193732e-12,7.947913058656611e-12,up,1.7542872601924076e-11,3.6807027934825e-11,2.24108228485832e-7,2.8161010297778444e-12,4,up,"[0.351, 0.607]",TRUE,TRUE,TRUE,TRUE,TRUE,TRUE,TRUE,TRUE
BGN,3,0.6029064481093328,0.082424270806472,7.314671300216007,2.580121763565215e-13,0.4413578458766715,0.7644550503419941,0,0,2.5481773988734554e-12,7.031353070859509,2.045401839306955e-12,8.501147515321293e-12,up,7.829985444595183e-12,1.7184539483693552e-11,6.425556499626676e-7,4.671606427803031e-12,3,up,"[0.441, 0.764]",TRUE,FALSE,TRUE,TRUE,TRUE,TRUE,TRUE,TRUE
PJA2,3,-0.4680224639224992,0.06398978725407341,-7.314018127052083,2.5927014520957013e-13,-0.5934401423188632,-0.34260478552613516,0,0,2.5484657875101818e-12,-7.259591933828999,3.882598342917507e-13,1.7644053667722201e-12,down,3.567500462448233e-12,8.230251344958438e-12,3.480854910325423e-7,7.137180641010411e-10,3,down,"[-0.593, -0.343]",TRUE,FALSE,TRUE,TRUE,TRUE,TRUE,TRUE,TRUE
PYROXD2,4,0.4889792377761024,0.06688289100575695,7.310976401035259,2.652081132627675e-13,0.3578911802229009,0.6200672953293039,0,0,2.5896658244938832e-12,7.052833662667361,1.7531037631653194e-12,7.354484079620365e-12,up,2.0118121440894383e-11,4.176675061903399e-11,1.215010167688313e-7,3.981956435616659e-12,4,up,"[0.358, 0.620]",TRUE,TRUE,TRUE,TRUE,TRUE,TRUE,TRUE,TRUE
EBF4,4,0.4937471555510221,0.06753855871213241,7.310596568332261,2.6595892990221663e-13,0.3613740129074987,0.6261202981945455,0,0,2.5896658244938832e-12,7.168892249349898,7.560703275908309e-13,3.312734681790157e-12,up,1.2514020776489438e-11,2.689541874656901e-11,1.7974063951985864e-7,5.040365521548684e-12,4,up,"[0.361, 0.626]",TRUE,TRUE,TRUE,TRUE,TRUE,TRUE,TRUE,TRUE
COL25A1,4,-0.8530639470218865,0.11672679410724668,-7.308210197549889,2.707240703273485e-13,-1.081844259502912,-0.6242836345408608,0,0,2.623746363826733e-12,-7.075760413175273,1.4863146158663413e-12,6.308627201691512e-12,down,1.3989664625466822e-11,2.975852762381353e-11,2.9843910375612844e-6,9.129213017600676e-12,4,down,"[-1.082, -0.624]",TRUE,TRUE,TRUE,TRUE,TRUE,TRUE,TRUE,TRUE
TIMM8A,3,-0.3618162036829561,0.04958893496789746,-7.296309225378326,2.95768718652001e-13,-0.459008730251734,-0.26462367711417817,0,0,2.8531363836476745e-12,-7.225856348494826,4.979539011032017e-13,2.224625220513005e-12,down,4.19424126397365e-12,9.61199600163685e-12,1.814254091771306e-5,3.0989657476982823e-9,3,down,"[-0.459, -0.265]",TRUE,FALSE,TRUE,TRUE,TRUE,TRUE,TRUE,TRUE
UBIAD1,3,0.35798273726981245,0.04908948023068275,7.292453201532575,3.0436130711526154e-13,0.26176912399788327,0.4541963505417416,0,0,2.922432180356724e-12,7.063413812887833,1.6246098264812109e-12,6.850407227283373e-12,up,6.051027051575454e-12,1.3538112303093302e-11,1.0196002658120564e-6,7.0289231963531094e-12,3,up,"[0.262, 0.454]",TRUE,FALSE,TRUE,TRUE,TRUE,TRUE,TRUE,TRUE
VDAC3,4,-0.4926094225219278,0.06761307499158925,-7.285712454036532,3.1997479338081834e-13,-0.6251286143894486,-0.36009023065440704,0,0,3.0581922648470834e-12,-7.040020370755975,1.9221172933878372e-12,8.015776431855903e-12,down,3.5023017192317976e-11,7.065927787633023e-11,2.479501419015958e-7,7.135521179369215e-12,4,down,"[-0.625, -0.360]",TRUE,TRUE,TRUE,TRUE,TRUE,TRUE,TRUE,TRUE
CERS4,3,0.40532211209516267,0.05571757123354769,7.274583279953115,3.47491451847928e-13,0.2961176791713643,0.5145265450189611,0.00227166045058687,23.15865511077849,3.305950785011939e-12,8.244745787437038,1.6551171252808023e-16,1.6219673066919e-15,up,2.920877187838362e-17,1.3461998416837254e-16,2.2793902183714183e-5,3.8913940444443235e-17,3,up,"[0.296, 0.515]",TRUE,FALSE,TRUE,TRUE,TRUE,TRUE,TRUE,TRUE
FEN1,3,-0.5907947117558792,0.08124705815636549,-7.27158281372914,3.552994484377891e-13,-0.7500360195921867,-0.4315534039195716,0,0,3.3647993427396096e-12,-7.067201058376408,1.5808982318901657e-12,6.675605665463696e-12,down,7.079173568329326e-12,1.560276937376729e-11,1.23631360190576e-7,3.2119302502685735e-10,3,down,"[-0.750, -0.432]",TRUE,FALSE,TRUE,TRUE,TRUE,TRUE,TRUE,TRUE
GRIA4,3,-0.4447354528165035,0.06120121737428102,-7.266774614901656,3.681723269822408e-13,-0.5646876346801013,-0.3247832709529057,0,0,3.4708609370962157e-12,-6.697928820096843,2.1139418201807223e-11,7.860590096559388e-11,down,1.0963739918217516e-11,2.376049800458007e-11,8.415578391120252e-5,2.7120830747599787e-12,3,down,"[-0.565, -0.325]",TRUE,FALSE,TRUE,TRUE,TRUE,TRUE,TRUE,TRUE
DHX34,3,0.45948660087655313,0.06330509497301788,7.25828783721748,3.920206649200236e-13,0.3354108946915505,0.5835623070615558,0,0,3.6789631630956065e-12,7.202690706952689,5.903578593640208e-13,2.6161094834369663e-12,up,8.595963021270588e-12,1.8805935976914766e-11,2.324553500532549e-7,9.617857891303982e-11,3,up,"[0.335, 0.584]",TRUE,FALSE,TRUE,TRUE,TRUE,TRUE,TRUE,TRUE
AMACR,4,-0.4922212094648548,0.06786074247396044,-7.253401473668376,4.0643306119520267e-13,-0.6252258206779648,-0.35921659825174485,0,0,3.797036796931758e-12,-7.0612672716605305,1.6499089561469124e-12,6.949160956527657e-12,down,2.1520530166565763e-11,4.4544490584288806e-11,5.1025176623190196e-8,4.549555474316982e-12,4,down,"[-0.625, -0.359]",TRUE,TRUE,TRUE,TRUE,TRUE,TRUE,TRUE,TRUE
SLC20A1,3,-0.34515479996048154,0.04763855031600676,-7.24528344525438,4.3153576573795284e-13,-0.438524642855554,-0.2517849570654091,0,0,3.999069901799018e-12,-6.705576570250004,2.0061266257934134e-11,7.487919517722982e-11,down,1.3388833441938162e-11,2.850969256527695e-11,1.4175947110891567e-4,6.884213896211645e-12,3,down,"[-0.439, -0.252]",TRUE,FALSE,TRUE,TRUE,TRUE,TRUE,TRUE,TRUE
MAP10,3,-0.7353787963378754,0.10149925600159482,-7.245164401267342,4.319149749291129e-13,-0.934313682558612,-0.5364439101171387,0,0,3.999069901799018e-12,-7.086749269596536,1.3729880449589001e-12,5.85094092109837e-12,down,1.2920255687049374e-11,2.7711075796215514e-11,8.176915245510366e-8,2.5677859329822405e-11,3,down,"[-0.934, -0.536]",TRUE,FALSE,TRUE,TRUE,TRUE,TRUE,TRUE,TRUE
LCLAT1,4,-0.3872977178446258,0.05349699811509444,-7.239615894173843,4.4995724128092874e-13,-0.49214990743121806,-0.28244552825803354,0,0,4.147605859629538e-12,-6.801618703144484,1.0345010737492159e-11,3.9808376386312186e-11,down,5.484236811495603e-11,1.070019487021814e-10,1.4266882248550229e-6,3.9522375130722784e-12,4,down,"[-0.492, -0.282]",TRUE,TRUE,TRUE,TRUE,TRUE,TRUE,TRUE,TRUE
STK10,3,0.47976616833501706,0.06642059028035437,7.223154240424155,5.079534421636764e-13,0.34958420355363135,0.6099481331164027,0,0,4.661484243572853e-12,6.771103453447621,1.2780384116333136e-11,4.8748695680453786e-11,up,1.8382549789649076e-11,3.835554151280904e-11,1.7774999234967803e-5,6.596268508527393e-12,3,up,"[0.350, 0.610]",TRUE,FALSE,TRUE,TRUE,TRUE,TRUE,TRUE,TRUE
PHF21A,3,0.37672098523607306,0.05219270208528461,7.217886221343712,5.280186446711238e-13,0.27442516889308666,0.47901680157905946,0,0,4.824276075100928e-12,6.823630329875001,8.876813223004201e-12,3.436425574317669e-11,up,1.8224706034353404e-11,3.81028632210171e-11,9.517937033811186e-6,8.577904445945739e-12,3,up,"[0.274, 0.479]",TRUE,FALSE,TRUE,TRUE,TRUE,TRUE,TRUE,TRUE
OXCT1,4,-0.4884577760802731,0.06768376555443649,-7.216764198608568,5.323917524558226e-13,-0.6211155189050213,-0.3558000332555249,0,0,4.842896906111298e-12,-6.958718819271796,3.4338107686355115e-12,1.3919684540875989e-11,down,4.040942321703222e-11,8.035392497806791e-11,4.5440032143954386e-8,5.752610039264874e-12,4,down,"[-0.621, -0.356]",TRUE,TRUE,TRUE,TRUE,TRUE,TRUE,TRUE,TRUE
MCM4,3,-0.5244007545826482,0.0726899083076594,-7.214216757065185,5.424529046644202e-13,-0.6668703569051795,-0.381931152260117,0,0,4.912870411676889e-12,-7.155174024526235,8.356684099703243e-13,3.6474497256656934e-12,down,9.142583307075283e-12,1.9935654895623048e-11,7.248842089914348e-8,6.021537903001618e-11,3,down,"[-0.667, -0.382]",TRUE,FALSE,TRUE,TRUE,TRUE,TRUE,TRUE,TRUE
PFN2,3,-0.6303223787079865,0.08741406168300894,-7.210766398130943,5.563783248078066e-13,-0.8016507913490467,-0.4589939660669262,0,0,5.017081068049525e-12,-6.698428902048246,2.1067217706815068e-11,7.837683207223554e-11,down,1.2966567660266031e-11,2.7781674924991476e-11,1.662107461271744e-4,9.645425454658584e-12,3,down,"[-0.802, -0.459]",TRUE,FALSE,TRUE,TRUE,TRUE,TRUE,TRUE,TRUE
ZSWIM8,3,0.3780506567027415,0.0524667989234821,7.205521671983322,5.782204614929975e-13,0.27521762042861175,0.4808836929768713,0,0,5.191468559032366e-12,6.821984645796866,8.979126561051034e-12,3.4751240212210066e-11,up,1.0813957403543675e-11,2.348497136643935e-11,4.960625822243061e-5,2.821714420940992e-11,3,up,"[0.275, 0.481]",TRUE,FALSE,TRUE,TRUE,TRUE,TRUE,TRUE,TRUE
TSFM,3,-0.4579548186755854,0.063579179158455415,-7.202905491029477,5.894282979629537e-13,-0.5825677199927777,-0.3333419173583932,0.00196933348156782,13.25272596654409,5.269285732651578e-12,-7.438732151978516,1.0165620254201568e-13,5.069786068784545e-13,down,8.836525373096769e-16,3.3321733861459448e-15,2.4315730146442553e-4,1.2829768553109417e-15,3,down,"[-0.583, -0.333]",TRUE,FALSE,TRUE,TRUE,TRUE,TRUE,TRUE,TRUE
ABCC12,3,-1.0288860925108485,0.14286331572717612,-7.2018914531963985,5.938295994189457e-13,-1.308893046048088,-0.7488791389736085,0,0,5.2858480222956794e-12,-6.735829974410432,1.6299680141966237e-11,6.158489620944176e-11,down,2.0887154827221536e-11,4.331995911165746e-11,6.268511208737967e-5,2.477822088376536e-11,3,down,"[-1.309, -0.749]",TRUE,FALSE,TRUE,TRUE,TRUE,TRUE,TRUE,TRUE
MFSD6,4,-0.4055518655980764,0.05640297550532348,-7.190256577151666,6.466967784830444e-13,-0.5160996662094053,-0.2950040649867476,0,0,5.731833840059121e-12,-6.604161316030539,3.9977402874611446e-11,1.439147586569123e-10,down,3.346491166804922e-11,6.771339199954545e-11,7.047215453502429e-5,4.800868170436998e-12,4,down,"[-0.516, -0.295]",TRUE,TRUE,TRUE,TRUE,TRUE,TRUE,TRUE,TRUE
GATB,3,-0.418390979815518,0.05824533184014494,-7.183253431601994,6.807174705268392e-13,-0.5325497324897861,-0.30423222714124987,0,0,6.0076937611602735e-12,-6.800206406860516,1.0446936495296565e-11,4.015880577921694e-11,down,2.1941330865222012e-11,4.527992061141339e-11,3.141692965327968e-5,4.684024137302976e-11,3,down,"[-0.533, -0.304]",TRUE,FALSE,TRUE,TRUE,TRUE,TRUE,TRUE,TRUE
HSPB7,3,0.8787884982191716,0.12284037545513884,7.153905993555873,8.434283688521239e-13,0.6380257864797214,1.1195512099586218,0,0,7.412162868641122e-12,6.782535319509569,1.1808498024590872e-11,4.5228198544730237e-11,up,2.7729168391104434e-11,5.6772255916239476e-11,1.0778377225357809e-6,7.532569436510394e-12,3,up,"[0.638, 1.120]",TRUE,FALSE,TRUE,TRUE,TRUE,TRUE,TRUE,TRUE
MRPL15,3,-0.407496380869053,0.05705978184787084,-7.141569204654407,9.227139877201016e-13,-0.5193314982565921,-0.2956612634815138,0,0,8.040793321560886e-12,-6.9303601127656504,4.197706734300136e-12,1.6836355209806836e-11,down,1.4805760695018783e-11,3.1397901514794426e-11,3.181537866257698e-5,1.7452942476705913e-9,3,down,"[-0.519, -0.296]",TRUE,FALSE,TRUE,TRUE,TRUE,TRUE,TRUE,TRUE
PREPL,4,-0.6423041866449308,0.0899910481726498,-7.1374231069367715,9.509678582907048e-13,-0.8186833999943335,-0.4659249732955282,0,0,8.252331958556157e-12,-6.890858200969178,5.545679710646477e-12,2.1986516826556603e-11,down,6.445168141010796e-11,1.248111925719551e-10,2.684595339351487e-7,1.3886364624209856e-11,4,down,"[-0.819, -0.466]",TRUE,TRUE,TRUE,TRUE,TRUE,TRUE,TRUE,TRUE
JADE2,3,0.35749602374224887,0.05010184571676033,7.135386304194726,9.651570939925166e-13,0.2592982105784163,0.45569383690608145,0,0,8.340565887251999e-12,7.121053998000075,1.0710481677421369e-12,4.617588020181198e-12,up,2.1869778941951676e-11,4.5177212674908144e-11,8.522669067706496e-8,6.36201882891245e-10,3,up,"[0.259, 0.456]",TRUE,FALSE,TRUE,TRUE,TRUE,TRUE,TRUE,TRUE
SMTN,3,0.8901638868718712,0.12477991558124568,7.133871526722384,9.758442024591837e-13,0.6455997463386813,1.134728027405061,0,0,8.397928945644592e-12,7.15234341201007,8.530882143190148e-13,3.719092504039749e-12,up,1.3075848230598892e-11,2.7986903230404646e-11,1.3700083889191536e-7,1.949437144828859e-10,3,up,"[0.646, 1.135]",TRUE,FALSE,TRUE,TRUE,TRUE,TRUE,TRUE,TRUE
SDHAF4,3,-0.48010539873072655,0.06732287559415825,-7.131385795594065,9.936337955312705e-13,-0.6120558102309472,-0.3481549872305058,0,0,8.508959697755071e-12,-6.596827998436114,4.2004759968783475e-11,1.508459357752477e-10,down,3.923001530936366e-11,7.838444292063606e-11,9.077539477633736e-5,1.3704558050865403e-11,3,down,"[-0.612, -0.348]",TRUE,FALSE,TRUE,TRUE,TRUE,TRUE,TRUE,TRUE
TRIM47,3,0.5704383011643985,0.07999497064213312,7.130927064356597,9.969514014245334e-13,0.41365103976147866,0.7272255625673184,0,0,8.508959697755071e-12,6.772156293915411,1.2687696212112246e-11,4.8407635380336427e-11,up,2.1270256620218925e-11,4.407044178854549e-11,3.7214553006135154e-5,1.9975476751107168e-11,3,up,"[0.414, 0.727]",TRUE,FALSE,TRUE,TRUE,TRUE,TRUE,TRUE,TRUE
TPM2,3,0.6361458639242117,0.08921975607382238,7.130100909465059,1.0029537049653045e-12,0.4612783553100711,0.8110133725383523,0,0,8.525106492205089e-12,6.70400307500422,2.0278599190877192e-11,7.5614075934322e-11,up,1.6895608547115008e-11,3.5503031536693547e-11,4.9026719600185234e-5,2.190191250493568e-10,3,up,"[0.461, 0.811]",TRUE,FALSE,TRUE,TRUE,TRUE,TRUE,TRUE,TRUE
APBA3,4,0.4217855214773428,0.05916200491625641,7.129331098132638,1.0085785647991937e-12,0.30583012258829867,0.537740920366387,0,0,8.537926299565417e-12,6.526909267399912,6.714068977951706e-11,2.3545402636761885e-10,up,1.1172960029468758e-10,2.1066108273743823e-10,2.9953608056843252e-5,8.438389566942788e-12,4,up,"[0.306, 0.538]",TRUE,TRUE,TRUE,TRUE,TRUE,TRUE,TRUE,TRUE
SBNO2,3,0.5191913424918724,0.07294765890952169,7.117313293574436,1.100511448899467e-12,0.3762165582726975,0.6621661267110472,0,0,9.278295711453233e-12,6.470693313131304,9.755425793097267e-11,3.351190393207031e-10,up,4.47739255763723e-11,8.843916347180585e-11,2.848242887551596e-4,1.0441594215356472e-11,3,up,"[0.376, 0.662]",TRUE,FALSE,TRUE,TRUE,TRUE,TRUE,TRUE,TRUE
CISD1,3,-0.6239161970155309,0.08776733578605711,-7.108751694780821,1.1709719685714394e-12,-0.7959370141752362,-0.4518953798558256,0,0,9.832371914239535e-12,-6.674688912003557,2.4775714585032705e-11,9.148336748422459e-11,down,3.7142832901312675e-11,7.457331600902468e-11,7.292724518498595e-5,3.9638656113435476e-11,3,down,"[-0.796, -0.452]",TRUE,FALSE,TRUE,TRUE,TRUE,TRUE,TRUE,TRUE
NLK,3,-0.5439494407393372,0.07653297725595509,-7.107386387441395,1.1826101410173006e-12,-0.6939513197906322,-0.3939475616880421,0.00860859064388442,47.24005882769817,9.890054163185008e-12,-8.959451210635052,3.2629830067858447e-19,4.5108452931192717e-17,down,1.4399475534640426e-37,7.657567245857498e-36,4.6021802409821537e-4,9.93496377958534e-39,3,down,"[-0.694, -0.394]",TRUE,FALSE,TRUE,TRUE,TRUE,FALSE,TRUE,TRUE
MDH1,3,-0.8874032919254118,0.1251124911057459,-7.092843281134677,1.3138421637795125e-12,-1.1326192685087615,-0.642187315342062,0,0,1.0943408223609274e-11,-6.879035711827444,6.025905441802623e-12,2.3775725072057718e-11,down,4.023649486879488e-11,8.008684295382012e-11,1.5704809862448473e-6,5.893719861237275e-11,3,down,"[-1.133, -0.642]",TRUE,FALSE,TRUE,TRUE,TRUE,TRUE,TRUE,TRUE
SLC4A11,3,0.6820094786868007,0.09616329907401334,7.092201341406592,1.3199528151862905e-12,0.49353287586718064,0.8704860815064208,0,0,1.0950328554785463e-11,6.836267606989589,8.128304403818122e-12,3.162385027387629e-11,up,3.253547669331469e-11,6.596146496767807e-11,6.5402395557033144e-6,5.021433135635755e-11,3,up,"[0.494, 0.870]",TRUE,FALSE,TRUE,TRUE,TRUE,TRUE,TRUE,TRUE
CSRNP1,3,0.5958378497759341,0.08411973726131482,7.083211017706654,1.4085194301838813e-12,0.4309661943547851,0.7607095051970831,0,0,1.1638523100403865e-11,6.758653175640486,1.3928035079013596e-11,5.296233801767843e-11,up,4.769170893905288e-11,9.384497565426536e-11,6.643777372620627e-6,2.9804591190478935e-11,3,up,"[0.431, 0.761]",TRUE,FALSE,TRUE,TRUE,TRUE,TRUE,TRUE,TRUE
ACP1,3,-0.3668881674303596,0.05186590661943631,-7.073782978911071,1.507660109745964e-12,-0.4685434764299723,-0.2652328584307469,0,0,1.2408282014337816e-11,-7.056953945865972,1.7019199738990122e-12,7.147870600202779e-12,down,1.9546758089067983e-11,4.062121871415531e-11,4.782626853345937e-7,3.198562535891993e-8,3,down,"[-0.469, -0.265]",TRUE,FALSE,TRUE,TRUE,TRUE,TRUE,TRUE,TRUE
TMCC2,4,0.4871816495643062,0.06889269086925671,7.071601405276368,1.5315581995151938e-12,0.35215445666251166,0.6222088424661008,0.00565694117186379,29.714376085116974,1.2555145082191748e-11,8.505429432095179,1.8092464312488013e-17,1.1150988837930114e-15,up,1.346803888438815e-16,5.735669947889327e-16,3.1175747490772884e-8,3.5894766078981197e-13,4,up,"[0.352, 0.622]",TRUE,TRUE,TRUE,TRUE,TRUE,TRUE,TRUE,TRUE
SNCA,4,-0.6071626482164165,0.0861280286888869,-7.049536108734354,1.7951524707939854e-12,-0.7759704825060674,-0.4383548139267657,0,0,1.4642663335500692e-11,-6.719881967359813,1.8187182421148297e-11,6.82804066938136e-11,down,2.3046521169689823e-10,4.1818446986821256e-10,1.026801895475036e-7,1.5733935097348315e-11,4,down,"[-0.776, -0.438]",TRUE,TRUE,TRUE,TRUE,TRUE,TRUE,TRUE,TRUE
SYTL2,3,-0.6141405884410752,0.08712282329009856,-7.049135522113777,1.8003274592828725e-12,-0.7848981843211158,-0.44338299256103464,0,0,1.4642663335500692e-11,-6.625013392913411,3.472166966776146e-11,1.25883072971943e-10,down,3.937647120806515e-11,7.860134868674412e-11,1.2881493773071357e-4,2.873116184676847e-11,3,down,"[-0.785, -0.443]",TRUE,FALSE,TRUE,TRUE,TRUE,TRUE,TRUE,TRUE
ATP6AP2,3,-0.5953111360392264,0.08450335152719216,-7.044822782533808,1.8569769627652773e-12,-0.7609346616054508,-0.429687610473002,0.00558298576431072,23.43490479479507,1.5044414924903067e-11,-8.454432495859686,2.804479845910585e-17,1.6204635109652102e-15,down,3.93975822763037e-16,1.583538481415773e-15,8.077732029616724e-6,2.0070007665349792e-12,3,down,"[-0.761, -0.430]",TRUE,FALSE,TRUE,TRUE,TRUE,TRUE,TRUE,TRUE
CASC3,3,0.5433002398127389,0.07712703372383331,7.044225786747088,1.864955252455035e-12,0.39213403147961945,0.6944664481458583,0,0,1.5050261453664368e-11,6.687545202665799,2.2694512489242276e-11,8.41346437947047e-11,up,4.293957658868818e-11,8.514023120931097e-11,6.591949757873218e-6,9.237064324700242e-12,3,up,"[0.392, 0.694]",TRUE,FALSE,TRUE,TRUE,TRUE,TRUE,TRUE,TRUE
CYP4X1,3,-0.7292057418504739,0.10370113045924696,-7.031801279514896,2.038840498475517e-12,-0.9324562227066876,-0.5259552609942604,0,0,1.6389748813326443e-11,-6.851048462992991,7.331067284543868e-12,2.8688134199199175e-11,down,6.250355389577044e-11,1.211517483923625e-10,2.944493052674167e-6,4.833328614017911e-10,3,down,"[-0.932, -0.526]",TRUE,FALSE,TRUE,TRUE,TRUE,TRUE,TRUE,TRUE
CTDSP2,3,0.4857292548665271,0.06910399319597847,7.028960735872414,2.080775169038101e-12,0.3502879170145084,0.6211705927185458,0,0,1.6662269114227877e-11,6.761395212199999,1.3666914802872119e-11,5.200951987756223e-11,up,3.709547448303171e-11,7.455040123818584e-11,5.7517742099772114e-5,1.059646506081422e-11,3,up,"[0.350, 0.621]",TRUE,FALSE,TRUE,TRUE,TRUE,TRUE,TRUE,TRUE
SCG2,4,-0.7751175441723156,0.11041359766778253,-7.02012759791167,2.2166571708737137e-12,-0.991524219004665,-0.5587108693399662,0,0,1.7682103739969548e-11,-7.003361144371359,2.498935724150209e-12,1.031656634988275e-11,down,1.4162539433073666e-10,2.6367241278451335e-10,6.4233515203708944e-09,5.921561213366006e-11,4,down,"[-0.992, -0.559]",TRUE,TRUE,TRUE,TRUE,TRUE,TRUE,TRUE,TRUE
ZFP36L2,4,0.5738532449025728,0.08183527184399213,7.012297166881127,2.3443659401188907e-12,0.4134590594233035,0.7342474303818421,0.00391541429036998,13.771326664574309,1.8629176091212945e-11,7.59704931382117,3.029591110087351e-14,1.6463523769438686e-13,up,2.0025941159626137e-13,5.552647321532702e-13,1.834916043016013e-5,2.723069913220186e-13,4,up,"[0.413, 0.734]",TRUE,TRUE,TRUE,TRUE,TRUE,TRUE,TRUE,TRUE
PARD3,3,0.5137754846591293,0.07331909103255663,7.0073902638944645,2.42804314405077e-12,0.3700727068561046,0.6574782624621539,0,0,1.922046366702785e-11,7.064890128025716,1.607431270085906e-12,6.781837805793132e-12,up,3.900644288561351e-11,7.80881877845197e-11,1.4264946199538518e-7,1.357758411150966e-9,3,up,"[0.370, 0.657]",TRUE,FALSE,TRUE,TRUE,TRUE,TRUE,TRUE,TRUE
MCF2,3,-0.7243020999754177,0.10338396587085356,-7.005942303279507,2.4532900561165333e-12,-0.9269309496612088,-0.5216732502896266,0,0,1.934647747675167e-11,-6.88036473258044,5.9699509902636276e-12,2.3567524699220597e-11,down,4.3353442789084493e-11,8.587873958410817e-11,6.482092127088777e-7,6.249787478908012e-10,3,down,"[-0.927, -0.522]",TRUE,FALSE,TRUE,TRUE,TRUE,TRUE,TRUE,TRUE
FBXO16,3,-0.7361406838954592,0.1051031985125492,-7.003979843749139,2.487919219700214e-12,-0.9421391676400194,-0.530142200150899,0,0,1.9545244172947893e-11,-6.517599505079337,7.144142897876952e-11,2.4964838588565055e-10,down,4.626577175412399e-11,9.129896348054533e-11,2.896790130126832e-4,2.6323651001575818e-11,3,down,"[-0.942, -0.530]",TRUE,FALSE,TRUE,TRUE,TRUE,TRUE,TRUE,TRUE
LILRA2,3,0.7893419608756166,0.11272604454633198,7.00230336345374,2.517881395005349e-12,0.5684029734451481,1.010280948306085,7.590637827346241e-5,0.17123880117588056,1.964441512559148e-11,6.8878927739946665,5.662486419897816e-12,2.2431574483965855e-11,up,2.8974783136179817e-11,5.914734274058752e-11,2.8649816521950455e-6,2.7894597225946195e-9,3,up,"[0.568, 1.010]",TRUE,FALSE,TRUE,TRUE,TRUE,TRUE,TRUE,TRUE
LAMB2,4,0.5375366671688822,0.07676667092246094,7.002214121175416,2.5194862215078753e-12,0.3870767569478205,0.6879965773899438,0.00271724416440138,10.683080377044286,1.964441512559148e-11,7.230717862516655,4.804475645051441e-13,2.151613797808081e-12,up,7.190707400441562e-13,1.857226294958381e-12,2.7760968812594297e-6,6.035255940588124e-12,4,up,"[0.387, 0.688]",TRUE,TRUE,TRUE,TRUE,TRUE,TRUE,TRUE,TRUE
GSKIP,3,-0.5131612342689615,0.07329880196529089,-7.000949817869579,2.542330007848894e-12,-0.6568242462308653,-0.3694982223070577,0,0,1.9748286278197027e-11,-7.043160252269724,1.8792787720980038e-12,7.848190738812445e-12,down,3.6986357261316834e-11,7.440320558678092e-11,4.836599701599304e-7,6.264604959568772e-9,3,down,"[-0.657, -0.369]",TRUE,FALSE,TRUE,TRUE,TRUE,TRUE,TRUE,TRUE
TFCP2,3,-0.3100144163040168,0.04430935985778085,-6.9965898243410845,2.622676532375495e-12,-0.3968591658032921,-0.2231696668047415,0,0,2.0296384806517825e-11,-6.605373547272011,3.965162407485761e-11,1.4281149825061938e-10,down,8.019269589363122e-11,1.5326227737538018e-10,6.576839973465325e-5,1.018337700425603e-10,3,down,"[-0.397, -0.223]",TRUE,FALSE,TRUE,TRUE,TRUE,TRUE,TRUE,TRUE
DNM2,3,0.3693416638050496,0.05279653795885378,6.9955659610274195,2.641902502047266e-12,0.2658623508972943,0.4728209767128048,0,0,2.0369166502773343e-11,6.469052051939731,9.861962325941051e-11,3.3862151050445695e-10,up,6.605927429315242e-11,1.2768586662068788e-10,1.9489785578728663e-4,2.0054783781792294e-11,3,up,"[0.266, 0.473]",TRUE,FALSE,TRUE,TRUE,TRUE,TRUE,TRUE,TRUE
OPA1,3,-0.5486391725846025,0.0784359242196218,-6.994743518906009,2.6574462582594885e-12,-0.7023707591491741,-0.3949075860200309,0.00926778915017154,50.882995570979986,2.041312422085251e-11,-9.871898259656692,5.511162547135589e-23,6.793426366435804e-20,down,3.242647757425181e-26,5.337501149920496e-25,1.3114309162665274e-6,1.7388732319927298e-22,3,down,"[-0.702, -0.395]",TRUE,FALSE,TRUE,TRUE,TRUE,FALSE,TRUE,TRUE
WSCD1,3,0.5884797338233956,0.0841773978532721,6.990947081176856,2.730367430184589e-12,0.423495065718683,0.7534644019281082,0,0,2.089587472399571e-11,6.65437755261652,2.8450149535045227e-11,1.0437366367122743e-10,up,8.025208931034854e-11,1.5326227737538018e-10,1.5017248350924056e-5,4.936232302952989e-11,3,up,"[0.423, 0.753]",TRUE,FALSE,TRUE,TRUE,TRUE,TRUE,TRUE,TRUE
SLC4A1AP,3,-0.4047880956217711,0.05791962941750456,-6.988789460373091,2.772681343836774e-12,-0.5183084832779867,-0.29126770796555557,0,0,2.11416952467554e-11,-6.683364387731817,2.335179561630039e-11,8.639813925870818e-11,down,7.350020475480486e-11,1.4127842878727088e-10,2.528569760928504e-6,2.8146348672167427e-11,3,down,"[-0.518, -0.291]",TRUE,FALSE,TRUE,TRUE,TRUE,TRUE,TRUE,TRUE
EBNA1BP2,3,-0.41971071733532095,0.0600774629751784,-6.986159144382122,2.8251359931821386e-12,-0.5374603810492091,-0.3019610536214327,0,0,2.1462754761391038e-11,-6.7168991410939425,1.8563235976773045e-11,6.963913499458847e-11,down,4.6880279375759366e-11,9.242366865525183e-11,2.0423007377646924e-6,1.6054388239898e-8,3,down,"[-0.537, -0.302]",TRUE,FALSE,TRUE,TRUE,TRUE,TRUE,TRUE,TRUE
AHI1,3,-0.5399072189060892,0.0772889346469418,-6.9855694268837025,2.8370292177547473e-12,-0.691390747217565,-0.38842369059461335,0,0,2.1474447436581555e-11,-6.759464959283979,1.3850225089077001e-11,5.268000244731987e-11,down,6.696570247418872e-11,1.2931738075555627e-10,1.7095470693872127e-6,4.021406280097676e-11,3,down,"[-0.691, -0.388]",TRUE,FALSE,TRUE,TRUE,TRUE,TRUE,TRUE,TRUE
RTKN2,3,-0.9532522737262265,0.13647677219982116,-6.984721710230157,2.8542117457508306e-12,-1.220741831964153,-0.6857627154882997,0,0,2.1525946038862627e-11,-6.8471982165713765,7.531033816301453e-12,2.9400647192064154e-11,down,5.89386245769581e-11,1.1477812898836726e-10,2.7673343977271074e-6,1.5761985387006078e-10,3,down,"[-1.221, -0.686]",TRUE,FALSE,TRUE,TRUE,TRUE,TRUE,TRUE,TRUE
BBS7,3,-0.4681699365209688,0.06708830203833373,-6.978413856017108,2.9853117095828536e-12,-0.599660592300048,-0.3366792807418897,9.994635243247372e-4,6.9454614000658434,2.2433103208966804e-11,-6.899086042468458,5.2338165618051336e-12,2.080586255904906e-11,down,3.4110581567652327e-12,7.904507952101778e-12,4.797310713267502e-5,1.077080703005239e-12,3,down,"[-0.600, -0.337]",TRUE,FALSE,TRUE,TRUE,TRUE,TRUE,TRUE,TRUE
FBXW7,4,-0.5945627712183852,0.08520711392363699,-6.977853653759886,2.9972362398992484e-12,-0.761565645735315,-0.42755989670145533,0,0,2.244140058321675e-11,-6.80025304338878,1.044355507295003e-11,4.015624295271038e-11,down,2.73526002272498e-10,4.894675830139438e-10,3.7452579360030295e-8,3.4956482371916675e-11,4,down,"[-0.762, -0.428]",TRUE,TRUE,TRUE,TRUE,TRUE,TRUE,TRUE,TRUE
ARHGAP9,3,0.5166401573814429,0.07405316804598731,6.976611143234376,3.023851395403715e-12,0.37149861507021537,0.6617816996926704,0,0,2.2559236669306852e-11,6.931251111478951,4.171348366002467e-12,1.674425645316377e-11,up,7.855734133112776e-11,1.5030251468704702e-10,2.123748127985896e-7,1.205294144306296e-9,3,up,"[0.371, 0.662]",TRUE,FALSE,TRUE,TRUE,TRUE,TRUE,TRUE,TRUE
MYO1C,4,0.4806965519035235,0.06896088609435962,6.970568087622647,3.1566370163796674e-12,0.3455356988166096,0.6158574049904374,0,0,2.3465466566205844e-11,6.935338744884673,4.052489186592926e-12,1.6275976119490244e-11,up,1.5986855638574568e-10,2.9577822118112093e-10,1.618231133125342e-7,9.043424213168784e-11,4,up,"[0.346, 0.616]",TRUE,TRUE,TRUE,TRUE,TRUE,TRUE,TRUE,TRUE
RWDD2A,4,-0.42397760647467314,0.06085791800917806,-6.966679445240512,3.2450891219626378e-12,-0.5432569339467537,-0.3046982790025926,0,0,2.403683871053754e-11,-6.314798748153043,2.705132733092297e-10,8.817612029065943e-10,down,3.615860615927171e-10,6.371533489747623e-10,1.0911896664683228e-4,2.5891557667956437e-11,4,down,"[-0.543, -0.305]",TRUE,TRUE,TRUE,TRUE,TRUE,TRUE,TRUE,TRUE
ZRANB3,4,-0.40290233843664064,0.05785875016596174,-6.9635506691893205,3.3180174501322735e-12,-0.5163034049524265,-0.28950127192085473,0,0,2.4489566518058134e-11,-6.986515546510759,2.8179719131660252e-12,1.1556660905812058e-11,down,8.892375718121452e-11,1.6892242156480628e-10,3.137989962230222e-7,1.75004996593458e-10,4,down,"[-0.516, -0.290]",TRUE,TRUE,TRUE,TRUE,TRUE,TRUE,TRUE,TRUE
CLK2,3,0.40455802223568327,0.05824994367424799,6.945208814245366,3.779009314556985e-12,0.2903902305326705,0.5187258139386961,0,0,2.7793139426919105e-11,6.5783145420535725,4.7581085685269137e-11,1.6988158808991096e-10,up,7.774054464351537e-11,1.4901468538877157e-10,7.531941234819274e-5,2.7532522388446815e-10,3,up,"[0.290, 0.519]",TRUE,FALSE,TRUE,TRUE,TRUE,TRUE,TRUE,TRUE
PLEKHM1,4,0.3788568832454161,0.05462445780843559,6.935663957966273,4.0431766101040384e-12,0.27179491326585464,0.4859188532249776,0.00363121007157651,30.54543680606802,2.9630912683235956e-11,8.355695728722623,6.504818043158441e-17,1.6219673066919e-15,up,6.129059609638182e-18,3.077886109053169e-17,3.8466754653099464e-8,2.59111052272265e-16,4,up,"[0.272, 0.486]",TRUE,TRUE,TRUE,TRUE,TRUE,TRUE,TRUE,TRUE
FBRS,3,0.36648972852983935,0.05285662799103655,6.9336569974155156,4.100983103370384e-12,0.262892641323176,0.4700868157365027,0,0,2.9948728719683716e-11,6.776717208623546,1.2293718152036979e-11,4.6977183907241277e-11,up,7.847855875270337e-11,1.5029042553380127e-10,3.6257015061985465e-7,7.115021330745385e-11,3,up,"[0.263, 0.470]",TRUE,FALSE,TRUE,TRUE,TRUE,TRUE,TRUE,TRUE
TTC8,4,-0.5241032389661743,0.07571315990276845,-6.92222117844814,4.4461631919029535e-12,-0.6724983055313225,-0.375708172401026,0,0,3.2355587578970966e-11,-6.390528417010454,1.6531347825003959e-10,5.526140045818273e-10,down,4.6101132107727115e-10,8.028022501379182e-10,4.709435449478149e-5,4.236769148923252e-11,4,down,"[-0.672, -0.376]",TRUE,TRUE,TRUE,TRUE,TRUE,TRUE,TRUE,TRUE
PNRC1,3,0.35016884447816193,0.05059380404020078,6.921180391969045,4.478956932372407e-12,0.25100681071849135,0.4493308782378325,0,0,3.248026810398732e-11,6.527186215206359,6.701670887316894e-11,2.350749721726144e-10,up,1.4594410891102114e-10,2.7146913173224917e-10,1.5181235114774684e-5,4.2369125126271076e-11,3,up,"[0.251, 0.449]",TRUE,FALSE,TRUE,TRUE,TRUE,TRUE,TRUE,TRUE
AFG3L2,3,-0.3999244613297282,0.05779103244369482,-6.920181980125901,4.510638284673437e-12,-0.5131928035487558,-0.28665611911070055,0,0,3.2596041123389225e-11,-6.9209204281284595,4.48718497188364e-12,1.7963312612747714e-11,down,6.168664967153688e-11,1.1968017906339334e-10,4.570520009021918e-7,3.9427098716595086e-8,3,down,"[-0.513, -0.287]",TRUE,FALSE,TRUE,TRUE,TRUE,TRUE,TRUE,TRUE
LOXL3,4,0.5460876251916412,0.07892289741695199,6.9192546531413335,4.540260707749111e-12,0.3914015886988661,0.7007736616844163,0,0,3.269618301344325e-11,6.567331095380926,5.122506386306184e-11,1.8223211752342728e-10,up,5.115841280890643e-10,8.841879013805995e-10,3.4703434915019584e-6,5.6887591296852725e-11,4,up,"[0.391, 0.701]",TRUE,TRUE,TRUE,TRUE,TRUE,TRUE,TRUE,TRUE
POLR2B,3,-0.5181974399447028,0.07501468824020688,-6.907946324929947,4.917199456344268e-12,-0.6652235272070086,-0.371171352682397,0,0,3.528813727494122e-11,-6.2494595395690915,4.1187541850932303e-10,1.315866347859591e-9,down,1.0238248123345811e-10,1.9391896445496995e-10,0.00117766031106017,4.701861983112549e-11,3,down,"[-0.665, -0.371]",TRUE,FALSE,TRUE,TRUE,TRUE,TRUE,TRUE,TRUE
PPP3CB,3,-0.6457860053093,0.09355740869178916,-6.902564044251642,5.107218392339876e-12,-0.8291551568321013,-0.46241685378649866,0,0,3.6525417054182423e-11,-6.610323549527351,3.8348095528728956e-11,1.3825128663440379e-10,down,1.1234210145757652e-10,2.1162354080201063e-10,4.803651806327475e-7,3.681632431072811e-11,3,down,"[-0.829, -0.462]",TRUE,FALSE,TRUE,TRUE,TRUE,TRUE,TRUE,TRUE
MAPKAPK2,3,0.4650362079154452,0.06742562239683511,6.897025068281365,5.3102814427335066e-12,0.33288441638245114,0.5971879994484393,0,0,3.7751341596928495e-11,6.772443444896713,1.2662531064083175e-11,4.8336557290301505e-11,up,8.876664844300195e-11,1.6890094391815235e-10,3.05955533864542e-6,4.6969322824351205e-9,3,up,"[0.333, 0.597]",TRUE,FALSE,TRUE,TRUE,TRUE,TRUE,TRUE,TRUE
TLN1,3,0.49378804537392174,0.0715956739532266,6.896897788775801,5.3150394148038196e-12,0.35346310297672523,0.6341129877711182,0,0,3.7751341596928495e-11,6.799628495129419,1.0488927590897947e-11,4.0309747187467506e-11,up,8.894083141213523e-11,1.6892242156480628e-10,2.786822790100511e-7,1.5768762901862606e-10,3,up,"[0.353, 0.634]",TRUE,FALSE,TRUE,TRUE,TRUE,TRUE,TRUE,TRUE
PGPEP1,4,0.4562559962775547,0.06618697149580516,6.893441200984269,5.445863514106362e-12,0.3265319158999974,0.585980076655112,0,0,3.854853559131944e-11,6.917694581064601,4.590526311710833e-12,1.835714117405424e-11,up,1.8425743582133887e-10,3.375882702239018e-10,1.3218661469524988e-7,1.1134325912803762e-10,4,up,"[0.327, 0.586]",TRUE,TRUE,TRUE,TRUE,TRUE,TRUE,TRUE,TRUE
GPR22,4,-0.8418047319367206,0.12214281333297858,-6.891971037557829,5.502457838109097e-12,-1.0812002470397573,-0.6024092168336839,0.01062777491048961,17.57574238341121,3.881665835455193e-11,-7.530700904631359,5.0468673051664486e-14,2.6585919222942345e-13,down,4.825280682560518e-13,1.2700040781256994e-12,2.080717450212163e-6,1.8853675762787078e-10,4,down,"[-1.081, -0.602]",TRUE,TRUE,TRUE,TRUE,TRUE,TRUE,TRUE,TRUE
INPP5D,3,0.5869175860311684,0.08522787349803725,6.8864511332045,5.7201396876413495e-12,0.41987402349607966,0.7539611485662572,0,0,4.021549054972258e-11,6.65441309389478,2.8443275985016656e-11,1.0437366367122743e-10,up,1.738933378575394e-10,3.200131168735907e-10,7.206790176479093e-7,1.0661597433512719e-10,3,up,"[0.420, 0.754]",TRUE,FALSE,TRUE,TRUE,TRUE,TRUE,TRUE,TRUE
MDH1B,4,-0.7435460017965605,0.1079898940160701,-6.885329489127126,5.765393415160747e-12,-0.9552023047623552,-0.5318896988307656,0.00748621263533907,15.081963574788023,4.0396709267038476e-11,-7.6222474584366,2.4929652850175675e-14,1.37238342002158e-13,down,4.666028436484753e-13,1.2343549715904814e-12,1.0350386437544388e-5,1.0878424082089264e-13,4,down,"[-0.955, -0.532]",TRUE,TRUE,TRUE,TRUE,TRUE,TRUE,TRUE,TRUE
FBXL19-AS1,3,0.7656132007717971,0.11121981245733507,6.883784317344477,5.828309861171288e-12,0.5476263739881211,0.983600027555473,0.00375270764004546,9.60684848327093,4.0700049333566497e-11,7.060318897358283,1.6612092200754977e-12,6.988796013468931e-12,up,2.9750516610245756e-12,6.956321471211917e-12,0.00106906709006228,7.435055090436311e-13,3,up,"[0.548, 0.984]",TRUE,FALSE,TRUE,TRUE,TRUE,TRUE,TRUE,TRUE
CDK2AP2,4,0.6043398865176449,0.08780890680837934,6.88244403083691,5.8834284084363036e-12,0.4322375916513875,0.7764421813839024,0.01118765991359575,37.257412456933785,4.088694793698927e-11,8.85994590610034,8.005327426502084e-19,8.627831579456431e-17,up,2.8916493470397948e-18,1.5577352586391e-17,1.0755997264681116e-7,1.659417781878317e-10,4,up,"[0.432, 0.776]",TRUE,TRUE,TRUE,TRUE,TRUE,TRUE,TRUE,TRUE
G3BP2,4,-0.5185430054297877,0.07534578993150345,-6.8821762423778825,5.894502137492667e-12,-0.666218040082255,-0.3708679707773204,0,0,4.088694793698927e-11,-6.73623052972872,1.6254832326373335e-11,6.143113944090812e-11,down,5.208397379118933e-10,8.994351510651678e-10,1.197308773266527e-7,7.53000637965791e-11,4,down,"[-0.666, -0.371]",TRUE,TRUE,TRUE,TRUE,TRUE,TRUE,TRUE,TRUE
RAPGEF1,4,0.3573487395282403,0.05193417716765,6.880801025780653,5.9516934352427364e-12,0.25555962271292393,0.4591378563435567,0,0,4.114604061564478e-11,6.6539515432715435,2.8532664789489023e-11,1.0462448625833456e-10,up,3.3621807571735053e-10,5.949797688035708e-10,1.901074120562674e-6,6.692953149904644e-11,4,up,"[0.256, 0.459]",TRUE,TRUE,TRUE,TRUE,TRUE,TRUE,TRUE,TRUE
HMGCR,4,-0.5416680326080717,0.07876644463197346,-6.876888186828149,6.117408682514024e-12,-0.696047427277008,-0.3872886379391355,0,0,4.2151181420379024e-11,-6.73514689387267,1.6376440312586754e-11,6.184332527541059e-11,down,3.179453322790407e-10,5.645707355708307e-10,2.403428947764332e-7,4.984086451681309e-11,4,down,"[-0.696, -0.387]",TRUE,TRUE,TRUE,TRUE,TRUE,TRUE,TRUE,TRUE
COLGALT1,3,0.414188135519374,0.06031450671787998,6.867139566551237,6.550198067460922e-12,0.2959738746070301,0.5324023964317179,0.00294362635952184,26.487823046166422,4.4983810569251485e-11,8.120579243551262,4.6396391464002e-16,3.2711888586058994e-15,up,8.951707816595473e-15,2.999328273282554e-14,1.5788523978374448e-5,6.344117664779725e-12,3,up,"[0.296, 0.532]",TRUE,FALSE,TRUE,TRUE,TRUE,TRUE,TRUE,TRUE
RPS6KA6,3,-0.6930942189638639,0.10096442528962948,-6.86473693061327,6.66138949483997e-12,-0.8909808562513227,-0.4952075816764051,0.01201340699436311,38.95477735698069,4.55964416247462e-11,-8.859336298840184,8.049220916475037e-19,8.627831579456431e-17,down,1.187848300390502e-19,7.896145432724042e-19,6.968408928406676e-8,6.191763331051274e-8,3,down,"[-0.891, -0.495]",TRUE,FALSE,TRUE,TRUE,TRUE,TRUE,TRUE,TRUE
TBC1D14,3,0.327460817893928,0.04770587266517217,6.864161571725987,6.68828979264608e-12,0.23395902561913673,0.4209626101687193,6.267301873321176e-4,8.316481727004811,4.562997707219727e-11,7.125010395840309,1.0407283260870999e-12,4.494730919556317e-12,up,4.765397653609686e-12,1.0795685868183456e-11,3.2847967660781797e-6,1.2915934204176578e-9,3,up,"[0.234, 0.421]",TRUE,FALSE,TRUE,TRUE,TRUE,TRUE,TRUE,TRUE
PCDHA9,3,-0.5107756338429353,0.07446948439565458,-6.858858201960909,6.94130946044103e-12,-0.6567331412056858,-0.36481812648018486,0,0,4.7200904330999e-11,-6.540636719086854,6.125746737707599e-11,2.153839927363223e-10,down,1.9626138458064755e-10,3.5863093534824935e-10,7.424229233255877e-6,7.994982453912725e-11,3,down,"[-0.657, -0.365]",TRUE,FALSE,TRUE,TRUE,TRUE,TRUE,TRUE,TRUE
TMEM169,3,-0.5110644618129551,0.07465454611530653,-6.8457245861973135,7.608974342578412e-12,-0.6573846834811404,-0.3647442401447697,0,0,5.157193721080924e-11,-6.637354627913556,3.1936266631440765e-11,1.1624046653845272e-10,down,1.3080253780773966e-10,2.448415734776643e-10,1.9045495718514687e-6,1.4395476310319935e-9,3,down,"[-0.657, -0.365]",TRUE,FALSE,TRUE,TRUE,TRUE,TRUE,TRUE,TRUE
UQCRC2,3,-0.3904202673683788,0.05706178487766111,-6.842061954518757,7.806131223912973e-12,-0.5022593106221669,-0.27858122411459074,0,0,5.2735883252102626e-11,-6.480173757661594,9.161704846997332e-11,3.1604463175556096e-10,down,2.519157569504448e-10,4.5314248041216175e-10,5.787788011304304e-6,6.439360237080846e-11,3,down,"[-0.502, -0.279]",TRUE,FALSE,TRUE,TRUE,TRUE,TRUE,TRUE,TRUE
NEK10,3,-0.794004273506427,0.11619704075593834,-6.833257270072506,8.300789396510448e-12,-1.021746288498199,-0.5662622585146551,0,0,5.589557535182685e-11,-6.58536760032618,4.537612963009424e-11,1.6240109109323832e-10,down,1.9797521000468015e-10,3.6144417742051647e-10,1.834939393371127e-5,3.345956562209037e-10,3,down,"[-1.022, -0.566]",TRUE,FALSE,TRUE,TRUE,TRUE,TRUE,TRUE,TRUE
ERLEC1,4,-0.4510873475219538,0.0660302028062385,-6.8315305474017904,8.401339623950965e-12,-0.5805041669140568,-0.32167052812985075,0.00503663185527613,28.622082601393657,5.6389574045547904e-11,-8.19234207046639,2.561912758134467e-16,1.860373761331617e-15,down,7.672797872155431e-16,2.936048484658739e-15,8.115811702430638e-8,1.601430310773911e-13,4,down,"[-0.581, -0.322]",TRUE,TRUE,TRUE,TRUE,TRUE,TRUE,TRUE,TRUE
POU3F4,3,0.9134260056221116,0.13380939277727827,6.826322029145457,8.711925250127058e-12,0.6511644149854723,1.175687596258751,0,0,5.82855902218178e-11,6.3809695111304086,1.7597034316635906e-10,5.859867888601494e-10,up,2.5370092935080825e-10,4.55655006648815e-10,1.769913523059883e-4,1.613057263503426e-10,3,up,"[0.651, 1.176]",TRUE,FALSE,TRUE,TRUE,TRUE,TRUE,TRUE,TRUE
CACNA2D1,4,-0.5355895190567601,0.07847663021325134,-6.824828201737974,8.803059867945532e-12,-0.6894008879028006,-0.3817781502107197,0,0,5.870593622546314e-11,-6.724780130825193,1.758577843242147e-11,6.620738981226225e-11,down,6.531140216481675e-10,1.1139461191597854e-9,8.397340078215773e-8,1.9425119221933414e-10,4,down,"[-0.689, -0.382]",TRUE,TRUE,TRUE,TRUE,TRUE,TRUE,TRUE,TRUE
FAXC,3,-0.7667823567895887,0.11237678104224884,-6.823316611118373,8.896228815397552e-12,-0.98703680033094,-0.5465279132482375,0,0,5.913711077927732e-11,-6.657969197538245,2.776369408228417e-11,1.0196551252742277e-10,down,2.4022967287768363e-10,4.3476120553954256e-10,6.17283202204233e-7,2.6625831786363725e-10,3,down,"[-0.987, -0.547]",TRUE,FALSE,TRUE,TRUE,TRUE,TRUE,TRUE,TRUE
NLGN1,3,-0.5457591451063826,0.0800373706511869,-6.818804024495891,9.180152924628838e-12,-0.702629508999992,-0.3888887812127731,0,0,6.082951171143837e-11,-6.273204830527747,3.5369110964100674e-10,1.141317385211556e-9,down,1.904937549866168e-10,3.483986312541828e-10,5.893685123731382e-4,1.555061835995686e-10,3,down,"[-0.703, -0.389]",TRUE,FALSE,TRUE,TRUE,TRUE,TRUE,TRUE,TRUE
RND2,4,0.5677597986734216,0.08338838339946149,6.808619804435352,9.853951025977449e-12,0.40432157048145945,0.7311980268653838,0.00890829692000482,31.832567006966983,6.508628798687013e-11,8.36604085859014,5.958654194187189e-17,1.6219673066919e-15,up,5.570910991693582e-16,2.188270719085699e-15,2.447506486248521e-7,5.552064569688354e-12,4,up,"[0.404, 0.731]",TRUE,TRUE,TRUE,TRUE,TRUE,TRUE,TRUE,TRUE
SIRT2,3,0.3739185358258881,0.05494266579516101,6.805613277301524,1.0061966958330896e-11,0.26623288965275177,0.4816041819990244,0,0,6.624926816374057e-11,6.50268371694294,7.889957173678949e-11,2.7415608765106655e-10,up,1.740737082154847e-10,3.200610557082583e-10,7.485010278629699e-5,2.9142215335523417e-10,3,up,"[0.266, 0.482]",TRUE,FALSE,TRUE,TRUE,TRUE,TRUE,TRUE,TRUE
THOC7,3,-0.3531072995199612,0.05189170534644937,-6.804696379941234,1.012625704760867e-11,-0.45481317309536656,-0.2514014259445559,0,0,6.646157315424171e-11,-6.622566835606058,3.530143566730364e-11,1.2785965631507234e-10,down,2.8703755747555816e-10,5.118795307001785e-10,6.723079206653789e-6,9.40041508197069e-10,3,down,"[-0.455, -0.251]",TRUE,FALSE,TRUE,TRUE,TRUE,TRUE,TRUE,TRUE
SCYL3,3,-0.4787838423007951,0.07040286253183407,-6.800630330681559,1.0416238922186469e-11,-0.6167709172717143,-0.34079676732987596,0,0,6.814914676534615e-11,-6.654206243206145,2.8483302943974057e-11,1.0446938188625444e-10,down,1.531072727648576e-10,2.8453806784436796e-10,2.205888774869238e-5,6.11639585913075e-10,3,down,"[-0.617, -0.341]",TRUE,FALSE,TRUE,TRUE,TRUE,TRUE,TRUE,TRUE
NECAP1,4,-0.6004822125507493,0.08831170246457881,-6.799576905355192,1.049268413543103e-11,-0.7735699687947408,-0.4273944563067577,0,0,6.836865011694244e-11,-6.44169963395361,1.1814291656571574e-10,4.0238775543174477e-10,down,1.1608972951078456e-9,1.9338963775531502e-9,6.434866595301151e-6,1.5592075966726646e-10,4,down,"[-0.774, -0.427]",TRUE,TRUE,TRUE,TRUE,TRUE,TRUE,TRUE,TRUE
STAT4,3,-1.0518699015540829,0.15470571491501847,-6.799166418201722,1.0522621038565909e-11,-1.35508753099004,-0.7486522721181257,0,0,6.836865011694244e-11,-6.346534786925128,2.2021876892922648e-10,7.24366473204607e-10,down,3.5657395965219035e-10,6.29390972186079e-10,7.236932633408088e-5,9.49043181473129e-11,3,down,"[-1.355, -0.749]",TRUE,FALSE,TRUE,TRUE,TRUE,TRUE,TRUE,TRUE
PCSK1,3,-1.3912464594238916,0.2046308780553902,-6.7988099970294025,1.0548682756712432e-11,-1.792315610537264,-0.9901773083105192,0,0,6.836865011694244e-11,-6.7995847580125455,1.0492112253811552e-11,4.0311512846332585e-11,down,1.8964929403969136e-10,3.4716031406736087e-10,4.936239993742534e-7,4.593928234001491e-9,3,down,"[-1.792, -0.990]",TRUE,FALSE,TRUE,TRUE,TRUE,TRUE,TRUE,TRUE
PHF2,3,0.3494984535617998,0.05142805605069861,6.795871366735281,1.0765980704239052e-11,0.24870131590752337,0.4502955912160763,0,0,6.955963856882179e-11,6.112185204466366,9.827603415567275e-10,2.9913549960955867e-9,up,4.3071941130968654e-10,7.525796622209686e-10,0.00108940246719346,1.4430253916503484e-10,3,up,"[0.249, 0.450]",TRUE,FALSE,TRUE,TRUE,TRUE,TRUE,TRUE,TRUE
TWNK,3,0.4639947385707343,0.0683271913345923,6.790777280725511,1.1153099324002098e-11,0.33007590439015616,0.5979135727513125,0,0,7.183704347198869e-11,6.510245792963571,7.502793663859443e-11,2.6131698581542e-10,up,3.2853657230082227e-10,5.82380214488808e-10,1.8688130208112784e-6,1.2139113907311832e-10,3,up,"[0.330, 0.598]",TRUE,FALSE,TRUE,TRUE,TRUE,TRUE,TRUE,TRUE
UHRF1,3,0.7408775635299326,0.10914935847220984,6.787740889183193,1.1390297847558508e-11,0.5269487519887496,0.9548063750711157,0,0,7.313770196853358e-11,6.6579561241836815,2.7766163092243033e-11,1.0196551252742277e-10,up,1.7849978641503976e-10,3.2790837646128647e-10,4.854929949102489e-6,1.1073393972829268e-10,3,up,"[0.527, 0.955]",TRUE,FALSE,TRUE,TRUE,TRUE,TRUE,TRUE,TRUE
CLDN15,3,0.8606854038369364,0.1268156521759993,6.7869020035669285,1.1456696978045799e-11,0.6121312928960192,1.1092395147778535,0,0,7.333700472983636e-11,6.631195899880564,3.329779598421327e-11,1.209283079299e-10,up,1.810516225770591e-10,3.3230182763258465e-10,3.3580748570020823e-6,1.354609322401245e-10,3,up,"[0.612, 1.109]",TRUE,FALSE,TRUE,TRUE,TRUE,TRUE,TRUE,TRUE
ZFHX3,5,0.4445989642335984,0.06554353360434269,6.783262051714295,1.1749223699955643e-11,0.316135998949596,0.5730619295176008,0,0,7.497812293448616e-11,6.643397503917251,3.065336685994853e-11,1.1187382249996512e-10,up,1.7996682907484623e-9,2.9251661716397423e-9,5.628722334782891e-7,6.555747950969493e-11,5,up,"[0.316, 0.573]",TRUE,TRUE,TRUE,TRUE,TRUE,TRUE,TRUE,TRUE
SLC41A1,3,0.39582355288509297,0.05838041585406862,6.78007422685235,1.2011415490425388e-11,0.2814000404086473,0.5102470653615386,0,0,7.641618321209281e-11,6.541639182568317,6.08481670759681e-11,2.1414848617361882e-10,up,1.737199157644519e-10,3.1997789102617517e-10,0.00320349716634474,4.624679322573423e-10,3,up,"[0.281, 0.510]",TRUE,FALSE,TRUE,TRUE,TRUE,TRUE,TRUE,TRUE
PDHX,3,-0.31142616551636015,0.04598832630762871,-6.771852566086965,1.2714367420764888e-11,-0.4015616287885883,-0.221290702244132,0,0,8.057202216754001e-11,-6.567549024626713,5.115017459877458e-11,1.8200947381887748e-10,down,3.145204594733704e-10,5.594471980684134e-10,3.0547940511958083e-6,2.4078483640600076e-10,3,down,"[-0.402, -0.221]",TRUE,FALSE,TRUE,TRUE,TRUE,TRUE,TRUE,TRUE
LAMB1,3,-0.8772282360344288,0.129546444579752,-6.771534632850424,1.2742344875097935e-11,-1.131134601735957,-0.6233218703329008,0,0,8.057202216754001e-11,-6.245655123147544,4.220274488976727e-10,1.3477180535609616e-9,down,2.6573790020821646e-10,4.763529861986525e-10,0.00500108574325529,1.4965458519110788e-10,3,down,"[-1.131, -0.623]",TRUE,FALSE,TRUE,TRUE,TRUE,TRUE,TRUE,TRUE
RGS4,4,-1.192690383497791,0.17619727708445132,-6.769062514661534,1.2961953095210171e-11,-1.5380307007573402,-0.847350066238242,0,0,8.171152194366535e-11,-6.350326224966951,2.1485879850041238e-10,7.07522561758259e-10,down,1.119910355338567e-9,1.867117425218801e-9,2.3186381939012906e-5,8.855281744777415e-11,4,down,"[-1.538, -0.847]",TRUE,TRUE,TRUE,TRUE,TRUE,TRUE,TRUE,TRUE
PLEKHB2,3,-0.3795267475904454,0.05609616633213683,-6.765645005816006,1.327165956678951e-11,-0.489473213272202,-0.26958028190868893,0,0,8.341036951976195e-11,-6.463425750961596,1.0235877117258506e-10,3.511342632617992e-10,down,2.1969318534890482e-10,3.9933713094971835e-10,2.0780119888545e-5,8.740987197240674e-9,3,down,"[-0.489, -0.270]",TRUE,FALSE,TRUE,TRUE,TRUE,TRUE,TRUE,TRUE
FECH,3,-0.4105013191714397,0.06069397881341929,-6.763460349722185,1.3473425972545759e-11,-0.5294593317241786,-0.29154330661870087,0,0,8.442261470410848e-11,-6.607503898339508,3.9085389568317514e-11,1.4084070219112122e-10,down,2.0984920198228442e-10,3.8211347226624925e-10,1.0819300788121728e-4,2.4877847962125932e-9,3,down,"[-0.529, -0.292]",TRUE,FALSE,TRUE,TRUE,TRUE,TRUE,TRUE,TRUE
PRX,4,0.7713616917615478,0.1143024907540412,6.74842417407493,1.4945947234042476e-11,0.5473329265404046,0.995390456982691,0,0,9.336715229940992e-11,6.67438738709326,2.4826702953036785e-11,9.164876218650363e-11,up,6.166025531351432e-10,1.0577615344932067e-9,6.294670858474073e-7,1.9981823492335286e-10,4,up,"[0.547, 0.995]",TRUE,TRUE,TRUE,TRUE,TRUE,TRUE,TRUE,TRUE
BEX2,3,-0.6556794660013465,0.09722170887891876,-6.744167260194312,1.5390716158969597e-11,-0.8462305139194652,-0.4651284180832278,0,0,9.58568928339428e-11,-6.566313379229247,5.1576214565440527e-11,1.8330498939259882e-10,down,2.5702774775811487e-10,4.6113801803661784e-10,5.235611552947995e-5,1.8678350778054682e-10,3,down,"[-0.846, -0.465]",TRUE,FALSE,TRUE,TRUE,TRUE,TRUE,TRUE,TRUE
EMB,3,-0.8009640663072827,0.11880448355876191,-6.741867329536579,1.56363832715074e-11,-1.033816575284337,-0.5681115573302283,0,0,9.709538594343216e-11,-6.265690062641035,3.711779585808811e-10,1.1948779898429584e-9,down,2.413917120620194e-10,4.3614654594819967e-10,4.33692048043661e-4,5.760225843294257e-11,3,down,"[-1.034, -0.568]",TRUE,FALSE,TRUE,TRUE,TRUE,TRUE,TRUE,TRUE
MAPK10,3,-0.4174040560003648,0.06197013240216918,-6.735568245869267,1.6329049774220213e-11,-0.538863283625795,-0.29594482837493463,0,0,1.0109387830367975e-10,-6.652384417991302,2.8838227494268603e-11,1.056140284959696e-10,down,2.3149683975023575e-10,4.1968920073600425e-10,1.0271549212976848e-6,6.613675892135428e-8,3,down,"[-0.539, -0.296]",TRUE,FALSE,TRUE,TRUE,TRUE,TRUE,TRUE,TRUE
ATL1,3,-0.5586069834441113,0.08295378547154462,-6.733954095870989,1.6511328880920877e-11,-0.7211934153496007,-0.3960205515386218,0,0,1.0191814315187468e-10,-6.697563668098222,2.119229084452945e-11,7.87431213695754e-11,down,3.9266250281002977e-10,6.878226611722987e-10,3.9009717913543873e-7,3.157861174180193e-9,3,down,"[-0.721, -0.396]",TRUE,FALSE,TRUE,TRUE,TRUE,TRUE,TRUE,TRUE
FYCO1,3,0.5226029278523527,0.07762004878530006,6.732834313179729,1.6638950267574234e-11,0.3704704277549226,0.6747354279497828,0,0,1.024011360680978e-10,6.392500742948057,1.6319443401202495e-10,5.462711174260856e-10,up,4.668169675633738e-10,8.122301935624472e-10,5.2750722527577734e-5,3.054699051092388e-10,3,up,"[0.370, 0.675]",TRUE,FALSE,TRUE,TRUE,TRUE,TRUE,TRUE,TRUE
COL6A2,3,0.769398290342571,0.11428653766404498,6.732186538053003,1.6713217553172167e-11,0.5454007926032625,0.9933957880818796,0,0,1.0255388522271915e-10,6.497863895520767,8.146845561297096e-11,2.828829566730203e-10,up,3.8038463500390915e-10,6.680082413193121e-10,9.452175339188928e-7,1.872886131872874e-10,3,up,"[0.545, 0.993]",TRUE,FALSE,TRUE,TRUE,TRUE,TRUE,TRUE,TRUE
ZBTB47,3,0.532432854339304,0.07912013016230703,6.729423387538308,1.7033674409392972e-11,0.37736024876906105,0.6875054599095469,0,0,1.0421191954301186e-10,6.473199679462637,9.594901759403091e-11,3.301413975926739e-10,up,4.927351499886027e-10,8.551738084321021e-10,4.541950787092439e-6,2.573725257746107e-10,3,up,"[0.377, 0.688]",TRUE,FALSE,TRUE,TRUE,TRUE,TRUE,TRUE,TRUE
RMND1,4,-0.39924183283120024,0.05936237567115773,-6.725502952287993,1.7498694419159135e-11,-0.5155899511834061,-0.28289371447899436,0.00373401338902892,26.148030244748895,1.0674203595687071e-10,-8.053777993767588,8.027677176038664e-16,5.487310572456743e-15,down,5.5302322634176155e-15,1.8958184651782042e-14,2.5705423283113857e-5,5.699549735852834e-14,4,down,"[-0.516, -0.283]",TRUE,TRUE,TRUE,TRUE,TRUE,TRUE,TRUE,TRUE
ATP2B1-AS1,3,-0.7157158233986171,0.106509824285042,-6.719716497543134,1.820784682241147e-11,-0.924471242996989,-0.5069604038002451,0.00267806039850684,7.225015334753381,1.10613219772471e-10,-6.705682722858931,2.0046686738110148e-11,7.486255749308895e-11,down,1.8606242009121143e-11,3.8783262238107794e-11,6.737383966469627e-5,1.2514059360219182e-10,3,down,"[-0.924, -0.507]",TRUE,FALSE,TRUE,TRUE,TRUE,TRUE,TRUE,TRUE
CDKN2C,4,0.5406052193659375,0.08045581085876703,6.719281225254464,1.8262314864441327e-11,0.3829147277357875,0.6982957109960874,0,0,1.10613219772471e-10,6.71507831668295,1.8796523786056597e-11,7.044291356558124e-11,up,8.126504774432191e-10,1.375867012422234e-9,2.261902633489105e-7,3.0029532778493865e-10,4,up,"[0.383, 0.698]",TRUE,TRUE,TRUE,TRUE,TRUE,TRUE,TRUE,TRUE
SUCLA2,4,-0.4320448027800914,0.06430162411522064,-6.7190340636796355,1.829331455253498e-11,-0.5580736701933561,-0.3060159353668267,0.0014823109283516201,8.128067226863637,1.10613219772471e-10,-6.946608053135887,3.7417336729970974e-12,1.5093461819190908e-11,down,2.8925650299452297e-11,5.910522041484145e-11,1.2517848775720432e-6,1.0077694830992538e-10,4,down,"[-0.558, -0.306]",TRUE,TRUE,TRUE,TRUE,TRUE,TRUE,TRUE,TRUE
ZNF768,4,0.4777007616059234,0.07112616375470568,6.716245280054471,1.8646681916285563e-11,0.3382960422882021,0.6171054809236447,0.00675516116591477,33.63825272530632,1.1242214620458213e-10,8.536568767456027,1.3826640425960675e-17,9.00985309166565e-16,up,8.442942094788408e-16,3.189555902475621e-15,2.5605230726951618e-6,8.45755110484475e-14,4,up,"[0.338, 0.617]",TRUE,TRUE,TRUE,TRUE,TRUE,TRUE,TRUE,TRUE
MDGA1,4,0.7118345206562355,0.10600434678218104,6.71514463570934,1.8787976701359225e-11,0.5040698187584663,0.9195992225540048,0.01996396197626915,47.48725356435561,1.1261925918676019e-10,9.804446525499996,1.0773599646413257e-22,9.374299174690876e-20,up,9.021879831996683e-22,8.316168342916056e-21,2.1176106293365103e-5,2.3072636728681647e-18,4,up,"[0.504, 0.920]",TRUE,TRUE,TRUE,TRUE,TRUE,FALSE,TRUE,TRUE
CACFD1,4,0.5341243897860939,0.0796179908345408,6.708589154128389,1.965150926739075e-11,0.37807599522895385,0.6901727843432339,0.00260499416983318,9.356209821052529,1.174559948719551e-10,7.134253591654794,9.731377436637017e-13,4.211425835071233e-12,up,2.3355410766357567e-11,4.805468445379523e-11,7.159268366186295e-7,1.7572208220565207e-9,4,up,"[0.378, 0.690]",TRUE,TRUE,TRUE,TRUE,TRUE,TRUE,TRUE,TRUE
ARMCX5,3,-0.5672621768621324,0.08465924629747765,-6.700534220076485,2.076589620345702e-11,-0.7331912505634945,-0.4013331031607703,0.0032283060027488,12.778686027052146,1.2375996760336168e-10,-7.282284220019321,3.2821466392496965e-13,1.5119748703762541e-12,down,1.4584692473381753e-12,3.5754908025760947e-12,4.36889098165997e-6,1.6264565764092067e-8,3,down,"[-0.733, -0.401]",TRUE,FALSE,TRUE,TRUE,TRUE,TRUE,TRUE,TRUE
COPS4,3,-0.4515366713638376,0.06742879203904396,-6.69649652187718,2.1347552811491473e-11,-0.583694675281405,-0.31937866744627036,0,0,1.2686196140697224e-10,-6.3686591416808085,1.9068785203963187e-10,6.317255783583953e-10,down,5.02183825498643e-10,8.689558712029966e-10,1.0247320855383648e-4,9.151269945418795e-10,3,down,"[-0.584, -0.319]",TRUE,FALSE,TRUE,TRUE,TRUE,TRUE,TRUE,TRUE
ABRACL,3,-0.6323175565593301,0.09445639526074366,-6.694279988282837,2.1673609521639078e-11,-0.8174486893798675,-0.4471864237387927,0,0,1.2801958902014924e-10,-6.407934399358927,1.475043455968149e-10,4.956574920645357e-10,down,5.364699085069631e-10,9.248866086811651e-10,5.132597504874171e-5,8.433861556241807e-10,3,down,"[-0.817, -0.447]",TRUE,FALSE,TRUE,TRUE,TRUE,TRUE,TRUE,TRUE
COBL,3,0.5038246136050202,0.07526467557996666,6.694038202153948,2.1709470335572815e-11,0.35630856016019424,0.6513406670498461,0.0023659670029358,13.537669704619653,1.2801958902014924e-10,7.018726445202078,2.2389965526167835e-12,9.277097200646348e-12,up,3.113389088585325e-12,7.271586677619328e-12,7.789834254387042e-5,2.2570229891549018e-12,3,up,"[0.356, 0.651]",TRUE,FALSE,TRUE,TRUE,TRUE,TRUE,TRUE,TRUE
FLT3LG,4,0.6209506518449676,0.09276342830648134,6.693916591713354,2.1727529091172872e-11,0.4391376732818008,0.8027636304081344,0.01037278661246733,30.106596269932645,1.2801958902014924e-10,7.966533862752696,1.6318678625597852e-15,1.0629057429759728e-14,up,1.333611165133767e-15,4.9303200650399866e-15,1.757904527621038e-6,3.290680857568583e-9,4,up,"[0.439, 0.803]",TRUE,TRUE,TRUE,TRUE,TRUE,TRUE,TRUE,TRUE
FRRS1L,3,-0.5984471700648688,0.08954789233722016,-6.6829844281675745,2.3412446214628133e-11,-0.7739578139372906,-0.42293652619244704,0,0,1.3716783460208686e-10,-6.261303385629084,3.817729515332979e-10,1.225783698519762e-9,down,3.3113237059992435e-10,5.864803899438455e-10,3.412086891270934e-4,7.017361238094034e-10,3,down,"[-0.774, -0.423]",TRUE,FALSE,TRUE,TRUE,TRUE,TRUE,TRUE,TRUE
RPH3A,4,-1.037486211588476,0.1553217086704486,-6.679595662894401,2.3960239465783903e-11,-1.3419111665997778,-0.7330612565771741,0.02226581325815488,22.5949279434785,1.3998179338601638e-10,-7.681164895877715,1.576483973840149e-14,8.972432066580797e-14,down,1.8774074715297085e-13,5.233525666602978e-13,2.7547759571513264e-5,1.6282520613600762e-14,4,down,"[-1.342, -0.733]",TRUE,TRUE,TRUE,TRUE,TRUE,TRUE,TRUE,TRUE
OTOGL,3,-0.7836503435068153,0.11733492497671678,-6.678747556725485,2.4099286871296844e-11,-1.0136225705898894,-0.5536781164237412,0,0,1.4039865441311702e-10,-6.267933213785902,3.6587163046533177e-10,1.1785655831540043e-9,down,5.636573142096134e-10,9.701454520089115e-10,1.455331075762065e-4,2.4273772605057524e-10,3,down,"[-1.014, -0.554]",TRUE,FALSE,TRUE,TRUE,TRUE,TRUE,TRUE,TRUE
RAPGEF3,4,0.5133596046364387,0.07687781511395274,6.677603985954953,2.4288027161550124e-11,0.3626818558029623,0.6640373534699151,0,0,1.4110187208138643e-10,6.548035584948678,5.829883010128124e-11,2.0591124519058069e-10,up,1.2296431985131444e-9,2.046773670719311e-9,1.4449656911966477e-6,2.2137590126384019e-10,4,up,"[0.363, 0.664]",TRUE,TRUE,TRUE,TRUE,TRUE,TRUE,TRUE,TRUE
DHX57,3,-0.3914889934630328,0.05870980236743048,-6.668204927908479,2.5895104531875483e-11,-0.506558091642661,-0.2764198952834047,0,0,1.5001800781874232e-10,-6.473045741868317,9.604686048115976e-11,3.3040120005518963e-10,down,6.734627414910925e-10,1.1467666057902514e-9,1.5065963874509095e-6,4.250687737511103e-10,3,down,"[-0.507, -0.276]",TRUE,FALSE,TRUE,TRUE,TRUE,TRUE,TRUE,TRUE
HTR3B,3,-0.9615090044096976,0.14422722703334406,-6.666626157815578,2.617506975359977e-11,-1.2441891749851337,-0.6788288338342616,0.01106926768135901,16.190702513962442,1.51217533896841e-10,-7.191778825607361,6.395257050313627e-13,2.822155199529808e-12,down,3.8044031357470994e-13,1.0167953741674593e-12,1.140200772163183e-5,1.3791797775530966e-11,3,down,"[-1.244, -0.679]",TRUE,FALSE,TRUE,TRUE,TRUE,TRUE,TRUE,TRUE
HIPK1,3,0.34262423101782985,0.05141872181483351,6.663414004176745,2.6753862069523805e-11,0.24184538812967216,0.44340307390598754,9.41926126577296e-4,11.42609221856662,1.5413197203386769e-10,7.129774212563694,1.0053370446378893e-12,4.345688358937364e-12,up,1.1632527517489307e-11,2.5131106324242525e-11,1.1358434951261596e-5,1.845331651033405e-8,3,up,"[0.242, 0.443]",TRUE,FALSE,TRUE,TRUE,TRUE,TRUE,TRUE,TRUE
NDUFB6,3,-0.3608826501226486,0.05423593977722048,-6.653939280945623,2.8535043387729665e-11,-0.46718313875368406,-0.2545821614916131,0,0,1.6393817170679036e-10,-6.438718363874841,1.204865275830851e-10,4.09521304230008e-10,down,4.3314629298480133e-10,7.561830064397963e-10,2.5153053724179717e-6,1.5034533634782864e-7,3,down,"[-0.467, -0.255]",TRUE,FALSE,TRUE,TRUE,TRUE,TRUE,TRUE,TRUE
ZPR1,3,-0.4003357369294322,0.06018113664760176,-6.652179723251965,2.887837522741616e-11,-0.5182885973074152,-0.2823828765514492,0,0,1.6543532972489235e-10,-6.294744584007767,3.0790642825818143e-10,9.992435030265511e-10,down,5.849264051543225e-10,1.0050848088567234e-9,1.8124509999749397e-4,6.32395867789144e-10,3,down,"[-0.518, -0.282]",TRUE,FALSE,TRUE,TRUE,TRUE,TRUE,TRUE,TRUE
PIDD1,4,0.6116116046332939,0.09195250053602372,6.651386325200436,2.903450569214735e-11,0.4313880152942874,0.7918351939723004,0.00799259023954881,22.992193816816176,1.6543532972489235e-10,7.757285972409249,8.676613286563428e-15,5.097079576443456e-14,up,6.667534817248878e-14,1.9754953158534539e-13,2.8322862380763335e-5,6.365393069561073e-14,4,up,"[0.431, 0.792]",TRUE,TRUE,TRUE,TRUE,TRUE,TRUE,TRUE,TRUE
SLC27A2,3,-0.940894779756195,0.1414584934947614,-6.651384137574171,2.9034937328766068e-11,-1.2181483323132207,-0.6636412271991692,0,0,1.6543532972489235e-10,-6.566597328786957,5.147800503358456e-11,1.8308791787852435e-10,down,7.316055496041746e-10,1.240678585346736e-9,1.068678505807349e-6,2.416109799720575e-9,3,down,"[-1.218, -0.664]",TRUE,FALSE,TRUE,TRUE,TRUE,TRUE,TRUE,TRUE
ITPKB,4,0.5553377592162736,0.08356623236833137,6.64548039893117,3.0222968226740967e-11,0.3915509534506389,0.7191245649819084,0,0,1.717327016500295e-10,6.461460445320645,1.036972629245722e-10,3.5547854303134926e-10,up,2.006804810193867e-9,3.249112549837689e-9,3.4513685639456624e-6,5.426692424005783e-10,4,up,"[0.392, 0.719]",TRUE,TRUE,TRUE,TRUE,TRUE,TRUE,TRUE,TRUE
PRPF19,3,-0.5000228585566153,0.07525278468086656,-6.644576153256279,3.040908543874316e-11,-0.6475156062674613,-0.35253011084576935,0,0,1.7231815081954458e-10,-6.5570361236901,5.488772128547134e-11,1.9451345789523047e-10,down,6.802626574045916e-10,1.1573952021797562e-9,1.173111774978992e-6,1.6889295506286686e-9,3,down,"[-0.648, -0.353]",TRUE,FALSE,TRUE,TRUE,TRUE,TRUE,TRUE,TRUE
CMTM3,3,0.6199936907597493,0.09331667813074895,6.643975151912893,3.0533407172156357e-11,0.4370963624665649,0.8028910190529337,0,0,1.7255118930531962e-10,6.553089840728941,5.6358586016070036e-11,1.994392833372507e-10,up,5.85969979438258e-10,1.0060444845653538e-9,2.1752379589463867e-6,9.937191626721467e-10,3,up,"[0.437, 0.803]",TRUE,FALSE,TRUE,TRUE,TRUE,TRUE,TRUE,TRUE
OPN3,4,-0.6883535460743788,0.10381511390758329,-6.630571601425536,3.3438941879262895e-11,-0.8918274303841653,-0.4848796617645923,0,0,1.88457514830411e-10,-6.234103702456934,4.5437202296656364e-10,1.4444596956203331e-9,down,3.3457970717004072e-9,5.2569569141717e-9,2.1656681188247293e-5,2.956194032413097e-10,4,down,"[-0.892, -0.485]",TRUE,TRUE,TRUE,TRUE,TRUE,TRUE,TRUE,TRUE
SPR,3,0.5607465185373629,0.08459584059211864,6.628535334745581,3.3903397338072125e-11,0.3949417177349188,0.726551319339807,0,0,1.905573064475924e-10,6.671867212428239,2.525690523200682e-11,9.309746877444427e-11,up,5.023520200445482e-10,8.689558712029966e-10,3.867102427174603e-6,5.454863032962729e-9,3,up,"[0.395, 0.727]",TRUE,FALSE,TRUE,TRUE,TRUE,TRUE,TRUE,TRUE
VDAC1,3,-0.5139539916112501,0.07761193267289243,-6.622100157940779,3.541309618732541e-11,-0.6660705844206667,-0.36183739880183347,0,0,1.9850476079057538e-10,-6.131736850111721,8.692480104562476e-10,2.668171108252504e-9,down,1.027491438127457e-9,1.7171774719390375e-9,3.897989688833145e-4,2.7371729073078764e-10,3,down,"[-0.666, -0.362]",TRUE,FALSE,TRUE,TRUE,TRUE,TRUE,TRUE,TRUE
ZDHHC23,3,-0.6856019058632215,0.10357306934860132,-6.619499742309028,3.604164716394659e-11,-0.8886013915547494,-0.4826024201716935,0,0,2.0148349384912458e-10,-6.350462764020444,2.1466816932005168e-10,7.07052229031887e-10,down,9.546873249005176e-10,1.6006641162842955e-9,4.744573554482115e-6,3.705626937528462e-10,3,down,"[-0.889, -0.483]",TRUE,FALSE,TRUE,TRUE,TRUE,TRUE,TRUE,TRUE
SERPINI1,4,-0.7576301223018119,0.11449733488726212,-6.617010981502754,3.6653427757013536e-11,-0.9820407750066672,-0.5332194695969568,0,0,2.0399543840233058e-10,-6.688222492798361,2.2589751666097668e-11,8.380928182716747e-11,down,1.730547816159797e-9,2.8194471097528822e-9,2.6528773802515955e-8,3.794797663103101e-9,4,down,"[-0.982, -0.533]",TRUE,TRUE,TRUE,TRUE,TRUE,TRUE,TRUE,TRUE
FBXW4,4,0.4935698082893488,0.07459394029726975,6.616754743379794,3.671698953875218e-11,0.34736837184176905,0.6397712447369285,0,0,2.0399543840233058e-10,6.4875088354259,8.726722387833008e-11,3.0216684822290697e-10,up,1.770559702284431e-9,2.8823711322903532e-9,8.12186960615763e-7,4.235303279048506e-10,4,up,"[0.347, 0.640]",TRUE,TRUE,TRUE,TRUE,TRUE,TRUE,TRUE,TRUE
SGIP1,4,-0.37639537111080207,0.05688758287617285,-6.616476778950188,3.6786062662715346e-11,-0.4878929847156384,-0.2648977575059658,0,0,2.0399543840233058e-10,-6.473443950200741,9.579395883751878e-11,3.29684560056905e-10,down,1.4508827401572835e-9,2.386305157086603e-9,3.568644424517535e-7,2.8723175723167494e-10,4,down,"[-0.488, -0.265]",TRUE,TRUE,TRUE,TRUE,TRUE,TRUE,TRUE,TRUE
USP21,3,0.32870659663579954,0.04970013694836202,6.613796597327743,3.7458635505520005e-11,0.23129611819030155,0.42611707508129754,0,0,2.0717122676919591e-10,6.3283198270439955,2.47845024581564e-10,8.109098879917041e-10,up,1.0172128212912744e-9,1.7013704769016963e-9,6.516275704112767e-6,3.5365752826400246e-10,3,up,"[0.231, 0.426]",TRUE,FALSE,TRUE,TRUE,TRUE,TRUE,TRUE,TRUE
SIGLEC8,3,0.9204814117522404,0.13928109716695253,6.608803566853612,3.874383955087275e-11,0.6474954775777897,1.1934673459266911,0,0,2.1370937028859064e-10,6.5547990133794825,5.5716867013735783e-11,1.9726413322175138e-10,up,7.01450892242509e-10,1.1914898857583652e-9,1.0479320615362677e-6,1.630186414985221e-9,3,up,"[0.647, 1.193]",TRUE,FALSE,TRUE,TRUE,TRUE,TRUE,TRUE,TRUE
SKP1,4,-0.4387992189130187,0.06645018411580947,-6.603431198148058,4.017487924471007e-11,-0.5690391865460609,-0.30855925127997663,0.00774165450094562,48.25399999195006,2.2101511817912117e-10,-9.649053754623914,4.961138259154053e-22,3.4945312918765128e-19,down,2.115937548843503e-24,2.7257481219263513e-23,2.921544573372167e-7,2.9183704562554012e-21,4,down,"[-0.569, -0.309]",TRUE,TRUE,TRUE,TRUE,TRUE,FALSE,TRUE,TRUE
TCEAL5,3,-0.6210590353254534,0.09408772146225486,-6.6008510533928,4.088041211252974e-11,-0.8054675807789091,-0.4366504898719976,0,0,2.2430152042694887e-10,-6.0903448586296065,1.126677211096332e-9,3.4060513604203853e-9,down,1.4321144790029236e-9,2.357305896390526e-9,4.027442328084607e-4,4.872599804912726e-10,3,down,"[-0.805, -0.437]",TRUE,FALSE,TRUE,TRUE,TRUE,TRUE,TRUE,TRUE
FLNA,3,0.49720114838036705,0.07535007558717348,6.598548767282239,4.1520190789378894e-11,0.34951771399713627,0.6448845827635978,0,0,2.272107538183953e-10,6.152296608551351,7.63688788587863e-10,2.3617989882483107e-9,up,1.3707485822349336e-9,2.2634813372255195e-9,1.3161434675103335e-4,3.3858704541380236e-10,3,up,"[0.350, 0.645]",TRUE,FALSE,TRUE,TRUE,TRUE,TRUE,TRUE,TRUE
ABL1,3,0.3879764535559496,0.05882532172496315,6.595398753107161,4.241143894229617e-11,0.27268094159604017,0.503271965515859,0,0,2.3147716938505855e-10,6.359324136944129,2.0264338755873588e-10,6.692344248200092e-10,up,1.2479636849722815e-9,2.072279169441562e-9,1.1453209429793346e-6,5.545408525906693e-10,3,up,"[0.273, 0.503]",TRUE,FALSE,TRUE,TRUE,TRUE,TRUE,TRUE,TRUE
GARNL3,3,-0.4413473871701249,0.06700587700458276,-6.586696673486411,4.497197196768406e-11,-0.5726764928516277,-0.3100182814886221,0,0,2.4480805737789174e-10,-6.120598770770879,9.322437493926114e-10,2.847356915344933e-9,down,1.3380742129458448e-9,2.2130509710125054e-9,3.611882339352582e-4,7.512716968370283e-10,3,down,"[-0.573, -0.310]",TRUE,FALSE,TRUE,TRUE,TRUE,TRUE,TRUE,TRUE
NDFIP2,3,-0.60536736787203,0.09203634027208916,-6.57748196073821,4.784818856338612e-11,-0.7857552800741981,-0.4249794556698619,0.003175517096024,12.067040869403955,2.5910481222052953e-10,-7.043703541420476,1.87196213855585e-12,7.819842969081653e-12,down,1.8193067306629785e-11,3.8075097471190886e-11,9.498666384369983e-6,7.694210044610854e-8,3,down,"[-0.786, -0.425]",TRUE,FALSE,TRUE,TRUE,TRUE,TRUE,TRUE,TRUE
THYN1,3,-0.345510339159284,0.05255060513339856,-6.5748118082030365,4.871474218499903e-11,-0.4485076325865308,-0.2425130457320371,0,0,2.6311035232210416e-10,-6.3908975655582045,1.6491483473421075e-10,5.514060206574242e-10,down,9.251263045040427e-10,1.5548719250740556e-9,3.3076051198409356e-5,1.513934726290196e-9,3,down,"[-0.449, -0.243]",TRUE,FALSE,TRUE,TRUE,TRUE,TRUE,TRUE,TRUE
CGNL1,4,0.5156605556518048,0.07864937009511588,6.556448640697089,5.510428548832653e-11,0.3615106228586161,0.6698104884449935,0,0,2.9684750156568627e-10,6.41099454645619,1.4457336894860964e-10,4.863609901041241e-10,up,2.8096676158110383e-9,4.455084583480194e-9,6.570329633627146e-7,3.058147788252151e-10,4,up,"[0.362, 0.670]",TRUE,TRUE,TRUE,TRUE,TRUE,TRUE,TRUE,TRUE
PAFAH1B1,3,-0.3471255803458264,0.05294758377140238,-6.556023063196191,5.52616882057312e-11,-0.45090093760619254,-0.24335022308546028,0.00202659569016235,23.364095975009395,2.9692420035929147e-10,-7.518067380738022,5.55918520235558e-14,2.91084840754845e-13,down,1.6874147599567225e-13,4.729321908311138e-13,1.135583949111704e-5,9.22451583905466e-12,3,down,"[-0.451, -0.243]",TRUE,FALSE,TRUE,TRUE,TRUE,TRUE,TRUE,TRUE
GPATCH2,3,-0.43577189831681745,0.06656937423169469,-6.546131811305804,5.904647015796703e-11,-0.5662454742843077,-0.30529832234932713,0.00315919244528006,21.058975538564574,3.164402560920506e-10,-7.794295840816013,6.476864024898089e-15,3.8834930140369896e-14,down,6.424955100115646e-14,1.9090769165673138e-13,0.00179792482354722,5.376563894683195e-13,3,down,"[-0.566, -0.305]",TRUE,FALSE,TRUE,TRUE,TRUE,TRUE,TRUE,TRUE
KIAA1614,3,0.5037669023323837,0.076965537800144,6.545356749672985,5.935352734012887e-11,0.35291722019334537,0.6546165844714221,0,0,3.17266019854194e-10,6.17164163509058,6.758454920534851e-10,2.102883154912737e-9,up,1.418831647208481e-9,2.339154877830199e-9,2.682119527619337e-4,8.73144603918983e-10,3,up,"[0.353, 0.655]",TRUE,FALSE,TRUE,TRUE,TRUE,TRUE,TRUE,TRUE
TNS3,4,0.6739940218251846,0.10302558693569444,6.542006135290178,6.069901209816971e-11,0.4720675819451232,0.8759204617052461,0.01216309502837233,28.529828876372587,3.236240387958971e-10,7.838392671048941,4.563500432386059e-15,2.7882403302707393e-14,up,1.5027186027354988e-14,4.8621503620490245e-14,2.0927857650190426e-6,1.4106566135670252e-13,4,up,"[0.472, 0.876]",TRUE,TRUE,TRUE,TRUE,TRUE,TRUE,TRUE,TRUE
NDUFB5,3,-0.6290994122440389,0.09617506609876404,-6.541190328873854,6.103109977476292e-11,-0.8175990780083755,-0.44059974647970224,0.01851336825956341,68.11823623917543,3.245602588022007e-10,-10.929538729951744,8.3270622914656e-28,6.4937091521307505e-24,down,4.5880112127854205e-34,1.8299106260224928e-32,5.673127285329888e-6,4.483262398240009e-25,3,down,"[-0.818, -0.441]",TRUE,FALSE,TRUE,TRUE,TRUE,FALSE,TRUE,TRUE
C5ORF22,4,-0.6193978659101944,0.094744223426653,-6.537579216000501,6.252253154018642e-11,-0.8050931315696503,-0.4337026002507385,0.01877816346226028,55.05129196767491,3.3121369911934984e-10,-9.956128243469788,2.3711783040558155e-23,3.507446947359362e-20,down,1.5188744521146144e-25,2.3685305366057967e-24,2.448531224351501e-7,2.9524026975405357e-21,4,down,"[-0.805, -0.434]",TRUE,TRUE,TRUE,TRUE,TRUE,FALSE,TRUE,TRUE
NRIP3,4,-0.6543180744324882,0.10008857773496388,-6.5373900722731095,6.260162490587519e-11,-0.850488082056855,-0.4581480668081215,0,0,3.3121369911934984e-10,-6.613964479973464,3.7416155570695636e-11,1.3502312105433762e-10,down,2.054822150936059e-9,3.3216688550595373e-9,1.352134561816928e-7,3.0291832067410574e-9,4,down,"[-0.850, -0.458]",TRUE,TRUE,TRUE,TRUE,TRUE,TRUE,TRUE,TRUE
PER1,3,0.48032508081381786,0.07353841562081742,6.531621286083928,6.506150292315469e-11,0.336192434716878,0.6244577269107577,0.00594402482762108,36.29206763217239,3.4335256250031257e-10,8.184676218700382,2.7303673931895093e-16,1.975909710374717e-15,up,1.5589981498711042e-16,6.558543940837059e-16,4.306230653740821e-4,5.435155560599789e-17,3,up,"[0.336, 0.624]",TRUE,FALSE,TRUE,TRUE,TRUE,TRUE,TRUE,TRUE
SAMD1,4,0.4187308302269463,0.06414995341461951,6.527375437368895,6.693212878777573e-11,0.29299923192436983,0.5444624285295228,0,0,3.5232800788286006e-10,6.64076400934958,3.120613328320396e-11,1.1375089293374887e-10,up,1.598409045175557e-9,2.61086855118502e-9,1.0789531742595505e-5,1.967514085599206e-9,4,up,"[0.293, 0.544]",TRUE,TRUE,TRUE,TRUE,TRUE,TRUE,TRUE,TRUE
TAF9,3,-0.5176915247711212,0.0793254770328249,-6.526169701531078,6.747287076634396e-11,-0.6731666028119172,-0.3622164467303252,0,0,3.542752758718921e-10,-6.095217358712262,1.0928885063738608e-9,3.306608056101892e-9,down,1.7145089116619159e-9,2.795512172002212e-9,3.541692425842779e-4,9.742880620014861e-10,3,down,"[-0.673, -0.362]",TRUE,FALSE,TRUE,TRUE,TRUE,TRUE,TRUE,TRUE
STMN1,4,-0.5796573748079963,0.08892670686948301,-6.518372210260239,7.107445047415579e-11,-0.7539505175359336,-0.405364232080059,0,0,3.722434603116139e-10,-6.568467062913499,5.083587388052441e-11,1.8097815798813886e-10,down,3.279275948470153e-9,5.164174880126877e-9,5.0380748431008763e-08,2.494108362514464e-9,4,down,"[-0.754, -0.405]",TRUE,TRUE,TRUE,TRUE,TRUE,TRUE,TRUE,TRUE
MCM7,3,0.7319763227859425,0.11245931957452934,6.508809812786082,7.574855153938696e-11,0.5115601066939847,0.9523925388779004,0,0,3.9572417101432875e-10,5.960674648869915,2.5119866542002287e-9,7.302929754113558e-9,up,2.4714236962186572e-9,3.958094784523163e-9,8.465491819603666e-4,9.66216846858324e-10,3,up,"[0.512, 0.952]",TRUE,FALSE,TRUE,TRUE,TRUE,TRUE,TRUE,TRUE
SLC8A1,4,-0.607789532977073,0.09340853712653269,-6.506787834111478,7.677472350357262e-11,-0.7908669015936496,-0.4247121643604965,0,0,4.000773280060543e-10,-6.4933356793753925,8.395633190897692e-11,2.9104337042362e-10,down,3.897072403968921e-9,6.069306783647398e-9,4.539735777272404e-8,9.713231224570455e-10,4,down,"[-0.791, -0.425]",TRUE,TRUE,TRUE,TRUE,TRUE,TRUE,TRUE,TRUE
SGPL1,3,0.3244061260875817,0.04988287728412791,6.503356336880822,7.854743450266402e-11,0.2266374831654598,0.4221747690097036,0,0,4.0828917082337136e-10,6.149697833473985,7.763070067190252e-10,2.399317434890895e-9,up,2.3643217752819918e-9,3.801242916228566e-9,1.409951494115466e-4,1.998674393279779e-9,3,up,"[0.227, 0.422]",TRUE,FALSE,TRUE,TRUE,TRUE,TRUE,TRUE,TRUE
NCALD,4,-0.7806865845731779,0.1200981704290533,-6.500403642987718,8.010478458836263e-11,-1.0160746732232755,-0.5452984959230801,0,0,4.1534330809066014e-10,-6.160330978416448,7.259305935098597e-10,2.2502022923717204e-9,down,7.577355880364471e-9,1.1404525468705308e-8,1.9704395015950806e-5,1.395758117017664e-9,4,down,"[-1.016, -0.545]",TRUE,TRUE,TRUE,TRUE,TRUE,TRUE,TRUE,TRUE
SNX4,4,-0.3704662345008826,0.0571241650011116,-6.485280519963374,8.856684259506202e-11,-0.4824275405499848,-0.2585049284517804,0.00406083613085467,31.174395253465413,4.580738941200964e-10,-8.006414242410704,1.1810143821232817e-15,7.840917747023151e-15,down,4.4693801994041726e-15,1.5449157555940424e-14,4.317865128844685e-7,3.114204319979098e-14,4,down,"[-0.482, -0.259]",TRUE,TRUE,TRUE,TRUE,TRUE,TRUE,TRUE,TRUE
PXN,3,0.4301095892455062,0.06646253972978626,6.471458824688061,9.706120967599944e-11,0.29984540505406265,0.5603737734369497,0,0,5.007585792736887e-10,6.327515880119985,2.491393392325185e-10,8.149644197097331e-10,up,1.9317455729413202e-9,3.132478747678105e-9,6.543121035781141e-6,1.4718209102754475e-9,3,up,"[0.300, 0.560]",TRUE,FALSE,TRUE,TRUE,TRUE,TRUE,TRUE,TRUE
CACNB4,3,-0.5797953634160095,0.08960828051193832,-6.4703324302575425,9.778754266710428e-11,-0.755424365935971,-0.404166360896048,0,0,5.03254003701177e-10,-6.186815027367687,6.13919304607175e-10,1.919893098044257e-9,down,2.7720819309895933e-9,4.402218931755296e-9,9.639654463092277e-6,8.34864643604133e-10,3,down,"[-0.755, -0.404]",TRUE,FALSE,TRUE,TRUE,TRUE,TRUE,TRUE,TRUE
STXBP5L,3,-0.8288622373018378,0.12816999382195218,-6.466897692553959,1.0003532638711952e-10,-1.0800708090915854,-0.5776536655120903,0,0,5.13124280068663e-10,-6.361317249797569,2.0003080552317424e-10,6.610636523652942e-10,down,2.540141815524548e-9,4.055622883293236e-9,1.715734980331468e-6,4.6176527106672655e-9,3,down,"[-1.080, -0.578]",TRUE,FALSE,TRUE,TRUE,TRUE,TRUE,TRUE,TRUE
NPNT,3,0.6484144451312229,0.10027351185189762,6.46645792249623,1.0032674648874062e-10,0.4518819732981534,0.8449469169642925,0,0,5.13124280068663e-10,6.343259834039362,2.2495354565121108e-10,7.387905966413665e-10,up,2.4680032304756635e-9,3.9556713292167904e-9,1.005961116936503e-5,1.1650817489172582e-8,3,up,"[0.452, 0.845]",TRUE,FALSE,TRUE,TRUE,TRUE,TRUE,TRUE,TRUE
ROBO2,3,-0.8542792765394188,0.13211302779491912,-6.466275815474673,1.0044766524005651e-10,-1.1132160529059991,-0.5953425001728383,0,0,5.13124280068663e-10,-6.186858311452931,6.137508299187663e-10,1.9197721032265575e-9,down,1.2666558374114023e-9,2.0999554011121092e-9,1.9447076256607571e-4,5.5765414088319e-10,3,down,"[-1.113, -0.595]",TRUE,FALSE,TRUE,TRUE,TRUE,TRUE,TRUE,TRUE
DDX24,3,-0.4982383499506597,0.07708628042800028,-6.463385536107448,1.0238598988420952e-10,-0.649324683291695,-0.3471520166096243,0,0,5.217408919406646e-10,-6.399608422014094,1.557759321021863e-10,5.221476518594018e-10,down,1.5556707692623906e-9,2.5505621940317775e-9,1.2004772693653302e-6,2.652088585821312e-9,3,down,"[-0.649, -0.347]",TRUE,FALSE,TRUE,TRUE,TRUE,TRUE,TRUE,TRUE
SERPINB8,3,-0.7897517319615285,0.1221969192099652,-6.462943068184358,1.0268593406408491e-10,-1.0292532926348108,-0.550250171288246,0,0,5.219868314924315e-10,-6.16501082460971,7.04783189567153e-10,2.187860008410772e-9,down,2.311068764626964e-9,3.718507849368754e-9,1.2858431205893666e-4,2.282378999390698e-9,3,down,"[-1.029, -0.550]",TRUE,FALSE,TRUE,TRUE,TRUE,TRUE,TRUE,TRUE
RGS3,3,0.4605032934801898,0.07129188005348529,6.4594073425291425,1.0511382207273754e-10,0.3207737761852092,0.6002328107751704,0,0,5.330221686524638e-10,6.440342476611624,1.1920421574310522e-10,4.0581559476916276e-10,up,1.312438753983664e-9,2.174119788947379e-9,2.2559388336204796e-6,2.9277774907550358e-9,3,up,"[0.321, 0.600]",TRUE,FALSE,TRUE,TRUE,TRUE,TRUE,TRUE,TRUE
PPARA,3,0.49696383744845146,0.0769568334099238,6.457696028126419,1.0630900141110247e-10,0.34613121560075205,0.6477964592961509,0,0,5.37767972991772e-10,6.534217364131121,6.394302294956226e-11,2.245596380507894e-10,up,1.3225182041042547e-9,2.1890684399937943e-9,1.8457060068152925e-5,2.4146044067088405e-8,3,up,"[0.346, 0.648]",TRUE,FALSE,TRUE,TRUE,TRUE,TRUE,TRUE,TRUE
PPME1,3,-0.4797421054236944,0.07431469171026489,-6.455548618758906,1.0782755539938412e-10,-0.6253962246980109,-0.33408798614937796,0,0,5.441225058353348e-10,-6.449442573800624,1.1226228726967001e-10,3.8341809127059774e-10,down,1.5599176935971121e-9,2.555504973554826e-9,1.0409200665146034e-6,7.433159262643507e-8,3,down,"[-0.625, -0.334]",TRUE,FALSE,TRUE,TRUE,TRUE,TRUE,TRUE,TRUE
C2ORF80,3,-0.7778556898982714,0.12052070870335474,-6.454124758035209,1.0884611715049047e-10,-1.0140719383480896,-0.5416394414484531,0,0,5.479292402187312e-10,-5.930236646389335,3.024983914113557e-9,8.703668947202438e-9,down,2.619190972387104e-9,4.175405131999119e-9,0.00101066219906219,1.1660990264165247e-9,3,down,"[-1.014, -0.542]",TRUE,FALSE,TRUE,TRUE,TRUE,TRUE,TRUE,TRUE
GABRA2,3,-0.515957279544744,0.0800289742152372,-6.447130987298195,1.1398726890373235e-10,-0.6728111867262936,-0.35910337236319445,0,0,5.710811315443056e-10,-6.211777316043683,5.23886345125292e-10,1.6530133995506227e-9,down,2.778841224544855e-9,4.409576663891377e-9,2.7200400106949505e-5,1.6541734769252903e-9,3,down,"[-0.673, -0.359]",TRUE,FALSE,TRUE,TRUE,TRUE,TRUE,TRUE,TRUE
GPRASP1,3,-0.6375788186602153,0.0988935948476052,-6.447119448359854,1.1399594429090768e-10,-0.8314067028632173,-0.44375093445721325,0,0,5.710811315443056e-10,-6.2512110501800295,4.0728205602707705e-10,1.30231650945796e-9,down,2.629819382444359e-9,4.187196112092037e-9,3.341674118531935e-5,3.808347033496479e-9,3,down,"[-0.831, -0.444]",TRUE,FALSE,TRUE,TRUE,TRUE,TRUE,TRUE,TRUE
CARTPT,3,-1.342888563599756,0.2083532377533134,-6.4452493183221495,1.1541053722300788e-10,-1.7512534056585614,-0.9345237215409508,0,0,5.76774588434984e-10,-6.222377151543136,4.896781731367139e-10,1.5497046506286415e-9,down,2.501222567767241e-9,3.999641947223792e-9,5.596784508986763e-5,3.6244748718101454e-9,3,down,"[-1.751, -0.935]",TRUE,FALSE,TRUE,TRUE,TRUE,TRUE,TRUE,TRUE
PPCS,3,-0.3590134446511418,0.05571258481890964,-6.444027786865268,1.1634376995133092e-10,-0.4682081043818377,-0.24981878492044596,0,0,5.800408146131259e-10,-6.354545113392862,2.09044292142172e-10,6.892962927701757e-10,down,2.7322832065382454e-9,4.342341279969594e-9,5.649046701071294e-6,1.1138518017176364e-8,3,down,"[-0.468, -0.250]",TRUE,FALSE,TRUE,TRUE,TRUE,TRUE,TRUE,TRUE
UBE2N,4,-0.5724195454337199,0.08893846354449375,-6.436130360486296,1.2255778577889676e-10,-0.7467357308212561,-0.3981033600461836,0.01366010213724001,44.71539733979365,6.095559897012754e-10,-8.897595918678224,5.706936037028789e-19,6.699761734899195e-17,down,5.765570187458713e-20,3.9726885610595907e-19,4.855465624282101e-7,7.467771456622456e-11,4,down,"[-0.747, -0.398]",TRUE,TRUE,TRUE,TRUE,TRUE,FALSE,TRUE,TRUE
FAM81A,3,-0.719597585669245,0.1118201492704228,-6.435312332923021,1.2321968745342804e-10,-0.9387610509851664,-0.5004341203533236,0,0,6.113818942067219e-10,-6.179579713123061,6.42724755258053e-10,2.0031994479092118e-9,down,2.982122399889583e-9,4.710526928690781e-9,7.90461648627084e-5,3.40590710113259e-9,3,down,"[-0.939, -0.500]",TRUE,FALSE,TRUE,TRUE,TRUE,TRUE,TRUE,TRUE
ZWILCH,3,-0.7703091815577265,0.1197091323557292,-6.434840570631369,1.2360299805407686e-10,-1.0049347695954942,-0.5356835935199589,0.02124099150332144,49.9919037054444,6.11820090606576e-10,-9.352906530822075,8.527158682063725e-21,2.8666757096610593e-18,down,4.454916818094623e-21,3.620640553584472e-20,2.5498878256614892e-6,1.201705081574627e-12,3,down,"[-1.005, -0.536]",TRUE,FALSE,TRUE,TRUE,TRUE,FALSE,TRUE,TRUE
B3GALNT1,3,-0.49725723253093174,0.07737622151733078,-6.42648636467155,1.3058712945483702e-10,-0.6489118399646933,-0.3456026250971702,0,0,6.448516821174571e-10,-6.188341924243738,6.080033557528772e-10,1.9038072900712446e-9,down,2.965119698350544e-9,4.687239523154748e-9,5.3520325555578944e-5,2.3107230006401863e-9,3,down,"[-0.649, -0.346]",TRUE,FALSE,TRUE,TRUE,TRUE,TRUE,TRUE,TRUE
DOK3,4,0.47255411140935744,0.07357843218313381,6.422454208227609,1.3409459555021288e-10,0.32834303429149236,0.6167651885272225,0,0,6.605990289100749e-10,6.305216539099239,2.8779125412663934e-10,9.36429439296359e-10,up,8.496523858035025e-9,1.2686674212789521e-8,1.7002146030981122e-6,1.4605116602306592e-9,4,up,"[0.328, 0.617]",TRUE,TRUE,TRUE,TRUE,TRUE,TRUE,TRUE,TRUE
SLC12A7,4,0.6930837140184405,0.10796753310486744,6.4193715840970205,1.3683802956795227e-10,0.4814712376332642,0.9046961904036168,8.134948681152555e-4,1.543759134755379,6.694897251144313e-10,6.114412711951763,9.69131978110096e-10,2.9533168974463414e-9,up,2.4076763749046614e-9,3.867947948530029e-9,1.8065227299308e-4,3.6654286099197027e-10,4,up,"[0.481, 0.905]",TRUE,TRUE,TRUE,TRUE,TRUE,TRUE,TRUE,TRUE
SASH1,3,0.5141189717850845,0.08009198165504075,6.419106646648034,1.3707635877678798e-10,0.35714157229076193,0.671096371279407,0,0,6.694897251144313e-10,6.324048404015097,2.5479785234974335e-10,8.325535303639063e-10,up,2.511598530168227e-9,4.013139716154779e-9,1.2363614569130338e-5,5.090717379674478e-9,3,up,"[0.357, 0.671]",TRUE,FALSE,TRUE,TRUE,TRUE,TRUE,TRUE,TRUE
NUP188,3,0.3166384286908854,0.04932846550643464,6.41897990217396,1.3719051744148183e-10,0.21995641288564716,0.4133204444961236,0,0,6.694897251144313e-10,6.1112686011920845,9.884224274393022e-10,3.006527770241036e-9,up,3.864185553841134e-9,6.0258051418545205e-9,2.848433331082576e-5,1.1187639481418051e-9,3,up,"[0.220, 0.413]",TRUE,FALSE,TRUE,TRUE,TRUE,TRUE,TRUE,TRUE
MRTO4,3,-0.3987299900222837,0.06214120781213181,-6.416514967455135,1.3942924782838955e-10,-0.5205245192898811,-0.27693546075468634,0,0,6.78817511727887e-10,-6.16598010435246,7.004789230012039e-10,2.175868170733685e-9,down,3.4392190835865882e-9,5.395567609197113e-9,1.714467376419574e-5,1.5007826079645682e-9,3,down,"[-0.521, -0.277]",TRUE,FALSE,TRUE,TRUE,TRUE,TRUE,TRUE,TRUE
PLCB1,4,-0.5862651904735982,0.09150564718734584,-6.406874422441894,1.4853305792008523e-10,-0.7656129633428249,-0.4069174176043714,0,0,7.214462813261281e-10,-6.169106581210494,6.867692602693407e-10,2.135075850757479e-9,down,5.399640567976439e-9,8.270941313133776e-9,3.6784831161152645e-5,1.0527851933766114e-9,4,down,"[-0.766, -0.407]",TRUE,TRUE,TRUE,TRUE,TRUE,TRUE,TRUE,TRUE
OLFM3,3,-1.131124050079881,0.17673863487779803,-6.39998181983227,1.5539545335929182e-10,-1.4775254091171397,-0.7847226910426222,0,0,7.530144165120822e-10,-6.1395486123237015,8.275629679434092e-10,2.5497420166254756e-9,down,3.0151410824342766e-9,4.755439243322197e-9,4.4410299319496994e-5,8.784172704866293e-10,3,down,"[-1.478, -0.785]",TRUE,FALSE,TRUE,TRUE,TRUE,TRUE,TRUE,TRUE
NCR3LG1,3,-0.6006928929498102,0.09389683427116832,-6.397371089370765,1.5807483408442036e-10,-0.7847273063836264,-0.4166584795159941,0,0,7.637487579911604e-10,-6.260171228204956,3.845549950859856e-10,1.234448239434006e-9,down,1.9276407342377955e-9,3.128268296407815e-9,3.428329009609195e-4,3.260592572967739e-8,3,down,"[-0.785, -0.417]",TRUE,FALSE,TRUE,TRUE,TRUE,TRUE,TRUE,TRUE
ATOH8,4,0.6544364723914355,0.1023019235120185,6.397108186480501,1.583471388313399e-10,0.45392838675870795,0.8549445580241631,0,0,7.637487579911604e-10,6.192992532782244,5.903252690675589e-10,1.8504113964923355e-9,up,1.179822693886142e-8,1.7341972127001124e-8,2.7525892612964946e-6,1.2648256928367014e-9,4,up,"[0.454, 0.855]",TRUE,TRUE,TRUE,TRUE,TRUE,TRUE,TRUE,TRUE
MAPK7,3,0.34822468085844765,0.05445552852206496,6.394661668141733,1.6090322784902748e-10,0.24149380619610664,0.45495555552078865,0,0,7.742767855194501e-10,6.508510836570032,7.589943519581108e-11,2.6422792313872377e-10,up,1.671699577102411e-9,2.727855958230056e-9,1.8041069741916305e-5,1.8170982787352754e-7,3,up,"[0.241, 0.455]",TRUE,FALSE,TRUE,TRUE,TRUE,TRUE,TRUE,TRUE
FAM107A,4,0.6191772308292821,0.09686587407076196,6.392109055630509,1.6361313525369262e-10,0.4293236063195964,0.8090308553389678,0.0076818882848513,19.878418815820996,7.85494542861478e-10,7.2502944036328305,4.158666955271022e-13,1.879468426592391e-12,up,6.639349505206198e-12,1.4790559477763325e-11,1.3092885603004247e-6,5.707513331957263e-10,4,up,"[0.429, 0.809]",TRUE,TRUE,TRUE,TRUE,TRUE,TRUE,TRUE,TRUE
DNM1L,4,-0.5584930620906386,0.08740597857792302,-6.389643719768417,1.662726990514801e-10,-0.7298056321368472,-0.38718049204443006,0.01412120034211316,47.23672179372844,7.95674434867806e-10,-8.95396186006685,3.42947360722613e-19,4.697108666489714e-17,down,3.8005702362461433e-19,2.345947223206697e-18,6.514330804203042e-7,1.3851541729134749e-12,4,down,"[-0.730, -0.387]",TRUE,TRUE,TRUE,TRUE,TRUE,FALSE,TRUE,TRUE
THAP9-AS1,3,-0.4814695748535784,0.07535742018100546,-6.389146200826781,1.6681451401379507e-10,-0.6291674043762009,-0.3337717453309559,4.035871326674807e-4,1.772091226847238,7.95674434867806e-10,-6.54603312870101,5.908547888288365e-11,2.0839113105284095e-10,down,8.374363511228811e-10,1.4132164298037874e-9,4.669577792600567e-4,4.2768862059080955e-9,3,down,"[-0.629, -0.334]",TRUE,FALSE,TRUE,TRUE,TRUE,TRUE,TRUE,TRUE
NHLRC1,3,-0.6417454362130046,0.1004440743977579,-6.389082084341747,1.6688446440091398e-10,-0.8386122044930718,-0.4448786679329374,0,0,7.95674434867806e-10,-6.128431951160711,8.874937143563567e-10,2.719661699349333e-9,down,2.6306251369604267e-9,4.187196112092037e-9,1.6878892397329296e-4,4.618401362244645e-9,3,down,"[-0.839, -0.445]",TRUE,FALSE,TRUE,TRUE,TRUE,TRUE,TRUE,TRUE
HGSNAT,3,-0.43383684158817654,0.067923771698191,-6.387113535388831,1.6904613380818501e-10,-0.5669649878107519,-0.3007086953656012,0,0,8.04132297060036e-10,-6.41293512180876,1.4274427860371334e-10,4.80644973618513e-10,down,2.1611766706078587e-9,3.485443557418895e-9,8.607799377365204e-7,9.197291676632781e-9,3,down,"[-0.567, -0.301]",TRUE,FALSE,TRUE,TRUE,TRUE,TRUE,TRUE,TRUE
DPP10,3,-0.42503894133127545,0.06656393678087205,-6.385423727723621,1.7092351986760616e-10,-0.5555018600909857,-0.29457602257156523,0,0,8.112022430329867e-10,-6.283421562689205,3.312013506369017e-10,1.0724891371762368e-9,down,3.703104581775271e-9,5.792035371494654e-9,3.312611404666368e-6,5.108724123963491e-9,3,down,"[-0.556, -0.295]",TRUE,FALSE,TRUE,TRUE,TRUE,TRUE,TRUE,TRUE
SERTM1,3,-1.0018280874952794,0.15693314521277496,-6.383789008605983,1.7275908180890609e-10,-1.309411400092913,-0.6942447748976461,0,0,8.180418622640896e-10,-6.171440946001089,6.767040640054956e-10,2.105111780182816e-9,down,2.445218124996772e-9,3.9252185690737664e-9,9.88146111798526e-5,1.1342090336554252e-8,3,down,"[-1.309, -0.694]",TRUE,FALSE,TRUE,TRUE,TRUE,TRUE,TRUE,TRUE
BCAM,4,0.5643814649062671,0.08844229854541809,6.381352296225525,1.755309734620005e-10,0.3910377450473084,0.73772518476522575,0,0,8.273891794549752e-10,6.305962902826489,2.8640763545654167e-10,9.32337531618214e-10,up,7.522682514728284e-9,1.1330460083911736e-8,1.0452417856684916e-6,1.3808370235785063e-9,4,up,"[0.391, 0.738]",TRUE,TRUE,TRUE,TRUE,TRUE,TRUE,TRUE,TRUE
CD200,4,-0.6267221320175673,0.09838728677550455,-6.369950351894469,1.890894000043565e-10,-0.8195576706341702,-0.43388659340096447,0,0,8.892775864150462e-10,-6.033895379161375,1.6005370847930062e-9,4.7549999112790016e-9,down,1.6450379299952922e-8,2.375911327862281e-8,2.7831019130417155e-5,1.4524073944899435e-9,4,down,"[-0.820, -0.434]",TRUE,TRUE,TRUE,TRUE,TRUE,TRUE,TRUE,TRUE
VIM,3,0.7616466680816928,0.11957801340309832,6.369454102855652,1.8970217606537988e-10,0.5272780684687722,0.9960152676946132,0,0,8.901409799990901e-10,6.2197930083580735,4.978111676542088e-10,1.5740963642456303e-9,up,4.407517513647827e-9,6.826879255642714e-9,1.3121487835143e-5,5.4968795786795306e-9,3,up,"[0.527, 0.996]",TRUE,FALSE,TRUE,TRUE,TRUE,TRUE,TRUE,TRUE
ZNF184,4,-0.4560219264378158,0.07161106025775635,-6.36803762989144,1.9146195076651222e-10,-0.5963770254377458,-0.31566682743788577,0,0,8.96370397042317e-10,-6.13498089375538,8.516942955188868e-10,2.6175487262238463e-9,down,1.0090650164759348e-8,1.4905988918597494e-8,3.2369625337214385e-5,2.304493257816503e-9,4,down,"[-0.596, -0.316]",TRUE,TRUE,TRUE,TRUE,TRUE,TRUE,TRUE,TRUE
BEX1,3,-0.8464829093230753,0.13300856786228712,-6.364123175880647,1.9640847785109103e-10,-1.1071749119684098,-0.5857909066777409,0,0,9.17457619511628e-10,-6.224810674811559,4.821378630338693e-10,1.5274755343750254e-9,down,4.530858144695529e-9,7.006172174026617e-9,2.240076492834625e-5,1.5609377605205566e-8,3,down,"[-1.107, -0.586]",TRUE,FALSE,TRUE,TRUE,TRUE,TRUE,TRUE,TRUE
SLC17A6,3,-1.143757909157341,0.17973472240524987,-6.363589037506608,1.9709305244414534e-10,-1.4960314918429354,-0.7914843264717473,0,0,9.185864961104659e-10,-5.899961433364671,3.635865504752807e-9,1.0368560352092446e-8,down,5.947806361536747e-9,9.077079024155415e-9,5.803376174078532e-4,2.444712818380365e-9,3,down,"[-1.496, -0.791]",TRUE,FALSE,TRUE,TRUE,TRUE,TRUE,TRUE,TRUE
CDK14,4,-0.5240848603750978,0.08237530207172998,-6.3621601037497895,1.9893591478780588e-10,-0.6855374856512962,-0.3626322350988994,0,0,9.250966082284963e-10,-6.354144841081084,2.0958928342364482e-10,6.909393092049375e-10,down,6.239944778425554e-9,9.501942342477681e-9,4.846275235225261e-7,9.166559109398427e-10,4,down,"[-0.686, -0.363]",TRUE,TRUE,TRUE,TRUE,TRUE,TRUE,TRUE,TRUE
MICAL3,3,0.3198761603226371,0.05035698584042879,6.352170507906503,2.1229781156791118e-10,0.2211782817054032,0.418574038939871,0,0,9.850238505410466e-10,6.30566382382997,2.8696129019855557e-10,9.339343024459923e-10,up,3.797703657973604e-9,5.926589455708996e-9,3.0129891778506555e-6,1.1185736183092265e-8,3,up,"[0.221, 0.419]",TRUE,FALSE,TRUE,TRUE,TRUE,TRUE,TRUE,TRUE
PHACTR4,3,0.3637330636592575,0.0573244417514565,6.345165387502718,2.2218662203387187e-10,0.2513792223925386,0.4760869049259764,0,0,1.0286050314693083e-9,5.99142485889327,2.080104309013208e-9,6.115862241884991e-9,up,6.198778085731211e-9,9.453136580740096e-9,1.9146522336311447e-4,2.6533821376509272e-9,3,up,"[0.251, 0.476]",TRUE,FALSE,TRUE,TRUE,TRUE,TRUE,TRUE,TRUE
RXRA,4,0.5674899397263056,0.0894592582600577,6.3435573999128705,2.2451926377304336e-10,0.39215301545292514,0.742826863999686,0.01219149519449125,38.695255630842645,1.0370889823280444e-9,8.42973824553663,3.464392642674993e-17,1.6219673066919e-15,up,1.544833640470993e-15,5.670769859003256e-15,3.497741301705678e-6,2.014996140467801e-13,4,up,"[0.392, 0.743]",TRUE,TRUE,TRUE,TRUE,TRUE,TRUE,TRUE,TRUE
NFATC3,3,0.4347158696152733,0.06859639400914798,6.3372991524496145,2.3382772020619605e-10,0.30026940788802414,0.5691623313425225,0,0,1.0776859815725571e-9,6.015408762365064,1.7943334232617143e-9,5.303052946431025e-9,up,5.459953502930332e-9,8.350990829703178e-9,1.6835143016783371e-4,2.815740065771564e-9,3,up,"[0.300, 0.569]",TRUE,FALSE,TRUE,TRUE,TRUE,TRUE,TRUE,TRUE
NOTCH2,3,0.5856124121653499,0.0924235342399164,6.336182845434104,2.355272628861584e-10,0.4044656137312092,0.7667592105994905,0,0,1.083112069237012e-9,5.933409262488852,2.967080082658457e-9,8.547039646092289e-9,up,6.388408775526583e-9,9.713753519385728e-9,4.087552354600067e-4,3.4341425010664305e-9,3,up,"[0.404, 0.767]",TRUE,FALSE,TRUE,TRUE,TRUE,TRUE,TRUE,TRUE
TSPYL5,3,-0.4559847808935166,0.07202615821972777,-6.33082191476129,2.4385867293040576e-10,-0.5971534569489666,-0.31481610483806655,0,0,1.1179620315257376e-9,-6.200862520080532,5.615455174897585e-10,1.763937416587069e-9,down,5.107813165402456e-9,7.847114448181255e-9,4.889300244746171e-6,5.020414334319035e-9,3,down,"[-0.597, -0.315]",TRUE,FALSE,TRUE,TRUE,TRUE,TRUE,TRUE,TRUE
TMX4,3,-0.4899489682532907,0.0773972148990106,-6.330317814311352,2.4465674032383807e-10,-0.6416447219590583,-0.3382532145475231,0.00671259755557144,37.10337380823628,1.1179620315257376e-9,-8.09119035180776,5.908443330062146e-16,4.1070344801822955e-15,down,1.219964460134681e-15,4.534419875124245e-15,1.7284666526703865e-5,2.5937861795861253e-13,3,down,"[-0.642, -0.338]",TRUE,FALSE,TRUE,TRUE,TRUE,TRUE,TRUE,TRUE
DUSP1,3,0.6697548384119233,0.10580183408662384,6.330276258382917,2.4472264335230715e-10,0.4623870541038584,0.8771226227199882,0,0,1.1179620315257376e-9,6.054236903219954,1.410848532307205e-9,4.216014442401652e-9,up,4.116497985200118e-9,6.400012609673946e-9,3.1578559407034154e-4,3.779814293353184e-9,3,up,"[0.462, 0.877]",TRUE,FALSE,TRUE,TRUE,TRUE,TRUE,TRUE,TRUE
INPP5F,3,-0.5958910238923281,0.09423624510838614,-6.323374018213077,2.559128592094372e-10,-0.7805906703430537,-0.4111913774416024,0,0,1.1665126813195002e-9,-6.147139927218382,7.889252823298848e-10,2.436280329065482e-9,down,3.335467962759771e-9,5.24470095129929e-9,1.9666476485140272e-5,7.46577466547053e-8,3,down,"[-0.781, -0.411]",TRUE,FALSE,TRUE,TRUE,TRUE,TRUE,TRUE,TRUE
PCOLCE,3,0.606809950661545,0.0960183295313504,6.319730343396767,2.620201165212159e-10,0.41861748292439954,0.7950024183986903,0.0080179075830561,28.241871736340045,1.1917318457565826e-9,7.467678061761664,8.162223736139641e-14,4.143294904082963e-13,up,5.947100323670992e-14,1.7696249743606366e-13,8.876649284107722e-6,3.708224707598194e-12,3,up,"[0.419, 0.795]",TRUE,FALSE,TRUE,TRUE,TRUE,TRUE,TRUE,TRUE
DOK1,3,0.4972490461663682,0.07869507424600584,6.318680691652133,2.638057183592884e-10,0.34300953488349123,0.6514885574492453,0.0054493074168605,28.834879447325125,1.1972277021382144e-9,7.4203124880750115,1.1684432417187198e-13,5.778539763123806e-13,up,7.15565546786386e-14,2.114078267856075e-13,5.147651299062552e-5,2.2487769239979732e-8,3,up,"[0.343, 0.651]",TRUE,FALSE,TRUE,TRUE,TRUE,TRUE,TRUE,TRUE
TMEM120A,3,0.4360215484671279,0.069058869739474,6.313766068168044,2.723254929172339e-10,0.30066865096471584,0.5713744459695399,0.00594870550584381,40.76123139679265,1.2331944810269502e-9,8.501758679851035,1.8673970164309502e-17,1.1447065095268717e-15,up,2.0439649220396968e-21,1.8116167727821932e-20,5.632510953810907e-5,1.3742410367065743e-20,3,up,"[0.301, 0.571]",TRUE,FALSE,TRUE,TRUE,TRUE,FALSE,TRUE,TRUE
SLC19A1,3,0.48198351360118985,0.07639795414658859,6.308853672657044,2.8110973194678277e-10,0.33224627498133374,0.631720752221046,0,0,1.267438226212234e-9,6.130989931767322,8.733393294394587e-10,2.6790616675795263e-9,up,3.981602742600044e-9,6.194931799064134e-9,8.489007795423787e-6,5.125984527579001e-7,3,up,"[0.332, 0.632]",TRUE,FALSE,TRUE,TRUE,TRUE,TRUE,TRUE,TRUE
SLC37A2,4,0.6250848862520063,0.09909450433092236,6.3079672326182585,2.8272405021261766e-10,0.4308632266975501,0.8193065458064626,0,0,1.2719515838198892e-9,6.062585827780348,1.3395028535182968e-9,4.0133534958968304e-9,up,2.3250284954389163e-8,3.293790368538464e-8,1.624478406430212e-5,5.364229869375079e-9,4,up,"[0.431, 0.819]",TRUE,TRUE,TRUE,TRUE,TRUE,TRUE,TRUE,TRUE
CHCHD7,4,-0.42863824383967414,0.06802788715758316,-6.300919545638031,2.958849582385543e-10,-0.561970452612892,-0.29530603506645625,0.00851122746434063,47.77298515032173,1.3282800939107394e-9,-8.927668101513992,4.350826924831507e-19,5.689216664557311e-17,down,1.5060017486632147e-21,1.3521418297521677e-20,2.1842966326413674e-7,5.394698933299279e-9,4,down,"[-0.562, -0.295]",TRUE,TRUE,TRUE,TRUE,TRUE,FALSE,TRUE,TRUE
LRRC40,4,-0.5549913337031552,0.08809341150616666,-6.3000322522905705,2.975837170003872e-10,-0.7276512475305082,-0.3823314198758022,0.01427675809888679,48.702438071358266,1.333020797103246e-9,-9.11941273266698,7.553250624289094e-20,1.414274471322585e-17,down,1.2697821474425018e-20,9.439169081705192e-20,2.5834896605852986e-6,2.3453698645883793e-18,4,down,"[-0.728, -0.382]",TRUE,TRUE,TRUE,TRUE,TRUE,FALSE,TRUE,TRUE
IL33,3,-0.6061376623543288,0.09621833616063172,-6.299606567114319,2.9840208534079547e-10,-0.7947221358815348,-0.41755318882712267,0,0,1.3338058728379522e-9,-6.130157821311053,8.779194138347437e-10,2.691995018541362e-9,down,4.5999922161620105e-9,7.103785447743863e-9,8.745383303602761e-5,6.345030851544291e-9,3,down,"[-0.795, -0.418]",TRUE,FALSE,TRUE,TRUE,TRUE,TRUE,TRUE,TRUE
POLDIP3,4,0.3471790929329072,0.05517782870861858,6.292003528559998,3.1339435812153045e-10,0.23903253591889456,0.4553256499469199,0,0,1.3959085775597482e-9,6.067377614897729,1.3001562162451523e-9,3.903371372173391e-9,up,1.8418453051997965e-8,2.6472537512019253e-8,2.316914860240577e-5,4.950984060608347e-9,4,up,"[0.239, 0.455]",TRUE,TRUE,TRUE,TRUE,TRUE,TRUE,TRUE,TRUE
TMPRSS5,4,0.7976140917403818,0.12676878267781377,6.291880973311381,3.1364194654910455e-10,0.5491518433278817,1.046076340152882,0,0,1.3959085775597482e-9,6.074584126188157,1.243094542881687e-9,3.737368796403641e-9,up,2.0756066431197436e-8,2.9606658719603496e-8,1.1752774323003418e-5,3.0938084943160293e-9,4,up,"[0.549, 1.046]",TRUE,TRUE,TRUE,TRUE,TRUE,TRUE,TRUE,TRUE
NRXN3,3,-0.5847247181656045,0.09301675687079052,-6.286229899176607,3.2526815944336936e-10,-0.7670342115910724,-0.4024152247401364,0,0,1.4445528108898243e-9,-6.214860078393484,5.137040461281656e-10,1.6215770914058526e-9,down,7.216188675787206e-9,1.0900491852572954e-8,3.791675101636815e-6,1.883306685319242e-8,3,down,"[-0.767, -0.402]",TRUE,FALSE,TRUE,TRUE,TRUE,TRUE,TRUE,TRUE
SYT16,3,-0.781288390563629,0.1245720201489992,-6.271780690632926,3.5694211099498826e-10,-1.025445063537065,-0.5371317175901926,0,0,1.581833201289756e-9,-6.181063444979737,6.367121933927135e-10,1.986552787315971e-9,down,4.389870760268115e-9,6.80462777040065e-9,1.1398507508810438e-4,3.1137693832105872e-9,3,down,"[-1.025, -0.537]",TRUE,FALSE,TRUE,TRUE,TRUE,TRUE,TRUE,TRUE
DUS4L,3,-0.41289737626614986,0.06589663573555954,-6.265833933056763,3.708353800858176e-10,-0.5420524090102017,-0.2837423435220981,0,0,1.6398988876289675e-9,-6.083812313857685,1.173579773175034e-9,3.538441093519181e-9,down,8.486149984854742e-9,1.2680313449991884e-8,1.919161158762694e-5,6.316675559069118e-9,3,down,"[-0.542, -0.284]",TRUE,FALSE,TRUE,TRUE,TRUE,TRUE,TRUE,TRUE
TSPAN5,3,-0.33505604064120376,0.05347930074955447,-6.2651537313526875,3.724577740919442e-10,-0.4398735440287164,-0.2302385372536911,0,0,1.6435689860993452e-9,-6.12115402420418,9.290004848961527e-10,2.8386232539937807e-9,down,8.658404039520524e-9,1.2909798690126218e-8,3.865725181545062e-6,7.077354863284493e-9,3,down,"[-0.440, -0.230]",TRUE,FALSE,TRUE,TRUE,TRUE,TRUE,TRUE,TRUE
CD99L2,3,-0.37886239016038614,0.060475716084742,-6.264702837573725,3.7353704757402777e-10,-0.4973926156257501,-0.2603321646950222,0,0,1.644831924986271e-9,-6.135180119078208,8.50627617338163e-10,2.614813739747736e-9,down,8.132743260873197e-9,1.2178562832527806e-8,3.2646056034115976e-6,7.4217249459553335e-9,3,down,"[-0.497, -0.260]",TRUE,FALSE,TRUE,TRUE,TRUE,TRUE,TRUE,TRUE
PLEKHA4,3,0.8067747734343608,0.1288414880107158,6.26176230879343,3.8065084748175987e-10,0.5542500972188087,1.0592994496499128,0,0,1.6726056306719704e-9,6.134683212418073,8.53290551311517e-10,2.6219098120066387e-9,up,8.333119353409531e-9,1.2460626920671498e-8,2.676546873645693e-5,2.6982309015100022e-8,3,up,"[0.554, 1.059]",TRUE,FALSE,TRUE,TRUE,TRUE,TRUE,TRUE,TRUE
PPP2R2B,3,-0.36351113914685385,0.05809140197538642,-6.2575721498488726,3.9101677444702983e-10,-0.47736819483005016,-0.24965408346365753,0,0,1.7109046206817292e-9,-6.052616029663652,1.4251227882353123e-9,4.255231385461594e-9,down,9.460685357145341e-9,1.4055488130887846e-8,4.5915254098215664e-5,8.304114987287397e-9,3,down,"[-0.477, -0.250]",TRUE,FALSE,TRUE,TRUE,TRUE,TRUE,TRUE,TRUE
COG1,3,-0.458048298948616,0.07321445922504394,-6.2562546223374245,3.9433274900846663e-10,-0.6015460021772785,-0.3145505957199536,0,0,1.721781308302231e-9,-6.32379718162862,2.552126593659226e-10,8.337247476459201e-10,down,4.232198260459925e-9,6.574965687036618e-9,3.5231806784535174e-4,3.0191080542645094e-8,3,down,"[-0.602, -0.315]",TRUE,FALSE,TRUE,TRUE,TRUE,TRUE,TRUE,TRUE
NAA20,4,-0.31619606863189936,0.05054960228840886,-6.255164320143501,3.970975835110959e-10,-0.4152714685500042,-0.2171206687137945,0,0,1.7302108995840603e-9,-5.973491814759575,2.322284438049702e-9,6.786098658164992e-9,down,2.6419096416894156e-8,3.709763437280872e-8,2.1899601293231055e-5,3.56679972822302e-9,4,down,"[-0.415, -0.217]",TRUE,TRUE,TRUE,TRUE,TRUE,TRUE,TRUE,TRUE
SUSD4,3,-0.6047823141128593,0.09673156382630538,-6.252171371888785,4.0478486250217204e-10,-0.7943726953806554,-0.4151919328450633,0,0,1.7600079765817711e-9,-6.10054439618742,1.057078157272412e-9,3.2028472147426294e-9,down,7.378179426392035e-9,1.112897754933606e-8,7.431620659127451e-5,1.5921116972842696e-8,3,down,"[-0.794, -0.415]",TRUE,FALSE,TRUE,TRUE,TRUE,TRUE,TRUE,TRUE
ADGRB3,3,-0.4229812822075563,0.0676592450640231,-6.251640582263472,4.0616325951101184e-10,-0.555590965754211,-0.2903715986609017,0,0,1.762306695033135e-9,-6.115151025852414,9.646556170475883e-10,2.940281452167304e-9,down,8.969886984437279e-9,1.3355021971086084e-8,1.25803071526809e-5,8.408261718818004e-9,3,down,"[-0.556, -0.290]",TRUE,FALSE,TRUE,TRUE,TRUE,TRUE,TRUE,TRUE
MAFF,3,0.9698502745966308,0.15516261875979326,6.2505407703775155,4.0903393749704055e-10,0.6657371300805172,1.273963419112745,0,0,1.7710571740477286e-9,5.945273683352578,2.7599533127436963e-9,7.976793552580061e-9,up,5.015926158123961e-9,7.717381937647698e-9,7.861717787552255e-4,3.10235067468354e-9,3,up,"[0.666, 1.274]",TRUE,FALSE,TRUE,TRUE,TRUE,TRUE,TRUE,TRUE
CLDN9,4,0.8947674507140793,0.14323851312202351,6.246696026171644,4.192257942883618e-10,0.6140251237958453,1.1755097776323131,0.01756891232570492,20.873847318440315,1.8114047861542967e-9,7.116576638852657,1.1064066701891697e-12,4.758932092305379e-12,up,2.457171455043762e-11,5.050717143469536e-11,2.2189135268875725e-5,4.6082569905178076e-10,4,up,"[0.614, 1.176]",TRUE,TRUE,TRUE,TRUE,TRUE,TRUE,TRUE,TRUE
ENGASE,3,0.44748668300001776,0.0716836903659868,6.242517380387906,4.3058391429040254e-10,0.3069892316037628,0.5879841343962727,0,0,1.8566133851107998e-9,6.025433053306654,1.6865741985437266e-9,4.995224071031526e-9,up,9.949562948387116e-9,1.4718540338769529e-8,1.002011157496122e-5,4.11039518629273e-9,3,up,"[0.307, 0.588]",TRUE,FALSE,TRUE,TRUE,TRUE,TRUE,TRUE,TRUE
ARF3,3,-0.42808134552720656,0.06862257387021876,-6.238200075922653,4.4263429994736446e-10,-0.5625791188392747,-0.2935835722151384,0,0,1.9046131495660456e-9,-5.845486694645946,5.0508931037678655e-9,1.4158197989564952e-8,down,1.011440198713138e-8,1.493044108278326e-8,5.002030033917006e-4,2.636150503761578e-9,3,down,"[-0.563, -0.294]",TRUE,FALSE,TRUE,TRUE,TRUE,TRUE,TRUE,TRUE
GRIA3,4,-0.5522220187425974,0.08861267704777624,-6.231862495756249,4.6092197466680256e-10,-0.7258996743299179,-0.3785443631552768,0,0,1.979197050639645e-9,-6.188796473903019,6.062529767640126e-10,1.8991304600366948e-9,down,1.8567596509458668e-8,2.6668417701258506e-8,6.340329413102037e-6,5.838134551895654e-9,4,down,"[-0.726, -0.379]",TRUE,TRUE,TRUE,TRUE,TRUE,TRUE,TRUE,TRUE
DHX36,3,-0.6293879053046852,0.10101506020196405,-6.230634363295147,4.645501978879815e-10,-0.8273737851966801,-0.4314020254126903,0.0170344700492182,56.284319377774096,1.990655186817508e-9,-8.851336700988426,8.647723497885202e-19,9.202670933864598e-17,down,2.705459217814872e-34,1.1451270240302132e-32,9.819270511344368e-6,4.3654294937855486e-33,3,down,"[-0.827, -0.431]",TRUE,FALSE,TRUE,TRUE,TRUE,FALSE,TRUE,TRUE
ZBBX,3,-0.9626886979518614,0.15455095334043814,-6.228940534784619,4.695999771499349e-10,-1.2656030002754504,-0.6597743956282723,0,0,2.0081450569257012e-9,-5.677806976793254,1.3643254073015631e-8,3.632961552620112e-8,down,1.1149476484562372e-8,1.6411649559249366e-8,0.00213423985458983,2.8045270916743543e-9,3,down,"[-1.266, -0.660]",TRUE,FALSE,TRUE,TRUE,TRUE,TRUE,TRUE,TRUE
TGFB1I1,3,0.6596600930891676,0.10590890325633769,6.228561271119508,4.707379883480793e-10,0.4520824570646089,0.8672377291137263,0,0,2.008869522292009e-9,6.103058506013068,1.0405772998094702e-9,3.1560835388110894e-9,up,7.467142360650317e-9,1.1254980563945316e-8,6.081542260995447e-5,2.2719094721815835e-8,3,up,"[0.452, 0.867]",TRUE,FALSE,TRUE,TRUE,TRUE,TRUE,TRUE,TRUE
SLC6A9,3,0.7018678382061764,0.1129494400256077,6.214000158363336,5.165247569368908e-10,0.48049100368201847,0.9232446727303344,0,0,2.199737876564911e-9,5.993069530132531,2.059167564873448e-9,6.056712392047732e-9,up,1.3205173205083748e-8,1.9275170185585346e-8,6.5176375297186415e-6,4.905800206578671e-9,3,up,"[0.480, 0.923]",TRUE,FALSE,TRUE,TRUE,TRUE,TRUE,TRUE,TRUE
CROT,3,-0.566556256216693,0.0912417676073967,-6.209395883851378,5.318867525852587e-10,-0.745386834612964,-0.38772567782042217,0.01123248240604398,47.229015205437776,2.26051869848735e-9,-9.24356866154787,2.3841012237791278e-20,5.8776042170234764e-18,down,6.094444611453179e-20,4.1853901073357274e-19,0.01031797892610931,1.1781767131889896e-14,3,down,"[-0.745, -0.388]",TRUE,FALSE,TRUE,TRUE,TRUE,FALSE,TRUE,TRUE
FGD3,3,0.5950755897141845,0.096002637443404,6.198533764918664,5.699158053342616e-10,0.4069138779042562,0.78323730152411275,0.00708217266938392,25.0682674607545,2.4171889166937803e-9,7.095351356125735,1.2902326482375917e-12,5.5161320111886225e-12,up,1.3802070825264628e-12,3.407797010904624e-12,2.0664724587376157e-5,6.94613548361384e-10,3,up,"[0.407, 0.783]",TRUE,FALSE,TRUE,TRUE,TRUE,TRUE,TRUE,TRUE
SAMD4A,3,0.7913857432066786,0.1278415800352976,6.190362658128707,6.002594924755516e-10,0.5408208506108005,1.0419506358025568,0.01718395675271827,34.4414295189575,2.5406901783557012e-9,8.051180566826506,8.199918772022168e-16,5.5972865009576335e-15,up,1.9816636962344527e-14,6.251112892078334e-14,0.00238279221267016,1.7536537666996128e-12,3,up,"[0.541, 1.042]",TRUE,FALSE,TRUE,TRUE,TRUE,TRUE,TRUE,TRUE
MEAF6,3,-0.38631983573111495,0.06243363709551588,-6.187687498328706,6.105320807523721e-10,-0.50868751586217,-0.2639521556000599,0,0,2.5789074042371075e-9,-5.8624942600744685,4.559653777453976e-9,1.2837152393623758e-8,down,1.6200995704057742e-8,2.3431565613818517e-8,2.908184762604835e-4,1.7233677129826705e-8,3,down,"[-0.509, -0.264]",TRUE,FALSE,TRUE,TRUE,TRUE,TRUE,TRUE,TRUE
MAML2,3,0.5180460460378934,0.08374336866764744,6.186114247372402,6.166532386328629e-10,0.3539120595052444,0.6821800325705424,0,0,2.599469140090564e-9,6.130718629865539,8.748300572151284e-10,2.6830782098955373e-9,up,7.886336006632132e-9,1.1835210475944316e-8,3.1794333658704515e-6,8.888024957134807e-9,3,up,"[0.354, 0.682]",TRUE,FALSE,TRUE,TRUE,TRUE,TRUE,TRUE,TRUE
MRGPRF,3,1.0697407089422342,0.172998755119848,6.183516801616012,6.26890580279167e-10,0.7306693795370678,1.4088120383474003,0.02557200760199527,27.22727415914811,2.6372638204847718e-9,7.432787490066846,1.0633266202835195e-13,5.286967182263468e-13,up,6.374147613347385e-13,1.6628908364883618e-12,0.00112726399115941,1.345939269518369e-9,3,up,"[0.731, 1.409]",TRUE,FALSE,TRUE,TRUE,TRUE,TRUE,TRUE,TRUE
OXR1,3,-0.4825577971242703,0.07811616205249475,-6.177438630433318,6.514988659879184e-10,-0.6356626613576545,-0.3294529328908862,0,0,2.729714440523117e-9,-5.976020270985397,2.286545608142393e-9,6.686947931127378e-9,down,7.152774130605152e-9,1.0812575471483298e-8,3.948963771512104e-4,2.793640039906009e-9,3,down,"[-0.636, -0.329]",TRUE,FALSE,TRUE,TRUE,TRUE,TRUE,TRUE,TRUE
KIF1C,3,0.8711775419826836,0.14104330413852711,6.17666713995191,6.54688969252151e-10,0.5947377456106413,1.147617338354726,0,0,2.737550246429357e-9,5.931170205974542,3.007832104712873e-9,8.657686805392648e-9,up,1.5152117810187126e-8,2.2006647295747972e-8,1.058855059830079e-4,9.063515319235147e-9,3,up,"[0.595, 1.148]",TRUE,FALSE,TRUE,TRUE,TRUE,TRUE,TRUE,TRUE
RREB1,4,0.4383452684134783,0.07097926549359779,6.175680536635256,6.587907742570381e-10,0.2992284643969201,0.5774620724300366,0,0,2.749159086135004e-9,6.138054830547213,8.353803179003442e-10,2.5727557073458035e-9,up,1.6436843668476893e-8,2.3756107155694124e-8,8.014152194510417e-6,5.467228371280856e-8,4,up,"[0.299, 0.577]",TRUE,TRUE,TRUE,TRUE,TRUE,TRUE,TRUE,TRUE
ZBTB12,3,0.4932708854318024,0.0799107571429081,6.172772015533069,6.710294031738157e-10,0.3366486794543757,0.6498930914092291,0.00433064411503295,21.569787155531237,2.789007980325639e-9,7.119151603411811,1.085934131111085e-12,4.674952755353656e-12,up,1.3203552215929494e-11,2.8202026051326227e-11,2.177276482801644e-5,1.5410541447166672e-9,3,up,"[0.337, 0.650]",TRUE,FALSE,TRUE,TRUE,TRUE,TRUE,TRUE,TRUE
PAK1,3,-0.8783125922076287,0.14252989619744413,-6.1623042999408195,7.16939080515009e-10,-1.1576660554748517,-0.5989591289404058,0,0,2.973863305976257e-9,-6.038439087196412,1.5561214758998983e-9,4.6304865965623205e-9,down,1.7003627908090865e-8,2.452400854059837e-8,2.563603566394892e-5,5.759496439324889e-8,3,down,"[-1.158, -0.599]",TRUE,FALSE,TRUE,TRUE,TRUE,TRUE,TRUE,TRUE
FMNL3,3,0.37919014038037135,0.06154240882230414,6.1614445654091075,7.208430573675962e-10,0.25856923556681516,0.4998110451939275,0,0,2.984088824312164e-9,6.0015612398657074,1.954292058558769e-9,5.763135592145396e-9,up,1.4807623563254674e-8,2.1521381408682687e-8,6.36005110056731e-5,3.288397527809259e-8,3,up,"[0.259, 0.500]",TRUE,FALSE,TRUE,TRUE,TRUE,TRUE,TRUE,TRUE
SLC25A12,4,-0.5578172628027119,0.09086947927390147,-6.138664678833721,8.321801612868945e-10,-0.7359181694734678,-0.37971635613195615,0,0,3.43813078587454e-9,-5.951637165030899,2.654733965512147e-9,7.689215746594023e-9,down,4.8242056415693364e-8,6.599433524360698e-8,9.373022212192251e-6,8.225072766598307e-9,4,down,"[-0.736, -0.380]",TRUE,TRUE,TRUE,TRUE,TRUE,TRUE,TRUE,TRUE
ELN,4,0.5926990626478832,0.09656265149191848,6.137974190751041,8.358043697371861e-10,0.4034397434720301,0.7819583818237363,0,0,3.446239091123109e-9,6.11772309424385,9.4921820738067e-10,2.8962119891862353e-9,up,3.104757839978028e-8,4.3332892059989435e-8,3.0275320143105563e-6,1.417505709073264e-8,4,up,"[0.403, 0.782]",TRUE,TRUE,TRUE,TRUE,TRUE,TRUE,TRUE,TRUE
FANCE,3,0.42575960378171473,0.06939366388355038,6.135424762931996,8.493195447195028e-10,0.2897505218146781,0.5617686857487514,0,0,3.495017332833827e-9,5.668811124318717,1.4379177064622848e-8,3.8172431288568046e-8,up,2.2721741157458866e-8,3.229944562067833e-8,0.0014023912715192,8.375264941523756e-9,3,up,"[0.290, 0.562]",TRUE,FALSE,TRUE,TRUE,TRUE,TRUE,TRUE,TRUE
TAF4,3,0.32372939554091007,0.05278583788034639,6.132883525970199,8.630033325412878e-10,0.22027105440166103,0.4271877366801591,0,0,3.5442948746349134e-9,6.165384828361616,7.03119308059751e-10,2.183611338404333e-9,up,8.331245940919226e-9,1.2460626920671498e-8,2.838670874737264e-6,1.3921660571425885e-6,3,up,"[0.220, 0.427]",TRUE,FALSE,TRUE,TRUE,TRUE,TRUE,TRUE,TRUE
DDX25,3,-0.5379362263393749,0.08783727961506231,-6.1242359587731325,9.111977969904097e-10,-0.7100941308848713,-0.3657783217938785,0,0,3.734830495964644e-9,-5.776140274379939,7.643365873675323e-9,2.0921663213065393e-8,down,2.3991769967950934e-8,3.387265548912881e-8,4.56898793398461e-4,1.968270403350543e-8,3,down,"[-0.710, -0.366]",TRUE,FALSE,TRUE,TRUE,TRUE,TRUE,TRUE,TRUE
TBX6,3,0.7414547309907374,0.12108774247028016,6.123284783946818,9.166564274035415e-10,0.5041271167797272,0.9787823452017476,0,0,3.745803357630007e-9,5.996546185186514,2.015583042540711e-9,5.936779045253326e-9,up,2.0494909642565037e-8,2.925426193990357e-8,3.088777840353155e-5,3.884619831042467e-8,3,up,"[0.504, 0.979]",TRUE,FALSE,TRUE,TRUE,TRUE,TRUE,TRUE,TRUE
KCNH5,3,-0.7141008238436561,0.11662329483785323,-6.123140534114592,9.174870326306863e-10,-0.9426782814842444,-0.4855233662030678,0,0,3.745803357630007e-9,-6.131844079123173,8.686621895090135e-10,2.666926340227756e-9,down,1.0374493122005318e-8,1.5292607487589927e-8,7.295219350435439e-5,5.62284655826288e-8,3,down,"[-0.943, -0.486]",TRUE,FALSE,TRUE,TRUE,TRUE,TRUE,TRUE,TRUE
NUP93,3,-0.34126915946528896,0.0558023514401845,-6.115677039722981,9.614787267928063e-10,-0.4506397585406974,-0.23189856038988055,0,0,3.911918500210077e-9,-5.858683255996818,4.665515851703044e-9,1.3125201688549152e-8,down,2.3538897273329237e-8,3.3278577331209844e-8,5.799375978749888e-5,8.697647049346663e-9,3,down,"[-0.451, -0.232]",TRUE,FALSE,TRUE,TRUE,TRUE,TRUE,TRUE,TRUE
COL8A2,4,0.7783208923709556,0.12726812945564903,6.1155993704000196,9.619471721828055e-10,0.5288799422581023,1.0277618424838089,0,0,3.911918500210077e-9,5.843706228883504,5.10520264680847e-9,1.4302302566589184e-8,up,7.901781629028623e-8,1.0518803015792917e-7,2.123505941495642e-5,7.689095637438576e-9,4,up,"[0.529, 1.028]",TRUE,TRUE,TRUE,TRUE,TRUE,TRUE,TRUE,TRUE
TXLNA,3,0.3075976618412868,0.05030246393380877,6.114962126826305,9.657989794675878e-10,0.2090066441973966,0.406188679485177,0,0,3.916216133831652e-9,5.9945893298153425,2.0400030426983214e-9,6.0039245936318304e-9,up,1.7603163654763467e-8,2.5335851089506893e-8,2.8248610537982805e-5,2.1636950556559152e-8,3,up,"[0.209, 0.406]",TRUE,FALSE,TRUE,TRUE,TRUE,TRUE,TRUE,TRUE
MXI1,3,0.40857287148557087,0.06681704415647648,6.114800147829773,9.667804534820664e-10,0.2776138713854545,0.5395318715856872,0,0,3.916216133831652e-9,5.656916974282579,1.541162683553099e-8,4.0752374714189203e-8,up,2.8213140746271417e-8,3.9563254839599e-8,9.939814588065044e-4,7.873401040457865e-9,3,up,"[0.278, 0.540]",TRUE,FALSE,TRUE,TRUE,TRUE,TRUE,TRUE,TRUE
C11ORF87,3,-0.8756535404939564,0.14336217676197685,-6.107981618804501,1.0089897037093667e-9,-1.156638243692696,-0.5946688372952167,0,0,4.079229328446835e-9,-5.893900902478632,3.771834240255693e-9,1.0737677459942692e-8,down,1.7254284294845063e-8,2.4850962241325463e-8,1.741903459128507e-4,1.877543122748005e-8,3,down,"[-1.157, -0.595]",TRUE,FALSE,TRUE,TRUE,TRUE,TRUE,TRUE,TRUE
ENO2,3,-0.7083738799437447,0.11599869296602004,-6.106740186729962,1.0168656538405806e-9,-0.9357271404108636,-0.4810206194766258,0,0,4.1030726966252235e-9,-5.918629933689692,3.2463448549885212e-9,9.313408280642011e-9,down,2.5135719125600875e-8,3.5367355133308155e-8,7.159658427957848e-5,3.713130559501629e-8,3,down,"[-0.936, -0.481]",TRUE,FALSE,TRUE,TRUE,TRUE,TRUE,TRUE,TRUE
MAGEH1,3,-0.393566400185359,0.06446713748821287,-6.104915085725939,1.028553497384507e-9,-0.5199196678486482,-0.2672131325220698,7.326342291677275e-4,3.6996445044686146,4.142174667136832e-9,-6.234924269123136,4.519967007315566e-10,1.437835526284126e-9,down,1.7889170794581653e-9,2.9099717825852832e-9,1.88091196262686e-4,9.661763153495633e-8,3,down,"[-0.520, -0.267]",TRUE,FALSE,TRUE,TRUE,TRUE,TRUE,TRUE,TRUE
EPHA5,3,-0.7802246349031026,0.12788585321635784,-6.100945611107705,1.0544278597851922e-9,-1.0308763013393398,-0.5295729684668654,0,0,4.238146087586218e-9,-6.009738503646208,1.8582280630946454e-9,5.485314210595889e-9,down,1.5849576928457788e-8,2.2971364465144273e-8,2.034808992907196e-5,1.0886067019459254e-8,3,down,"[-1.031, -0.530]",TRUE,FALSE,TRUE,TRUE,TRUE,TRUE,TRUE,TRUE
FSTL5,3,-0.7351232370937787,0.12052945598853886,-6.0991168595640355,1.0665607809023544e-9,-0.9713566299075204,-0.498889844280037,0,0,4.2786210050125406e-9,-5.762644463177264,8.280611189377141e-9,2.2569891415748425e-8,down,1.3206372629564498e-8,1.9275170185585346e-8,0.00107024620044435,3.7875408809318125e-9,3,down,"[-0.971, -0.499]",TRUE,FALSE,TRUE,TRUE,TRUE,TRUE,TRUE,TRUE
MYO9B,3,0.501724815143979,0.08227600034271206,6.098070069693433,1.0735668951267906e-9,0.3404668176802583,0.6629828126076998,0.00447051467973754,21.82247206607673,4.298412626434293e-9,6.818289070978997,9.213111883379899e-12,3.561023020092906e-11,up,2.6266665421176154e-11,5.3884336383303005e-11,3.1638033919885537e-4,7.466059857709393e-10,3,up,"[0.340, 0.663]",TRUE,FALSE,TRUE,TRUE,TRUE,TRUE,TRUE,TRUE
LLGL2,4,0.5998391783752833,0.0983860725772646,6.09678954207891,1.0821984445582442e-9,0.4070060195435009,0.7926723372070658,0,0,4.3246234566739874e-9,5.977720885881965,2.2628099708396214e-9,6.621460947311511e-9,up,5.6273925382025376e-8,7.62824321845233e-8,5.642689795508075e-6,1.29809493169129e-8,4,up,"[0.407, 0.793]",TRUE,TRUE,TRUE,TRUE,TRUE,TRUE,TRUE,TRUE
TUBB2A,3,-0.7561793497781791,0.12407291347046144,-6.094636843989368,1.096861686012845e-9,-0.999357791637238,-0.5130009079191202,0,0,4.3747906476743095e-9,-5.773622392790842,7.758520261375742e-9,2.1217236403451653e-8,down,2.1444014341851898e-08,3.052497305765328e-8,4.92316765554511e-4,1.5532322757635657e-8,3,down,"[-0.999, -0.513]",TRUE,FALSE,TRUE,TRUE,TRUE,TRUE,TRUE,TRUE
RUNX3,3,0.882349149430692,0.14486220404470715,6.090954885363906,1.1223918080120315e-9,0.5984244467819735,1.1662738520794105,0,0,4.468024203103557e-9,5.579046987094869,2.418399127428201e-8,6.238744313379483e-8,up,2.8583049977010812e-8,4.0000840521133895e-8,0.00210052237474952,9.848934662222868e-9,3,up,"[0.598, 1.166]",TRUE,FALSE,TRUE,TRUE,TRUE,TRUE,TRUE,TRUE
KRI1,3,0.35333891401459294,0.05802257265854511,6.089680236930273,1.131364298932148e-9,0.23961676131348608,0.4670610667156998,0,0,4.4951140919258155e-9,5.486080244529618,4.1095027671318454e-8,1.0292544011414536e-7,up,3.622292799725107e-8,5.021815017800717e-8,0.00347788608254813,9.240677642392285e-9,3,up,"[0.240, 0.467]",TRUE,FALSE,TRUE,TRUE,TRUE,TRUE,TRUE,TRUE
KDM6B,3,0.4102219780781676,0.06737161891736242,6.088943455275182,1.136582497437416e-9,0.2781760314199799,0.5422679247363553,0.00138516069367175,7.045902065826518,4.5072124276963695e-9,6.441054907027814,1.186459373407455e-10,4.040079892136987e-10,up,4.993869335038766e-10,8.652702590535006e-10,1.4554862733892168e-4,4.949875253673352e-8,3,up,"[0.278, 0.542]",TRUE,FALSE,TRUE,TRUE,TRUE,TRUE,TRUE,TRUE
SLC8A3,4,-0.4582190097644854,0.07528958117315411,-6.086087910499253,1.1570292849442202e-9,-0.6057838772749723,-0.31065414225399846,0,0,4.577679244276743e-9,-6.1259005419101555,9.017212227071124e-10,2.760401557591806e-9,down,2.2918027660370665e-8,3.252537439033859e-8,5.385803190915343e-4,2.1206351142706927e-8,4,down,"[-0.606, -0.311]",TRUE,TRUE,TRUE,TRUE,TRUE,TRUE,TRUE,TRUE
LRPPRC,4,-0.40941215892125016,0.0672728249975877,-6.0858475756879695,1.1587664432233801e-9,-0.5412644730547879,-0.27755984478771245,0.00844986645646501,49.96166084013368,4.577679244276743e-9,-8.941364283118457,3.843949747008008e-19,5.1690640597947676e-17,down,1.316701534444318e-19,8.658527319775353e-19,1.84630715976601e-5,3.6698905285138404e-18,4,down,"[-0.541, -0.278]",TRUE,TRUE,TRUE,TRUE,TRUE,FALSE,TRUE,TRUE
RGCC,4,0.4996902398730769,0.08211542176886823,6.085217966480939,1.163329371425991e-9,0.33874697063077885,0.660633509115375,0,0,4.586967901782331e-9,5.92231690703122,3.174371433868899e-9,9.113995001899992e-9,up,7.202038229518225e-8,9.643013097495673e-8,3.378275677676443e-6,1.120075356009965e-8,4,up,"[0.339, 0.661]",TRUE,TRUE,TRUE,TRUE,TRUE,TRUE,TRUE,TRUE
TJP2,3,0.48656419373917015,0.07997954271717912,6.0836080978824985,1.175076278294254e-9,0.3298071705135163,0.6433212169648239,0,0,4.624493740383839e-9,5.867580214323549,4.422010931800019e-9,1.2480516257047488e-8,up,2.3831543181957376e-8,3.36693600540733e-8,6.737933610793035e-5,1.0644360084889326e-8,3,up,"[0.330, 0.643]",TRUE,FALSE,TRUE,TRUE,TRUE,TRUE,TRUE,TRUE
RRBP1,3,0.4240178243913822,0.06974254538662387,6.07975837475966,1.2036378578559596e-9,0.2873249472434493,0.5607107015393151,0.00413487329879673,27.201269004377284,4.727925979532691e-9,7.146785015732548,8.883383606836616e-13,3.8625223489808114e-12,up,3.2133893391445024e-13,8.644059000500259e-13,6.034742090058601e-5,8.799630785970687e-13,3,up,"[0.287, 0.561]",TRUE,FALSE,TRUE,TRUE,TRUE,TRUE,TRUE,TRUE
ATP6V1H,3,-0.6040736786464636,0.09937249927369617,-6.078881813998629,1.210235154566752e-9,-0.7988401982766407,-0.4093071590162865,0,0,4.744853895220121e-9,-5.7709779598817175,7.881278377025785e-9,2.154099588931364e-8,down,1.9454174343870097e-8,2.7826177647714882e-8,5.675189569740463e-4,1.0111397904941818e-8,3,down,"[-0.799, -0.409]",TRUE,FALSE,TRUE,TRUE,TRUE,TRUE,TRUE,TRUE
TARBP1,3,-0.7932730777409216,0.13051942987200713,-6.077815988920873,1.2183044221638227e-9,-1.0490864595727567,-0.5374596959090864,0.01498144001898792,28.38506168587097,4.767478059561827e-9,-7.5392148436080335,4.728094697653956e-14,2.502253193835325e-13,down,8.681695357484897e-13,2.2147399964850772e-12,0.00415051437690051,2.8438501371096492e-11,3,down,"[-1.049, -0.537]",TRUE,FALSE,TRUE,TRUE,TRUE,TRUE,TRUE,TRUE
HOMER3,4,0.5775004237997405,0.09504072383851028,6.076347069715169,1.2295114901991911e-9,0.391224028011643,0.763776819587838,0.01606201848654332,47.01419718336378,4.80227275079684e-9,8.424465297774779,3.624013882728535e-17,1.6219673066919e-15,up,9.195067996162238e-24,1.0897469156594565e-22,2.341554740492174e-6,2.2776836758220983e-23,4,up,"[0.391, 0.764]",TRUE,TRUE,TRUE,TRUE,TRUE,FALSE,TRUE,TRUE
CXCL16,3,0.49467544343988346,0.08144950939637711,6.0733999149402695,1.2523006215255822e-9,0.3350373384645276,0.6543135484152394,0,0,4.882089265120411e-9,5.8860620481164325,3.955058808836847e-9,1.1235243856064261e-8,up,2.4698808045204762e-8,3.4799815139778996e-8,1.4983624493419484e-5,9.062097355398921e-9,3,up,"[0.335, 0.654]",TRUE,FALSE,TRUE,TRUE,TRUE,TRUE,TRUE,TRUE
C5ORF34,3,-0.576438862539776,0.09510700150637742,-6.060950859660136,1.3531917365369966e-9,-0.7628451601698725,-0.3900325649096797,0,0,5.265515312528577e-9,-5.705209431724555,1.1620012487490911e-8,3.1245814345567275e-8,down,2.4394977210051383e-8,3.4395093632662525e-8,0.00140022986876394,1.4082355038519812e-8,3,down,"[-0.763, -0.390]",TRUE,FALSE,TRUE,TRUE,TRUE,TRUE,TRUE,TRUE
BRPF3,4,0.31085997768193757,0.05132484793743045,6.056715025457133,1.3892939130387794e-9,0.21026512421257904,0.4114548311512961,0,0,5.3958718644989315e-9,5.928462426338989,3.0578436120553383e-9,8.789666286343289e-9,up,7.478577323928964e-8,9.98748832571067e-8,5.257119910496595e-6,1.0840596773800991e-8,4,up,"[0.210, 0.411]",TRUE,TRUE,TRUE,TRUE,TRUE,TRUE,TRUE,TRUE
PPFIA2,4,-0.4855794515595498,0.08024784858873478,-6.050996507683517,1.4395256922286724e-9,-0.6428623446302933,-0.32829655848880623,0,0,5.570105010601244e-9,-5.9072186849355806,3.479317584309284e-9,9.948978485811508e-9,down,8.012179311639295e-8,1.0645265786252337e-7,1.2176034682840506e-5,1.4531631711734969e-8,4,down,"[-0.643, -0.328]",TRUE,TRUE,TRUE,TRUE,TRUE,TRUE,TRUE,TRUE
NFU1,3,-0.32305234235326213,0.0533977742438783,-6.049921498184879,1.4491643187678787e-9,-0.4277100567258641,-0.21839462798066017,0,0,5.596958653863278e-9,-5.684771621535057,1.309875826337084e-8,3.497415744255983e-8,down,3.4918579081766464e-8,4.850712191264812e-8,7.571655286692935e-4,1.8177952697200396e-8,3,down,"[-0.428, -0.218]",TRUE,FALSE,TRUE,TRUE,TRUE,TRUE,TRUE,TRUE
MAVS,3,0.38468235725663175,0.06363831378432727,6.044823226465982,1.4957390602980547e-9,0.25995355420249144,0.509411160310772,0,0,5.766101879290271e-9,5.811596744702336,6.187975542415347e-9,1.7134506593674245e-8,up,3.225573900105443e-8,4.4958603957114846e-8,1.6798837398448215e-4,2.5298985986440653e-8,3,up,"[0.260, 0.509]",TRUE,FALSE,TRUE,TRUE,TRUE,TRUE,TRUE,TRUE
TBCC,3,-0.4040763907005011,0.06686389652837052,-6.043267169286948,1.5102425902454426e-9,-0.5351272197621201,-0.27302556163888214,0,0,5.80664345957725e-9,-6.063705599514451,1.3302054679781183e-9,3.987112316582031e-9,down,2.0218533015930973e-8,2.8899543401130833e-8,4.314611932014845e-6,6.317099149542495e-8,3,down,"[-0.535, -0.273]",TRUE,FALSE,TRUE,TRUE,TRUE,TRUE,TRUE,TRUE
CAPS,3,0.8300179011912837,0.1373498003895161,6.043095067028863,1.5118550955504895e-9,0.5608172391440667,1.0992185632385008,0.01960039461371398,34.257994766813894,5.80664345957725e-9,7.490832469254621,6.843812912068857e-14,3.517501063075835e-13,up,9.6401233978816e-14,2.804153706480566e-13,1.2224813282827538e-4,4.670437165739128e-13,3,up,"[0.561, 1.099]",TRUE,FALSE,TRUE,TRUE,TRUE,TRUE,TRUE,TRUE
CNTN5,3,-0.8901559047144719,0.14734556258631568,-6.041280708355331,1.528957074364559e-9,-1.178947900665443,-0.6013639087635008,0,0,5.8614731464548915e-9,-5.9890010911485545,2.111337474557082e-9,6.2039936280588714e-9,down,2.8457382054083484e-8,3.9851863862369456e-8,1.6535900705943186e-5,7.42476607737952e-8,3,down,"[-1.179, -0.601]",TRUE,FALSE,TRUE,TRUE,TRUE,TRUE,TRUE,TRUE
DLG2,3,-0.4096979406205889,0.06784217012912731,-6.0389863685196215,1.5508534435990842e-9,-0.5426661507067174,-0.2767297305344603,0,0,5.934446572000924e-9,-5.649765153614807,1.6066718280097424e-8,4.237854793138393e-8,down,3.9759263402943896e-8,5.497380819847043e-8,8.811973136973629e-4,1.93121287156982e-8,3,down,"[-0.543, -0.277]",TRUE,FALSE,TRUE,TRUE,TRUE,TRUE,TRUE,TRUE
GDAP1,4,-0.6588699089903539,0.10914547619272372,-6.036621323882941,1.5737444019433363e-9,-0.8727911114035662,-0.4449487065771416,0.0251258040033068,54.886028817991416,6.010950072984308e-9,-8.862518081336631,7.822711990773145e-19,8.571374501297508e-17,down,7.127837744263655e-27,1.2744082311726571e-25,1.646798919473081e-4,5.804803056567151e-17,4,down,"[-0.873, -0.445]",TRUE,TRUE,TRUE,TRUE,TRUE,FALSE,TRUE,TRUE
R3HDM1,3,-0.5554995534976844,0.09214218561561668,-6.0287212614537316,1.652620301041217e-9,-0.7360949187610977,-0.3749041882342712,0,0,6.300614897719641e-9,-5.9629747934575805,2.4768664324999156e-9,7.214892421651949e-9,down,2.2927722930894416e-8,3.252537439033859e-8,1.72382755805583e-5,2.60196376351584e-8,3,down,"[-0.736, -0.375]",TRUE,FALSE,TRUE,TRUE,TRUE,TRUE,TRUE,TRUE
SNRPA1,3,-0.4033636673536486,0.06692300873333511,-6.027279331700587,1.6674267981846363e-9,-0.5345303542080448,-0.2721969804992523,0.00383353715730478,27.072661816079897,6.345400329238414e-9,-7.2516311116179315,4.1178213961478595e-13,1.8632858394560764e-12,down,3.364996324995555e-12,7.806490355750314e-12,5.603152879046778e-5,3.346317269676647e-8,3,down,"[-0.535, -0.272]",TRUE,FALSE,TRUE,TRUE,TRUE,TRUE,TRUE,TRUE
LCAT,4,0.6009519260895587,0.09972631071897466,6.026011809290938,1.6805490915714627e-9,0.4054919487693177,0.7964119034097997,0.0061283258593768,13.941925630281151,6.383624204980245e-9,6.795759868426207,1.0774311250063389e-11,4.135277945276016e-11,up,6.365864676994132e-10,1.090239747323355e-9,1.243711993963582e-5,1.098918354195956e-8,4,up,"[0.405, 0.796]",TRUE,TRUE,TRUE,TRUE,TRUE,TRUE,TRUE,TRUE
S100A6,4,0.5048485905409692,0.08383728784278377,6.02176672851928,1.7252342251902995e-9,0.3405305258075953,0.6691666552743432,0.00351889746183353,12.082773656120738,6.529444859570587e-9,6.43894112145496,1.2030985566615243e-10,4.090147977507992e-10,up,1.5780673689260195e-9,2.581160664946818e-9,1.420980104960335e-5,7.959818065057385e-10,4,up,"[0.341, 0.669]",TRUE,TRUE,TRUE,TRUE,TRUE,TRUE,TRUE,TRUE
YTHDF2,3,-0.3155052874747087,0.05239800211722279,-6.0213228506093115,1.7299729506798201e-9,-0.4182034844863188,-0.21280709046309856,0,0,6.535453369234875e-9,-5.873820771828141,4.258637892687795e-9,1.2044698223448924e-8,down,3.051094821463598e-8,4.2612597035121235e-8,6.048068890687947e-5,2.6116200928966968e-8,3,down,"[-0.418, -0.213]",TRUE,FALSE,TRUE,TRUE,TRUE,TRUE,TRUE,TRUE
KPNA2,3,-0.3833434512315156,0.06369412530981859,-6.018505621466197,1.7603460176811382e-9,-0.5081816428655411,-0.25850525959749004,0,0,6.6381048012194205e-9,-5.956343157155062,2.579444255604568e-9,7.49168258961374e-9,down,2.2528991107943586e-8,3.2047412591135123e-8,5.147992239956772e-5,6.23127901497725e-8,3,down,"[-0.508, -0.259]",TRUE,FALSE,TRUE,TRUE,TRUE,TRUE,TRUE,TRUE
FZD7,3,0.5721537977651644,0.09508878018327832,6.017048453691064,1.7762592667083732e-9,0.38578321327209286,0.7585243822582359,0.00756377990804835,26.75007290890045,6.685955933127344e-9,7.259527147660682,3.8844582924461283e-13,1.7647084478459189e-12,up,1.2154648229811756e-12,3.0335427711948953e-12,0.00215906877279723,3.920531736485891e-11,3,up,"[0.386, 0.759]",TRUE,FALSE,TRUE,TRUE,TRUE,TRUE,TRUE,TRUE
TUSC3,3,-0.566569693184255,0.0942019725949208,-6.0144143225171,1.8053822012762718e-9,-0.751202166742929,-0.381937219625581,0,0,6.783265734505412e-9,-5.764557874896227,8.187218033004641e-9,2.2327678677028882e-8,down,4.447551177919198e-8,6.104712867640249e-8,9.958886133013156e-5,1.7396942106139467e-8,3,down,"[-0.751, -0.382]",TRUE,FALSE,TRUE,TRUE,TRUE,TRUE,TRUE,TRUE
PPFIBP2,3,0.6205109224487162,0.10323738656076846,6.010525286626331,1.8492316147844331e-9,0.41816936293157064,0.8228524819658618,0,0,6.935454555267477e-9,5.560511900383746,2.6898450919360725e-8,6.899287081657428e-8,up,4.1799448239914935e-8,5.7640994447861416e-8,0.00193695678658504,1.6483923944161917e-8,3,up,"[0.418, 0.823]",TRUE,FALSE,TRUE,TRUE,TRUE,TRUE,TRUE,TRUE
DYNC1I1,3,-0.6492815390826449,0.10811176429797248,-6.005651126857258,1.905655637977522e-9,-0.8611767034117541,-0.4373863747535356,0,0,7.134169301742565e-9,-5.915493432926071,3.308821119428612e-9,9.485287209028689e-9,down,3.542091838579677e-8,4.91391202221689e-8,3.697999901830864e-5,7.502249756784873e-8,3,down,"[-0.861, -0.437]",TRUE,FALSE,TRUE,TRUE,TRUE,TRUE,TRUE,TRUE
APLN,3,0.848603624922464,0.14134956753016686,6.003581332085468,1.9301201155012422e-9,0.5715635633330247,1.1256436865119033,0.01840241462680618,24.653425694259948,7.212737152341579e-9,7.809838622728807,5.726125499735913e-15,3.4529493841049174e-14,up,1.2679212806038243e-14,4.1477424857607754e-14,2.6704884084972295e-6,2.4934345716337437e-7,3,up,"[0.572, 1.126]",TRUE,FALSE,TRUE,TRUE,TRUE,TRUE,TRUE,TRUE
GAD2,4,-0.9495209095328488,0.15836388029470214,-5.995817403348974,2.0246441953036815e-9,-1.2599084113624772,-0.6391334077032202,0,0,7.552359822050064e-9,-5.797711886402255,6.722581607734437e-9,1.853157419709426e-8,down,1.0356067573150215e-7,1.3637132791564158e-7,4.3007817154762947e-5,1.7766093894742265e-8,4,down,"[-1.260, -0.639]",TRUE,TRUE,TRUE,TRUE,TRUE,TRUE,TRUE,TRUE
CDH8,3,-0.6189431470429506,0.10324017620983789,-5.995177166154147,2.0326371834932904e-9,-0.8212901741718017,-0.4165961199140995,0,0,7.568562869955268e-9,-5.948020880662996,2.7140397951874283e-9,7.852220781072007e-9,down,2.1238208708971363e-8,3.0273570352169484e-8,1.863896360715688e-4,1.9423698422613668e-8,3,down,"[-0.821, -0.417]",TRUE,FALSE,TRUE,TRUE,TRUE,TRUE,TRUE,TRUE
CSK,3,0.34020250402470015,0.05679933669328391,5.98955065024424,2.104215940006151e-9,0.22887784976009937,0.45152715828930096,0.00460043024262051,47.53587757353748,7.821046343320354e-9,8.384115988905169,5.110837935858042e-17,1.6219673066919e-15,up,1.449859706522528e-17,6.974729656822025e-17,6.7708905008559265e-6,3.701853795955406e-7,3,up,"[0.229, 0.452]",TRUE,FALSE,TRUE,TRUE,TRUE,FALSE,TRUE,TRUE
SLC26A2,3,-0.7278473694541786,0.12163360732258434,-5.983933104309367,2.178128002714717e-9,-0.9662448591161312,-0.48944987979222593,0.01610360674054305,32.52575130259529,8.081283502022045e-9,-7.437942036549064,1.0226591097277809e-13,5.098474402121111e-13,down,4.756413035519854e-19,2.877089023667647e-18,9.409237442772646e-4,6.2678634496301015e-12,3,down,"[-0.966, -0.489]",TRUE,FALSE,TRUE,TRUE,TRUE,TRUE,TRUE,TRUE
LINC01094,3,0.7422489825112154,0.12414407732158164,5.978931887249851,2.2460543963360947e-9,0.49893106206695975,0.985566902955471,0,0,8.318422889287609e-9,5.839922044419867,5.222525368728889e-9,1.4611612493708669e-8,up,4.275048701796197e-8,5.88741766767949e-8,4.876711200660644e-5,3.36403501687375e-8,3,up,"[0.499, 0.986]",TRUE,FALSE,TRUE,TRUE,TRUE,TRUE,TRUE,TRUE
ATP6V0E2,3,-0.4362715596465907,0.07302064719277793,-5.974632880133387,2.306089021631014e-9,-0.5793893982722412,-0.29315372102094017,0,0,8.525541231484354e-9,-5.852704315042955,4.83643534853913e-9,1.3587158237058444e-8,down,4.9564941347899426e-8,6.758559392211925e-8,4.175728848203317e-5,6.804164681651393e-8,3,down,"[-0.579, -0.293]",TRUE,FALSE,TRUE,TRUE,TRUE,TRUE,TRUE,TRUE
ZFP69B,3,-0.4980469686035415,0.08338055728882136,-5.973178697743166,2.3267479205018533e-9,-0.66146985790051,-0.3346240793065729,0,0,8.586610653239938e-9,-5.717896179297879,1.0785100122187564e-8,2.9122526653413372e-8,down,5.381187284117829e-8,7.304046091138991e-8,2.78190162017246e-4,6.398470680902775e-8,3,down,"[-0.661, -0.335]",TRUE,FALSE,TRUE,TRUE,TRUE,TRUE,TRUE,TRUE
ASCL1,3,0.5263154098993239,0.08815184338108338,5.970554780392336,2.3644817349267127e-9,0.35354097170158494,0.6990898480970629,0,0,8.710364330795741e-9,5.995540707561307,2.0280948166389407e-9,5.970065378651385e-9,up,3.9484586273189824e-8,5.4630441581451416e-8,2.7887599540657006e-6,3.518663724884332e-7,3,up,"[0.354, 0.699]",TRUE,FALSE,TRUE,TRUE,TRUE,TRUE,TRUE,TRUE
ABTB2,3,0.5108910835848567,0.08560178311708964,5.968229457160242,2.3984192216750675e-9,0.3431146716629522,0.6786674955067612,0,0,8.819718910911507e-9,5.644327267326501,1.6582837366544973e-8,4.366981134519018e-8,up,6.161017155814633e-8,8.318977591900749e-8,5.24585562396282e-4,5.243274478111264e-8,3,up,"[0.343, 0.679]",TRUE,FALSE,TRUE,TRUE,TRUE,TRUE,TRUE,TRUE
GAD1,4,-0.7980049119142455,0.13380470017455395,-5.963952767527703,2.4620793557226663e-9,-1.0602573052185515,-0.5357525186099394,0,0,9.021824352948426e-9,-5.80333786313361,6.500761284175111e-9,1.7950207376426777e-8,down,1.809598368118213e-7,2.3224672125477554e-7,9.97021131331356e-6,2.5100461785077905e-8,4,down,"[-1.060, -0.536]",TRUE,TRUE,TRUE,TRUE,TRUE,TRUE,TRUE,TRUE
STEAP3,4,0.6327110918518872,0.10628679614258638,5.952866346663508,2.6348646863568535e-9,0.4243927993802672,0.8410293843235073,0,0,9.637935378314134e-9,5.918205022646183,3.2547409488062094e-9,9.335685110479242e-9,up,1.1869912178243717e-7,1.551241200861844e-7,4.202666381385989e-6,3.6267027151989946e-8,4,up,"[0.424, 0.841]",TRUE,TRUE,TRUE,TRUE,TRUE,TRUE,TRUE,TRUE
ZNF395,3,0.37907823680371433,0.06370371006735648,5.950646146086307,2.670859608904824e-9,0.254221259390114,0.5039352142173147,0,0,9.752399346599658e-9,5.885373872042866,3.9715516537038825e-9,1.1275852602991905e-8,up,3.4214223638307683e-8,4.756052267148133e-8,6.458706136902844e-5,6.706848234522211e-8,3,up,"[0.254, 0.504]",TRUE,FALSE,TRUE,TRUE,TRUE,TRUE,TRUE,TRUE
GSK3B,3,-0.33589069062469334,0.0564648098938715,-5.948673009897972,2.703250581749478e-9,-0.4465596844105824,-0.2252216968388043,0.00246539586723864,24.809252689649156,9.853324616078065e-9,-6.864391055287104,6.677547792240588e-12,2.623487036993965e-11,down,1.0856574527483409e-11,2.3552861474896015e-11,2.487274115276871e-5,8.205676944456572e-10,3,down,"[-0.447, -0.225]",TRUE,FALSE,TRUE,TRUE,TRUE,TRUE,TRUE,TRUE
SLCO4A1,3,0.939024577137804,0.15786292959262,5.948353926796142,2.7085244530541926e-9,0.6296189206422866,1.2484302336333215,0,0,9.855227571288411e-9,5.887314552251948,3.925212177869234e-9,1.1157136536326233e-8,up,5.3749669316820225e-8,7.300380757241987e-8,9.028029180333048e-6,9.272157627635033e-8,3,up,"[0.630, 1.248]",TRUE,FALSE,TRUE,TRUE,TRUE,TRUE,TRUE,TRUE
ATP1B1,5,-0.5607072357506735,0.09445482310247676,-5.936247799038764,2.916189405409467e-9,-0.7458352871976298,-0.3755791843037172,0,0,1.0592253637161534e-8,-5.965484699967456,2.439089040497809e-9,7.112524664738023e-9,down,2.6965300078429725e-7,3.36093944487159e-7,7.232790479004232e-7,2.7972323065557926e-8,5,down,"[-0.746, -0.376]",TRUE,TRUE,TRUE,TRUE,TRUE,TRUE,TRUE,TRUE
PLOD1,3,0.5135654274293217,0.0865184182296338,5.935908653186844,2.9222247760790304e-9,0.34399244369986576,0.6831384111587775,0,0,1.0595619205573264e-8,5.841846798414485,5.1625273015201565e-9,1.4457422159046982e-8,up,4.58225144198747e-8,6.2854427848426e-8,1.0939952019230442e-4,8.649576912095492e-8,3,up,"[0.344, 0.683]",TRUE,FALSE,TRUE,TRUE,TRUE,TRUE,TRUE,TRUE
MCCC2,3,-0.3789686680162427,0.06392350621298995,-5.928471238006531,3.057679558702891e-9,-0.5042564379592254,-0.25368089807326,0,0,1.1067412573734372e-8,-5.888340161111923,3.9009357237390064e-9,1.1090263545175356e-8,down,5.6121720396326744e-8,7.61258653381175e-8,1.752696786378277e-5,1.826194090586608e-7,3,down,"[-0.504, -0.254]",TRUE,FALSE,TRUE,TRUE,TRUE,TRUE,TRUE,TRUE
RAMP2-AS1,3,0.6820314503839245,0.11511966496988175,5.924543391977047,3.131663135549653e-9,0.45640105313063906,0.90766184763721,0,0,1.1315451817299618e-8,5.8520283671249755,4.856137739005794e-9,1.3638122163541621e-8,up,6.246614699383609e-8,8.423588352744867e-8,1.1428421742541707e-5,8.853748491378547e-8,3,up,"[0.456, 0.908]",TRUE,FALSE,TRUE,TRUE,TRUE,TRUE,TRUE,TRUE
ANKRD46,3,-0.4177662597293425,0.07052895906345971,-5.923329441931075,3.1548792072643853e-9,-0.5560004793608233,-0.2795320400978616,0,0,1.1379512131941454e-8,-5.649727126255621,1.6070272762172774e-8,4.23803663216366e-8,down,7.10472384494167e-8,9.531175455633262e-8,3.787277903931326e-4,3.59616609436184e-8,3,down,"[-0.556, -0.280]",TRUE,FALSE,TRUE,TRUE,TRUE,TRUE,TRUE,TRUE
NAPB,3,-0.90413933968934,0.1526870608472723,-5.921519051268661,3.189813443066604e-9,-1.2034004798552695,-0.6048781995234107,0,0,1.1485543543264126e-8,-5.903117845682133,3.566952872111751e-9,1.0181853895074688e-8,down,3.3180749126655765e-8,4.621683928051313e-8,0.00169107221606134,4.6226778062505807e-08,3,down,"[-1.203, -0.605]",TRUE,FALSE,TRUE,TRUE,TRUE,TRUE,TRUE,TRUE
VWC2,4,-0.4551933047457746,0.07689902653795548,-5.919363680385502,3.231895897932181e-9,-0.6059126272063571,-0.304473982285192,0,0,1.1616901373156574e-8,-5.875040205258313,4.227407363141057e-9,1.1967311032139829e-8,down,8.172240144065107e-8,1.0850976990263145e-7,1.383041705960336e-5,2.0853330105695162e-7,4,down,"[-0.606, -0.304]",TRUE,TRUE,TRUE,TRUE,TRUE,TRUE,TRUE,TRUE
RASL10B,3,0.6069973081529101,0.1025677294133894,5.918014482961456,3.2585128087188052e-9,0.40596825252661733,0.8080263637792029,0,0,1.1692310666579244e-8,5.830297396206146,5.5328679057054045e-9,1.542155305468143e-8,up,5.3011494397773855e-8,7.204838753668608e-8,3.864706356141985e-5,7.191307714832087e-8,3,up,"[0.406, 0.808]",TRUE,FALSE,TRUE,TRUE,TRUE,TRUE,TRUE,TRUE
DCTN1-AS1,3,-0.7287161961239224,0.12320558574688628,-5.914636026494756,3.326102625615342e-9,-0.9701947068819808,-0.4872376853658638,0,0,1.1914225985364802e-8,-5.709273460998419,1.1345946567386708e-8,3.054773236708849e-8,down,6.425957535306975e-8,8.659802422499458e-8,2.600789529437825e-4,8.90608194144598e-8,3,down,"[-0.970, -0.487]",TRUE,FALSE,TRUE,TRUE,TRUE,TRUE,TRUE,TRUE
OSBPL7,3,0.3554862077185672,0.06017730130958569,5.907313887170635,3.477308206452974e-9,0.23754086446496425,0.47343155097217016,0,0,1.2434374517557704e-8,5.852682416472067,4.837072422684544e-9,1.3587158237058444e-8,up,5.989267609639265e-8,8.102896948722658e-8,2.7254008653861827e-5,1.4966115616049738e-7,3,up,"[0.238, 0.473]",TRUE,FALSE,TRUE,TRUE,TRUE,TRUE,TRUE,TRUE
HERC6,4,-0.41940219436335296,0.07103224407351892,-5.904391728484158,3.5395023265866374e-9,-0.5586228344885087,-0.2801815542381972,0,0,1.2634987651188788e-8,-5.813505224072764,6.117806180857671e-9,1.6959255814701397e-8,down,1.8810052461057186e-7,2.40666556472749e-7,5.678610321311597e-6,3.376679764800493e-8,4,down,"[-0.559, -0.280]",TRUE,TRUE,TRUE,TRUE,TRUE,TRUE,TRUE,TRUE
DHX35,3,-0.41594458628105024,0.07048586950496108,-5.901105983402452,3.6107285544340003e-9,-0.5540943519297641,-0.27779482063233646,0,0,1.2845027481811525e-8,-5.765783598555684,8.127929785305503e-9,2.217416772118019e-8,down,8.000584457479728e-8,1.0639572422523493e-7,6.760864300122844e-5,1.3046588835833344e-7,3,down,"[-0.554, -0.278]",TRUE,FALSE,TRUE,TRUE,TRUE,TRUE,TRUE,TRUE
DLD,3,-0.5053553305839835,0.0857038600994416,-5.89652939783136,3.71226645327799e-9,-0.6733318097149484,-0.3373788514530186,0.0131823024667538,62.29068127661374,1.3176432179131048e-8,-9.976695592234496,1.9278015728070863e-23,3.1684489849958254e-20,down,7.850746364922331e-24,9.357728713131562e-23,1.6144762774617872e-5,1.0257926660965112e-19,3,down,"[-0.673, -0.337]",TRUE,FALSE,TRUE,TRUE,TRUE,FALSE,TRUE,TRUE
PARD3B,4,0.4430748739750046,0.07514408764139381,5.896337128869907,3.716592490256346e-9,0.29579516854675136,0.5903545794032579,0,0,1.3176432179131048e-8,6.065158151720355,1.3182387081271566e-9,3.95204437993857e-9,up,8.5388681611704e-8,1.1323281691986834e-7,3.7756625325117515e-7,1.378518243990168e-7,4,up,"[0.296, 0.590]",TRUE,TRUE,TRUE,TRUE,TRUE,TRUE,TRUE,TRUE
SPACA6,4,0.6679046528009347,0.1133526451489676,5.892272314626422,3.809207542835237e-9,0.44573755075660937,0.89007175484526,0.01489974232718657,28.200123243371184,1.3481734545802532e-8,7.17040970109084,7.477365279814627e-13,3.278162039686365e-12,up,4.608360962487589e-12,1.0468500149177722e-11,2.1254392286218637e-4,1.014456865984904e-9,4,up,"[0.446, 0.890]",TRUE,TRUE,TRUE,TRUE,TRUE,TRUE,TRUE,TRUE
GOT1,3,-0.6793158957876315,0.11538298640551369,-5.887487548642352,3.921107019127658e-9,-0.905462393571113,-0.45316939800415007,0,0,1.3854132806934858e-8,-5.682041086444589,1.3309667505698918e-8,3.5511652551280384e-8,down,9.083266923740873e-8,1.20375051756157e-7,1.947686104178363e-4,1.1962297847904998e-7,3,down,"[-0.905, -0.453]",TRUE,FALSE,TRUE,TRUE,TRUE,TRUE,TRUE,TRUE
LNP1,3,-0.4349927199928768,0.07391910276641843,-5.884713202856877,3.987448239203108e-9,-0.5798714991845719,-0.29011394080118164,0,0,1.4064570830114365e-8,-5.777037503444634,7.602734444192715e-9,2.0822004795130283e-8,down,6.943270548395995e-8,9.320610431956825e-8,4.783328052111865e-5,7.541296055945977e-8,3,down,"[-0.580, -0.290]",TRUE,FALSE,TRUE,TRUE,TRUE,TRUE,TRUE,TRUE
TMEM216,3,0.3360290809504179,0.0571129710829703,5.88358606772978,4.014711687819323e-9,0.22408971457771856,0.4479684473231173,0,0,1.4136692768314561e-8,5.892766760739323,3.797822909761614e-9,1.0803345477152653e-8,up,4.831874751566623e-8,6.60165232855677e-8,8.325739994505612e-6,9.739297659904503e-8,3,up,"[0.224, 0.448]",TRUE,FALSE,TRUE,TRUE,TRUE,TRUE,TRUE,TRUE
WWTR1,3,0.6136343541294755,0.10446305338544846,5.874175933430583,4.249518857915594e-9,0.4088905317789116,0.8183781764800395,0,0,1.4938139171723627e-8,5.751939007210931,8.822563191053635e-9,2.3989587265085548e-8,up,7.38288615768244e-8,9.872408698280709e-8,1.3685414280696046e-4,1.0230737856825417e-7,3,up,"[0.409, 0.818]",TRUE,FALSE,TRUE,TRUE,TRUE,TRUE,TRUE,TRUE
THNSL1,4,-0.48553900995992016,0.0826850807167567,-5.87214774117675,4.301850966967605e-9,-0.6475987902235506,-0.3234792296962897,0.01337800447780693,51.92240925281139,1.509651253044131e-8,-8.817585448334384,1.169543376048386e-18,1.1307114783338383e-16,down,1.1161527682868524e-18,6.4124677047837435e-18,3.830798141272501e-6,9.83144120143342e-17,4,down,"[-0.648, -0.323]",TRUE,TRUE,TRUE,TRUE,TRUE,FALSE,TRUE,TRUE
SLITRK4,4,-0.6387309533207363,0.1089869076890424,-5.860620939380543,4.6113954365719174e-9,-0.8523413671776509,-0.42512053946382167,0.01505520447268359,31.701806389064252,1.6155463066638782e-8,-7.255130743337269,4.012740394781722e-13,1.8190761850938158e-12,down,9.791805365048846e-12,2.1287425919403885e-11,2.4912582048286492e-5,1.7246341022002462e-8,4,down,"[-0.852, -0.425]",TRUE,TRUE,TRUE,TRUE,TRUE,TRUE,TRUE,TRUE
MTMR7,3,-0.4289750984358689,0.07320753674114071,-5.859712230896524,4.636699588567969e-9,-0.5724592338453974,-0.28549096302634036,0.00625192683912296,38.678445550587575,1.621671997755475e-8,-7.59299883594706,3.1258535506150293e-14,1.6961711562985145e-13,down,7.0882553846526525e-15,2.4021309914656214e-14,1.7726529917873487e-5,3.388763094009482e-13,3,down,"[-0.572, -0.285]",TRUE,FALSE,TRUE,TRUE,TRUE,TRUE,TRUE,TRUE
FPGT-TNNI3K,3,-0.5933047212751601,0.10128519062234596,-5.857763781946842,4.6914129467395234e-9,-0.7918200470622322,-0.394789395488088,0.00491145543166229,12.066645969324956,1.6380455305619143e-8,-6.625053013520141,3.471235778435506e-11,1.2588016581176268e-10,down,2.8325173666171936e-10,5.055629103583527e-10,0.00721523075820751,8.064003831502305e-10,3,down,"[-0.792, -0.395]",TRUE,FALSE,TRUE,TRUE,TRUE,TRUE,TRUE,TRUE
PTPN20,3,-0.5675265034217597,0.0969062233573936,-5.856450532889943,4.7286434726433324e-9,-0.7574592110800453,-0.37759379576347407,0,0,1.6482700104642473e-8,-5.700938655518227,1.1914951105792298e-8,3.1963358135088806e-8,down,1.0399597311777124e-7,1.3685764482630557e-7,3.453004941162567e-5,6.008893981736488e-8,3,down,"[-0.757, -0.378]",TRUE,FALSE,TRUE,TRUE,TRUE,TRUE,TRUE,TRUE
TEP1,3,0.4327891315081393,0.07393384136773233,5.853735224652153,4.806536300303047e-9,0.2878814651886863,0.5776967978275922,0,0,1.6726101152396847e-8,5.813552530387026,6.116076729912001e-9,1.695763954805217e-8,up,6.53795072983935e-8,8.805006372523903e-8,6.282811683817033e-5,1.1841946558540827e-7,3,up,"[0.288, 0.578]",TRUE,FALSE,TRUE,TRUE,TRUE,TRUE,TRUE,TRUE
ZNF596,4,-0.495307554195705,0.08463262950146948,-5.852441985004199,4.844072437186127e-9,-0.6611844599355072,-0.32943064845590275,0,0,1.6828486155316633e-8,-5.71900755829402,1.0714802933272113e-8,2.894855981533536e-8,down,2.371443679843362e-7,2.9898931258329076e-7,7.257826074149481e-6,3.9013613087780466e-8,4,down,"[-0.661, -0.329]",TRUE,TRUE,TRUE,TRUE,TRUE,TRUE,TRUE,TRUE
SLC35B4,4,-0.3801282348266605,0.06502977319994054,-5.845449186143066,5.052031407428165e-9,-0.507584248221352,-0.2526722214319691,0.00809487028386236,50.38666751300843,1.752159387793648e-8,-8.6405383942388,5.594873415422424e-18,4.22241671229227e-16,down,2.132648554974957e-18,1.1701357415391693e-17,8.51980526116292e-7,6.119921641357543e-10,4,down,"[-0.508, -0.253]",TRUE,TRUE,TRUE,TRUE,TRUE,FALSE,TRUE,TRUE
TSC22D3,3,0.3461211100692249,0.05921521842308254,5.8451377751619384,5.0614917152739655e-9,0.23006141462331045,0.4621808055151394,3.2267748437266687e-4,2.9030685081253704,1.752509819278498e-8,6.065865618390522,1.3124483551269774e-9,3.937078902664419e-9,up,2.3294284924549433e-8,3.2977711217416744e-8,2.177395307652684e-4,1.923846903996879e-7,3,up,"[0.230, 0.462]",TRUE,FALSE,TRUE,TRUE,TRUE,TRUE,TRUE,TRUE
PDP1,3,-0.6370033539088479,0.10901097268116564,-5.843479222701276,5.112167723064413e-9,-0.8506609342836122,-0.42334577353408354,0,0,1.7671059762725987e-8,-5.767184086774377,8.060699079843511e-9,2.200698796401721e-8,down,9.826049307950325e-8,1.2972136387453197e-7,4.67896228635452e-5,2.737942766152018e-7,3,down,"[-0.851, -0.423]",TRUE,FALSE,TRUE,TRUE,TRUE,TRUE,TRUE,TRUE
PDE10A,4,-0.5724944941067246,0.0980375456495148,-5.839543312858914,5.2344107382993004e-9,-0.764644552712475,-0.3803444355009742,0.01160117514505916,29.212323147400937,1.806350727326581e-8,-7.497078445627444,6.525592937813424e-14,3.3691647726400053e-13,down,3.765933995630993e-12,8.668753725792096e-12,1.0732371829336468e-4,8.389203473911504e-10,4,down,"[-0.765, -0.380]",TRUE,TRUE,TRUE,TRUE,TRUE,TRUE,TRUE,TRUE
RRAD,3,1.0356321048176254,0.17741135185405665,5.83746245093473,5.300183427699824e-9,0.687912244735111,1.3833519649001396,0,0,1.8260100380480792e-8,5.495543084022709,3.8950982978281745e-8,9.78703822345411e-8,up,1.1148090621748367e-7,1.4615132711445077e-7,0.00113480107179929,6.368199182451502e-8,3,up,"[0.688, 1.383]",TRUE,FALSE,TRUE,TRUE,TRUE,TRUE,TRUE,TRUE
RAB3B,4,-0.7577744509557559,0.129875844068046,-5.834606553615423,5.391764302039812e-9,-1.012326427790866,-0.5032224741206457,0,0,1.854480789789481e-8,-5.907652623342241,3.470167857048538e-9,9.924733747382438e-9,down,1.601666811758747e-7,2.0658314475047525e-7,3.123010539618326e-6,9.239042315621473e-8,4,down,"[-1.012, -0.503]",TRUE,TRUE,TRUE,TRUE,TRUE,TRUE,TRUE,TRUE
TBL1X,3,0.42228373093090293,0.07241334359226688,5.831573436363173,5.490713699779841e-9,0.28035618548993557,0.5642112763718703,0.00317198981915109,19.034634262263538,1.8853874525402964e-8,6.693053464688741,2.1856123946073257e-11,8.114854051463745e-11,up,5.257157045757558e-10,9.071001425042577e-10,1.340582031118135e-4,3.5800153057305923e-8,3,up,"[0.280, 0.564]",TRUE,FALSE,TRUE,TRUE,TRUE,TRUE,TRUE,TRUE
MYO10,3,0.4702486110785778,0.08067391886023051,5.829004190230237,5.575910362040864e-9,0.31213063562081944,0.6283665865363361,0,0,1.9114773703921903e-8,5.717770125221449,1.0793101567910041e-8,2.9133496057030165e-8,up,1.0063952581267201e-7,1.3269318279433038e-7,2.286767566150732e-5,6.966095888462162e-8,3,up,"[0.312, 0.628]",TRUE,FALSE,TRUE,TRUE,TRUE,TRUE,TRUE,TRUE
F3,3,-0.6735043720321606,0.11574687509105328,-5.818769375003364,5.928246159447062e-9,-0.9003640785336813,-0.4466446655306399,0,0,2.0289080090252816e-8,-5.963673498364535,2.466293143001981e-9,7.185623039449538e-9,down,5.156180042034189e-8,7.012404857166497e-8,8.885942721585978e-4,7.938511279507133e-7,3,down,"[-0.900, -0.447]",TRUE,FALSE,TRUE,TRUE,TRUE,TRUE,TRUE,TRUE
TTC30A,3,-0.4208003966272657,0.0723642598672452,-5.815030754121426,6.062273956936205e-9,-0.5626317397349635,-0.2789690535195679,0,0,2.0679533201785675e-8,-5.811217983748065,6.201994309013795e-9,1.7170110390966135e-8,down,9.132950447089653e-8,1.2095618919070204e-7,9.347128741757656e-6,2.1784096190506925e-7,3,down,"[-0.563, -0.279]",TRUE,FALSE,TRUE,TRUE,TRUE,TRUE,TRUE,TRUE
EHD2,3,0.5186770367514342,0.08921255338170547,5.813946771955051,6.101682308166895e-9,0.3438236451544344,0.6935304283484339,0,0,2.077978506919235e-8,5.6554471931397305,1.5544101696539742e-8,4.105863433843141e-8,up,1.3906193230554196e-7,1.8025902975105874e-7,7.110647634192855e-5,1.0207357278981105e-7,3,up,"[0.344, 0.694]",TRUE,FALSE,TRUE,TRUE,TRUE,TRUE,TRUE,TRUE
TCEAL8,3,-0.4160491479698207,0.07160316123161875,-5.810485749700397,6.229183525144973e-9,-0.5563887651630081,-0.2757095307766333,0,0,2.1179223985492912e-8,-5.616104707439606,1.9531033281307912e-8,5.091699758496768e-8,down,1.3166299375492537e-7,1.7120316554715688e-7,1.0092172093063595e-4,6.318838809252028e-8,3,down,"[-0.556, -0.276]",TRUE,FALSE,TRUE,TRUE,TRUE,TRUE,TRUE,TRUE
ATP6V1B2,3,-0.6394078087192461,0.1101462811614038,-5.805078500855461,6.433585431084834e-9,-0.8552905528266201,-0.423525064611872,0,0,2.1838389826628392e-8,-5.587175323825984,2.3079269524081444e-8,5.968331377626098e-8,down,1.495222671024367e-7,1.935762683960385e-7,2.721061553082168e-4,1.6346614244608196e-7,3,down,"[-0.855, -0.424]",TRUE,FALSE,TRUE,TRUE,TRUE,TRUE,TRUE,TRUE
COX6C,3,-0.4610756942501318,0.07949538678036215,-5.800030831022158,6.630272809946548e-9,-0.6168837892767232,-0.30526759922354046,0,0,2.246925785592997e-8,-5.577679050201934,2.437488436481445e-8,6.284717691328483e-8,down,1.428364411822985e-7,1.8503608932672522e-7,1.807407090752351e-4,5.8507830050558195e-8,3,down,"[-0.617, -0.305]",TRUE,FALSE,TRUE,TRUE,TRUE,TRUE,TRUE,TRUE
PFDN4,3,-0.4646235128994074,0.08014683937509388,-5.79715328167753,6.745003761055715e-9,-0.6217084315493081,-0.3075385942495067,0.00670470953409301,34.158799733813844,2.2820779446051473e-8,-7.208327104689864,5.664343165028431e-13,2.5161250479609772e-12,down,1.0360137523646178e-12,2.607636556315798e-12,5.7870431015489175e-5,3.862354168867818e-7,3,down,"[-0.622, -0.308]",TRUE,FALSE,TRUE,TRUE,TRUE,TRUE,TRUE,TRUE
FIZ1,4,0.3831692619164416,0.06610131693965525,5.796696339140139,6.763399305848022e-9,0.25361306138404993,0.5127254624488333,0.00278369267799629,15.014461248558504,2.2845749446789575e-8,6.518073406737652,7.121614118512239e-11,2.4903762657454617e-10,up,3.1348875603617062e-9,4.9405446809955765e-9,4.028343673152595e-6,2.476405034943322e-7,4,up,"[0.254, 0.513]",TRUE,TRUE,TRUE,TRUE,TRUE,TRUE,TRUE,TRUE
POLR3H,3,0.4643291481814854,0.08022557863580919,5.787794317936265,7.131665981858138e-9,0.3070899034164134,0.6215683929465574,0.00695045432615543,35.56671425662601,2.405052885589233e-8,7.29146124296417,3.066110994099451e-13,1.4195278192400337e-12,up,2.532447845850517e-13,6.883744210083845e-13,1.0367598850610706e-4,1.744451732286245e-12,3,up,"[0.307, 0.622]",TRUE,FALSE,TRUE,TRUE,TRUE,TRUE,TRUE,TRUE
SPN,3,0.9483723166272908,0.16387393482952703,5.787206596423361,7.156653892167322e-9,0.6271853063565539,1.269559326898028,0.00777752915886253,8.9189745573868,2.409561716291401e-8,6.049048876514357,1.4570345458293966e-9,4.346129260316281e-9,up,8.050335392748383e-9,1.2063869656474092e-8,0.00106876410466112,2.9958622855359396e-6,3,up,"[0.627, 1.270]",TRUE,FALSE,TRUE,TRUE,TRUE,TRUE,TRUE,TRUE
MIER2,3,0.3617039179832569,0.06257966940718884,5.779894994806511,7.474726349491762e-9,0.23905001978074375,0.48435781618577006,0.0034245901149536,28.6102830171269,2.5125741408178146e-8,6.7784675706072814,1.2145723103977504e-11,4.6447656709936727e-11,up,9.023243556067804e-12,1.9699165405562764e-11,4.374696577122608e-5,2.6130416534681822e-6,3,up,"[0.239, 0.484]",TRUE,FALSE,TRUE,TRUE,TRUE,TRUE,TRUE,TRUE
HCN1,4,-0.6902233402833967,0.11959230723343736,-5.771469388378971,7.858323632865537e-9,-0.9246199552889828,-0.45582672527781054,0.00997874081514594,16.97655960947728,2.637243238602447e-8,-6.448190281606049,1.1319359651234813e-10,3.8634737663697317e-10,down,3.006067888430816e-9,4.744737291176189e-9,8.28888105198364e-5,1.6554388485533606e-9,4,down,"[-0.925, -0.456]",TRUE,TRUE,TRUE,TRUE,TRUE,TRUE,TRUE,TRUE
CCDC184,3,-0.7549052756373024,0.1309163069677479,-5.766319667291549,8.102131545472483e-9,-1.0114965222830783,-0.4983140289915264,0,0,2.7146721850258368e-8,-5.496415386876784,3.8758893186860165e-8,9.742082379269933e-8,down,1.853912786896144e-7,2.3763999505702113e-7,5.801456578862715e-4,1.6101257983516508e-7,3,down,"[-1.011, -0.498]",TRUE,FALSE,TRUE,TRUE,TRUE,TRUE,TRUE,TRUE
CRTAP,3,0.5142772958110293,0.08920935025065412,5.76483624604427,8.173716428938811e-9,0.339430182235528,0.6891244093865306,0,0,2.7342399796159823e-8,5.590356568434578,2.2660379949632954e-8,5.865132812160467e-8,up,1.569153937914757e-7,2.025155735678411e-7,2.1012078731689977e-4,1.1269855907689553e-7,3,up,"[0.339, 0.689]",TRUE,FALSE,TRUE,TRUE,TRUE,TRUE,TRUE,TRUE
BCL9L,4,0.6151148045695642,0.10674154110434415,5.7626562086850965,8.280034746705481e-9,0.40590522835074794,0.8243243807883806,0.02748770534662143,62.03276306812652,2.7653449379496245e-8,9.138254547106756,6.346839910879725e-20,1.2192526748276999e-17,up,3.50412904735767e-27,6.856192117188498e-26,2.3085612566895296e-6,4.302222317798522e-9,4,up,"[0.406, 0.824]",TRUE,TRUE,TRUE,TRUE,TRUE,FALSE,TRUE,TRUE
ANXA6,3,-0.5549842417380615,0.09635311419687216,-5.759899369771252,8.416409754141281e-9,-0.7438328753622059,-0.3661356081139171,0,0,2.8063719984065943e-8,-5.445268546575748,5.1727284850647444e-8,1.2784461111291178e-7,down,2.0464035578845946e-7,2.6038288215046924e-7,7.876532059946622e-4,1.0990134745762517e-7,3,down,"[-0.744, -0.366]",TRUE,FALSE,TRUE,TRUE,TRUE,TRUE,TRUE,TRUE
ZIC1,3,0.5375954628227552,0.09335498788909712,5.758615313210711,8.480672390939436e-9,0.3546230487829519,0.7205678768625584,0,0,2.8232607606434012e-8,5.833964977880505,5.412548683430231e-9,1.510611700477358e-8,up,6.8587655509829e-8,9.219105478119595e-8,0.00733216380646895,1.1226096048368978e-7,3,up,"[0.355, 0.721]",TRUE,FALSE,TRUE,TRUE,TRUE,TRUE,TRUE,TRUE
KYAT3,3,-0.4868910628661737,0.08455773257448747,-5.758090337122842,8.507082811743481e-9,-0.6526211733265385,-0.3211609524058089,0,0,2.8275143832621763e-8,-5.6929594329869815,1.2485606035804869e-8,3.3457805159714794e-8,down,1.0754733180111223e-7,1.411728899718397e-7,6.482144042364396e-5,1.2285384349928445e-7,3,down,"[-0.653, -0.321]",TRUE,FALSE,TRUE,TRUE,TRUE,TRUE,TRUE,TRUE
CLGN,3,-0.7564191191452027,0.1315077493050434,-5.751897687721994,8.824720304898769e-9,-1.01416957147101,-0.4986686668193953,0,0,2.9258845538193784e-8,-5.717835762954234,1.0788934408184446e-8,2.9127563016219077e-8,down,8.002764213662802e-8,1.0639572422523493e-7,5.1152472588775955e-5,1.9677783801298357e-6,3,down,"[-1.014, -0.499]",TRUE,FALSE,TRUE,TRUE,TRUE,TRUE,TRUE,TRUE
NUDT11,3,-0.6417248913178344,0.11156993739664978,-5.7517724423954375,8.831261960901306e-9,-0.8603979503726564,-0.4230518322630123,0,0,2.9258845538193784e-8,-5.639354997156951,1.7068831753058372e-8,4.48617909188414e-8,down,9.934810680446145e-8,1.310737744990159e-7,3.325236839594323e-4,6.16733495630891e-8,3,down,"[-0.860, -0.423]",TRUE,FALSE,TRUE,TRUE,TRUE,TRUE,TRUE,TRUE
PTPRO,3,-0.6136635144235074,0.10670738337397236,-5.750900219086337,8.876949742772765e-9,-0.8228061427210014,-0.40452088612601345,0,0,2.9363307442600822e-8,-5.536814082783579,3.0802321686437254e-8,7.844833718763428e-8,down,1.0146570530744513e-7,1.3369750496038198e-7,0.00112150410196422,6.687973662636471e-8,3,down,"[-0.823, -0.405]",TRUE,FALSE,TRUE,TRUE,TRUE,TRUE,TRUE,TRUE
MTBP,3,-0.5992541427835192,0.10421989550420518,-5.749901589177277,8.929540979687186e-9,-0.8035213844442892,-0.39498690112274915,0.0104583112396677,31.24996636623923,2.9490235655845895e-8,-7.072909776904641,1.5171813819389308e-12,6.426731672863879e-12,down,3.153414676722369e-12,7.356785196312928e-12,3.9829616058752915e-5,4.4805383837937106e-10,3,down,"[-0.804, -0.395]",TRUE,FALSE,TRUE,TRUE,TRUE,TRUE,TRUE,TRUE
ADAMTS2,4,0.8801037091823165,0.15311930303698798,5.747829906002876,9.039610583577757e-9,0.5799953898919457,1.1802120284726874,0.05013678726724016,54.96832361035829,2.9803894079505794e-8,8.783112326433843,1.5901223429550169e-18,1.4700681060619134e-16,up,5.511318422793371e-18,2.801586864919964e-17,3.1780677487875525e-4,9.437160624007387e-14,4,up,"[0.580, 1.180]",TRUE,TRUE,TRUE,TRUE,TRUE,FALSE,TRUE,TRUE
CCDC85C,3,0.53093693279152,0.09237581982497464,5.747574785235914,9.053256157226928e-9,0.34988365289220863,0.7119902126908313,0,0,2.9803894079505794e-8,5.475853710761566,4.3540729033361394e-8,1.0875624178680881e-7,up,1.8497655753631946e-7,2.3725502803359715e-7,7.355834201654301e-4,1.0621350126184558e-7,3,up,"[0.350, 0.712]",TRUE,FALSE,TRUE,TRUE,TRUE,TRUE,TRUE,TRUE
TRIM36,3,-0.6562236840348249,0.1143528079864708,-5.7385882829607775,9.546899387981336e-9,-0.8803510692193319,-0.4320962988503179,0,0,3.1379190698372895e-8,-5.580895653291759,2.3928317269811955e-8,6.174941888608835e-8,down,2.0460608480229178e-7,2.6038288215046924e-7,1.0737560355064964e-4,1.4248778905354545e-7,3,down,"[-0.880, -0.432]",TRUE,FALSE,TRUE,TRUE,TRUE,TRUE,TRUE,TRUE
NFATC1,4,0.6486506035014142,0.11304895713363045,5.7377849380306225,9.592281201839712e-9,0.4270787190296862,0.8702224879731423,0.02170813327447568,44.584255442413784,3.1440101547969884e-8,7.951897548186476,1.8367612767251426e-15,1.1885114962956391e-14,up,7.079471175316871e-16,2.7240859401868626e-15,1.6638855744297237e-5,6.196642843197576e-15,4,up,"[0.427, 0.870]",TRUE,TRUE,TRUE,TRUE,TRUE,FALSE,TRUE,TRUE
POU3F2,4,0.4252745313585089,0.0741190328920164,5.737723696126593,9.595749411699585e-9,0.28000389632121714,0.5705451663958007,0,0,3.1440101547969884e-8,5.861207540461951,4.595132205135766e-9,1.2934575752306042e-8,up,2.036718955525179e-7,2.596284642753056e-7,3.898105680709175e-6,1.7212309284332686e-7,4,up,"[0.280, 0.571]",TRUE,TRUE,TRUE,TRUE,TRUE,TRUE,TRUE,TRUE
NAP1L3,4,-0.6710876390382605,0.11699950169268553,-5.735816215704575,9.704384861421491e-9,-0.9004024485650572,-0.4417728295114638,0,0,3.1745889909445074e-8,-5.726130322718935,1.0274730265328762e-8,2.7790054870130378e-8,down,3.288692351828879e-7,4.059969010531604e-7,1.7830452535672964e-5,8.805095158918449e-8,4,down,"[-0.900, -0.442]",TRUE,TRUE,TRUE,TRUE,TRUE,TRUE,TRUE,TRUE
PRKCI,3,-0.3820237459995253,0.06663236452508738,-5.733306160187242,9.849161440020477e-9,-0.5126207806734409,-0.25142671132560973,0.00460084769844733,34.193066250033624,3.2168757207247985e-8,-7.05610092931165,1.7123946985527686e-12,7.189821850977165e-12,down,1.907719810932384e-12,4.584717135427304e-12,4.428803710596918e-4,3.583365619535943e-7,3,down,"[-0.513, -0.251]",TRUE,FALSE,TRUE,TRUE,TRUE,TRUE,TRUE,TRUE
COQ3,3,-0.38952678483183967,0.06794564170224168,-5.732917889551528,9.871743036779328e-9,-0.5226977954746961,-0.25635577418898325,0,0,3.219181612937158e-8,-5.42635526636413,5.7516423130782916e-8,1.4132606826420944e-7,down,2.0671004292031834e-7,2.626940128779045e-7,0.00114516206042543,1.3683549919292253e-7,3,down,"[-0.523, -0.256]",TRUE,FALSE,TRUE,TRUE,TRUE,TRUE,TRUE,TRUE
VASP,3,0.4698065634569687,0.08204127136241318,5.726466151184102,1.0254421062701418e-8,0.30900862634076154,0.6306045005731759,0,0,3.3331333095217924e-8,5.501201221317269,3.7721240509751834e-8,9.50225799762005e-8,up,1.7625457812568946e-7,2.267692276877667e-7,6.415645468891054e-4,1.0325411877185733e-7,3,up,"[0.309, 0.631]",TRUE,FALSE,TRUE,TRUE,TRUE,TRUE,TRUE,TRUE
RENBP,3,0.5457693850301664,0.09530695859950748,5.726437954269026,1.0256124767593085e-8,0.3589711786990818,0.7325675913612509,0.01194854831666442,44.40690700762308,3.3331333095217924e-8,7.946708405777472,1.9153253374653346e-15,1.2371830738771716e-14,up,8.318818130927046e-16,3.1541551743222474e-15,3.903322516362802e-5,4.733755844388832e-14,3,up,"[0.359, 0.733]",TRUE,FALSE,TRUE,TRUE,TRUE,FALSE,TRUE,TRUE
CACNA2D3,4,-0.5065437068758234,0.08846042217899047,-5.726218509910396,1.0269393369259522e-8,-0.6799229484038529,-0.33316446534779387,0,0,3.3331333095217924e-8,-5.537275154881414,3.0721370823696574e-8,7.826912112024109e-8,down,4.398761291865096e-7,5.347614841341271e-7,1.2615755025484067e-4,7.567355138694068e-8,4,down,"[-0.680, -0.333]",TRUE,TRUE,TRUE,TRUE,TRUE,TRUE,TRUE,TRUE
CGN,3,0.5720083504582999,0.09992593779232226,5.724323064619262,1.038469715271656e-8,0.37615711126395845,0.7678595896526413,0,0,3.36529092105221e-8,5.506569234675388,3.6589410317159896e-8,9.229716190508685e-8,up,1.8844764968296268e-7,2.4096203788068105e-7,3.3338181580323123e-4,8.025423096140722e-8,3,up,"[0.376, 0.768]",TRUE,FALSE,TRUE,TRUE,TRUE,TRUE,TRUE,TRUE
TMEM145,3,0.46352053147568584,0.08102135455303348,5.720967441642598,1.0591919523689411e-8,0.3047215945730899,0.6223194683782818,0,0,3.4270890939363245e-8,5.368414212297185,7.943195797782449e-8,1.917984855383578e-7,up,2.435934365171464e-7,3.060041110457672e-7,0.00137614924466387,1.2188239178905044e-7,3,up,"[0.305, 0.622]",TRUE,FALSE,TRUE,TRUE,TRUE,TRUE,TRUE,TRUE
ELAVL4,3,-0.7248389421657085,0.12681735255711904,-5.71561326230366,1.09309084744683e-8,-0.9733963857923804,-0.47628149853903673,0,0,3.5312623327176404e-8,-5.691204640767257,1.2614621208125858e-8,3.377905085275121e-8,down,2.0434534550361133e-7,2.603269327853132e-7,1.661035853134329e-5,6.861693840770723e-7,3,down,"[-0.973, -0.476]",TRUE,FALSE,TRUE,TRUE,TRUE,TRUE,TRUE,TRUE
NAP1L2,4,-0.686779111936723,0.12023391735168756,-5.712024751949776,1.1163984529132543e-8,-0.9224332596661962,-0.4511249642072499,0.01397478644079618,23.718637324694885,3.6006878632505714e-8,-6.747381808964028,1.505367707970226e-11,5.705200906045499e-11,down,6.423032656393642e-10,1.097569342680763e-9,3.131982394289294e-5,5.330697152399382e-10,4,down,"[-0.922, -0.451]",TRUE,TRUE,TRUE,TRUE,TRUE,TRUE,TRUE,TRUE
ELMOD1,3,-0.5775601250985477,0.10111749091507016,-5.711772709863298,1.1180535120218746e-8,-0.7757467654991413,-0.37937348469795407,0,0,3.6006878632505714e-8,-5.671982565451758,1.4115434511015348e-8,3.753964532307426e-8,down,1.1377400672384821e-7,1.489692487028164e-7,1.0035771147556533e-4,1.0198381804752515e-6,3,down,"[-0.776, -0.379]",TRUE,FALSE,TRUE,TRUE,TRUE,TRUE,TRUE,TRUE
DISC1,3,0.5654041379624957,0.09904638961615614,5.708478018771405,1.139908960769382e-8,0.37127678151610766,0.7595314944088837,0,0,3.6653816816057336e-8,5.273324470202505,1.3397438966367066e-7,3.142640615136403e-7,up,2.932899026710922e-7,3.642414719400271e-7,0.00254618012353275,9.346386070567694e-8,3,up,"[0.371, 0.760]",TRUE,FALSE,TRUE,TRUE,TRUE,TRUE,TRUE,TRUE
TUBB3,3,-0.7305078028729224,0.1279775613937893,-5.708092847816786,1.1424909504281473e-8,-0.981339214034013,-0.47967639171183174,0,0,3.6679972619008944e-8,-5.592059269079926,2.2439218992342177e-8,5.8099234611364504e-8,down,2.4424965685180217e-7,3.0664272900159666e-7,7.178420046521241e-5,2.828669444879695e-7,3,down,"[-0.981, -0.480]",TRUE,FALSE,TRUE,TRUE,TRUE,TRUE,TRUE,TRUE
NUP37,3,-0.7082601496192609,0.12410532318271372,-5.706928046724691,1.1503338119635037e-8,-0.9515021133470836,-0.4650181858914382,0.01717590271430381,36.28316237313538,3.6874688191844e-8,-7.228517323827895,4.882955511803948e-13,2.1847754969934668e-12,down,4.7169852130722403e-14,1.4281791725418722e-13,9.308733213057672e-5,4.143131376017717e-7,3,down,"[-0.952, -0.465]",TRUE,FALSE,TRUE,TRUE,TRUE,TRUE,TRUE,TRUE
MRPS21,3,-0.3399764593489162,0.05958318407799282,-5.705912911668097,1.157211586067366e-8,-0.4567573542260025,-0.2231955644718299,0,0,3.703621371262259e-8,-5.605885360974372,2.071930729659395e-8,5.3853451683573675e-8,down,1.7780038644670253e-7,2.284745981973117e-7,4.919994595793704e-5,1.2713360052920838e-7,3,down,"[-0.457, -0.223]",TRUE,FALSE,TRUE,TRUE,TRUE,TRUE,TRUE,TRUE
GNA13,3,0.4347065394380179,0.07618867642664227,5.705658108611088,1.1589441995897814e-8,0.2853794776120232,0.5840336012640126,0,0,3.703621371262259e-8,5.529095018537763,3.218869725879889e-8,8.172591998835449e-8,up,1.860635033921974e-7,2.383543582677069e-7,5.401087889464779e-4,1.5415937851643534e-07,3,up,"[0.285, 0.584]",TRUE,FALSE,TRUE,TRUE,TRUE,TRUE,TRUE,TRUE
CHST11,4,0.3963891170123425,0.06950907991033406,5.702695497101674,1.1792753776302648e-8,0.2601538237895711,0.5326244102351139,0,0,3.762795589546414e-8,5.805292458938385,6.425374961148448e-9,1.7751988499310393e-8,up,2.5182575915421333e-7,3.152001354772712e-7,1.6886941106485128e-5,1.984919256027767e-7,4,up,"[0.260, 0.533]",TRUE,TRUE,TRUE,TRUE,TRUE,TRUE,TRUE,TRUE
SLC2A9,3,0.5443964650376019,0.0955521256486874,5.697376812308311,1.2166483014142748e-8,0.3571177401199286,0.7316751899552751,0,0,3.876080763645477e-8,5.712026010711878,1.1163901931064948e-8,3.010142861179597e-8,up,1.269504026349155e-7,1.6559442456906585e-7,1.119623680909413e-5,3.210558531289355e-6,3,up,"[0.357, 0.732]",TRUE,FALSE,TRUE,TRUE,TRUE,TRUE,TRUE,TRUE
LTBP1,4,0.3936538381727012,0.06914364228952295,5.693275985149396,1.2462469505891842e-8,0.25813478952531566,0.5291728868200868,0,0,3.9642886127637545e-8,5.512239357027105,3.5429663899766084e-8,8.957025951210733e-8,up,7.057195791862702e-7,8.431235064702329e-7,6.422202237134873e-5,1.0895506821450493e-7,4,up,"[0.258, 0.529]",TRUE,TRUE,TRUE,TRUE,TRUE,TRUE,TRUE,TRUE
GNA12,3,0.4226756993492683,0.0742760236576984,5.690607527634655,1.2658816587266251e-8,0.2770973680653344,0.5682540306332022,0,0,4.020579724653936e-8,5.709940295033617,1.1301581356123505e-8,3.0439364788743424e-8,up,1.313730933269013e-7,1.709333723713885e-7,0.00295563349152466,2.4274832591702496e-7,3,up,"[0.277, 0.568]",TRUE,FALSE,TRUE,TRUE,TRUE,TRUE,TRUE,TRUE
ATRN,3,-0.3222458799477373,0.05666525369034552,-5.686833799574795,1.2941629356896557e-8,-0.4333077363556399,-0.21118402353983468,0,0,4.1041191569118434e-8,-5.567095052234809,2.590211183059046e-8,6.655027247003101e-8,down,2.42549532675082e-7,3.050622988284537e-7,2.4239604217308764e-5,1.448942711059401e-7,3,down,"[-0.433, -0.211]",TRUE,FALSE,TRUE,TRUE,TRUE,TRUE,TRUE,TRUE
TAF3,3,0.35607780436272324,0.06262761932858331,5.685635318413085,1.303272406248897e-8,0.2333299260412154,0.4788256826842311,0,0,4.1266976649774234e-8,5.5942916173611605,2.215243506224739e-8,5.7406941037274615e-8,up,2.454745010086096e-7,3.079940200192719e-7,1.926931843281788e-5,1.995252444564495e-7,3,up,"[0.233, 0.479]",TRUE,FALSE,TRUE,TRUE,TRUE,TRUE,TRUE,TRUE
PTPRR,3,-0.723322087069797,0.12723966372365483,-5.6847217754421475,1.3102579166484878e-8,-0.972707245373148,-0.4739369287664459,0,0,4.1424922547697615e-8,-5.348169394772441,8.884829057528456e-8,2.133512847710405e-7,down,2.2668236982715137e-7,2.8667026525701946e-7,0.00176520583625469,1.263788100736161e-7,3,down,"[-0.973, -0.474]",TRUE,FALSE,TRUE,TRUE,TRUE,TRUE,TRUE,TRUE
PTAFR,3,0.6164003043012678,0.10847729810252686,5.6822977257294855,1.3289704791376949e-8,0.4037887068801001,0.8290119017224356,0,0,4.1952584075062086e-8,5.570233685735529,2.5439789242845888e-8,6.541028376154638e-8,up,2.2841288375982137e-7,2.8850689459066354e-7,5.950613856391425e-5,1.2096072361722168e-7,3,up,"[0.404, 0.829]",TRUE,FALSE,TRUE,TRUE,TRUE,TRUE,TRUE,TRUE
XRCC3,3,0.534701359318738,0.09411270314385628,5.6815003868438305,1.3351821274416932e-8,0.35024385066907016,0.7191588679684058,0.00112118386817709,3.8624518809019217,4.208461599261507e-8,5.935326311580804,2.9326163935415502e-9,8.452701031423735e-9,up,4.8841198164574575e-8,6.66864022339221e-8,1.4997825252859853e-4,5.215833814631771e-7,3,up,"[0.350, 0.719]",TRUE,FALSE,TRUE,TRUE,TRUE,TRUE,TRUE,TRUE
LGMN,3,-0.4185479055566879,0.07368289231864017,-5.680394626023718,1.3438432325246024e-8,-0.5629637207779656,-0.2741320903354102,0.00584607430091365,33.995201657765975,4.224212870842379e-8,-7.395286142340921,1.4110408493464818e-13,6.890761387762679e-13,down,1.6556488431444933e-12,4.023410545660663e-12,6.354763054026946e-5,8.664527595337787e-9,3,down,"[-0.563, -0.274]",TRUE,FALSE,TRUE,TRUE,TRUE,TRUE,TRUE,TRUE
TRIOBP,3,0.45786199086036994,0.08060464507585721,5.680342496756546,1.3442528904320009e-8,0.299879789525056,0.6158441921956839,0.00486144823808326,23.55534828321223,4.224212870842379e-8,6.574380312668071,4.8856210432936086e-11,1.7430802332947187e-10,up,1.0906080580859936e-10,2.060037443051321e-10,4.424986626768203e-5,5.080803197933676e-9,3,up,"[0.300, 0.616]",TRUE,FALSE,TRUE,TRUE,TRUE,TRUE,TRUE,TRUE
NRXN1,3,-0.5196997610506329,0.0916732047138544,-5.669047598726432,1.4359347396339772e-8,-0.6993759406371549,-0.34002358146411077,0.00296176007663655,10.211341087127074,4.5054896369150824e-8,-6.056663947317718,1.389734931760092e-9,4.15543948061356e-9,down,9.478365548802468e-9,1.4071675123991638e-8,7.846541226748317e-5,4.668343113937109e-7,3,down,"[-0.699, -0.340]",TRUE,FALSE,TRUE,TRUE,TRUE,TRUE,TRUE,TRUE
GPER1,3,0.7481090121392433,0.13199683378602858,5.667628462603533,1.4478749569796714e-8,0.48939997184530754,1.0068180524331791,0,0,4.5360916325919006e-8,5.4912689257277485,3.9905618026888536e-8,1.0013297741369557e-7,up,2.054052391140017e-7,2.611958711970813e-7,7.594070437512263e-4,9.905438434752653e-8,3,up,"[0.489, 1.007]",TRUE,FALSE,TRUE,TRUE,TRUE,TRUE,TRUE,TRUE
GALNTL6,3,-0.6923064644591639,0.12216521425989828,-5.666968855686926,1.4534574849058356e-8,-0.9317458845721835,-0.4528670443461442,0,0,4.5467131579105625e-8,-5.3492951095666665,8.829746081526577e-8,2.1206300379597517e-7,down,2.28032277571878e-7,2.882016719586075e-7,0.00277197515587866,1.316798407285826e-7,3,down,"[-0.932, -0.453]",TRUE,FALSE,TRUE,TRUE,TRUE,TRUE,TRUE,TRUE
ANKRD31,3,-0.6278039184517262,0.11080245572290875,-5.66597476884193,1.4619103763510509e-8,-0.8449727410672214,-0.41063509583623103,0,0,4.566268253843494e-8,-5.556865618709679,2.7466205139280786e-8,7.037590618746603e-8,down,2.907957572912536e-7,3.615769787902038e-7,1.0470289118772068e-4,4.302787903645185e-7,3,down,"[-0.845, -0.411]",TRUE,FALSE,TRUE,TRUE,TRUE,TRUE,TRUE,TRUE
MAEL,3,-0.6437056917266494,0.1136270782059976,-5.665072990433302,1.4696196469136622e-8,-0.8664106726789207,-0.42100071077437806,0,0,4.583445334885617e-8,-5.376971909886926,7.574898592052241e-8,1.835272991178476e-7,down,2.9667842214196857e-7,3.680089997143797e-7,9.831365488386212e-4,2.1548506773158305e-7,3,down,"[-0.866, -0.421]",TRUE,FALSE,TRUE,TRUE,TRUE,TRUE,TRUE,TRUE
CHGB,3,-0.9836607486730432,0.17392075915647837,-5.65579838452771,1.5512347777897355e-8,-1.3245391727836058,-0.6427823245624809,0,0,4.823479653876929e-8,-5.6751801967586735,1.3854273988463008e-8,3.6871612241335876e-8,down,1.71518727932391e-7,2.209502122557633e-7,7.655998050005537e-5,3.187463199265858e-7,3,down,"[-1.325, -0.643]",TRUE,FALSE,TRUE,TRUE,TRUE,TRUE,TRUE,TRUE
DDX39A,3,0.3358479754501993,0.05940022712904377,5.65398470144883,1.5677017070706556e-8,0.2194256696037745,0.4522702812966241,0,0,4.8673852402163774e-8,5.484278772273754,4.1515965668744064e-8,1.0389903955761338e-07,up,3.333434701309332e-7,4.11275643695155e-7,1.520253693802047e-4,2.0168619720910787e-7,3,up,"[0.219, 0.452]",TRUE,FALSE,TRUE,TRUE,TRUE,TRUE,TRUE,TRUE
MIPEP,3,-0.41127017023762935,0.07278927597021373,-5.650147837793114,1.603099061784962e-8,-0.553934529599995,-0.2686058108752637,0,0,4.9698467177010635e-8,-5.435085496439709,5.4770164516593476e-8,1.348469163664199e-7,down,1.8978871577431962e-7,2.4252729298579104e-7,0.01411193458979892,1.192627392550176e-7,3,down,"[-0.554, -0.269]",TRUE,FALSE,TRUE,TRUE,TRUE,TRUE,TRUE,TRUE
MID1IP1,3,0.6681945801198448,0.1183514478006057,5.6458504947535175,1.6436663815425862e-8,0.4362300049124854,0.9001591553272041,0,0,5.0809107975815346e-8,5.48426637619313,4.1518876610671483e-8,1.0389903955761338e-07,up,2.1615949399490138e-7,2.740310455656635e-7,7.599893690175959e-4,1.3660160884184148e-7,3,up,"[0.436, 0.900]",TRUE,FALSE,TRUE,TRUE,TRUE,TRUE,TRUE,TRUE
DNALI1,3,0.5000467742559407,0.08874539341346253,5.634622316971829,1.7544240200184834e-8,0.326108999371716,0.6739845491401654,0,0,5.414695561783237e-8,5.582813167064228,2.3665893874260068e-8,6.112552858181508e-8,up,2.485547443313611e-7,3.1167021749893764e-7,1.0948624575401125e-4,2.950931856600587e-7,3,up,"[0.326, 0.674]",TRUE,FALSE,TRUE,TRUE,TRUE,TRUE,TRUE,TRUE
DPP6,3,-0.507752724772556,0.0901962145265801,-5.629423889213503,1.8081253672738825e-8,-0.6845340567865014,-0.33097139275861054,0,0,5.572142662297224e-8,-5.53100938940158,3.183932802127469e-8,8.093612993481617e-8,down,3.558676927935831e-7,4.372450206480399e-7,4.970083464560503e-5,3.1692512777375197e-7,3,down,"[-0.685, -0.331]",TRUE,FALSE,TRUE,TRUE,TRUE,TRUE,TRUE,TRUE
ZC2HC1A,3,-0.5642983222720263,0.1002662011522044,-5.6280014180992035,1.8230959105673792e-8,-0.7608164653969953,-0.3677801791470572,0.0085900343711135,27.171580369316,5.6099420156034785e-8,-6.858328151399264,6.9671074674954834e-12,2.7314458960825123e-11,down,1.8183024402060891e-10,3.334358320943792e-10,4.862546396258907e-4,2.4098657842237185e-8,3,down,"[-0.761, -0.368]",TRUE,FALSE,TRUE,TRUE,TRUE,TRUE,TRUE,TRUE
MECR,3,-0.4641983096271459,0.08248970094698135,-5.6273486786611135,1.830005771130316e-8,-0.625875152578709,-0.3025214666755829,0.00620724388862529,29.15599285447463,5.622862176776704e-8,-6.856554058430719,7.0541394646140755e-12,2.7641014823992424e-11,down,6.980139610273849e-12,1.5400861225221234e-11,0.00157924153487066,8.079577537651345e-12,3,down,"[-0.626, -0.303]",TRUE,FALSE,TRUE,TRUE,TRUE,TRUE,TRUE,TRUE
BCL7C,3,0.3888062405848445,0.06913212591353259,5.624103634121511,1.8647368357734862e-8,0.2533097636196324,0.5243027175500565,0,0,5.7211008837192454e-8,5.6088774734747915,2.0364312787846785e-8,5.298661649214242e-8,up,1.68365825692968e-7,2.170234446781949e-7,8.036461474675742e-5,3.418063252420018e-6,3,up,"[0.253, 0.524]",TRUE,FALSE,TRUE,TRUE,TRUE,TRUE,TRUE,TRUE
UCHL1,3,-0.7057658716840005,0.12555357732612063,-5.621232677829646,1.8959970596328026e-8,-0.9518463613733616,-0.4596853819946394,0,0,5.806950775454062e-8,-5.3478722633424445,8.899423566877559e-8,2.1363238137171837e-7,down,3.626199544699947e-7,4.447509080844287e-7,9.54302549053223e-4,1.3867526304527986e-7,3,down,"[-0.952, -0.460]",TRUE,FALSE,TRUE,TRUE,TRUE,TRUE,TRUE,TRUE
TBX3,3,0.778985197240034,0.13858428108994272,5.621021310017578,1.898318527366371e-8,0.5073649974803711,1.050605396999697,0,0,5.806950775454062e-8,5.550450568039085,2.849342723518218e-8,7.28438948604934e-8,up,3.0903994522578773e-7,3.828846155306355e-7,3.4023903582368395e-5,2.167046293628487e-7,3,up,"[0.507, 1.051]",TRUE,FALSE,TRUE,TRUE,TRUE,TRUE,TRUE,TRUE
GJA1,3,0.7280853100028942,0.12962548360821996,5.616837752393343,1.9448388442214863e-8,0.474024030652196,0.9821465893535924,0,0,5.940494496193464e-8,5.5176884286779835,3.43487709750823e-8,8.69714173679249e-8,up,3.765167096409351e-7,4.609773646961626e-7,1.09259730606345e-4,6.368046428714941e-7,3,up,"[0.474, 0.982]",TRUE,FALSE,TRUE,TRUE,TRUE,TRUE,TRUE,TRUE
PPM1E,4,-0.6828602087125156,0.12158919260970812,-5.616125858360157,1.9528643917360122e-8,-0.9211706471368472,-0.444549770288184,0.00959283406081979,15.455595452246063,5.9562363947948374e-8,-6.25334053593239,4.0176477095257925e-10,1.2871787940070507e-9,down,7.629210996798657e-9,1.146593015026117e-8,5.147892774442007e-4,1.7603174397629891e-9,4,down,"[-0.921, -0.445]",TRUE,TRUE,TRUE,TRUE,TRUE,TRUE,TRUE,TRUE
DGKB,4,-0.6536328757403235,0.11654075429916652,-5.608620603762457,2.0394555505005476e-8,-0.8820485568978212,-0.4252171945828257,0.01452695140959486,26.667798396251655,6.211205303580228e-8,-6.494600938486774,8.325379548903131e-11,2.8880426760014915e-10,down,3.9393889552367996e-10,6.894761766380694e-10,3.1118154703991096e-5,1.4058274120570838e-8,4,down,"[-0.882, -0.425]",TRUE,TRUE,TRUE,TRUE,TRUE,TRUE,TRUE,TRUE
TRIM8,4,0.38154300797382,0.06803256261172681,5.6082410146939425,2.0439326504009753e-8,0.24820163547886917,0.5148843804687707,0.00726060270581842,40.44824112556058,6.215713074679798e-8,7.591626738901124,3.1591395850114537e-14,1.7136044276307088e-13,up,1.096183378287884e-12,2.7524023324080765e-12,6.524438853339608e-5,8.85123515430105e-12,4,up,"[0.248, 0.515]",TRUE,TRUE,TRUE,TRUE,TRUE,FALSE,TRUE,TRUE
NEDD8,3,-0.3380659518605615,0.06030637027812142,-5.60580831347445,2.072852736028441e-8,-0.45626426564401623,-0.21986763807710671,0,0,6.294431295055618e-8,-5.377945702655602,7.534052868605786e-8,1.827545261272824e-7,down,3.650052645985819e-7,4.4741189053041307e-7,7.794185619645344e-4,2.824043942035424e-7,3,down,"[-0.456, -0.220]",TRUE,FALSE,TRUE,TRUE,TRUE,TRUE,TRUE,TRUE
GREM2,3,-0.7430139331578065,0.13255538830137142,-5.605309166825617,2.078835543720624e-8,-1.0028177201852164,-0.48321014613039653,0,0,6.30336976268505e-8,-5.553561418596045,2.799072530253991e-8,7.164540728070088e-8,down,1.8793108149762274e-7,2.4059818705312936e-7,4.768159142609537e-4,6.762478601552102e-8,3,down,"[-1.003, -0.483]",TRUE,FALSE,TRUE,TRUE,TRUE,TRUE,TRUE,TRUE
ENPP5,3,-0.5592065776083269,0.09978798139023937,-5.603947187000869,2.0952457362226435e-8,-0.7547874272231492,-0.3636257279935047,0,0,6.338477671203853e-8,-5.439944266806499,5.3297241820218265e-8,1.3141736972906625e-7,down,3.5240826934367746e-7,4.335081557644051e-7,2.0237127602386063e-4,1.8408737036443258e-7,3,down,"[-0.755, -0.364]",TRUE,FALSE,TRUE,TRUE,TRUE,TRUE,TRUE,TRUE
SCPEP1,3,-0.3460749615702372,0.06175673807016991,-5.603841335936755,2.0965263656923057e-8,-0.4671159439904438,-0.22503397915003057,0,0,6.338477671203853e-8,-5.4673355708702704,4.5685066711339126e-8,1.1382407053968809e-7,down,3.572262213523028e-7,4.386543416723955e-7,3.044848886337521e-4,3.037934301073113e-7,3,down,"[-0.467, -0.225]",TRUE,FALSE,TRUE,TRUE,TRUE,TRUE,TRUE,TRUE
ADAMTSL5,3,1.0310239068452902,0.1842166995490036,5.596799363843922,2.1834514263227778e-8,0.6699658103784072,1.3920820033121732,0,0,6.591671409306318e-8,5.641485274563447,1.685894610163119e-8,4.435744054345936e-8,up,3.2416047193169413e-7,4.0089971305088467e-7,5.76678064039627e-6,3.049032261176116e-6,3,up,"[0.670, 1.392]",TRUE,FALSE,TRUE,TRUE,TRUE,TRUE,TRUE,TRUE
GTPBP4,3,-0.3785442550657656,0.06764599047202204,-5.595959973744921,2.194043202411137e-8,-0.5111279600894685,-0.2459605500420628,0,0,6.614019770059153e-8,-5.430055963426468,5.6336382882200615e-8,1.385214239451728e-7,down,4.293850407856785e-7,5.229269375158527e-7,2.3079012591986308e-4,2.742747256789483e-7,3,down,"[-0.511, -0.246]",TRUE,FALSE,TRUE,TRUE,TRUE,TRUE,TRUE,TRUE
FAM47E,3,-0.49983216691693994,0.08942391978444339,-5.589468322589602,2.2776591028451997e-8,-0.6750998290508478,-0.3245645047830321,0.0060559759635752004,22.822425530816023,6.849937648563956e-8,-6.613277379258689,3.75903139841236e-11,1.3558544853771184e-10,down,2.4341114682590905e-10,4.3860531582705066e-10,1.9519305408910627e-4,1.5980409614130558e-7,3,down,"[-0.675, -0.325]",TRUE,FALSE,TRUE,TRUE,TRUE,TRUE,TRUE,TRUE
TTC39C,3,-0.5110919665247955,0.09143994522386008,-5.589373060904159,2.278908860901219e-8,-0.6903109659118766,-0.3318729671377144,0,0,6.849937648563956e-8,-5.506326132312323,3.6639947978821945e-8,9.239313169156739e-8,down,3.894475765509381e-7,4.7596598336278467e-7,6.0573522167312926e-5,3.2034957412732993e-7,3,down,"[-0.690, -0.332]",TRUE,FALSE,TRUE,TRUE,TRUE,TRUE,TRUE,TRUE
NBEA,4,-0.46865663601636265,0.08385625033571896,-5.588809828010354,2.2863116448080513e-8,-0.6330118665529466,-0.3043014054797787,0,0,6.862243634344282e-8,-5.5312120034775285,3.18025673134076e-8,8.085657884151344e-8,down,1.1364266921501977e-6,1.3338703789018169e-6,1.831077434724316e-5,2.800362816508618e-7,4,down,"[-0.633, -0.304]",TRUE,TRUE,TRUE,TRUE,TRUE,TRUE,TRUE,TRUE
VAT1,3,0.5153637160561059,0.09223096290055675,5.587751660055528,2.3002827185780767e-8,0.3345943505115648,0.696133081600647,0.01159032098626418,45.33171623231931,6.894199939784582e-8,8.006678135666235,1.1784839661790602e-15,7.827631265253999e-15,up,2.053713946912417e-14,6.453640493782354e-14,0.00120469125570399,2.073324690252617e-10,3,up,"[0.335, 0.696]",TRUE,FALSE,TRUE,TRUE,TRUE,FALSE,TRUE,TRUE
ANKRD42,3,-0.3968520900216107,0.07107151822461995,-5.583841459068998,2.3526318740533947e-8,-0.5361497060684479,-0.2575544739747736,0,0,7.040921366214632e-8,-5.456196084607721,4.864427393864345e-8,1.2079001176773777e-7,down,4.4052834670825636e-7,5.352406508921638e-7,1.9495093938707268e-4,4.99684115846222e-7,3,down,"[-0.536, -0.258]",TRUE,FALSE,TRUE,TRUE,TRUE,TRUE,TRUE,TRUE
CDH20,3,0.3546133127364397,0.06352926531983537,5.581889086095269,2.3792009345393535e-8,0.2300982407452729,0.4791283847276065,0,0,7.110176856245848e-8,5.63292113471919,1.7718249668544997e-8,4.6469565442751357e-8,up,2.3119380530308727e-7,2.918417237970803e-7,6.657209871886941e-5,1.0381256137224978e-6,3,up,"[0.230, 0.479]",TRUE,FALSE,TRUE,TRUE,TRUE,TRUE,TRUE,TRUE
CREG2,3,-0.716907863584973,0.128570999075983,-5.575968676740968,2.4615622001524297e-8,-0.9689023912302324,-0.46491333593971385,0,0,7.339713564543805e-8,-5.512315960878363,3.541424237769571e-8,8.954657662408118e-8,down,2.2634163045191946e-7,2.864139972893721e-7,3.2748875746156403e-4,7.188093592612845e-7,3,down,"[-0.969, -0.465]",TRUE,FALSE,TRUE,TRUE,TRUE,TRUE,TRUE,TRUE
SGF29,3,0.38328323117031377,0.06873973982276536,5.575860952609792,2.4630861335209682e-8,0.24855581681103991,0.5180106455295876,0.00637149999935542,44.91432599033318,7.339713564543805e-8,7.532650715396647,4.9720483811764614e-14,2.621045604218183e-13,up,1.1544653673089472e-13,3.320889281274281e-13,0.00103131162225271,9.079057644260901e-8,3,up,"[0.249, 0.518]",TRUE,FALSE,TRUE,TRUE,TRUE,FALSE,TRUE,TRUE
ZNF524,3,0.4263743065198612,0.07649444213455109,5.57392530257144,2.4906256132677673e-8,0.27644795491865787,0.5763006581210646,0.00302808258296544,16.981492578280587,7.411129873626039e-8,6.210672620227006,5.275828532013192e-10,1.663612356545281e-9,up,7.143160582390458e-9,1.0805919072120944e-8,1.6776326054949338e-4,6.167297722080267e-6,3,up,"[0.276, 0.576]",TRUE,FALSE,TRUE,TRUE,TRUE,TRUE,TRUE,TRUE
PSMD13,3,-0.3928195735677986,0.07047866018778301,-5.573595929905194,2.4953414217825555e-8,-0.5309552092144902,-0.254683937921107,0.00428155973419462,25.991749317551182,7.414524511141863e-8,-6.769918075430329,1.2885533927727428e-11,4.912443759251137e-11,down,4.8259101013927125e-11,9.47816055898531e-11,1.2302999223329287e-4,6.413972934564712e-8,3,down,"[-0.531, -0.255]",TRUE,FALSE,TRUE,TRUE,TRUE,TRUE,TRUE,TRUE
POLR3A,3,-0.3555984324160608,0.0638298066852188,-5.571040410160093,2.5322258071279536e-8,-0.4807025546592436,-0.230494310172878,0,0,7.513356686671498e-8,-5.464069001413136,4.653425158725495e-8,1.1578379301575697e-7,down,5.051454548170345e-7,6.11600509801827e-7,1.315192048227791e-4,7.346102381743784e-7,3,down,"[-0.481, -0.230]",TRUE,FALSE,TRUE,TRUE,TRUE,TRUE,TRUE,TRUE
FKTN,3,-0.5544443429239128,0.09955918943128864,-5.568992135141536,2.5621704963012594e-8,-0.7495767685392393,-0.35931191730858625,0.00395095730223188,12.848189386318245,7.591345156184019e-8,-5.928659492129992,3.054176738618646e-9,8.780832326073278e-9,down,1.3546839279686733e-8,1.9716592748119496e-8,5.02274367108166e-4,9.383253906724783e-9,3,down,"[-0.750, -0.359]",TRUE,FALSE,TRUE,TRUE,TRUE,TRUE,TRUE,TRUE
TCF3,4,0.4613530232281856,0.08290540276953641,5.564812519042604,2.6243440582892145e-8,0.298861419676107,0.6238446267802642,0.01415181778104639,54.07343629787351,7.764464446350685e-8,8.574962807448028,9.911882160032129e-18,6.851241164074546e-16,up,1.96270685455582e-16,8.206963742638651e-16,4.044586630872e-5,2.361726742000085e-11,4,up,"[0.299, 0.624]",TRUE,TRUE,TRUE,TRUE,TRUE,FALSE,TRUE,TRUE
SYNE2,3,0.46024144275798,0.08280752622366445,5.557966331645513,2.7293601489257895e-8,0.29794167371074154,0.6225412118052184,0,0,8.063665169333457e-8,5.553728581092783,2.7963957514612344e-8,7.158927995087327e-8,up,4.00456043986276e-7,4.885563736632568e-7,4.841445159491336e-5,1.3963719301560526e-6,3,up,"[0.298, 0.623]",TRUE,FALSE,TRUE,TRUE,TRUE,TRUE,TRUE,TRUE
STARD10,4,0.43229556177094947,0.077811240423707,5.555695544974767,2.7650846620297614e-8,0.2797883329480966,0.5848027905938024,0.00644482032195143,26.370409961539465,8.157589742602738e-8,6.702436837477414,2.0497218439596077e-11,7.637150003992574e-11,up,8.357040869657746e-10,1.4125919122795572e-9,8.090709483891892e-5,1.2285069487300619e-9,4,up,"[0.280, 0.585]",TRUE,TRUE,TRUE,TRUE,TRUE,TRUE,TRUE,TRUE
PAK3,4,-0.6424049835721755,0.1156599976025628,-5.554253820578853,2.7880012269580057e-8,-0.8690944133251876,-0.41571555381916336,0.01845894887231968,34.47997868889891,8.213514978282532e-8,-6.969474606226801,3.1812678705871096e-12,1.2952742731000422e-11,down,1.4124368360528759e-10,2.6319802317822685e-10,5.5298855948052906e-5,4.230850083045168e-11,4,down,"[-0.869, -0.416]",TRUE,TRUE,TRUE,TRUE,TRUE,TRUE,TRUE,TRUE
DYNC1LI1,4,-0.3803521863087061,0.06850191905093689,-5.552431108183735,2.8172375821958343e-8,-0.5146134805204206,-0.24609089209699156,0.00860825082042538,47.1096202163801,8.287873397835689e-8,-7.78810188357972,6.802332237656003e-15,4.0703923325003076e-14,down,2.760089697313408e-15,9.718889698179981e-15,2.315718466074652e-5,4.363753054132769e-12,4,down,"[-0.515, -0.246]",TRUE,TRUE,TRUE,TRUE,TRUE,FALSE,TRUE,TRUE
PIP5K1B,3,-0.4802524704462418,0.08656330128173459,-5.5479916238774285,2.8896971692020513e-8,-0.6499134233413315,-0.3105915175511521,0,0,8.488997066466082e-8,-5.443391715459071,5.2275516644274266e-8,1.2909172657798078e-7,down,4.72886540994684e-7,5.735477696040788e-7,5.932750406883991e-5,2.911953775365904e-7,3,down,"[-0.650, -0.311]",TRUE,FALSE,TRUE,TRUE,TRUE,TRUE,TRUE,TRUE
ITPRIP,4,0.5918035733710229,0.10671114362444248,5.545846040726608,2.9253615415064072e-8,0.38265357511803455,0.8009535716240112,0.00983682933531073,21.17183442720739,8.581612216526573e-8,6.349854906043179,2.1551810250402935e-10,7.093777864351584e-10,up,1.5673422434437867e-9,2.5656415255741232e-9,3.944079461155464e-5,2.8050338101190882e-8,4,up,"[0.383, 0.801]",TRUE,TRUE,TRUE,TRUE,TRUE,TRUE,TRUE,TRUE
LRP10,3,0.5983102373789917,0.10789880102988653,5.545105521731125,2.9377694649712624e-8,0.38683247338536086,0.8097880013726225,0.0129007625668844,36.68717739474191,8.60583879992994e-8,7.311420382717051,2.643331319443296e-13,1.237346736620419e-12,up,3.284787729213601e-13,8.824675842472809e-13,0.00393649702020835,4.373637628395885e-12,3,up,"[0.387, 0.810]",TRUE,FALSE,TRUE,TRUE,TRUE,TRUE,TRUE,TRUE
GOT2,3,-0.38328360441225096,0.06917369457305558,-5.540886702349811,3.009438859902949e-8,-0.5188615544530137,-0.24770565437148823,0,0,8.803351474525694e-8,-5.431636586049697,5.5839551520855265e-8,1.373426415192037e-7,down,4.3606225676478587e-7,5.307471364613649e-7,1.6115743320775172e-4,3.1062412989827665e-7,3,down,"[-0.519, -0.248]",TRUE,FALSE,TRUE,TRUE,TRUE,TRUE,TRUE,TRUE
RGL3,3,0.6226640862289587,0.1124916659038072,5.535201930082584,3.1086998838539634e-8,0.4021844724965843,0.8431436999613332,0.00520722331141261,12.138391486278712,9.080906421286085e-8,6.156097334326318,7.455940983379182e-10,2.309218572574222e-9,up,1.6146102994733736e-8,2.3368470070535777e-8,1.355654005722106e-4,8.997584116797867e-7,3,up,"[0.402, 0.843]",TRUE,FALSE,TRUE,TRUE,TRUE,TRUE,TRUE,TRUE
NRSN1,3,-0.6348935485026106,0.11473426108773764,-5.533600360376274,3.137233381543208e-8,-0.8597685680273918,-0.4100185289778294,0,0,9.151367135472033e-8,-5.230726570219796,1.6884509435409818e-7,3.90609420657776e-7,down,6.105078561103676e-7,7.353038870922779e-7,0.00157269311018053,3.310131044766185e-7,3,down,"[-0.860, -0.410]",TRUE,FALSE,TRUE,TRUE,TRUE,TRUE,TRUE,TRUE
RNF128,3,-0.539760833316445,0.09782398897063856,-5.517673517468725,3.43516846955465e-8,-0.73149232852294,-0.34802933810994996,0,0,1.0006375570022956e-7,-5.445601580436793,5.163058788799772e-8,1.276269478675238e-7,down,4.627283574425361e-7,5.618844340373652e-7,2.962593364787313e-4,4.795875005313302e-7,3,down,"[-0.731, -0.348]",TRUE,FALSE,TRUE,TRUE,TRUE,TRUE,TRUE,TRUE
A4GALT,3,0.5539340559162672,0.10039720994116536,5.517424799363278,3.4400320747806796e-8,0.35715914028327644,0.750708971549258,0,0,1.0006488812195132e-7,5.385145897880565,7.2385908400657e-8,1.757604000430923e-7,up,3.39575604753823e-7,4.187156981328353e-7,7.236007001449402e-4,3.1201600695168782e-6,3,up,"[0.357, 0.751]",TRUE,FALSE,TRUE,TRUE,TRUE,TRUE,TRUE,TRUE
NYNRIN,4,0.5157886642295592,0.09350585054187475,5.5161111442815365,3.4658311970568615e-8,0.3325205648236995,0.6990567636354188,0.00718292378252148,19.70476392188119,1.006741442954612e-7,6.36348203975961,1.9723046530892883e-10,6.522318450368153e-10,up,4.722541557801975e-9,7.2821941939637894e-9,2.516021120850181e-4,1.4978162358170253e-8,4,up,"[0.333, 0.699]",TRUE,TRUE,TRUE,TRUE,TRUE,TRUE,TRUE,TRUE
CHST6,4,0.5574548375956823,0.10108449040961692,5.514741532917174,3.492929059996298e-8,0.3593328769972486,0.7555767981941159,0,0,1.0131936881723527e-7,5.550811629345629,2.8434634732669125e-8,7.271872699959228e-8,up,1.227599305219564e-6,1.4368176969669165e-6,7.404268907090251e-6,3.3003098398277216e-7,4,up,"[0.359, 0.756]",TRUE,TRUE,TRUE,TRUE,TRUE,TRUE,TRUE,TRUE
CDC42EP4,4,0.4739472706667548,0.08595497482682313,5.513901570230636,3.509649323374598e-8,0.3054786157141345,0.6424159256193751,0.00435234208352868,13.81147559239994,1.0166218850110218e-7,6.152597092747259,7.62242770866832e-10,2.357819963752024e-9,up,2.597305556932404e-8,3.6496014397546115e-8,9.276597968550078e-6,1.5816690902402545e-6,4,up,"[0.305, 0.642]",TRUE,TRUE,TRUE,TRUE,TRUE,TRUE,TRUE,TRUE
HAUS5,3,0.4166660494652405,0.07557380124447627,5.513366306894544,3.5203447229399916e-8,0.26854412085127866,0.5647879780792022,0.0011312038325387,4.680086616053873,1.0182977622562823e-7,5.836251274213475,5.338836253017175e-9,1.4917277267591624e-8,up,6.232554992448931e-8,8.41009697744898e-8,0.00177589105378532,7.448350894864444e-7,3,up,"[0.269, 0.565]",TRUE,FALSE,TRUE,TRUE,TRUE,TRUE,TRUE,TRUE
C2CD5,3,-0.5221724449685211,0.09476632769246872,-5.510105305157025,3.5861908782418605e-8,-0.7079110341928806,-0.3364338557441616,0.01330891229717409,52.04220179282639,1.0358997049406153e-7,-8.564678067599468,1.0837822344421587e-17,7.421901301790932e-16,down,3.729738350558389e-19,2.3090977131516706e-18,4.152261603582167e-4,2.588916245160236e-17,3,down,"[-0.708, -0.336]",TRUE,FALSE,TRUE,TRUE,TRUE,FALSE,TRUE,TRUE
RASL12,3,0.631103229944533,0.11459733059288237,5.507137266456805,3.6471587657673095e-8,0.40649658925805354,0.8557098706310126,0,0,1.052045518804089e-7,5.490370690253484,4.010910487168319e-8,1.006265059806543e-7,up,3.2153199569397905e-7,3.978862524279908e-7,3.130209112209797e-4,9.14691467759559e-7,3,up,"[0.406, 0.856]",TRUE,FALSE,TRUE,TRUE,TRUE,TRUE,TRUE,TRUE
GPRC5B,3,0.459814765681316,0.08353507893639282,5.504451202248084,3.703200133690184e-8,0.2960890195202756,0.6235405118423565,0,0,1.0667273718435336e-7,5.609753904127028,2.0261453027102696e-8,5.2737535311790094e-8,up,3.424171115348912e-7,4.219685616894619e-7,1.3448824382100418e-5,1.5307466753215951e-6,3,up,"[0.296, 0.624]",TRUE,FALSE,TRUE,TRUE,TRUE,TRUE,TRUE,TRUE
KCNQ3,3,-0.4949012223489021,0.08999339795417252,-5.499305877981421,3.8128921225921556e-8,-0.6712850411854608,-0.31851740351234337,0,0,1.0968014233364953e-7,-5.382995216373504,7.32564858864665e-8,1.7778670044833676e-7,down,5.632255465388913e-7,6.795403045501226e-7,3.291965145880105e-4,6.764404704152098e-7,3,down,"[-0.671, -0.319]",TRUE,FALSE,TRUE,TRUE,TRUE,TRUE,TRUE,TRUE
CFAP221,3,-0.672873883586979,0.12251350768394846,-5.492242417242763,3.96862130376621e-8,-0.912995946267189,-0.4327518209067688,0.01193730871151189,23.131099723905542,1.1400167013865817e-7,-6.698854153915291,2.1006010969126758e-11,7.816878346045862e-11,down,5.7960321731195735e-11,1.1297904818656012e-10,0.01099486824127865,9.402466059337976e-10,3,down,"[-0.913, -0.433]",TRUE,FALSE,TRUE,TRUE,TRUE,TRUE,TRUE,TRUE
ECE1,3,0.5454875435030795,0.09940328390734084,5.487620952357649,4.073830645941868e-8,0.35066068709968157,0.7403143999064774,0.01582907660344901,54.33192396137282,1.1686202987114017e-7,8.347855588927677,6.951349408137635e-17,1.6219673066919e-15,up,7.294979429391981e-17,3.205463418762493e-16,1.6130188261347388e-4,5.008761397774781e-15,3,up,"[0.351, 0.740]",TRUE,FALSE,TRUE,TRUE,TRUE,FALSE,TRUE,TRUE
FAAP20,3,0.5694123832702374,0.1037904673196336,5.486172265865924,4.1073637125544935e-8,0.365986805385174,0.7728379611553007,0.01279223441534296,38.918357004351215,1.1766122016350855e-7,7.238027416392412,4.552574270796861e-13,2.044994795433561e-12,up,1.438878998813056e-14,4.6701643873838485e-14,1.5592983234216155e-4,5.0553465317315397e-14,3,up,"[0.366, 0.773]",TRUE,FALSE,TRUE,TRUE,TRUE,TRUE,TRUE,TRUE
EDA,3,0.4449193338219574,0.08116986080165937,5.481336661511952,4.2212433778275124e-8,0.2858293300205756,0.6040093376233393,0,0,1.2075667262916226e-7,5.372857075704503,7.749875621014572e-8,1.874978086130971e-7,up,7.68239918089805e-7,9.141305737913114e-7,2.0932006886466208e-4,1.0993978593854669e-6,3,up,"[0.286, 0.604]",TRUE,FALSE,TRUE,TRUE,TRUE,TRUE,TRUE,TRUE
VCAN,3,0.6375488575549465,0.11632417277468834,5.480794252367763,4.234206593615739e-8,0.4095576683851427,0.8655400467247503,0,0,1.209606677019152e-7,5.295942998097281,1.184037719224354e-7,2.79780925603301e-7,up,8.569229845823675e-7,1.0155761542993317e-6,4.676726879633647e-4,6.715006797426684e-7,3,up,"[0.410, 0.866]",TRUE,FALSE,TRUE,TRUE,TRUE,TRUE,TRUE,TRUE
BEX5,3,-0.8573275061869895,0.15672875284362506,-5.470135445041036,4.496917824928016e-8,-1.1645102171023742,-0.5501447952716048,0.02222464204021961,29.182147900655988,1.282665572313588e-7,-6.569563392943255,5.046300769357715e-11,1.797805418601621e-10,down,4.991090306424265e-11,9.783154863832282e-11,4.96764357615433e-4,2.8838584714683368e-11,3,down,"[-1.165, -0.550]",TRUE,FALSE,TRUE,TRUE,TRUE,TRUE,TRUE,TRUE
MAML3,3,0.4238581750800979,0.07748887727319925,5.469922781120173,4.502316955854831e-8,0.27198276642218305,0.5757335837380126,0.00809321588779095,45.238751389963056,1.282665572313588e-7,7.586340861524186,3.2906606318821266e-14,1.780374984155099e-13,up,7.541679890219424e-15,2.5474664645464314e-14,8.872524905141935e-5,1.5922867949617062e-13,3,up,"[0.272, 0.576]",TRUE,FALSE,TRUE,TRUE,TRUE,FALSE,TRUE,TRUE
MLLT11,3,-0.7364737341405011,0.13476352918657997,-5.464933566119762,4.630802001855051e-8,-1.0006053977757103,-0.472342070505292,0,0,1.3157548233459658e-7,-5.195922619916379,2.037069853025479e-7,4.667338486052182e-7,down,9.096865631707798e-7,1.0768778150777385e-6,0.00118401727718045,3.999395268342593e-7,3,down,"[-1.001, -0.472]",TRUE,FALSE,TRUE,TRUE,TRUE,TRUE,TRUE,TRUE
MPST,3,0.45394588264049807,0.08306541923230104,5.4649201416896656,4.6311524640431776e-8,0.2911406525844673,0.6167511126965288,0,0,1.3157548233459658e-7,5.395979339550234,6.815078893448563e-8,1.6607684842156696e-7,up,7.731529292272742e-7,9.183958620947116e-7,1.1191162922915984e-4,8.99454777809632e-7,3,up,"[0.291, 0.617]",TRUE,FALSE,TRUE,TRUE,TRUE,TRUE,TRUE,TRUE
RTCA,4,-0.401255153774289,0.0734301134444239,-5.464449596390475,4.6434529190345857e-8,-0.5451755315060502,-0.25733477604252775,0.00922347008589377,45.970114657914,1.31744478167958e-7,-7.954691145558209,1.795789234067122e-15,1.1635266907718296e-14,down,4.5685268261416064e-14,1.3893144629644706e-13,4.128178748299233e-4,3.9107150654663275e-12,4,down,"[-0.545, -0.257]",TRUE,TRUE,TRUE,TRUE,TRUE,FALSE,TRUE,TRUE
HYKK,3,-0.43714320529116263,0.08003006335989012,-5.462237401029628,4.701707316329618e-8,-0.5939992471570058,-0.28028716342531945,0.0045789779561365,21.061802417381134,1.3321504062933918e-7,-6.501933817404312,7.9293987286728e-11,2.754618741064539e-10,down,8.372506504253735e-10,1.4132164298037874e-9,6.195113823966285e-4,4.222847896390424e-7,3,down,"[-0.594, -0.280]",TRUE,FALSE,TRUE,TRUE,TRUE,TRUE,TRUE,TRUE
GABRB2,3,-0.8653343968666404,0.15844563365929937,-5.461396296519862,4.724041741954928e-8,-1.1758821323464943,-0.5547866613867863,0,0,1.3366524655954326e-7,-5.535542942920402,3.102657005937591e-8,7.897866534474075e-8,down,4.928909024095589e-7,5.974609769710258e-7,2.47022151124355e-4,1.753615090825285e-6,3,down,"[-1.176, -0.555]",TRUE,FALSE,TRUE,TRUE,TRUE,TRUE,TRUE,TRUE
SYNJ1,3,-0.4916458707908852,0.09010480807973516,-5.456377759062758,4.85945541937865e-8,-0.6682480494610598,-0.3150436921207107,0,0,1.373094078990643e-7,-5.333506411123497,9.633416035520401e-8,2.3024315721024037e-7,down,8.823112319832029e-7,1.0450676728344734e-6,6.545034976807046e-5,3.948556545426498e-7,3,down,"[-0.668, -0.315]",TRUE,FALSE,TRUE,TRUE,TRUE,TRUE,TRUE,TRUE
GLRB,3,-0.6902691647829357,0.126529782428648,-5.455388854178963,4.886578962744797e-8,-0.9382629813147748,-0.4422753482510966,0,0,1.378879560371797e-7,-5.285769999626665,1.2517709184664638e-7,2.946561971030543e-7,down,1.0084527618950915e-6,1.1903989915597153e-6,2.8218758533748924e-4,5.474619982755023e-7,3,down,"[-0.938, -0.442]",TRUE,FALSE,TRUE,TRUE,TRUE,TRUE,TRUE,TRUE
PCDH11X,3,-0.630735175204645,0.11574726125432017,-5.4492449183639176,5.0584115047528705e-8,-0.857595638572261,-0.403874711837029,0,0,1.4254273723991105e-7,-5.4265303573817505,5.7460056102322074e-8,1.4121102340348034e-7,down,7.093787034455301e-7,8.470071565607537e-7,9.079057834926692e-5,1.0903951602034416e-6,3,down,"[-0.858, -0.404]",TRUE,FALSE,TRUE,TRUE,TRUE,TRUE,TRUE,TRUE
MAP3K11,3,0.4644808054024024,0.08529134320838576,5.445814169763657,5.1568953843359734e-8,0.2973128445209214,0.6316487662838834,0.00759306216856534,33.85817522345017,1.4512077377357948e-7,6.8561455727084875,7.074329019169446e-12,2.7712784653483694e-11,up,1.5895773311701565e-12,3.883137084625329e-12,2.3132035556088857e-4,2.495900336328528e-12,3,up,"[0.297, 0.632]",TRUE,FALSE,TRUE,TRUE,TRUE,TRUE,TRUE,TRUE
CKMT1B,3,-0.9581331138207932,0.17601232453548468,-5.44355695744266,5.2227023434725154e-8,-1.3031109307455186,-0.6131552968960675,0,0,1.4677350488295388e-7,-5.360125344517528,8.316422926462467e-8,2.0035265134891338e-7,down,7.753174763052498e-7,9.20439865974292e-7,2.812036062841845e-4,8.93217491884466e-7,3,down,"[-1.303, -0.613]",TRUE,FALSE,TRUE,TRUE,TRUE,TRUE,TRUE,TRUE
PSMA3,3,-0.3874316932681152,0.07118565960923343,-5.4425525505401335,5.2522458887988955e-8,-0.5269530223179403,-0.24791036421829005,0.00670653225886888,43.914749261639045,1.4740403211595277e-7,-7.521772133989445,5.4038707485840374e-14,2.8345409969168465e-13,down,9.573543239184496e-14,2.79262006723891e-13,7.742740747451315e-5,4.2951425856666144e-10,3,down,"[-0.527, -0.248]",TRUE,FALSE,TRUE,TRUE,TRUE,FALSE,TRUE,TRUE
PRR14,3,0.46948610279071273,0.08632338414621245,5.43868972972038,5.3673832287745577e-8,0.3002953788405205,0.638676826740905,0.00789450962246066,31.95602161984661,1.5043179481727612e-7,7.263334460021489,3.776625591279387e-13,1.7183588356261056e-12,up,2.2604239875924808e-15,8.082964397011733e-15,0.01261248228197639,5.582539041832865e-16,3,up,"[0.300, 0.639]",TRUE,FALSE,TRUE,TRUE,TRUE,TRUE,TRUE,TRUE
PARL,3,-0.3244892120494682,0.05967073549243379,-5.437995851259672,5.388322896736056e-8,-0.44144170454565435,-0.20753671955328204,0,0,1.508148675820591e-7,-5.418246427560351,6.018642308474683e-8,1.4766830372110888e-7,down,6.894906114151912e-7,8.261141121173347e-7,3.403237638157866e-5,7.706539388451063e-7,3,down,"[-0.441, -0.208]",TRUE,FALSE,TRUE,TRUE,TRUE,TRUE,TRUE,TRUE
DCLK1,3,-0.5873546095594783,0.10802604488591228,-5.437157401993113,5.4137310276703466e-8,-0.7990817669281736,-0.3756274521907829,0.00360610061055258,9.816766423910371,1.513218079701927e-7,-5.809138060460552,6.279529125217723e-9,1.736201772340571e-8,down,6.557816067778788e-8,8.826028893298639e-8,7.879870656540579e-4,1.278230824049517e-7,3,down,"[-0.799, -0.376]",TRUE,FALSE,TRUE,TRUE,TRUE,TRUE,TRUE,TRUE
AGFG2,3,0.5855462011541944,0.10774685693159496,5.434462014292806,5.496200359984558e-8,0.3743662421208784,0.7967261601875104,0.01552245941954567,43.95272948535815,1.534201823231221e-7,7.619780447899837,2.5410755082378348e-14,1.3952334416426896e-13,up,1.3872299277383094e-16,5.895727192887816e-16,1.3028227297183135e-4,1.293527870542561e-7,3,up,"[0.374, 0.797]",TRUE,FALSE,TRUE,TRUE,TRUE,FALSE,TRUE,TRUE
MSX1,4,0.7659418075922587,0.1409674005399528,5.433467629100364,5.5269313961856006e-8,0.4896507795397191,1.0422328356447983,0.01490405698220008,17.864801246407396,1.5407064133990508e-7,6.2112355933624315,5.25695876058469e-10,1.6580156500334482e-9,up,1.5620867794599366e-8,2.2655720144055305e-8,6.007004812280528e-5,5.7797278198010674e-8,4,up,"[0.490, 1.042]",TRUE,TRUE,TRUE,TRUE,TRUE,TRUE,TRUE,TRUE
NFATC4,4,0.5437376017925661,0.10014416102516448,5.429548724822153,5.649672732604659e-8,0.347458652921264,0.7400165506638683,0.00688292554787093,15.038682124260069,1.572808221130478e-7,6.244057410368395,4.2636338151232245e-10,1.360976939864107e-9,up,1.2794849867730108e-8,1.875372341036908e-8,3.180860451946162e-5,1.3637883726589478e-7,4,up,"[0.347, 0.740]",TRUE,TRUE,TRUE,TRUE,TRUE,TRUE,TRUE,TRUE
YWHAG,3,-0.5996903241164883,0.11056674431709132,-5.42378567642955,5.8349839886520586e-8,-0.8163971608658359,-0.3829834873671406,0,0,1.6222194091775292e-7,-5.181439038082338,2.2018055265526757e-7,5.022221642061246e-7,down,1.0716493776446373e-6,1.2606924612790573e-6,0.00123299114812677,6.879136733335819e-7,3,down,"[-0.816, -0.383]",TRUE,FALSE,TRUE,TRUE,TRUE,TRUE,TRUE,TRUE
M6PR,3,-0.3990167943345604,0.07358423147049567,-5.422585605104134,5.8743066446761175e-8,-0.5432392378467907,-0.25479435082233004,0,0,1.630965459311682e-7,-5.319979071919606,1.0377918932180064e-7,2.4703922891021485e-7,down,9.455624512940536e-7,1.1180709942895478e-6,6.104536392573232e-5,5.185195439747821e-7,3,down,"[-0.543, -0.255]",TRUE,FALSE,TRUE,TRUE,TRUE,TRUE,TRUE,TRUE
NEGR1,3,-0.7270059058429799,0.13410587842889143,-5.421133766544536,5.922222256864487e-8,-0.989848597678714,-0.46416321400724575,0,0,1.6420707166760625e-7,-5.292336680557511,1.2076330254866606e-7,2.850831106447284e-7,down,9.537731709535312e-7,1.1271370692636033e-6,3.4065182166351406e-4,5.962182758973393e-7,3,down,"[-0.990, -0.464]",TRUE,FALSE,TRUE,TRUE,TRUE,TRUE,TRUE,TRUE
HOMER1,3,-0.5565007229482964,0.10269989361391092,-5.418707881435598,6.003131003198877e-8,-0.7577888156476569,-0.355212630248936,0.00480323600879674,14.302990804249747,1.662282203021959e-7,-5.835943173545166,5.348712479536114e-9,1.4939228662631835e-8,down,2.3229389595719933e-8,3.2930795640138846e-8,2.1516316478536963e-4,2.2439161471754937e-7,3,down,"[-0.758, -0.355]",TRUE,FALSE,TRUE,TRUE,TRUE,TRUE,TRUE,TRUE
SYT4,3,-0.9687496112489524,0.17888119907165692,-5.415603295799057,6.108239560524806e-8,-1.3193503189407396,-0.6181489035571652,0,0,1.6891318464704598e-7,-5.368462791196968,7.94105697106176e-8,1.9177814647501312e-7,down,1.1133147508105035e-6,1.308223678856082e-6,6.539146688432939e-5,1.858393207880884e-6,3,down,"[-1.319, -0.618]",TRUE,FALSE,TRUE,TRUE,TRUE,TRUE,TRUE,TRUE
PRR13,3,-0.46061818771807367,0.08524829377988191,-5.403254039399634,6.54426716965532e-8,-0.6277017732701321,-0.29353460216601523,0.01110941560109432,50.89862320511556,1.8056815850179438e-7,-8.119339819199965,4.687263770233245e-16,3.30319226723631e-15,down,1.4171339202385012e-14,4.614027865894271e-14,0.00161065251480168,2.0839117882800788e-10,3,down,"[-0.628, -0.294]",TRUE,FALSE,TRUE,TRUE,TRUE,FALSE,TRUE,TRUE
GCNT1,3,-0.5894969138355491,0.1091019287922354,-5.403175914131984,6.547119343941629e-8,-0.803332764912184,-0.37566106275891425,0.01258540441445213,34.322997255922296,1.8056815850179438e-7,-6.80074178935337,1.0408182553417609e-11,4.00306386713867e-11,down,3.7646693377490695e-11,7.543888122214077e-11,9.159199339412024e-5,1.131759426349539e-6,3,down,"[-0.803, -0.376]",TRUE,FALSE,TRUE,TRUE,TRUE,TRUE,TRUE,TRUE
TMEM150A,3,0.466256325311548,0.08651721217770088,5.38917417211603,7.078218254044719e-8,0.29668570540044414,0.6358269452226519,0.01123583780635705,50.23338657600709,1.9495650277408693e-7,7.751116946182659,9.108774918008456e-15,5.3462999669364744e-14,up,1.9300193880960445e-14,6.101921053218289e-14,1.1674022595053218e-4,2.790714920609614e-7,3,up,"[0.297, 0.636]",TRUE,FALSE,TRUE,TRUE,TRUE,FALSE,TRUE,TRUE
DGKI,3,-0.589169328743489,0.1095578615477124,-5.377700152415864,7.544332311149806e-8,-0.8038987916002309,-0.3744398658867471,0.0150648188049073,41.79931950804764,2.075191672854735e-7,-7.09685406528235,1.2762870049542556e-12,5.461046392040309e-12,down,9.800380854534904e-13,2.472748162080948e-12,1.3675358369683835e-4,5.975654732427358e-6,3,down,"[-0.804, -0.374]",TRUE,FALSE,TRUE,TRUE,TRUE,FALSE,TRUE,TRUE
SZRD1,4,0.427792999453924,0.07959705489356501,5.374482762282562,7.680283003049416e-8,0.27178563858707894,0.5838003603207691,0.008664153503943,34.14999330119654,2.1097889997780777e-7,6.956229253610907,3.4950095810199025e-12,1.4144509363186428e-11,up,3.0577154418996266e-11,6.217354731862574e-11,0.00107069847576194,5.5942572578479395e-12,4,up,"[0.272, 0.584]",TRUE,TRUE,TRUE,TRUE,TRUE,TRUE,TRUE,TRUE
ZFP37,3,-0.6512969801205517,0.12138382088132034,-5.365599594672005,8.068074568924649e-8,-0.8892048973538005,-0.4133890628873029,0.0206116527511781,45.86015206526936,2.2133844783002278e-7,-7.846280701496229,4.2855713398546e-15,2.6314724474524382e-14,down,4.142088602907819e-17,1.8634906209177474e-16,5.727681484624552e-4,1.5532506842024636e-17,3,down,"[-0.889, -0.413]",TRUE,FALSE,TRUE,TRUE,TRUE,FALSE,TRUE,TRUE
ZC3H15,3,-0.44951280138005184,0.0838174671759983,-5.362996718048918,8.185249400198256e-8,-0.6137920183203767,-0.285233584439727,5.627024045116066e-5,0.2527381729224285,2.242563706210196e-7,-5.332344051074809,9.695302261772409e-8,2.3168483207776654e-7,down,6.207745344543639e-7,7.459364915749425e-7,6.578227433122687e-4,8.618335594806769e-7,3,down,"[-0.614, -0.285]",TRUE,FALSE,TRUE,TRUE,TRUE,TRUE,TRUE,TRUE
SLIT2,4,-0.4921114414438466,0.09181857510667234,-5.3596066032621925,8.340336781709289e-8,-0.6720725417647103,-0.3121503411229829,0,0,2.2820393780033065e-7,-5.523748374150885,3.3184262278266455e-8,8.415251287847031e-8,down,1.7715622227538708e-6,2.042368010000849e-6,4.487286513125677e-6,2.089016405251678e-6,4,down,"[-0.672, -0.312]",TRUE,TRUE,TRUE,TRUE,TRUE,TRUE,TRUE,TRUE
ATP6V1A,3,-0.6496320266595033,0.1212646109729737,-5.357144359324148,8.454756748262267e-8,-0.8873062967657923,-0.4119577565532142,0,0,2.3102984843077658e-7,-5.145107658737699,2.673674343273557e-7,6.031567925225325e-7,down,1.6510427640008183e-6,1.915135734081486e-6,0.00100326646521813,1.0606184077111744e-6,3,down,"[-0.887, -0.412]",TRUE,FALSE,TRUE,TRUE,TRUE,TRUE,TRUE,TRUE
RTN1,3,-0.6404651853270875,0.11972837377583134,-5.349318337240904,8.828613004091063e-8,-0.8751284858552668,-0.4058018847989082,0,0,2.409282022432219e-7,-5.1810771752989995,2.2060818621100845e-7,5.031199954414488e-7,down,9.800459292603877e-7,1.1575257729419386e-6,0.00130245906767084,1.4216670900429195e-6,3,down,"[-0.875, -0.406]",TRUE,FALSE,TRUE,TRUE,TRUE,TRUE,TRUE,TRUE
DCAF8,3,-0.31109512528470507,0.05816392193441219,-5.348592648816006,8.864079661985079e-8,-0.4250943174757522,-0.19709593309365792,0,0,2.413025841471214e-7,-5.306726608145715,1.1161138392057613e-7,2.6464991584068797e-7,down,1.405559590316037e-6,1.6386343959052618e-6,7.185818790746323e-5,1.6326593392941356e-6,3,down,"[-0.425, -0.197]",TRUE,FALSE,TRUE,TRUE,TRUE,TRUE,TRUE,TRUE
PALLD,3,0.5198852178536034,0.09720094088190352,5.3485615791029195,8.865601211191248e-8,0.3293748744616656,0.7103955612455413,0,0,2.413025841471214e-7,5.377712805722195,7.543802275400908e-8,1.8293102173398394e-7,up,7.612786075205898e-7,9.063672973580386e-7,1.0638436344693432e-4,1.7785182852990517e-5,3,up,"[0.329, 0.710]",TRUE,FALSE,TRUE,TRUE,TRUE,TRUE,TRUE,TRUE
MRC2,3,0.4537461803023085,0.08489399235813881,5.344856187091638,9.048886939536316e-8,0.2873570127765379,0.6201353478280791,0,0,2.459684339790081e-7,5.241100251099655,1.596219599697198e-7,3.7066374126720483e-7,up,1.7280712940275994e-6,1.9977814179560986e-6,1.281319108860227e-4,1.2148027507817945e-6,3,up,"[0.287, 0.620]",TRUE,FALSE,TRUE,TRUE,TRUE,TRUE,TRUE,TRUE
LPIN3,3,0.6260815363557859,0.11714922905719534,5.344307780720575,9.076323398048603e-8,0.39647326658704984,0.855689806124522,0.01534146948204622,37.00609448906088,2.463912922454555e-7,6.875760570333139,6.165998784350178e-12,2.4302545701600807e-11,up,1.9063515704019452e-11,3.9696517640699136e-11,2.240659070488869e-4,1.7954594265991506e-10,3,up,"[0.396, 0.856]",TRUE,FALSE,TRUE,TRUE,TRUE,TRUE,TRUE,TRUE
IGF1R,3,0.34586770984981013,0.06483868258808997,5.3342803407505,9.592422824310661e-8,0.2187862271721295,0.4729491925274908,0,0,2.600612410146446e-7,5.264692109136015,1.4042449315615992e-7,3.2835268775939257e-7,up,1.725091875030203e-6,1.9958298531007446e-6,5.1566917170728505e-5,1.4630267064634968e-6,3,up,"[0.219, 0.473]",TRUE,FALSE,TRUE,TRUE,TRUE,TRUE,TRUE,TRUE
PGM2L1,3,-0.7255327845779915,0.13603065694571764,-5.33359759386821,9.628577503773436e-8,-0.9921479729849214,-0.4589175961710617,0.00806591126745981,13.70658039222498,2.607006493841528e-7,-5.93761305598945,2.892016114392742e-9,8.34218064822493e-9,down,4.9110834197807765e-8,6.701044087253507e-8,0.00546652345668692,3.6221686101873633e-7,3,down,"[-0.992, -0.459]",TRUE,FALSE,TRUE,TRUE,TRUE,TRUE,TRUE,TRUE
MAP1B,3,-0.46518563682118086,0.087330217975391,-5.326743109152282,9.998942207030473e-8,-0.6363497188149796,-0.29402155482738207,0,0,2.7037556893586964e-7,-5.323011730145366,1.0206316090736332e-7,2.431108335171849e-7,down,1.4605548082897177e-6,1.699882532207e-6,1.0049422158647765e-4,3.80563662566538e-6,3,down,"[-0.636, -0.294]",TRUE,FALSE,TRUE,TRUE,TRUE,TRUE,TRUE,TRUE
GALNS,3,0.34845508044060863,0.06543890496860609,5.324891677325252,1.0101321773535709e-7,0.2201971835144015,0.4767129773668157,0.00504419433331504,39.0623438728224,2.7278829893636794e-7,6.891620859405184,5.516022812478683e-12,2.188066758975186e-11,up,8.23693737330228e-12,1.8039501702459272e-11,8.097134409069308e-5,4.839731752366526e-7,3,up,"[0.220, 0.477]",TRUE,FALSE,TRUE,TRUE,TRUE,TRUE,TRUE,TRUE
TFCP2L1,3,0.7403930706706957,0.1392223387484102,5.318062297521563,1.0487816289980872e-7,0.46752230088037655,1.0132638404610148,0,0,2.8285736001846986e-7,5.4518661309043734,4.984397312732666e-8,1.2354089318019704e-7,up,7.71725342412438e-7,9.172254212970752e-7,2.0661124337478215e-4,3.001246324118631e-6,3,up,"[0.468, 1.013]",TRUE,FALSE,TRUE,TRUE,TRUE,TRUE,TRUE,TRUE
EVI2B,3,0.6858155538259373,0.1290928728215717,5.312574883772639,1.0808698716701512e-7,0.4327981724348472,0.9388329352170274,0,0,2.911330017979083e-7,5.249699157631502,1.5234781039470518e-07,3.546072087110117e-7,up,1.0437999800869064e-6,1.2293249055651584e-6,0.01480901952565474,1.3156336784125105e-6,3,up,"[0.433, 0.939]",TRUE,FALSE,TRUE,TRUE,TRUE,TRUE,TRUE,TRUE
ALG5,3,-0.5365266100711704,0.10104831698444618,-5.309604613738941,1.098633091349721e-7,-0.734577672059072,-0.3384755480832689,0,0,2.955337265187188e-7,-5.32527799014475,1.0079876216479723e-7,2.404087858661207e-7,down,1.1141052007276554e-6,1.3084112040255705e-6,3.1729628105393274e-4,1.1097062888147488e-6,3,down,"[-0.735, -0.338]",TRUE,FALSE,TRUE,TRUE,TRUE,TRUE,TRUE,TRUE
HMG20A,3,-0.3216952754620568,0.06061528491463992,-5.3071642889260815,1.1134381578188394e-7,-0.44049905080738505,-0.20289150011672852,0,0,2.9912833410832545e-7,-5.178662797788221,2.234820012670825e-7,5.091986437877347e-7,down,1.7585352443362064e-6,2.029606063858259e-6,5.973820664298254e-4,1.3519227978298773e-6,3,down,"[-0.440, -0.203]",TRUE,FALSE,TRUE,TRUE,TRUE,TRUE,TRUE,TRUE
STEAP2,3,-0.6438260364436517,0.12133623705105193,-5.306131557160153,1.1197615569894573e-7,-0.8816406910833279,-0.40601138180397545,0.01669862902461872,37.79847506687277,3.004379649671584e-7,-6.723883532441997,1.7694388564769346e-11,6.654853690568729e-11,down,9.38977867882724e-11,1.7817384245093958e-10,0.00246589502078818,4.764891514627902e-11,3,down,"[-0.882, -0.406]",TRUE,FALSE,TRUE,TRUE,TRUE,TRUE,TRUE,TRUE
PLEKHH3,3,0.5868283600331337,0.11069105223843774,5.301497710664603,1.148564887863429e-7,0.369877884234954,0.8037788358313134,0.02373419651187063,67.00794514243563,3.077679040605622e-7,9.25991572569354,2.0459362915452774e-20,5.237958060705058e-18,up,2.252320260503612e-24,2.865835717965946e-23,1.3341253554498451e-4,1.1779431873890158e-21,3,up,"[0.370, 0.804]",TRUE,FALSE,TRUE,TRUE,TRUE,FALSE,TRUE,TRUE
WWC2,3,0.3146051404877389,0.0593879131350916,5.2974607774497215,1.174241174292689e-7,0.19820696962596615,0.4310033113495117,0,0,3.142420897397467e-7,5.334204248151482,9.596445771226684e-8,2.294336929820351e-7,up,1.2721302590927391e-6,1.4864214971032908e-6,9.51335001978943e-5,2.2099319936153742e-6,3,up,"[0.198, 0.431]",TRUE,FALSE,TRUE,TRUE,TRUE,TRUE,TRUE,TRUE
PMEPA1,3,0.31434215829163065,0.05950184885488661,5.2828973274133,1.2715666256181204e-7,0.19772067752250705,0.43096363906075424,0,0,3.398491213314409e-7,5.12034351865149,3.0497959374584245e-7,6.827997806400034e-7,up,1.7531576513452009e-6,2.024526151943177e-6,0.0014730377420779,1.4638039774772467e-6,3,up,"[0.198, 0.431]",TRUE,FALSE,TRUE,TRUE,TRUE,TRUE,TRUE,TRUE
TMEM178B,4,-0.4686089460100108,0.08871396413704628,-5.282245591980296,1.2760997326531637e-7,-0.6424851206443994,-0.29473277137562215,0.00833108130587651,26.087948886767883,3.40621730440497e-7,-6.399832187092519,1.5554781449341576e-10,5.215011949199016e-10,down,3.453738444398412e-9,5.4142505923524615e-9,9.08187240939628e-4,3.169536268605472e-8,4,down,"[-0.642, -0.295]",TRUE,TRUE,TRUE,TRUE,TRUE,TRUE,TRUE,TRUE
MROH6,3,0.7307313646710015,0.13842874766743432,5.278754427704093,1.300649762206909e-7,0.4594160048178473,1.0020467245241558,0.02844148498581607,51.19676342404886,3.467284841667262e-7,7.995025835698222,1.2954669910924482e-15,8.550891446782461e-15,up,1.8780170982365665e-14,5.973937824758647e-14,0.01200685524464903,2.0548633102835177e-12,3,up,"[0.459, 1.002]",TRUE,FALSE,TRUE,TRUE,TRUE,FALSE,TRUE,TRUE
ACADSB,4,-0.5271063018022054,0.0998705579322652,-5.277894834228348,1.3067642069723937e-7,-0.7228489984653662,-0.3313636051390446,0.02292210932700864,58.88218292507719,3.4791129207455e-7,-8.388938369908384,4.905517649043359e-17,1.6219673066919e-15,down,5.863019193361344e-16,2.298658186584391e-15,1.1519063546839787e-4,1.2354514132377653e-12,4,down,"[-0.723, -0.331]",TRUE,TRUE,TRUE,TRUE,TRUE,FALSE,TRUE,TRUE
FGF9,3,-1.087006157101043,0.2059944996576439,-5.2768698140368375,1.3140917164547258e-7,-1.4907479574433735,-0.6832643567587124,0.0656964559607983,51.20063081683333,3.494136179393719e-7,-7.86681762894103,3.6377634641181146e-15,2.254285595359663e-14,down,5.3098186062133084e-14,1.5937140071326196e-13,8.612341683036195e-4,9.65106398405183e-10,3,down,"[-1.491, -0.683]",TRUE,FALSE,TRUE,TRUE,TRUE,FALSE,TRUE,TRUE
RIOK3,3,-0.38258075402440506,0.07253719499420261,-5.274270035600109,1.3328553209710448e-7,-0.5247510437526013,-0.24041046429620885,0,0,3.539490314588921e-7,-5.118319030282843,3.082708330182444e-7,6.897192877629276e-7,down,2.2027436491178773e-6,2.5226340851852445e-6,9.183710584244236e-4,1.7833816930561269e-6,3,down,"[-0.525, -0.240]",TRUE,FALSE,TRUE,TRUE,TRUE,TRUE,TRUE,TRUE
LGALS9,3,0.4609485212818528,0.08740781164008972,5.273539202421104,1.338176526470227e-7,0.28963235849981606,0.6322646840638896,0,0,3.5490768745514714e-7,5.240618978624175,1.600388607665514e-7,3.715151959288807e-7,up,2.031126214333888e-6,2.333825910542096e-6,5.839701060630962e-5,1.9277252278926405e-6,3,up,"[0.290, 0.632]",TRUE,FALSE,TRUE,TRUE,TRUE,TRUE,TRUE,TRUE
TRAPPC11,3,-0.4234689534599633,0.08033244154314016,-5.271456279995571,1.3534553050896533e-7,-0.5809176456746873,-0.26602026124523936,0.01083804932798939,57.30308909529442,3.585014435192773e-7,-8.31461195131712,9.20529709740124e-17,1.6219673066919e-15,down,3.1098376073081455e-21,2.621871218519144e-20,5.369054791007132e-5,8.000686142121138e-14,3,down,"[-0.581, -0.266]",TRUE,FALSE,TRUE,TRUE,TRUE,FALSE,TRUE,TRUE
EPHA7,3,-0.5216226570294559,0.09896851034451518,-5.270592183449633,1.359843080888119e-7,-0.7155973729082854,-0.32764794115062634,0,0,3.597339986941273e-7,-5.398377882744352,6.724611526047073e-8,1.6406144432341793e-7,down,1.185803953026362e-6,1.3894674568229805e-6,1.3786902519339762e-4,9.517264817962303e-6,3,down,"[-0.716, -0.328]",TRUE,FALSE,TRUE,TRUE,TRUE,TRUE,TRUE,TRUE
EEF1D,3,0.4113565725690207,0.07806274024008628,5.269563575450603,1.3674850207673178e-7,0.258356413163946,0.5643567319740954,0,0,3.612947685441296e-7,5.2231418720812,1.7591250688132214e-7,4.061335729340592e-7,up,2.1558734783631706e-6,2.4730539790515573e-6,1.8764021845197104e-4,3.439044369900849e-6,3,up,"[0.258, 0.564]",TRUE,FALSE,TRUE,TRUE,TRUE,TRUE,TRUE,TRUE
RIN2,4,0.3615611461901004,0.0687633102150254,5.258053241757638,1.455883738182157e-7,0.2267875347108954,0.49633475766930535,0,0,3.841606708638415e-7,5.259465372177429,1.4447483151770264e-7,3.37077556436886e-7,up,4.914212097101084e-6,5.453224124873006e-6,7.354310646866453e-5,1.929937976855034e-6,4,up,"[0.227, 0.496]",TRUE,TRUE,TRUE,TRUE,TRUE,TRUE,TRUE,TRUE
MTR,4,-0.340555401833864,0.06478565177587176,-5.256648540204973,1.467042914585726e-7,-0.467532946029526,-0.213577857638202,0.00198324171920106,10.975780372269332,3.8661334242068563e-7,-5.826634903370369,5.65561524623549e-9,1.5745880053136715e-8,down,2.550040327397383e-7,3.1898574421122873e-7,1.995978040726056e-4,1.3598324747289031e-6,4,down,"[-0.468, -0.214]",TRUE,TRUE,TRUE,TRUE,TRUE,TRUE,TRUE,TRUE
RTEL1,3,0.6328278047066183,0.12059728785170988,5.247446405965304,1.542218927474043e-7,0.3964614638840571,0.8691941455291794,0,0,4.0590889030217827e-7,5.198931709207342,2.0043714245192969e-7,4.598830791296639e-7,up,2.6469816224951253e-6,3.0114316429264345e-6,7.741955962306608e-5,2.8931013302217535e-6,3,up,"[0.396, 0.869]",TRUE,FALSE,TRUE,TRUE,TRUE,TRUE,TRUE,TRUE
PDCD5,4,-0.3616634374018908,0.06897341732609148,-5.243519190763362,1.5754241450091153e-7,-0.4968488512516811,-0.2264780235521006,0.005900043521451,30.85725763663004,4.141228994612047e-7,-6.401331371996772,1.5402786632871571e-10,5.166395008467942e-10,down,2.000550332690064e-9,3.241516710936869e-9,5.488652349116428e-5,1.2129128155510354e-8,4,down,"[-0.497, -0.226]",TRUE,TRUE,TRUE,TRUE,TRUE,TRUE,TRUE,TRUE
UBE2V2,3,-0.6328829322120384,0.12074558119343766,-5.241458328799155,1.5931245781635077e-7,-0.8695399226435331,-0.3962259417805437,0.02714113181487359,65.37044696217221,4.182456171026727e-7,-9.049058704469523,1.4420603974514204e-19,2.3967367864158887e-17,down,6.191364560593124e-24,7.509292455362654e-23,1.2656238522415547e-5,1.3532872398835722e-8,3,down,"[-0.870, -0.396]",TRUE,FALSE,TRUE,TRUE,TRUE,FALSE,TRUE,TRUE
FAM133A,4,-0.478887378288283,0.0914137458746248,-5.2386801755731955,1.6172903277153117e-7,-0.6580550278944446,-0.29971972868212143,0.00815926213388276,23.975275296374512,4.240531150039894e-7,-5.9848058549295455,2.1664812065780113e-9,6.355928204621568e-9,down,5.0214470833253485e-9,7.720149185186636e-9,2.59371586576472e-4,5.741962789953324e-10,4,down,"[-0.658, -0.300]",TRUE,TRUE,TRUE,TRUE,TRUE,TRUE,TRUE,TRUE
PTRH2,3,-0.36262590865725264,0.06927007511819387,-5.234957635580916,1.650227097598168e-7,-0.49839276109529673,-0.22685905621920857,0.00684434772628098,47.25847661570103,4.320559616501618e-7,-7.354429397790975,1.9174441934913226e-13,9.16408223267323e-13,down,9.211548840229358e-13,2.34414138584487e-12,4.7755826792392447e-4,9.256240962518344e-8,3,down,"[-0.498, -0.227]",TRUE,FALSE,TRUE,TRUE,TRUE,FALSE,TRUE,TRUE
THOC3,3,-0.5406911861647229,0.10328859619202638,-5.234761688110376,1.6519786768976774e-7,-0.7431331147147955,-0.33824925761465024,0,0,4.320559616501618e-7,-4.988410715561375,6.087803540344621e-7,1.3067884192247517e-6,down,3.2482934615577045e-6,3.6554317087741072e-6,0.00168355127874682,1.5221931608948505e-6,3,down,"[-0.743, -0.338]",TRUE,FALSE,TRUE,TRUE,TRUE,TRUE,TRUE,TRUE
CDH7,3,-0.7556501383361324,0.14438279985179728,-5.233657604034377,1.661881762942774e-7,-1.03863522603271,-0.47266505063955466,0,0,4.340985864412233e-7,-5.155664783738361,2.527326729216741e-7,5.71886446054368e-7,down,2.228124773482458e-6,2.550292925056632e-6,3.684017625765936e-4,1.868308847159528e-6,3,down,"[-1.039, -0.473]",TRUE,FALSE,TRUE,TRUE,TRUE,TRUE,TRUE,TRUE
ORAI2,3,0.5882659697992367,0.1124911940541148,5.2294401774795505,1.7002410653100752e-7,0.36778728087526547,0.808744658723208,0,0,4.4355974458529506e-7,5.272178778162172,1.348136575613721e-7,3.158820881748481e-7,up,1.3095430857719003e-6,1.5292749774160593e-6,0.01399583864374004,2.231576360323437e-6,3,up,"[0.368, 0.809]",TRUE,FALSE,TRUE,TRUE,TRUE,TRUE,TRUE,TRUE
S1PR3,3,0.5582294786725697,0.10676606320941522,5.228529196376156,1.7086385452735084e-7,0.34897184001098897,0.7674871173341504,0,0,4.451904953388513e-7,5.146756237335027,2.650293597876478e-7,5.980647276855661e-7,up,1.7364784296171944e-6,2.0063823192345742e-6,8.070756407999347e-4,4.61616500448423e-6,3,up,"[0.349, 0.767]",TRUE,FALSE,TRUE,TRUE,TRUE,TRUE,TRUE,TRUE
UNC119B,3,0.41174633775037567,0.0787838680575716,5.226277255763712,1.7295695168552757e-7,0.2573327937947798,0.5661598817059715,0,0,4.50078692341009e-7,5.150550846190967,2.597225057477203e-7,5.868054536459872e-7,up,2.3877159538273053e-6,2.7269399164305236e-6,3.397059627767062e-4,2.0232765414155384e-6,3,up,"[0.257, 0.566]",TRUE,FALSE,TRUE,TRUE,TRUE,TRUE,TRUE,TRUE
REEP5,3,-0.5677112304190307,0.10867402772758612,-5.223982604584383,1.7511523775973165e-7,-0.7807084108200066,-0.3547140500180548,0.02131289742415083,62.108481353597085,4.551240640522348e-7,-8.818814176359338,1.1567822861046651e-18,1.1307114783338383e-16,down,5.509655666766722e-21,4.42907978793573e-20,2.8134557415504324e-5,1.295133098660783e-7,3,down,"[-0.781, -0.355]",TRUE,FALSE,TRUE,TRUE,TRUE,FALSE,TRUE,TRUE
ZNF106,3,0.3059272516882162,0.05857942781584108,5.222434958736269,1.765855897312823e-7,0.1911136829342039,0.42074082044222855,0,0,4.5837110525992427e-7,5.077481260856869,3.824712152261477e-7,8.455004799799851e-7,up,2.47592497498816e-6,2.8230172612014534e-6,0.00152319460674159,2.039455844037811e-6,3,up,"[0.191, 0.421]",TRUE,FALSE,TRUE,TRUE,TRUE,TRUE,TRUE,TRUE
CLIP2,3,0.6136623432370566,0.1176212395514966,5.217274920558753,1.815746596660052e-7,0.38312894989916513,0.8441957365749481,0.02855059319514042,73.03782697575241,4.707323051841184e-7,9.267014079087051,1.914297676961102e-20,5.237958060705058e-18,up,3.766786582155652e-36,1.8600750884263862e-34,3.216566797900593e-5,1.923881374206531e-14,3,up,"[0.383, 0.844]",TRUE,FALSE,TRUE,TRUE,TRUE,FALSE,TRUE,TRUE
WDR7,3,-0.3673191217249586,0.0704229731258032,-5.215899094018394,1.8292774300258226e-7,-0.505345612735765,-0.22929263071415223,0,0,4.736481135922042e-7,-5.1121351542787705,3.185377877536297e-7,7.115389544626533e-7,down,2.9757807105005093e-6,3.36485468395167e-6,4.7475996951764976e-4,4.030174341831884e-6,3,down,"[-0.505, -0.229]",TRUE,FALSE,TRUE,TRUE,TRUE,TRUE,TRUE,TRUE
TM2D2,3,-0.4763699145519783,0.09136701342326642,-5.213806347649224,1.8500460228251293e-7,-0.6554459702365681,-0.29729385886738846,0.01674981609842868,67.68198415467242,4.784283605161244e-7,-9.587498432017778,9.024649935582463e-22,5.339704873885432e-19,down,1.482345370769911e-20,1.0902071982187217e-19,4.56138808878817e-4,4.988095824992748e-14,3,down,"[-0.655, -0.297]",TRUE,FALSE,TRUE,TRUE,TRUE,FALSE,TRUE,TRUE
TCAP,3,0.6766922433516469,0.13002537072574286,5.204309278832713,1.947194846325453e-7,0.4218471996527222,0.9315372870505716,0.01523009732212676,29.354657701508344,5.029242977931493e-7,6.444706936524003,1.1582400253731979e-10,3.9485334075409866e-10,up,2.1115041056608875e-9,3.4106382516671966e-9,0.00733372471170187,8.841030408569813e-8,3,up,"[0.422, 0.932]",TRUE,FALSE,TRUE,TRUE,TRUE,TRUE,TRUE,TRUE
RTF1,3,-0.3767610889428123,0.07245547532642008,-5.199898106326144,1.993978064041762e-7,-0.5187712110653262,-0.2347509668202985,0,0,5.137280130214428e-7,-5.260424097771333,1.43723523421693e-7,3.353775608855787e-7,down,1.4433388385753963e-6,1.6817330062951529e-6,4.981567149446006e-4,8.155333343056049e-5,3,down,"[-0.519, -0.235]",TRUE,FALSE,TRUE,TRUE,TRUE,TRUE,TRUE,TRUE
ARHGEF16,3,0.7292612760457855,0.14026396146967965,5.199206327873659,2.0014126557106908e-7,0.4543489632362996,1.0041735888552714,0,0,5.150037032188551e-7,5.0805457931311855,3.763519950870611e-7,8.327597174761118e-7,up,3.6831225688350793e-6,4.124619982593928e-6,4.537645464558239e-4,3.9815486769682585e-6,3,up,"[0.454, 1.004]",TRUE,FALSE,TRUE,TRUE,TRUE,TRUE,TRUE,TRUE
TOP3B,3,0.5418461539367946,0.10424015085067675,5.198056118634988,2.013833378963943e-7,0.33753921252644586,0.7461530953471434,0.01746495727658874,53.5899124140107,5.175576738502129e-7,7.6494729383134334,2.0180473869764462e-14,1.1281540796733029e-13,up,9.671096435332665e-14,2.809223250263298e-13,2.291775529813656e-4,2.680513044048982e-7,3,up,"[0.338, 0.746]",TRUE,FALSE,TRUE,TRUE,TRUE,FALSE,TRUE,TRUE
RHBDF1,3,0.5312400373483238,0.10220652965565905,5.197711331537318,2.0175711096423547e-7,0.3309189202384072,0.7315611544582404,0.0123623302898591,39.58712490555397,5.178765447275053e-7,6.923537523669234,4.4050239267815855e-12,1.7648730748903906e-11,up,2.745654044291233e-12,6.456333886462604e-12,1.4807238796681364e-4,1.950912320607551e-11,3,up,"[0.331, 0.732]",TRUE,FALSE,TRUE,TRUE,TRUE,TRUE,TRUE,TRUE
LOC730098,3,-0.3900980623060377,0.07511987885341853,-5.193007074295691,2.0692431864891802e-7,-0.53733031938175,-0.24286580523032544,0,0,5.30483358316262e-7,-5.194830153909486,2.049068276002094e-7,4.692648697727663e-7,down,2.620970849401356e-6,2.985114520405498e-6,8.123854713238302e-5,2.616304957539735e-6,3,down,"[-0.537, -0.243]",TRUE,FALSE,TRUE,TRUE,TRUE,TRUE,TRUE,TRUE
FLRT3,3,-0.6695106319782785,0.12900434380243656,-5.18983014249194,2.1048599893590427e-7,-0.922354499680277,-0.41666676427628,0,0,5.389481009790931e-7,-5.277408791249926,1.3102338163223558e-7,3.077322739129929e-7,down,1.6672029050835697e-6,1.932799790465804e-6,1.0268587088786024e-4,1.5261421195783382e-5,3,down,"[-0.922, -0.417]",TRUE,FALSE,TRUE,TRUE,TRUE,TRUE,TRUE,TRUE
BPGM,3,-0.4536469435318151,0.0874400430077906,-5.188091495922489,2.1246021670967147e-7,-0.6250262786337181,-0.28226760842991216,0,0,5.43332292793907e-7,-5.19584042570326,2.037970214936335e-7,4.668678243663972e-7,down,3.386828299717912e-6,3.803076282411992e-6,3.90441629691423e-5,1.3990317966925948e-5,3,down,"[-0.625, -0.282]",TRUE,FALSE,TRUE,TRUE,TRUE,TRUE,TRUE,TRUE
TIGD5,4,0.46692263312874577,0.09002177261712015,5.186774483042644,2.139675721781558e-7,0.29048320097473623,0.6433620652827553,0.01822437854027381,58.90007798552945,5.465132323860776e-7,8.286247488384447,1.168774517351637e-16,1.6219673066919e-15,up,6.042369656401088e-17,2.6777509973025343e-16,3.700543076723409e-5,9.936390951205176e-9,4,up,"[0.290, 0.643]",TRUE,TRUE,TRUE,TRUE,TRUE,FALSE,TRUE,TRUE
RFK,3,-0.733701586449474,0.14174428168877656,-5.176234114759136,2.264093245087655e-7,-1.0115152735739763,-0.4558878993249717,0.03570045304734054,59.98980917754916,5.775804908132591e-7,-8.38891035285587,4.906686694216411e-17,1.6219673066919e-15,down,2.7924018466548604e-17,1.2927324620451296e-16,2.124185889836311e-4,1.1449275592261772e-8,3,down,"[-1.012, -0.456]",TRUE,FALSE,TRUE,TRUE,TRUE,FALSE,TRUE,TRUE
PREP,3,-0.39177204403752336,0.07570645067408094,-5.174883256964673,2.280535297057617e-7,-0.5401539607560801,-0.24339012731896664,0,0,5.810602218792993e-7,-5.241823381449639,1.589975243129102e-7,3.693876833102823e-7,down,1.7254208903614442e-6,1.9958298531007446e-6,0.00145968819847002,1.8737902773990744e-6,3,down,"[-0.540, -0.243]",TRUE,FALSE,TRUE,TRUE,TRUE,TRUE,TRUE,TRUE
NELL2,3,-0.6537685197302914,0.12659870372525342,-5.164101215041748,2.415969491462932e-7,-0.9018974195212448,-0.40563961993933795,0,0,6.14812358931794e-7,-5.147010901485418,2.6466995127655825e-7,5.974359712014115e-7,down,3.313535106614042e-6,3.7248085697113946e-6,1.0853703955149907e-4,3.892187571763605e-6,3,down,"[-0.902, -0.406]",TRUE,FALSE,TRUE,TRUE,TRUE,TRUE,TRUE,TRUE
EIF5A2,3,-0.6108359397913689,0.1183253318574296,-5.1623429252441575,2.4387799277129836e-7,-0.8427493286906808,-0.37892255089205695,0.02001564683547516,49.20138412130464,6.198565649603833e-7,-7.58953934361095,3.2104478469728544e-14,1.739521778477013e-13,down,2.6902516387228313e-14,8.340182210330569e-14,1.318588577027127e-4,9.305012122895284e-13,3,down,"[-0.843, -0.379]",TRUE,FALSE,TRUE,TRUE,TRUE,FALSE,TRUE,TRUE
AHNAK,3,0.5594877440122563,0.1084532589853544,5.1587914392485885,2.485489870688175e-7,0.34692326239496674,0.7720522256295459,0,0,6.309554457536443e-7,5.188593468663144,2.118884011807989e-7,4.842789292747802e-7,up,2.656355779238191e-6,3.020439630559215e-6,2.3171881547610776e-4,4.47087552324855e-6,3,up,"[0.347, 0.772]",TRUE,FALSE,TRUE,TRUE,TRUE,TRUE,TRUE,TRUE
C15ORF39,3,0.5665632267507787,0.10982980456073856,5.158556268189073,2.488613214854576e-7,0.3513007653826582,0.7818256881188993,0.01822764780387013,50.50675933324971,6.309760156000478e-7,7.410196364788897,1.261125443147529e-13,6.201651447818567e-13,up,1.1052132698131619e-13,3.183628224434024e-13,0.00336589937090252,3.314547448012199e-7,3,up,"[0.351, 0.782]",TRUE,FALSE,TRUE,TRUE,TRUE,FALSE,TRUE,TRUE
LDHA,3,-0.5923418641977873,0.11487001936276202,-5.156627181607403,2.51437722814829e-7,-0.8174829650522195,-0.3672007633433552,0.01941885184837926,49.34584182539979,6.367115740633335e-7,-7.40515240217862,1.3099993711499737e-13,6.424904077602921e-13,down,7.17365499906287e-13,1.8551322279372057e-12,4.7596858627949615e-4,3.6530500922479535e-11,3,down,"[-0.817, -0.367]",TRUE,FALSE,TRUE,TRUE,TRUE,FALSE,TRUE,TRUE
PODN,3,0.5474844034391134,0.10617562239887857,5.156403994340004,2.517374593693026e-7,0.3393840075011872,0.7555847993770397,0.00463713219605323,11.904295440870998,6.367115740633335e-7,5.702873212996599,1.1780460767313164e-8,3.1654237178945755e-8,up,1.1056284008930917e-7,1.4503942463328726e-7,0.0328385804334524,1.2126360075678762e-7,3,up,"[0.339, 0.756]",TRUE,FALSE,TRUE,TRUE,TRUE,TRUE,TRUE,TRUE
COA7,4,-0.39476624981818953,0.07664217666418677,-5.150770332996757,2.594187089278163e-7,-0.5449821557767518,-0.2445503438596273,0.01074645919194872,47.3820595953309,6.553403195082717e-7,-7.325694835270744,2.3766405757176993e-13,1.1210225572709253e-12,down,1.9832363948830966e-14,6.251112892078334e-14,5.4763311589523034e-5,4.047201332233227e-12,4,down,"[-0.545, -0.245]",TRUE,TRUE,TRUE,TRUE,TRUE,FALSE,TRUE,TRUE
FOXJ1,4,1.6671628916419896,0.3237134841382541,5.150118772716815,2.603215531507798e-7,1.0326961214210335,2.301629661862946,0.19018922810126743,46.37783142781829,6.568210477307997e-7,7.31154964352231,2.6407892330085077e-13,1.2365480954308913e-12,up,2.8457913142535293e-12,6.6766642372871266e-12,9.577265338806192e-5,1.5368540165626896e-10,4,up,"[1.033, 2.302]",TRUE,TRUE,TRUE,TRUE,TRUE,FALSE,TRUE,TRUE
ELK1,3,0.537507853373327,0.104399919123254,5.148546645316343,2.625125089644055e-7,0.3328877719028547,0.7421279348437992,0,0,6.615442813999719e-7,5.004664900445412,5.595929104653376e-7,1.209453292168801e-6,up,3.63709137704473e-6,4.075271483517434e-6,0.00170857532402699,3.166393582956559e-6,3,up,"[0.333, 0.742]",TRUE,FALSE,TRUE,TRUE,TRUE,TRUE,TRUE,TRUE
LONRF2,3,-0.4891091606874523,0.09501682627433217,-5.147605743800561,2.6383228109000785e-07,-0.6753387181104424,-0.30287960326446217,0,0,6.637607057388425e-7,-4.971181362038005,6.654616214590169e-7,1.4204196687765915e-6,down,4.5431698013827e-6,5.063664841035058e-6,0.00121137985206213,3.230246608049289e-6,3,down,"[-0.675, -0.303]",TRUE,FALSE,TRUE,TRUE,TRUE,TRUE,TRUE,TRUE
LDLRAD3,3,0.44034394069221944,0.08554580817605134,5.147463681516709,2.6403210329534474e-7,0.2726772376387867,0.6080106437456522,0,0,6.637607057388425e-7,5.060730692368877,4.176527863263107e-7,9.176945952671996e-7,up,2.6782275532681833e-6,3.043640518070253e-6,0.001383768362222,4.6653971858500455e-6,3,up,"[0.273, 0.608]",TRUE,FALSE,TRUE,TRUE,TRUE,TRUE,TRUE,TRUE
GRIA2,3,-0.4523891100912388,0.08790328676763644,-5.146441353064354,2.6547440901881e-7,-0.6246763862785025,-0.28010183390397514,0,0,6.665786008535253e-7,-5.268935972499352,1.3721681222088206e-7,3.213093377190577e-7,down,2.101612615510939e-6,2.4121441973268885e-6,0.00388534222138901,6.940318875269713e-6,3,down,"[-0.625, -0.280]",TRUE,FALSE,TRUE,TRUE,TRUE,TRUE,TRUE,TRUE
CARHSP1,3,0.40419509715940655,0.07883712140546971,5.126964175677824,2.944515180434177e-7,0.24967717855987415,0.558713015758939,0,0,7.384431057098527e-7,5.242159879805763,1.587077580910649e-7,3.688883025900426e-7,up,1.985917573714774e-6,2.283144705035721e-6,0.01191828792103026,4.1915335855509625e-6,3,up,"[0.250, 0.559]",TRUE,FALSE,TRUE,TRUE,TRUE,TRUE,TRUE,TRUE
TMEM241,3,-0.4956316082791059,0.0966901702383968,-5.125977201788863,2.9599842538670125e-7,-0.6851408596054103,-0.30612235695280166,0.00991961614727662,35.02179676168444,7.414260075507469e-7,-6.391738390814165,1.6401033069894782e-10,5.487538592397278e-10,down,3.3668105897202087e-10,5.95291147747631e-10,1.936156023852315e-4,5.531262125155725e-7,3,down,"[-0.685, -0.306]",TRUE,FALSE,TRUE,TRUE,TRUE,TRUE,TRUE,TRUE
SVOP,3,-0.8767049216067521,0.1710523342737087,-5.125360757742693,2.969685707491054e-7,-1.2119613362547272,-0.5414485069587768,0.01527145786746274,16.732926969356242,7.429587644555423e-7,-5.448499213848653,5.079661587944742e-8,1.2567043687720122e-7,down,5.8916971079293254e-8,7.976096476400406e-8,0.0028892213679927,1.326803488032901e-5,3,down,"[-1.212, -0.541]",TRUE,FALSE,TRUE,TRUE,TRUE,TRUE,TRUE,TRUE
ZNF444,3,0.3896508505650064,0.07603865690583084,5.124378394105051,2.985209401352905e-7,0.24061782159678008,0.5386838795332327,0.00118223593615064,5.895816898690447,7.457722446609404e-7,5.323114793014411,1.0200532804569289e-7,2.4301221009049586e-7,up,6.177681951609246e-7,7.427543401529029e-7,0.0227750674229714,6.388917885911311e-7,3,up,"[0.241, 0.539]",TRUE,FALSE,TRUE,TRUE,TRUE,TRUE,TRUE,TRUE
PEAR1,3,0.6759473552274724,0.13191289819339655,5.124194559325585,2.988123121086025e-7,0.4174028256721165,0.9344918847828284,0,0,7.457722446609404e-7,5.0145946541693345,5.31453851145065e-7,1.152535451697687e-6,up,2.763885528490183e-6,3.135830736372341e-6,0.0026488037268362,2.13773428605809e-6,3,up,"[0.417, 0.934]",TRUE,FALSE,TRUE,TRUE,TRUE,TRUE,TRUE,TRUE
MST1,3,0.6285061046832962,0.12272615054469678,5.1212076798122554,3.035850704654612e-7,0.3879672696544497,0.8690449397121426,0,0,7.567733607516426e-7,5.065869918616339,4.065394722193681e-7,8.946045630867142e-7,up,4.768049089865815e-6,5.305222002350697e-6,1.845836183479496e-4,4.203652709138591e-6,3,up,"[0.388, 0.869]",TRUE,FALSE,TRUE,TRUE,TRUE,TRUE,TRUE,TRUE
TSPAN11,3,0.6505205121092755,0.12712616997579385,5.117125075294422,3.102279109563448e-7,0.40135779746420247,0.8996832267543486,0,0,7.72404186462736e-7,4.981533919626433,6.308222395905567e-7,1.3513573595979022e-6,up,4.076062165459034e-6,4.554823777565753e-6,0.00123769130456457,2.3508932920494007e-6,3,up,"[0.401, 0.900]",TRUE,FALSE,TRUE,TRUE,TRUE,TRUE,TRUE,TRUE
SV2B,3,-0.7734969953217624,0.1512085468836492,-5.115431708479726,3.1302418733369025e-7,-1.069860301368351,-0.4771336892751738,0,0,7.784318519545247e-7,-5.05023656312435,4.412632624002142e-7,9.67130860486586e-7,down,4.417392583985574e-6,4.928279838185089e-6,4.21298370600244e-4,3.838768545990107e-6,3,down,"[-1.070, -0.477]",TRUE,FALSE,TRUE,TRUE,TRUE,TRUE,TRUE,TRUE
CNTNAP2,4,-0.5579121037328323,0.10912205423112772,-5.112734613217028,3.175282459569739e-7,-0.7717873999448692,-0.34403680752079535,0,0,7.886869246883399e-7,-5.090383435480934,3.573401849945171e-7,7.92826761127778e-7,down,1.154524708720086e-5,1.2576072719986648e-5,8.737568156333119e-5,2.885154555756944e-6,4,down,"[-0.772, -0.344]",TRUE,TRUE,TRUE,TRUE,TRUE,TRUE,TRUE,TRUE
TRIM41,3,0.4529032539058974,0.08860979874847177,5.11120959874326,3.201025935383486e-7,0.2792312396815504,0.6265752681302444,0,0,7.941301184193003e-7,5.100047095799978,3.395689787758993e-7,7.558923000832358e-7,up,3.5742887179212435e-6,4.011404113078279e-6,3.7498230565430145e-4,3.906233742788979e-6,3,up,"[0.279, 0.627]",TRUE,FALSE,TRUE,TRUE,TRUE,TRUE,TRUE,TRUE
NFKB2,3,0.5828259834973416,0.11409512689908748,5.108246069201777,3.251630166350393e-7,0.35920364396360305,0.8064483230310802,0,0,8.057205454015192e-7,5.03138030143662,4.869611018473245e-7,1.0622516765264155e-6,up,3.6113133779934394e-6,4.048575105923456e-6,0.00372450627655112,3.101611422202882e-6,3,up,"[0.359, 0.806]",TRUE,FALSE,TRUE,TRUE,TRUE,TRUE,TRUE,TRUE
GRIN3A,3,-0.6479625709363911,0.1268776794506641,-5.106986301624068,3.27337468370964e-7,-0.8966382531017104,-0.39928688877107177,0.00431046477647836,8.620810365565932,8.093778965079811e-7,-5.157253813964152,2.505980082830105e-7,5.673164582984834e-7,down,5.446088274743368e-7,6.578443262561297e-7,0.00338874915940438,1.570639337159246e-6,3,down,"[-0.897, -0.399]",TRUE,FALSE,TRUE,TRUE,TRUE,TRUE,TRUE,TRUE
CENPB,3,0.5446440250587021,0.10664784371995582,5.10693893154437,3.274195058679827e-7,0.3356180923387325,0.7536699577786717,0,0,8.093778965079811e-7,5.036705921216226,4.736115603027228e-7,1.0345041642052385e-6,up,4.6757198751240354e-6,5.205283425124665e-6,4.988853570998774e-4,6.106800104695069e-6,3,up,"[0.336, 0.754]",TRUE,FALSE,TRUE,TRUE,TRUE,TRUE,TRUE,TRUE
PFKFB4,3,0.32184317021604364,0.06308539182266235,5.101706764709782,3.366040071031937e-7,0.19819807429302785,0.44548826613905945,0,0,8.310913223000282e-7,5.099082922374406,3.4130301962262513e-7,7.595237349568031e-7,up,3.951223719490793e-6,4.420085218027996e-6,1.8187863901136743e-4,4.640814230227836e-6,3,up,"[0.198, 0.445]",TRUE,FALSE,TRUE,TRUE,TRUE,TRUE,TRUE,TRUE
PLCXD3,3,-0.8539124388536878,0.16761649494242847,-5.094441565234869,3.497706927349774e-7,-1.1824347321556878,-0.525390145551688,0.04640834639264121,55.13121693816822,8.625736227495161e-7,-7.651075891092883,1.9930466772489392e-14,1.1145991096357771e-13,down,2.754072999079901e-14,8.512589269883333e-14,1.1337072033048023e-4,1.80543292027819e-6,3,down,"[-1.182, -0.525]",TRUE,FALSE,TRUE,TRUE,TRUE,FALSE,TRUE,TRUE
EMILIN1,3,0.4693684235987221,0.09218478385362804,5.0916041018655545,3.5504684583779466e-7,0.28868956732300166,0.6500472798744426,0,0,8.745453186075845e-7,5.110583936203891,3.211645815172457e-7,7.170817343099016e-7,up,3.037510998856767e-6,3.4293945626722563e-6,5.072254939583188e-4,8.425238017347498e-6,3,up,"[0.289, 0.650]",TRUE,FALSE,TRUE,TRUE,TRUE,TRUE,TRUE,TRUE
CAMK4,3,-0.6717800578452531,0.1319623222366014,-5.090695938502714,3.567517089069045e-7,-0.9304214567452608,-0.41313865894524526,0.02749060597394261,53.76939408141408,8.777023063735704e-7,-7.786087727857766,6.9115968392057515e-15,4.1274259364364755e-14,down,2.4411853932954946e-15,8.699344511503189e-15,5.7411076494363384e-5,5.375982080893883e-8,3,down,"[-0.930, -0.413]",TRUE,FALSE,TRUE,TRUE,TRUE,FALSE,TRUE,TRUE
GABRG3,3,-0.5291299367483494,0.10397873048520172,-5.088828592917427,3.602820723093378e-7,-0.7329245036575417,-0.3253353698391571,0,0,8.853376990160741e-7,-5.080637446019145,3.761704467213267e-7,8.324825326005183e-7,down,4.594317393064787e-6,5.1174083099980495e-6,1.2679844357919704e-4,3.552530636139793e-6,3,down,"[-0.733, -0.325]",TRUE,FALSE,TRUE,TRUE,TRUE,TRUE,TRUE,TRUE
TPMT,3,-0.3112689531340113,0.06117082560181414,-5.088519732595861,3.608692374310153e-7,-0.43116156821814766,-0.19137633804987497,0,0,8.857311224046458e-7,-5.1041643797406095,3.322593746700797e-7,7.40400824061437e-7,down,2.865304703401841e-6,3.2438001936983727e-6,0.00246946855402403,1.4613674690056969e-5,3,down,"[-0.431, -0.191]",TRUE,FALSE,TRUE,TRUE,TRUE,TRUE,TRUE,TRUE
PLOD3,3,0.6105319539097841,0.12010566260519032,5.08329033508367,3.709520132676657e-7,0.3751291808642919,0.8459347269552763,0,0,9.09402453329951e-7,4.935047027637096,8.013144946873966e-7,1.6923249579406012e-6,up,6.301971430383451e-6,6.963393045612828e-6,0.00109154286133686,5.019099057800481e-6,3,up,"[0.375, 0.846]",TRUE,FALSE,TRUE,TRUE,TRUE,TRUE,TRUE,TRUE
CHST3,3,0.537632584718019,0.10577513981890482,5.082787748033114,3.719352455361671e-7,0.33031712021327697,0.744948049222761,0,0,9.107363627414528e-7,5.014724615032945,5.310947705174088e-7,1.1520683158078178e-6,up,4.850619345278826e-6,5.3884223471388785e-6,5.838261614591958e-4,4.1638676422253135e-6,3,up,"[0.330, 0.745]",TRUE,FALSE,TRUE,TRUE,TRUE,TRUE,TRUE,TRUE
VEZT,3,-0.4146252652728392,0.08159593100082109,-5.081445363601119,3.7457375506559705e-7,-0.5745503513194637,-0.2547001792262146,0.01239674042766832,67.22003481088669,9.15166515096683e-7,-8.759731451341649,1.9571608530797317e-18,1.7545650508336604e-16,down,5.13334982987936e-27,9.767493162541096e-26,3.163951659116793e-5,7.953206448857386e-24,3,down,"[-0.575, -0.255]",TRUE,FALSE,TRUE,TRUE,TRUE,FALSE,TRUE,TRUE
SCAMP2,3,0.4761672669465334,0.09370755009951912,5.081418374942414,3.746269871345631e-7,0.2925038436719931,0.6598306902210735,0.0154843019422937,61.787520875089406,9.15166515096683e-7,8.658370718822278,4.7855498067984085e-18,3.6868673303209415e-16,up,3.1833210867952205e-20,2.2380365878011137e-19,7.496568882348793e-5,1.5005651544088174e-17,3,up,"[0.293, 0.660]",TRUE,FALSE,TRUE,TRUE,TRUE,FALSE,TRUE,TRUE
YAP1,4,0.5276792689661397,0.10409828705153916,5.069048530115439,3.998092876684963e-7,0.3236503754928107,0.7317081624394687,0.00645299549813292,13.687130172163409,9.75534661911131e-7,5.77483728692849,7.702748465296407e-9,2.1080306253221915e-8,up,3.739943206308897e-7,4.5815961074333444e-7,2.522450246902159e-4,4.963877151845204e-7,4,up,"[0.324, 0.732]",TRUE,TRUE,TRUE,TRUE,TRUE,TRUE,TRUE,TRUE
RCAN2,3,-0.5448252856285652,0.10760766800451944,-5.063071207952234,4.1255566746604546e-7,-0.7557324393777665,-0.33391813187936403,0,0,1.0054529428020895e-6,-4.985609609473806,6.176675021309383e-7,1.3254805877732249e-6,down,6.22099932960504e-6,6.877586678891712e-6,2.6979655248019787e-4,3.622198046048365e-6,3,down,"[-0.756, -0.334]",TRUE,FALSE,TRUE,TRUE,TRUE,TRUE,TRUE,TRUE
XKR8,4,0.43172905676037326,0.08533101324304977,5.059462443398768,4.204400752223205e-7,0.2644833440396853,0.5989747694810612,0.01419104008941163,50.58564700168782,1.0234656291210007e-6,7.459951832119278,8.655411630758778e-14,4.3786200014426755e-13,up,4.718250128281271e-13,1.2465797154210645e-12,4.576612776439005e-5,2.2337876415058868e-11,4,up,"[0.264, 0.599]",TRUE,TRUE,TRUE,TRUE,TRUE,FALSE,TRUE,TRUE
GABRB3,3,-0.70202645286358,0.139059164908885,-5.048401184658092,4.4552280936043825e-7,-0.9745774078052108,-0.42947549792194933,0,0,1.0832524110358135e-6,-4.917670144725615,8.758032543897033e-7,1.838093322777028e-6,down,7.92694145213009e-6,8.721738234333053e-6,7.284981812700841e-4,5.119843703832847e-6,3,down,"[-0.975, -0.429]",TRUE,FALSE,TRUE,TRUE,TRUE,TRUE,TRUE,TRUE
STON1,3,0.6251309673889529,0.1238510383231079,5.047442281090001,4.477639802970551e-7,0.38238739282777146,0.8678745419501344,0.00157702373894936,3.1656901308187506,1.087426809292848e-6,5.32544428373765,1.0070658259912732e-7,2.402276680868072e-7,up,1.7249067901398696e-6,1.9958298531007446e-6,0.00334768835219412,2.7949516944634617e-5,3,up,"[0.382, 0.868]",TRUE,FALSE,TRUE,TRUE,TRUE,TRUE,TRUE,TRUE
TEAD2,3,0.6915977563632897,0.1371568767870664,5.042384841096833,4.59765451821139e-7,0.42277521762864184,0.9604202950979376,0,0,1.1152673065228562e-6,5.0204260057423955,5.155700895057329e-7,1.1205278818643551e-6,up,5.070527253628519e-6,5.617667480782879e-6,7.492327711912672e-4,4.91584207343904e-6,3,up,"[0.423, 0.960]",TRUE,FALSE,TRUE,TRUE,TRUE,TRUE,TRUE,TRUE
ABI2,3,-0.33946668354038323,0.06742417490903337,-5.034791808700385,4.783684483623458e-7,-0.47161563804941775,-0.20731772903134868,0.00718229846631998,54.26728030800883,1.159037572317179e-6,-7.719981959003867,1.1634617219412827e-14,6.738420434986476e-14,down,2.61266076843933e-15,9.262663989304562e-15,1.931153799795776e-4,2.1809186801840722e-13,3,down,"[-0.472, -0.207]",TRUE,FALSE,TRUE,TRUE,TRUE,FALSE,TRUE,TRUE
BORCS7,3,-0.4095090408184522,0.08135304560012128,-5.033727229234079,4.810340125998261e-7,-0.5689580802273346,-0.25006000140956974,0.01101939312915406,56.56628054802242,1.16413598848546e-6,-7.8712712487771,3.510555607883428e-15,2.1836895942729883e-14,down,7.301584250140493e-16,2.8043492101465527e-15,2.1678322430562576e-4,3.9339620629902093e-10,3,down,"[-0.569, -0.250]",TRUE,FALSE,TRUE,TRUE,TRUE,FALSE,TRUE,TRUE
THY1,3,-0.6206356185916548,0.12336376386628248,-5.030939387228648,4.880824478484259e-7,-0.8624241527668721,-0.3788470844164375,0,0,1.1798170126312765e-6,-5.147576088829628,2.638739811618031e-7,5.958210852305588e-7,down,3.580602424805946e-6,4.016316619279358e-6,0.01880803973749826,4.864685226693813e-6,3,down,"[-0.862, -0.379]",TRUE,FALSE,TRUE,TRUE,TRUE,TRUE,TRUE,TRUE
GYPC,3,0.7921081749280933,0.1577868037047606,5.020116741893255,5.16400858492254e-7,0.4828517224310714,1.1013646274251152,0.05368630679829781,74.12973011281558,1.2468165081640686e-6,9.915479263645686,3.565411539129845e-23,4.794506135164424e-20,up,1.7212742767111482e-26,2.999935167982286e-25,8.250777298988006e-5,2.6621931374561738e-11,3,up,"[0.483, 1.101]",TRUE,FALSE,TRUE,TRUE,TRUE,FALSE,TRUE,TRUE
GAS7,4,-0.36717601950425305,0.0731728135434729,-5.017929497628366,5.223133653514349e-7,-0.5105920986969246,-0.2237599403115815,0.0024830463538696,11.186175938298314,1.2596254880684605e-6,-5.502649119355429,3.7412654801588665e-8,9.42773406857069e-8,down,1.2063371098639931e-6,1.4127290603376184e-6,3.1044741563858257e-4,8.692621515566187e-7,4,down,"[-0.511, -0.224]",TRUE,TRUE,TRUE,TRUE,TRUE,TRUE,TRUE,TRUE
GSAP,4,-0.3993041718004337,0.07959164489558311,-5.0169106609655305,5.250896944156381e-7,-0.5553009292660778,-0.24330741433478953,0.01222840688891836,50.538970982193206,1.2648502046667055e-6,-7.456949883671454,8.85483647048434e-14,4.4657600092534734e-13,down,5.150533369925787e-15,1.7715101507837615e-14,6.120957998766022e-5,8.525698435827484e-14,4,down,"[-0.555, -0.243]",TRUE,TRUE,TRUE,TRUE,TRUE,FALSE,TRUE,TRUE
C17ORF75,3,-0.42110319034183946,0.08398417826399439,-5.014077639935359,5.328846760054534e-7,-0.5857091550104601,-0.25649722567321886,0.01082048749633702,53.406480703507285,1.282137839948156e-6,-7.729986466311064,1.0755801779638444e-14,6.263772437968971e-14,down,9.424738890183332e-15,3.1325173811282417e-14,9.373148830547456e-4,3.898285678242582e-13,3,down,"[-0.586, -0.256]",TRUE,FALSE,TRUE,TRUE,TRUE,FALSE,TRUE,TRUE
SIX5,4,0.6541930193388541,0.13058337271563394,5.009772727830084,5.449435102789353e-7,0.3982543118364412,0.910131726841267,0.03184961507602072,49.04748703056426,1.309632491678461e-6,7.272563274947314,3.527292670557407e-13,1.6128999850810437e-12,up,3.808313035432457e-12,8.756586735573078e-12,2.626326158774586e-4,3.51728975804043e-12,4,up,"[0.398, 0.910]",TRUE,TRUE,TRUE,TRUE,TRUE,FALSE,TRUE,TRUE
SOX8,3,0.4643226294585638,0.09276192381836088,5.005530398094846,5.570842019213658e-7,0.2825125996379282,0.6461326592791993,0,0,1.3372599939640191e-6,4.988702162868281,6.078627822277063e-7,1.3050081675924865e-6,up,6.548591460901075e-6,7.232044030835373e-6,1.7976536619122052e-4,5.265957366981786e-6,3,up,"[0.283, 0.646]",TRUE,FALSE,TRUE,TRUE,TRUE,TRUE,TRUE,TRUE
PSMB3,3,-0.42620558444526896,0.08517750347122996,-5.003734167780893,5.62302861029734e-7,-0.5931504235419152,-0.2592607453486228,0.00516168042462593,20.780239937714725,1.3482267442493274e-6,-5.976950953079287,2.27352611021347e-9,6.651502812950484e-9,down,1.4033786093762112e-8,2.041099043370451e-8,0.0183792294007576,2.2509529080773205e-6,3,down,"[-0.593, -0.259]",TRUE,FALSE,TRUE,TRUE,TRUE,TRUE,TRUE,TRUE
SV2A,3,-0.5539488855364499,0.1107584802382112,-5.001412843017143,5.69116946092889e-7,-0.7710315177857352,-0.3368662532871647,0,0,1.362989083367958e-6,-4.93561226536035,7.989970358208193e-7,1.687671591298238e-6,down,8.082883647990042e-6,8.883890135628697e-6,6.241337706397105e-4,9.836390759615168e-6,3,down,"[-0.771, -0.337]",TRUE,FALSE,TRUE,TRUE,TRUE,TRUE,TRUE,TRUE
TENM1,4,-0.3801821445208263,0.0760350568001287,-5.000090228382427,5.730349156738926e-7,-0.529208117411536,-0.23115617163011676,0,0,1.3707894061218607e-6,-5.160763060249674,2.4594529941222314e-7,5.570391776000007e-7,down,9.74916059371924e-6,1.064758244938057e-5,3.1297334697128616e-5,5.997936524077802e-6,4,down,"[-0.529, -0.231]",TRUE,TRUE,TRUE,TRUE,TRUE,TRUE,TRUE,TRUE
PLCL2,3,-0.4111790995918312,0.08227684651668091,-4.997506795650807,5.80762927482481e-7,-0.5724387555260556,-0.24991944365760688,0.00154408610455274,6.982958313774746,1.387675474192011e-6,-5.2932476527514485,1.2016301544077426e-7,2.838019039437861e-7,down,1.2713548682350834e-6,1.4863528730099002e-6,0.00106111009463578,1.0186618416936742e-4,3,down,"[-0.572, -0.250]",TRUE,FALSE,TRUE,TRUE,TRUE,TRUE,TRUE,TRUE
LAMA5,4,0.5458983346751768,0.10929956634693444,4.994515101207333,5.898377640658189e-7,0.3316751211093392,0.7601215482410144,0.00318455126366389,5.316750840978129,1.4069276933744784e-6,5.441257731485984,5.2905706643077025e-8,1.3051721358645685e-7,up,2.333607080045197e-6,2.6666121675006822e-6,1.9576655658831517e-4,4.649810158331776e-6,4,up,"[0.332, 0.760]",TRUE,TRUE,TRUE,TRUE,TRUE,TRUE,TRUE,TRUE
EBP,3,-0.3035781765085565,0.0607836628136142,-4.99440412861335,5.901769977028911e-7,-0.42271196647166687,-0.18444438654544612,0,0,1.4069276933744784e-6,-4.957606156540805,7.136704931397156e-7,1.5178452817430155e-6,down,8.470166608545164e-6,9.2898601513076e-6,4.0956549746508906e-4,1.025872227932718e-5,3,down,"[-0.423, -0.184]",TRUE,FALSE,TRUE,TRUE,TRUE,TRUE,TRUE,TRUE
STXBP5,3,-0.4840119250992247,0.0969751506462749,-4.991092273367012,6.003880569318675e-7,-0.6740797277612696,-0.29394412243717977,0.01570136237169014,56.78583770124067,1.4296266705817374e-6,-7.89178668435486,2.9789059445115958e-15,1.8704992545094245e-14,down,2.624473517314287e-16,1.0842944372330342e-15,2.8003418002765416e-4,8.219358079011591e-15,3,down,"[-0.674, -0.294]",TRUE,FALSE,TRUE,TRUE,TRUE,FALSE,TRUE,TRUE
RELA,4,0.4180655526535025,0.08381618063785487,4.987885984209195,6.104357473633954e-7,0.25378885728160355,0.5823422480254015,0.01274946927003993,46.25892867337858,1.4518850229721123e-6,6.903851409183183,5.0611239693476956e-12,2.0151856192352927e-11,up,2.9998074304647246e-11,6.105594318728009e-11,7.592987253658137e-5,2.1195160293012615e-6,4,up,"[0.254, 0.582]",TRUE,TRUE,TRUE,TRUE,TRUE,FALSE,TRUE,TRUE
SSX2IP,3,-0.5665337426168309,0.11369704590065818,-4.98283608099928,6.265902904439251e-7,-0.7893758577307183,-0.34369162750294346,0.0186479617212593,48.830322342636336,1.4886005296457052e-6,-7.157477839959473,8.217486825051029e-13,3.5877528074425866e-12,down,5.38296782884768e-13,1.4131994021557073e-12,3.592735654737754e-4,9.947959104504347e-12,3,down,"[-0.789, -0.344]",TRUE,FALSE,TRUE,TRUE,TRUE,FALSE,TRUE,TRUE
PGAM2,4,0.5036063715901608,0.10108076501221804,4.982217650700287,6.28596730054579e-7,0.305491712636457,0.7017210305438645,0.00369204332319003,8.184786832796942,1.4916586019830627e-6,5.488077107840413,4.063326977216498e-8,1.0185516462800617e-7,up,1.84720490456632e-6,2.1283905400391933e-6,0.00107484403494864,1.5001638815513674e-6,4,up,"[0.305, 0.702]",TRUE,TRUE,TRUE,TRUE,TRUE,TRUE,TRUE,TRUE
FGFRL1,4,0.6686165851374268,0.13424963659108394,4.980397728553943,6.345372880391291e-7,0.4054921324813118,0.931741037793542,0.03538076328466504,51.23722680983762,1.504034669020747e-6,7.376776039864174,1.621684591061039e-13,7.834081799795847e-13,up,1.1565696772325586e-13,3.3223345021888173e-13,1.7313764961875998e-4,4.8984644960354615e-14,4,up,"[0.405, 0.932]",TRUE,TRUE,TRUE,TRUE,TRUE,FALSE,TRUE,TRUE
SAMD11,3,1.283922640502364,0.2580672668928558,4.975147200808781,6.519807648632013e-7,0.7781200918036809,1.789725189201047,0,0,1.5436165597331957e-6,5.118299100759199,3.083034025614168e-7,6.897192877629276e-7,up,4.986441643400831e-6,5.530417095408195e-6,0.00307538485707973,1.6983603793219053e-5,3,up,"[0.778, 1.790]",TRUE,FALSE,TRUE,TRUE,TRUE,TRUE,TRUE,TRUE
RASGRF1,3,-0.5151195793945982,0.10357226205978312,-4.9735283284366725,6.574516123613938e-7,-0.7181174828291174,-0.312121675960079,0,0,1.554794348959556e-6,-4.999757147187012,5.740256903762608e-7,1.2381143207998906e-6,down,8.73827802431854e-6,9.568737393049976e-6,1.0137911739266635e-4,2.0554543199145237e-5,3,down,"[-0.718, -0.312]",TRUE,FALSE,TRUE,TRUE,TRUE,TRUE,TRUE,TRUE
RFC3,3,-0.5163265184363189,0.10395611528983212,-4.966773883352492,6.807588530868934e-7,-0.7200767603770836,-0.3125762764955543,0.01062814945861017,31.891900618422312,1.6080795686813407e-6,-6.169960433664729,6.830708358728891e-10,2.1240243439629542e-9,down,5.30446956162881e-9,8.137181857114018e-9,7.984442762709626e-4,8.551791255015266e-8,3,down,"[-0.720, -0.313]",TRUE,FALSE,TRUE,TRUE,TRUE,TRUE,TRUE,TRUE
AZGP1,3,0.9453881742538548,0.1904446455075907,4.9641100264810225,6.9016811317478e-7,0.5721235280104794,1.3186528204972303,0,0,1.6266007576414702e-6,4.90532729691527,9.327167734353716e-7,1.9500701784672816e-6,up,1.0258711101989115e-5,1.119230238060254e-5,4.933672195277978e-4,1.1361450420355426e-5,3,up,"[0.572, 1.319]",TRUE,FALSE,TRUE,TRUE,TRUE,TRUE,TRUE,TRUE
CDK2AP1,4,0.6683448996962076,0.134673958200993,4.962688470912409,6.952404766990338e-7,0.40438879196680866,0.9323010074256064,0.04536252274882438,67.54704409224686,1.6366792517514702e-6,8.896487205654008,5.764210510935169e-19,6.713716683287639e-17,up,3.476309614021869e-18,1.8392515661942228e-17,4.141441724277717e-4,4.402102017923138e-12,4,up,"[0.404, 0.932]",TRUE,TRUE,TRUE,TRUE,TRUE,FALSE,TRUE,TRUE
TIPRL,4,-0.5486795829737747,0.1105658206369186,-4.962470136006635,6.960227097612327e-7,-0.7653846093432506,-0.3319745566042988,0.03239030893792511,70.31486940621413,1.6366792517514702e-6,-9.223921959089909,2.8642752467773074e-20,6.7251364206872895e-18,down,9.879201086351968e-25,1.3479909903351308e-23,5.08417432805519e-5,6.251999990719604e-10,4,down,"[-0.765, -0.332]",TRUE,TRUE,TRUE,TRUE,TRUE,FALSE,TRUE,TRUE
KLHL6,3,0.8225732520795216,0.16598618942177754,4.955672848114671,7.208041076043403e-7,0.49724629888179434,1.147900205277249,0,0,1.693032524542924e-6,4.930056266456335,8.220593645707147e-7,1.7323668090060325e-6,up,8.296308398244437e-6,9.113635390868096e-6,6.665924090702123e-4,1.197072904586257e-5,3,up,"[0.497, 1.148]",TRUE,FALSE,TRUE,TRUE,TRUE,TRUE,TRUE,TRUE
PRKAG1,3,-0.37183608729442386,0.07505885845893921,-4.953926757330529,7.273059208965201e-7,-0.5189487465946343,-0.22472342799421344,0.00686466201875538,40.56071079476891,1.7063715836418356e-6,-6.427222725457377,1.299563439221633e-10,4.4019103258452944e-10,down,3.569933233570195e-10,6.29595367893247e-10,3.1037800480498436e-4,6.191238263508143e-5,3,down,"[-0.519, -0.225]",TRUE,FALSE,TRUE,TRUE,TRUE,FALSE,TRUE,TRUE
HVCN1,3,0.629904720193377,0.1272168515886874,4.951425163625024,7.367195050301371e-7,0.38056427285297256,0.8792451675337813,0.01790104113824295,35.37641897255749,1.7265042411666717e-6,6.476930919717004,9.360702150679112e-11,3.2253320804296626e-10,up,1.5453985513015486e-9,2.535725154588143e-9,5.18986309204554e-4,1.3338542512469625e-7,3,up,"[0.381, 0.879]",TRUE,FALSE,TRUE,TRUE,TRUE,TRUE,TRUE,TRUE
PEG3,3,-0.39607427378620874,0.08001986228936904,-4.949699517776211,7.432814678140769e-7,-0.5529103219212269,-0.2392382256511906,0,0,1.7399162124677149e-6,-4.926847655159648,8.356685920860675e-7,1.7591020085580064e-6,down,1.1070320994723344e-5,1.2065079213376886e-5,1.5564054366656565e-4,1.2484574181348364e-5,3,down,"[-0.553, -0.239]",TRUE,FALSE,TRUE,TRUE,TRUE,TRUE,TRUE,TRUE
PCAT19,3,0.7948229400815716,0.16087709876618866,4.940559881905445,7.789856385301611e-7,0.4795096205625487,1.1101362596005946,0,0,1.8214387985474115e-6,5.014741435365808,5.310483131996837e-7,1.1520683158078178e-6,up,8.014161721602911e-6,8.813028319514548e-6,1.1882665138859732e-4,1.8095513262813915e-5,3,up,"[0.480, 1.110]",TRUE,FALSE,TRUE,TRUE,TRUE,TRUE,TRUE,TRUE
SMO,4,0.6896329017258627,0.13969084902233386,4.936850957327947,7.939409865755324e-7,0.4158438686722661,0.9634219347794593,0.04925014226930772,66.3565185010535,1.854317124051412e-6,8.773981823503407,1.7245708020811835e-18,1.5746821792830167e-16,up,2.847348276521501e-19,1.78951525015321e-18,4.309102288084359e-4,9.951267164711032e-20,4,up,"[0.416, 0.963]",TRUE,TRUE,TRUE,TRUE,TRUE,FALSE,TRUE,TRUE
PGK1,3,-0.4227399471434811,0.08582702759385497,-4.925487448358848,8.415031259281135e-7,-0.5909578301275622,-0.2545220641594,0,0,1.9631917696005707e-6,-4.963741918887948,6.914781546492174e-7,1.4729759308138285e-6,down,6.578167210421572e-6,7.260840231194434e-6,3.573554159476135e-4,4.2050495375923007e-5,3,down,"[-0.591, -0.255]",TRUE,FALSE,TRUE,TRUE,TRUE,TRUE,TRUE,TRUE
CFLAR,3,0.35285233011209455,0.07176191991379068,4.916985645534353,8.788699328096932e-7,0.21220155161961715,0.4935031086045719,0,0,2.0480631917385436e-6,4.912228884200304,9.00468474422954e-7,1.8869145309058417e-6,up,9.937497474911124e-6,1.0847563033139828e-5,3.398682376135823e-4,9.605343812750488e-6,3,up,"[0.212, 0.494]",TRUE,FALSE,TRUE,TRUE,TRUE,TRUE,TRUE,TRUE
DZIP1L,3,0.5914844995543392,0.12033999999588486,4.91511134763641,8.87320134594423e-7,0.3556224336628547,0.8273465654458239,0,0,2.065434297585671e-6,4.9161612979422245,8.825768830726945e-7,1.8517840077179143e-6,up,1.1697828159467867e-5,1.272890640227511e-5,2.410177456616024e-4,1.9103347753417347e-5,3,up,"[0.356, 0.827]",TRUE,FALSE,TRUE,TRUE,TRUE,TRUE,TRUE,TRUE
NBEAL2,3,0.5006058532967548,0.1018873454768081,4.913327076626058,8.95437104968733e-7,0.30091032568182097,0.7003013809116886,0.01010625849536572,32.08802626349006,2.0819916543779738e-6,6.129933450213239,8.79158396859152e-10,2.695235441728617e-9,up,1.6064498132591282e-8,2.3266598552370332e-8,0.00452487429419715,3.298071645902542e-6,3,up,"[0.301, 0.700]",TRUE,FALSE,TRUE,TRUE,TRUE,TRUE,TRUE,TRUE
OPCML,3,-0.6410350812791029,0.1305248369538399,-4.911211507629042,9.0515386784155e-7,-0.8968590607965918,-0.385211101761614,0,0,2.1022274601381575e-6,-4.925569965735292,8.411480571241523e-7,1.7698808052603785e-6,down,9.246617892963824e-6,1.01093755983168e-5,2.3652905954083792e-4,8.951695196722862e-6,3,down,"[-0.897, -0.385]",TRUE,FALSE,TRUE,TRUE,TRUE,TRUE,TRUE,TRUE
PYROXD1,3,-0.8095099840638263,0.16490065187820552,-4.909076919002873,9.150608466813632e-7,-1.1327093227722864,-0.48631064535536633,0.05062861639343002,62.11618745559047,2.122859279661238e-6,-7.953600347656513,1.811679080220741e-15,1.1733080978382311e-14,down,1.2437727417141951e-29,3.307159828609283e-28,6.576423504459683e-4,2.107224215241957e-9,3,down,"[-1.133, -0.486]",TRUE,FALSE,TRUE,TRUE,TRUE,FALSE,TRUE,TRUE
RAB3IL1,3,0.5928404964523392,0.12079362564458024,4.907878981931516,9.206663209110142e-7,0.356089340626948,0.8295916522777302,0.02915139206587793,68.03789076543771,2.1334770386250763e-6,8.84898521402833,8.831867232623325e-19,9.265317737940723e-17,up,4.1346993433937857e-22,4.0449841689616556e-21,1.6964738395190202e-4,1.9075470201393977e-7,3,up,"[0.356, 0.830]",TRUE,FALSE,TRUE,TRUE,TRUE,FALSE,TRUE,TRUE
P3H2,3,0.526979327957384,0.10746863541642929,4.903563964643231,9.41132768543556e-7,0.3163446730735169,0.7376139828412511,0.00712498992817771,17.830334569657527,2.1784702700439004e-6,5.780967229871952,7.427235861848391e-9,2.0379089754862073e-8,up,9.398843573041424e-8,1.243188875668872e-7,0.02443105156032666,1.59525069961312e-7,3,up,"[0.316, 0.738]",TRUE,FALSE,TRUE,TRUE,TRUE,TRUE,TRUE,TRUE
GBGT1,3,0.4220185532419446,0.08614050580751642,4.8991882423462645,9.623341283578803e-7,0.25318626424914903,0.5908508422347402,0,0,2.225062410495255e-6,4.935736110260217,7.984901380482163e-7,1.686841776922196e-6,up,1.2297888730438278e-5,1.3374840706307809e-5,1.0354019783976118e-4,3.846834292064838e-5,3,up,"[0.253, 0.591]",TRUE,FALSE,TRUE,TRUE,TRUE,TRUE,TRUE,TRUE
DNAJA2,3,-0.4011500548180026,0.08199722421600748,-4.892239446560316,9.969505009778868e-7,-0.5618616611136328,-0.24043844852237237,0.01069688964938463,53.05527619651073,2.302533785109284e-6,-7.43119254564275,1.0762291279320757e-13,5.343934629194783e-13,down,1.837124844688397e-12,4.420182050909206e-12,6.7763327486771e-4,7.697957060269801e-10,3,down,"[-0.562, -0.240]",TRUE,FALSE,TRUE,TRUE,TRUE,FALSE,TRUE,TRUE
HMG20B,4,0.5658742167824213,0.11578432850111442,4.887312679599596,1.0222167730389022e-6,0.3389411029460826,0.7928073306187601,0.03190154962235151,63.19946348520907,2.3582620548194473e-6,8.407970215078077,4.1716704789289365e-17,1.6219673066919e-15,up,8.849767108894237e-21,6.723229664412691e-20,5.5519680377995813e-5,1.574735991542574e-7,4,up,"[0.339, 0.793]",TRUE,TRUE,TRUE,TRUE,TRUE,FALSE,TRUE,TRUE
TCF7L1,4,0.5770020399772012,0.11824097132408704,4.879882442742241,1.0614909384304038e-6,0.3452539946849573,0.8087500852694451,0.03184255245584366,62.026354125097896,2.4461468958940637e-6,8.309817001972677,9.584977119233498e-17,1.6219673066919e-15,up,4.31829146090762e-17,1.930201829724656e-16,1.1144241530894988e-4,1.7138335907847534e-16,4,up,"[0.345, 0.809]",TRUE,TRUE,TRUE,TRUE,TRUE,FALSE,TRUE,TRUE
APOL2,4,-0.35938615751049796,0.07371613431672322,-4.875271347875979,1.0865899016226128e-6,-0.5038671258507926,-0.21490518917020332,0,0,2.5012069433577124e-6,-4.980498068168944,6.342083566572611e-7,1.3580211366059938e-6,down,2.598606589024815e-5,2.7809649461493636e-5,3.0003088770590397e-5,9.641887800852509e-6,4,down,"[-0.504, -0.215]",TRUE,TRUE,TRUE,TRUE,TRUE,TRUE,TRUE,TRUE
EEF1E1,3,-0.49759972265568,0.10215839382018632,-4.870864782110105,1.1111086257136637e-6,-0.6978264952617044,-0.2973729500496557,0.01324103220042517,40.98013023116048,2.5548107424946104e-6,-6.764206048690792,1.3404220652481796e-11,5.1049235811408526e-11,down,4.002202460743109e-11,7.973648322364272e-11,4.5883003268969966e-4,1.052429876413321e-7,3,down,"[-0.698, -0.297]",TRUE,FALSE,TRUE,TRUE,TRUE,FALSE,TRUE,TRUE
GSDMD,3,0.5015538649953325,0.10317119048882473,4.861375182538577,1.1657307427997306e-6,0.2993420473951147,0.7037656825955503,0,0,2.6774369441491046e-6,4.952712289140393,7.31861441329231e-7,1.5542992735307948e-6,up,9.14041797054648e-6,9.998537379173735e-6,0.00262541173867731,2.3713837129629e-5,3,up,"[0.299, 0.704]",TRUE,FALSE,TRUE,TRUE,TRUE,TRUE,TRUE,TRUE
HLTF,3,-0.5044690963788315,0.10379256969623558,-4.8603584809128,1.171733810904905e-6,-0.7078987948463167,-0.3010393979113464,0.01845063933569397,56.35318899828273,2.688247703337138e-6,-7.55335544102081,4.2418528131949845e-14,2.2602841070886245e-13,down,2.317568357519588e-27,4.712388993623162e-26,5.767279070611388e-4,3.266431547756392e-7,3,down,"[-0.708, -0.301]",TRUE,FALSE,TRUE,TRUE,TRUE,FALSE,TRUE,TRUE
ANTXR1,3,0.43941540314786354,0.0904499365604289,4.8581062614045445,1.185138043791418e-6,0.2621367850854902,0.6166940212102369,0,0,2.7132590547549404e-6,4.772837249484242,1.8164857717427215e-6,3.653720089151257e-6,up,1.947186000936677e-5,2.0946388827503465e-5,7.418843819287589e-4,2.2831888233436484e-5,3,up,"[0.262, 0.617]",TRUE,FALSE,TRUE,TRUE,TRUE,TRUE,TRUE,TRUE
XKR4,4,-0.5364279463631834,0.11041957927702394,-4.858087214925687,1.185252026811946e-6,-0.7528463449342155,-0.3200095477921512,0.02574956345837993,53.37798728238763,2.7132590547549404e-6,-7.227065919685234,4.935405753986829e-13,2.207575503869767e-12,down,2.423608465448313e-13,6.613899943868158e-13,2.1748225144775944e-4,6.386415968791229e-6,4,down,"[-0.753, -0.320]",TRUE,TRUE,TRUE,TRUE,TRUE,FALSE,TRUE,TRUE
CPD,3,-0.4826444879712016,0.09937766821109652,-4.8566694777540516,1.19376610420353e-6,-0.6774211385325217,-0.2878678374098814,0.01142303173345058,37.41845462237577,2.7297363838127025e-6,-6.27573675512936,3.4798251658312806e-10,1.1233865965293823e-9,down,4.0534912251749266e-11,8.052625288326435e-11,0.00187492445687653,2.8840471215501696e-11,3,down,"[-0.677, -0.288]",TRUE,FALSE,TRUE,TRUE,TRUE,TRUE,TRUE,TRUE
MMP14,3,0.5797742762014134,0.11951626497937104,4.851007319392759,1.2283601263531663e-6,0.34552670127510043,0.8140218511277264,0,0,2.805747689489502e-6,4.926903855541782,8.354283636204844e-7,1.7588466203635363e-6,up,1.0356428300698188e-5,1.129297176427342e-5,5.297303267589478e-4,4.708268116353985e-5,3,up,"[0.346, 0.814]",TRUE,FALSE,TRUE,TRUE,TRUE,TRUE,TRUE,TRUE
HSPG2,3,0.5783567517527127,0.11925288656985844,4.849834401399676,1.2356459018868696e-6,0.34462538902334994,0.8120881144820755,0,0,2.8192844890136057e-6,4.803097295696957,1.5622992210250433e-6,3.170031560686206e-6,up,1.898302694038199e-5,2.045236253213104e-5,1.7957103290973785e-4,1.4512567356359704e-5,3,up,"[0.345, 0.812]",TRUE,FALSE,TRUE,TRUE,TRUE,TRUE,TRUE,TRUE
SLC16A6,3,-0.7893691745407476,0.16279852120313443,-4.848749047024818,1.2424247808501857e-6,-1.1084484128352714,-0.47028993624622384,0.04333138631577048,55.16655186066377,2.8316362587728406e-6,-7.456171255510143,8.907295469284385e-14,4.490685568563552e-13,down,1.3687939978255334e-12,3.3836457109537025e-12,0.00854129774583296,2.816415538827825e-9,3,down,"[-1.108, -0.470]",TRUE,FALSE,TRUE,TRUE,TRUE,FALSE,TRUE,TRUE
CDKL5,3,-0.6389647544178001,0.13190550558317468,-4.844109816287333,1.2718057987689157e-6,-0.8974947947233695,-0.38043471411223073,0.0191737871816556,34.62215870726719,2.8954173728284645e-6,-6.397833450858677,1.5759704735355854e-10,5.280125763202351e-10,down,2.1157345821883607e-9,3.414812080512576e-9,0.00289621014735877,3.174323358784385e-7,3,down,"[-0.897, -0.380]",TRUE,FALSE,TRUE,TRUE,TRUE,TRUE,TRUE,TRUE
AK5,3,-0.4978936519552152,0.10291806276719678,-4.837767429430372,1.3130565203524364e-6,-0.6996093483375535,-0.29617795557287685,0,0,2.986051779836571e-6,-4.733280550254029,2.2091979683947434e-6,4.396402038005522e-6,down,2.154812674756873e-5,2.3155862629252617e-5,9.722514336601684e-4,1.525375651104202e-5,3,down,"[-0.700, -0.296]",TRUE,FALSE,TRUE,TRUE,TRUE,TRUE,TRUE,TRUE
CDC123,3,-0.43677410188187143,0.09029962476653876,-4.836942600936715,1.3185148251674483e-6,-0.6137581142417685,-0.25979008952197435,0.01848275809566168,77.1073625989101,2.9951804462182784e-6,-10.157907899970535,3.0556267083511847e-24,9.027015882629252e-21,down,1.2325173237344384e-23,1.4442039149295056e-22,0.00262951919576522,1.3956463122433462e-20,3,down,"[-0.614, -0.260]",TRUE,FALSE,TRUE,TRUE,TRUE,FALSE,TRUE,TRUE
NBPF10,4,0.4389528477900135,0.09079270762000846,4.834670749408064,1.3336618793539464e-6,0.26100241079592157,0.6169032847841054,0.00601632811143056,15.286412372284474,3.0262743301751473e-6,5.656211920841219,1.547503754561305e-8,4.090542447725308e-8,up,4.7052814538313266e-7,5.710212835135267e-7,2.4419166231451686e-4,5.081429167733464e-6,4,up,"[0.261, 0.617]",TRUE,TRUE,TRUE,TRUE,TRUE,TRUE,TRUE,TRUE
CHPT1,3,0.5517684016770819,0.11423486758811809,4.830122477723019,1.364490924428622e-6,0.3278721754256685,0.7756646279284952,0,0,3.092846095371543e-6,4.879878772429941,1.061510692876545e-6,2.2035921978489743e-6,up,1.5621929169256654e-5,1.688373168162496e-5,1.5022965361234989e-4,4.571905738485652e-5,3,up,"[0.328, 0.776]",TRUE,FALSE,TRUE,TRUE,TRUE,TRUE,TRUE,TRUE
SERTAD1,3,0.5137057819397345,0.10641811239246736,4.827240122858036,1.3843816386740668e-6,0.3051301143477629,0.722281449531706,0,0,3.1345060246834222e-6,4.751936950704876,2.0147720381858227e-6,4.0317245655904615e-6,up,1.5226058963534464e-5,1.6464466261924127e-5,0.00201342901885485,1.2467331953704307e-5,3,up,"[0.305, 0.722]",TRUE,FALSE,TRUE,TRUE,TRUE,TRUE,TRUE,TRUE
DYNLT3,3,-0.6460347050722988,0.13392943422639025,-4.823694722552634,1.4092305521414571e-6,-0.9085315726258496,-0.3835378375187478,0.03714530521923005,69.912970450262,3.187289165912086e-6,-8.988527636283838,2.505644720538057e-19,3.5983977384659156e-17,down,7.928099010692247e-20,5.338596541615494e-19,2.253330949115456e-4,6.9145354582085005e-9,3,down,"[-0.909, -0.384]",TRUE,FALSE,TRUE,TRUE,TRUE,FALSE,TRUE,TRUE
RAB13,3,0.45972268012703,0.0953105022775194,4.823421020156175,1.4111666026903595e-6,0.2729175283146692,0.6465278319393908,0,0,3.1881912134856273e-6,4.8035115001383915,1.5590693016151771e-6,3.164345926110277e-6,up,1.6322073155083127e-5,1.7622061282479127e-5,0.00103073348107478,2.085127420021784e-5,3,up,"[0.273, 0.647]",TRUE,FALSE,TRUE,TRUE,TRUE,TRUE,TRUE,TRUE
SLC25A18,3,0.75155940117486,0.15605649275121142,4.815944456556588,1.4650527482386042e-6,0.4456942958288496,1.0574245065208705,0.03708722966923836,49.83623464410421,3.3063323175700377e-6,7.371942275612574,1.681598330018233e-13,8.107627932734582e-13,up,1.4020335425143295e-18,7.966623471711561e-18,0.00123786933504194,8.517289960804736e-9,3,up,"[0.446, 1.057]",TRUE,FALSE,TRUE,TRUE,TRUE,FALSE,TRUE,TRUE
SKI,4,0.4057218410214779,0.08426659082956321,4.814741370540159,1.4739065486506768e-6,0.24056235789556088,0.570881324147395,0.01603547503446049,62.316352391545976,3.3226980238059824e-6,8.379300122851433,5.324334999319221e-17,1.6219673066919e-15,up,2.044546628114581e-17,9.659202065397815e-17,7.512081999382908e-5,1.1205562002869747e-9,4,up,"[0.241, 0.571]",TRUE,TRUE,TRUE,TRUE,TRUE,FALSE,TRUE,TRUE
ST3GAL5,3,-0.3057770534207221,0.06356753420753862,-4.810270796762466,1.5072595251547662e-6,-0.4303671310535157,-0.18118697578792853,0,0,3.39419788835069e-6,-4.70896953281519,2.48972278970986e-6,4.920237742870841e-6,down,2.383512878622015e-5,2.5547316332103667e-5,8.455533783863615e-4,1.228221479192226e-5,3,down,"[-0.430, -0.181]",TRUE,FALSE,TRUE,TRUE,TRUE,TRUE,TRUE,TRUE
E2F3,3,-0.5128694050225862,0.10672101867617816,-4.805701926241703,1.5420950619889084e-6,-0.7220387580213218,-0.30370005202385053,0.01978161963565786,59.37036882222476,3.46887761232646e-6,-7.892728087481745,2.9565131293850047e-15,1.8593852980383923e-14,down,1.6607882358840317e-15,6.032355168517481e-15,2.2805881862608449e-4,2.8896838315327475e-8,3,down,"[-0.722, -0.304]",TRUE,FALSE,TRUE,TRUE,TRUE,FALSE,TRUE,TRUE
REEP1,3,-0.7065971498510903,0.147080206888411,-4.804162060957543,1.5540092575177532e-6,-0.994869058191076,-0.4183252415111048,0.03633109955639482,55.99737361069589,3.4918907909987215e-6,-7.265569435538401,3.7147005368454463e-13,1.6907030874159338e-12,down,9.75604724618967e-13,2.46456053454292e-12,0.00975605061464858,4.608020752109858e-13,3,down,"[-0.995, -0.418]",TRUE,FALSE,TRUE,TRUE,TRUE,FALSE,TRUE,TRUE
ZMYND10,3,0.5812515573950314,0.12104035451989122,4.802130328356823,1.5698645799585058e-6,0.34401682186008475,0.8184862929299781,0,0,3.5237003667033995e-6,4.805387975950871,1.5445169987691415e-6,3.136962164738864e-6,up,1.8709966393435043e-5,2.0168643607060436e-5,4.686208303720426e-4,2.0402184284014923e-5,3,up,"[0.344, 0.818]",TRUE,FALSE,TRUE,TRUE,TRUE,TRUE,TRUE,TRUE
RADIL,3,0.480317459492769,0.10037434052435974,4.785261422227738,1.7076492042754002e-6,0.28358736709306465,0.6770475518924733,0.01614548289889017,54.68754476000289,3.828826432072627e-6,7.55067804898694,4.32998003087846e-14,2.3047522352196543e-13,up,2.2421394837066305e-15,8.031428824192663e-15,7.955118680558751e-4,4.0106695265031565e-15,3,up,"[0.284, 0.677]",TRUE,FALSE,TRUE,TRUE,TRUE,FALSE,TRUE,TRUE
CD82,3,0.4450731376357344,0.09352455197112518,4.7588908821840334,1.946596271388948e-6,0.2617683841020845,0.6283778911693843,0.00878021401833271,32.66576406352173,4.359871130519091e-6,5.933222948040333,2.970450494961566e-9,8.555082500286505e-9,up,4.655494859202688e-9,7.184149061001766e-9,0.00312229900514048,1.8489867681822995e-9,3,up,"[0.262, 0.628]",TRUE,FALSE,TRUE,TRUE,TRUE,TRUE,TRUE,TRUE
MORF4L2,4,-0.4592192618897068,0.09676778003908434,-4.745580209696129,2.079095039681592e-6,-0.648880625630206,-0.26955789814920755,0.02363655940445165,65.26730370437684,4.65161069287985e-6,-8.24315700611622,1.6772525027563607e-16,1.6219673066919e-15,down,1.183155239024498e-16,5.069966871357043e-16,3.411599166421824e-4,1.5840449970362264e-8,4,down,"[-0.649, -0.270]",TRUE,TRUE,TRUE,TRUE,TRUE,FALSE,TRUE,TRUE
FAR2,3,-0.37077785274678016,0.07816720546143936,-4.743393991866428,2.1016694639673993e-6,-0.5239827602233439,-0.2175729452702164,0,0,4.697050073565072e-6,-4.64930614390988,3.3305354954023616e-6,6.4720547882280265e-6,down,2.946816868405474e-5,3.1425540856832605e-5,0.00157675208314769,2.676331492744264e-5,3,down,"[-0.524, -0.218]",TRUE,FALSE,TRUE,TRUE,TRUE,TRUE,TRUE,TRUE
LRP5,4,0.7727669342023379,0.1630336219184984,4.739923735416055,2.137986759611375e-6,0.4532269069729611,1.092306961431715,0.07237314261699876,70.7623303549578,4.773072701220658e-6,8.845086564293547,9.145738400710368e-19,9.460402966664878e-17,up,5.536213508549917e-23,5.858217763639043e-22,1.370125716907406e-4,3.1949023734488614e-8,4,up,"[0.453, 1.092]",TRUE,TRUE,TRUE,TRUE,TRUE,FALSE,TRUE,TRUE
ZNF853,4,0.42880368333844754,0.09047801574012014,4.7393135208678725,2.1444348401970134e-6,0.25147003109516397,0.6061373355817311,0.01825239513089435,58.44111065119305,4.782320278030758e-6,7.517633679454776,5.5776517861727406e-14,2.9194842611842597e-13,up,2.850639264822422e-13,7.688200045827963e-13,0.00138455087231886,1.5589027480919986e-8,4,up,"[0.251, 0.606]",TRUE,TRUE,TRUE,TRUE,TRUE,FALSE,TRUE,TRUE
IDNK,3,-0.3459019455247758,0.07302544490908248,-4.736731778292179,2.1719231395511848e-6,-0.4890291875015913,-0.20277470354796032,0.00235245842216496,12.803425735516242,4.838419539666119e-6,-5.3778377462860245,7.538570562150645e-8,1.82834129784116e-7,down,1.108102895609904e-6,1.302837531459717e-6,0.01254980987512154,5.0094921001207714e-6,3,down,"[-0.489, -0.203]",TRUE,FALSE,TRUE,TRUE,TRUE,TRUE,TRUE,TRUE
NECAB1,5,-0.698194878416289,0.14746484458867065,-4.7346530650324885,2.194301194389197e-6,-0.9872206627958796,-0.4091690940366983,0.07324924741541809,69.23684120858124,4.883026477642912e-6,-8.61289829745133,7.123628582050146e-18,5.15479541800047e-16,down,4.9214954932354864e-18,2.5087830271367462e-17,1.1554827814448323e-4,6.355819318142184e-9,5,down,"[-0.987, -0.409]",TRUE,TRUE,TRUE,TRUE,TRUE,FALSE,TRUE,TRUE
CSRNP3,4,-0.6329969874310695,0.13395696068720578,-4.725375853436535,2.296901251017594e-6,-0.8955478058564407,-0.37044616900569827,0.03650037035492007,52.65477383568376,5.105866232165584e-6,-7.004078070766397,2.4861745853558597e-12,1.0269615880084858e-11,down,1.4945824838856723e-11,3.1662554357291965e-11,7.703814784979585e-4,3.004518458224195e-7,4,down,"[-0.896, -0.370]",TRUE,TRUE,TRUE,TRUE,TRUE,FALSE,TRUE,TRUE
LZTS2,3,0.416877695233168,0.08827940934521944,4.72225288235623,2.3324641024434464e-6,0.24385323234006925,0.5899021581262667,0.01268931260672399,55.31288084847644,5.179368895575704e-6,7.511713696632948,5.8358310532039e-14,3.0470742301091457e-13,up,4.1826908620421905e-15,1.4555202764891782e-14,0.00129515107605552,3.821871456284138e-15,3,up,"[0.244, 0.590]",TRUE,FALSE,TRUE,TRUE,TRUE,FALSE,TRUE,TRUE
TRAF3IP2,4,0.323827955535524,0.06859491060519586,4.720874372143216,2.348329535300625e-6,0.18938440122659553,0.4582715098444526,0,0,5.209021878303204e-6,4.9046225622706,9.360715870519824e-7,1.9562547210614474e-6,up,3.3979870465244563e-5,3.610361236932235e-5,2.013716859261596e-4,1.4086847621812584e-5,4,up,"[0.189, 0.458]",TRUE,TRUE,TRUE,TRUE,TRUE,TRUE,TRUE,TRUE
ATP6V1G2,3,-0.8047625713445634,0.1704825188258242,-4.720499068686099,2.352666858627184e-6,-1.1389021682368503,-0.4706229744522763,0.02807243040693142,28.540361629251574,5.2130673769153634e-06,-6.181352500515459,6.355472503814473e-10,1.9833364826249724e-9,down,1.5987478592116562e-9,2.61086855118502e-9,0.02751694738117174,1.2190145647330893e-8,3,down,"[-1.139, -0.471]",TRUE,FALSE,TRUE,TRUE,TRUE,TRUE,TRUE,TRUE
ATP2B1,3,-0.5701268126545926,0.12088452546741892,-4.7162927632805625,2.401807654217751e-6,-0.8070561288589486,-0.33319749645023666,0,0,5.3106066896030015e-6,-4.772361577680523,1.8207824390562251e-6,3.661366753469233e-6,down,2.132378655978293e-5,2.292666320631923e-5,8.359805207763106e-4,3.6188281781026185e-05,3,down,"[-0.807, -0.333]",TRUE,FALSE,TRUE,TRUE,TRUE,TRUE,TRUE,TRUE
RAB9B,3,-0.6743641285412629,0.1429933058410722,-4.716053836050024,2.404628333430292e-6,-0.9546258580200854,-0.3941023990624405,0.03841891904115953,64.43919392217686,5.31118121782154e-6,-8.195401025344292,2.4975906265582617e-16,1.8172336718175015e-15,down,3.1113623033036207e-17,1.4244956770533574e-16,3.402361699447134e-4,4.675032904478372e-7,3,down,"[-0.955, -0.394]",TRUE,FALSE,TRUE,TRUE,TRUE,FALSE,TRUE,TRUE
NDST3,3,-0.7073581680478533,0.15019365206119115,-4.709640909188791,2.4815360446852693e-6,-1.0017323167943282,-0.4129840193013786,0.01708623874545967,25.018392907836834,5.475218890082179e-6,-5.471165874966997,4.470845941556269e-8,1.115035460588439e-7,down,2.7149940372527394e-7,3.3816798846313773e-7,0.00347488414413566,1.0594008202202357e-7,3,down,"[-1.002, -0.413]",TRUE,FALSE,TRUE,TRUE,TRUE,TRUE,TRUE,TRUE
TSNAX,3,-0.6448853926613485,0.1370314629588516,-4.706111857354959,2.5248601593366793e-6,-0.913462124809532,-0.3763086605131649,0.0418350065589953,78.96798452254359,5.5648883851905125e-6,-9.78158705685435,1.3507563228472417e-22,1.1100215293086888e-19,down,5.680587035200681e-30,1.6363246543064183e-28,0.00243423195907578,3.929458241001622e-27,3,down,"[-0.913, -0.376]",TRUE,FALSE,TRUE,TRUE,TRUE,FALSE,TRUE,TRUE
GPCPD1,3,-0.6445165044616794,0.1371610800520519,-4.698975133595396,2.6147028413493314e-6,-0.9133472814443164,-0.3756857274790424,0.04332606336103483,77.39425543815503,5.756787359828571e-6,-9.643448465142718,5.239753471037884e-22,3.523019697436017e-19,down,2.1371233535164623e-26,3.6393203626401783e-25,0.00375059887660662,1.88891876777595e-25,3,down,"[-0.913, -0.376]",TRUE,FALSE,TRUE,TRUE,TRUE,FALSE,TRUE,TRUE
SLC25A43,3,0.3744049739953451,0.07970174205502778,4.697575791214801,2.6326750600936246e-6,0.21819243006238928,0.5306175179283009,0,0,5.790210047332108e-6,4.7405342647036735,2.131553990896599e-6,4.248746345956407e-6,up,2.3228491592230764e-5,2.4922861646294157e-5,6.749074075080546e-4,2.576749575876848e-5,3,up,"[0.218, 0.531]",TRUE,FALSE,TRUE,TRUE,TRUE,TRUE,TRUE,TRUE
IL16,3,0.464557833426547,0.09892534383222264,4.69604466793097,2.6524756104806377e-6,0.2706677223571491,0.6584479444959449,1.5511483367275247e-4,0.3843445412810592,5.827578830653435e-6,4.876132489924389,1.0818595974831146e-6,2.243113373280094e-6,up,1.4119587469513363e-5,1.5307906122201104e-5,0.00484897413854545,1.1665017797742032e-4,3,up,"[0.271, 0.658]",TRUE,FALSE,TRUE,TRUE,TRUE,TRUE,TRUE,TRUE
ATP1A1,3,-0.46600030119054175,0.09946122668950272,-4.685245866163483,2.7962405958551213e-6,-0.6609407233601411,-0.2710598790209424,0,0,6.136934387093673e-6,-4.673296520590587,2.964033512673324e-6,5.797934900748982e-6,down,3.76476320778549e-5,3.989841028588199e-5,4.19741530181219e-4,4.110358006021337e-5,3,down,"[-0.661, -0.271]",TRUE,FALSE,TRUE,TRUE,TRUE,TRUE,TRUE,TRUE
NUAK2,3,0.6178431719622755,0.13191550786037817,4.683628043309452,2.8184125469546688e-6,0.3592935275536239,0.8763928163709269,0.01791239055677066,32.82241856325603,6.179056683281166e-6,5.985223818981869,2.160925011202317e-9,6.34088529373233e-9,up,1.5618872712991904e-8,2.2655720144055305e-8,8.134364041144594e-4,4.719161718074717e-7,3,up,"[0.359, 0.876]",TRUE,FALSE,TRUE,TRUE,TRUE,TRUE,TRUE,TRUE
LRRC7,3,-0.5059266999232334,0.1080258431775597,-4.683385799559582,2.82174693739474e-6,-0.7176534619508222,-0.29419993789564447,0,0,6.179834369753634e-6,-4.649770960286658,3.3230385011251724e-6,6.459183378271163e-6,down,2.7616907153924473e-5,2.9524466720226472e-5,0.00175848819857263,2.3194805749986997e-5,3,down,"[-0.718, -0.294]",TRUE,FALSE,TRUE,TRUE,TRUE,TRUE,TRUE,TRUE
RTN4,3,-0.4202416154096362,0.08976931601788933,-4.681350310454521,2.849914573211994e-6,-0.5961862417214938,-0.24429698909777856,0.01403191492454139,60.0550967565774,6.234939688651556e-6,-7.787918873458834,6.812189598552881e-15,4.0734096024258616e-14,down,2.6528292073899726e-16,1.093830571794593e-15,4.302360209876333e-4,5.192134887485586e-15,3,down,"[-0.596, -0.244]",TRUE,FALSE,TRUE,TRUE,TRUE,FALSE,TRUE,TRUE
ST8SIA3,3,-0.7140821594009031,0.1526931662277925,-4.676582305822468,2.916955550961772e-6,-1.013355265892764,-0.4148090529090422,0,0,6.374884944883788e-6,-4.663485237686349,3.1089849752232356e-6,6.0614347902335705e-6,down,3.555449612242107e-5,3.7737986160645496e-5,5.674292795630828e-4,3.1206429607732146e-5,3,down,"[-1.013, -0.415]",TRUE,FALSE,TRUE,TRUE,TRUE,TRUE,TRUE,TRUE
ZNF521,3,0.4414095223175683,0.0943919926023524,4.676344996520052,2.920331485542152e-6,0.2564046163879865,0.6264144282471502,0,0,6.3755447379099185e-6,4.665357881418292,3.080803659693835e-6,6.0112449194289935e-6,up,3.209410950001703e-5,3.415247978606225e-5,0.00102674185613275,3.290595557806105e-5,3,up,"[0.256, 0.626]",TRUE,FALSE,TRUE,TRUE,TRUE,TRUE,TRUE,TRUE
VPS35,3,-0.3345539689927131,0.0715606468526228,-4.6751110241040426,2.9379463459589723e-6,-0.4748102595342434,-0.19429767845118287,0.00375346309982515,21.666353242167546,6.4055567444782305e-6,-5.611131810728621,2.0100758091256863e-8,5.2356121444950084e-8,down,2.9004803731504306e-7,3.608636049138568e-7,0.00176997885990751,9.205748834740916e-6,3,down,"[-0.475, -0.194]",TRUE,FALSE,TRUE,TRUE,TRUE,TRUE,TRUE,TRUE
FGF14,3,-0.7328032246796092,0.1567510366026542,-4.674949783822999,2.9402555548424666e-6,-1.040029610960131,-0.4255768383990874,0.03937595929100122,55.852507972802144,6.4055567444782305e-6,-7.385796142029144,1.5154383270504517e-13,7.368955862501736e-13,down,3.5103172965763563e-13,9.40619906085189e-13,6.949662032358111e-4,2.5842382157471817e-11,3,down,"[-1.040, -0.426]",TRUE,FALSE,TRUE,TRUE,TRUE,FALSE,TRUE,TRUE
LRRC3,3,0.6195612676335869,0.13255099249666533,4.674135258920627,2.9519474468653767e-6,0.35976609622508393,0.8793564390420898,0.00729156090886432,12.672713154291309,6.424280172926329e-6,4.998074493971964,5.790561642393738e-7,1.2478727828421935e-6,up,2.0423054572326284e-6,2.345371826301479e-6,0.00453233804674082,1.0202767947690546e-6,3,up,"[0.360, 0.879]",TRUE,FALSE,TRUE,TRUE,TRUE,TRUE,TRUE,TRUE
TXN,3,-0.46688069745665656,0.09991068430241665,-4.672980679858717,2.968597012787331e-6,-0.6627020403601445,-0.27105935455316865,0.01459074477483832,48.242445246081864,6.453742352747301e-6,-6.883087995450544,5.856882249442964e-12,2.3133511944929323e-11,down,3.346208668850541e-11,6.771339199954545e-11,0.00110619366245686,3.4883114794723956e-8,3,down,"[-0.663, -0.271]",TRUE,FALSE,TRUE,TRUE,TRUE,FALSE,TRUE,TRUE
DDX1,3,-0.38355446372154145,0.08223537784111237,-4.664105325357781,3.099626036325877e-6,-0.544732842545165,-0.222376084897918,0.010891971181690401,54.558243448860146,6.731543873654313e-6,-7.163778402016403,7.848323444253382e-13,3.4336705231409642e-12,down,4.802356467308216e-12,1.0861600123443009e-11,9.923377155300916e-4,3.5139278942020185e-10,3,down,"[-0.545, -0.222]",TRUE,FALSE,TRUE,TRUE,TRUE,FALSE,TRUE,TRUE
ELAVL2,3,-0.81716333676096,0.17537429208922217,-4.659538904055708,3.169184967040483e-6,-1.160890633070043,-0.47343604045187687,0.04369178594811182,47.35153659127942,6.875407554018788e-6,-6.430785368445977,1.2694630810540243e-10,4.307845353280827e-10,down,3.6691956625858527e-10,6.460026998474584e-10,0.00117304980644811,4.9238650436833746e-5,3,down,"[-1.161, -0.473]",TRUE,FALSE,TRUE,TRUE,TRUE,FALSE,TRUE,TRUE
MYCBP2,3,-0.3510674470153568,0.07539861385833439,-4.6561525345144075,3.2217328146358196e-6,-0.4988460146619348,-0.2032888793687788,0,0,6.982104344362267e-6,-4.6128428047981895,3.971986984705586e-6,7.624400658936546e-6,down,4.52248427805531e-5,4.770921868101075e-5,6.837241314332689e-4,3.6371054968399855e-5,3,down,"[-0.499, -0.203]",TRUE,FALSE,TRUE,TRUE,TRUE,TRUE,TRUE,TRUE
GSG1L,3,0.5094211922090992,0.10949427808790772,4.652491446175016,3.2794834651604845e-6,0.2948163506435869,0.7240260337746115,0,0,7.099842073844306e-6,4.757850251455307,1.9566556154061293e-6,3.922326855005754e-6,up,2.8589700903796164e-5,3.0548706684427223e-5,2.06442795510088e-4,6.808961933440042e-5,3,up,"[0.295, 0.724]",TRUE,FALSE,TRUE,TRUE,TRUE,TRUE,TRUE,TRUE
TMEM204,4,0.4916939052492219,0.10578435568570264,4.648077705460536,3.350427065033986e-6,0.2843603779774699,0.699027432520974,0,0,7.245866249093312e-6,4.82775721433001,1.3807928588443143e-6,2.824991420197109e-6,up,5.037036278091828e-5,5.289525691525293e-5,1.0984764343697244e-4,2.261288302036253e-5,4,up,"[0.284, 0.699]",TRUE,TRUE,TRUE,TRUE,TRUE,TRUE,TRUE,TRUE
PLEKHB1,3,0.5384360320646314,0.1158533134395832,4.647566962730182,3.3587307876808947e-6,0.3113677102334182,0.7655043538958446,0.0084398303948067,18.140346566193795,7.256257972552267e-6,5.484885540131757,4.137372148085362e-8,1.035708390835652e-7,up,6.996359487842885e-7,8.368194681537568e-7,0.00409657643548728,1.2278082316712456e-5,3,up,"[0.311, 0.766]",TRUE,FALSE,TRUE,TRUE,TRUE,TRUE,TRUE,TRUE
STRBP,3,-0.44875669728609746,0.09662413262635942,-4.644354211399927,3.4114184255412785e-6,-0.6381365172711835,-0.25937687730101144,0.01394999244877681,51.68736131156617,7.35476280101103e-6,-7.0491839303201145,1.7997013200914113e-12,7.539275538598741e-12,down,1.153917403635641e-11,2.4955419135978297e-11,0.01683057497629045,2.531136024475086e-10,3,down,"[-0.638, -0.259]",TRUE,FALSE,TRUE,TRUE,TRUE,FALSE,TRUE,TRUE
GPSM1,4,0.5138639936993338,0.11067292100717668,4.643086936017635,3.432418362287733e-6,0.29694905446142117,0.7307789329372464,0.0268948627340697,56.64168345547866,7.392352734563612e-6,7.5095723795767375,5.932081363691312e-14,3.088607797667086e-13,up,1.0070055845565426e-18,5.8338815150007525e-18,1.971403109378736e-4,4.961575720099911e-7,4,up,"[0.297, 0.731]",TRUE,TRUE,TRUE,TRUE,TRUE,FALSE,TRUE,TRUE
TXNDC9,3,-0.5015349253278661,0.10834935161878824,-4.62886872726701,3.676687350940857e-6,-0.7138957522489577,-0.28917409840677455,0.02651229351566945,77.59071503294629,7.910217391961968e-6,-9.614508779787116,6.943999832265255e-22,4.2798185632861527e-19,down,2.99046223499059e-27,6.021571529485907e-26,1.6437217139697127e-4,3.4290134216063407e-10,3,down,"[-0.714, -0.289]",TRUE,FALSE,TRUE,TRUE,TRUE,FALSE,TRUE,TRUE
SOWAHB,3,-1.1527009269621926,0.2495667084995515,-4.618808870351648,3.859491519364046e-6,-1.6418426873615195,-0.6635591665628655,0.0950372391787794,51.893399541958885,8.294907161824903e-6,-6.9678269398585675,3.2187381589859625e-12,1.309809486869886e-11,down,6.438537990840438e-13,1.6754740016315017e-12,0.0011469378343933,1.0837923438238326e-12,3,down,"[-1.642, -0.664]",TRUE,FALSE,TRUE,TRUE,TRUE,FALSE,TRUE,TRUE
LRRC8B,3,-0.6268233611279898,0.13598099142900355,-4.609639586686333,4.033676325059448e-6,-0.8933412069108865,-0.36030551534509303,0.04145158875817748,75.7062780203493,8.660294718605896e-6,-9.25136451633646,2.2164480313127004e-20,5.5568981829114335e-18,down,3.629216117275195e-24,4.45384273800518e-23,0.00180992889221429,3.355052913315633e-11,3,down,"[-0.893, -0.360]",TRUE,FALSE,TRUE,TRUE,TRUE,FALSE,TRUE,TRUE
CCDC69,3,0.4860443563513532,0.10566235659613728,4.599976491240983,4.225386228481978e-6,0.27894994290129593,0.6931387698014104,0.01205156941360726,34.13046164821309,9.06251399986724e-6,6.026942390034018,1.670905282046472e-9,4.953112411228741e-9,up,3.5253085985341935e-8,4.893902298099008e-8,0.00346106171570535,1.3118946343931083e-6,3,up,"[0.279, 0.693]",TRUE,FALSE,TRUE,TRUE,TRUE,TRUE,TRUE,TRUE
SHROOM1,3,0.43003158614805614,0.0934998341325264,4.599276460090085,4.239608473869871e-6,0.24677527868783555,0.6132878936082767,0,0,9.083623940915406e-6,4.475627686174426,7.618714989494933e-6,1.4079964033559353e-5,up,6.273921938937633e-5,6.565143340745031e-5,0.00268370799507122,3.309336221761087e-5,3,up,"[0.247, 0.613]",TRUE,FALSE,TRUE,TRUE,TRUE,TRUE,TRUE,TRUE
MAP2,3,-0.47242564828758377,0.1027655915903352,-4.597118947856219,4.2837308859644456e-6,-0.673842506654593,-0.27100878992057453,0,0,9.168687159432672e-6,-4.612902107866242,3.970853463586432e-6,7.623214073117521e-6,down,4.6505395645230075e-5,4.903517568287096e-5,8.575884084664249e-4,5.015080431516925e-5,3,down,"[-0.674, -0.271]",TRUE,FALSE,TRUE,TRUE,TRUE,TRUE,TRUE,TRUE
TLE3,3,0.39953520198699394,0.0869506990972929,4.594962503290936,4.328270934868526e-6,0.22911496332572048,0.5699554406482674,0.01261717854693156,60.528203855330155,9.254467957646725e-6,8.063915980386042,7.388855083836993e-16,5.0740921262821175e-15,up,3.8537457056326036e-19,2.3717117488077214e-18,0.00208299754667069,1.485031436533721e-18,3,up,"[0.229, 0.570]",TRUE,FALSE,TRUE,TRUE,TRUE,FALSE,TRUE,TRUE
FLII,3,0.3657517420159204,0.07961396816655598,4.594064966724827,4.346939483797266e-6,0.20971123174315232,0.5217922522886885,0.0121546400558525,64.4310512173651,9.28481203851239e-6,8.119212754425783,4.692173349153536e-16,3.305077532413291e-15,up,4.969596312344014e-19,2.9875196382033294e-18,2.83786292434688e-4,3.032127048963454e-5,3,up,"[0.210, 0.522]",TRUE,FALSE,TRUE,TRUE,TRUE,FALSE,TRUE,TRUE
SLITRK3,3,-0.5265631677257492,0.11469813438354168,-4.590860789112425,4.414216967827431e-6,-0.7513673802114261,-0.30175895524007224,0,0,9.418812748224375e-6,-4.715055132651558,2.4164530929502157e-6,4.782469113047845e-6,down,3.393668457015246e-5,3.607620902024408e-5,4.698061273018633e-4,5.754693555906538e-5,3,down,"[-0.751, -0.302]",TRUE,FALSE,TRUE,TRUE,TRUE,TRUE,TRUE,TRUE
TRMT6,3,-0.34681314966057364,0.07556905862522932,-4.589353843621751,4.446201846979069e-6,-0.49492578291161904,-0.1987005164095283,0.00433029229977485,22.5099582981389,9.4773100006522e-6,-5.5077397484507635,3.6347021374197654e-8,9.17483174346641e-8,down,3.622838693543377e-7,4.446016242845541e-7,0.00152119161774576,9.279518227056567e-6,3,down,"[-0.495, -0.199]",TRUE,FALSE,TRUE,TRUE,TRUE,TRUE,TRUE,TRUE
KHDRBS1,3,-0.3111861922789682,0.06794040626417094,-4.580281593680658,4.643503028897789e-6,-0.4443469416517627,-0.1780254429061737,0.00580246697323563,40.77705118996529,9.887705628269008e-6,-6.2031324894129725,5.535020334714913e-10,1.7397794473247552e-9,down,3.736301894856105e-9,5.839555486007206e-9,0.00142884747892602,3.5627025221039575e-6,3,down,"[-0.444, -0.178]",TRUE,FALSE,TRUE,TRUE,TRUE,FALSE,TRUE,TRUE
POLR3F,4,-0.4518366621272445,0.09868495438834927,-4.578576997149508,4.681498376908435e-6,-0.645255618544387,-0.2584177057101019,0.02354673173140702,65.82745956743686,9.958387316623688e-6,-8.266652774289492,1.3777247694049307e-16,1.6219673066919e-15,down,2.0120353413890338e-17,9.527308899636659e-17,3.171531990172516e-4,4.036692649089388e-9,4,down,"[-0.645, -0.258]",TRUE,TRUE,TRUE,TRUE,TRUE,FALSE,TRUE,TRUE
PHF21B,4,0.4183940647792741,0.09151766003045508,4.571730359364976,4.837131310285023e-6,0.2390227471702013,0.5977653823883468,0.00421088482481807,10.318997271486802,1.0278904034355677e-5,5.2243796332180406,1.7473994980911093e-7,4.036154493404699e-7,up,7.775833978764365e-6,8.564567005819061e-6,5.983713137570736e-4,1.5265718020924395e-5,4,up,"[0.239, 0.598]",TRUE,TRUE,TRUE,TRUE,TRUE,TRUE,TRUE,TRUE
KY,3,0.5311861395332758,0.11630913392598508,4.567019988914227,4.94706852187334e-6,0.3032244259652993,0.7591478531012522,0.00117864021297569,2.6286885864442096,1.050176060835753e-5,4.833964563137718,1.3384042153098543e-6,2.7432001043180497e-6,up,1.9183595789369177e-5,2.065772464545777e-5,0.00820426913030734,1.9734804883813812e-4,3,up,"[0.303, 0.759]",TRUE,FALSE,TRUE,TRUE,TRUE,TRUE,TRUE,TRUE
CD151,3,0.5594810379265021,0.12278421288089744,4.556620308094553,5.198326963504994e-6,0.3188284028098441,0.8001336730431601,0.02937299575143075,67.05608272326764,1.1023854930786664e-5,8.417333713925677,3.851493918771705e-17,1.6219673066919e-15,up,5.9896228597962155e-19,3.5672296356958085e-18,0.00118817418246166,5.3629258127024684e-18,3,up,"[0.319, 0.800]",TRUE,FALSE,TRUE,TRUE,TRUE,FALSE,TRUE,TRUE
FLCN,3,0.5180214744462771,0.11393976137721816,4.54645040664315,5.455821791864048e-6,0.29470364573984165,0.7413393031527126,0.0218681442215777,56.24999406599452,1.1558094378269695e-5,6.963320083660895,3.323455281405527e-12,1.3487119484924707e-11,up,4.6925113376458275e-11,9.242420241479056e-11,0.00409766453034869,5.457255948225698e-7,3,up,"[0.295, 0.741]",TRUE,FALSE,TRUE,TRUE,TRUE,FALSE,TRUE,TRUE
ABCA1,3,0.4234925181882615,0.09319236230360534,4.54428354126911,5.512241818788165e-6,0.24083884443898687,0.6061461919375362,0,0,1.1665703604251687e-5,4.7007736961485715,2.5917761898615e-6,5.107587716550934e-6,up,3.4114903718289756e-5,3.62285255052396e-5,0.00138666070778606,3.60034839182161e-5,3,up,"[0.241, 0.606]",TRUE,FALSE,TRUE,TRUE,TRUE,TRUE,TRUE,TRUE
EPOR,3,0.5384260718433298,0.11849038993358796,4.544048442621459,5.518396708824396e-6,0.30618917505939003,0.7706629686272696,0.02802870086271707,67.85340974030515,1.1666824438432004e-5,8.168780397055182,3.115226296202436e-16,2.239087821838019e-15,up,4.608636609483129e-16,1.8346088921435708e-15,0.00233272192680779,4.837266710194325e-15,3,up,"[0.306, 0.771]",TRUE,FALSE,TRUE,TRUE,TRUE,FALSE,TRUE,TRUE
AASDHPPT,3,-0.5225971568689858,0.11502693074195056,-4.543259161120897,5.539108280024941e-6,-0.748045798375392,-0.2971485153625796,0.02606506469340936,67.31754713705864,1.1698686937649418e-5,-8.24702582277244,1.623853376759396e-16,1.6219673066919e-15,down,1.7362021739795003e-17,8.258906671636431e-17,0.00121053894317332,1.7861927706359865e-13,3,down,"[-0.748, -0.297]",TRUE,FALSE,TRUE,TRUE,TRUE,FALSE,TRUE,TRUE
FXYD5,3,0.6163320699659416,0.13567049412387,4.542860066561102,5.549609244524e-6,0.3504227877184034,0.8822413522134798,0.03779203416408886,69.97271902517302,1.1708941580002823e-5,8.54940108890377,1.2372884886786e-17,8.2441312272675e-16,up,1.8042766740965073e-18,1.0005534283626087e-17,6.396997607697272e-4,1.8223870447152858e-7,3,up,"[0.350, 0.882]",TRUE,FALSE,TRUE,TRUE,TRUE,FALSE,TRUE,TRUE
SELPLG,3,0.8008917705015552,0.1764523077423049,4.53885687724298,5.656000761681636e-6,0.4550516023376596,1.1467319386654509,0.06135215316075834,68.77546127165772,1.1921286158259872e-5,8.280536269274368,1.2262181418576112e-16,1.6219673066919e-15,up,3.9311128150852607e-23,4.313824327241709e-22,2.8506724727457485e-4,2.2280487780597733e-8,3,up,"[0.455, 1.147]",TRUE,FALSE,TRUE,TRUE,TRUE,FALSE,TRUE,TRUE
CAPN15,3,0.5965358888667,0.13155289298061126,4.5345706609022995,5.7720776330083634e-6,0.3386969565626498,0.85437482117075,0.03508995134685318,69.45278288340091,1.2153592904425733e-5,8.496550026947713,1.9530877466287927e-17,1.1791866917605347e-15,up,2.0910116772554057e-18,1.1503337449940883e-17,7.565517993224108e-4,1.9824404256820747e-7,3,up,"[0.339, 0.854]",TRUE,FALSE,TRUE,TRUE,TRUE,FALSE,TRUE,TRUE
MAP2K4,3,-0.4998660158879057,0.11039538761149564,-4.527961056190485,5.95555539454533e-6,-0.7162369996657764,-0.283495032110035,0.0174577257627032,47.735607178096906,1.2527202726457416e-5,-6.301042030476313,2.956512011914025e-10,9.613700962900031e-10,down,8.747602897643914e-10,1.4726078254637564e-9,0.00121061819676251,4.8841634203345305e-5,3,down,"[-0.716, -0.283]",TRUE,FALSE,TRUE,TRUE,TRUE,FALSE,TRUE,TRUE
CELF2,3,-0.30118670070917963,0.06658023296568162,-4.52366546786378,6.077776270762484e-6,-0.43168155940420205,-0.17069184201415724,0,0,1.2771335345047004e-5,-4.460751556185776,8.167272835255775e-6,1.5041122980466062e-5,down,7.84398640163039e-5,8.179199495717159e-5,0.00204471450768108,4.888600997880018e-5,3,down,"[-0.432, -0.171]",TRUE,FALSE,TRUE,TRUE,TRUE,TRUE,TRUE,TRUE
TNFRSF1A,3,0.4522023210896531,0.0999706511349562,4.523350763007423,6.086824204425363e-6,0.25626344535412066,0.6481411968251856,0,0,1.2777402226698585e-5,4.637667112579321,3.5236368973277547e-6,6.821310952136128e-6,up,4.769856648432525e-5,5.021666339517288e-5,0.00123434843789018,9.524982582592016e-5,3,up,"[0.256, 0.648]",TRUE,FALSE,TRUE,TRUE,TRUE,TRUE,TRUE,TRUE
SCN1A,3,-0.4879529120684537,0.107925978326791,-4.521181272881051,6.149549840097989e-6,-0.6994839425852145,-0.2764218815516929,0,0,1.28960226171519e-5,-4.5252785478204,6.031601054506419e-6,1.128375581362952e-5,down,5.860777035520912e-5,6.139015945288066e-5,0.00209452854778599,4.1528499285885774e-5,3,down,"[-0.699, -0.276]",TRUE,FALSE,TRUE,TRUE,TRUE,TRUE,TRUE,TRUE
ORC3,4,-0.4645959529262989,0.10278076901243938,-4.520261498238738,6.1763292250839936e-6,-0.6660425584940104,-0.2631493473585873,0.0261503627839552,71.29942085038296,1.2939097790731516e-5,-8.808932356409507,1.2634339486094947e-18,1.2135529199890678e-16,down,5.383123825230698e-22,5.168795747003919e-21,3.401477587858902e-4,5.277940784909606e-21,4,down,"[-0.666, -0.263]",TRUE,TRUE,TRUE,TRUE,TRUE,FALSE,TRUE,TRUE
FOCAD,3,-0.43181042128325775,0.095563541840594,-4.518568619019423,6.225909647585147e-6,-0.6191115215259085,-0.244509321040607,0.00876769003143908,31.40654308593856,1.3029804852766494e-5,-5.579292585532339,2.4149872446614304e-8,6.23102936037535e-8,down,9.553052747201769e-8,1.2627808411533757e-7,0.00859262227252071,4.22474989900872e-8,3,down,"[-0.619, -0.245]",TRUE,FALSE,TRUE,TRUE,TRUE,TRUE,TRUE,TRUE
KNOP1,3,0.4263613016747947,0.09460199865093916,4.50689528503489,6.5783077148231864e-6,0.2409447914534472,0.6117778118961422,0,0,1.3753437702160576e-5,4.490502533302567,7.1055329938204265e-6,1.3180968653698487e-5,up,7.78568802451203e-5,8.122493442071404e-5,0.00111041977683688,6.826275768107469e-5,3,up,"[0.241, 0.612]",TRUE,FALSE,TRUE,TRUE,TRUE,TRUE,TRUE,TRUE
PLIN4,3,0.7673266732512458,0.17030839575486348,4.505512895299135,6.62128177945056e-6,0.4335283513069192,1.1011249951955724,0.05413802446160938,64.22893723115995,1.3829343817301572e-5,7.763232607652819,8.279156692845605e-15,4.8868829130316124e-14,up,1.7800058231727897e-14,5.705922839660536e-14,0.0068412464111378,1.2861437319859608e-13,3,up,"[0.434, 1.101]",TRUE,FALSE,TRUE,TRUE,TRUE,FALSE,TRUE,TRUE
PSMA6,3,-0.41808194096780193,0.09280060446232724,-4.505163984546284,6.632170669001253e-6,-0.5999677834575103,-0.2361960984780935,0.01833983343351907,73.9568519642055,1.3838150872745068e-5,-9.220576983369616,2.955057740937775e-20,6.752043917133223e-18,down,9.810405731408307e-21,7.425832659467457e-20,8.81168922172841e-4,1.543230035748955e-12,3,down,"[-0.600, -0.236]",TRUE,FALSE,TRUE,TRUE,TRUE,FALSE,TRUE,TRUE
SCG5,4,-0.6322765376387843,0.1405690379702197,-4.497978692667268,6.860257074670387e-6,-0.9077867894018584,-0.3567662858757104,0.04207242017471838,54.94254287451514,1.4299671530518977e-5,-6.81561532123662,9.38611447429996e-12,3.6250497468366846e-11,down,2.9244728330208623e-10,5.2063147259101e-10,0.00207305380832589,4.40389660879859e-11,4,down,"[-0.908, -0.357]",TRUE,TRUE,TRUE,TRUE,TRUE,FALSE,TRUE,TRUE
ZNF385D,3,-0.5629413508503026,0.1254538642326654,-4.487238032032857,7.215244747121464e-6,-0.8088264064677044,-0.3170562952329008,0.01494974621893649,29.607881909098595,1.502451566820273e-5,-5.672170157196475,1.4099982144601241e-8,3.7505293271523394e-8,down,2.587186604732297e-7,3.2343731273145173e-7,0.00130322656383651,3.6367425871757088e-6,3,down,"[-0.809, -0.317]",TRUE,FALSE,TRUE,TRUE,TRUE,TRUE,TRUE,TRUE
TFRC,3,-0.4544703528357935,0.10152276549817286,-4.476536376897384,7.5863746871762626e-6,-0.653451316823118,-0.2554893888484691,0.01749192143083819,57.32595686996992,1.57814855578772e-5,-7.06899462519582,1.560601922853868e-12,6.5974345935565634e-12,down,1.399685107391095e-12,3.4517799200108565e-12,0.00325939791327515,1.1062142214614562e-12,3,down,"[-0.653, -0.255]",TRUE,FALSE,TRUE,TRUE,TRUE,FALSE,TRUE,TRUE
DNAJC6,3,-0.46573360910523864,0.10404988092734065,-4.47606095225103,7.603278642466315e-6,-0.6696676283185073,-0.26179958989196994,0,0,1.580080150749012e-5,-4.473802830414209,7.68406022119606e-6,1.4190089736820488e-5,down,9.836421525541346e-5,1.0190178943043332e-4,6.460734997981654e-4,1.489657655948869e-4,3,down,"[-0.670, -0.262]",TRUE,FALSE,TRUE,TRUE,TRUE,TRUE,TRUE,TRUE
NLRP1,4,0.4541486167124673,0.10159781440695025,4.4700628587675535,7.81966120417689e-6,0.2550205595668602,0.6532766738580744,0.01679651140932604,40.88844969420083,1.623421154901188e-5,6.885644978717486,5.7526293585977584e-12,2.2752110554111777e-11,up,5.909616134971243e-11,1.1497695932392456e-10,0.00257410915764543,1.31782331825348e-10,4,up,"[0.255, 0.653]",TRUE,TRUE,TRUE,TRUE,TRUE,FALSE,TRUE,TRUE
PRDM2,3,-0.34402890860277097,0.07707566991409408,-4.463521484616532,8.06235100805169e-6,-0.4950944457186928,-0.1929633714868492,0,0,1.6721315990699205e-5,-4.511597121721485,6.4341310236752525e-6,1.1992649458443088e-5,down,8.275680657339223e-5,8.612022921887379e-5,5.911539098104547e-4,1.476099388397395e-4,3,down,"[-0.495, -0.193]",TRUE,FALSE,TRUE,TRUE,TRUE,TRUE,TRUE,TRUE
ITPR3,3,0.4403919660371195,0.09872445864332843,4.4608192548127,8.164692997243744e-6,0.24689558270298176,0.6338883493712573,0,0,1.691665661966386e-5,4.620114863053149,3.835276571465564e-6,7.384979308138327e-6,up,4.875402989633308e-5,5.13018051775722e-5,0.02540377877841313,6.225684924420269e-5,3,up,"[0.247, 0.634]",TRUE,FALSE,TRUE,TRUE,TRUE,TRUE,TRUE,TRUE
TMCO6,3,0.4309317150609056,0.09664109826936204,4.459093726975195,8.230692591545652e-6,0.24151864302655987,0.6203447870952513,0,0,1.703638366753062e-5,4.527553883778351,5.967038845141686e-6,1.117695816098972e-5,up,8.210777650619839e-5,8.553065217170038e-5,3.1620484519375526e-4,1.7864619558844417e-4,3,up,"[0.242, 0.620]",TRUE,FALSE,TRUE,TRUE,TRUE,TRUE,TRUE,TRUE
EIF4EBP1,3,0.5185150573430051,0.11684962945168562,4.437455726441974,9.102843709036916e-6,0.28949399201085046,0.7475361226751597,0.02180329007247099,53.276445075158925,1.880987435922695e-5,6.5164196050281245,7.200537307763853e-11,2.512629107252723e-10,up,1.5739225101211863e-10,2.9145672196351255e-10,0.00145200819044365,5.134861493869984e-5,3,up,"[0.289, 0.748]",TRUE,FALSE,TRUE,TRUE,TRUE,FALSE,TRUE,TRUE
ZNF214,3,-0.5803166811191315,0.13077884952125188,-4.437389403894615,9.10564795403272e-6,-0.8366385161203684,-0.32399484611789453,0.0290085176158827,59.91319707527564,1.880987435922695e-5,-7.371316909971257,1.6895068094102117e-13,8.14310352714104e-13,down,1.2630279916542805e-13,3.608154345304376e-13,7.972578202567741e-4,3.634187897747991e-12,3,down,"[-0.837, -0.324]",TRUE,FALSE,TRUE,TRUE,TRUE,FALSE,TRUE,TRUE
TRIM23,3,-0.44436727213362104,0.1002383698253938,-4.433105535411926,9.288537039040762e-6,-0.6408308668603994,-0.24790367740684272,0.0187581708802517,65.47013598408569,1.91685829044483e-5,-7.996039633364619,1.2848503866973805e-15,8.484601303583772e-15,down,2.2289168710785283e-17,1.0435154832092252e-16,5.886357571068991e-4,1.0453389688527282e-15,3,down,"[-0.641, -0.248]",TRUE,FALSE,TRUE,TRUE,TRUE,FALSE,TRUE,TRUE
DDAH2,3,0.6849271506029488,0.15451787320565408,4.4326726506994545,9.30721198161282e-6,0.3820776841521403,0.9877766170537574,0.03620112799374613,51.99831609848749,1.9188029473026823e-5,7.293645316790033,3.0167899712006756e-13,1.3982264134547665e-12,up,4.4145597995792474e-16,1.7607301969860304e-15,0.00168402038761865,1.1196250150544923e-16,3,up,"[0.382, 0.988]",TRUE,FALSE,TRUE,TRUE,TRUE,FALSE,TRUE,TRUE
DIO2,3,-0.603504003000545,0.1364189972075448,-4.423900009192909,9.693489831159288e-6,-0.870880324334403,-0.336127681666687,0,0,1.9964546087213864e-5,-4.566168581603421,4.967193535151387e-6,9.410185293539872e-6,down,6.448288062691903e-5,6.744200424620779e-5,0.00153654956540774,1.768576480428425e-4,3,down,"[-0.871, -0.336]",TRUE,FALSE,TRUE,TRUE,TRUE,TRUE,TRUE,TRUE
KIAA0930,3,0.453193126635843,0.10258917287619332,4.417553177690258,9.982451554250004e-6,0.2521220425947507,0.6542642106769353,0.0171841015306703,56.74809892482953,2.0539290201899313e-5,7.030457543168064,2.058573591201878e-12,8.553488921645554e-12,up,4.376621713412765e-12,9.97484992705283e-12,0.00100394102478593,1.579138563631967e-10,3,up,"[0.252, 0.654]",TRUE,FALSE,TRUE,TRUE,TRUE,FALSE,TRUE,TRUE
GTF2H1,4,-0.3873652908104509,0.0877935532504408,-4.412229331981229,1.0231165784246629e-5,-0.5594374932561142,-0.21529308836478755,0.02089260504800744,75.81686084902134,2.1030166339472256e-5,-8.921221310601178,4.6117400297171605e-19,5.76663240021801e-17,down,6.1778955581748015e-27,1.1440138738977265e-25,1.975256133575321e-4,1.0370769960113909e-8,4,down,"[-0.559, -0.215]",TRUE,TRUE,TRUE,TRUE,TRUE,FALSE,TRUE,TRUE
RFX2,3,0.5856003864747231,0.13279365462147125,4.409852173614612,1.0344120738064713e-5,0.3253296060411886,0.8458711669082577,0.03428809954987666,67.64780652656538,2.1241293475986347e-5,8.143268453915777,3.847479087795484e-16,2.7414215157355876e-15,up,8.088663635003308e-17,3.524346298108584e-16,0.00553537071476597,3.3512354205335077e-16,3,up,"[0.325, 0.846]",TRUE,FALSE,TRUE,TRUE,TRUE,FALSE,TRUE,TRUE
GDF11,3,0.7311167235432358,0.16589356359314986,4.407143397897478,1.0474284744823208e-5,0.40597131363365696,1.0562621334528146,0.04520343073735185,57.33033503427034,2.1487306192644244e-5,7.259889683554291,3.874061470193089e-13,1.761066910482365e-12,up,4.76800783763551e-12,1.0795685868183456e-11,0.01645009026857187,4.1379740514961e-9,3,up,"[0.406, 1.056]",TRUE,FALSE,TRUE,TRUE,TRUE,FALSE,TRUE,TRUE
ELK3,3,0.33190140926975037,0.07550319245873395,4.395859280402615,1.1033539927586531e-5,0.18391787133283563,0.4798849472066651,0,0,2.2612215227089395e-5,4.542549764235886,5.557787076662877e-6,1.0456726842787747e-5,up,7.56453235333229e-5,7.895742375848602e-5,0.00257617950014179,1.8779572244341232e-4,3,up,"[0.184, 0.480]",TRUE,FALSE,TRUE,TRUE,TRUE,TRUE,TRUE,TRUE
GAREM2,4,0.8674527995351689,0.1976069508676569,4.389788900270655,1.1346075027191168e-5,0.4801502927397854,1.2547553063305523,0.10554160855870932,73.74483177680581,2.3229772563074512e-5,8.691561866014995,3.574903804470443e-18,2.937776504207044e-16,up,5.968155626387799e-18,3.004357953671916e-17,0.00209185857224391,5.5340170734455235e-18,4,up,"[0.480, 1.255]",TRUE,TRUE,TRUE,TRUE,TRUE,FALSE,TRUE,TRUE
COL27A1,3,0.8216037920208004,0.1872095549825193,4.388685140016052,1.140380301346082e-5,0.4546798066932915,1.1885277773483092,0.05448917072585015,50.23435571392825,2.3324938313528342e-5,7.186493402384522,6.64765007996477e-13,2.926548809013062e-12,up,3.348412800985535e-12,7.776716852456887e-12,0.00874250838802254,3.0703466697671457e-10,3,up,"[0.455, 1.189]",TRUE,FALSE,TRUE,TRUE,TRUE,FALSE,TRUE,TRUE
ADRA1A,3,0.4291986997058087,0.09786473612640265,4.385631808698214,1.1564960132505888e-5,0.2373873415415436,0.6210100578700738,0,0,2.363125843824356e-5,4.423240490549235,9.723140587267778e-6,1.771021987031954e-5,up,1.2132822173386234e-4,1.2525255585020152e-4,8.928471444920855e-4,1.7757957633356307e-4,3,up,"[0.237, 0.621]",TRUE,FALSE,TRUE,TRUE,TRUE,TRUE,TRUE,TRUE
SPARCL1,3,-0.5575776215205125,0.12721158034405128,-4.383072830417723,1.170169716575349e-5,-0.8069077374112764,-0.30824750562974856,0.00885890188617045,15.710338979379332,2.3887125907256633e-5,-5.139154376882019,2.759776013159633e-7,6.216325077913399e-7,down,4.266731369812156e-6,4.7627561146342365e-6,0.02254248838214071,1.819451052634895e-5,3,down,"[-0.807, -0.308]",TRUE,FALSE,TRUE,TRUE,TRUE,TRUE,TRUE,TRUE
DCTN6,3,-0.35163237698461197,0.08023699640354519,-4.382421984194257,1.173671999902701e-5,-0.5088940001632304,-0.1943707538059936,0.01009596393095068,53.6601804940638,2.3935061236953805e-5,-7.09908612743065,1.255845320775846e-12,5.379804223839071e-12,down,6.8061322891030396e-12,1.5081109367093704e-11,5.702452625782326e-4,2.5653702773794148e-8,3,down,"[-0.509, -0.194]",TRUE,FALSE,TRUE,TRUE,TRUE,FALSE,TRUE,TRUE
CCDC40,4,0.6490614163588929,0.1483475220248871,4.375276428614729,1.2127868877140508e-5,0.3583056159943518,0.939817216723434,0.05907861238180165,68.68335958405659,2.470844798741593e-5,7.798382829425534,6.2705536822411186e-15,3.768956930829363e-14,up,1.0669197712349544e-13,3.077596113409312e-13,7.423777184231231e-4,9.332771067731597e-14,4,up,"[0.358, 0.940]",TRUE,TRUE,TRUE,TRUE,TRUE,FALSE,TRUE,TRUE
CTSH,3,0.47855973099505944,0.1093965601465052,4.3745409394423955,1.2168828515715172e-5,0.2641464130753394,0.6929730489147794,0,0,2.4767566576637164e-5,4.391332074447571,1.1265832649835992e-5,2.031750750504438e-5,up,1.3830230683922198e-4,1.4228124225423923e-4,7.439657552831266e-4,1.6116992968279273e-4,3,up,"[0.264, 0.693]",TRUE,FALSE,TRUE,TRUE,TRUE,TRUE,TRUE,TRUE
HELZ2,3,0.5576130947394503,0.12756921528258774,4.371063140148989,1.236430287279016e-5,0.3075820272495417,0.8076441622293589,0,0,2.511879050073571e-5,4.461175102394262,8.151145272606169e-6,1.5013291106013003e-5,up,1.0039497694750476e-4,1.0390178751952335e-4,5.731360935036323e-4,1.3821853783220391e-4,3,up,"[0.308, 0.808]",TRUE,FALSE,TRUE,TRUE,TRUE,TRUE,TRUE,TRUE
SLITRK1,3,-0.30554910514532396,0.0699030680990035,-4.371039976565488,1.2365614802917629e-5,-0.4425566010282216,-0.16854160926242634,0,0,2.511879050073571e-5,-4.452997427064112,8.467976969255733e-6,1.5556174283312318e-5,down,1.0538829397850212e-4,1.0890648814719154e-4,7.712991203330204e-4,1.6974652393681738e-4,3,down,"[-0.443, -0.169]",TRUE,FALSE,TRUE,TRUE,TRUE,TRUE,TRUE,TRUE
SLC4A8,3,-0.4009755610473529,0.09180995604617476,-4.367451835459836,1.257045052183454e-5,-0.5809197683200608,-0.221031353774645,0,0,2.5509896655856005e-5,-4.465416620180729,7.991309064826791e-6,1.473540808862103e-5,down,9.610740935557156e-5,9.961357671337104e-5,0.00541673607476183,1.0806180263404848e-4,3,down,"[-0.581, -0.221]",TRUE,FALSE,TRUE,TRUE,TRUE,TRUE,TRUE,TRUE
MBTPS2,4,-0.4711766015409387,0.10789593186879852,-4.366954280666388,1.2599108690613534e-5,-0.6826487420821713,-0.2597044609997061,0.02948072770786283,67.42858871801408,2.5543061020852853e-5,-7.868518080657566,3.5886669727079975e-15,2.226659474005734e-14,down,6.949172841244414e-15,2.3627187660231005e-14,6.796582855595281e-4,5.355388709187964e-14,4,down,"[-0.683, -0.260]",TRUE,TRUE,TRUE,TRUE,TRUE,FALSE,TRUE,TRUE
ASAH2B,3,-0.821784565406454,0.1883005120648778,-4.364218431457654,1.2757805354454796e-5,-1.1908467873240642,-0.4527223434888435,0.07775139922801375,74.95551064941883,2.5839539360487545e-5,-9.082704192701756,1.0591015440545788e-19,1.8770405128522718e-17,down,2.825082148376902e-21,2.421165444518056e-20,0.00149739430514317,8.734470332014902e-9,3,down,"[-1.191, -0.453]",TRUE,FALSE,TRUE,TRUE,TRUE,FALSE,TRUE,TRUE
KLHL21,4,0.49381748857300295,0.11320601908590903,4.362113362525873,1.2881209218805376e-5,0.27193776833146727,0.7156972088145386,0.03619768749714168,73.15815684283848,2.6064027238831565e-5,8.726632304133494,2.623683717726667e-18,2.2498001501294004e-16,up,4.2602547864787124e-20,2.9750062044299147e-19,6.489301611004741e-4,1.1520634728599469e-7,4,up,"[0.272, 0.716]",TRUE,TRUE,TRUE,TRUE,TRUE,FALSE,TRUE,TRUE
ARHGAP20,3,-0.47496231848764503,0.1090584640212423,-4.3551165216771475,1.329961534301221e-5,-0.6887129801785372,-0.26121165679675284,0,0,2.6884407623204026e-5,-4.412571327667888,1.021501249324819e-5,1.8555871889982468e-5,down,1.1686003824281984e-4,1.2070105543605994e-4,7.567818158988218e-4,1.170033508032304e-4,3,down,"[-0.689, -0.261]",TRUE,FALSE,TRUE,TRUE,TRUE,TRUE,TRUE,TRUE
MICALL2,4,0.4531059512965704,0.10409558438108608,4.352787430807668,1.3441746797474387e-5,0.2490823549599916,0.6571295476331493,0.02196936032381538,55.807867140448906,2.714526081593173e-5,7.0048820449556315,2.471940029719428e-12,1.0213669530617256e-11,up,3.60111858372361e-12,8.298577714047518e-12,0.00539585391988887,1.1579231133417257e-12,4,up,"[0.249, 0.657]",TRUE,TRUE,TRUE,TRUE,TRUE,FALSE,TRUE,TRUE
NWD1,4,0.7564411103882372,0.1737952473979664,4.352484441971504,1.3460342679469444e-5,0.41580868480399463,1.09707353597248,0.05461224525324303,45.79186762453048,2.71563722930152e-5,6.12690007558444,8.960770750293459e-10,2.7442592326778643e-9,up,4.638051953510952e-8,6.357779082340857e-8,0.00148444874616697,3.142320056452707e-8,4,up,"[0.416, 1.097]",TRUE,TRUE,TRUE,TRUE,TRUE,FALSE,TRUE,TRUE
BNC2,3,0.5225691239720004,0.12009172642255912,4.351416534168805,1.3526081192051176e-5,0.28719366534254737,0.7579445826014535,0,0,2.7262480459003055e-5,4.335429706751663,1.4547565794268058e-5,2.5907487747268617e-5,up,1.677892744173271e-4,1.7176453856936646e-4,6.83084153939259e-4,1.247640394892944e-4,3,up,"[0.287, 0.758]",TRUE,FALSE,TRUE,TRUE,TRUE,TRUE,TRUE,TRUE
CIC,3,0.4312134639245228,0.09917310740996016,4.3480886622013335,1.3732909018895802e-5,0.23683774516607856,0.625589182682967,0.01835957678827539,64.01594941842141,2.765247893707757e-5,7.56765261388081,3.8002859440894213e-14,2.0382099233129336e-13,up,2.6978768838621077e-15,9.532191920153342e-15,9.26212704839328e-4,5.332184349112649e-7,3,up,"[0.237, 0.626]",TRUE,FALSE,TRUE,TRUE,TRUE,FALSE,TRUE,TRUE
CNTN4,3,-0.4442529371630859,0.10218300984091484,-4.347620390657193,1.3762253161288616e-5,-0.6445279562831809,-0.24397791804299096,0,0,2.7684687736675644e-5,-4.475525329658991,7.6223661072829235e-6,1.4084951837467708e-5,down,8.684235850429597e-5,9.023599776448387e-5,0.01952687204635108,1.0405789446600598e-4,3,down,"[-0.645, -0.244]",TRUE,FALSE,TRUE,TRUE,TRUE,TRUE,TRUE,TRUE
PCED1A,4,0.4076673299513723,0.0938985910295082,4.341570256610776,1.4146802705210975e-5,0.22362947333448044,0.5917051865682641,0.02404284210421113,72.30050357244993,2.8430686831984076e-5,8.539839360595533,1.3440855740392208e-17,8.797218500525732e-16,up,2.8544263210480227e-21,2.426262372890819e-20,3.2921580537410264e-4,8.777148098917076e-8,4,up,"[0.224, 0.592]",TRUE,TRUE,TRUE,TRUE,TRUE,FALSE,TRUE,TRUE
PTTG1IP,3,0.338877252423774,0.07809889135579437,4.33907891060776,1.4308114354046929e-5,0.18580623813391048,0.49194826671363745,0,0,2.872703695091319e-5,4.467123650234467,7.927831146956998e-6,1.462717405157025e-5,up,8.404578880390366e-5,8.741773619824282e-5,0.0093266286903416,1.998197924201924e-4,3,up,"[0.186, 0.492]",TRUE,FALSE,TRUE,TRUE,TRUE,TRUE,TRUE,TRUE
ACSL4,5,-0.5299288868760087,0.12238551924831274,-4.329996637925892,1.4911161838447108e-5,-0.7698000968319352,-0.2900576769200822,0.05132417781849891,72.82633583243029,2.987995135549691e-5,-8.485697661365114,2.1442829888836407e-17,1.28413902718894e-15,down,2.8863930599535072e-18,1.5577352586391e-17,5.034214701024127e-4,1.282799754729887e-9,5,down,"[-0.770, -0.290]",TRUE,TRUE,TRUE,TRUE,TRUE,FALSE,TRUE,TRUE
RBFOX2,3,-0.4639966767967936,0.10735310206428508,-4.322154347425784,1.545130324191101e-5,-0.6744048904714448,-0.2535884631221424,0.01434690651755479,38.383268634668454,3.09324352545593e-5,-6.120917422495695,9.303811402763491e-10,2.8422548176306807e-9,down,9.489304171855222e-9,1.4077837519619265e-8,0.0058986334985565,6.189101030124208e-7,3,down,"[-0.674, -0.254]",TRUE,FALSE,TRUE,TRUE,TRUE,TRUE,TRUE,TRUE
SYCP2L,3,-0.5276664031741841,0.122263459540199,-4.315814431871958,1.5901552411914886e-5,-0.7672983804982442,-0.28803442585012407,0.01595224969144526,34.62348377558411,3.180310482382977e-5,-5.631520459442329,1.7862778050487165e-8,4.684031429228969e-8,down,1.533857754253365e-7,1.9820691478638505e-7,0.00388229695429486,9.955524979987624e-7,3,down,"[-0.767, -0.288]",TRUE,FALSE,TRUE,TRUE,TRUE,TRUE,TRUE,TRUE
NFKBID,4,0.4036580434628419,0.09360398878324314,4.3124021605274185,1.6149035118420806e-5,0.22019759663839425,0.5871184902872897,0.00839961270770456,20.94051857928648,3.226695456223965e-5,5.371163070019665,7.82304247931187e-8,1.891318690729451e-7,up,2.688763873004122e-6,3.053941003620235e-6,0.00144968755206396,9.57519379321417e-6,4,up,"[0.220, 0.587]",TRUE,TRUE,TRUE,TRUE,TRUE,TRUE,TRUE,TRUE
ADAT3,3,0.8766999545586813,0.20410124539705016,4.295416977261385,1.7436528435975327e-5,0.4766688643806915,1.276731044736671,0.04330204084890014,34.572072445600874,3.4805928754776546e-5,5.3436231967195935,9.110685780549537e-8,2.184202010792362e-7,up,6.131054707153566e-7,7.380039154170921e-7,0.00287313097956387,4.848371750132447e-4,3,up,"[0.477, 1.277]",TRUE,FALSE,TRUE,TRUE,TRUE,TRUE,TRUE,TRUE
GLMN,4,-0.723327764039881,0.16852591803210412,-4.292086181676146,1.770022185644337e-5,-1.0536324938443542,-0.3930230342354077,0.08906803714050246,82.58564994109287,3.529832704833033e-5,-9.817179304449953,9.496350676104752e-23,9.374299174690876e-20,down,2.545889637236087e-30,7.543107296610922e-29,6.989249274706748e-4,8.57379384488699e-7,4,down,"[-1.054, -0.393]",TRUE,TRUE,TRUE,TRUE,TRUE,FALSE,TRUE,TRUE
ZNF844,3,0.3388293043367511,0.07904168266027366,4.2867167415079175,1.8133327339583215e-5,0.18391045304517067,0.4937481556283316,0,0,3.612730153918884e-5,4.289501582996641,1.7907453709038655e-5,3.1496677201438736e-5,up,1.8260308693360288e-4,1.864691296407151e-4,0.00291925032676625,1.7348861228805426e-4,3,up,"[0.184, 0.494]",TRUE,FALSE,TRUE,TRUE,TRUE,TRUE,TRUE,TRUE
HECW2,3,-0.33289763967715136,0.07771777172548817,-4.283417193856253,1.8404461296881277e-5,-0.4852216732178135,-0.18057360613648923,0,0,3.663229628573106e-5,-4.334510082074056,1.460850935416267e-5,2.600662779718067e-5,down,1.7162000170256557e-4,1.755127630824068e-4,8.784768033807103e-4,1.891010423143082e-4,3,down,"[-0.485, -0.181]",TRUE,FALSE,TRUE,TRUE,TRUE,TRUE,TRUE,TRUE
SLC7A14,3,-0.5230092066413589,0.1222175431532404,-4.2793300629975235,1.8745670032113923e-5,-0.7625511895006799,-0.2834672237820378,0,0,3.7275666008249545e-5,-4.3370982494256305,1.4437609911257128e-5,2.5717861971015823e-5,down,1.620531481319672e-4,1.662206870552423e-4,0.00215633853740867,1.4973723589021174e-4,3,down,"[-0.763, -0.283]",TRUE,FALSE,TRUE,TRUE,TRUE,TRUE,TRUE,TRUE
DHRS7B,3,-0.4028773275732109,0.09448709902858492,-4.263834234675037,2.0094854469189517e-5,-0.5880686386729068,-0.2176860164735149,0.01757833407187747,68.1442628449349,3.9920237709865e-5,-8.022819043895668,1.0334553833499533e-15,6.9454211860574765e-15,down,3.417817901557459e-16,1.387192627755415e-15,9.032587058314572e-4,1.288309657061566e-8,3,down,"[-0.588, -0.218]",TRUE,FALSE,TRUE,TRUE,TRUE,FALSE,TRUE,TRUE
TPD52L1,3,0.5004639420269411,0.11782943901118792,4.247359116930209,2.1630509649626393e-5,0.26952248524645395,0.7314053988074283,0.02218666432251697,56.11676453419276,4.29298344625121e-5,6.887632376331753,5.6728577772398985e-12,2.2466643170263075e-11,up,1.7200757457113158e-12,4.153011753906017e-12,0.01212630027009631,2.2203302830510138e-12,3,up,"[0.270, 0.731]",TRUE,FALSE,TRUE,TRUE,TRUE,FALSE,TRUE,TRUE
SYDE1,3,0.6069528851093015,0.14294588040118716,4.246032718157722,2.1758887121857145e-5,0.32678410778460465,0.8871216624339983,0.02208182438746667,35.03107636804411,4.3143338327659376e-5,5.68086563147927,1.3401473301176318e-8,3.5730820668889716e-8,up,7.186206599114779e-8,9.6280313220698e-8,0.04899404251161579,4.43668579109571e-7,3,up,"[0.327, 0.887]",TRUE,FALSE,TRUE,TRUE,TRUE,TRUE,TRUE,TRUE
PPIH,3,-0.3472789605463842,0.08186955756107026,-4.241857057641149,2.2167786870030407e-5,-0.5077403447963107,-0.18681757629645765,0.00833366819312842,38.18223688066542,4.39121203136992e-5,-6.243354566633216,4.2828452838264064e-10,1.366680505505083e-9,down,4.2565201173940504e-9,6.6078014397269924e-9,0.01182503019853277,1.036489112287324e-5,3,down,"[-0.508, -0.187]",TRUE,FALSE,TRUE,TRUE,TRUE,TRUE,TRUE,TRUE
DSN1,3,-0.4674905282155765,0.1103273064753494,-4.237305732828968,2.2621800405023844e-5,-0.6837280754185739,-0.25125298101257904,0.01770529408767878,48.3305768727893,4.476871568704146e-5,-6.376397898728891,1.8130152052571167e-10,6.031966018030425e-10,down,1.0826211357273223e-9,1.806400833063931e-9,0.02805828367989513,7.02688879075798e-8,3,down,"[-0.684, -0.251]",TRUE,FALSE,TRUE,TRUE,TRUE,FALSE,TRUE,TRUE
DLAT,4,-0.4709059436060774,0.11116046120358866,-4.236271948742822,2.272615097122791e-5,-0.6887764440699731,-0.25303544314218174,0.02500435357778714,55.568344675023624,4.493235187257072e-5,-7.189037334158796,6.524973206955516e-13,2.874252640776831e-12,down,2.2000099198238968e-14,6.89247820802834e-14,0.00403595847912618,3.0956060013655774e-5,4,down,"[-0.689, -0.253]",TRUE,TRUE,TRUE,TRUE,TRUE,FALSE,TRUE,TRUE
MAP2K3,3,0.44063884587755825,0.10405063173474662,4.2348502698269685,2.287040418509734e-5,0.2367033551088145,0.644574336646302,0.01948844585423652,62.740186563712385,4.517449359989703e-5,7.2607936172185,3.848257280366653e-13,1.750412721131105e-12,up,1.2214700005824293e-13,3.494246594769598e-13,0.00214350454471499,6.867926612761719e-13,3,up,"[0.237, 0.645]",TRUE,FALSE,TRUE,TRUE,TRUE,FALSE,TRUE,TRUE
SRD5A3,3,-0.405797157798378,0.09613220819102336,-4.221240367141285,2.429616878415493e-5,-0.5942128236070902,-0.21738149198966583,0.00856533569904326,28.37942514430541,4.794505619251886e-5,-5.377567830826352,7.549877306058459e-8,1.8304832832522e-7,down,1.0300822084741035e-6,1.213858238849597e-6,0.00702355909327841,1.357388171968685e-5,3,down,"[-0.594, -0.217]",TRUE,FALSE,TRUE,TRUE,TRUE,TRUE,TRUE,TRUE
NFIA,3,0.36402651117020446,0.08625330318904748,4.220435597374651,2.4383071038712226e-5,0.19497314337205765,0.5330798789683513,0,0,4.807080735198588e-5,4.2943563993372385,1.752008369196023e-5,3.087040833489884e-5,up,2.12894408505662e-4,2.1686787978425492e-4,8.776991244332703e-4,2.2640483820973313e-4,3,up,"[0.195, 0.533]",TRUE,FALSE,TRUE,TRUE,TRUE,TRUE,TRUE,TRUE
STIP1,3,0.4725903196490108,0.11202903089108636,4.21846298133614,2.45973344982615e-5,0.2530174538795563,0.6921631854184652,0.00269238763904809,6.174102044413033,4.8424415625602574e-5,4.622189932810189,3.7971011120386144e-6,7.315279975159571e-6,up,5.41253598808872e-5,5.675227320169872e-5,0.02717731592435839,1.901531563198631e-4,3,up,"[0.253, 0.692]",TRUE,FALSE,TRUE,TRUE,TRUE,TRUE,TRUE,TRUE
GRIK1,3,-0.4053596975385779,0.09609426191012364,-4.218354868240814,2.4609129252355405e-5,-0.5937009900033794,-0.21701840507377643,0,0,4.8424415625602574e-5,-4.380548186700753,1.1838110885225327e-5,2.127954018887508e-5,down,1.358656674222272e-4,1.399133039889271e-4,0.02174670415509725,2.1063088585377448e-4,3,down,"[-0.594, -0.217]",TRUE,FALSE,TRUE,TRUE,TRUE,TRUE,TRUE,TRUE
MAF,3,0.3922333391482226,0.09300841906337914,4.217181015419059,2.473753925783044e-5,0.20994018752499097,0.5745264907714542,0.01114734151833571,42.62458785089237,4.8630953953308376e-5,5.719707079435834,1.0670785234438e-8,2.8840170872977692e-8,up,1.1924118256465006e-7,1.5573439083065755e-7,0.00416581417694218,2.509774403963816e-7,3,up,"[0.210, 0.575]",TRUE,FALSE,TRUE,TRUE,TRUE,FALSE,TRUE,TRUE
MZT1,3,-0.5426562020174526,0.12892457339581448,-4.209098294639537,2.563918389559065e-5,-0.7953437225954397,-0.2899686814394654,0.03224511355791916,65.45407149419543,5.03557456434233e-5,-7.3243046077793315,2.401406681922764e-13,1.1316217788786725e-12,down,9.530091809777725e-14,2.783860621616761e-13,0.00199828019724274,6.820600794260859e-6,3,down,"[-0.795, -0.290]",TRUE,FALSE,TRUE,TRUE,TRUE,FALSE,TRUE,TRUE
MYLK,3,0.5155845998996829,0.12255017673279296,4.207130610866908,2.5863367499875494e-5,0.2753906672043902,0.7557785325949755,0.02705196514663302,62.29295247987552,5.0747988831354574e-5,7.140494628246822,9.299566604310913e-13,4.035177154912497e-12,up,7.206302393706448e-13,1.858939199570544e-12,0.00482456953373878,1.4218710767455685e-12,3,up,"[0.275, 0.756]",TRUE,FALSE,TRUE,TRUE,TRUE,FALSE,TRUE,TRUE
PARTICL,3,-0.4321028159804082,0.10281469996488644,-4.202733812655011,2.637106296323284e-5,-0.6336159249928771,-0.23058970696793923,0.00569989688979986,15.03958540998269,5.169525953284018e-5,-4.870070544334603,1.1155841333164395e-6,2.3082557700401136e-6,down,1.4008100472203493e-5,1.5194979277902742e-5,0.00698582319349803,1.2290790630234695e-4,3,down,"[-0.634, -0.231]",TRUE,FALSE,TRUE,TRUE,TRUE,TRUE,TRUE,TRUE
PPP1R3D,3,0.4297116348547799,0.10234430930573096,4.198686158222159,2.6846809838750923e-5,0.22912047459291976,0.6303027951166401,0,0,5.257817148778981e-5,4.360026460505832,1.3004671756037238e-5,2.3280298271245655e-5,up,1.5055052844625458e-4,1.5457514653343169e-4,0.00143166996010452,3.497069923744012e-4,3,up,"[0.229, 0.630]",TRUE,FALSE,TRUE,TRUE,TRUE,TRUE,TRUE,TRUE
PPP2CA,3,-0.5049567629343271,0.12027699533558012,-4.198282153004131,2.6894740587306775e-5,-0.7406953419607563,-0.26921818390789803,0.02936841856825462,69.39528046125987,5.262235092271155e-5,-7.796411245717811,6.369258284999941e-15,3.823622912001587e-14,down,9.325715982862064e-15,3.1045802485483015e-14,0.00302094452829961,5.453536732995322e-12,3,down,"[-0.741, -0.269]",TRUE,FALSE,TRUE,TRUE,TRUE,FALSE,TRUE,TRUE
ADAT2,4,-0.49796636218595913,0.11883207207489924,-4.190504747506999,2.783345905771772e-5,-0.7308729436610295,-0.26505978071088876,0.03560074321253954,67.10647779874698,5.440772298370081e-5,-7.49628738027115,6.565077088786458e-14,3.386004891817618e-13,down,2.2817750848448597e-13,6.271674167321045e-13,4.608576510077619e-4,1.887974769588968e-5,4,down,"[-0.731, -0.265]",TRUE,TRUE,TRUE,TRUE,TRUE,FALSE,TRUE,TRUE
TMEM79,3,0.3936636679858554,0.0939560217095734,4.189871610387098,2.791123348921711e-5,0.2095132493044281,0.5778140866672826,0,0,5.450837877272721e-5,4.1971103063590265,2.7034227972950473e-5,4.651460920381546e-5,up,2.7517178450288144e-4,2.794839770122312e-4,0.00281691459031106,2.166690409778924e-4,3,up,"[0.210, 0.578]",TRUE,FALSE,TRUE,TRUE,TRUE,TRUE,TRUE,TRUE
NDUFS4,3,-0.3927087113568116,0.09392145043416532,-4.1812462386543165,2.8991568770189516e-5,-0.5767913715835393,-0.20862605113008376,0.01742090160284998,66.13954474307438,5.655348440002862e-5,-7.252192123110988,4.1007962643598634e-13,1.8570931470966477e-12,down,5.058314208126353e-13,1.3296506549624914e-12,0.00702379922331833,1.0406764396997584e-8,3,down,"[-0.577, -0.209]",TRUE,FALSE,TRUE,TRUE,TRUE,FALSE,TRUE,TRUE
FZD1,3,0.5785782000661015,0.13838013498735216,4.1810784482829355,2.901297367484593e-5,0.30735811931510026,0.8497982808171027,0,0,5.655348440002862e-5,4.288634739424772,1.7977472956020272e-5,3.1601043370820184e-5,up,2.0658100127295977e-4,2.1054004748900177e-4,0.00130223400438475,2.451568074887279e-4,3,up,"[0.307, 0.850]",TRUE,FALSE,TRUE,TRUE,TRUE,TRUE,TRUE,TRUE
NYAP2,3,-0.44523050051052576,0.1066020937462777,-4.176564313738652,2.959450951247677e-5,-0.6541667649297925,-0.23629423609125896,0,0,5.760728221812995e-5,-4.257042564382937,2.071489285901571e-5,3.615512627381244e-5,down,2.3913587282661065e-4,2.4312147070705415e-4,0.0019656370675435,2.702402947498941e-4,3,down,"[-0.654, -0.236]",TRUE,FALSE,TRUE,TRUE,TRUE,TRUE,TRUE,TRUE
LINC01000,3,0.3870126957080096,0.09266542824208276,4.1764518121792165,2.960914312657981e-5,0.20539179374154667,0.5686335976744725,0,0,5.760728221812995e-5,4.360430847875348,1.2980660076852986e-5,2.3240126344324544e-5,up,1.6667084777081094e-4,1.7078821061099894e-4,0.00509236563127572,2.428374123989387e-4,3,up,"[0.205, 0.569]",TRUE,FALSE,TRUE,TRUE,TRUE,TRUE,TRUE,TRUE
GPNMB,3,0.8757264829876474,0.20982652563173493,4.173573766953702,2.9985851107959512e-5,0.4644740497482765,1.2869789162270184,0.04537288845261635,31.954525204791736,5.8285525021469566e-5,5.506995862170327,3.650088366463061e-8,9.210526631989356e-8,up,5.74003755140554e-7,6.921417373032029e-7,0.0169122856299344,8.592092530265468e-6,3,up,"[0.464, 1.287]",TRUE,FALSE,TRUE,TRUE,TRUE,TRUE,TRUE,TRUE
FBXL7,4,0.5708122111897392,0.1375138791699003,4.150942542203271,3.31108888793773e-5,0.301289960642342,0.8403344617371364,0.05210805547940352,75.58440697097308,6.42996100522739e-5,8.787240318739533,1.5327866087045448e-18,1.434998703541622e-16,up,3.1762366565168317e-20,2.2380365878011137e-19,5.976960068679841e-4,4.1986642125372576e-5,4,up,"[0.301, 0.840]",TRUE,TRUE,TRUE,TRUE,TRUE,FALSE,TRUE,TRUE
GDA,3,-0.7647168697176575,0.1842472192563075,-4.1504934120815955,3.317593176615423e-5,-1.125834783711675,-0.4035989557236402,0.03095039564010101,29.505627244277424,6.43656524630532e-5,-5.124381811247432,2.9851552667700657e-7,6.691380013041796e-7,down,1.5979325967482048e-6,1.8545675465337307e-6,0.00624316025754187,1.484870221234019e-6,3,down,"[-1.126, -0.404]",TRUE,FALSE,TRUE,TRUE,TRUE,TRUE,TRUE,TRUE
FAM76A,3,-0.33697791351627965,0.08121583855674276,-4.149164984374871,3.3369025411126374e-5,-0.49615803206171494,-0.17779779497084436,0,0,6.467977448848233e-5,-4.242174632124903,2.2136433330356823e-5,3.850448281075237e-5,down,2.274913041138001e-4,2.3150979623749827e-4,0.0160973012619293,2.3627613783311577e-4,3,down,"[-0.496, -0.178]",TRUE,FALSE,TRUE,TRUE,TRUE,TRUE,TRUE,TRUE
ARL1,3,-0.45313972337499314,0.10950078746848062,-4.138232553856543,3.4999153110947296e-5,-0.66775732309199,-0.23852212365799627,0.02564999760906694,74.62781261333961,6.777613777040588e-5,-8.626919804090633,6.302633563998273e-18,4.708512913063762e-16,down,1.0814142403887846e-18,6.230147596017608e-18,0.00156921661916611,1.1612979375213425e-8,3,down,"[-0.668, -0.239]",TRUE,FALSE,TRUE,TRUE,TRUE,FALSE,TRUE,TRUE
GLO1,3,-0.4132923236394664,0.09990892282308585,-4.13669081760901,3.523503599222143e-5,-0.6091102141069065,-0.21747443317202633,0.01619152267403317,52.406261933708166,6.816927672375675e-5,-6.988611290651791,2.7762041034542596e-12,1.1400780427067019e-11,down,2.935113932206106e-11,5.985669906976856e-11,0.00551777941254995,1.2159244525712975e-6,3,down,"[-0.609, -0.217]",TRUE,FALSE,TRUE,TRUE,TRUE,FALSE,TRUE,TRUE
KCNAB1,3,-0.4261297874313219,0.10307931087063052,-4.133999187927588,3.565047331677167e-5,-0.6281615242889659,-0.22409805057367807,0.01118097143841641,28.739526744782367,6.89087433914114e-5,-5.728741575142154,1.011783912246498e-8,2.7395767215724327e-8,down,7.259351532312296e-8,9.713480695494e-8,0.00563416336521789,8.751319677973249e-7,3,down,"[-0.628, -0.224]",TRUE,FALSE,TRUE,TRUE,TRUE,TRUE,TRUE,TRUE
FRG1,3,-0.361937739818268,0.08756258560985172,-4.133474786034027,3.57319512099985e-5,-0.5335572540067826,-0.19031822562975345,0.00876758718242728,34.64588333987584,6.900192440366562e-5,-5.833638438941628,5.423157096462938e-9,1.5132869226726992e-08,down,7.175847308411776e-8,9.620366721167437e-8,0.02148058804165361,7.49603617630798e-6,3,down,"[-0.534, -0.190]",TRUE,FALSE,TRUE,TRUE,TRUE,TRUE,TRUE,TRUE
HLCS,3,-0.34196131648419825,0.08283833190275934,-4.128056524431385,3.658421955104056e-5,-0.5043214635529819,-0.1796011694154146,0,0,7.05820198594029e-5,-4.1181190088855555,3.819774328050467e-5,6.422152973462435e-5,down,4.391143557294043e-4,4.4468904969862527e-4,0.00138482314526937,3.9769070302896655e-4,3,down,"[-0.504, -0.180]",TRUE,FALSE,TRUE,TRUE,TRUE,TRUE,TRUE,TRUE
FEZ2,3,-0.38526942357192145,0.09340014270473744,-4.124933992765515,3.70841096445827e-5,-0.5683303394241083,-0.2022085077197346,0.01927885551907515,77.49260224301533,7.14799659877923e-5,-9.03972459145844,1.5706703675226514e-19,2.5253647909125067e-17,down,3.426709724145094e-21,2.865724180595534e-20,0.00203247724061156,3.4609168499089306e-18,3,down,"[-0.568, -0.202]",TRUE,FALSE,TRUE,TRUE,TRUE,FALSE,TRUE,TRUE
ARHGAP27,3,0.38011210648961097,0.0922061412691558,4.122416373330695,3.74918736996967e-5,0.19939139044865328,0.5608328225305687,0,0,7.21988357039656e-5,4.158081582193154,3.20931417071161e-5,5.45845408913029e-5,up,3.609540060006485e-4,3.658937480182527e-4,0.00191119970140638,4.044080899767613e-4,3,up,"[0.199, 0.561]",TRUE,FALSE,TRUE,TRUE,TRUE,TRUE,TRUE,TRUE
VDAC2,3,-0.38716668485748607,0.09396971613456022,-4.120121894409913,3.786720114889565e-5,-0.5713439441186765,-0.20298942559629565,0.01943444768863672,74.2076455111171,7.285396584676212e-5,-8.34503959659205,7.119002836511436e-17,1.6219673066919e-15,down,6.989648547018599e-16,2.699540239574781e-15,0.00739140969654303,1.4374851431618795e-9,3,down,"[-0.571, -0.203]",TRUE,FALSE,TRUE,TRUE,TRUE,FALSE,TRUE,TRUE
PLXNA3,3,0.5138205866726743,0.12472417534658344,4.119655112931154,3.794399193440464e-5,0.2693656949919122,0.7582754783534363,0.03299920136039927,73.49694562558025,7.293404937159892e-5,8.263986845545018,1.408861456810064e-16,1.6219673066919e-15,up,2.7909792182609023e-21,2.4018634434328263e-20,0.00128511114206043,8.85535313755738e-7,3,up,"[0.269, 0.758]",TRUE,FALSE,TRUE,TRUE,TRUE,FALSE,TRUE,TRUE
PLXNB1,3,0.558664110201492,0.1360418652459611,4.106560206238263,4.0159482149293526e-5,0.292026953929757,0.8253012664732269,0.03585824554609069,69.25837282985913,7.712107960892108e-5,8.047777862492158,8.431079579767508e-16,5.741829150272605e-15,up,2.8075339600009174e-18,1.520319956407807e-17,0.00197788878202116,1.1690974784947215e-17,3,up,"[0.292, 0.825]",TRUE,FALSE,TRUE,TRUE,TRUE,FALSE,TRUE,TRUE
NETO2,3,-0.4483415211902932,0.1092138694731106,-4.105170189036098,4.040173259584917e-5,-0.6623967719698485,-0.23428627041073796,0.01859358514212073,52.09870332982147,7.75145174873184e-5,-6.035882004346185,1.580967494219731e-9,4.7006374220097e-9,down,7.735762987410425e-9,1.1617648396733688e-8,0.00560399974933768,5.0249523653756195e-8,3,down,"[-0.662, -0.234]",TRUE,FALSE,TRUE,TRUE,TRUE,FALSE,TRUE,TRUE
NEAT1,3,1.0309992905663845,0.2512614046702808,4.103293507888007,4.073099890299078e-5,0.53853598670769,1.523462594425079,0.12583312652117265,67.51869477911423,7.807402192680488e-5,7.69933135311363,1.3678006184028235e-14,7.85423398579758e-14,up,1.9948406386587774e-13,5.538553526878585e-13,0.00429465470597826,1.4760282128944415e-9,3,up,"[0.539, 1.523]",TRUE,FALSE,TRUE,TRUE,TRUE,FALSE,TRUE,TRUE
RCN3,3,0.5138894488100277,0.12533253496113422,4.100207890707592,4.1277916299537105e-5,0.26824219419509754,0.7595367034249579,0.02245965194152031,46.942601544317434,7.897638229265678e-5,5.893601370795724,3.7786810875621305e-9,1.075509922016914e-8,up,2.502605090508711e-8,3.523695151198281e-8,0.00888583962747307,8.958870104444315e-6,3,up,"[0.268, 0.760]",TRUE,FALSE,TRUE,TRUE,TRUE,FALSE,TRUE,TRUE
EGFR,4,0.4488889594597828,0.10949337630380045,4.099690543967655,4.1370294002244715e-5,0.23428588535864256,0.663492033560923,0.00750624309990443,13.746227599233816,7.90801748946134e-5,4.839793591402236,1.2997404983161544e-6,2.6683915962654484e-6,up,5.2930979310045766e-5,5.555609872926868e-5,0.00493472501177516,5.040721404066846e-5,4,up,"[0.234, 0.663]",TRUE,TRUE,TRUE,TRUE,TRUE,TRUE,TRUE,TRUE
SMPD2,3,0.48529195553189425,0.11871351748744058,4.087924996268738,4.3524881665964295e-5,0.25261773677844485,0.7179661742853436,0.02473819218589826,59.72143631323688,8.308163871099697e-5,6.958656353101446,3.435333389597062e-12,1.3922041506553354e-11,up,1.3671608201647821e-13,3.8789213967465914e-13,0.00642696185101331,2.8509568229756185e-14,3,up,"[0.253, 0.718]",TRUE,FALSE,TRUE,TRUE,TRUE,FALSE,TRUE,TRUE
GAS2,3,-0.4837066215420516,0.11844285316741011,-4.0838818772658945,4.428955052214726e-5,-0.7158503479763413,-0.25156289510776186,0.01469886639208345,34.515139867997334,8.438611651667882e-5,-5.418025018314595,6.026098536009861e-8,1.4777528107536118e-7,down,9.202449977782864e-7,1.0887553481986115e-6,0.04223775956936725,6.862724564252413e-6,3,down,"[-0.716, -0.252]",TRUE,FALSE,TRUE,TRUE,TRUE,TRUE,TRUE,TRUE
GATA2,3,0.5841763873826985,0.14304792658613366,4.083780879067461,4.430881431372384e-5,0.30380760321074685,0.8645451715546502,0.01136728604865558,16.664423635033963,8.438611651667882e-5,4.763167404475234,1.905776090241592e-6,3.824998633223016e-6,up,2.2150610068814703e-5,2.3778656978634416e-5,0.04376068823464199,5.855044497091023e-5,3,up,"[0.304, 0.865]",TRUE,FALSE,TRUE,TRUE,TRUE,TRUE,TRUE,TRUE
MAP3K6,3,0.352831941588386,0.08645501837115643,4.081104234732308,4.482224711825234e-5,0.18338321929817067,0.5222806638786013,0,0,8.528563350757372e-5,4.096426140476113,4.1957726991201334e-5,7.008906805802937e-5,up,4.77044835592296e-4,4.8192449538159865e-4,0.00150371230680577,4.597764560020035e-4,3,up,"[0.183, 0.522]",TRUE,FALSE,TRUE,TRUE,TRUE,TRUE,TRUE,TRUE
NUDT17,3,0.5049202489240747,0.12378667256174254,4.07895485414417,4.5238620070117745e-5,0.26230282893700685,0.7475376689111426,0,0,8.599898994081045e-5,4.112088006691906,3.920967675618904e-5,6.574354325295266e-5,up,4.435924454322283e-4,4.490047495492638e-4,0.00177904080500992,4.615192040168035e-4,3,up,"[0.262, 0.748]",TRUE,FALSE,TRUE,TRUE,TRUE,TRUE,TRUE,TRUE
FLT4,3,0.8110644985972739,0.1991396096845028,4.072843669234086,4.644259859458845e-5,0.4207580357202847,1.2013709614742631,0.06462037518569126,57.9203311078262,8.820691344796377e-5,6.7102428345557605,1.9430079236478828e-11,7.272513463208372e-11,up,2.5103642306165613e-10,4.519527269356552e-10,0.04904028671081053,1.4774288649675006e-5,3,up,"[0.421, 1.201]",TRUE,FALSE,TRUE,TRUE,TRUE,FALSE,TRUE,TRUE
SLC44A5,3,-0.6234595827984915,0.15313404776538286,-4.0713322209943525,4.674502527294098e-5,-0.9235968012254782,-0.32332236437150474,0.04451813853094246,67.24747505283274,8.87000754035495e-5,-7.409525166884965,1.267524216682935e-13,6.228976150556138e-13,down,2.3844912920253746e-13,6.515724558182646e-13,0.01230198111830568,3.440508348757278e-12,3,down,"[-0.924, -0.323]",TRUE,FALSE,TRUE,TRUE,TRUE,FALSE,TRUE,TRUE
GALM,3,0.3837953599487362,0.09429471375212438,4.070168354905151,4.697917562279913e-5,0.1989811170620587,0.5686096028354137,0.008191332290982,26.90123346566605,8.906289784431938e-5,5.259236205477021,1.4465498039259818e-7,3.374446412186267e-7,up,1.9271949129920693e-6,2.218092258349362e-6,0.01620176342945314,1.9084219722730935e-5,3,up,"[0.199, 0.569]",TRUE,FALSE,TRUE,TRUE,TRUE,TRUE,TRUE,TRUE
CXXC1,3,0.4438371257651056,0.1090828656405928,4.068806985942817,4.725447144607862e-5,0.23003863777912203,0.6576356137510893,0.02791542562602461,78.51707265630066,8.950298975266398e-5,8.849314707326407,8.805833346920048e-19,9.265317737940723e-17,up,2.8363976625552384e-19,1.788051292443637e-18,0.00557636371269165,9.888160434089281e-8,3,up,"[0.230, 0.658]",TRUE,FALSE,TRUE,TRUE,TRUE,FALSE,TRUE,TRUE
CDH23,4,0.7727207418710831,0.19003658375854424,4.066168348158072,4.7792417641862994e-5,0.400255881959307,1.1451856017828592,0.10653950152046988,78.0317225391809,9.043930126754e-5,8.823722176581228,1.1071670548003335e-18,1.0918143383071019e-16,up,2.7898535973814008e-21,2.4018634434328263e-20,0.00166679675794375,2.535076275459198e-21,4,up,"[0.400, 1.145]",TRUE,TRUE,TRUE,TRUE,TRUE,FALSE,TRUE,TRUE
CHM,3,-0.3983312639229621,0.09834504743882752,-4.050343909496121,5.1142414531614336e-5,-0.5910840149609471,-0.2055785128849771,0.01735067287899046,63.55981123196148,9.66903990324231e-5,-7.142116532534994,9.19046292836814e-13,3.990176919178794e-12,down,1.0592362821815275e-13,3.059688090869761e-13,0.00263486320867488,2.570707143837167e-13,3,down,"[-0.591, -0.206]",TRUE,FALSE,TRUE,TRUE,TRUE,FALSE,TRUE,TRUE
KPTN,4,0.4763815148144122,0.1178071447281646,4.043740436232827,5.260515609162829e-5,0.2454837540257119,0.7072792756031125,0.03399785501210516,64.23927797376628,9.936529483974232e-5,6.9879325585772545,2.7896642016249887e-12,1.1449698354727198e-11,up,5.112966321140304e-12,1.1488940574263259e-11,0.00129057228400787,1.633605531009391e-6,4,up,"[0.245, 0.707]",TRUE,TRUE,TRUE,TRUE,TRUE,FALSE,TRUE,TRUE
TSNARE1,3,0.5466730620530901,0.13522014033472235,4.042837558812334,5.280820731643389e-5,0.2816464570125824,0.8116996670935978,0.03288291733345339,61.49568595220851,9.965807277004902e-5,7.270675316945645,3.5769474570612985e-13,1.6345445407738874e-12,up,3.403624820593355e-15,1.1924185604578748e-14,0.01642872731579442,4.1736075419897486e-16,3,up,"[0.282, 0.812]",TRUE,FALSE,TRUE,TRUE,TRUE,FALSE,TRUE,TRUE
PSMA4,3,-0.42609184197595806,0.10559633335048262,-4.035100731781334,5.4578877128193385e-5,-0.6330568522423897,-0.2191268317095264,0.02295273179335808,71.97985637134528,1.0290599196715736e-4,-7.9399142554163085,2.023210680607917e-15,1.3017543448261115e-14,down,4.844936025333274e-16,1.9212996781149537e-15,0.00264535589276823,7.947949059352218e-14,3,down,"[-0.633, -0.219]",TRUE,FALSE,TRUE,TRUE,TRUE,FALSE,TRUE,TRUE
CLN3,3,0.44552277002370766,0.11079488749527018,4.021149171190115,5.791491376602641e-5,0.22836878086181092,0.6626767591856044,0.02990586635689852,83.19324608736738,1.09096758538364e-4,9.229585267516518,2.7168177367347845e-20,6.5880603216034316e-18,up,3.7977990379420616e-29,9.48992193336366e-28,0.00582300270947522,2.0524020635048776e-24,3,up,"[0.228, 0.663]",TRUE,FALSE,TRUE,TRUE,TRUE,FALSE,TRUE,TRUE
FZD9,3,0.807982191672141,0.2015924359040192,4.007998554354649,6.123549509499863e-5,0.4128682777445642,1.2030961055997178,0.09686829187645972,79.49454207976424,1.15247202202384e-4,8.927781857926254,4.346356457512908e-19,5.689216664557311e-17,up,6.887169843525006e-20,4.667970671722504e-19,0.00268559205548936,1.1776648223949741e-7,3,up,"[0.413, 1.203]",TRUE,FALSE,TRUE,TRUE,TRUE,FALSE,TRUE,TRUE
SIPA1L3,4,0.4130086243602755,0.1032861234272982,3.998684534336185,6.369550967075703e-5,0.21057154234001235,0.6154457063805387,0.03363719955588507,80.33685359298542,1.1965986146480986e-4,9.106373547026106,8.518165677505484e-20,1.575008833770764e-17,up,8.821712742908735e-21,6.723229664412691e-20,0.00168320992715236,1.1116237160703744e-9,4,up,"[0.211, 0.615]",TRUE,TRUE,TRUE,TRUE,TRUE,FALSE,TRUE,TRUE
DCC,4,-0.4628030692006657,0.11575850774376976,-3.998004796546578,6.387865707262592e-5,-0.6896855752825554,-0.23592056311877604,0.01840289711851988,33.736375641060675,1.1989532558246712e-4,-5.278950435374945,1.2992594040777708e-7,3.053001605261062e-7,down,5.491477971427648e-6,6.0775481924978345e-6,0.00436728208311359,3.571901344162313e-6,4,down,"[-0.690, -0.236]",TRUE,TRUE,TRUE,TRUE,TRUE,TRUE,TRUE,TRUE
SSBP1,3,-0.4864082581467984,0.12186184749085754,-3.99147286999149,6.566420133173507e-5,-0.7252530903183919,-0.2475634259752049,0.02671386704006102,62.15426795681385,1.2313522021882326e-4,-7.292940780764209,3.032614138950958e-13,1.4048991025168358e-12,down,7.550548504987862e-16,2.894609537771687e-15,0.00509987827589661,1.506337832585699e-16,3,down,"[-0.725, -0.248]",TRUE,FALSE,TRUE,TRUE,TRUE,FALSE,TRUE,TRUE
NUAK1,4,-0.42849032780859286,0.10743598146896458,-3.988331673894303,6.653959082223473e-5,-0.6390609821314761,-0.21791967348570968,0.02462251865920773,60.321704853010715,1.2466405724057347e-4,-7.093131111930992,1.3111113114635568e-12,5.5954871665230616e-12,down,1.0391235742225315e-10,1.9663707052349736e-10,0.00474680167823979,4.6192101245452337e-10,4,down,"[-0.639, -0.218]",TRUE,TRUE,TRUE,TRUE,TRUE,FALSE,TRUE,TRUE
RBM3,4,-0.6848875398743807,0.17174779329947504,-3.9877516136708002,6.670244545686093e-5,-1.0215070291655812,-0.34826805058318,0.08287699067457553,74.58266433986196,1.2485638256094726e-4,-7.712295103612448,1.2357497788477394e-14,7.140316690904596e-14,down,9.26405560819241e-13,2.352773314369544e-12,0.00527976868982044,4.775326971804306e-6,4,down,"[-1.022, -0.348]",TRUE,TRUE,TRUE,TRUE,TRUE,FALSE,TRUE,TRUE
HIF3A,3,0.762210580224224,0.19126687209170903,3.9850632359311953,6.746215756192883e-5,0.3873343994888452,1.137086760959603,0.07695139385637627,72.82179610268219,1.261645759994954e-4,7.774899615890617,7.550725914720099e-15,4.481955767678158e-14,up,2.9200234732146785e-14,9.012096255129825e-14,0.04273546714690187,4.5671984013837784e-06,3,up,"[0.387, 1.137]",TRUE,FALSE,TRUE,TRUE,TRUE,FALSE,TRUE,TRUE
TCEAL7,4,-0.6089184942906809,0.1530568549592425,-3.978381069262332,6.938610339419195e-5,-0.908904417597767,-0.30893257098359483,0.07304121314855905,82.1289628399906,1.2964574634194062e-4,-9.274848854463318,1.778710494609829e-20,5.0597472377439594e-18,down,3.661206809106613e-24,4.4666723071100683e-23,0.00300772032536449,1.052183616237891e-23,4,down,"[-0.909, -0.309]",TRUE,TRUE,TRUE,TRUE,TRUE,FALSE,TRUE,TRUE
PDE9A,3,0.4175160966133051,0.10509480708033112,3.9727566776364993,7.104561325397274e-5,0.21153405977367104,0.6234981334529391,0.02232190778722909,68.57080232297713,1.3262700440030555e-4,7.294763542689776,2.9918405192472893e-13,1.3886195469314684e-12,up,7.372634301973927e-14,2.175084429913787e-13,0.00384919840024312,6.990128291048541e-6,3,up,"[0.212, 0.623]",TRUE,FALSE,TRUE,TRUE,TRUE,FALSE,TRUE,TRUE
NSF,3,-0.6389368722679276,0.16095946394199837,-3.969551442456146,7.200805997553973e-5,-0.954411624565118,-0.32346211997073737,0.03308203415497931,42.192288742772554,1.343028025083358e-4,-5.486269455724168,4.1051056869072876e-8,1.0285014112590208e-7,down,3.266268135184158e-7,4.0370918428915043e-7,0.00388313508788632,1.3103518387136447e-6,3,down,"[-0.954, -0.323]",TRUE,FALSE,TRUE,TRUE,TRUE,FALSE,TRUE,TRUE
CYCS,4,-0.48445655410154315,0.12207121811893476,-3.968638648543131,7.228439578538613e-5,-0.7237117451635886,-0.24520136303949777,0.04679699020983543,81.25153097084018,1.346970681571346e-4,-9.02091035304544,1.8653268502702721e-19,2.815501507061006e-17,down,5.736115398968411e-25,8.148426943466084e-24,0.00268904122670583,1.9477368882322482e-8,4,down,"[-0.724, -0.245]",TRUE,TRUE,TRUE,TRUE,TRUE,FALSE,TRUE,TRUE
TRAPPC6B,3,-0.610986041190966,0.15397652141069512,-3.968046787869097,7.246410919914475e-5,-0.912774477620689,-0.3091976047612431,0.05697089157396088,80.88027857760322,1.3491073831151367e-4,-9.166531907882032,4.884815959719917e-20,1.0322313953739573e-17,down,2.741831381479883e-22,2.720841284779558e-21,0.00249433483957146,2.6782197055909896e-8,3,down,"[-0.913, -0.309]",TRUE,FALSE,TRUE,TRUE,TRUE,FALSE,TRUE,TRUE
TRMT10C,3,-0.5768364101706407,0.14566361265092126,-3.960058381587809,7.493144236469767e-5,-0.8623318448244393,-0.29134097551684207,0.04806534840911775,77.3389716875026,1.393255143354466e-4,-8.681603224066318,3.902286736629534e-18,3.1370992069686995e-16,down,4.622877887198992e-19,2.8116858469356913e-18,0.0026313841752447,5.9072279243742485e-9,3,down,"[-0.862, -0.291]",TRUE,FALSE,TRUE,TRUE,TRUE,FALSE,TRUE,TRUE
SEC61G,3,-0.5890717126165596,0.14875787561846202,-3.959936307018969,7.496975602620944e-5,-0.880631791245434,-0.29751163398768504,0.05164090929149215,78.78223399520145,1.393255143354466e-4,-8.867203920969205,7.500547831616709e-19,8.34196267107326e-17,down,1.9476885716120942e-20,1.402606283862321e-19,0.0015699504010031,2.222665970472872e-7,3,down,"[-0.881, -0.298]",TRUE,FALSE,TRUE,TRUE,TRUE,FALSE,TRUE,TRUE
NDUFV2,3,-0.3750434538743443,0.09473983083871966,-3.9586671261087583,7.536919335898331e-5,-0.5607301102196519,-0.18935679752903664,0.01109832426676357,36.27593012313909,1.399424413845402e-4,-5.967948556793045,2.4025508688652766e-9,7.010955307211515e-9,down,1.3405322137007632e-8,1.9538045054219135e-8,0.02275397161044727,8.560730475683496e-8,3,down,"[-0.561, -0.189]",TRUE,FALSE,TRUE,TRUE,TRUE,TRUE,TRUE,TRUE
IGF1,3,-0.8713602598205812,0.22121226924024284,-3.939023196196496,8.181402089805113e-5,-1.3049283404698349,-0.4377921791713276,0.06417034257549449,42.03073666350407,1.5177305844593742e-4,-5.574580215894605,2.4812745445916313e-8,6.390912948563366e-8,down,3.8042943019626497e-7,4.654930019038664e-7,0.01570414442096817,1.5431826438807476e-5,3,down,"[-1.305, -0.438]",TRUE,FALSE,TRUE,TRUE,TRUE,FALSE,TRUE,TRUE
NIPSNAP3B,3,-0.7148280855065503,0.1815014925522724,-3.938414364833281,8.202185759409785e-5,-1.070564474049269,-0.35909169696383164,0.05571709364947381,55.54452982524797,1.520226386507229e-4,-6.632197405407852,3.3072585441905456e-11,1.2016941386800924e-10,down,4.947858101594714e-10,8.58014858085906e-10,0.0131115153891038,1.4463597076055054e-6,3,down,"[-1.071, -0.359]",TRUE,FALSE,TRUE,TRUE,TRUE,FALSE,TRUE,TRUE
GDPD1,3,-0.46443912338591553,0.11798593678000292,-3.936393913216206,8.27151605395743e-5,-0.695687310156941,-0.23319093661489015,0.02761844350663606,68.86140466864954,1.5317075264203314e-4,-7.385468904106785,1.5191703985113778e-13,7.380574276098804e-13,down,5.4327096960574385e-14,1.628242761506232e-13,0.00225281279138743,1.916096968493104e-6,3,down,"[-0.696, -0.233]",TRUE,FALSE,TRUE,TRUE,TRUE,FALSE,TRUE,TRUE
ARPC1B,3,0.5363807313891741,0.13643653734577357,3.931356965105431,8.446774513166088e-5,0.2689700320161039,0.8037914307622442,0.03567416966855333,65.94805027829781,1.5627663104644484e-4,7.084357186876132,1.3969118415582664e-12,5.9462215713179495e-12,up,2.283082929762482e-13,6.271674167321045e-13,0.00697557208928803,1.5361067539172838e-13,3,up,"[0.269, 0.804]",TRUE,FALSE,TRUE,TRUE,TRUE,FALSE,TRUE,TRUE
LRRN1,3,0.36372772127776026,0.09258173113657242,3.9287202433189057,8.539911648406838e-5,0.1822708626237078,0.5451845799318127,0,0,1.5785897289479305e-4,3.956134227331638,7.617237225599072e-5,1.2272538181141648e-4,up,8.185664075057423e-4,8.245297373321561e-4,0.00313154565015086,7.123168802349115e-4,3,up,"[0.182, 0.545]",TRUE,FALSE,TRUE,TRUE,TRUE,TRUE,TRUE,TRUE
RHOQ,3,0.4849803764870384,0.12358971653226718,3.9241159385653113,8.704880885772144e-5,0.24274898322428023,0.7272117697497965,0.02248519546832921,49.058466855997494,1.6076511983162446e-4,6.146183532075093,7.936944250010695e-10,2.449984961313819e-9,up,1.3518160623452525e-8,1.9688669335000375e-8,0.03287090804397296,3.923971327678786e-6,3,up,"[0.243, 0.727]",TRUE,FALSE,TRUE,TRUE,TRUE,FALSE,TRUE,TRUE
CEP41,3,-0.44633063615230806,0.11403320636445942,-3.9140409217802663,9.076424309580605e-5,-0.6698316136682722,-0.2228296586363439,0.02831938422612646,73.60579475690662,1.6743088348612629e-4,-7.7423875550336065,9.756705013133222e-15,5.702140677766363e-14,down,1.4305828211900677e-13,4.036773838296871e-13,0.00940191363052084,2.6776590420154698e-11,3,down,"[-0.670, -0.223]",TRUE,FALSE,TRUE,TRUE,TRUE,FALSE,TRUE,TRUE
NDUFA5,4,-0.6746094183538052,0.17236272444757916,-3.91389391480044,9.081954866050726e-5,-1.0124341505482617,-0.3367846861593486,0.09549370369322252,84.41635230330591,1.6743088348612629e-4,-9.287394255570096,1.581116526458368e-20,4.773035848851466e-18,down,1.788238191268623e-34,8.062621758024184e-33,7.432638142107442e-4,2.0686274604680883e-10,4,down,"[-1.012, -0.337]",TRUE,TRUE,TRUE,TRUE,TRUE,FALSE,TRUE,TRUE
OVGP1,3,-0.4787031040020446,0.12234455966201192,-3.912745326187824,9.125275695472336e-5,-0.7184940346439999,-0.23891217336008935,0.01690926326071914,36.196644434242494,1.680801224903164e-4,-5.349305780656283,8.829225513827465e-8,2.1206300379597517e-7,down,7.278802599022538e-7,8.675998040444106e-7,0.04074380789766295,7.518771369117792e-6,3,down,"[-0.718, -0.239]",TRUE,FALSE,TRUE,TRUE,TRUE,TRUE,TRUE,TRUE
RNMT,3,-0.42434334616844965,0.10847436641175048,-3.911922790659256,9.15641877398228e-5,-0.6369491975812819,-0.2117374947556174,0.0230170015251967,65.91186475215609,1.6850410414586734e-4,-6.991179027302529,2.725856522448078e-12,1.120958289687294e-11,down,7.425181899204468e-11,1.4259099313842652e-10,0.01337241571407067,1.2013523017737606e-8,3,down,"[-0.637, -0.212]",TRUE,FALSE,TRUE,TRUE,TRUE,FALSE,TRUE,TRUE
ABHD15,3,0.4225990518268302,0.10804449680583804,3.911342681212761,9.178443384544446e-5,0.2108357293596347,0.6343623742940256,0.01881065509530983,57.80667555152425,1.687596771236275e-4,6.4690572451591475,9.86162343970518e-11,3.3862151050445695e-10,up,4.4030369154078973e-11,8.705337047241162e-11,0.01322271391384654,6.63328254336757e-11,3,up,"[0.211, 0.634]",TRUE,FALSE,TRUE,TRUE,TRUE,FALSE,TRUE,TRUE
AIG1,4,-0.3985701166710228,0.10209066691914637,-3.904079860568273,9.458454712546456e-5,-0.5986641469902244,-0.1984760863518213,0.0326037925275342,81.26592146481278,1.737540750559907e-4,-9.034205677601726,1.6519779632577477e-19,2.5995806417562343e-17,down,4.052732871205873e-25,5.877879702713971e-24,0.00121553658424553,1.6925370828121784e-9,4,down,"[-0.599, -0.198]",TRUE,TRUE,TRUE,TRUE,TRUE,FALSE,TRUE,TRUE
GDPD3,3,0.758239607485026,0.1945779617915876,3.8968421732013834,9.745508265626482e-5,0.3768738101883036,1.1396054047817483,0.06167861348015713,53.91141581892441,1.788688862204365e-4,6.0615930138118905,1.3477990728117391e-9,4.034941081771148e-9,up,7.919190339218065e-9,1.1875922460982116e-8,0.00903058635442175,4.715443886385569e-6,3,up,"[0.377, 1.140]",TRUE,FALSE,TRUE,TRUE,TRUE,FALSE,TRUE,TRUE
BTBD3,3,-0.4626871707342982,0.1189419723363188,-3.890024367731266,1.0023415636590968e-4,-0.6958091527636425,-0.22956518870495396,0,0,1.838069321864692e-4,-4.0279426755541845,5.626705764893365e-5,9.239076713666856e-5,down,5.879552674451482e-4,5.933913502098479e-4,0.00509628250193379,6.339656809470885e-4,3,down,"[-0.696, -0.230]",TRUE,FALSE,TRUE,TRUE,TRUE,TRUE,TRUE,TRUE
TATDN3,3,-0.4663442282415466,0.12000120146329415,-3.886162992994628,1.0184114133387888e-4,-0.7015422612111384,-0.2311461952719548,0.03228582806126864,78.07606841368214,1.8658880488203603e-4,-8.531369990523586,1.4462468320434516e-17,9.341870366631762e-16,down,1.4527884338221383e-17,6.974729656822025e-17,0.00509866785418315,1.0040599563413676e-14,3,down,"[-0.702, -0.231]",TRUE,FALSE,TRUE,TRUE,TRUE,FALSE,TRUE,TRUE
IMPA1,3,-0.4443199398059676,0.11443668374669085,-3.8826705323747728,1.0331551140746922e-4,-0.6686117184596818,-0.22002816115225343,0.02591702647748117,69.65613605509499,1.8912301029046e-4,-7.368383401147344,1.7270949117222005e-13,8.313313891273163e-13,down,4.8275891135405897e-14,1.45741190996844e-13,0.00346510517798797,1.8541313431841827e-12,3,down,"[-0.669, -0.220]",TRUE,FALSE,TRUE,TRUE,TRUE,FALSE,TRUE,TRUE
SLC12A4,3,0.5588804606026337,0.14435714621867077,3.8715122544473632,1.0816221847977445e-4,0.27594565310305663,0.8418152681022109,0.039300315207964,66.96769547882343,1.978204948210337e-4,7.273797766584599,3.4951912602625413e-13,1.5991608141603313e-12,up,1.861827843707144e-14,5.931537554298952e-14,0.00949483294246567,1.4512053716883213e-14,3,up,"[0.276, 0.842]",TRUE,FALSE,TRUE,TRUE,TRUE,FALSE,TRUE,TRUE
EFNB1,3,0.6366577118417126,0.16446362630224087,3.871115614778573,1.0833838971705066e-4,0.3143149275224662,0.9590004961609592,0.05797175443684902,78.72062698099711,1.979681235886899e-4,8.794293260682236,1.4395115391410202e-18,1.3649522235239727e-16,up,6.428001079076412e-20,4.385419157238316e-19,0.01560262605592996,4.0803437336752635e-18,3,up,"[0.314, 0.959]",TRUE,FALSE,TRUE,TRUE,TRUE,FALSE,TRUE,TRUE
MFN1,3,-0.46638362941422784,0.12093511566549305,-3.856478135798428,1.1503238177310652e-4,-0.7034121005847799,-0.22935515824367583,0.02762641895214521,65.97088516291544,2.1001510545547796e-4,-7.384013376199385,1.5358800650427437e-13,7.441447075700054e-13,down,2.5636088868619204e-24,3.183787324162648e-23,0.01879617985929528,1.110493974261216e-25,3,down,"[-0.703, -0.229]",TRUE,FALSE,TRUE,TRUE,TRUE,FALSE,TRUE,TRUE
ENY2,3,-0.4485874376691351,0.11635070484656176,-3.8554767524675735,1.1550430727345304e-4,-0.6766306287442461,-0.22054424659402416,0.03063611122600023,78.69786005574056,2.106912341997727e-4,-8.832107562780108,1.0272159159541547e-18,1.0266606641076932e-16,down,3.3975099175085817e-19,2.1288324981609662e-18,0.00385949248693424,1.013328245265308e-9,3,down,"[-0.677, -0.221]",TRUE,FALSE,TRUE,TRUE,TRUE,FALSE,TRUE,TRUE
C1ORF74,3,-0.3893773819034252,0.10105099031116442,-3.8532762588909097,1.1654776432268231e-4,-0.5874336835154134,-0.191321080291437,0,0,2.1240778840531032e-4,-3.881583248568173,1.0377861370156196e-4,1.637083559639015e-4,down,0.00112542622536698,0.00113087887180771,0.0024267773240385,0.00118322398391182,3,down,"[-0.587, -0.191]",TRUE,FALSE,TRUE,TRUE,TRUE,TRUE,TRUE,TRUE
GMPR,3,0.7307235066640483,0.189850572189108,3.848940238832585,1.1862994194346388e-4,0.35862322272907504,1.1028237905990217,0.07625928952327642,70.76693961462011,2.160127301060088e-4,7.121391623878811,1.0684272986595017e-12,4.607631662324008e-12,up,2.49424392435142e-12,5.912070741834108e-12,0.01223038684613207,1.1118920900142615e-5,3,up,"[0.359, 1.103]",TRUE,FALSE,TRUE,TRUE,TRUE,FALSE,TRUE,TRUE
PHYHD1,3,0.6830201763301762,0.17767595940540887,3.8441901685286943,1.2095118857393444e-4,0.3347816949769742,1.0312586576833782,0.06799991622406419,73.925352639072,2.2004628517749127e-4,7.835536269523636,4.668458629932083e-15,2.8453168543038883e-14,up,1.6129493817505064e-15,5.899924193563581e-15,0.04824432637935007,9.12936855374037e-16,3,up,"[0.335, 1.031]",TRUE,FALSE,TRUE,TRUE,TRUE,FALSE,TRUE,TRUE
ZNF358,4,0.5023377841832097,0.1308379759810905,3.839388223613384,1.2334126671155804e-4,0.24590006345015575,0.7587755049162637,0.03883289072224476,59.22286020981695,2.2419788532845872e-4,6.137922678812119,8.360753599211961e-10,2.574360267267763e-9,up,3.3375644430408694e-8,4.6457105066219885e-8,0.00381432751860502,3.4851505782450773e-6,4,up,"[0.246, 0.759]",TRUE,TRUE,TRUE,TRUE,TRUE,FALSE,TRUE,TRUE
HSD3B7,4,0.5057105716477847,0.13175124325657242,3.8383741902379143,1.2385164446916276e-4,0.24748287994652707,0.7639382633490422,0.02456995336764128,34.324018137396315,2.2492846815152677e-4,5.128407956370104,2.922027009087029e-7,6.555835510149452e-7,up,1.2791430726349656e-5,1.3904312015958691e-5,0.00267372220453328,7.024405333389315e-6,4,up,"[0.247, 0.764]",TRUE,TRUE,TRUE,TRUE,TRUE,TRUE,TRUE,TRUE
NBPF1,3,0.3800097431484731,0.099071714495965,3.835703713030525,1.2520527630857626e-4,0.18583275084974687,0.5741867354471992,0.0067445023134727,19.129197030569056,2.271878766964017e-4,4.658179215662037,3.190184337971958e-6,6.209923243490091e-6,up,4.197185388699333e-5,4.439042578359213e-5,0.01173892192277611,2.4361162743642405e-4,3,up,"[0.186, 0.574]",TRUE,FALSE,TRUE,TRUE,TRUE,TRUE,TRUE,TRUE
RAB3GAP2,3,-0.4481793462277434,0.11714327576312351,-3.8259075760695898,1.302911700914197e-4,-0.6777759477545093,-0.2185827447009776,0.02718399798132779,67.16777429528814,2.3620969123217176e-4,-7.048151700421081,1.813099171501159e-12,7.588953861020132e-12,down,9.454482372432131e-14,2.769575768421503e-13,0.00884097557071777,2.100877310452812e-13,3,down,"[-0.678, -0.219]",TRUE,FALSE,TRUE,TRUE,TRUE,FALSE,TRUE,TRUE
SCOC,3,-0.6365911584513314,0.16640535187241043,-3.825544979703724,1.304831063826047e-4,-0.9627396549559706,-0.3104426619466922,0.06730147117594351,83.8303676385858,2.3635105907207177e-4,-9.209962419126938,3.262391295670057e-20,7.030024935067835e-18,down,3.1938274946244272e-27,6.333143312588706e-26,0.00218680866031895,1.0985990005565906e-8,3,down,"[-0.963, -0.310]",TRUE,FALSE,TRUE,TRUE,TRUE,FALSE,TRUE,TRUE
PARVG,3,0.6229514858574533,0.16294341598802023,3.823115417583079,1.3177605787977748e-4,0.3035882590030057,0.9423147127119008,0,0,2.3848476792553096e-4,3.8237736543747074,1.3142457365004052e-4,2.0461343999909475e-4,up,0.00141275606517246,0.00141617016876156,0.00237167776508751,0.00152928812821567,3,up,"[0.304, 0.942]",TRUE,FALSE,TRUE,TRUE,TRUE,TRUE,TRUE,TRUE
CEBPA,3,0.5853543552943234,0.15376062704004645,3.8069196683353135,1.407084251198058e-4,0.28398906405553687,0.88671964653311,0.04986810240391393,76.2375922067881,2.544283118556907e-4,8.28260284480373,1.2051180392927607e-16,1.6219673066919e-15,up,2.6785956444553053e-18,1.458112169711366e-17,0.00512574517650749,2.3611939373021508e-17,3,up,"[0.284, 0.887]",TRUE,FALSE,TRUE,TRUE,TRUE,FALSE,TRUE,TRUE
ACTR2,5,-0.5191996515756687,0.13655779605237472,-3.8020506084950094,1.4350340391333077e-4,-0.786848013646489,-0.25155128950484834,0.06627092185887623,79.32006002299882,2.592561495786132e-4,-8.519636466127357,1.6005491584317528e-17,1.0198848142656518e-15,down,2.817117445823589e-20,1.9940961032894616e-19,0.00221008300930096,6.174009091570954e-6,5,down,"[-0.787, -0.252]",TRUE,TRUE,TRUE,TRUE,TRUE,FALSE,TRUE,TRUE
C17ORF67,3,0.7138980111012927,0.1883225750074878,3.790825455062452,1.501474463762304e-4,0.34479254661077374,1.0830034755918116,0.06927955347099761,67.60820237243377,2.710233279236744e-4,6.902151613110233,5.122072438238513e-12,2.038356080345011e-11,up,3.0996416737355256e-11,6.296431764277649e-11,0.00610926773597869,8.7708779122742e-10,3,up,"[0.345, 1.083]",TRUE,FALSE,TRUE,TRUE,TRUE,FALSE,TRUE,TRUE
NPRL3,3,0.5048255279523023,0.13353564626065262,3.780455197460286,1.565418884300503e-4,0.2431004706291424,0.7665505852754622,0.04125824778689983,79.55708806169656,2.8231989269906463e-4,8.434984109218751,3.312478122704083e-17,1.6219673066919e-15,up,4.0152693684118894e-23,4.382983510571715e-22,0.0109899409984925,3.275692815787495e-23,3,up,"[0.243, 0.767]",TRUE,FALSE,TRUE,TRUE,TRUE,FALSE,TRUE,TRUE
SYPL2,3,0.6953086632774573,0.1840480010957275,3.777865878129324,1.5817802135713208e-4,0.33458120970324307,1.0560361168516716,0,0,2.8502277697193043e-4,3.8041996245534015,1.42263422635105e-4,2.2028269105186572e-4,up,0.00152468603728595,0.00152689466022745,0.00237326501977858,0.00178590017172126,3,up,"[0.335, 1.056]",TRUE,FALSE,TRUE,TRUE,TRUE,TRUE,TRUE,TRUE
MACROD1,3,0.5669338930319258,0.1502999018805373,3.772017718830856,1.619327536126684e-4,0.27235149846616874,0.8615162875976827,0.04989674466574792,75.98316222126199,2.9153518315336313e-4,7.77659090987104,7.450504805473227e-15,4.4313577435689584e-14,up,3.2062683115805885e-27,6.333143312588706e-26,9.457044178895112e-4,1.4023743297917154e-4,3,up,"[0.272, 0.862]",TRUE,FALSE,TRUE,TRUE,TRUE,FALSE,TRUE,TRUE
SYNPR,3,-0.4449094888539081,0.1181954021740168,-3.764186090748914,1.670924208627682e-4,-0.6765682202532082,-0.21325075745460795,0,0,3.004282144033674e-4,-3.918297287425888,8.917668002336137e-5,1.4215987185101423e-4,down,9.610347348991558e-4,9.675660389227424e-4,0.01077781703759708,0.00103448896904783,3,down,"[-0.677, -0.213]",TRUE,FALSE,TRUE,TRUE,TRUE,TRUE,TRUE,TRUE
RFX1,3,0.5354869882382896,0.14226230984169402,3.764081919056187,1.6716208265259692e-4,0.25665798459109124,0.8143159918854879,0.05235666268185611,87.36728158555823,3.004282144033674e-4,9.632197452745332,5.846558609503702e-22,3.76009978051212e-19,up,1.051621381909002e-32,3.6351045767987837e-31,0.00424596513973052,1.5277718117122502e-9,3,up,"[0.257, 0.814]",TRUE,FALSE,TRUE,TRUE,TRUE,FALSE,TRUE,TRUE
CDC7,3,-0.5892892948654447,0.15669690162514982,-3.760695257875245,1.694417528943003e-4,-0.8964095785397541,-0.2821690111911352,0.0565390904342339,79.28420876767143,3.0426164112794707e-4,-8.599982976153447,7.972792475958188e-18,5.6698820338641095e-16,down,2.0859046681258417e-19,1.3604296483311307e-18,0.00442927630649016,8.757162950936829e-7,3,down,"[-0.896, -0.282]",TRUE,FALSE,TRUE,TRUE,TRUE,FALSE,TRUE,TRUE
ZNF391,3,-0.47930818355873617,0.1276533887256304,-3.754762708171648,1.7350577723485177e-4,-0.7295042279654631,-0.22911213915200923,0.02036294017828898,40.825621239793136,3.1128977680370466e-4,-5.355239755226369,8.544304414167017e-8,2.055413089841576e-7,down,6.823257624717543e-7,8.180020990557332e-7,0.00591651536716371,9.364586157696405e-6,3,down,"[-0.730, -0.229]",TRUE,FALSE,TRUE,TRUE,TRUE,FALSE,TRUE,TRUE
ABHD10,3,-0.3859190678492082,0.10284641237071224,-3.752382401616053,1.7516200541805427e-4,-0.5874943320349588,-0.1843438036634575,0.01531790758088554,47.13909387953237,3.139896276897533e-4,-5.584964902006247,2.3374741603380415e-8,6.043684282419213e-8,down,4.199044479516183e-7,5.116814483264726e-7,0.02433630915050551,1.203149113542987e-5,3,down,"[-0.587, -0.184]",TRUE,FALSE,TRUE,TRUE,TRUE,FALSE,TRUE,TRUE
MICU3,3,-0.6726096560048868,0.17933996718777304,-3.7504727281490418,1.765015019130154e-4,-1.0241095326815168,-0.32110977932825663,0.07659953677371521,80.24582220314193,3.1611754314990844e-4,-8.532915331573276,1.4270512949644943e-17,9.258308225927544e-16,down,2.9166715526034013e-21,2.4690517551426347e-20,0.00798144623286361,4.407194797465885e-6,3,down,"[-1.024, -0.321]",TRUE,FALSE,TRUE,TRUE,TRUE,FALSE,TRUE,TRUE
RARG,3,0.4295475722431278,0.11458143347243809,3.748840970351912,1.7765368671590888e-4,0.20497208934017697,0.6541230551460786,0.02515336307628532,66.10321316485107,3.1790659728110014e-4,6.5972051685074264,4.189807747895107e-11,1.5049935941443524e-10,up,2.7231415116082266e-10,4.877198182275876e-10,0.01810088542958708,1.1014295364165084e-9,3,up,"[0.205, 0.654]",TRUE,FALSE,TRUE,TRUE,TRUE,FALSE,TRUE,TRUE
ERICH3,3,-0.691363957956522,0.1846136308907189,-3.7449236799083994,1.80448621813742e-4,-1.053200025557502,-0.3295278903555418,0.0622902052000858,62.24074638917156,3.226296910704318e-4,-6.3086073602505275,2.8155739233959497e-10,9.169522121284212e-10,down,4.8841378933333935e-9,7.520194499460622e-9,0.02459238891211371,5.251956856845646e-8,3,down,"[-1.053, -0.330]",TRUE,FALSE,TRUE,TRUE,TRUE,FALSE,TRUE,TRUE
RAB18,3,-0.5286361913928619,0.14117297596749157,-3.744599047870131,1.8068208805702068e-4,-0.8053301398794839,-0.25194224290623984,0.03519935298214494,61.03297718960578,3.22768863591956e-4,-6.720732682585009,1.8081304368825147e-11,6.791738299229598e-11,down,9.624657942111139e-14,2.8035871589801266e-13,0.00741692352893125,1.4616644573745986e-14,3,down,"[-0.805, -0.252]",TRUE,FALSE,TRUE,TRUE,TRUE,FALSE,TRUE,TRUE
MAMDC4,3,0.6974460255035015,0.18674948684522935,3.734661001138479,1.879682104444622e-4,0.3314237571555155,1.0634682938514877,0.06402587314222603,64.09878525874362,3.354957559912346e-4,6.421019386565258,1.3536478587696523e-10,4.5725414768030823e-10,up,2.9296509884934603e-9,4.638241335981249e-9,0.04177984878600575,5.598373628693246e-7,3,up,"[0.331, 1.063]",TRUE,FALSE,TRUE,TRUE,TRUE,FALSE,TRUE,TRUE
RBMS2,3,0.47376513293613415,0.12704091094755243,3.729232806994932,1.9206364347766077e-4,0.22476952291577112,0.7227607429564972,0.02076175742546342,42.35731956756263,3.4251074511837355e-4,5.5549801127517195,2.776433693651232e-8,7.110285179447545e-8,up,3.55456922682899e-7,4.369992042942102e-7,0.04748734333060795,2.197430715034794e-6,3,up,"[0.225, 0.723]",TRUE,FALSE,TRUE,TRUE,TRUE,FALSE,TRUE,TRUE
COL18A1,3,0.3963367863789286,0.10636710209998748,3.7261218793604343,1.9444840921327715e-4,0.18786109712305843,0.6048124756347988,0,0,3.464656363473684e-4,3.849757133814476,1.1823500259633392e-4,1.852289936883045e-4,up,0.00127767295543523,0.00128199985949331,0.00314978568649271,0.0014614710407895,3,up,"[0.188, 0.605]",TRUE,FALSE,TRUE,TRUE,TRUE,TRUE,TRUE,TRUE
ZDBF2,3,-0.597304206966389,0.1604421615151071,-3.722863126037774,1.9697631732239535e-4,-0.9117650651377572,-0.28284334879502077,0.05740097440834128,76.681075336459,3.5066856834905407e-4,-8.185584801641305,2.7098448783135555e-16,1.962017887421151e-15,down,1.185789832433143e-18,6.79372406758657e-18,0.00215831227057664,1.0911703696509096e-5,3,down,"[-0.912, -0.283]",TRUE,FALSE,TRUE,TRUE,TRUE,FALSE,TRUE,TRUE
SOX12,3,0.405838719848055,0.10940361602996213,3.7095548993271743,2.0762393460512185e-4,0.19141157265088032,0.6202658670452297,0.02720906245884491,77.48562638635394,3.6930706721357e-4,7.998416976873792,1.2602895473706888e-15,8.333573082122141e-15,up,4.0742004656285885e-16,1.6344084653217972e-15,0.00786957396441891,1.8241007831225648e-6,3,up,"[0.191, 0.620]",TRUE,FALSE,TRUE,TRUE,TRUE,FALSE,TRUE,TRUE
KLF2,3,0.7200901096130339,0.1943006612181941,3.7060610349873864,2.1050759031788943e-4,0.33926781145305507,1.1009124077730128,0.06526837330518777,58.26301364616622,3.741154604278515e-4,5.83234303847785,5.465440988057097e-9,1.5245107127162095e-8,up,1.85843232173669e-8,2.6673969794338377e-8,0.01258004212754876,2.9068833550193192e-8,3,up,"[0.339, 1.101]",TRUE,FALSE,TRUE,TRUE,TRUE,FALSE,TRUE,TRUE
GTF2H5,3,-0.44994388280755215,0.12217815771895388,-3.682686751936111,2.3078868207811095e-4,-0.6894086716341561,-0.2104790939809482,0.03163006232134414,77.9925382687765,4.0980798512842647e-4,-8.125099017011602,4.469973527949685e-16,3.1621161370364284e-15,down,9.580817170995211e-22,8.75357480733219e-21,0.00363261134049742,1.0832908035543403e-20,3,down,"[-0.689, -0.210]",TRUE,FALSE,TRUE,TRUE,TRUE,FALSE,TRUE,TRUE
ANO2,3,0.7670596607349421,0.2094713081877329,3.661884137599819,2.5036709381177767e-4,0.3565034408924955,1.1776158805773886,0.06983311042173886,56.726064404527435,4.4419277379437714e-4,5.9726945870722705,2.3336653691991052e-9,6.818008718386959e-9,up,1.0298241178281989e-8,1.5191004412344842e-8,0.03196332846750614,7.544017398101418e-8,3,up,"[0.357, 1.178]",TRUE,FALSE,TRUE,TRUE,TRUE,FALSE,TRUE,TRUE
EXOC1,3,-0.4221889734054095,0.11534301681166716,-3.6602907143894328,2.5192925358312023e-4,-0.6482571322244751,-0.19612081458634392,0.02033942531195885,50.89950424126703,4.465822837020439e-4,-5.87013667481682,4.354360241935102e-9,1.2298968244931072e-8,down,7.725059956696784e-8,1.0303391865073395e-7,0.04353535231673765,1.8781633588535334e-5,3,down,"[-0.648, -0.196]",TRUE,FALSE,TRUE,TRUE,TRUE,FALSE,TRUE,TRUE
PROB1,4,0.46380255621085503,0.1270105655349362,3.651684836276704,2.605254880202775e-4,0.21486642210631585,0.7127386903153943,0.03369164972070845,53.68006088760182,4.614260137950944e-4,5.555459296796893,2.7688273228049454e-8,7.09203355133e-8,up,5.266390307008464e-7,6.372516625866718e-7,0.00599556886925393,9.441102484529736e-7,4,up,"[0.215, 0.713]",TRUE,TRUE,TRUE,TRUE,TRUE,FALSE,TRUE,TRUE
HIVEP3,3,0.38244287651675374,0.10498030314655347,3.64299649604612,2.694825079875053e-4,0.17668526326341205,0.5882004897700954,0,0,4.768828682304488e-4,3.67414281845009,2.386492265159542e-4,3.5564168432641494e-4,up,0.00242551664245843,0.00242668669390197,0.00354978256839178,0.00237783049799348,3,up,"[0.177, 0.588]",TRUE,FALSE,TRUE,TRUE,TRUE,TRUE,TRUE,TRUE
PRMT9,3,-0.4650438158147271,0.12818844759647077,-3.6278137736612273,2.8583130152475596e-4,-0.7162885563379098,-0.21379907529154435,0.03036421614990187,67.06840548932568,5.051682760272307e-4,-6.824358391832417,8.83191437564432e-12,3.4208347065862996e-11,down,1.9741565564562693e-12,4.7388896968637754e-12,0.0447228607561947,1.550459843720073e-12,3,down,"[-0.716, -0.214]",TRUE,FALSE,TRUE,TRUE,TRUE,FALSE,TRUE,TRUE
GADD45G,3,0.810851290456775,0.22351642455390808,3.6277033872345807,2.859534985805057e-4,0.37276714837795094,1.248935432535599,0.10113872313917284,68.378565440886,5.051682760272307e-4,6.586511858587133,4.5027960755084446e-11,1.6123301754761779e-10,up,2.9911461252896604e-11,6.093946035216851e-11,0.00591248187853819,1.0900250253653028e-4,3,up,"[0.373, 1.249]",TRUE,FALSE,TRUE,TRUE,TRUE,FALSE,TRUE,TRUE
NAPG,5,-0.4790977310565841,0.1323008790664522,-3.621273981225344,2.9315585228176835e-4,-0.7384026891498195,-0.21979277296334865,0.06636074878761523,79.88556807408014,5.17451266070117e-4,-8.2640871660585,1.4076772996511988e-16,1.6219673066919e-15,down,1.7322547415820907e-18,9.657785844196924e-18,0.00240591621428657,2.005620379921283e-7,5,down,"[-0.738, -0.220]",TRUE,TRUE,TRUE,TRUE,TRUE,FALSE,TRUE,TRUE
TMEM242,3,-0.4882330758234429,0.1348969050051292,-3.6193052450304832,2.9539503121603193e-4,-0.752626151259417,-0.22384000038746876,0.04275201384664734,81.59816774780253,5.209602846446005e-4,-8.909302893092008,5.135443485159861e-19,6.126087099393926e-17,down,2.462749029532245e-21,2.146109868592385e-20,0.0026765222993614,2.8031788204222017e-8,3,down,"[-0.753, -0.224]",TRUE,FALSE,TRUE,TRUE,TRUE,FALSE,TRUE,TRUE
LIG1,3,0.4655660895057882,0.12867307005750003,3.618209228222666,2.966485380455098e-4,0.21337150641288893,0.7177606725986875,0.03473055083290894,73.72188624370719,5.227264808040673e-4,7.3241909037569375,2.403443432714847e-13,1.1322208680483445e-12,up,7.464791333919294e-14,2.1960251385175338e-13,0.00933075438274911,1.973722470838391e-13,3,up,"[0.213, 0.718]",TRUE,FALSE,TRUE,TRUE,TRUE,FALSE,TRUE,TRUE
SALL3,3,0.6643765151883055,0.1836623794643964,3.6173794389781233,2.976008742223055e-4,0.30440486612315976,1.024348164253451,0.05812933624810364,57.46910743252168,5.239594339024292e-4,5.610846335618003,2.013394896551089e-8,5.2433340334126254e-8,up,2.5015766546406644e-7,3.133013273988368e-7,0.01735055066867826,2.390562912984959e-7,3,up,"[0.304, 1.024]",TRUE,FALSE,TRUE,TRUE,TRUE,FALSE,TRUE,TRUE
ADCYAP1R1,3,0.5690881387032906,0.15750441518490738,3.6131567361790538,3.024917266958673e-4,0.26038515753482855,0.8777911198717525,0.04924809462150739,66.46157730432864,5.32118609980686e-4,6.544163016394486,5.98295078411059e-11,2.1061353640781494e-10,up,3.5612873400005514e-12,8.225066751849825e-12,0.00516034594286937,0.0011818610349723,3,up,"[0.260, 0.878]",TRUE,FALSE,TRUE,TRUE,TRUE,FALSE,TRUE,TRUE
MFAP4,4,0.6896071809054671,0.19106465240788367,3.6092870775139394,3.070396736472742e-4,0.31512734346735105,1.064087018343583,0.0893670178893905,63.65460364908784,5.396612569020734e-4,6.078309211107008,1.2145637817173834e-9,3.65456213571268e-9,up,4.23045623754922e-8,5.8298778981243075e-8,0.00914588810318693,9.497489218547375e-6,4,up,"[0.315, 1.064]",TRUE,TRUE,TRUE,TRUE,TRUE,FALSE,TRUE,TRUE
TMEM128,3,-0.5014002369765866,0.13937109094955466,-3.597591391159221,3.21177658849627e-4,-0.7745625557237701,-0.22823791822940329,0.04123216381725492,78.21749739241413,5.640325693938411e-4,-8.097919376147109,5.590709887328122e-16,3.889829757918982e-15,down,3.402423842968198e-17,1.5543231388361326e-16,0.00995158833321165,8.125638819955003e-16,3,down,"[-0.775, -0.228]",TRUE,FALSE,TRUE,TRUE,TRUE,FALSE,TRUE,TRUE
LIN7A,3,-0.588025748866048,0.1635594007927077,-3.5951816038461857,3.241653693822561e-4,-0.9085962837527072,-0.26745521397938893,0.04683415083087657,59.73527835656806,5.687977801174273e-4,-6.031906613827004,1.6203641337025075e-9,4.811004870679946e-9,down,6.524304310802516e-9,9.913118784325582e-9,0.00881121550317718,2.7951549514954644e-7,3,down,"[-0.909, -0.267]",TRUE,FALSE,TRUE,TRUE,TRUE,FALSE,TRUE,TRUE
RASSF3,3,0.6029279502880581,0.16809271941567291,3.5868772447966077,3.3466177112579786e-4,0.2734722741699426,0.9323836264061736,0.05206660937553258,64.34933101226905,5.867189461664453e-4,6.32224589806408,2.577887175387307e-10,8.415825887956091e-10,up,1.0035568722356623e-9,1.6798845464219236e-9,0.00789809310961624,1.7134253407366948e-8,3,up,"[0.273, 0.932]",TRUE,FALSE,TRUE,TRUE,TRUE,FALSE,TRUE,TRUE
ARL6,3,-0.5881464732605272,0.16497590646427643,-3.565044653280225,3.637942464545099e-4,-0.9114933082473576,-0.2647996382736967,0.06247644778840529,77.56614858846946,6.372544486035926e-4,-7.844693170014014,4.340133415391712e-15,2.6627457555946624e-14,down,4.325820343111401e-15,1.50029287485168e-14,0.00979374730738653,2.3374863160827742e-8,3,down,"[-0.911, -0.265]",TRUE,FALSE,TRUE,TRUE,TRUE,FALSE,TRUE,TRUE
FANCM,4,-0.5404006126833936,0.15173999518551398,-3.561359099970391,3.689400801991493e-4,-0.8378055382612821,-0.242995687105505,0.06883081594125318,80.07633344657349,6.451785213600637e-4,-7.934432017842723,2.114608106484591e-15,1.3564303170477047e-14,down,5.52626378425413e-26,8.95427428792427e-25,0.00271839556590939,5.948458954953839e-6,4,down,"[-0.838, -0.243]",TRUE,TRUE,TRUE,TRUE,TRUE,FALSE,TRUE,TRUE
ZNF483,3,-0.5356551806567016,0.1507820015894572,-3.552514060100891,3.815686264411573e-4,-0.8311824732888988,-0.2401278880245043,0.05219911665742603,78.17599221289294,6.666719067774446e-4,-8.006857360615824,1.1767684625824039e-15,7.819748022694933e-15,down,1.0140593124911495e-17,4.972007125547622e-17,0.00491690339885749,2.541501915779381e-5,3,down,"[-0.831, -0.240]",TRUE,FALSE,TRUE,TRUE,TRUE,FALSE,TRUE,TRUE
PIM3,3,0.6167031283879941,0.1736093677362891,3.55224569059407,3.819580343330413e-4,0.27643502024609745,0.9569712365298908,0.06778288793364279,78.67079961646897,6.666719067774446e-4,8.029497466585186,9.787273230625e-16,6.598071744193025e-15,up,4.473099305978676e-20,3.1131570337583133e-19,0.00701468193564452,2.118103803956209e-11,3,up,"[0.276, 0.957]",TRUE,FALSE,TRUE,TRUE,TRUE,FALSE,TRUE,TRUE
IL1RAP,3,-0.5822949440132906,0.16393058679295522,-3.5520823502494427,3.821952252451213e-4,-0.9035929900920004,-0.260996897934581,0.05759265339531325,73.25104327017782,6.666719067774446e-4,-7.270087321651774,3.5925519207091154e-13,1.6411682523511189e-12,down,8.214927759228407e-15,2.7703675077462956e-14,0.00940899680165765,6.849835351292399e-7,3,down,"[-0.904, -0.261]",TRUE,FALSE,TRUE,TRUE,TRUE,FALSE,TRUE,TRUE
CCDC17,3,0.5276534898469988,0.148717192067464,3.548032897283552,3.8811974180162466e-4,0.23617314951284352,0.819133830181154,0.00996722598458086,12.79364447976064,6.764372642828315e-4,4.097670585983803,4.173286032453379e-5,6.973961431531493e-5,up,4.7027287384168487e-4,4.75314785744471e-4,0.01762572568329832,4.850676087776412e-4,3,up,"[0.236, 0.819]",TRUE,FALSE,TRUE,TRUE,TRUE,TRUE,TRUE,TRUE
MT1F,3,1.0699036044981045,0.30174352413090627,3.545738413375013,3.915146457970972e-4,0.4784971646333356,1.6613100443628734,0.19227251938922815,76.14800691810349,6.817811716063641e-4,7.754142313568116,8.894254048555416e-15,5.222858510767436e-14,up,1.548479364270067e-16,6.527532929870161e-16,0.00844058298860372,2.78018188525341e-16,3,up,"[0.478, 1.661]",TRUE,FALSE,TRUE,TRUE,TRUE,FALSE,TRUE,TRUE
MAP9,4,-0.5113026782116085,0.14455081834899258,-3.537182867945845,4.044195454053752e-4,-0.7946170761114255,-0.2279882803117914,0.06105682945564759,75.93496713488848,7.036628667539834e-4,-7.669966303184458,1.7204154078434864e-14,9.746604639150077e-14,down,1.0242624009410897e-17,5.0101891970561804e-17,0.00457996958604584,1.585947576929818e-5,4,down,"[-0.795, -0.228]",TRUE,TRUE,TRUE,TRUE,TRUE,FALSE,TRUE,TRUE
MBD3,4,0.44997003448798367,0.1272535341190767,3.53601208487402,4.0621611047222993e-4,0.2005576907091544,0.6993823782668129,0.04566757172113205,72.94793474520455,7.061963228159303e-4,6.973293833891345,3.096050274327218e-12,1.2630109116891396e-11,up,4.794798303983378e-13,1.2635847118756705e-12,0.00498693462793528,4.9999170288535416e-5,4,up,"[0.201, 0.699]",TRUE,TRUE,TRUE,TRUE,TRUE,FALSE,TRUE,TRUE
TMEM67,3,-0.5105270281475098,0.14450857857086857,-3.5328492826959885,4.111067691187184e-4,-0.7937586376034889,-0.2272954186915309,0.04661872381711781,76.33894747782256,7.141000327908056e-4,-7.799768149923352,6.202101728186331e-15,3.730845415344945e-14,down,1.5496622912681483e-17,7.388504809402621e-17,0.00318059692158198,9.239089510979484e-5,3,down,"[-0.794, -0.227]",TRUE,FALSE,TRUE,TRUE,TRUE,FALSE,TRUE,TRUE
TRAPPC13,4,-0.5710557644197938,0.16198927287708664,-3.5252690149001187,4.2305293810636905e-4,-0.8885489051407146,-0.25356262369887295,0.08544159716318407,86.28665166947654,7.342358105712212e-4,-9.148762812177033,5.758927988638059e-20,1.1511630109180296e-17,down,6.681660324804484e-27,1.2263507534198672e-25,0.00391406180943323,3.579315018241372e-9,4,down,"[-0.889, -0.254]",TRUE,TRUE,TRUE,TRUE,TRUE,FALSE,TRUE,TRUE
STMN2,3,-0.8073440641029391,0.22916414414209407,-3.5229946950267337,4.266999011297459e-4,-1.256497533169389,-0.3581905950364892,0.07491575186217446,49.49448820161375,7.399461496179708e-4,-5.266353124370463,1.391604858621279e-7,3.256544703168163e-7,down,5.489121343648659e-7,6.626564416022887e-7,0.04898984982269556,4.447106300609449e-7,3,down,"[-1.256, -0.358]",TRUE,FALSE,TRUE,TRUE,TRUE,FALSE,TRUE,TRUE
OCIAD1,3,-0.5949632852889069,0.1693674291769314,-3.5128553829991267,4.433186999395186e-4,-0.9269173466298306,-0.26300922394798304,0.07763403358727461,91.41551183525571,7.681227933789153e-4,-10.156947413255637,3.0858699087398437e-24,9.027015882629252e-21,down,1.918128782228535e-42,1.7296517801486879e-40,0.009501256631822,3.762417196862753e-11,3,down,"[-0.927, -0.263]",TRUE,FALSE,TRUE,TRUE,TRUE,FALSE,TRUE,TRUE
TGFB1,4,0.7176261719381126,0.20431517856954573,3.512348798373018,4.44164657094199e-4,0.3171757804469332,1.118076563429292,0.12970474681244226,82.33017400669512,7.689461592766016e-4,8.231550541335722,1.8480551884305606e-16,1.6219673066919e-15,up,9.354529753566364e-25,1.2934196472597759e-23,0.00693164004186123,1.6410493452636545e-6,4,up,"[0.317, 1.118]",TRUE,TRUE,TRUE,TRUE,TRUE,FALSE,TRUE,TRUE
MTMR6,4,-0.4843729183258741,0.13805892196498706,-3.5084506776658393,4.507248007535052e-4,-0.7549634331216746,-0.2137824035300737,0.05990407031727414,83.04545685986129,7.796524076420098e-4,-8.715967623254638,2.8828570066936567e-18,2.409221516554382e-16,down,6.827326496747998e-21,5.303324027810991e-20,0.00554763369339439,8.733587241469765e-8,4,down,"[-0.755, -0.214]",TRUE,TRUE,TRUE,TRUE,TRUE,FALSE,TRUE,TRUE
BCAR1,3,0.4979618459715112,0.1420529314320265,3.505466877392742,4.558072126494323e-4,0.21954321646640151,0.7763804754766209,0.046073166650199,78.05294789037038,7.876803175958467e-4,7.701509474943746,1.344682026079573e-14,7.730484465514592e-14,up,2.7167824199948765e-25,4.083048361644474e-24,0.01385113103851091,4.0139773103592696e-11,3,up,"[0.220, 0.776]",TRUE,FALSE,TRUE,TRUE,TRUE,FALSE,TRUE,TRUE
TCF7,3,0.4870160721176301,0.13893780733723018,3.505281114272542,4.561253912404108e-4,0.214702973645694,0.7593291705895661,0.03007697601028711,51.24922434762684,7.876803175958467e-4,5.281140283834249,1.283823402992246e-7,3.018168432463653e-7,up,1.9090936516428235e-6,2.1984787526414303e-6,0.02144914226551061,6.789565359396345e-6,3,up,"[0.215, 0.759]",TRUE,FALSE,TRUE,TRUE,TRUE,FALSE,TRUE,TRUE
UCKL1,3,0.5660280841117145,0.16172167620832056,3.500013711103202,4.652342277602608e-4,0.24905942322395808,0.8829967449994709,0.06380783883613475,83.8039854796553,8.027419204449091e-4,8.577579315763684,9.689056631716997e-18,6.728663178232762e-16,up,2.6343759447169412e-23,2.9693998420342053e-22,0.01260902755732181,5.912397520475332e-13,3,up,"[0.249, 0.883]",TRUE,FALSE,TRUE,TRUE,TRUE,FALSE,TRUE,TRUE
RBM14,3,0.5885540856033179,0.16852793893933446,3.4923235239658488,4.7883789217495e-4,0.25824539489345705,0.9188627763131788,0.06298432361165851,75.94062698133885,8.255276711312106e-4,7.497881459709061,6.485751178809322e-14,3.352104522604735e-13,up,1.745190654075024e-13,4.884649684954926e-13,0.01288535895432091,1.824397710530701e-7,3,up,"[0.258, 0.919]",TRUE,FALSE,TRUE,TRUE,TRUE,FALSE,TRUE,TRUE
CASKIN2,3,0.5334508642924434,0.15284554966616443,3.4901301703423684,4.827853249111673e-4,0.23387909174953303,0.8330226368353537,0.05228294395428688,76.72541117979576,8.316418304532898e-4,7.571399347182302,3.6922509240382015e-14,1.9853062765675418e-13,up,1.1462211366923685e-15,4.2679760098742756e-15,0.00778783397494925,5.8462144638828445e-5,3,up,"[0.234, 0.833]",TRUE,FALSE,TRUE,TRUE,TRUE,FALSE,TRUE,TRUE
PLEKHO2,3,0.44137615661135626,0.12655124037515372,3.4877268314630703,4.8714551015364207e-4,0.19334028327718383,0.6894120299455286,0.0278586860964502,61.51224623181727,8.38456255650335e-4,5.899594723411685,3.643955271710051e-9,1.0389627289733052e-8,up,1.3360525865144818e-8,1.9486449116955243e-8,0.03176992318480709,2.486919684891084e-8,3,up,"[0.193, 0.689]",TRUE,FALSE,TRUE,TRUE,TRUE,FALSE,TRUE,TRUE
STAT1,3,-0.5631279486298287,0.16170031148220837,-3.4825409021663436,4.966793392903189e-4,-0.8800547354238657,-0.24620116183579183,0.05434745476265842,71.07571508626108,8.541566746999348e-4,-6.685032317732212,2.3087368845533744e-11,8.550534801280299e-11,down,1.5711378759713195e-10,2.9120106834356715e-10,0.01543450585054981,4.478264302000792e-9,3,down,"[-0.880, -0.246]",TRUE,FALSE,TRUE,TRUE,TRUE,FALSE,TRUE,TRUE
RARRES2,3,0.5274567354400204,0.15175135488681182,3.475795888830379,5.093397781500206e-4,0.23002954525671288,0.8248839256233278,0.05100002703867067,75.43644700422253,8.752035624549649e-4,7.47982094557531,7.442394197183332e-14,3.802690672357024e-13,up,6.663200541622503e-16,2.5927725934943845e-15,0.01265857833929918,4.4507714646327814e-7,3,up,"[0.230, 0.825]",TRUE,FALSE,TRUE,TRUE,TRUE,FALSE,TRUE,TRUE
SSC5D,3,0.7202709515286095,0.20871822709064825,3.4509250177551065,5.586687584078911e-4,0.31119074351388687,1.129351159543332,0.10324557381031128,81.3139413451528,9.591713617036144e-4,8.16218631301769,3.2901417607230423e-16,2.3579349285181803e-15,up,4.192102283565258e-17,1.8819091203710704e-16,0.0146115141410759,1.9528870445893943e-12,3,up,"[0.311, 1.129]",TRUE,FALSE,TRUE,TRUE,TRUE,FALSE,TRUE,TRUE
STMN4,3,-0.6020803517507004,0.17464936314671742,-3.4473664312472283,5.660802371455847e-4,-0.9443868134411236,-0.2597738900602773,0.04045415769073331,43.12785017842064,9.71092152059506e-4,-4.809286041784863,1.5147032654915137e-6,3.078946090854812e-6,down,1.9340565378058997e-5,2.0815948414164172e-5,0.01832310006688244,2.4061722971757967e-5,3,down,"[-0.944, -0.260]",TRUE,FALSE,TRUE,TRUE,TRUE,FALSE,TRUE,TRUE
BRI3,3,0.4829187152513455,0.14032648806087308,3.441393866009511,5.787254573238331e-4,0.2078838525750444,0.7579535779276466,0.04738573484244393,83.30733589497201,9.919641309831652e-4,8.391494890478876,4.799992030057235e-17,1.6219673066919e-15,up,1.2853616769435847e-23,1.4976629876297724e-22,0.00523198411656636,3.731346793526465e-6,3,up,"[0.208, 0.758]",TRUE,FALSE,TRUE,TRUE,TRUE,FALSE,TRUE,TRUE
C1QL3,3,-0.7092873185702661,0.20626278274858,-3.438755693676634,5.843943635971293e-4,-1.1135549441084924,-0.3050196930320397,0.05908153035509566,45.76161055618301,0.00100085376556601,-4.811956930439482,1.4945956727539184e-6,3.042672610979351e-6,down,1.6856295528287676e-5,1.8179904797539595e-5,0.03226407564239191,1.237457981302802e-5,3,down,"[-1.114, -0.305]",TRUE,FALSE,TRUE,TRUE,TRUE,FALSE,TRUE,TRUE
ARHGEF10L,4,0.4751886637401001,0.13851279998807664,3.430648025171717,6.021413444739517e-4,0.20370856436566984,0.7466687631145303,0.06520578495983836,88.25084239038634,0.00103039698716087,9.055724145048147,1.3566458821169937e-19,2.2803983963948374e-17,up,8.95849317494878e-37,4.531686547522871e-35,0.00888981872363525,1.9734686844786762e-08,4,up,"[0.204, 0.747]",TRUE,TRUE,TRUE,TRUE,TRUE,FALSE,TRUE,TRUE
RLIM,3,-0.44907584308635234,0.13105778528199216,-3.426548389476386,6.113048310743441e-4,-0.7059443821326405,-0.19220730404006417,0.04166331885507818,83.33246076701779,0.00104521535008094,-8.624704533617711,6.425833933490555e-18,4.728902265880214e-16,down,6.163954203870594e-19,3.6525831482364604e-18,0.01157117271001527,3.040678434953871e-7,3,down,"[-0.706, -0.192]",TRUE,FALSE,TRUE,TRUE,TRUE,FALSE,TRUE,TRUE
CDC42,3,-0.4488520800254473,0.1314660122816728,-3.414206244148931,6.396813269282705e-4,-0.7065207292886264,-0.19118343076226824,0.04102218038015103,82.3114061156587,0.00109283284353314,-8.290984835520916,1.123146050035238e-16,1.6219673066919e-15,down,5.946679470742719e-16,2.3270590985510185e-15,0.01462314152535248,5.817875572642042e-13,3,down,"[-0.707, -0.191]",TRUE,FALSE,TRUE,TRUE,TRUE,FALSE,TRUE,TRUE
SCN7A,4,-0.5772893936382211,0.1691121667689868,-3.4136479040376724,6.409935570164401e-4,-0.9087431498529666,-0.24583563742347564,0.07249518098642346,64.85265313113388,0.00109417336399349,-5.744998399582759,9.19218557886428e-9,2.4976269118765697e-8,down,9.561644310448852e-8,1.2631114840682114e-7,0.00908303942206188,6.056573544101187e-5,4,down,"[-0.909, -0.246]",TRUE,TRUE,TRUE,TRUE,TRUE,FALSE,TRUE,TRUE
MYSM1,3,-0.5512231208400054,0.16153840648535917,-3.412334768140509,6.440896093293573e-4,-0.8678325796713008,-0.23461366200870992,0.06129244755006435,83.58302046275156,0.00109855415275418,-8.379310082044347,5.323884537075345e-17,1.6219673066919e-15,down,7.939670755634483e-23,8.233438573592959e-22,0.01223275091025885,3.172834521265338e-22,3,down,"[-0.868, -0.235]",TRUE,FALSE,TRUE,TRUE,TRUE,FALSE,TRUE,TRUE
PPP1R13L,4,0.6356056046256547,0.1869354078605996,3.400134901674887,6.735261507270825e-4,0.26921893778357386,1.0019922714677356,0.10542040620437217,79.82208550672713,0.00114781695694985,7.911155844236792,2.550100550475648e-15,1.6189307872375874e-14,up,5.949245408735998e-18,3.004357953671916e-17,0.00782800068805792,1.8921861006979056e-6,4,up,"[0.269, 1.002]",TRUE,TRUE,TRUE,TRUE,TRUE,FALSE,TRUE,TRUE
VWC2L,3,-0.7636453623054142,0.22466946059715845,-3.398972696492389,6.763946836543653e-4,-1.2039894135018856,-0.32330131110894295,0.09076752289303612,60.433927630135024,0.00115175909187122,-5.607574225802851,2.0518202687192212e-8,5.3349490973624034e-8,down,2.924501671848302e-7,3.634162053573025e-7,0.04035162358150974,5.124377764911164e-5,3,down,"[-1.204, -0.323]",TRUE,FALSE,TRUE,TRUE,TRUE,FALSE,TRUE,TRUE
SEC61A2,3,-0.5315254605145616,0.1564891804913092,-3.3965636400280115,6.823768775681492e-4,-0.8382386182477157,-0.22481230278140757,0.04850074109997538,68.6185134805155,0.00116099232491906,-6.235256126147494,4.5103950873143324e-10,1.43571689544983e-9,down,5.84798350206406e-10,1.0050848088567234e-9,0.01661712662062594,5.960485204293355e-10,3,down,"[-0.838, -0.225]",TRUE,FALSE,TRUE,TRUE,TRUE,FALSE,TRUE,TRUE
MGAT1,3,0.5234928118387554,0.1543185439422923,3.3922871384434297,6.931176324268528e-4,0.2210340235652008,0.82595160011231,0.05898718160123029,85.13251237199643,0.00117829997512564,8.99718123801024,2.3158705534829435e-19,3.3917185373385844e-17,up,3.8327146916050376e-21,3.1669522989597005e-20,0.01158997258432198,1.2477110618143616e-7,3,up,"[0.221, 0.826]",TRUE,FALSE,TRUE,TRUE,TRUE,FALSE,TRUE,TRUE
DCHS1,3,0.4892692671099998,0.14433726942059188,3.3897639124950647,6.995283927265424e-4,0.20637341741878523,0.7721651168012144,0.0405865074754062,67.6247617274155,0.00118822431327997,6.373162865911987,1.851690594950497e-10,6.149575051752975e-10,up,1.3158147812036417e-11,2.813401913625106e-11,0.01617353367479776,3.2859655926460678e-12,3,up,"[0.206, 0.772]",TRUE,FALSE,TRUE,TRUE,TRUE,FALSE,TRUE,TRUE
CALM2,3,-0.43626477418436854,0.12889305914548094,-3.3847033895902703,7.125520698388017e-4,-0.6888905279667021,-0.1836390204020349,0.03730615655740962,79.17709147170761,0.00120935596795881,-7.629868224093411,2.349937916465713e-14,1.2979940873921148e-13,down,4.259080016890375e-14,1.2971118876696972e-13,0.01307788372787552,3.920759885452293e-12,3,down,"[-0.689, -0.184]",TRUE,FALSE,TRUE,TRUE,TRUE,FALSE,TRUE,TRUE
CDK7,3,-0.44043397723678257,0.1303962628616747,-3.3776579755510183,7.310594765195953e-4,-0.6960059561642827,-0.1848619983092824,0.02651503478281528,48.90980504907739,0.00123975253826789,-5.803739440852882,6.4852030493489725e-9,1.7910590647119122e-8,down,4.3910416627671625e-8,6.039138201975528e-8,0.02569813883087,6.510871257840351e-7,3,down,"[-0.696, -0.185]",TRUE,FALSE,TRUE,TRUE,TRUE,FALSE,TRUE,TRUE
SLC15A3,4,0.5896133277561005,0.17499134163281777,3.369385720770569,7.533592341897238e-4,0.2466366005494332,0.932590054962768,0.08782599566429716,80.8985055949782,0.00127548330751794,8.084493986925883,6.242282659224358e-16,4.324863938887432e-15,up,9.94742007288791e-19,5.778977375677738e-18,0.00490784115363484,5.827688081460076e-6,4,up,"[0.247, 0.933]",TRUE,TRUE,TRUE,TRUE,TRUE,FALSE,TRUE,TRUE
MAZ,3,0.47636195066174303,0.14229246464661943,3.3477665303273696,8.146560982068237e-4,0.19747384468293008,0.755250056640556,0.04282874717575007,73.3972463337423,0.00137708673538848,6.61745598633326,3.654329676605826e-11,1.3203430526710642e-10,up,4.798734007860248e-11,9.433719746257965e-11,0.02525546384346665,3.9963273945161686e-11,3,up,"[0.197, 0.755]",TRUE,FALSE,TRUE,TRUE,TRUE,FALSE,TRUE,TRUE
CCDC120,3,0.4625678385528028,0.13817267249338214,3.3477519845681334,8.146988545427507e-4,0.19175437681812568,0.7333813002874799,0.04188539310536979,79.65002680647542,0.00137708673538848,7.694137507465944,1.42451792300743e-14,8.157750335704957e-14,up,1.6525335960504217e-15,6.01290294422557e-15,0.02768508305675971,6.7713872914039794e-15,3,up,"[0.192, 0.733]",TRUE,FALSE,TRUE,TRUE,TRUE,FALSE,TRUE,TRUE
PLCD3,4,0.6129291231108908,0.18356331617019664,3.3390610711270536,8.406208123569766e-4,0.25315163453456646,0.9727066116872152,0.10623288603187742,82.20988475557074,0.00141974557396447,7.921732814179746,2.3422319666279693e-15,1.4940187688814544e-14,up,1.5069074980894935e-16,6.365226376858676e-16,0.00689044696555218,9.972487481060413e-7,4,up,"[0.253, 0.973]",TRUE,TRUE,TRUE,TRUE,TRUE,FALSE,TRUE,TRUE
SALL2,3,0.521809107893451,0.15630951771233392,3.338306684905577,8.429065946735354e-4,0.21544808273645097,0.8281701330504512,0.05597798300983825,79.09574313143621,0.00142244774398121,7.796233205767138,6.3782465306561955e-15,3.8274654231832234e-14,up,2.339925437393964e-17,1.0881177930840991e-16,0.01048443554937224,1.5077805702691588e-5,3,up,"[0.215, 0.828]",TRUE,FALSE,TRUE,TRUE,TRUE,FALSE,TRUE,TRUE
ZNF385A,3,0.42571293619731265,0.12793827088875043,3.327487023546645,8.763307043178208e-4,0.17495853301103254,0.6764673393835927,0.02638011396048523,54.73346723387036,0.00147765030955704,5.266475120919471,1.3906808344628302e-7,3.2548972948376874e-7,up,1.5666253952742397e-6,1.8202695068900689e-6,0.03668389735584723,4.584434889315199e-6,3,up,"[0.175, 0.676]",TRUE,FALSE,TRUE,TRUE,TRUE,FALSE,TRUE,TRUE
LIG4,3,-0.6337241879981551,0.19084886950209395,-3.320555105468948,8.983862170493336e-4,-1.007781098712444,-0.2596672772838663,0.08954265730904426,84.2152095041659,0.0015136092722667,-8.193701447218254,2.5331293596260943e-16,1.841280073100206e-15,down,4.367278320026601e-25,6.2900939137049805e-24,0.01094046588693991,2.505783035058618e-5,3,down,"[-1.008, -0.260]",TRUE,FALSE,TRUE,TRUE,TRUE,FALSE,TRUE,TRUE
GNG7,3,0.4541515050109501,0.13682965442971212,3.319101454314077,9.030761267749968e-4,0.1859703103116529,0.7223326997102473,0.03624586054650317,65.61369949130507,0.00152027588224946,6.223469685292614,4.862788104659991e-10,1.5402647033004406e-9,up,5.842071988085127e-9,8.92228078298126e-9,0.0188124837018734,9.009416303158866e-7,3,up,"[0.186, 0.722]",TRUE,FALSE,TRUE,TRUE,TRUE,FALSE,TRUE,TRUE
ATR,4,-0.49351953179432256,0.14877586519328315,-3.31720155788147,9.092399676301396e-4,-0.7851148693419437,-0.20192419424670136,0.07415467173250177,89.2032695344816,0.00152941094311833,-8.880962127406413,6.628452048488193e-19,7.427883537972526e-17,down,2.1779179153432207e-43,2.3773693454851786e-41,0.00565560021841719,7.453868627557758e-9,4,down,"[-0.785, -0.202]",TRUE,TRUE,TRUE,TRUE,TRUE,FALSE,TRUE,TRUE
EIF1B,3,-0.4560790411050046,0.13755741501338614,-3.3155540256453793,9.146166029976572e-4,-0.7256866203376707,-0.18647146187233843,0.03926514566658795,74.35920637706597,0.0015372081317805,-6.968647625969075,3.2000208050040226e-12,1.302551121288374e-11,down,5.3206186998071426e-12,1.1942600847835516e-11,0.0114606828707608,8.658042294800726e-10,3,down,"[-0.726, -0.186]",TRUE,FALSE,TRUE,TRUE,TRUE,FALSE,TRUE,TRUE
VPS13A,3,-0.600294418859002,0.18261270341005648,-3.2872544332857396,0.00101169381685475,-0.9582087406622074,-0.24238009705579663,0.08002475326691491,84.75680045022133,0.00169761567650223,-8.297586165807322,1.062480351879866e-16,1.6219673066919e-15,down,1.424652128901869e-23,1.6415158418569311e-22,0.01399893379866862,7.726109806444039e-23,3,down,"[-0.958, -0.242]",TRUE,FALSE,TRUE,TRUE,TRUE,FALSE,TRUE,TRUE
KBTBD8,3,-0.39771606776677976,0.12170271059533004,-3.2679310577495126,0.0010833675203314,-0.6362489973545279,-0.15918313817903162,0.02260357436578443,49.85265758715474,0.00181641409633575,-4.972699157125617,6.602708351454815e-7,1.4103575730645435e-6,down,7.810272860487334e-6,8.597933074655378e-6,0.04021435542073258,2.820932510072819e-4,3,down,"[-0.636, -0.159]",TRUE,FALSE,TRUE,TRUE,TRUE,FALSE,TRUE,TRUE
ARL6IP6,3,0.577186682483353,0.17680051051809073,3.26462113028963,0.00109610584133877,0.23066404941960025,0.923709315547106,0.08140297402936081,87.38720557203892,0.00183628716876948,9.12961122769367,6.874572017469666e-20,1.3037008882360422e-17,up,1.1338073330911131e-20,8.458692118097009e-20,0.03084122329333133,1.1765197071813283e-5,3,up,"[0.231, 0.924]",TRUE,FALSE,TRUE,TRUE,TRUE,FALSE,TRUE,TRUE
DMPK,3,0.515659416675369,0.157998202426304,3.263704325470987,0.00109965860014547,0.20598863029774417,0.8253302030529938,0.06046844378807727,84.23241672916713,0.00184075216844368,8.258525026470398,1.4748354617537922e-16,1.6219673066919e-15,up,2.1065330425348573e-17,9.929430750493851e-17,0.03468213513484155,4.545353207844111e-17,3,up,"[0.206, 0.825]",TRUE,FALSE,TRUE,TRUE,TRUE,FALSE,TRUE,TRUE
NATD1,3,0.4248480714786523,0.1302994958862227,3.260550385011688,0.00111196209174624,0.16946575233793088,0.6802303906193736,0.03977164614980341,79.33739948791185,0.00185984627280783,7.243436273546006,4.37456839782926e-13,1.9698208749068613e-12,up,5.773935201093407e-13,1.512012829175218e-12,0.02367625583910415,1.181971732312074e-5,3,up,"[0.169, 0.680]",TRUE,FALSE,TRUE,TRUE,TRUE,FALSE,TRUE,TRUE
RRAS,3,0.7065885071327312,0.2174583581989076,3.2493048921413257,0.00115687408770699,0.28037795692566203,1.1327990573398004,0.10760321451495192,82.3640564043759,0.00193340600959251,8.105786062637797,5.240558706828774e-16,3.659978488735185e-15,up,4.923214522876837e-18,2.5087830271367462e-17,0.01634246457936541,1.4953353656044714e-17,3,up,"[0.280, 1.133]",TRUE,FALSE,TRUE,TRUE,TRUE,FALSE,TRUE,TRUE
COPS8,3,-0.522401480189005,0.1611330658415005,-3.242050149426613,0.00118673137597079,-0.8382164859568672,-0.2065864744211429,0.06261421993346687,84.31018110457767,0.00198115734968998,-8.667513515858559,4.4165922913640814e-18,3.4935953568907755e-16,down,3.660798092134345e-19,2.280028601527516e-18,0.01185824913168697,1.0227078592376753e-8,3,down,"[-0.838, -0.207]",TRUE,FALSE,TRUE,TRUE,TRUE,FALSE,TRUE,TRUE
HSPB2,3,0.6615876897464451,0.2040740629292454,3.241899927164308,0.0011873570808412,0.2616098762263636,1.0615655032665263,0.10729590318935356,87.20886082396171,0.00198115734968998,8.817752960768257,1.1677955065580959e-18,1.1307114783338383e-16,up,1.1389577911056661e-23,1.342158215200654e-22,0.01527260254544533,5.602785552873429e-7,3,up,"[0.262, 1.062]",TRUE,FALSE,TRUE,TRUE,TRUE,FALSE,TRUE,TRUE
CIITA,3,0.5319497279049964,0.1653491805289974,3.217129508614093,0.00129480136953545,0.20787128919494996,0.8560281666150429,0.060205512286503,74.61648769401037,0.00215869617396827,6.734791929388578,1.6416468583169835e-11,6.197866342068612e-11,up,1.1105197665732991e-10,2.0957397596660804e-10,0.03621542448568416,5.767684904258793e-7,3,up,"[0.208, 0.856]",TRUE,FALSE,TRUE,TRUE,TRUE,FALSE,TRUE,TRUE
RAB11A,3,-0.5661388433205522,0.1763268695006773,-3.2107349544839368,0.00132395986581074,-0.9117331570485738,-0.22054452959253065,0.08059849708226915,88.00671323820653,0.00220553635477227,-9.453656622389044,3.271962521116425e-21,1.3080775570906532e-18,down,8.105327156716376e-22,7.606537793226138e-21,0.02168814228780695,1.3604050451045147e-9,3,down,"[-0.912, -0.221]",TRUE,FALSE,TRUE,TRUE,TRUE,FALSE,TRUE,TRUE
GPR108,3,0.412942433644793,0.1289778370192459,3.2016542003505166,0.00136640919960981,0.16015051828319415,0.6657343490063918,0.04006294780895946,82.53285355731228,0.00227442430175822,8.012083543195754,1.127812089629418e-15,7.518069594321023e-15,up,1.1342265315338675e-17,5.5091002960216414e-17,0.01219999662567354,1.9042369957153784e-5,3,up,"[0.160, 0.666]",TRUE,FALSE,TRUE,TRUE,TRUE,FALSE,TRUE,TRUE
CFAP69,3,-0.683790545969282,0.21359793451274425,-3.201297557156312,0.00136810172312799,-1.1024348047864057,-0.2651462871521584,0.11079660925916354,85.0272267933659,0.00227541537591616,-8.358059694378294,6.375818445520146e-17,1.6219673066919e-15,down,8.607306165723963e-18,4.240273868815083e-17,0.02158465589079291,1.4746936082076643e-16,3,down,"[-1.102, -0.265]",TRUE,FALSE,TRUE,TRUE,TRUE,FALSE,TRUE,TRUE
ACACB,3,0.5485066534451033,0.17172004918960315,3.1941911036810535,0.00140223259297961,0.21194154161003464,0.885071765280172,0.06565339075051171,76.12095129214363,0.00233031281878183,6.546575775971169,5.887128458850009e-11,2.0768519953090707e-10,up,1.2783049121096168e-10,2.397110657970475e-10,0.03173264541339934,8.613444281605696e-11,3,up,"[0.212, 0.885]",TRUE,FALSE,TRUE,TRUE,TRUE,FALSE,TRUE,TRUE
AQP6,3,0.4160750336789361,0.13049808515080044,3.18836121770009,0.00143081674984313,0.16030348673192607,0.6718465806259462,0.0086185263882792,12.796598283601153,0.0023759118808444,3.8151098096123337,1.3612238835358255e-4,2.113934245171856e-4,up,0.00146129146989281,0.00146411522152545,0.02380834136441701,0.0019603827885672,3,up,"[0.160, 0.672]",TRUE,FALSE,TRUE,TRUE,TRUE,TRUE,TRUE,TRUE
NDUFAF5,3,-0.48367482832089337,0.15223824409230757,-3.1770914805587473,0.00148760104178082,-0.7820563038114338,-0.18529335283035295,0.0540453397390668,78.75065793238791,0.00246625464480689,-6.997373726946713,2.6080493220802297e-12,1.0743042487388126e-11,down,6.869315190710722e-12,1.5204866281252974e-11,0.03372039273751106,8.946459142331147e-7,3,down,"[-0.782, -0.185]",TRUE,FALSE,TRUE,TRUE,TRUE,FALSE,TRUE,TRUE
MRAS,3,0.527628620637681,0.16655599041319982,3.1678753752940105,0.00153557330439241,0.2011848780184109,0.8540723632569511,0.04539864058074056,53.03113950214403,0.0025396961988117,5.37435940032143,7.685542608201315e-8,1.8603054872980386e-7,up,1.1555672178517454e-6,1.3548029450675635e-6,0.03698231155337845,6.320917582769298e-5,3,up,"[0.201, 0.854]",TRUE,FALSE,TRUE,TRUE,TRUE,FALSE,TRUE,TRUE
NUDT21,3,-0.4757997783304093,0.1506141570107765,-3.159064113052571,0.00158276667158199,-0.7709981016333921,-0.18060145502742653,0.05718271486819516,86.71072673098284,0.00261150205000879,-8.627551478259354,6.26793277014647e-18,4.706358453604396e-16,down,2.6340279682978067e-21,2.2857631825312348e-20,0.02214764589060128,9.148659264297827e-10,3,down,"[-0.771, -0.181]",TRUE,FALSE,TRUE,TRUE,TRUE,FALSE,TRUE,TRUE
FAM181B,4,0.5734650304204912,0.18157735144335949,3.1582409692729527,0.00158724297175133,0.21757996118333467,0.9293500996576478,0.10314769210610789,83.34588544055502,0.00261680598045489,7.832743807211341,4.773363437428568e-15,2.906858458890217e-14,up,1.0237401083317627e-16,4.4326450619625797e-16,0.01249244727229519,8.905435618989873e-10,4,up,"[0.218, 0.929]",TRUE,TRUE,TRUE,TRUE,TRUE,FALSE,TRUE,TRUE
ABCA10,3,-0.5612760550507041,0.1778328596324529,-3.1561999070967888,0.00159839270286568,-0.9098220551980786,-0.21273005490332964,0.06955774985986886,80.03116679803134,0.00263309488939112,-7.647469622752639,2.0497264721053907e-14,1.144566023985766e-13,down,9.262590639479948e-18,4.552277958834457e-17,0.01746876131799732,4.807325910828686e-18,3,down,"[-0.910, -0.213]",TRUE,FALSE,TRUE,TRUE,TRUE,FALSE,TRUE,TRUE
RGMA,3,0.5371291161778189,0.17092179090920245,3.1425432258848383,0.00167486981184885,0.2021285618226965,0.8721296705329413,0.06565260317124555,76.97677254411218,0.00275470260886164,6.7466675297249195,1.512793752635628e-11,5.7318763291460584e-11,up,2.5857799439979794e-12,6.1011463069986455e-12,0.02916317467665402,1.6899685586422052e-12,3,up,"[0.202, 0.872]",TRUE,FALSE,TRUE,TRUE,TRUE,FALSE,TRUE,TRUE
CDC40,3,-0.4874593315142954,0.15531291619740586,-3.1385627380450747,0.00169778586431085,-0.7918670535950985,-0.1830516094334923,0.06072657297219732,84.99038781627789,0.00279018057256792,-8.314335728908366,9.226760921479028e-17,1.6219673066919e-15,down,1.7749018911171695e-18,9.86902552862469e-18,0.01664641839128894,5.198543403181722e-6,3,down,"[-0.792, -0.183]",TRUE,FALSE,TRUE,TRUE,TRUE,FALSE,TRUE,TRUE
PSTPIP1,3,0.6597500267745313,0.21056196959386284,3.1332819884192458,0.00172863280934246,0.24705614985674224,1.0724439036923203,0.10863478470647102,83.22825996135052,0.00283862584843727,7.782784506458667,7.0945421902502455e-15,4.22984554930196e-14,up,7.8284147987252e-16,2.990079611888778e-15,0.0252048658827661,2.0421510097050797e-5,3,up,"[0.247, 1.072]",TRUE,FALSE,TRUE,TRUE,TRUE,FALSE,TRUE,TRUE
HSF1,3,0.43838323731493295,0.14030124122742624,3.124585595107603,0.00178055709780423,0.16339785752291136,0.7133686171069545,0.04757707898630601,84.003775983205,0.00292157865573258,7.902666063522302,2.730002601766205e-15,1.7249977994585947e-14,up,2.674344722410031e-22,2.6666302664800022e-21,0.01362377924167767,3.872966024130523e-5,3,up,"[0.163, 0.713]",TRUE,FALSE,TRUE,TRUE,TRUE,FALSE,TRUE,TRUE
ADRA2C,4,0.6818866063236512,0.21825991625684307,3.124195308135385,0.0017829206913519,0.25410503119151057,1.1096681814557918,0.15060807246613298,83.12533307089724,0.00292314427973426,7.635128641746791,2.2559505640486593e-14,1.2498135109890552e-13,up,1.0171701391651936e-15,3.807961856730345e-15,0.01465092221733093,9.747186958331616e-8,4,up,"[0.254, 1.110]",TRUE,TRUE,TRUE,TRUE,TRUE,FALSE,TRUE,TRUE
CDK11A,3,0.4278720366481217,0.13769103556000334,3.1074792553336748,0.00188690227814078,0.15800256595649131,0.697741507339752,0.03054119940161572,52.3878771611824,0.00308874137716178,5.10818488025945,3.2526831027660873e-7,7.256966584632876e-7,up,4.056044205656466e-6,4.534897942065504e-6,0.02709652134456902,6.348408784962561e-5,3,up,"[0.158, 0.698]",TRUE,FALSE,TRUE,TRUE,TRUE,FALSE,TRUE,TRUE
PIEZO1,3,0.6047535005234623,0.19566769821939609,3.090717098564584,0.00199673776501234,0.22125185907559403,0.9882551419713306,0.09740963312197395,85.67447117316735,0.00325824872119244,8.001927634374931,1.2248636797092557e-15,8.113830519596645e-15,up,3.5178265795058545e-25,5.1744484580816616e-24,0.00985910851507227,6.057753449696501e-5,3,up,"[0.221, 0.988]",TRUE,FALSE,TRUE,TRUE,TRUE,FALSE,TRUE,TRUE
UTP15,3,-0.6125189545294695,0.19847052843845783,-3.08619601786066,0.00202735124092937,-1.0015140422614794,-0.22352386679745961,0.09802365861435444,86.18765245593967,0.00330560257365371,-7.815250333137004,5.485390223432176e-15,3.316214482949716e-14,down,7.057853023278089e-39,4.574370990712111e-37,0.02303509721958365,8.720458500037661e-11,3,down,"[-1.002, -0.224]",TRUE,FALSE,TRUE,TRUE,TRUE,FALSE,TRUE,TRUE
TSPAN4,3,0.7595656427128639,0.2462777011834635,3.0841835824471526,0.0020411160180872,0.276870218197958,1.2422610672277696,0.14066489486289294,80.64043661332697,0.0033254317529559,7.288153099551519,3.1423277600900106e-13,1.451633736016597e-12,up,1.9249663800728308e-27,3.952851754723813e-26,0.01594204905033524,2.1138479846165917e-6,3,up,"[0.277, 1.242]",TRUE,FALSE,TRUE,TRUE,TRUE,FALSE,TRUE,TRUE
PRKACB,3,-0.5466329775059365,0.17739347596939942,-3.081471708690298,0.00205980049757191,-0.8943178014983308,-0.19894815351354217,0.07603767768998612,85.18653440744838,0.00335323880059981,-8.174997889612689,2.958710537479935e-16,2.134890061970888e-15,down,6.706043425911983e-20,4.560109529620149e-19,0.02026340458249985,4.486634410000852e-19,3,down,"[-0.894, -0.199]",TRUE,FALSE,TRUE,TRUE,TRUE,FALSE,TRUE,TRUE
VEGFB,3,0.5664332747259009,0.18434342081669197,3.0727067568587256,0.00212126826824798,0.20512680913827336,0.9277397403135283,0.08909666782891713,87.5806434652961,0.00345059638301672,8.518127797877234,1.621532165742269e-17,1.0206682466238148e-15,up,3.664885597248827e-18,1.9291808956076315e-17,0.02682764803538665,4.322204874191613e-7,3,up,"[0.205, 0.928]",TRUE,FALSE,TRUE,TRUE,TRUE,FALSE,TRUE,TRUE
USP14,3,-0.4595587484394812,0.14958214168413325,-3.072283517707036,0.00212427854770028,-0.7527343588707498,-0.16638313800821253,0.0583648911188851,88.33298735677529,0.003452785037563,-9.041494078912956,1.5454483505627752e-19,2.5253647909125067e-17,down,3.2861472573762595e-21,2.759299357003385e-20,0.02561061591241084,1.294015930180522e-7,3,down,"[-0.753, -0.166]",TRUE,FALSE,TRUE,TRUE,TRUE,FALSE,TRUE,TRUE
AKT1S1,3,0.4699978622918049,0.1530604211336324,3.0706688169991643,0.00213579908780842,0.17000494941135208,0.7699907751722577,0.05626822343542913,85.83814672139063,0.00346879194057531,8.355028290187501,6.541703279646711e-17,1.6219673066919e-15,up,5.052607015032689e-19,3.02864362693e-18,0.02287350435647842,3.673882917236684e-18,3,up,"[0.170, 0.770]",TRUE,FALSE,TRUE,TRUE,TRUE,FALSE,TRUE,TRUE
SH3BP2,3,0.4555878881175901,0.1488928108391682,3.0598380509433016,0.00221456705826317,0.1637633413158855,0.7474124349192948,0.03356145740904785,49.021589046716855,0.00359390616497483,4.647974666933261,3.3521006921403e-6,6.513105666378473e-6,up,4.705481763723939e-5,4.958927427826956e-5,0.03497344189852616,9.100255436808955e-5,3,up,"[0.164, 0.747]",TRUE,FALSE,TRUE,TRUE,TRUE,FALSE,TRUE,TRUE
RCN2,3,-0.4505576100476416,0.14763092888408832,-3.0519188184570365,0.00227383588641015,-0.7399089136646486,-0.16120630643063455,0.05674214922546449,88.98203210359009,0.00368720533886994,-8.910407886629557,5.084515766074755e-19,6.126087099393926e-17,down,7.439199021986179e-24,8.918438596300194e-23,0.02252858024519474,3.149519923011943e-7,3,down,"[-0.740, -0.161]",TRUE,FALSE,TRUE,TRUE,TRUE,FALSE,TRUE,TRUE
NFIC,3,0.43221325873464794,0.14210769130317327,3.0414487405369353,0.0023544265008828,0.15368730185429252,0.7107392156150034,0.05089805262017081,85.48084416346437,0.00381192862047692,8.232210769275614,1.8378950542770302e-16,1.6219673066919e-15,up,3.698073302180854e-18,1.9417225389172378e-17,0.01634338759932602,3.080213519100537e-6,3,up,"[0.154, 0.711]",TRUE,FALSE,TRUE,TRUE,TRUE,FALSE,TRUE,TRUE
C9ORF72,3,-0.5247732837846648,0.1725795861295956,-3.0407610514872574,0.00235981025589678,-0.8630230570655004,-0.1865235105038292,0.0691401527307247,83.14999336056378,0.0038176649537675,-7.620933863280396,2.518469652854696e-14,1.383848555164438e-13,down,2.233003877273305e-15,8.012543324333623e-15,0.02243816341654433,2.0029117460199874e-14,3,down,"[-0.863, -0.187]",TRUE,FALSE,TRUE,TRUE,TRUE,FALSE,TRUE,TRUE
NINJ1,4,0.5164140118448818,0.16993264675228897,3.0389334934426055,0.00237417260342441,0.18335214441282804,0.8494758792769355,0.0978634283952816,87.92071538216707,0.00383247849948056,8.420738429299718,3.741187056565758e-17,1.6219673066919e-15,up,5.208353947881235e-22,5.047722470983965e-21,0.01699897266620699,8.545109282372822e-7,4,up,"[0.183, 0.849]",TRUE,TRUE,TRUE,TRUE,TRUE,FALSE,TRUE,TRUE
CCDC88B,3,0.6470614322005425,0.2129268586795358,3.038890613487132,0.00237451054572445,0.22973245784740248,1.0643904065536824,0.10841328024275763,85.57912292771783,0.00383247849948056,8.051309685503131,8.19127124994273e-16,5.5939651121492544e-15,up,1.583350071968784e-16,6.634076867198501e-16,0.03281214896732358,2.5507973210808503e-15,3,up,"[0.230, 1.064]",TRUE,FALSE,TRUE,TRUE,TRUE,FALSE,TRUE,TRUE
TPD52,3,-0.4966601845251949,0.16345972649618937,-3.038425397932947,0.00237817979960588,-0.8170353613804936,-0.1762850076698962,0.06614352376348613,83.50527403412691,0.00383541594430995,-7.611191337514242,2.7158082497361723e-14,1.4845615532186794e-13,down,2.737132698399458e-15,9.654444245715095e-15,0.02201521219034204,1.9681418279574324e-5,3,down,"[-0.817, -0.176]",TRUE,FALSE,TRUE,TRUE,TRUE,FALSE,TRUE,TRUE
GIT1,3,0.5002284755751563,0.1647536632379527,3.036220656609494,0.00239563975847457,0.1773172293077283,0.8231397218425842,0.0701609957960492,86.63238358491347,0.00386057254007479,8.412805543853889,4.0031832177259054e-17,1.6219673066919e-15,up,2.8293919190389755e-19,1.788051292443637e-18,0.02306074517190721,6.891786638490823e-6,3,up,"[0.177, 0.823]",TRUE,FALSE,TRUE,TRUE,TRUE,FALSE,TRUE,TRUE
PANK1,3,-0.4285315359833417,0.14165146781011043,-3.025253056733628,0.00248425177403568,-0.7061633112483929,-0.15089976071829048,0.04802586702219677,81.25103056614765,0.00399715917715284,-7.119784490315825,1.0809594840881693e-12,4.65489161241112e-12,down,1.9174925159249566e-13,5.338093259098469e-13,0.02769214061467324,1.1054793358255028e-4,3,down,"[-0.706, -0.151]",TRUE,FALSE,TRUE,TRUE,TRUE,FALSE,TRUE,TRUE
GOLT1B,3,-0.6617395065197316,0.2197808980512116,-3.010905462610032,0.00260469934205645,-1.0925021511899755,-0.2309768618494875,0.12298081029585922,86.23618567426028,0.00418771041505821,-8.312421452982043,9.37687165940582e-17,1.6219673066919e-15,down,6.7954668328293e-16,2.6343548058482178e-15,0.0486274994974314,6.38723197014149e-5,3,down,"[-1.093, -0.231]",TRUE,FALSE,TRUE,TRUE,TRUE,FALSE,TRUE,TRUE
CERS1,4,0.7605793937593974,0.2528833768490292,3.007629062994764,0.00263294297193818,0.2649370828464302,1.2562217046723647,0.22932679820292204,91.82740426283353,0.00422984021982943,9.501695804979246,2.0649964584854467e-21,9.545446129348974e-19,up,7.2682878447356815e-28,1.554064844328021e-26,0.0337167436156349,5.0846500348062055e-6,4,up,"[0.265, 1.256]",TRUE,TRUE,TRUE,TRUE,TRUE,FALSE,TRUE,TRUE
SYT1,3,-0.6749716030052691,0.2252961020039819,-2.9959311190982776,0.00273608230620884,-1.116543848790336,-0.2333993572202024,0.08935372109667929,58.638426789134144,0.0043887352692012,-4.851375398054066,1.226082276564271e-6,2.5256523726612725e-6,down,1.4597264192804013e-5,1.5809256363381472e-5,0.04576489807525958,1.612412597477392e-5,3,down,"[-1.117, -0.233]",TRUE,FALSE,TRUE,TRUE,TRUE,FALSE,TRUE,TRUE
AMY2B,3,-0.45811321024271634,0.15309904723627393,-2.9922668920056807,0.00276914056354506,-0.7581818288932097,-0.15804459159222295,0.05723262805572952,87.31196050359128,0.0044383288475985,-8.010741388772372,1.1401898461903285e-15,7.593736247117217e-15,down,4.478231831958477e-28,9.77668717840198e-27,0.01501330388801183,1.3127832817515068e-7,3,down,"[-0.758, -0.158]",TRUE,FALSE,TRUE,TRUE,TRUE,FALSE,TRUE,TRUE
ORAI1,3,0.5709714179840435,0.1908529887724564,2.991681826187074,0.00277445261356942,0.1969064336482017,0.9450364023198852,0.06436487821642257,61.24360455138039,0.0044434090506123396,5.053266190746998,4.343179128172998e-7,9.526142595482648e-7,up,2.842311638083503e-6,3.221286523161304e-6,0.03745581252292917,3.3324038925728003e-6,3,up,"[0.197, 0.945]",TRUE,FALSE,TRUE,TRUE,TRUE,FALSE,TRUE,TRUE
ITPK1,3,0.434912036566809,0.1454063293230707,2.991011729623548,0.00278054812610094,0.14992086796942006,0.7199032051641979,0.05416656546450197,87.79538047792833,0.00444973519562759,8.588579568592642,8.805108324634128e-18,6.172756508909387e-16,up,1.0716647622161754e-20,8.053017089986767e-20,0.02645804385080495,2.8864351442339416e-6,3,up,"[0.150, 0.720]",TRUE,FALSE,TRUE,TRUE,TRUE,FALSE,TRUE,TRUE
FOXO6,3,0.6792303350847443,0.22711911211069047,2.990634864553845,0.00278398163903214,0.23408505514707623,1.1243756150224122,0.12704076446290682,82.2338246538393,0.00445179484915394,7.137770231444786,9.48570145791889e-13,4.112324031815247e-12,up,1.2784962575950025e-13,3.6373130840219956e-13,0.02116067908215251,1.1192594521222656e-4,3,up,"[0.234, 1.124]",TRUE,FALSE,TRUE,TRUE,TRUE,FALSE,TRUE,TRUE
SEC22A,3,-0.5097652193246376,0.17131043064817048,-2.9756811502714045,0.00292338636371246,-0.8455274935710984,-0.17400294507817682,0.07701872542166432,91.13466180302974,0.00467111195557754,-9.513186336467768,1.849101321554868e-21,8.823195725303099e-19,down,1.6815870141322104e-26,2.9556029383984777e-25,0.02632564123138854,9.322686915532272e-12,3,down,"[-0.846, -0.174]",TRUE,FALSE,TRUE,TRUE,TRUE,FALSE,TRUE,TRUE
PLXNB2,4,0.5233632305578736,0.17610953220837255,2.971805239585958,0.00296054421881979,0.1781948900952668,0.8685315710204804,0.10413875141103712,87.8344801732074,0.00472684273274231,7.961718093170031,1.696666847090776e-15,1.1026843586189262e-14,up,6.9887155726008285e-31,2.1315582496432527e-29,0.01926196229055835,1.5942133047796637e-5,4,up,"[0.178, 0.869]",TRUE,TRUE,TRUE,TRUE,TRUE,FALSE,TRUE,TRUE
BCAT1,4,-0.6036168203870372,0.20370893683953867,-2.9631337228101366,0.00304524243515728,-1.0028789999214776,-0.20435464085259689,0.14281568283439855,88.98884454419,0.00485833293116632,-8.312111950211047,9.40136688946279e-17,1.6219673066919e-15,down,1.2513481343418186e-27,2.648261255739726e-26,0.02024830730374432,1.5734064843294636e-5,4,down,"[-1.003, -0.204]",TRUE,TRUE,TRUE,TRUE,TRUE,FALSE,TRUE,TRUE
UCHL5,3,-0.5640040579849979,0.19078795118247793,-2.956182790838609,0.00311472437052435,-0.9379415709868406,-0.19006654498315512,0.09323246949757556,89.60816987289178,0.00496536383125866,-8.780447144552463,1.6282602030533271e-18,1.495976703327007e-16,down,5.132209210146046e-25,7.340828897822689e-24,0.02212042150309192,2.166611844772869e-7,3,down,"[-0.938, -0.190]",TRUE,FALSE,TRUE,TRUE,TRUE,FALSE,TRUE,TRUE
NAGLU,3,0.48949628136189016,0.1666457379431925,2.9373465376519468,0.00331033965388208,0.16287663681613296,0.8161159259076474,0.06399085389783575,79.05214431953773,0.00527315241332676,6.844510121719266,7.673801201527617e-12,2.991852065708922e-11,up,8.416515854078957e-14,2.4725005497676705e-13,0.03445707056966658,8.426200792493258e-8,3,up,"[0.163, 0.816]",TRUE,FALSE,TRUE,TRUE,TRUE,FALSE,TRUE,TRUE
LINC00472,3,0.6556697879524904,0.2240301355580826,2.926703527269437,0.00342575274163497,0.21657879080702247,1.0947607850979584,0.10239410359874926,71.574264682202,0.00545280981285567,5.728211088269809,1.0149522565694836e-8,2.7476525950175338e-8,up,6.563370576004452e-8,8.827775988737508e-8,0.03748661693699844,2.416521489566979e-7,3,up,"[0.217, 1.095]",TRUE,FALSE,TRUE,TRUE,TRUE,FALSE,TRUE,TRUE
IRAK1,3,0.5596116831249235,0.19205889034135432,2.913750475858223,0.00357115223361409,0.18318317514514135,0.9360401911047056,0.09305416020788151,87.82336721340015,0.0056798847641991,8.266899359291747,1.3748792986298679e-16,1.6219673066919e-15,up,8.799025776579085e-21,6.723229664412691e-20,0.03499609625961867,2.3543063905428835e-20,3,up,"[0.183, 0.936]",TRUE,FALSE,TRUE,TRUE,TRUE,FALSE,TRUE,TRUE
ZNF219,3,0.5594349272620109,0.1921609550805794,2.911283028476942,0.00359947803435051,0.18280637606925623,0.9360634784547656,0.0895557831582987,83.06433932494141,0.00572054976493713,7.017140091258503,2.264555294591256e-12,9.372496339561796e-12,up,2.563893577281384e-12,6.056395534489283e-12,0.04759194365566778,3.7333861346281896e-12,3,up,"[0.183, 0.936]",TRUE,FALSE,TRUE,TRUE,TRUE,FALSE,TRUE,TRUE
FASTKD2,3,-0.5535554515432937,0.1901791229312785,-2.9107056705867853,0.00360613542114346,-0.926299683100015,-0.18081121998657235,0.09207671683022269,88.4123266379045,0.00572674185562905,-8.079761163887124,6.489374218931011e-16,4.487649529987261e-15,down,1.5507733068730208e-27,3.2163038384546444e-26,0.04451632831235345,2.7931344369387583e-28,3,down,"[-0.926, -0.181]",TRUE,FALSE,TRUE,TRUE,TRUE,FALSE,TRUE,TRUE
ANO7,3,0.5678434826291944,0.19544012099758393,2.905460146722966,0.00366713545927698,0.18478788433977955,0.9508990809186092,0.08597083663303257,75.82972539271883,0.00581915756889094,5.929167984569156,3.044734804342162e-9,8.757090652504232e-9,up,7.0199095782324166e-9,1.0627220777557687e-8,0.04510428238295789,4.508422606760012e-4,3,up,"[0.185, 0.951]",TRUE,FALSE,TRUE,TRUE,TRUE,FALSE,TRUE,TRUE
VPS50,4,-0.50298127260598,0.1731928631284265,-2.9041685870913043,0.00368229820826003,-0.842433046717071,-0.16352949849488907,0.10437519005236312,90.9292975668796,0.00583875113450406,-8.474535408425186,2.3601954235309248e-17,1.3924134594640886e-15,down,1.048455619921036e-42,1.0354747408172518e-40,0.01096566422175125,1.3285818238398845e-7,4,down,"[-0.842, -0.164]",TRUE,TRUE,TRUE,TRUE,TRUE,FALSE,TRUE,TRUE
EYA2,3,0.613504486711604,0.21321537385157033,2.8773932931247934,0.00400975497455841,0.19561003301228297,1.031398940410925,0.10899842314556028,84.36010744091531,0.00634342625265762,7.694604629559498,1.419323618203988e-14,8.131152192282493e-14,up,2.957334299096639e-17,1.3599803406488756e-16,0.03847502289436019,1.0301566004199974e-17,3,up,"[0.196, 1.031]",TRUE,FALSE,TRUE,TRUE,TRUE,FALSE,TRUE,TRUE
TP53I3,3,0.47198341805114175,0.1655164234702914,2.8515805752403667,0.00435024592928033,0.14757718919949048,0.796389646902793,0.05456983184406244,71.674978671697815,0.00686636990664186,5.798857982936571,6.6768045048797756e-9,1.8408814955485858e-8,up,4.147866155552659e-8,5.723668933211056e-8,0.04980427306870547,5.889902698443656e-7,3,up,"[0.148, 0.796]",TRUE,FALSE,TRUE,TRUE,TRUE,FALSE,TRUE,TRUE
CSRP1,3,0.6978569007912014,0.24566398332702707,2.8406968385846643,0.00450150829147782,0.2163643411715801,1.1793494604108228,0.14904792379466783,87.37400897006846,0.00709432233778496,8.227547851887461,1.9108480366946715e-16,1.6219673066919e-15,up,3.823619981717931e-18,1.9925095080610522e-17,0.02922036920070208,5.700134287466093e-14,3,up,"[0.216, 1.179]",TRUE,FALSE,TRUE,TRUE,TRUE,FALSE,TRUE,TRUE
DGKE,3,-0.4379019701775462,0.15507652861516144,-2.8237798078666407,0.00474609785170213,-0.7418463811107576,-0.13395755924433467,0.05777647285673737,81.93603374167232,0.00747411309372075,-6.778882783068653,1.2110873332669759e-11,4.6338344111963554e-11,down,5.000590126620666e-12,1.1273069481099198e-11,0.03601192677078543,1.0251135736442232e-4,3,down,"[-0.742, -0.134]",TRUE,FALSE,TRUE,TRUE,TRUE,FALSE,TRUE,TRUE
CAPG,3,0.5763319949754775,0.20620664127296845,2.7949245059112875,0.005191183621754,0.17217440470748874,0.9804895852434664,0.0957309667610086,81.11192241537422,0.00816882764151578,6.565852692435607,5.1735942194403836e-11,1.8374022975741214e-10,up,1.5537456903424632e-11,3.2781979265211276e-11,0.04733775026324761,1.2573316777336647e-11,3,up,"[0.172, 0.980]",TRUE,FALSE,TRUE,TRUE,TRUE,FALSE,TRUE,TRUE
RAB6A,3,-0.5244726944173705,0.18784634565797287,-2.7920303297905016,0.00523784462382534,-0.8926447665344592,-0.1563006223002818,0.0947119304838405,90.5793059689216,0.00823600435922195,-8.785377458089712,1.5584035188980647e-18,1.4498053365748534e-16,down,1.334485231565967e-23,1.5462136146747573e-22,0.0293578461457661,3.8279210695979497e-7,3,down,"[-0.893, -0.156]",TRUE,FALSE,TRUE,TRUE,TRUE,FALSE,TRUE,TRUE
ATAD1,3,-0.5037008156624296,0.18046372051902215,-2.791147241194864,0.00525215736919386,-0.857403208395815,-0.1499984229290443,0.08691726868719994,91.37852600025924,0.00825225332099096,-9.018194375776424,1.9121482109718469e-19,2.857019831989451e-17,down,3.6117804763517877e-25,5.27523430137578e-24,0.03540820391907302,1.80741751427759e-6,3,down,"[-0.857, -0.150]",TRUE,FALSE,TRUE,TRUE,TRUE,FALSE,TRUE,TRUE
DPP8,3,-0.4613629951593172,0.1661750237185843,-2.7763678610368707,0.00549699745270323,-0.7870600567778316,-0.1356659335408027,0.07412759622881203,91.68835227718004,0.00863041083793073,-8.52189383208202,1.569652448770582e-17,1.0051211697928333e-15,down,1.419745761636969e-35,6.69216524917062e-34,0.01844887613999936,1.6267142112623784e-6,3,down,"[-0.787, -0.136]",TRUE,FALSE,TRUE,TRUE,TRUE,FALSE,TRUE,TRUE
SLC6A8,3,0.4539305352551981,0.1636070908121399,2.7745162694471417,0.00552838688053965,0.13326652964803,0.7745945408623662,0.06684624038042,85.2059873104029,0.00867312737537007,7.615057730769617,2.635736353127405e-14,1.4438541622811873e-13,up,7.406262673395716e-18,3.674782005890601e-17,0.02732506276439984,3.939043641279755e-4,3,up,"[0.133, 0.775]",TRUE,FALSE,TRUE,TRUE,TRUE,FALSE,TRUE,TRUE
UBALD2,3,0.5658938240162906,0.20471714733987656,2.7642717347794,0.00570500076080122,0.16465558821235288,0.9671320598202284,0.09982926872724636,85.24344719174478,0.00894344034610864,7.558336008089952,4.0825830528776804e-14,2.1809161617250507e-13,up,3.626271245089483e-18,1.9137115934645263e-17,0.0351945571049771,1.974404361010622e-18,3,up,"[0.165, 0.967]",TRUE,FALSE,TRUE,TRUE,TRUE,FALSE,TRUE,TRUE
SLC25A46,3,-0.5185432152554005,0.1907375633282943,-2.7186213675325845,0.00655546010417813,-0.8923819698777851,-0.14470446063301584,0.09491016975926878,89.4632088627614,0.01025341195781708,-8.39432282348678,4.6858703914235557e-17,1.6219673066919e-15,down,5.626344934257272e-21,4.505420615308718e-20,0.03224629925773131,4.257291438214251e-6,3,down,"[-0.892, -0.145]",TRUE,FALSE,TRUE,TRUE,TRUE,FALSE,TRUE,TRUE
C2ORF69,3,-0.43222011990739406,0.15920040255694487,-2.714943636859159,0.0066287050932837,-0.7442471752432843,-0.1201930645715038,0.06700107918592661,89.20372859846435,0.01035236021345662,-8.107881721084528,5.150984097498828e-16,3.6025227787329856e-15,down,5.598485061499714e-23,5.864271726035559e-22,0.0282144615205757,1.7835580048872884e-5,3,down,"[-0.744, -0.120]",TRUE,FALSE,TRUE,TRUE,TRUE,FALSE,TRUE,TRUE
ABCA5,3,-0.7324276478687181,0.27211651392304453,-2.691595733421203,0.00711110858501186,-1.2657662147564774,-0.19908908098095868,0.19853058105231847,92.76152700729855,0.01108905203407113,-8.725654044457668,2.646465833710896e-18,2.2498001501294004e-16,down,6.284402126170122e-34,2.413675927717932e-32,0.03164013779819106,7.134535522083681e-7,3,down,"[-1.266, -0.199]",TRUE,FALSE,TRUE,TRUE,TRUE,FALSE,TRUE,TRUE
NDUFAF4,3,-0.5956270236810369,0.2219597857580759,-2.683490712728647,0.00728579987858145,-1.030660209783092,-0.16059383757898177,0.12916587890382447,89.86495636370752,0.0113444061172507,-8.322005417538435,8.648735680554793e-17,1.6219673066919e-15,down,2.390259349155695e-21,2.0917290675733806e-20,0.03787377169879689,9.9633967734589e-6,3,down,"[-1.031, -0.161]",TRUE,FALSE,TRUE,TRUE,TRUE,FALSE,TRUE,TRUE
PPIP5K2,3,-0.5247172083425742,0.19562657252774823,-2.682238928804761,0.00731312078414687,-0.9081382449159734,-0.14129617176917492,0.0977975275266292,91.31540444820496,0.01137840398073564,-8.464661487040289,2.5689774340820428e-17,1.5019887037526317e-15,down,6.870741676216092e-27,1.2391233249106239e-25,0.03000767010205744,9.760438200788966e-8,3,down,"[-0.908, -0.141]",TRUE,FALSE,TRUE,TRUE,TRUE,FALSE,TRUE,TRUE
TMX3,3,-0.5812963263713237,0.21846342496321677,-2.660840488375562,0.00779458737589759,-1.009476771238497,-0.1531158815041503,0.13209497461640785,93.90722276823888,0.01211842145248247,-9.29070784761063,1.5326560951736752e-20,4.7231351999602086e-18,down,1.333615438181339e-35,6.432368415786272e-34,0.03542481726218145,1.2804535384918197e-8,3,down,"[-1.009, -0.153]",TRUE,FALSE,TRUE,TRUE,TRUE,FALSE,TRUE,TRUE
KIF7,3,0.5727424820692184,0.215515813944958,2.6575427184916225,0.00787126141155101,0.15033924863826564,0.9951457155001712,0.11981716149717794,89.13754057644677,0.01222846154873169,7.906691126099898,2.643203596564803e-15,1.6730110226951888e-14,up,7.005011487954821e-22,6.633969783569999e-21,0.04378627118361203,6.3663388483215174e-6,3,up,"[0.150, 0.995]",TRUE,FALSE,TRUE,TRUE,TRUE,FALSE,TRUE,TRUE
PHGDH,3,0.530759402696869,0.20129994202799975,2.6366594910546137,0.00837268301490113,0.1362187662319888,0.9253000391617492,0.10332579177602016,88.69013536800158,0.01299771300367137,7.610011694486317,2.740711228016807e-14,1.49762100054764e-13,up,1.646914695603773e-25,2.5490306557330038e-24,0.04278323498933416,1.519651152466991e-6,3,up,"[0.136, 0.925]",TRUE,FALSE,TRUE,TRUE,TRUE,FALSE,TRUE,TRUE
RAVER1,3,0.5140683441826278,0.19787524054079988,2.597941727209838,0.00937844080159467,0.1262399992904601,0.9018966890747956,0.10631593899090944,92.54183738590773,0.01450476228374896,8.444570829336586,3.0516449275915803e-17,1.6219673066919e-15,up,1.8546617066958336e-32,6.305849802765834e-31,0.03347052643973576,3.777855801068569e-6,3,up,"[0.126, 0.902]",TRUE,FALSE,TRUE,TRUE,TRUE,FALSE,TRUE,TRUE
PSMD12,3,-0.535529900823698,0.2068611796404597,-2.588837121370425,0.0096300632568798,-0.9409703627184692,-0.13008943892892685,0.11695034587042634,92.69470364625865,0.01487174325745994,-8.73812453386351,2.3701215292599427e-18,2.0622845682831224e-16,down,1.4936164687489642e-27,3.1290510668538904e-26,0.04511993005422488,8.78010162590104e-7,3,down,"[-0.941, -0.130]",TRUE,FALSE,TRUE,TRUE,TRUE,FALSE,TRUE,TRUE
SH2B2,3,0.526222001773184,0.2043279894169864,2.5753789447772912,0.0100130317010079,0.1257465014824094,0.9266975020639586,0.10746491883761689,86.96570117592708,0.01544016932928653,7.415008813690253,1.2161671868182716e-13,5.994516836859671e-13,up,4.758155907029909e-19,2.877089023667647e-18,0.04008117653691316,0.00111982917761724,3,up,"[0.126, 0.927]",TRUE,FALSE,TRUE,TRUE,TRUE,FALSE,TRUE,TRUE
MFSD8,3,-0.526662078849679,0.2070307690489443,-2.543883120702558,0.01096277603589885,-0.9324349298772394,-0.12088922782211849,0.1180512971767286,93.27504657768256,0.01687958240419764,-8.51087855015791,1.7262037130267302e-17,1.0813985925833073e-15,down,1.3727272346296979e-33,4.99480049933683e-32,0.04851291163251696,5.388539069623603e-6,3,down,"[-0.932, -0.121]",TRUE,FALSE,TRUE,TRUE,TRUE,FALSE,TRUE,TRUE
CNNM3,3,0.5067871924505294,0.21615073730007403,2.3446008039610597,0.01904746087917651,0.08313953211060587,0.9304348527904528,0.1291447953402992,94.04072685376308,0.02909015748410316,8.597321503332573,8.159815426512057e-18,5.775119128658677e-16,up,1.859787189658962e-31,5.75701288261595e-30,0.04261484105870285,3.988131483420022e-7,3,up,"[0.083, 0.930]",TRUE,FALSE,TRUE,TRUE,TRUE,FALSE,TRUE,TRUE
